
[1m[46m RUN [49m[22m [36mv3.2.4 [39m[90mC:/Thesis/dvconf/dvconf-daemons[39m

{"level":30,"time":1781942811735,"pid":13164,"hostname":"Quang","name":"canary/loss-classifier","relayMinerId":"relay-under-audit","promoted":1,"absorbed":0,"tampers":1,"cumulativeCrossed":false,"msg":"canary divergences classified (drop gate / tamper p=1)"}
{"level":30,"time":1781942811739,"pid":11504,"hostname":"Quang","name":"canary/cell","round":0,"scopes":2,"cells":2,"covered":2,"msg":"canary cell round assigned"}
{"level":30,"time":1781942811746,"pid":11504,"hostname":"Quang","name":"canary/cell","round":0,"scopes":2,"cells":2,"covered":2,"msg":"canary cell round assigned"}
{"level":30,"time":1781942811749,"pid":11504,"hostname":"Quang","name":"canary/cell","round":0,"scopes":1,"cells":1,"covered":1,"msg":"canary cell round assigned"}
{"level":30,"time":1781942811740,"pid":11504,"hostname":"Quang","name":"canary/cell","intervalMs":1000000,"msg":"canary cell loop started"}
{"level":30,"time":1781942811740,"pid":11504,"hostname":"Quang","name":"canary/cell","msg":"canary cell loop stopped"}
{"level":30,"time":1781942811746,"pid":11504,"hostname":"Quang","name":"canary/cell","intervalMs":1000000,"msg":"canary cell loop started"}
{"level":30,"time":1781942811746,"pid":11504,"hostname":"Quang","name":"canary/cell","msg":"canary cell loop stopped"}
{"level":30,"time":1781942811749,"pid":11504,"hostname":"Quang","name":"canary/cell","intervalMs":1000000,"msg":"canary cell loop started"}
{"level":30,"time":1781942811750,"pid":11504,"hostname":"Quang","name":"canary/cell","msg":"canary cell loop stopped"}
 [32m✓[39m apps/validator-daemon/src/canary/__tests__/relay-scoped-cell-loop.test.ts [2m([22m[2m3 tests[22m[2m)[22m[32m 51[2mms[22m[39m
 [32m✓[39m apps/validator-daemon/src/canary/__tests__/cell-salt.test.ts [2m([22m[2m5 tests[22m[2m)[22m[32m 62[2mms[22m[39m
 [32m✓[39m apps/validator-daemon/src/canary/__tests__/validator-pool.test.ts [2m([22m[2m13 tests[22m[2m)[22m[32m 49[2mms[22m[39m
 [32m✓[39m apps/validator-daemon/src/canary/__tests__/cell.test.ts [2m([22m[2m9 tests[22m[2m)[22m[32m 67[2mms[22m[39m
{"level":30,"time":1781942811741,"pid":13164,"hostname":"Quang","name":"canary/loss-classifier","relayMinerId":"relay-under-audit","promoted":1,"absorbed":1,"tampers":1,"cumulativeCrossed":false,"msg":"canary divergences classified (drop gate / tamper p=1)"}
{"level":30,"time":1781942811742,"pid":13164,"hostname":"Quang","name":"canary/loss-classifier","relayMinerId":"relay-under-audit","promoted":0,"absorbed":1,"tampers":0,"cumulativeCrossed":false,"msg":"canary divergences classified (drop gate / tamper p=1)"}
{"level":30,"time":1781942811742,"pid":13164,"hostname":"Quang","name":"canary/loss-classifier","relayMinerId":"relay-under-audit","promoted":0,"absorbed":1,"tampers":0,"cumulativeCrossed":false,"msg":"canary divergences classified (drop gate / tamper p=1)"}
{"level":30,"time":1781942811744,"pid":13164,"hostname":"Quang","name":"canary/loss-classifier","relayMinerId":"relay-under-audit","promoted":1,"absorbed":0,"tampers":0,"cumulativeCrossed":true,"msg":"canary divergences classified (drop gate / tamper p=1)"}
{"level":30,"time":1781942811746,"pid":13164,"hostname":"Quang","name":"canary/loss-classifier","relayMinerId":"relay-under-audit","promoted":0,"absorbed":1,"tampers":0,"cumulativeCrossed":true,"msg":"canary divergences classified (drop gate / tamper p=1)"}
{"level":30,"time":1781942811746,"pid":13164,"hostname":"Quang","name":"canary/loss-classifier","relayMinerId":"relay-under-audit","promoted":0,"absorbed":1,"tampers":0,"cumulativeCrossed":false,"msg":"canary divergences classified (drop gate / tamper p=1)"}
{"level":30,"time":1781942811748,"pid":13164,"hostname":"Quang","name":"canary/loss-classifier","relayMinerId":"relay-under-audit","promoted":1,"absorbed":0,"tampers":1,"cumulativeCrossed":true,"msg":"canary divergences classified (drop gate / tamper p=1)"}
{"level":30,"time":1781942811749,"pid":13164,"hostname":"Quang","name":"canary/loss-classifier","relayMinerId":"relay-X","promoted":1,"absorbed":0,"tampers":0,"cumulativeCrossed":true,"msg":"canary divergences classified (drop gate / tamper p=1)"}
{"level":30,"time":1781942811749,"pid":13164,"hostname":"Quang","name":"canary/loss-classifier","relayMinerId":"relay-Y","promoted":0,"absorbed":1,"tampers":0,"cumulativeCrossed":false,"msg":"canary divergences classified (drop gate / tamper p=1)"}
{"level":30,"time":1781942811750,"pid":13164,"hostname":"Quang","name":"canary/loss-classifier","relayMinerId":"relay-under-audit","promoted":0,"absorbed":1,"tampers":0,"cumulativeCrossed":false,"msg":"canary divergences classified (drop gate / tamper p=1)"}
{"level":30,"time":1781942811750,"pid":13164,"hostname":"Quang","name":"canary/loss-classifier","relayMinerId":"relay-under-audit","promoted":0,"absorbed":1,"tampers":0,"cumulativeCrossed":false,"msg":"canary divergences classified (drop gate / tamper p=1)"}
{"level":30,"time":1781942811751,"pid":13164,"hostname":"Quang","name":"canary/loss-classifier","relayMinerId":"relay-under-audit","promoted":0,"absorbed":1,"tampers":0,"cumulativeCrossed":false,"msg":"canary divergences classified (drop gate / tamper p=1)"}
{"level":30,"time":1781942811751,"pid":13164,"hostname":"Quang","name":"canary/loss-classifier","relayMinerId":"relay-under-audit","promoted":0,"absorbed":1,"tampers":0,"cumulativeCrossed":false,"msg":"canary divergences classified (drop gate / tamper p=1)"}
{"level":30,"time":1781942811751,"pid":13164,"hostname":"Quang","name":"canary/loss-classifier","relayMinerId":"relay-under-audit","promoted":1,"absorbed":0,"tampers":0,"cumulativeCrossed":true,"msg":"canary divergences classified (drop gate / tamper p=1)"}
{"level":30,"time":1781942811751,"pid":13164,"hostname":"Quang","name":"canary/loss-classifier","relayMinerId":"relay-under-audit","promoted":1,"absorbed":0,"tampers":0,"cumulativeCrossed":true,"msg":"canary divergences classified (drop gate / tamper p=1)"}
{"level":30,"time":1781942811751,"pid":13164,"hostname":"Quang","name":"canary/loss-classifier","relayMinerId":"relay-under-audit","promoted":1,"absorbed":0,"tampers":0,"cumulativeCrossed":true,"msg":"canary divergences classified (drop gate / tamper p=1)"}
{"level":30,"time":1781942811751,"pid":13164,"hostname":"Quang","name":"canary/loss-classifier","relayMinerId":"relay-under-audit","promoted":1,"absorbed":0,"tampers":0,"cumulativeCrossed":true,"msg":"canary divergences classified (drop gate / tamper p=1)"}
{"level":30,"time":1781942811751,"pid":13164,"hostname":"Quang","name":"canary/loss-classifier","relayMinerId":"relay-under-audit","promoted":1,"absorbed":0,"tampers":0,"cumulativeCrossed":true,"msg":"canary divergences classified (drop gate / tamper p=1)"}
{"level":30,"time":1781942811751,"pid":13164,"hostname":"Quang","name":"canary/loss-classifier","relayMinerId":"relay-under-audit","promoted":1,"absorbed":0,"tampers":0,"cumulativeCrossed":true,"msg":"canary divergences classified (drop gate / tamper p=1)"}
{"level":30,"time":1781942811751,"pid":13164,"hostname":"Quang","name":"canary/loss-classifier","relayMinerId":"relay-under-audit","promoted":1,"absorbed":0,"tampers":0,"cumulativeCrossed":true,"msg":"canary divergences classified (drop gate / tamper p=1)"}
{"level":30,"time":1781942811751,"pid":13164,"hostname":"Quang","name":"canary/loss-classifier","relayMinerId":"relay-under-audit","promoted":1,"absorbed":0,"tampers":0,"cumulativeCrossed":true,"msg":"canary divergences classified (drop gate / tamper p=1)"}
{"level":30,"time":1781942811751,"pid":13164,"hostname":"Quang","name":"canary/loss-classifier","relayMinerId":"relay-under-audit","promoted":1,"absorbed":0,"tampers":0,"cumulativeCrossed":true,"msg":"canary divergences classified (drop gate / tamper p=1)"}
{"level":30,"time":1781942811751,"pid":13164,"hostname":"Quang","name":"canary/loss-classifier","relayMinerId":"relay-under-audit","promoted":1,"absorbed":0,"tampers":0,"cumulativeCrossed":true,"msg":"canary divergences classified (drop gate / tamper p=1)"}
{"level":30,"time":1781942811751,"pid":13164,"hostname":"Quang","name":"canary/loss-classifier","relayMinerId":"relay-under-audit","promoted":1,"absorbed":0,"tampers":0,"cumulativeCrossed":true,"msg":"canary divergences classified (drop gate / tamper p=1)"}
{"level":30,"time":1781942811751,"pid":13164,"hostname":"Quang","name":"canary/loss-classifier","relayMinerId":"relay-under-audit","promoted":1,"absorbed":0,"tampers":0,"cumulativeCrossed":true,"msg":"canary divergences classified (drop gate / tamper p=1)"}
{"level":30,"time":1781942811751,"pid":13164,"hostname":"Quang","name":"canary/loss-classifier","relayMinerId":"relay-under-audit","promoted":1,"absorbed":0,"tampers":0,"cumulativeCrossed":true,"msg":"canary divergences classified (drop gate / tamper p=1)"}
{"level":30,"time":1781942811751,"pid":13164,"hostname":"Quang","name":"canary/loss-classifier","relayMinerId":"relay-under-audit","promoted":1,"absorbed":0,"tampers":0,"cumulativeCrossed":true,"msg":"canary divergences classified (drop gate / tamper p=1)"}
{"level":30,"time":1781942811751,"pid":13164,"hostname":"Quang","name":"canary/loss-classifier","relayMinerId":"relay-under-audit","promoted":1,"absorbed":0,"tampers":0,"cumulativeCrossed":true,"msg":"canary divergences classified (drop gate / tamper p=1)"}
{"level":30,"time":1781942811751,"pid":13164,"hostname":"Quang","name":"canary/loss-classifier","relayMinerId":"relay-under-audit","promoted":1,"absorbed":0,"tampers":0,"cumulativeCrossed":true,"msg":"canary divergences classified (drop gate / tamper p=1)"}
{"level":30,"time":1781942811751,"pid":13164,"hostname":"Quang","name":"canary/loss-classifier","relayMinerId":"relay-under-audit","promoted":1,"absorbed":0,"tampers":0,"cumulativeCrossed":true,"msg":"canary divergences classified (drop gate / tamper p=1)"}
{"level":30,"time":1781942811751,"pid":13164,"hostname":"Quang","name":"canary/loss-classifier","relayMinerId":"relay-under-audit","promoted":1,"absorbed":0,"tampers":0,"cumulativeCrossed":true,"msg":"canary divergences classified (drop gate / tamper p=1)"}
{"level":30,"time":1781942811751,"pid":13164,"hostname":"Quang","name":"canary/loss-classifier","relayMinerId":"relay-under-audit","promoted":1,"absorbed":0,"tampers":0,"cumulativeCrossed":true,"msg":"canary divergences classified (drop gate / tamper p=1)"}
{"level":30,"time":1781942811751,"pid":13164,"hostname":"Quang","name":"canary/loss-classifier","relayMinerId":"relay-under-audit","promoted":1,"absorbed":0,"tampers":0,"cumulativeCrossed":true,"msg":"canary divergences classified (drop gate / tamper p=1)"}
{"level":30,"time":1781942811751,"pid":13164,"hostname":"Quang","name":"canary/loss-classifier","relayMinerId":"relay-under-audit","promoted":1,"absorbed":0,"tampers":0,"cumulativeCrossed":true,"msg":"canary divergences classified (drop gate / tamper p=1)"}
{"level":30,"time":1781942811751,"pid":13164,"hostname":"Quang","name":"canary/loss-classifier","relayMinerId":"relay-under-audit","promoted":1,"absorbed":0,"tampers":0,"cumulativeCrossed":true,"msg":"canary divergences classified (drop gate / tamper p=1)"}
{"level":30,"time":1781942811751,"pid":13164,"hostname":"Quang","name":"canary/loss-classifier","relayMinerId":"relay-under-audit","promoted":1,"absorbed":0,"tampers":0,"cumulativeCrossed":true,"msg":"canary divergences classified (drop gate / tamper p=1)"}
{"level":30,"time":1781942811751,"pid":13164,"hostname":"Quang","name":"canary/loss-classifier","relayMinerId":"relay-under-audit","promoted":1,"absorbed":0,"tampers":0,"cumulativeCrossed":true,"msg":"canary divergences classified (drop gate / tamper p=1)"}
{"level":30,"time":1781942811752,"pid":13164,"hostname":"Quang","name":"canary/loss-classifier","relayMinerId":"relay-under-audit","promoted":1,"absorbed":0,"tampers":0,"cumulativeCrossed":true,"msg":"canary divergences classified (drop gate / tamper p=1)"}
{"level":30,"time":1781942811752,"pid":13164,"hostname":"Quang","name":"canary/loss-classifier","relayMinerId":"relay-under-audit","promoted":1,"absorbed":0,"tampers":0,"cumulativeCrossed":true,"msg":"canary divergences classified (drop gate / tamper p=1)"}
{"level":30,"time":1781942811752,"pid":13164,"hostname":"Quang","name":"canary/loss-classifier","relayMinerId":"relay-under-audit","promoted":1,"absorbed":0,"tampers":0,"cumulativeCrossed":true,"msg":"canary divergences classified (drop gate / tamper p=1)"}
{"level":30,"time":1781942811752,"pid":13164,"hostname":"Quang","name":"canary/loss-classifier","relayMinerId":"relay-under-audit","promoted":1,"absorbed":0,"tampers":0,"cumulativeCrossed":true,"msg":"canary divergences classified (drop gate / tamper p=1)"}
{"level":30,"time":1781942811752,"pid":13164,"hostname":"Quang","name":"canary/loss-classifier","relayMinerId":"relay-under-audit","promoted":1,"absorbed":0,"tampers":0,"cumulativeCrossed":true,"msg":"canary divergences classified (drop gate / tamper p=1)"}
{"level":30,"time":1781942811752,"pid":13164,"hostname":"Quang","name":"canary/loss-classifier","relayMinerId":"relay-under-audit","promoted":1,"absorbed":0,"tampers":0,"cumulativeCrossed":true,"msg":"canary divergences classified (drop gate / tamper p=1)"}
{"level":30,"time":1781942811752,"pid":13164,"hostname":"Quang","name":"canary/loss-classifier","relayMinerId":"relay-under-audit","promoted":1,"absorbed":0,"tampers":0,"cumulativeCrossed":true,"msg":"canary divergences classified (drop gate / tamper p=1)"}
{"level":30,"time":1781942811752,"pid":13164,"hostname":"Quang","name":"canary/loss-classifier","relayMinerId":"relay-under-audit","promoted":1,"absorbed":0,"tampers":0,"cumulativeCrossed":true,"msg":"canary divergences classified (drop gate / tamper p=1)"}
{"level":30,"time":1781942811752,"pid":13164,"hostname":"Quang","name":"canary/loss-classifier","relayMinerId":"relay-under-audit","promoted":1,"absorbed":0,"tampers":0,"cumulativeCrossed":true,"msg":"canary divergences classified (drop gate / tamper p=1)"}
{"level":30,"time":1781942811752,"pid":13164,"hostname":"Quang","name":"canary/loss-classifier","relayMinerId":"relay-under-audit","promoted":1,"absorbed":0,"tampers":0,"cumulativeCrossed":true,"msg":"canary divergences classified (drop gate / tamper p=1)"}
{"level":30,"time":1781942811752,"pid":13164,"hostname":"Quang","name":"canary/loss-classifier","relayMinerId":"relay-under-audit","promoted":1,"absorbed":0,"tampers":0,"cumulativeCrossed":true,"msg":"canary divergences classified (drop gate / tamper p=1)"}
{"level":30,"time":1781942811752,"pid":13164,"hostname":"Quang","name":"canary/loss-classifier","relayMinerId":"relay-under-audit","promoted":1,"absorbed":0,"tampers":0,"cumulativeCrossed":true,"msg":"canary divergences classified (drop gate / tamper p=1)"}
{"level":30,"time":1781942811752,"pid":13164,"hostname":"Quang","name":"canary/loss-classifier","relayMinerId":"relay-under-audit","promoted":0,"absorbed":1,"tampers":0,"cumulativeCrossed":false,"msg":"canary divergences classified (drop gate / tamper p=1)"}
{"level":30,"time":1781942811753,"pid":13164,"hostname":"Quang","name":"canary/loss-classifier","relayMinerId":"relay-under-audit","promoted":0,"absorbed":1,"tampers":0,"cumulativeCrossed":false,"msg":"canary divergences classified (drop gate / tamper p=1)"}
{"level":30,"time":1781942811753,"pid":13164,"hostname":"Quang","name":"canary/loss-classifier","relayMinerId":"relay-under-audit","promoted":0,"absorbed":1,"tampers":0,"cumulativeCrossed":false,"msg":"canary divergences classified (drop gate / tamper p=1)"}
{"level":30,"time":1781942811753,"pid":13164,"hostname":"Quang","name":"canary/loss-classifier","relayMinerId":"relay-under-audit","promoted":0,"absorbed":1,"tampers":0,"cumulativeCrossed":false,"msg":"canary divergences classified (drop gate / tamper p=1)"}
{"level":30,"time":1781942811753,"pid":13164,"hostname":"Quang","name":"canary/loss-classifier","relayMinerId":"relay-under-audit","promoted":0,"absorbed":1,"tampers":0,"cumulativeCrossed":false,"msg":"canary divergences classified (drop gate / tamper p=1)"}
{"level":30,"time":1781942811753,"pid":13164,"hostname":"Quang","name":"canary/loss-classifier","relayMinerId":"relay-under-audit","promoted":0,"absorbed":1,"tampers":0,"cumulativeCrossed":false,"msg":"canary divergences classified (drop gate / tamper p=1)"}
{"level":30,"time":1781942811753,"pid":13164,"hostname":"Quang","name":"canary/loss-classifier","relayMinerId":"relay-under-audit","promoted":0,"absorbed":1,"tampers":0,"cumulativeCrossed":false,"msg":"canary divergences classified (drop gate / tamper p=1)"}
{"level":30,"time":1781942811753,"pid":13164,"hostname":"Quang","name":"canary/loss-classifier","relayMinerId":"relay-under-audit","promoted":0,"absorbed":1,"tampers":0,"cumulativeCrossed":false,"msg":"canary divergences classified (drop gate / tamper p=1)"}
{"level":30,"time":1781942811753,"pid":13164,"hostname":"Quang","name":"canary/loss-classifier","relayMinerId":"relay-under-audit","promoted":0,"absorbed":1,"tampers":0,"cumulativeCrossed":false,"msg":"canary divergences classified (drop gate / tamper p=1)"}
{"level":30,"time":1781942811753,"pid":13164,"hostname":"Quang","name":"canary/loss-classifier","relayMinerId":"relay-under-audit","promoted":0,"absorbed":1,"tampers":0,"cumulativeCrossed":false,"msg":"canary divergences classified (drop gate / tamper p=1)"}
{"level":30,"time":1781942811753,"pid":13164,"hostname":"Quang","name":"canary/loss-classifier","relayMinerId":"relay-under-audit","promoted":0,"absorbed":1,"tampers":0,"cumulativeCrossed":false,"msg":"canary divergences classified (drop gate / tamper p=1)"}
{"level":30,"time":1781942811753,"pid":13164,"hostname":"Quang","name":"canary/loss-classifier","relayMinerId":"relay-under-audit","promoted":0,"absorbed":1,"tampers":0,"cumulativeCrossed":false,"msg":"canary divergences classified (drop gate / tamper p=1)"}
{"level":30,"time":1781942811753,"pid":13164,"hostname":"Quang","name":"canary/loss-classifier","relayMinerId":"relay-under-audit","promoted":0,"absorbed":1,"tampers":0,"cumulativeCrossed":false,"msg":"canary divergences classified (drop gate / tamper p=1)"}
{"level":30,"time":1781942811753,"pid":13164,"hostname":"Quang","name":"canary/loss-classifier","relayMinerId":"relay-under-audit","promoted":0,"absorbed":1,"tampers":0,"cumulativeCrossed":false,"msg":"canary divergences classified (drop gate / tamper p=1)"}
{"level":30,"time":1781942811753,"pid":13164,"hostname":"Quang","name":"canary/loss-classifier","relayMinerId":"relay-under-audit","promoted":0,"absorbed":1,"tampers":0,"cumulativeCrossed":false,"msg":"canary divergences classified (drop gate / tamper p=1)"}
{"level":30,"time":1781942811753,"pid":13164,"hostname":"Quang","name":"canary/loss-classifier","relayMinerId":"relay-under-audit","promoted":0,"absorbed":1,"tampers":0,"cumulativeCrossed":false,"msg":"canary divergences classified (drop gate / tamper p=1)"}
{"level":30,"time":1781942811753,"pid":13164,"hostname":"Quang","name":"canary/loss-classifier","relayMinerId":"relay-under-audit","promoted":0,"absorbed":1,"tampers":0,"cumulativeCrossed":false,"msg":"canary divergences classified (drop gate / tamper p=1)"}
{"level":30,"time":1781942811753,"pid":13164,"hostname":"Quang","name":"canary/loss-classifier","relayMinerId":"relay-under-audit","promoted":0,"absorbed":1,"tampers":0,"cumulativeCrossed":false,"msg":"canary divergences classified (drop gate / tamper p=1)"}
{"level":30,"time":1781942811753,"pid":13164,"hostname":"Quang","name":"canary/loss-classifier","relayMinerId":"relay-under-audit","promoted":0,"absorbed":1,"tampers":0,"cumulativeCrossed":false,"msg":"canary divergences classified (drop gate / tamper p=1)"}
{"level":30,"time":1781942811753,"pid":13164,"hostname":"Quang","name":"canary/loss-classifier","relayMinerId":"relay-under-audit","promoted":0,"absorbed":1,"tampers":0,"cumulativeCrossed":false,"msg":"canary divergences classified (drop gate / tamper p=1)"}
{"level":30,"time":1781942811753,"pid":13164,"hostname":"Quang","name":"canary/loss-classifier","relayMinerId":"relay-under-audit","promoted":0,"absorbed":1,"tampers":0,"cumulativeCrossed":false,"msg":"canary divergences classified (drop gate / tamper p=1)"}
{"level":30,"time":1781942811753,"pid":13164,"hostname":"Quang","name":"canary/loss-classifier","relayMinerId":"relay-under-audit","promoted":0,"absorbed":1,"tampers":0,"cumulativeCrossed":false,"msg":"canary divergences classified (drop gate / tamper p=1)"}
{"level":30,"time":1781942811753,"pid":13164,"hostname":"Quang","name":"canary/loss-classifier","relayMinerId":"relay-under-audit","promoted":0,"absorbed":1,"tampers":0,"cumulativeCrossed":false,"msg":"canary divergences classified (drop gate / tamper p=1)"}
{"level":30,"time":1781942811753,"pid":13164,"hostname":"Quang","name":"canary/loss-classifier","relayMinerId":"relay-under-audit","promoted":0,"absorbed":1,"tampers":0,"cumulativeCrossed":false,"msg":"canary divergences classified (drop gate / tamper p=1)"}
{"level":30,"time":1781942811753,"pid":13164,"hostname":"Quang","name":"canary/loss-classifier","relayMinerId":"relay-under-audit","promoted":0,"absorbed":1,"tampers":0,"cumulativeCrossed":false,"msg":"canary divergences classified (drop gate / tamper p=1)"}
{"level":30,"time":1781942811753,"pid":13164,"hostname":"Quang","name":"canary/loss-classifier","relayMinerId":"relay-under-audit","promoted":0,"absorbed":1,"tampers":0,"cumulativeCrossed":false,"msg":"canary divergences classified (drop gate / tamper p=1)"}
{"level":30,"time":1781942811753,"pid":13164,"hostname":"Quang","name":"canary/loss-classifier","relayMinerId":"relay-under-audit","promoted":0,"absorbed":1,"tampers":0,"cumulativeCrossed":false,"msg":"canary divergences classified (drop gate / tamper p=1)"}
{"level":30,"time":1781942811753,"pid":13164,"hostname":"Quang","name":"canary/loss-classifier","relayMinerId":"relay-under-audit","promoted":0,"absorbed":1,"tampers":0,"cumulativeCrossed":false,"msg":"canary divergences classified (drop gate / tamper p=1)"}
{"level":30,"time":1781942811753,"pid":13164,"hostname":"Quang","name":"canary/loss-classifier","relayMinerId":"relay-under-audit","promoted":0,"absorbed":1,"tampers":0,"cumulativeCrossed":false,"msg":"canary divergences classified (drop gate / tamper p=1)"}
{"level":30,"time":1781942811753,"pid":13164,"hostname":"Quang","name":"canary/loss-classifier","relayMinerId":"relay-under-audit","promoted":0,"absorbed":1,"tampers":0,"cumulativeCrossed":false,"msg":"canary divergences classified (drop gate / tamper p=1)"}
{"level":30,"time":1781942811753,"pid":13164,"hostname":"Quang","name":"canary/loss-classifier","relayMinerId":"relay-under-audit","promoted":0,"absorbed":1,"tampers":0,"cumulativeCrossed":false,"msg":"canary divergences classified (drop gate / tamper p=1)"}
{"level":30,"time":1781942811753,"pid":13164,"hostname":"Quang","name":"canary/loss-classifier","relayMinerId":"relay-under-audit","promoted":0,"absorbed":1,"tampers":0,"cumulativeCrossed":false,"msg":"canary divergences classified (drop gate / tamper p=1)"}
{"level":30,"time":1781942811753,"pid":13164,"hostname":"Quang","name":"canary/loss-classifier","relayMinerId":"relay-under-audit","promoted":0,"absorbed":1,"tampers":0,"cumulativeCrossed":false,"msg":"canary divergences classified (drop gate / tamper p=1)"}
{"level":30,"time":1781942811753,"pid":13164,"hostname":"Quang","name":"canary/loss-classifier","relayMinerId":"relay-under-audit","promoted":0,"absorbed":1,"tampers":0,"cumulativeCrossed":false,"msg":"canary divergences classified (drop gate / tamper p=1)"}
{"level":30,"time":1781942811753,"pid":13164,"hostname":"Quang","name":"canary/loss-classifier","relayMinerId":"relay-under-audit","promoted":0,"absorbed":1,"tampers":0,"cumulativeCrossed":false,"msg":"canary divergences classified (drop gate / tamper p=1)"}
{"level":30,"time":1781942811753,"pid":13164,"hostname":"Quang","name":"canary/loss-classifier","relayMinerId":"relay-under-audit","promoted":0,"absorbed":1,"tampers":0,"cumulativeCrossed":false,"msg":"canary divergences classified (drop gate / tamper p=1)"}
{"level":30,"time":1781942811753,"pid":13164,"hostname":"Quang","name":"canary/loss-classifier","relayMinerId":"relay-under-audit","promoted":0,"absorbed":1,"tampers":0,"cumulativeCrossed":false,"msg":"canary divergences classified (drop gate / tamper p=1)"}
{"level":30,"time":1781942811753,"pid":13164,"hostname":"Quang","name":"canary/loss-classifier","relayMinerId":"relay-under-audit","promoted":0,"absorbed":1,"tampers":0,"cumulativeCrossed":false,"msg":"canary divergences classified (drop gate / tamper p=1)"}
{"level":30,"time":1781942811753,"pid":13164,"hostname":"Quang","name":"canary/loss-classifier","relayMinerId":"relay-under-audit","promoted":0,"absorbed":1,"tampers":0,"cumulativeCrossed":false,"msg":"canary divergences classified (drop gate / tamper p=1)"}
{"level":30,"time":1781942811753,"pid":13164,"hostname":"Quang","name":"canary/loss-classifier","relayMinerId":"relay-under-audit","promoted":0,"absorbed":1,"tampers":0,"cumulativeCrossed":false,"msg":"canary divergences classified (drop gate / tamper p=1)"}
{"level":30,"time":1781942811754,"pid":13164,"hostname":"Quang","name":"canary/loss-classifier","relayMinerId":"relay-under-audit","promoted":0,"absorbed":1,"tampers":0,"cumulativeCrossed":false,"msg":"canary divergences classified (drop gate / tamper p=1)"}
{"level":30,"time":1781942811754,"pid":13164,"hostname":"Quang","name":"canary/loss-classifier","relayMinerId":"relay-under-audit","promoted":0,"absorbed":1,"tampers":0,"cumulativeCrossed":false,"msg":"canary divergences classified (drop gate / tamper p=1)"}
{"level":30,"time":1781942811754,"pid":13164,"hostname":"Quang","name":"canary/loss-classifier","relayMinerId":"relay-under-audit","promoted":0,"absorbed":1,"tampers":0,"cumulativeCrossed":false,"msg":"canary divergences classified (drop gate / tamper p=1)"}
{"level":30,"time":1781942811754,"pid":13164,"hostname":"Quang","name":"canary/loss-classifier","relayMinerId":"relay-under-audit","promoted":0,"absorbed":1,"tampers":0,"cumulativeCrossed":false,"msg":"canary divergences classified (drop gate / tamper p=1)"}
{"level":30,"time":1781942811754,"pid":13164,"hostname":"Quang","name":"canary/loss-classifier","relayMinerId":"relay-under-audit","promoted":0,"absorbed":1,"tampers":0,"cumulativeCrossed":false,"msg":"canary divergences classified (drop gate / tamper p=1)"}
{"level":30,"time":1781942811754,"pid":13164,"hostname":"Quang","name":"canary/loss-classifier","relayMinerId":"relay-under-audit","promoted":0,"absorbed":1,"tampers":0,"cumulativeCrossed":false,"msg":"canary divergences classified (drop gate / tamper p=1)"}
{"level":30,"time":1781942811754,"pid":13164,"hostname":"Quang","name":"canary/loss-classifier","relayMinerId":"relay-under-audit","promoted":0,"absorbed":1,"tampers":0,"cumulativeCrossed":false,"msg":"canary divergences classified (drop gate / tamper p=1)"}
{"level":30,"time":1781942811754,"pid":13164,"hostname":"Quang","name":"canary/loss-classifier","relayMinerId":"relay-under-audit","promoted":0,"absorbed":1,"tampers":0,"cumulativeCrossed":false,"msg":"canary divergences classified (drop gate / tamper p=1)"}
{"level":30,"time":1781942811754,"pid":13164,"hostname":"Quang","name":"canary/loss-classifier","relayMinerId":"relay-under-audit","promoted":0,"absorbed":1,"tampers":0,"cumulativeCrossed":false,"msg":"canary divergences classified (drop gate / tamper p=1)"}
{"level":30,"time":1781942811754,"pid":13164,"hostname":"Quang","name":"canary/loss-classifier","relayMinerId":"relay-under-audit","promoted":0,"absorbed":1,"tampers":0,"cumulativeCrossed":false,"msg":"canary divergences classified (drop gate / tamper p=1)"}
{"level":30,"time":1781942811754,"pid":13164,"hostname":"Quang","name":"canary/loss-classifier","relayMinerId":"relay-under-audit","promoted":0,"absorbed":1,"tampers":0,"cumulativeCrossed":false,"msg":"canary divergences classified (drop gate / tamper p=1)"}
{"level":30,"time":1781942811754,"pid":13164,"hostname":"Quang","name":"canary/loss-classifier","relayMinerId":"relay-under-audit","promoted":0,"absorbed":1,"tampers":0,"cumulativeCrossed":false,"msg":"canary divergences classified (drop gate / tamper p=1)"}
{"level":30,"time":1781942811754,"pid":13164,"hostname":"Quang","name":"canary/loss-classifier","relayMinerId":"relay-under-audit","promoted":0,"absorbed":1,"tampers":0,"cumulativeCrossed":false,"msg":"canary divergences classified (drop gate / tamper p=1)"}
{"level":30,"time":1781942811754,"pid":13164,"hostname":"Quang","name":"canary/loss-classifier","relayMinerId":"relay-under-audit","promoted":0,"absorbed":1,"tampers":0,"cumulativeCrossed":false,"msg":"canary divergences classified (drop gate / tamper p=1)"}
{"level":30,"time":1781942811754,"pid":13164,"hostname":"Quang","name":"canary/loss-classifier","relayMinerId":"relay-under-audit","promoted":0,"absorbed":1,"tampers":0,"cumulativeCrossed":false,"msg":"canary divergences classified (drop gate / tamper p=1)"}
{"level":30,"time":1781942811754,"pid":13164,"hostname":"Quang","name":"canary/loss-classifier","relayMinerId":"relay-under-audit","promoted":0,"absorbed":1,"tampers":0,"cumulativeCrossed":false,"msg":"canary divergences classified (drop gate / tamper p=1)"}
{"level":30,"time":1781942811754,"pid":13164,"hostname":"Quang","name":"canary/loss-classifier","relayMinerId":"relay-under-audit","promoted":0,"absorbed":1,"tampers":0,"cumulativeCrossed":false,"msg":"canary divergences classified (drop gate / tamper p=1)"}
{"level":30,"time":1781942811754,"pid":13164,"hostname":"Quang","name":"canary/loss-classifier","relayMinerId":"relay-under-audit","promoted":0,"absorbed":1,"tampers":0,"cumulativeCrossed":false,"msg":"canary divergences classified (drop gate / tamper p=1)"}
{"level":30,"time":1781942811754,"pid":13164,"hostname":"Quang","name":"canary/loss-classifier","relayMinerId":"relay-under-audit","promoted":0,"absorbed":1,"tampers":0,"cumulativeCrossed":false,"msg":"canary divergences classified (drop gate / tamper p=1)"}
{"level":30,"time":1781942811754,"pid":13164,"hostname":"Quang","name":"canary/loss-classifier","relayMinerId":"relay-under-audit","promoted":0,"absorbed":1,"tampers":0,"cumulativeCrossed":false,"msg":"canary divergences classified (drop gate / tamper p=1)"}
{"level":30,"time":1781942811754,"pid":13164,"hostname":"Quang","name":"canary/loss-classifier","relayMinerId":"relay-under-audit","promoted":0,"absorbed":1,"tampers":0,"cumulativeCrossed":false,"msg":"canary divergences classified (drop gate / tamper p=1)"}
{"level":30,"time":1781942811754,"pid":13164,"hostname":"Quang","name":"canary/loss-classifier","relayMinerId":"relay-under-audit","promoted":0,"absorbed":1,"tampers":0,"cumulativeCrossed":false,"msg":"canary divergences classified (drop gate / tamper p=1)"}
{"level":30,"time":1781942811754,"pid":13164,"hostname":"Quang","name":"canary/loss-classifier","relayMinerId":"relay-under-audit","promoted":0,"absorbed":1,"tampers":0,"cumulativeCrossed":false,"msg":"canary divergences classified (drop gate / tamper p=1)"}
{"level":30,"time":1781942811754,"pid":13164,"hostname":"Quang","name":"canary/loss-classifier","relayMinerId":"relay-under-audit","promoted":0,"absorbed":1,"tampers":0,"cumulativeCrossed":false,"msg":"canary divergences classified (drop gate / tamper p=1)"}
{"level":30,"time":1781942811754,"pid":13164,"hostname":"Quang","name":"canary/loss-classifier","relayMinerId":"relay-under-audit","promoted":0,"absorbed":1,"tampers":0,"cumulativeCrossed":false,"msg":"canary divergences classified (drop gate / tamper p=1)"}
{"level":30,"time":1781942811754,"pid":13164,"hostname":"Quang","name":"canary/loss-classifier","relayMinerId":"relay-under-audit","promoted":0,"absorbed":1,"tampers":0,"cumulativeCrossed":false,"msg":"canary divergences classified (drop gate / tamper p=1)"}
{"level":30,"time":1781942811754,"pid":13164,"hostname":"Quang","name":"canary/loss-classifier","relayMinerId":"relay-under-audit","promoted":0,"absorbed":1,"tampers":0,"cumulativeCrossed":false,"msg":"canary divergences classified (drop gate / tamper p=1)"}
{"level":30,"time":1781942811754,"pid":13164,"hostname":"Quang","name":"canary/loss-classifier","relayMinerId":"relay-under-audit","promoted":0,"absorbed":1,"tampers":0,"cumulativeCrossed":false,"msg":"canary divergences classified (drop gate / tamper p=1)"}
{"level":30,"time":1781942811754,"pid":13164,"hostname":"Quang","name":"canary/loss-classifier","relayMinerId":"relay-under-audit","promoted":0,"absorbed":1,"tampers":0,"cumulativeCrossed":false,"msg":"canary divergences classified (drop gate / tamper p=1)"}
{"level":30,"time":1781942811754,"pid":13164,"hostname":"Quang","name":"canary/loss-classifier","relayMinerId":"relay-under-audit","promoted":0,"absorbed":1,"tampers":0,"cumulativeCrossed":false,"msg":"canary divergences classified (drop gate / tamper p=1)"}
{"level":30,"time":1781942811754,"pid":13164,"hostname":"Quang","name":"canary/loss-classifier","relayMinerId":"relay-under-audit","promoted":0,"absorbed":1,"tampers":0,"cumulativeCrossed":false,"msg":"canary divergences classified (drop gate / tamper p=1)"}
{"level":30,"time":1781942811754,"pid":13164,"hostname":"Quang","name":"canary/loss-classifier","relayMinerId":"relay-under-audit","promoted":0,"absorbed":1,"tampers":0,"cumulativeCrossed":false,"msg":"canary divergences classified (drop gate / tamper p=1)"}
{"level":30,"time":1781942811754,"pid":13164,"hostname":"Quang","name":"canary/loss-classifier","relayMinerId":"relay-under-audit","promoted":0,"absorbed":1,"tampers":0,"cumulativeCrossed":false,"msg":"canary divergences classified (drop gate / tamper p=1)"}
{"level":30,"time":1781942811754,"pid":13164,"hostname":"Quang","name":"canary/loss-classifier","relayMinerId":"relay-under-audit","promoted":0,"absorbed":1,"tampers":0,"cumulativeCrossed":false,"msg":"canary divergences classified (drop gate / tamper p=1)"}
{"level":30,"time":1781942811754,"pid":13164,"hostname":"Quang","name":"canary/loss-classifier","relayMinerId":"relay-under-audit","promoted":0,"absorbed":1,"tampers":0,"cumulativeCrossed":false,"msg":"canary divergences classified (drop gate / tamper p=1)"}
{"level":30,"time":1781942811754,"pid":13164,"hostname":"Quang","name":"canary/loss-classifier","relayMinerId":"relay-under-audit","promoted":0,"absorbed":1,"tampers":0,"cumulativeCrossed":false,"msg":"canary divergences classified (drop gate / tamper p=1)"}
{"level":30,"time":1781942811754,"pid":13164,"hostname":"Quang","name":"canary/loss-classifier","relayMinerId":"relay-under-audit","promoted":0,"absorbed":1,"tampers":0,"cumulativeCrossed":false,"msg":"canary divergences classified (drop gate / tamper p=1)"}
{"level":40,"time":1781942811762,"pid":20048,"hostname":"Quang","name":"test/validator-discovery","target":"0x0000000000000000000000000000000000000000000000000000000000000099::validator_registry::get_active_validators","err":"MoveAbort(...)","msg":"validator discovery devInspect error — falling back to self-only"}
 [32m✓[39m apps/validator-daemon/src/canary/__tests__/loss-classifier.test.ts [2m([22m[2m13 tests[22m[2m)[22m[32m 40[2mms[22m[39m
{"level":30,"time":1781942811754,"pid":13164,"hostname":"Quang","name":"canary/loss-classifier","relayMinerId":"relay-under-audit","promoted":0,"absorbed":1,"tampers":0,"cumulativeCrossed":false,"msg":"canary divergences classified (drop gate / tamper p=1)"}
{"level":30,"time":1781942811754,"pid":13164,"hostname":"Quang","name":"canary/loss-classifier","relayMinerId":"relay-under-audit","promoted":0,"absorbed":1,"tampers":0,"cumulativeCrossed":false,"msg":"canary divergences classified (drop gate / tamper p=1)"}
{"level":30,"time":1781942811754,"pid":13164,"hostname":"Quang","name":"canary/loss-classifier","relayMinerId":"relay-under-audit","promoted":0,"absorbed":1,"tampers":0,"cumulativeCrossed":false,"msg":"canary divergences classified (drop gate / tamper p=1)"}
{"level":30,"time":1781942811754,"pid":13164,"hostname":"Quang","name":"canary/loss-classifier","relayMinerId":"relay-under-audit","promoted":0,"absorbed":1,"tampers":0,"cumulativeCrossed":false,"msg":"canary divergences classified (drop gate / tamper p=1)"}
{"level":30,"time":1781942811754,"pid":13164,"hostname":"Quang","name":"canary/loss-classifier","relayMinerId":"relay-under-audit","promoted":0,"absorbed":1,"tampers":0,"cumulativeCrossed":false,"msg":"canary divergences classified (drop gate / tamper p=1)"}
{"level":30,"time":1781942811754,"pid":13164,"hostname":"Quang","name":"canary/loss-classifier","relayMinerId":"relay-under-audit","promoted":0,"absorbed":1,"tampers":0,"cumulativeCrossed":false,"msg":"canary divergences classified (drop gate / tamper p=1)"}
{"level":30,"time":1781942811754,"pid":13164,"hostname":"Quang","name":"canary/loss-classifier","relayMinerId":"relay-under-audit","promoted":0,"absorbed":1,"tampers":0,"cumulativeCrossed":false,"msg":"canary divergences classified (drop gate / tamper p=1)"}
{"level":30,"time":1781942811754,"pid":13164,"hostname":"Quang","name":"canary/loss-classifier","relayMinerId":"relay-under-audit","promoted":0,"absorbed":1,"tampers":0,"cumulativeCrossed":false,"msg":"canary divergences classified (drop gate / tamper p=1)"}
{"level":30,"time":1781942811754,"pid":13164,"hostname":"Quang","name":"canary/loss-classifier","relayMinerId":"relay-under-audit","promoted":0,"absorbed":1,"tampers":0,"cumulativeCrossed":false,"msg":"canary divergences classified (drop gate / tamper p=1)"}
{"level":30,"time":1781942811755,"pid":13164,"hostname":"Quang","name":"canary/loss-classifier","relayMinerId":"relay-under-audit","promoted":0,"absorbed":1,"tampers":0,"cumulativeCrossed":false,"msg":"canary divergences classified (drop gate / tamper p=1)"}
{"level":30,"time":1781942811755,"pid":13164,"hostname":"Quang","name":"canary/loss-classifier","relayMinerId":"relay-under-audit","promoted":0,"absorbed":1,"tampers":0,"cumulativeCrossed":false,"msg":"canary divergences classified (drop gate / tamper p=1)"}
{"level":30,"time":1781942811755,"pid":13164,"hostname":"Quang","name":"canary/loss-classifier","relayMinerId":"relay-under-audit","promoted":0,"absorbed":1,"tampers":0,"cumulativeCrossed":false,"msg":"canary divergences classified (drop gate / tamper p=1)"}
{"level":30,"time":1781942811755,"pid":13164,"hostname":"Quang","name":"canary/loss-classifier","relayMinerId":"relay-under-audit","promoted":0,"absorbed":1,"tampers":0,"cumulativeCrossed":false,"msg":"canary divergences classified (drop gate / tamper p=1)"}
{"level":30,"time":1781942811755,"pid":13164,"hostname":"Quang","name":"canary/loss-classifier","relayMinerId":"relay-under-audit","promoted":0,"absorbed":1,"tampers":0,"cumulativeCrossed":false,"msg":"canary divergences classified (drop gate / tamper p=1)"}
{"level":30,"time":1781942811755,"pid":13164,"hostname":"Quang","name":"canary/loss-classifier","relayMinerId":"relay-under-audit","promoted":0,"absorbed":1,"tampers":0,"cumulativeCrossed":false,"msg":"canary divergences classified (drop gate / tamper p=1)"}
{"level":30,"time":1781942811755,"pid":13164,"hostname":"Quang","name":"canary/loss-classifier","relayMinerId":"relay-under-audit","promoted":0,"absorbed":1,"tampers":0,"cumulativeCrossed":false,"msg":"canary divergences classified (drop gate / tamper p=1)"}
{"level":30,"time":1781942811755,"pid":13164,"hostname":"Quang","name":"canary/loss-classifier","relayMinerId":"relay-under-audit","promoted":0,"absorbed":1,"tampers":0,"cumulativeCrossed":false,"msg":"canary divergences classified (drop gate / tamper p=1)"}
{"level":30,"time":1781942811755,"pid":13164,"hostname":"Quang","name":"canary/loss-classifier","relayMinerId":"relay-under-audit","promoted":0,"absorbed":1,"tampers":0,"cumulativeCrossed":false,"msg":"canary divergences classified (drop gate / tamper p=1)"}
{"level":30,"time":1781942811755,"pid":13164,"hostname":"Quang","name":"canary/loss-classifier","relayMinerId":"relay-under-audit","promoted":0,"absorbed":1,"tampers":0,"cumulativeCrossed":false,"msg":"canary divergences classified (drop gate / tamper p=1)"}
{"level":30,"time":1781942811755,"pid":13164,"hostname":"Quang","name":"canary/loss-classifier","relayMinerId":"relay-under-audit","promoted":0,"absorbed":1,"tampers":0,"cumulativeCrossed":false,"msg":"canary divergences classified (drop gate / tamper p=1)"}
{"level":30,"time":1781942811755,"pid":13164,"hostname":"Quang","name":"canary/loss-classifier","relayMinerId":"relay-under-audit","promoted":0,"absorbed":1,"tampers":0,"cumulativeCrossed":false,"msg":"canary divergences classified (drop gate / tamper p=1)"}
{"level":30,"time":1781942811755,"pid":13164,"hostname":"Quang","name":"canary/loss-classifier","relayMinerId":"relay-under-audit","promoted":0,"absorbed":1,"tampers":0,"cumulativeCrossed":false,"msg":"canary divergences classified (drop gate / tamper p=1)"}
{"level":30,"time":1781942811755,"pid":13164,"hostname":"Quang","name":"canary/loss-classifier","relayMinerId":"relay-under-audit","promoted":0,"absorbed":1,"tampers":0,"cumulativeCrossed":false,"msg":"canary divergences classified (drop gate / tamper p=1)"}
{"level":30,"time":1781942811755,"pid":13164,"hostname":"Quang","name":"canary/loss-classifier","relayMinerId":"relay-under-audit","promoted":0,"absorbed":1,"tampers":0,"cumulativeCrossed":false,"msg":"canary divergences classified (drop gate / tamper p=1)"}
{"level":30,"time":1781942811755,"pid":13164,"hostname":"Quang","name":"canary/loss-classifier","relayMinerId":"relay-under-audit","promoted":0,"absorbed":1,"tampers":0,"cumulativeCrossed":false,"msg":"canary divergences classified (drop gate / tamper p=1)"}
{"level":30,"time":1781942811755,"pid":13164,"hostname":"Quang","name":"canary/loss-classifier","relayMinerId":"relay-under-audit","promoted":0,"absorbed":1,"tampers":0,"cumulativeCrossed":false,"msg":"canary divergences classified (drop gate / tamper p=1)"}
{"level":30,"time":1781942811755,"pid":13164,"hostname":"Quang","name":"canary/loss-classifier","relayMinerId":"relay-under-audit","promoted":0,"absorbed":1,"tampers":0,"cumulativeCrossed":false,"msg":"canary divergences classified (drop gate / tamper p=1)"}
{"level":30,"time":1781942811755,"pid":13164,"hostname":"Quang","name":"canary/loss-classifier","relayMinerId":"relay-under-audit","promoted":0,"absorbed":1,"tampers":0,"cumulativeCrossed":false,"msg":"canary divergences classified (drop gate / tamper p=1)"}
{"level":30,"time":1781942811755,"pid":13164,"hostname":"Quang","name":"canary/loss-classifier","relayMinerId":"relay-under-audit","promoted":0,"absorbed":1,"tampers":0,"cumulativeCrossed":false,"msg":"canary divergences classified (drop gate / tamper p=1)"}
{"level":30,"time":1781942811755,"pid":13164,"hostname":"Quang","name":"canary/loss-classifier","relayMinerId":"relay-under-audit","promoted":0,"absorbed":1,"tampers":0,"cumulativeCrossed":false,"msg":"canary divergences classified (drop gate / tamper p=1)"}
{"level":30,"time":1781942811755,"pid":13164,"hostname":"Quang","name":"canary/loss-classifier","relayMinerId":"relay-under-audit","promoted":0,"absorbed":1,"tampers":0,"cumulativeCrossed":false,"msg":"canary divergences classified (drop gate / tamper p=1)"}
{"level":30,"time":1781942811755,"pid":13164,"hostname":"Quang","name":"canary/loss-classifier","relayMinerId":"relay-under-audit","promoted":0,"absorbed":1,"tampers":0,"cumulativeCrossed":false,"msg":"canary divergences classified (drop gate / tamper p=1)"}
{"level":30,"time":1781942811755,"pid":13164,"hostname":"Quang","name":"canary/loss-classifier","relayMinerId":"relay-under-audit","promoted":0,"absorbed":1,"tampers":0,"cumulativeCrossed":false,"msg":"canary divergences classified (drop gate / tamper p=1)"}
{"level":30,"time":1781942811755,"pid":13164,"hostname":"Quang","name":"canary/loss-classifier","relayMinerId":"relay-under-audit","promoted":0,"absorbed":1,"tampers":0,"cumulativeCrossed":false,"msg":"canary divergences classified (drop gate / tamper p=1)"}
{"level":30,"time":1781942811756,"pid":13164,"hostname":"Quang","name":"canary/loss-classifier","relayMinerId":"relay-under-audit","promoted":0,"absorbed":1,"tampers":0,"cumulativeCrossed":false,"msg":"canary divergences classified (drop gate / tamper p=1)"}
{"level":30,"time":1781942811756,"pid":13164,"hostname":"Quang","name":"canary/loss-classifier","relayMinerId":"relay-under-audit","promoted":0,"absorbed":1,"tampers":0,"cumulativeCrossed":false,"msg":"canary divergences classified (drop gate / tamper p=1)"}
{"level":30,"time":1781942811756,"pid":13164,"hostname":"Quang","name":"canary/loss-classifier","relayMinerId":"relay-under-audit","promoted":0,"absorbed":1,"tampers":0,"cumulativeCrossed":false,"msg":"canary divergences classified (drop gate / tamper p=1)"}
{"level":30,"time":1781942811756,"pid":13164,"hostname":"Quang","name":"canary/loss-classifier","relayMinerId":"relay-under-audit","promoted":0,"absorbed":1,"tampers":0,"cumulativeCrossed":false,"msg":"canary divergences classified (drop gate / tamper p=1)"}
{"level":30,"time":1781942811756,"pid":13164,"hostname":"Quang","name":"canary/loss-classifier","relayMinerId":"relay-under-audit","promoted":0,"absorbed":1,"tampers":0,"cumulativeCrossed":false,"msg":"canary divergences classified (drop gate / tamper p=1)"}
{"level":30,"time":1781942811756,"pid":13164,"hostname":"Quang","name":"canary/loss-classifier","relayMinerId":"relay-under-audit","promoted":0,"absorbed":1,"tampers":0,"cumulativeCrossed":false,"msg":"canary divergences classified (drop gate / tamper p=1)"}
{"level":30,"time":1781942811756,"pid":13164,"hostname":"Quang","name":"canary/loss-classifier","relayMinerId":"relay-under-audit","promoted":0,"absorbed":1,"tampers":0,"cumulativeCrossed":false,"msg":"canary divergences classified (drop gate / tamper p=1)"}
{"level":30,"time":1781942811756,"pid":13164,"hostname":"Quang","name":"canary/loss-classifier","relayMinerId":"relay-under-audit","promoted":0,"absorbed":1,"tampers":0,"cumulativeCrossed":false,"msg":"canary divergences classified (drop gate / tamper p=1)"}
{"level":30,"time":1781942811756,"pid":13164,"hostname":"Quang","name":"canary/loss-classifier","relayMinerId":"relay-under-audit","promoted":0,"absorbed":1,"tampers":0,"cumulativeCrossed":false,"msg":"canary divergences classified (drop gate / tamper p=1)"}
{"level":30,"time":1781942811756,"pid":13164,"hostname":"Quang","name":"canary/loss-classifier","relayMinerId":"relay-under-audit","promoted":0,"absorbed":1,"tampers":0,"cumulativeCrossed":false,"msg":"canary divergences classified (drop gate / tamper p=1)"}
{"level":30,"time":1781942811756,"pid":13164,"hostname":"Quang","name":"canary/loss-classifier","relayMinerId":"relay-under-audit","promoted":0,"absorbed":1,"tampers":0,"cumulativeCrossed":false,"msg":"canary divergences classified (drop gate / tamper p=1)"}
{"level":30,"time":1781942811756,"pid":13164,"hostname":"Quang","name":"canary/loss-classifier","relayMinerId":"relay-under-audit","promoted":0,"absorbed":1,"tampers":0,"cumulativeCrossed":false,"msg":"canary divergences classified (drop gate / tamper p=1)"}
{"level":30,"time":1781942811756,"pid":13164,"hostname":"Quang","name":"canary/loss-classifier","relayMinerId":"relay-under-audit","promoted":0,"absorbed":1,"tampers":0,"cumulativeCrossed":false,"msg":"canary divergences classified (drop gate / tamper p=1)"}
{"level":30,"time":1781942811756,"pid":13164,"hostname":"Quang","name":"canary/loss-classifier","relayMinerId":"relay-under-audit","promoted":0,"absorbed":1,"tampers":0,"cumulativeCrossed":false,"msg":"canary divergences classified (drop gate / tamper p=1)"}
{"level":30,"time":1781942811756,"pid":13164,"hostname":"Quang","name":"canary/loss-classifier","relayMinerId":"relay-under-audit","promoted":0,"absorbed":1,"tampers":0,"cumulativeCrossed":false,"msg":"canary divergences classified (drop gate / tamper p=1)"}
{"level":30,"time":1781942811756,"pid":13164,"hostname":"Quang","name":"canary/loss-classifier","relayMinerId":"relay-under-audit","promoted":0,"absorbed":1,"tampers":0,"cumulativeCrossed":false,"msg":"canary divergences classified (drop gate / tamper p=1)"}
{"level":30,"time":1781942811756,"pid":13164,"hostname":"Quang","name":"canary/loss-classifier","relayMinerId":"relay-under-audit","promoted":0,"absorbed":1,"tampers":0,"cumulativeCrossed":false,"msg":"canary divergences classified (drop gate / tamper p=1)"}
{"level":30,"time":1781942811756,"pid":13164,"hostname":"Quang","name":"canary/loss-classifier","relayMinerId":"relay-under-audit","promoted":0,"absorbed":1,"tampers":0,"cumulativeCrossed":false,"msg":"canary divergences classified (drop gate / tamper p=1)"}
{"level":30,"time":1781942811756,"pid":13164,"hostname":"Quang","name":"canary/loss-classifier","relayMinerId":"relay-under-audit","promoted":0,"absorbed":1,"tampers":0,"cumulativeCrossed":false,"msg":"canary divergences classified (drop gate / tamper p=1)"}
{"level":30,"time":1781942811756,"pid":13164,"hostname":"Quang","name":"canary/loss-classifier","relayMinerId":"relay-under-audit","promoted":0,"absorbed":1,"tampers":0,"cumulativeCrossed":false,"msg":"canary divergences classified (drop gate / tamper p=1)"}
{"level":30,"time":1781942811756,"pid":13164,"hostname":"Quang","name":"canary/loss-classifier","relayMinerId":"relay-under-audit","promoted":0,"absorbed":1,"tampers":0,"cumulativeCrossed":false,"msg":"canary divergences classified (drop gate / tamper p=1)"}
{"level":30,"time":1781942811756,"pid":13164,"hostname":"Quang","name":"canary/loss-classifier","relayMinerId":"relay-under-audit","promoted":0,"absorbed":1,"tampers":0,"cumulativeCrossed":false,"msg":"canary divergences classified (drop gate / tamper p=1)"}
{"level":30,"time":1781942811756,"pid":13164,"hostname":"Quang","name":"canary/loss-classifier","relayMinerId":"relay-under-audit","promoted":0,"absorbed":1,"tampers":0,"cumulativeCrossed":false,"msg":"canary divergences classified (drop gate / tamper p=1)"}
{"level":30,"time":1781942811756,"pid":13164,"hostname":"Quang","name":"canary/loss-classifier","relayMinerId":"relay-under-audit","promoted":0,"absorbed":1,"tampers":0,"cumulativeCrossed":false,"msg":"canary divergences classified (drop gate / tamper p=1)"}
{"level":30,"time":1781942811756,"pid":13164,"hostname":"Quang","name":"canary/loss-classifier","relayMinerId":"relay-under-audit","promoted":0,"absorbed":1,"tampers":0,"cumulativeCrossed":false,"msg":"canary divergences classified (drop gate / tamper p=1)"}
{"level":30,"time":1781942811756,"pid":13164,"hostname":"Quang","name":"canary/loss-classifier","relayMinerId":"relay-under-audit","promoted":0,"absorbed":1,"tampers":0,"cumulativeCrossed":false,"msg":"canary divergences classified (drop gate / tamper p=1)"}
{"level":30,"time":1781942811756,"pid":13164,"hostname":"Quang","name":"canary/loss-classifier","relayMinerId":"relay-under-audit","promoted":0,"absorbed":1,"tampers":0,"cumulativeCrossed":false,"msg":"canary divergences classified (drop gate / tamper p=1)"}
{"level":30,"time":1781942811756,"pid":13164,"hostname":"Quang","name":"canary/loss-classifier","relayMinerId":"relay-under-audit","promoted":0,"absorbed":1,"tampers":0,"cumulativeCrossed":false,"msg":"canary divergences classified (drop gate / tamper p=1)"}
{"level":30,"time":1781942811756,"pid":13164,"hostname":"Quang","name":"canary/loss-classifier","relayMinerId":"relay-under-audit","promoted":0,"absorbed":1,"tampers":0,"cumulativeCrossed":false,"msg":"canary divergences classified (drop gate / tamper p=1)"}
{"level":30,"time":1781942811756,"pid":13164,"hostname":"Quang","name":"canary/loss-classifier","relayMinerId":"relay-under-audit","promoted":0,"absorbed":1,"tampers":0,"cumulativeCrossed":false,"msg":"canary divergences classified (drop gate / tamper p=1)"}
{"level":30,"time":1781942811756,"pid":13164,"hostname":"Quang","name":"canary/loss-classifier","relayMinerId":"relay-under-audit","promoted":0,"absorbed":1,"tampers":0,"cumulativeCrossed":false,"msg":"canary divergences classified (drop gate / tamper p=1)"}
{"level":30,"time":1781942811756,"pid":13164,"hostname":"Quang","name":"canary/loss-classifier","relayMinerId":"relay-under-audit","promoted":0,"absorbed":1,"tampers":0,"cumulativeCrossed":false,"msg":"canary divergences classified (drop gate / tamper p=1)"}
{"level":30,"time":1781942811756,"pid":13164,"hostname":"Quang","name":"canary/loss-classifier","relayMinerId":"relay-under-audit","promoted":0,"absorbed":1,"tampers":0,"cumulativeCrossed":false,"msg":"canary divergences classified (drop gate / tamper p=1)"}
{"level":30,"time":1781942811756,"pid":13164,"hostname":"Quang","name":"canary/loss-classifier","relayMinerId":"relay-under-audit","promoted":0,"absorbed":1,"tampers":0,"cumulativeCrossed":false,"msg":"canary divergences classified (drop gate / tamper p=1)"}
{"level":30,"time":1781942811756,"pid":13164,"hostname":"Quang","name":"canary/loss-classifier","relayMinerId":"relay-under-audit","promoted":0,"absorbed":1,"tampers":0,"cumulativeCrossed":false,"msg":"canary divergences classified (drop gate / tamper p=1)"}
{"level":30,"time":1781942811756,"pid":13164,"hostname":"Quang","name":"canary/loss-classifier","relayMinerId":"relay-under-audit","promoted":0,"absorbed":1,"tampers":0,"cumulativeCrossed":false,"msg":"canary divergences classified (drop gate / tamper p=1)"}
{"level":30,"time":1781942811756,"pid":13164,"hostname":"Quang","name":"canary/loss-classifier","relayMinerId":"relay-under-audit","promoted":0,"absorbed":1,"tampers":0,"cumulativeCrossed":false,"msg":"canary divergences classified (drop gate / tamper p=1)"}
{"level":30,"time":1781942811756,"pid":13164,"hostname":"Quang","name":"canary/loss-classifier","relayMinerId":"relay-under-audit","promoted":0,"absorbed":1,"tampers":0,"cumulativeCrossed":false,"msg":"canary divergences classified (drop gate / tamper p=1)"}
{"level":30,"time":1781942811756,"pid":13164,"hostname":"Quang","name":"canary/loss-classifier","relayMinerId":"relay-under-audit","promoted":0,"absorbed":1,"tampers":0,"cumulativeCrossed":false,"msg":"canary divergences classified (drop gate / tamper p=1)"}
{"level":30,"time":1781942811756,"pid":13164,"hostname":"Quang","name":"canary/loss-classifier","relayMinerId":"relay-under-audit","promoted":0,"absorbed":1,"tampers":0,"cumulativeCrossed":false,"msg":"canary divergences classified (drop gate / tamper p=1)"}
{"level":30,"time":1781942811756,"pid":13164,"hostname":"Quang","name":"canary/loss-classifier","relayMinerId":"relay-under-audit","promoted":0,"absorbed":1,"tampers":0,"cumulativeCrossed":false,"msg":"canary divergences classified (drop gate / tamper p=1)"}
{"level":30,"time":1781942811756,"pid":13164,"hostname":"Quang","name":"canary/loss-classifier","relayMinerId":"relay-under-audit","promoted":0,"absorbed":1,"tampers":0,"cumulativeCrossed":false,"msg":"canary divergences classified (drop gate / tamper p=1)"}
{"level":30,"time":1781942811756,"pid":13164,"hostname":"Quang","name":"canary/loss-classifier","relayMinerId":"relay-under-audit","promoted":0,"absorbed":1,"tampers":0,"cumulativeCrossed":false,"msg":"canary divergences classified (drop gate / tamper p=1)"}
{"level":30,"time":1781942811756,"pid":13164,"hostname":"Quang","name":"canary/loss-classifier","relayMinerId":"relay-under-audit","promoted":0,"absorbed":1,"tampers":0,"cumulativeCrossed":false,"msg":"canary divergences classified (drop gate / tamper p=1)"}
{"level":30,"time":1781942811756,"pid":13164,"hostname":"Quang","name":"canary/loss-classifier","relayMinerId":"relay-under-audit","promoted":0,"absorbed":1,"tampers":0,"cumulativeCrossed":false,"msg":"canary divergences classified (drop gate / tamper p=1)"}
{"level":30,"time":1781942811756,"pid":13164,"hostname":"Quang","name":"canary/loss-classifier","relayMinerId":"relay-under-audit","promoted":0,"absorbed":1,"tampers":0,"cumulativeCrossed":false,"msg":"canary divergences classified (drop gate / tamper p=1)"}
{"level":30,"time":1781942811756,"pid":13164,"hostname":"Quang","name":"canary/loss-classifier","relayMinerId":"relay-under-audit","promoted":0,"absorbed":1,"tampers":0,"cumulativeCrossed":false,"msg":"canary divergences classified (drop gate / tamper p=1)"}
{"level":30,"time":1781942811756,"pid":13164,"hostname":"Quang","name":"canary/loss-classifier","relayMinerId":"relay-under-audit","promoted":0,"absorbed":1,"tampers":0,"cumulativeCrossed":false,"msg":"canary divergences classified (drop gate / tamper p=1)"}
{"level":30,"time":1781942811756,"pid":13164,"hostname":"Quang","name":"canary/loss-classifier","relayMinerId":"relay-under-audit","promoted":0,"absorbed":1,"tampers":0,"cumulativeCrossed":false,"msg":"canary divergences classified (drop gate / tamper p=1)"}
{"level":30,"time":1781942811756,"pid":13164,"hostname":"Quang","name":"canary/loss-classifier","relayMinerId":"relay-under-audit","promoted":0,"absorbed":1,"tampers":0,"cumulativeCrossed":false,"msg":"canary divergences classified (drop gate / tamper p=1)"}
{"level":30,"time":1781942811756,"pid":13164,"hostname":"Quang","name":"canary/loss-classifier","relayMinerId":"relay-under-audit","promoted":0,"absorbed":1,"tampers":0,"cumulativeCrossed":false,"msg":"canary divergences classified (drop gate / tamper p=1)"}
{"level":30,"time":1781942811756,"pid":13164,"hostname":"Quang","name":"canary/loss-classifier","relayMinerId":"relay-under-audit","promoted":0,"absorbed":1,"tampers":0,"cumulativeCrossed":false,"msg":"canary divergences classified (drop gate / tamper p=1)"}
{"level":30,"time":1781942811756,"pid":13164,"hostname":"Quang","name":"canary/loss-classifier","relayMinerId":"relay-under-audit","promoted":0,"absorbed":1,"tampers":0,"cumulativeCrossed":false,"msg":"canary divergences classified (drop gate / tamper p=1)"}
{"level":30,"time":1781942811756,"pid":13164,"hostname":"Quang","name":"canary/loss-classifier","relayMinerId":"relay-under-audit","promoted":0,"absorbed":1,"tampers":0,"cumulativeCrossed":false,"msg":"canary divergences classified (drop gate / tamper p=1)"}
{"level":30,"time":1781942811756,"pid":13164,"hostname":"Quang","name":"canary/loss-classifier","relayMinerId":"relay-under-audit","promoted":0,"absorbed":1,"tampers":0,"cumulativeCrossed":false,"msg":"canary divergences classified (drop gate / tamper p=1)"}
{"level":30,"time":1781942811756,"pid":13164,"hostname":"Quang","name":"canary/loss-classifier","relayMinerId":"relay-under-audit","promoted":0,"absorbed":1,"tampers":0,"cumulativeCrossed":false,"msg":"canary divergences classified (drop gate / tamper p=1)"}
{"level":30,"time":1781942811757,"pid":13164,"hostname":"Quang","name":"canary/loss-classifier","relayMinerId":"relay-under-audit","promoted":0,"absorbed":1,"tampers":0,"cumulativeCrossed":false,"msg":"canary divergences classified (drop gate / tamper p=1)"}
{"level":30,"time":1781942811757,"pid":13164,"hostname":"Quang","name":"canary/loss-classifier","relayMinerId":"relay-under-audit","promoted":0,"absorbed":1,"tampers":0,"cumulativeCrossed":false,"msg":"canary divergences classified (drop gate / tamper p=1)"}
{"level":30,"time":1781942811757,"pid":13164,"hostname":"Quang","name":"canary/loss-classifier","relayMinerId":"relay-under-audit","promoted":0,"absorbed":1,"tampers":0,"cumulativeCrossed":false,"msg":"canary divergences classified (drop gate / tamper p=1)"}
{"level":30,"time":1781942811757,"pid":13164,"hostname":"Quang","name":"canary/loss-classifier","relayMinerId":"relay-under-audit","promoted":0,"absorbed":1,"tampers":0,"cumulativeCrossed":false,"msg":"canary divergences classified (drop gate / tamper p=1)"}
{"level":30,"time":1781942811757,"pid":13164,"hostname":"Quang","name":"canary/loss-classifier","relayMinerId":"relay-under-audit","promoted":0,"absorbed":1,"tampers":0,"cumulativeCrossed":false,"msg":"canary divergences classified (drop gate / tamper p=1)"}
{"level":30,"time":1781942811757,"pid":13164,"hostname":"Quang","name":"canary/loss-classifier","relayMinerId":"relay-under-audit","promoted":0,"absorbed":1,"tampers":0,"cumulativeCrossed":false,"msg":"canary divergences classified (drop gate / tamper p=1)"}
{"level":30,"time":1781942811757,"pid":13164,"hostname":"Quang","name":"canary/loss-classifier","relayMinerId":"relay-under-audit","promoted":0,"absorbed":1,"tampers":0,"cumulativeCrossed":false,"msg":"canary divergences classified (drop gate / tamper p=1)"}
{"level":30,"time":1781942811757,"pid":13164,"hostname":"Quang","name":"canary/loss-classifier","relayMinerId":"relay-under-audit","promoted":0,"absorbed":1,"tampers":0,"cumulativeCrossed":false,"msg":"canary divergences classified (drop gate / tamper p=1)"}
{"level":30,"time":1781942811757,"pid":13164,"hostname":"Quang","name":"canary/loss-classifier","relayMinerId":"relay-under-audit","promoted":0,"absorbed":1,"tampers":0,"cumulativeCrossed":false,"msg":"canary divergences classified (drop gate / tamper p=1)"}
{"level":30,"time":1781942811757,"pid":13164,"hostname":"Quang","name":"canary/loss-classifier","relayMinerId":"relay-under-audit","promoted":0,"absorbed":1,"tampers":0,"cumulativeCrossed":false,"msg":"canary divergences classified (drop gate / tamper p=1)"}
{"level":30,"time":1781942811757,"pid":13164,"hostname":"Quang","name":"canary/loss-classifier","relayMinerId":"relay-under-audit","promoted":0,"absorbed":1,"tampers":0,"cumulativeCrossed":false,"msg":"canary divergences classified (drop gate / tamper p=1)"}
{"level":30,"time":1781942811759,"pid":13164,"hostname":"Quang","name":"canary/loss-classifier","relayMinerId":"relay-under-audit","promoted":0,"absorbed":1,"tampers":0,"cumulativeCrossed":false,"msg":"canary divergences classified (drop gate / tamper p=1)"}
{"level":30,"time":1781942811759,"pid":13164,"hostname":"Quang","name":"canary/loss-classifier","relayMinerId":"relay-under-audit","promoted":0,"absorbed":1,"tampers":0,"cumulativeCrossed":false,"msg":"canary divergences classified (drop gate / tamper p=1)"}
{"level":30,"time":1781942811759,"pid":13164,"hostname":"Quang","name":"canary/loss-classifier","relayMinerId":"relay-under-audit","promoted":0,"absorbed":1,"tampers":0,"cumulativeCrossed":false,"msg":"canary divergences classified (drop gate / tamper p=1)"}
{"level":30,"time":1781942811759,"pid":13164,"hostname":"Quang","name":"canary/loss-classifier","relayMinerId":"relay-under-audit","promoted":0,"absorbed":1,"tampers":0,"cumulativeCrossed":false,"msg":"canary divergences classified (drop gate / tamper p=1)"}
{"level":30,"time":1781942811759,"pid":13164,"hostname":"Quang","name":"canary/loss-classifier","relayMinerId":"relay-under-audit","promoted":0,"absorbed":1,"tampers":0,"cumulativeCrossed":false,"msg":"canary divergences classified (drop gate / tamper p=1)"}
{"level":30,"time":1781942811759,"pid":13164,"hostname":"Quang","name":"canary/loss-classifier","relayMinerId":"relay-under-audit","promoted":0,"absorbed":1,"tampers":0,"cumulativeCrossed":false,"msg":"canary divergences classified (drop gate / tamper p=1)"}
{"level":30,"time":1781942811759,"pid":13164,"hostname":"Quang","name":"canary/loss-classifier","relayMinerId":"relay-under-audit","promoted":0,"absorbed":1,"tampers":0,"cumulativeCrossed":false,"msg":"canary divergences classified (drop gate / tamper p=1)"}
{"level":30,"time":1781942811759,"pid":13164,"hostname":"Quang","name":"canary/loss-classifier","relayMinerId":"relay-under-audit","promoted":0,"absorbed":1,"tampers":0,"cumulativeCrossed":false,"msg":"canary divergences classified (drop gate / tamper p=1)"}
{"level":30,"time":1781942811759,"pid":13164,"hostname":"Quang","name":"canary/loss-classifier","relayMinerId":"relay-under-audit","promoted":0,"absorbed":1,"tampers":0,"cumulativeCrossed":false,"msg":"canary divergences classified (drop gate / tamper p=1)"}
{"level":30,"time":1781942811759,"pid":13164,"hostname":"Quang","name":"canary/loss-classifier","relayMinerId":"relay-under-audit","promoted":0,"absorbed":1,"tampers":0,"cumulativeCrossed":false,"msg":"canary divergences classified (drop gate / tamper p=1)"}
{"level":30,"time":1781942811759,"pid":13164,"hostname":"Quang","name":"canary/loss-classifier","relayMinerId":"relay-under-audit","promoted":0,"absorbed":1,"tampers":0,"cumulativeCrossed":false,"msg":"canary divergences classified (drop gate / tamper p=1)"}
{"level":30,"time":1781942811759,"pid":13164,"hostname":"Quang","name":"canary/loss-classifier","relayMinerId":"relay-under-audit","promoted":0,"absorbed":1,"tampers":0,"cumulativeCrossed":false,"msg":"canary divergences classified (drop gate / tamper p=1)"}
{"level":30,"time":1781942811759,"pid":13164,"hostname":"Quang","name":"canary/loss-classifier","relayMinerId":"relay-under-audit","promoted":0,"absorbed":1,"tampers":0,"cumulativeCrossed":false,"msg":"canary divergences classified (drop gate / tamper p=1)"}
{"level":30,"time":1781942811759,"pid":13164,"hostname":"Quang","name":"canary/loss-classifier","relayMinerId":"relay-under-audit","promoted":0,"absorbed":1,"tampers":0,"cumulativeCrossed":false,"msg":"canary divergences classified (drop gate / tamper p=1)"}
{"level":30,"time":1781942811759,"pid":13164,"hostname":"Quang","name":"canary/loss-classifier","relayMinerId":"relay-under-audit","promoted":0,"absorbed":1,"tampers":0,"cumulativeCrossed":false,"msg":"canary divergences classified (drop gate / tamper p=1)"}
{"level":30,"time":1781942811759,"pid":13164,"hostname":"Quang","name":"canary/loss-classifier","relayMinerId":"relay-under-audit","promoted":0,"absorbed":1,"tampers":0,"cumulativeCrossed":false,"msg":"canary divergences classified (drop gate / tamper p=1)"}
{"level":30,"time":1781942811759,"pid":13164,"hostname":"Quang","name":"canary/loss-classifier","relayMinerId":"relay-under-audit","promoted":0,"absorbed":1,"tampers":0,"cumulativeCrossed":false,"msg":"canary divergences classified (drop gate / tamper p=1)"}
{"level":30,"time":1781942811759,"pid":13164,"hostname":"Quang","name":"canary/loss-classifier","relayMinerId":"relay-under-audit","promoted":0,"absorbed":1,"tampers":0,"cumulativeCrossed":false,"msg":"canary divergences classified (drop gate / tamper p=1)"}
{"level":30,"time":1781942811759,"pid":13164,"hostname":"Quang","name":"canary/loss-classifier","relayMinerId":"relay-under-audit","promoted":0,"absorbed":1,"tampers":0,"cumulativeCrossed":false,"msg":"canary divergences classified (drop gate / tamper p=1)"}
{"level":30,"time":1781942811760,"pid":13164,"hostname":"Quang","name":"canary/loss-classifier","relayMinerId":"relay-under-audit","promoted":0,"absorbed":1,"tampers":0,"cumulativeCrossed":false,"msg":"canary divergences classified (drop gate / tamper p=1)"}
{"level":30,"time":1781942811760,"pid":13164,"hostname":"Quang","name":"canary/loss-classifier","relayMinerId":"relay-under-audit","promoted":0,"absorbed":1,"tampers":0,"cumulativeCrossed":false,"msg":"canary divergences classified (drop gate / tamper p=1)"}
{"level":30,"time":1781942811760,"pid":13164,"hostname":"Quang","name":"canary/loss-classifier","relayMinerId":"relay-under-audit","promoted":0,"absorbed":1,"tampers":0,"cumulativeCrossed":false,"msg":"canary divergences classified (drop gate / tamper p=1)"}
{"level":30,"time":1781942811761,"pid":13164,"hostname":"Quang","name":"canary/loss-classifier","relayMinerId":"relay-under-audit","promoted":1,"absorbed":0,"tampers":1,"cumulativeCrossed":false,"msg":"canary divergences classified (drop gate / tamper p=1)"}
 [32m✓[39m apps/validator-daemon/src/canary/__tests__/validator-discovery.test.ts [2m([22m[2m7 tests[22m[2m)[22m[32m 31[2mms[22m[39m
{"level":40,"time":1781942811764,"pid":20048,"hostname":"Quang","name":"test/validator-discovery","target":"0x0000000000000000000000000000000000000000000000000000000000000099::validator_registry::get_active_validators","msg":"validator discovery devInspect returned no values — falling back to self-only"}
{"level":40,"time":1781942811766,"pid":20048,"hostname":"Quang","name":"test/validator-discovery","target":"0x0000000000000000000000000000000000000000000000000000000000000099::validator_registry::get_active_validators","err":{"type":"Error","message":"RPC unreachable","stack":"Error: RPC unreachable\n    at Object.devInspectTransactionBlock (C:\\Thesis\\dvconf\\dvconf-daemons\\apps\\validator-daemon\\src\\canary\\__tests__\\validator-discovery.test.ts:78:13)\n    at discoverActiveValidatorMinerIds (C:\\Thesis\\dvconf\\dvconf-daemons\\apps\\validator-daemon\\src\\canary\\validator-discovery.ts:82:29)\n    at C:\\Thesis\\dvconf\\dvconf-daemons\\apps\\validator-daemon\\src\\canary\\__tests__\\validator-discovery.test.ts:130:23\n    at file:///C:/Thesis/dvconf/dvconf-daemons/node_modules/.pnpm/@vitest+runner@3.2.4/node_modules/@vitest/runner/dist/chunk-hooks.js:155:11\n    at file:///C:/Thesis/dvconf/dvconf-daemons/node_modules/.pnpm/@vitest+runner@3.2.4/node_modules/@vitest/runner/dist/chunk-hooks.js:752:26\n    at file:///C:/Thesis/dvconf/dvconf-daemons/node_modules/.pnpm/@vitest+runner@3.2.4/node_modules/@vitest/runner/dist/chunk-hooks.js:1897:20\n    at new Promise (<anonymous>)\n    at runWithTimeout (file:///C:/Thesis/dvconf/dvconf-daemons/node_modules/.pnpm/@vitest+runner@3.2.4/node_modules/@vitest/runner/dist/chunk-hooks.js:1863:10)\n    at runTest (file:///C:/Thesis/dvconf/dvconf-daemons/node_modules/.pnpm/@vitest+runner@3.2.4/node_modules/@vitest/runner/dist/chunk-hooks.js:1574:12)\n    at processTicksAndRejections (node:internal/process/task_queues:95:5)"},"msg":"validator discovery failed — falling back to self-only"}
{"level":30,"time":1781942811882,"pid":28820,"hostname":"Quang","name":"canary/proof","roomId":"0x1111111111111111111111111111111111111111111111111111111111111111","relayMinerId":"0x2222222222222222222222222222222222222222222222222222222222222222","canaryId":9,"frameSeq":5,"drop":true,"distinctAttesters":2,"totalAttestations":2,"msg":"canary divergence proof assembled from remote attestations (W-M4-COSIGN)"}
{"level":30,"time":1781942811894,"pid":20912,"hostname":"Quang","name":"validator:probe","roomId":"0xroom","bytesForwarded":"0","uniquePeers":"0","msg":"Relay metrics fetched for room=0xroom: bytes=0, peers=0"}
{"level":30,"time":1781942811900,"pid":2280,"hostname":"Quang","name":"validator:probe","roomId":"0xroom","bytesForwarded":"0","uniquePeers":"0","msg":"Relay metrics fetched for room=0xroom: bytes=0, peers=0"}
{"level":30,"time":1781942811905,"pid":28820,"hostname":"Quang","name":"canary/proof","roomId":"0x1111111111111111111111111111111111111111111111111111111111111111","relayMinerId":"0x2222222222222222222222222222222222222222222222222222222222222222","canaryId":9,"frameSeq":5,"drop":true,"distinctAttesters":2,"totalAttestations":3,"msg":"canary divergence proof assembled from remote attestations (W-M4-COSIGN)"}
 [32m✓[39m apps/validator-daemon/src/canary/__tests__/cosign-proof.test.ts [2m([22m[2m7 tests[22m[2m)[22m[32m 210[2mms[22m[39m
 [32m✓[39m apps/validator-daemon/src/__tests__/trace-e2e.test.ts [2m([22m[2m1 test[22m[2m)[22m[32m 39[2mms[22m[39m
 [32m✓[39m apps/validator-daemon/src/__tests__/probe-trace.test.ts [2m([22m[2m2 tests[22m[2m)[22m[32m 43[2mms[22m[39m
 [32m✓[39m apps/validator-daemon/src/canary/__tests__/claim-board.test.ts [2m([22m[2m11 tests[22m[2m)[22m[32m 211[2mms[22m[39m
 [32m✓[39m apps/validator-daemon/src/__tests__/session-proof.test.ts [2m([22m[2m9 tests[22m[2m)[22m[32m 220[2mms[22m[39m
 [32m✓[39m apps/validator-daemon/src/__tests__/auto-register.test.ts [2m([22m[2m9 tests[22m[2m)[22m[32m 217[2mms[22m[39m
{"level":30,"time":1781942811926,"pid":29600,"hostname":"Quang","name":"canary/proof","roomId":"0x1111111111111111111111111111111111111111111111111111111111111111","relayMinerId":"0x2222222222222222222222222222222222222222222222222222222222222222","canaryId":7,"frameSeq":42,"drop":false,"attesters":2,"msg":"canary proof-of-divergence built (Wallet-B only)"}
{"level":30,"time":1781942811939,"pid":29600,"hostname":"Quang","name":"canary/proof","roomId":"0x1111111111111111111111111111111111111111111111111111111111111111","relayMinerId":"0x2222222222222222222222222222222222222222222222222222222222222222","canaryId":7,"frameSeq":42,"drop":false,"attesters":2,"msg":"canary proof-of-divergence built (Wallet-B only)"}
{"level":30,"time":1781942811963,"pid":29600,"hostname":"Quang","name":"canary/proof","roomId":"0x1111111111111111111111111111111111111111111111111111111111111111","relayMinerId":"0x2222222222222222222222222222222222222222222222222222222222222222","canaryId":7,"frameSeq":42,"drop":false,"attesters":2,"msg":"canary proof-of-divergence built (Wallet-B only)"}
{"level":30,"time":1781942811972,"pid":29600,"hostname":"Quang","name":"canary/proof","roomId":"0x1111111111111111111111111111111111111111111111111111111111111111","relayMinerId":"0x2222222222222222222222222222222222222222222222222222222222222222","canaryId":7,"frameSeq":42,"drop":false,"attesters":2,"msg":"canary proof-of-divergence built (Wallet-B only)"}
{"level":30,"time":1781942811982,"pid":29600,"hostname":"Quang","name":"canary/proof","roomId":"0x1111111111111111111111111111111111111111111111111111111111111111","relayMinerId":"0x2222222222222222222222222222222222222222222222222222222222222222","canaryId":7,"frameSeq":42,"drop":true,"attesters":2,"msg":"canary proof-of-divergence built (Wallet-B only)"}
{"level":30,"time":1781942812032,"pid":29600,"hostname":"Quang","name":"canary/proof","roomId":"0x1111111111111111111111111111111111111111111111111111111111111111","relayMinerId":"0x2222222222222222222222222222222222222222222222222222222222222222","canaryId":7,"frameSeq":42,"drop":false,"attesters":2,"msg":"canary proof-of-divergence built (Wallet-B only)"}
 [32m✓[39m apps/validator-daemon/src/canary/__tests__/proof.test.ts [2m([22m[2m12 tests[22m[2m)[22m[33m 339[2mms[22m[39m
{"level":30,"time":1781942812041,"pid":29600,"hostname":"Quang","name":"canary/proof","roomId":"0x1111111111111111111111111111111111111111111111111111111111111111","relayMinerId":"0x2222222222222222222222222222222222222222222222222222222222222222","canaryId":7,"frameSeq":42,"drop":true,"attesters":2,"msg":"canary proof-of-divergence built (Wallet-B only)"}
 [32m✓[39m apps/validator-daemon/src/canary/__tests__/room-scope-staleness.test.ts [2m([22m[2m4 tests[22m[2m)[22m[32m 9[2mms[22m[39m
[90mstdout[2m | apps/validator-daemon/src/canary/__tests__/keying.test.ts[2m > [22m[2mREQ-CFA-001 deriveCanaryKey — PathC salt-mix equivalence[2m > [22m[2m(a) deriveCanaryKey returns an AES-GCM CryptoKey usable by encryptFrame
[22m[39m{"timestamp":"2026-06-20T08:06:52.923Z","level":"INFO","source":"frontend","module":"webrtc/sframe-transform","message":"encrypted frame","context":{"kid":42,"ctr":0,"byteLength":69,"codecOffset":10}}

[90mstdout[2m | apps/validator-daemon/src/canary/__tests__/publisher.test.ts[2m > [22m[2mREQ-CFA-002 CanaryPublisher.produce — DRY byte-equality with the verifier[2m > [22m[2m(a) produced frames EQUAL the verifier-recomputed expected set (DRY, no re-implementation)
[22m[39m{"timestamp":"2026-06-20T08:06:52.949Z","level":"INFO","source":"frontend","module":"webrtc/sframe-transform","message":"encrypted frame","context":{"kid":7,"ctr":0,"byteLength":62,"codecOffset":10}}

 [32m✓[39m apps/validator-daemon/src/canary/__tests__/keying.test.ts [2m([22m[2m6 tests[22m[2m)[22m[32m 48[2mms[22m[39m
[90mstdout[2m | apps/validator-daemon/src/canary/__tests__/publisher.test.ts[2m > [22m[2mREQ-CFA-002 CanaryPublisher.produce — DRY byte-equality with the verifier[2m > [22m[2m(a) produced frames EQUAL the verifier-recomputed expected set (DRY, no re-implementation)
[22m[39m{"timestamp":"2026-06-20T08:06:52.954Z","level":"INFO","source":"frontend","module":"webrtc/sframe-transform","message":"encrypted frame","context":{"kid":7,"ctr":1,"byteLength":62,"codecOffset":10}}

[90mstdout[2m | apps/validator-daemon/src/canary/__tests__/publisher.test.ts[2m > [22m[2mREQ-CFA-002 CanaryPublisher.produce — DRY byte-equality with the verifier[2m > [22m[2m(a) produced frames EQUAL the verifier-recomputed expected set (DRY, no re-implementation)
[22m[39m{"timestamp":"2026-06-20T08:06:52.956Z","level":"INFO","source":"frontend","module":"webrtc/sframe-transform","message":"encrypted frame","context":{"kid":7,"ctr":2,"byteLength":62,"codecOffset":10}}

[90mstdout[2m | apps/validator-daemon/src/canary/__tests__/publisher.test.ts[2m > [22m[2mREQ-CFA-002 CanaryPublisher.produce — DRY byte-equality with the verifier[2m > [22m[2m(a) produced frames EQUAL the verifier-recomputed expected set (DRY, no re-implementation)
[22m[39m{"timestamp":"2026-06-20T08:06:52.960Z","level":"INFO","source":"frontend","module":"webrtc/sframe-transform","message":"encrypted frame","context":{"kid":7,"ctr":3,"byteLength":62,"codecOffset":10}}

[90mstdout[2m | apps/validator-daemon/src/canary/__tests__/publisher.test.ts[2m > [22m[2mREQ-CFA-002 CanaryPublisher.produce — DRY byte-equality with the verifier[2m > [22m[2m(a) produced frames EQUAL the verifier-recomputed expected set (DRY, no re-implementation)
[22m[39m{"timestamp":"2026-06-20T08:06:52.961Z","level":"INFO","source":"frontend","module":"webrtc/sframe-transform","message":"encrypted frame","context":{"kid":7,"ctr":4,"byteLength":62,"codecOffset":10}}

[90mstdout[2m | apps/validator-daemon/src/canary/__tests__/publisher.test.ts[2m > [22m[2mREQ-CFA-002 CanaryPublisher.produce — DRY byte-equality with the verifier[2m > [22m[2m(a) produced frames EQUAL the verifier-recomputed expected set (DRY, no re-implementation)
[22m[39m{"timestamp":"2026-06-20T08:06:52.963Z","level":"INFO","source":"frontend","module":"webrtc/sframe-transform","message":"encrypted frame","context":{"kid":7,"ctr":5,"byteLength":62,"codecOffset":10}}

[90mstdout[2m | apps/validator-daemon/src/canary/__tests__/publisher.test.ts[2m > [22m[2mREQ-CFA-002 CanaryPublisher.produce — DRY byte-equality with the verifier[2m > [22m[2m(a) produced frames EQUAL the verifier-recomputed expected set (DRY, no re-implementation)
[22m[39m{"timestamp":"2026-06-20T08:06:52.967Z","level":"INFO","source":"frontend","module":"webrtc/sframe-transform","message":"encrypted frame","context":{"kid":7,"ctr":0,"byteLength":62,"codecOffset":10}}

[90mstdout[2m | apps/validator-daemon/src/canary/__tests__/publisher.test.ts[2m > [22m[2mREQ-CFA-002 CanaryPublisher.produce — DRY byte-equality with the verifier[2m > [22m[2m(a) produced frames EQUAL the verifier-recomputed expected set (DRY, no re-implementation)
[22m[39m{"timestamp":"2026-06-20T08:06:52.969Z","level":"INFO","source":"frontend","module":"webrtc/sframe-transform","message":"encrypted frame","context":{"kid":7,"ctr":1,"byteLength":62,"codecOffset":10}}

[90mstdout[2m | apps/validator-daemon/src/canary/__tests__/publisher.test.ts[2m > [22m[2mREQ-CFA-002 CanaryPublisher.produce — DRY byte-equality with the verifier[2m > [22m[2m(a) produced frames EQUAL the verifier-recomputed expected set (DRY, no re-implementation)
[22m[39m{"timestamp":"2026-06-20T08:06:52.974Z","level":"INFO","source":"frontend","module":"webrtc/sframe-transform","message":"encrypted frame","context":{"kid":7,"ctr":2,"byteLength":62,"codecOffset":10}}

[90mstdout[2m | apps/validator-daemon/src/canary/__tests__/publisher.test.ts[2m > [22m[2mREQ-CFA-002 CanaryPublisher.produce — DRY byte-equality with the verifier[2m > [22m[2m(a) produced frames EQUAL the verifier-recomputed expected set (DRY, no re-implementation)
[22m[39m{"timestamp":"2026-06-20T08:06:52.976Z","level":"INFO","source":"frontend","module":"webrtc/sframe-transform","message":"encrypted frame","context":{"kid":7,"ctr":3,"byteLength":62,"codecOffset":10}}

[90mstdout[2m | apps/validator-daemon/src/canary/__tests__/publisher.test.ts[2m > [22m[2mREQ-CFA-002 CanaryPublisher.produce — DRY byte-equality with the verifier[2m > [22m[2m(a) produced frames EQUAL the verifier-recomputed expected set (DRY, no re-implementation)
[22m[39m{"timestamp":"2026-06-20T08:06:52.979Z","level":"INFO","source":"frontend","module":"webrtc/sframe-transform","message":"encrypted frame","context":{"kid":7,"ctr":4,"byteLength":62,"codecOffset":10}}

[90mstdout[2m | apps/validator-daemon/src/canary/__tests__/publisher.test.ts[2m > [22m[2mREQ-CFA-002 CanaryPublisher.produce — DRY byte-equality with the verifier[2m > [22m[2m(a) produced frames EQUAL the verifier-recomputed expected set (DRY, no re-implementation)
[22m[39m{"timestamp":"2026-06-20T08:06:52.981Z","level":"INFO","source":"frontend","module":"webrtc/sframe-transform","message":"encrypted frame","context":{"kid":7,"ctr":5,"byteLength":62,"codecOffset":10}}

[90mstdout[2m | apps/validator-daemon/src/canary/__tests__/publisher.test.ts[2m > [22m[2mREQ-CFA-002 CanaryPublisher.produce — DRY byte-equality with the verifier[2m > [22m[2m(a) every produced frame carries the real partial-SFrame layout (config 0x01 trailer, fixed length, kid+ctr)
[22m[39m{"timestamp":"2026-06-20T08:06:52.984Z","level":"INFO","source":"frontend","module":"webrtc/sframe-transform","message":"encrypted frame","context":{"kid":7,"ctr":0,"byteLength":62,"codecOffset":10}}

[90mstdout[2m | apps/validator-daemon/src/canary/__tests__/publisher.test.ts[2m > [22m[2mREQ-CFA-002 CanaryPublisher.produce — DRY byte-equality with the verifier[2m > [22m[2m(a) every produced frame carries the real partial-SFrame layout (config 0x01 trailer, fixed length, kid+ctr)
[22m[39m{"timestamp":"2026-06-20T08:06:52.985Z","level":"INFO","source":"frontend","module":"webrtc/sframe-transform","message":"encrypted frame","context":{"kid":7,"ctr":1,"byteLength":62,"codecOffset":10}}

[90mstdout[2m | apps/validator-daemon/src/canary/__tests__/publisher.test.ts[2m > [22m[2mREQ-CFA-002 CanaryPublisher.produce — DRY byte-equality with the verifier[2m > [22m[2m(a) every produced frame carries the real partial-SFrame layout (config 0x01 trailer, fixed length, kid+ctr)
[22m[39m{"timestamp":"2026-06-20T08:06:52.987Z","level":"INFO","source":"frontend","module":"webrtc/sframe-transform","message":"encrypted frame","context":{"kid":7,"ctr":2,"byteLength":62,"codecOffset":10}}

[90mstdout[2m | apps/validator-daemon/src/canary/__tests__/publisher.test.ts[2m > [22m[2mREQ-CFA-002 CanaryPublisher.produce — DRY byte-equality with the verifier[2m > [22m[2m(a) every produced frame carries the real partial-SFrame layout (config 0x01 trailer, fixed length, kid+ctr)
[22m[39m{"timestamp":"2026-06-20T08:06:52.989Z","level":"INFO","source":"frontend","module":"webrtc/sframe-transform","message":"encrypted frame","context":{"kid":7,"ctr":3,"byteLength":62,"codecOffset":10}}

[90mstdout[2m | apps/validator-daemon/src/canary/__tests__/publisher.test.ts[2m > [22m[2mREQ-CFA-002 CanaryPublisher.produce — DRY byte-equality with the verifier[2m > [22m[2m(a) every produced frame carries the real partial-SFrame layout (config 0x01 trailer, fixed length, kid+ctr)
[22m[39m{"timestamp":"2026-06-20T08:06:52.990Z","level":"INFO","source":"frontend","module":"webrtc/sframe-transform","message":"encrypted frame","context":{"kid":7,"ctr":4,"byteLength":62,"codecOffset":10}}

[90mstdout[2m | apps/validator-daemon/src/canary/__tests__/publisher.test.ts[2m > [22m[2mREQ-CFA-002 CanaryPublisher.produce — DRY byte-equality with the verifier[2m > [22m[2m(a) every produced frame carries the real partial-SFrame layout (config 0x01 trailer, fixed length, kid+ctr)
[22m[39m{"timestamp":"2026-06-20T08:06:52.992Z","level":"INFO","source":"frontend","module":"webrtc/sframe-transform","message":"encrypted frame","context":{"kid":7,"ctr":5,"byteLength":62,"codecOffset":10}}

[90mstdout[2m | apps/validator-daemon/src/canary/__tests__/publisher.test.ts[2m > [22m[2mREQ-CFA-002 CanaryPublisher.produce — DRY byte-equality with the verifier[2m > [22m[2m(a) SELF-FORWARD: publisher output fed to verifyForwardedCanary ⇒ byteIdentical==mediaPackets, 0 divergences
[22m[39m{"timestamp":"2026-06-20T08:06:52.997Z","level":"INFO","source":"frontend","module":"webrtc/sframe-transform","message":"encrypted frame","context":{"kid":7,"ctr":0,"byteLength":62,"codecOffset":10}}

[90mstdout[2m | apps/validator-daemon/src/canary/__tests__/publisher.test.ts[2m > [22m[2mREQ-CFA-002 CanaryPublisher.produce — DRY byte-equality with the verifier[2m > [22m[2m(a) SELF-FORWARD: publisher output fed to verifyForwardedCanary ⇒ byteIdentical==mediaPackets, 0 divergences
[22m[39m{"timestamp":"2026-06-20T08:06:52.998Z","level":"INFO","source":"frontend","module":"webrtc/sframe-transform","message":"encrypted frame","context":{"kid":7,"ctr":1,"byteLength":62,"codecOffset":10}}

[90mstdout[2m | apps/validator-daemon/src/canary/__tests__/publisher.test.ts[2m > [22m[2mREQ-CFA-002 CanaryPublisher.produce — DRY byte-equality with the verifier[2m > [22m[2m(a) SELF-FORWARD: publisher output fed to verifyForwardedCanary ⇒ byteIdentical==mediaPackets, 0 divergences
[22m[39m{"timestamp":"2026-06-20T08:06:53.000Z","level":"INFO","source":"frontend","module":"webrtc/sframe-transform","message":"encrypted frame","context":{"kid":7,"ctr":2,"byteLength":62,"codecOffset":10}}

[90mstdout[2m | apps/validator-daemon/src/canary/__tests__/publisher.test.ts[2m > [22m[2mREQ-CFA-002 CanaryPublisher.produce — DRY byte-equality with the verifier[2m > [22m[2m(a) SELF-FORWARD: publisher output fed to verifyForwardedCanary ⇒ byteIdentical==mediaPackets, 0 divergences
[22m[39m{"timestamp":"2026-06-20T08:06:53.001Z","level":"INFO","source":"frontend","module":"webrtc/sframe-transform","message":"encrypted frame","context":{"kid":7,"ctr":3,"byteLength":62,"codecOffset":10}}

[90mstdout[2m | apps/validator-daemon/src/canary/__tests__/publisher.test.ts[2m > [22m[2mREQ-CFA-002 CanaryPublisher.produce — DRY byte-equality with the verifier[2m > [22m[2m(a) SELF-FORWARD: publisher output fed to verifyForwardedCanary ⇒ byteIdentical==mediaPackets, 0 divergences
[22m[39m{"timestamp":"2026-06-20T08:06:53.003Z","level":"INFO","source":"frontend","module":"webrtc/sframe-transform","message":"encrypted frame","context":{"kid":7,"ctr":4,"byteLength":62,"codecOffset":10}}

[90mstdout[2m | apps/validator-daemon/src/canary/__tests__/publisher.test.ts[2m > [22m[2mREQ-CFA-002 CanaryPublisher.produce — DRY byte-equality with the verifier[2m > [22m[2m(a) SELF-FORWARD: publisher output fed to verifyForwardedCanary ⇒ byteIdentical==mediaPackets, 0 divergences
[22m[39m{"timestamp":"2026-06-20T08:06:53.022Z","level":"INFO","source":"frontend","module":"webrtc/sframe-transform","message":"encrypted frame","context":{"kid":7,"ctr":5,"byteLength":62,"codecOffset":10}}

[90mstdout[2m | apps/validator-daemon/src/canary/__tests__/publisher.test.ts[2m > [22m[2mREQ-CFA-002 CanaryPublisher.produce — DRY byte-equality with the verifier[2m > [22m[2m(a) SELF-FORWARD: publisher output fed to verifyForwardedCanary ⇒ byteIdentical==mediaPackets, 0 divergences
[22m[39m{"timestamp":"2026-06-20T08:06:53.033Z","level":"INFO","source":"frontend","module":"webrtc/sframe-transform","message":"encrypted frame","context":{"kid":7,"ctr":0,"byteLength":62,"codecOffset":10}}

[90mstdout[2m | apps/validator-daemon/src/canary/__tests__/publisher.test.ts[2m > [22m[2mREQ-CFA-002 CanaryPublisher.produce — DRY byte-equality with the verifier[2m > [22m[2m(a) SELF-FORWARD: publisher output fed to verifyForwardedCanary ⇒ byteIdentical==mediaPackets, 0 divergences
[22m[39m{"timestamp":"2026-06-20T08:06:53.038Z","level":"INFO","source":"frontend","module":"webrtc/sframe-transform","message":"encrypted frame","context":{"kid":7,"ctr":1,"byteLength":62,"codecOffset":10}}

[90mstdout[2m | apps/validator-daemon/src/canary/__tests__/publisher.test.ts[2m > [22m[2mREQ-CFA-002 CanaryPublisher.produce — DRY byte-equality with the verifier[2m > [22m[2m(a) SELF-FORWARD: publisher output fed to verifyForwardedCanary ⇒ byteIdentical==mediaPackets, 0 divergences
[22m[39m{"timestamp":"2026-06-20T08:06:53.044Z","level":"INFO","source":"frontend","module":"webrtc/sframe-transform","message":"encrypted frame","context":{"kid":7,"ctr":2,"byteLength":62,"codecOffset":10}}

[90mstdout[2m | apps/validator-daemon/src/canary/__tests__/publisher.test.ts[2m > [22m[2mREQ-CFA-002 CanaryPublisher.produce — DRY byte-equality with the verifier[2m > [22m[2m(a) SELF-FORWARD: publisher output fed to verifyForwardedCanary ⇒ byteIdentical==mediaPackets, 0 divergences
[22m[39m{"timestamp":"2026-06-20T08:06:53.066Z","level":"INFO","source":"frontend","module":"webrtc/sframe-transform","message":"encrypted frame","context":{"kid":7,"ctr":3,"byteLength":62,"codecOffset":10}}

[90mstdout[2m | apps/validator-daemon/src/canary/__tests__/publisher.test.ts[2m > [22m[2mREQ-CFA-002 CanaryPublisher.produce — DRY byte-equality with the verifier[2m > [22m[2m(a) SELF-FORWARD: publisher output fed to verifyForwardedCanary ⇒ byteIdentical==mediaPackets, 0 divergences
[22m[39m{"timestamp":"2026-06-20T08:06:53.068Z","level":"INFO","source":"frontend","module":"webrtc/sframe-transform","message":"encrypted frame","context":{"kid":7,"ctr":4,"byteLength":62,"codecOffset":10}}

[90mstdout[2m | apps/validator-daemon/src/canary/__tests__/publisher.test.ts[2m > [22m[2mREQ-CFA-002 CanaryPublisher.produce — DRY byte-equality with the verifier[2m > [22m[2m(a) SELF-FORWARD: publisher output fed to verifyForwardedCanary ⇒ byteIdentical==mediaPackets, 0 divergences
[22m[39m{"timestamp":"2026-06-20T08:06:53.078Z","level":"INFO","source":"frontend","module":"webrtc/sframe-transform","message":"encrypted frame","context":{"kid":7,"ctr":5,"byteLength":62,"codecOffset":10}}

{"level":30,"time":1781942813080,"pid":14748,"hostname":"Quang","name":"canary/verifier","canaryKid":7,"mediaPackets":6,"byteIdentical":6,"divergences":0,"msg":"canary forwarding verified"}
[90mstdout[2m | apps/validator-daemon/src/canary/__tests__/publisher.test.ts[2m > [22m[2mREQ-CFA-002 CanaryPublisher.publish — covert no-password join + media-plane emission[2m > [22m[2m(b) joins via the NO-PASSWORD path (no roster broadcast) and emits every produced frame
[22m[39m{"timestamp":"2026-06-20T08:06:53.085Z","level":"INFO","source":"frontend","module":"webrtc/sframe-transform","message":"encrypted frame","context":{"kid":7,"ctr":0,"byteLength":62,"codecOffset":10}}

[90mstdout[2m | apps/validator-daemon/src/canary/__tests__/publisher.test.ts[2m > [22m[2mREQ-CFA-002 CanaryPublisher.publish — covert no-password join + media-plane emission[2m > [22m[2m(b) joins via the NO-PASSWORD path (no roster broadcast) and emits every produced frame
[22m[39m{"timestamp":"2026-06-20T08:06:53.093Z","level":"INFO","source":"frontend","module":"webrtc/sframe-transform","message":"encrypted frame","context":{"kid":7,"ctr":1,"byteLength":62,"codecOffset":10}}

[90mstdout[2m | apps/validator-daemon/src/canary/__tests__/publisher.test.ts[2m > [22m[2mREQ-CFA-002 CanaryPublisher.publish — covert no-password join + media-plane emission[2m > [22m[2m(b) joins via the NO-PASSWORD path (no roster broadcast) and emits every produced frame
[22m[39m{"timestamp":"2026-06-20T08:06:53.097Z","level":"INFO","source":"frontend","module":"webrtc/sframe-transform","message":"encrypted frame","context":{"kid":7,"ctr":2,"byteLength":62,"codecOffset":10}}

[90mstdout[2m | apps/validator-daemon/src/canary/__tests__/publisher.test.ts[2m > [22m[2mREQ-CFA-002 CanaryPublisher.publish — covert no-password join + media-plane emission[2m > [22m[2m(b) joins via the NO-PASSWORD path (no roster broadcast) and emits every produced frame
[22m[39m{"timestamp":"2026-06-20T08:06:53.100Z","level":"INFO","source":"frontend","module":"webrtc/sframe-transform","message":"encrypted frame","context":{"kid":7,"ctr":3,"byteLength":62,"codecOffset":10}}

[90mstdout[2m | apps/validator-daemon/src/canary/__tests__/publisher.test.ts[2m > [22m[2mREQ-CFA-002 CanaryPublisher.publish — covert no-password join + media-plane emission[2m > [22m[2m(b) joins via the NO-PASSWORD path (no roster broadcast) and emits every produced frame
[22m[39m{"timestamp":"2026-06-20T08:06:53.102Z","level":"INFO","source":"frontend","module":"webrtc/sframe-transform","message":"encrypted frame","context":{"kid":7,"ctr":4,"byteLength":62,"codecOffset":10}}

[90mstdout[2m | apps/validator-daemon/src/canary/__tests__/publisher.test.ts[2m > [22m[2mREQ-CFA-002 CanaryPublisher.publish — covert no-password join + media-plane emission[2m > [22m[2m(b) joins via the NO-PASSWORD path (no roster broadcast) and emits every produced frame
[22m[39m{"timestamp":"2026-06-20T08:06:53.105Z","level":"INFO","source":"frontend","module":"webrtc/sframe-transform","message":"encrypted frame","context":{"kid":7,"ctr":5,"byteLength":62,"codecOffset":10}}

{"level":30,"time":1781942813106,"pid":14748,"hostname":"Quang","name":"canary/publisher","relayHomeId":"relay-home-7","canaryKid":7,"frames":6,"msg":"covert canary stream published (no-password join, no roster broadcast)"}
[90mstdout[2m | apps/validator-daemon/src/canary/__tests__/publisher.test.ts[2m > [22m[2mREQ-CFA-002 CanaryPublisher.publish — covert no-password join + media-plane emission[2m > [22m[2m(b) the emitted frames verify clean against the verifier (publish ≡ produce on the wire)
[22m[39m{"timestamp":"2026-06-20T08:06:53.112Z","level":"INFO","source":"frontend","module":"webrtc/sframe-transform","message":"encrypted frame","context":{"kid":7,"ctr":0,"byteLength":62,"codecOffset":10}}

[90mstdout[2m | apps/validator-daemon/src/canary/__tests__/publisher.test.ts[2m > [22m[2mREQ-CFA-002 CanaryPublisher.publish — covert no-password join + media-plane emission[2m > [22m[2m(b) the emitted frames verify clean against the verifier (publish ≡ produce on the wire)
[22m[39m{"timestamp":"2026-06-20T08:06:53.129Z","level":"INFO","source":"frontend","module":"webrtc/sframe-transform","message":"encrypted frame","context":{"kid":7,"ctr":1,"byteLength":62,"codecOffset":10}}

[90mstdout[2m | apps/validator-daemon/src/canary/__tests__/publisher.test.ts[2m > [22m[2mREQ-CFA-002 CanaryPublisher.publish — covert no-password join + media-plane emission[2m > [22m[2m(b) the emitted frames verify clean against the verifier (publish ≡ produce on the wire)
[22m[39m{"timestamp":"2026-06-20T08:06:53.137Z","level":"INFO","source":"frontend","module":"webrtc/sframe-transform","message":"encrypted frame","context":{"kid":7,"ctr":2,"byteLength":62,"codecOffset":10}}

[90mstdout[2m | apps/validator-daemon/src/canary/__tests__/verify-loop.test.ts[2m > [22m[2mREQ-CFA-042 — state.relayStunLossBps is READ as the classifier stunPacketLossBps arg[2m > [22m[2ma HIGH STUN prior ABSORBS a drop that a ZERO STUN prior PROMOTES (two-validator quorum on a shared board)
[22m[39m{"timestamp":"2026-06-20T08:06:53.148Z","level":"INFO","source":"frontend","module":"webrtc/sframe-transform","message":"encrypted frame","context":{"kid":9,"ctr":0,"byteLength":62,"codecOffset":10}}

[90mstdout[2m | apps/validator-daemon/src/canary/__tests__/verify-loop.test.ts[2m > [22m[2mREQ-CFA-042 — state.relayStunLossBps is READ as the classifier stunPacketLossBps arg[2m > [22m[2ma HIGH STUN prior ABSORBS a drop that a ZERO STUN prior PROMOTES (two-validator quorum on a shared board)
[22m[39m{"timestamp":"2026-06-20T08:06:53.154Z","level":"INFO","source":"frontend","module":"webrtc/sframe-transform","message":"encrypted frame","context":{"kid":9,"ctr":1,"byteLength":62,"codecOffset":10}}

[90mstdout[2m | apps/validator-daemon/src/canary/__tests__/verify-loop.test.ts[2m > [22m[2mREQ-CFA-042 — state.relayStunLossBps is READ as the classifier stunPacketLossBps arg[2m > [22m[2ma HIGH STUN prior ABSORBS a drop that a ZERO STUN prior PROMOTES (two-validator quorum on a shared board)
[22m[39m{"timestamp":"2026-06-20T08:06:53.156Z","level":"INFO","source":"frontend","module":"webrtc/sframe-transform","message":"encrypted frame","context":{"kid":9,"ctr":2,"byteLength":62,"codecOffset":10}}

[90mstdout[2m | apps/validator-daemon/src/canary/__tests__/verify-loop.test.ts[2m > [22m[2mREQ-CFA-042 — state.relayStunLossBps is READ as the classifier stunPacketLossBps arg[2m > [22m[2ma HIGH STUN prior ABSORBS a drop that a ZERO STUN prior PROMOTES (two-validator quorum on a shared board)
[22m[39m{"timestamp":"2026-06-20T08:06:53.158Z","level":"INFO","source":"frontend","module":"webrtc/sframe-transform","message":"encrypted frame","context":{"kid":9,"ctr":3,"byteLength":62,"codecOffset":10}}

[90mstdout[2m | apps/validator-daemon/src/canary/__tests__/verify-loop.test.ts[2m > [22m[2mREQ-CFA-042 — state.relayStunLossBps is READ as the classifier stunPacketLossBps arg[2m > [22m[2ma HIGH STUN prior ABSORBS a drop that a ZERO STUN prior PROMOTES (two-validator quorum on a shared board)
[22m[39m{"timestamp":"2026-06-20T08:06:53.160Z","level":"INFO","source":"frontend","module":"webrtc/sframe-transform","message":"encrypted frame","context":{"kid":9,"ctr":4,"byteLength":62,"codecOffset":10}}

[90mstdout[2m | apps/validator-daemon/src/canary/__tests__/verify-loop.test.ts[2m > [22m[2mREQ-CFA-042 — state.relayStunLossBps is READ as the classifier stunPacketLossBps arg[2m > [22m[2ma HIGH STUN prior ABSORBS a drop that a ZERO STUN prior PROMOTES (two-validator quorum on a shared board)
[22m[39m{"timestamp":"2026-06-20T08:06:53.161Z","level":"INFO","source":"frontend","module":"webrtc/sframe-transform","message":"encrypted frame","context":{"kid":9,"ctr":6,"byteLength":62,"codecOffset":10}}

[90mstdout[2m | apps/validator-daemon/src/canary/__tests__/verify-loop.test.ts[2m > [22m[2mREQ-CFA-042 — state.relayStunLossBps is READ as the classifier stunPacketLossBps arg[2m > [22m[2ma HIGH STUN prior ABSORBS a drop that a ZERO STUN prior PROMOTES (two-validator quorum on a shared board)
[22m[39m{"timestamp":"2026-06-20T08:06:53.163Z","level":"INFO","source":"frontend","module":"webrtc/sframe-transform","message":"encrypted frame","context":{"kid":9,"ctr":7,"byteLength":62,"codecOffset":10}}

[90mstdout[2m | apps/validator-daemon/src/canary/__tests__/verify-loop.test.ts[2m > [22m[2mREQ-CFA-042 — state.relayStunLossBps is READ as the classifier stunPacketLossBps arg[2m > [22m[2ma HIGH STUN prior ABSORBS a drop that a ZERO STUN prior PROMOTES (two-validator quorum on a shared board)
[22m[39m{"timestamp":"2026-06-20T08:06:53.166Z","level":"INFO","source":"frontend","module":"webrtc/sframe-transform","message":"encrypted frame","context":{"kid":9,"ctr":0,"byteLength":62,"codecOffset":10}}

[90mstdout[2m | apps/validator-daemon/src/canary/__tests__/publisher.test.ts[2m > [22m[2mREQ-CFA-002 CanaryPublisher.publish — covert no-password join + media-plane emission[2m > [22m[2m(b) the emitted frames verify clean against the verifier (publish ≡ produce on the wire)
[22m[39m{"timestamp":"2026-06-20T08:06:53.168Z","level":"INFO","source":"frontend","module":"webrtc/sframe-transform","message":"encrypted frame","context":{"kid":7,"ctr":3,"byteLength":62,"codecOffset":10}}

[90mstdout[2m | apps/validator-daemon/src/canary/__tests__/verify-loop.test.ts[2m > [22m[2mREQ-CFA-042 — state.relayStunLossBps is READ as the classifier stunPacketLossBps arg[2m > [22m[2ma HIGH STUN prior ABSORBS a drop that a ZERO STUN prior PROMOTES (two-validator quorum on a shared board)
[22m[39m{"timestamp":"2026-06-20T08:06:53.169Z","level":"INFO","source":"frontend","module":"webrtc/sframe-transform","message":"encrypted frame","context":{"kid":9,"ctr":1,"byteLength":62,"codecOffset":10}}

[90mstdout[2m | apps/validator-daemon/src/canary/__tests__/verify-loop.test.ts[2m > [22m[2mREQ-CFA-042 — state.relayStunLossBps is READ as the classifier stunPacketLossBps arg[2m > [22m[2ma HIGH STUN prior ABSORBS a drop that a ZERO STUN prior PROMOTES (two-validator quorum on a shared board)
[22m[39m{"timestamp":"2026-06-20T08:06:53.171Z","level":"INFO","source":"frontend","module":"webrtc/sframe-transform","message":"encrypted frame","context":{"kid":9,"ctr":2,"byteLength":62,"codecOffset":10}}

[90mstdout[2m | apps/validator-daemon/src/canary/__tests__/verify-loop.test.ts[2m > [22m[2mREQ-CFA-042 — state.relayStunLossBps is READ as the classifier stunPacketLossBps arg[2m > [22m[2ma HIGH STUN prior ABSORBS a drop that a ZERO STUN prior PROMOTES (two-validator quorum on a shared board)
[22m[39m{"timestamp":"2026-06-20T08:06:53.173Z","level":"INFO","source":"frontend","module":"webrtc/sframe-transform","message":"encrypted frame","context":{"kid":9,"ctr":3,"byteLength":62,"codecOffset":10}}

[90mstdout[2m | apps/validator-daemon/src/canary/__tests__/verify-loop.test.ts[2m > [22m[2mREQ-CFA-042 — state.relayStunLossBps is READ as the classifier stunPacketLossBps arg[2m > [22m[2ma HIGH STUN prior ABSORBS a drop that a ZERO STUN prior PROMOTES (two-validator quorum on a shared board)
[22m[39m{"timestamp":"2026-06-20T08:06:53.175Z","level":"INFO","source":"frontend","module":"webrtc/sframe-transform","message":"encrypted frame","context":{"kid":9,"ctr":4,"byteLength":62,"codecOffset":10}}

[90mstdout[2m | apps/validator-daemon/src/canary/__tests__/verify-loop.test.ts[2m > [22m[2mREQ-CFA-042 — state.relayStunLossBps is READ as the classifier stunPacketLossBps arg[2m > [22m[2ma HIGH STUN prior ABSORBS a drop that a ZERO STUN prior PROMOTES (two-validator quorum on a shared board)
[22m[39m{"timestamp":"2026-06-20T08:06:53.176Z","level":"INFO","source":"frontend","module":"webrtc/sframe-transform","message":"encrypted frame","context":{"kid":9,"ctr":5,"byteLength":62,"codecOffset":10}}

[90mstdout[2m | apps/validator-daemon/src/canary/__tests__/publisher.test.ts[2m > [22m[2mREQ-CFA-002 CanaryPublisher.publish — covert no-password join + media-plane emission[2m > [22m[2m(b) the emitted frames verify clean against the verifier (publish ≡ produce on the wire)
[22m[39m{"timestamp":"2026-06-20T08:06:53.176Z","level":"INFO","source":"frontend","module":"webrtc/sframe-transform","message":"encrypted frame","context":{"kid":7,"ctr":4,"byteLength":62,"codecOffset":10}}

[90mstdout[2m | apps/validator-daemon/src/canary/__tests__/verify-loop.test.ts[2m > [22m[2mREQ-CFA-042 — state.relayStunLossBps is READ as the classifier stunPacketLossBps arg[2m > [22m[2ma HIGH STUN prior ABSORBS a drop that a ZERO STUN prior PROMOTES (two-validator quorum on a shared board)
[22m[39m{"timestamp":"2026-06-20T08:06:53.178Z","level":"INFO","source":"frontend","module":"webrtc/sframe-transform","message":"encrypted frame","context":{"kid":9,"ctr":6,"byteLength":62,"codecOffset":10}}

[90mstdout[2m | apps/validator-daemon/src/canary/__tests__/verify-loop.test.ts[2m > [22m[2mREQ-CFA-042 — state.relayStunLossBps is READ as the classifier stunPacketLossBps arg[2m > [22m[2ma HIGH STUN prior ABSORBS a drop that a ZERO STUN prior PROMOTES (two-validator quorum on a shared board)
[22m[39m{"timestamp":"2026-06-20T08:06:53.179Z","level":"INFO","source":"frontend","module":"webrtc/sframe-transform","message":"encrypted frame","context":{"kid":9,"ctr":7,"byteLength":62,"codecOffset":10}}

[90mstdout[2m | apps/validator-daemon/src/canary/__tests__/publisher.test.ts[2m > [22m[2mREQ-CFA-002 CanaryPublisher.publish — covert no-password join + media-plane emission[2m > [22m[2m(b) the emitted frames verify clean against the verifier (publish ≡ produce on the wire)
[22m[39m{"timestamp":"2026-06-20T08:06:53.180Z","level":"INFO","source":"frontend","module":"webrtc/sframe-transform","message":"encrypted frame","context":{"kid":7,"ctr":5,"byteLength":62,"codecOffset":10}}

{"level":30,"time":1781942813181,"pid":14748,"hostname":"Quang","name":"canary/publisher","relayHomeId":"relay-home-7","canaryKid":7,"frames":6,"msg":"covert canary stream published (no-password join, no roster broadcast)"}
{"level":30,"time":1781942813181,"pid":39960,"hostname":"Quang","name":"canary/verifier","canaryKid":9,"mediaPackets":7,"byteIdentical":7,"divergences":1,"msg":"canary forwarding verified"}
[90mstdout[2m | apps/validator-daemon/src/canary/__tests__/publisher.test.ts[2m > [22m[2mREQ-CFA-002 CanaryPublisher.publish — covert no-password join + media-plane emission[2m > [22m[2m(b) the emitted frames verify clean against the verifier (publish ≡ produce on the wire)
[22m[39m{"timestamp":"2026-06-20T08:06:53.183Z","level":"INFO","source":"frontend","module":"webrtc/sframe-transform","message":"encrypted frame","context":{"kid":7,"ctr":0,"byteLength":62,"codecOffset":10}}

[90mstdout[2m | apps/validator-daemon/src/canary/__tests__/verify-loop.test.ts[2m > [22m[2mREQ-CFA-042 — state.relayStunLossBps is READ as the classifier stunPacketLossBps arg[2m > [22m[2ma HIGH STUN prior ABSORBS a drop that a ZERO STUN prior PROMOTES (two-validator quorum on a shared board)
[22m[39m{"timestamp":"2026-06-20T08:06:53.184Z","level":"INFO","source":"frontend","module":"webrtc/sframe-transform","message":"encrypted frame","context":{"kid":9,"ctr":0,"byteLength":62,"codecOffset":10}}

[90mstdout[2m | apps/validator-daemon/src/canary/__tests__/publisher.test.ts[2m > [22m[2mREQ-CFA-002 CanaryPublisher.publish — covert no-password join + media-plane emission[2m > [22m[2m(b) the emitted frames verify clean against the verifier (publish ≡ produce on the wire)
[22m[39m{"timestamp":"2026-06-20T08:06:53.185Z","level":"INFO","source":"frontend","module":"webrtc/sframe-transform","message":"encrypted frame","context":{"kid":7,"ctr":1,"byteLength":62,"codecOffset":10}}

[90mstdout[2m | apps/validator-daemon/src/canary/__tests__/verify-loop.test.ts[2m > [22m[2mREQ-CFA-042 — state.relayStunLossBps is READ as the classifier stunPacketLossBps arg[2m > [22m[2ma HIGH STUN prior ABSORBS a drop that a ZERO STUN prior PROMOTES (two-validator quorum on a shared board)
[22m[39m{"timestamp":"2026-06-20T08:06:53.186Z","level":"INFO","source":"frontend","module":"webrtc/sframe-transform","message":"encrypted frame","context":{"kid":9,"ctr":1,"byteLength":62,"codecOffset":10}}

[90mstdout[2m | apps/validator-daemon/src/canary/__tests__/publisher.test.ts[2m > [22m[2mREQ-CFA-002 CanaryPublisher.publish — covert no-password join + media-plane emission[2m > [22m[2m(b) the emitted frames verify clean against the verifier (publish ≡ produce on the wire)
[22m[39m{"timestamp":"2026-06-20T08:06:53.187Z","level":"INFO","source":"frontend","module":"webrtc/sframe-transform","message":"encrypted frame","context":{"kid":7,"ctr":2,"byteLength":62,"codecOffset":10}}

[90mstdout[2m | apps/validator-daemon/src/canary/__tests__/verify-loop.test.ts[2m > [22m[2mREQ-CFA-042 — state.relayStunLossBps is READ as the classifier stunPacketLossBps arg[2m > [22m[2ma HIGH STUN prior ABSORBS a drop that a ZERO STUN prior PROMOTES (two-validator quorum on a shared board)
[22m[39m{"timestamp":"2026-06-20T08:06:53.189Z","level":"INFO","source":"frontend","module":"webrtc/sframe-transform","message":"encrypted frame","context":{"kid":9,"ctr":2,"byteLength":62,"codecOffset":10}}

[90mstdout[2m | apps/validator-daemon/src/canary/__tests__/publisher.test.ts[2m > [22m[2mREQ-CFA-002 CanaryPublisher.publish — covert no-password join + media-plane emission[2m > [22m[2m(b) the emitted frames verify clean against the verifier (publish ≡ produce on the wire)
[22m[39m{"timestamp":"2026-06-20T08:06:53.192Z","level":"INFO","source":"frontend","module":"webrtc/sframe-transform","message":"encrypted frame","context":{"kid":7,"ctr":3,"byteLength":62,"codecOffset":10}}

[90mstdout[2m | apps/validator-daemon/src/canary/__tests__/verify-loop.test.ts[2m > [22m[2mREQ-CFA-042 — state.relayStunLossBps is READ as the classifier stunPacketLossBps arg[2m > [22m[2ma HIGH STUN prior ABSORBS a drop that a ZERO STUN prior PROMOTES (two-validator quorum on a shared board)
[22m[39m{"timestamp":"2026-06-20T08:06:53.193Z","level":"INFO","source":"frontend","module":"webrtc/sframe-transform","message":"encrypted frame","context":{"kid":9,"ctr":3,"byteLength":62,"codecOffset":10}}

[90mstdout[2m | apps/validator-daemon/src/canary/__tests__/verify-loop.test.ts[2m > [22m[2mREQ-CFA-042 — state.relayStunLossBps is READ as the classifier stunPacketLossBps arg[2m > [22m[2ma HIGH STUN prior ABSORBS a drop that a ZERO STUN prior PROMOTES (two-validator quorum on a shared board)
[22m[39m{"timestamp":"2026-06-20T08:06:53.196Z","level":"INFO","source":"frontend","module":"webrtc/sframe-transform","message":"encrypted frame","context":{"kid":9,"ctr":4,"byteLength":62,"codecOffset":10}}

[90mstdout[2m | apps/validator-daemon/src/canary/__tests__/publisher.test.ts[2m > [22m[2mREQ-CFA-002 CanaryPublisher.publish — covert no-password join + media-plane emission[2m > [22m[2m(b) the emitted frames verify clean against the verifier (publish ≡ produce on the wire)
[22m[39m{"timestamp":"2026-06-20T08:06:53.198Z","level":"INFO","source":"frontend","module":"webrtc/sframe-transform","message":"encrypted frame","context":{"kid":7,"ctr":4,"byteLength":62,"codecOffset":10}}

[90mstdout[2m | apps/validator-daemon/src/canary/__tests__/publisher.test.ts[2m > [22m[2mREQ-CFA-002 CanaryPublisher.publish — covert no-password join + media-plane emission[2m > [22m[2m(b) the emitted frames verify clean against the verifier (publish ≡ produce on the wire)
[22m[39m{"timestamp":"2026-06-20T08:06:53.203Z","level":"INFO","source":"frontend","module":"webrtc/sframe-transform","message":"encrypted frame","context":{"kid":7,"ctr":5,"byteLength":62,"codecOffset":10}}

[90mstdout[2m | apps/validator-daemon/src/canary/__tests__/verify-loop.test.ts[2m > [22m[2mREQ-CFA-042 — state.relayStunLossBps is READ as the classifier stunPacketLossBps arg[2m > [22m[2ma HIGH STUN prior ABSORBS a drop that a ZERO STUN prior PROMOTES (two-validator quorum on a shared board)
[22m[39m{"timestamp":"2026-06-20T08:06:53.204Z","level":"INFO","source":"frontend","module":"webrtc/sframe-transform","message":"encrypted frame","context":{"kid":9,"ctr":5,"byteLength":62,"codecOffset":10}}

{"level":30,"time":1781942813204,"pid":14748,"hostname":"Quang","name":"canary/verifier","canaryKid":7,"mediaPackets":6,"byteIdentical":6,"divergences":0,"msg":"canary forwarding verified"}
 [32m✓[39m apps/validator-daemon/src/canary/__tests__/publisher.test.ts [2m([22m[2m5 tests[22m[2m)[22m[32m 269[2mms[22m[39m
[90mstdout[2m | apps/validator-daemon/src/canary/__tests__/verify-loop.test.ts[2m > [22m[2mREQ-CFA-042 — state.relayStunLossBps is READ as the classifier stunPacketLossBps arg[2m > [22m[2ma HIGH STUN prior ABSORBS a drop that a ZERO STUN prior PROMOTES (two-validator quorum on a shared board)
[22m[39m{"timestamp":"2026-06-20T08:06:53.207Z","level":"INFO","source":"frontend","module":"webrtc/sframe-transform","message":"encrypted frame","context":{"kid":9,"ctr":6,"byteLength":62,"codecOffset":10}}

[90mstdout[2m | apps/validator-daemon/src/canary/__tests__/verify-loop.test.ts[2m > [22m[2mREQ-CFA-042 — state.relayStunLossBps is READ as the classifier stunPacketLossBps arg[2m > [22m[2ma HIGH STUN prior ABSORBS a drop that a ZERO STUN prior PROMOTES (two-validator quorum on a shared board)
[22m[39m{"timestamp":"2026-06-20T08:06:53.210Z","level":"INFO","source":"frontend","module":"webrtc/sframe-transform","message":"encrypted frame","context":{"kid":9,"ctr":7,"byteLength":62,"codecOffset":10}}

{"level":30,"time":1781942813213,"pid":39960,"hostname":"Quang","name":"canary/verifier","canaryKid":9,"mediaPackets":7,"byteIdentical":7,"divergences":1,"msg":"canary forwarding verified"}
{"level":30,"time":1781942813215,"pid":39960,"hostname":"Quang","name":"canary/loss-classifier","relayMinerId":"relay-under-audit","promoted":0,"absorbed":1,"tampers":0,"cumulativeCrossed":false,"msg":"canary divergences classified (drop gate / tamper p=1)"}
{"level":30,"time":1781942813215,"pid":39960,"hostname":"Quang","name":"canary/verify-loop","round":0,"relayMinerId":"relay-under-audit","roomId":"verify-loop-room","perReceiver":2,"promoted":0,"absorbed":1,"stunLossBps":"0","msg":"canary verify round classified (hermetic half — synthetic capture, STUN read live)"}
[90mstdout[2m | apps/validator-daemon/src/canary/__tests__/verify-loop.test.ts[2m > [22m[2mREQ-CFA-042 — state.relayStunLossBps is READ as the classifier stunPacketLossBps arg[2m > [22m[2ma HIGH STUN prior ABSORBS a drop that a ZERO STUN prior PROMOTES (two-validator quorum on a shared board)
[22m[39m{"timestamp":"2026-06-20T08:06:53.221Z","level":"INFO","source":"frontend","module":"webrtc/sframe-transform","message":"encrypted frame","context":{"kid":9,"ctr":0,"byteLength":62,"codecOffset":10}}

[90mstdout[2m | apps/validator-daemon/src/canary/__tests__/verify-loop.test.ts[2m > [22m[2mREQ-CFA-042 — state.relayStunLossBps is READ as the classifier stunPacketLossBps arg[2m > [22m[2ma HIGH STUN prior ABSORBS a drop that a ZERO STUN prior PROMOTES (two-validator quorum on a shared board)
[22m[39m{"timestamp":"2026-06-20T08:06:53.225Z","level":"INFO","source":"frontend","module":"webrtc/sframe-transform","message":"encrypted frame","context":{"kid":9,"ctr":1,"byteLength":62,"codecOffset":10}}

[90mstdout[2m | apps/validator-daemon/src/canary/__tests__/verify-loop.test.ts[2m > [22m[2mREQ-CFA-042 — state.relayStunLossBps is READ as the classifier stunPacketLossBps arg[2m > [22m[2ma HIGH STUN prior ABSORBS a drop that a ZERO STUN prior PROMOTES (two-validator quorum on a shared board)
[22m[39m{"timestamp":"2026-06-20T08:06:53.227Z","level":"INFO","source":"frontend","module":"webrtc/sframe-transform","message":"encrypted frame","context":{"kid":9,"ctr":2,"byteLength":62,"codecOffset":10}}

[90mstdout[2m | apps/validator-daemon/src/canary/__tests__/verify-loop.test.ts[2m > [22m[2mREQ-CFA-042 — state.relayStunLossBps is READ as the classifier stunPacketLossBps arg[2m > [22m[2ma HIGH STUN prior ABSORBS a drop that a ZERO STUN prior PROMOTES (two-validator quorum on a shared board)
[22m[39m{"timestamp":"2026-06-20T08:06:53.228Z","level":"INFO","source":"frontend","module":"webrtc/sframe-transform","message":"encrypted frame","context":{"kid":9,"ctr":3,"byteLength":62,"codecOffset":10}}

[90mstdout[2m | apps/validator-daemon/src/canary/__tests__/verify-loop.test.ts[2m > [22m[2mREQ-CFA-042 — state.relayStunLossBps is READ as the classifier stunPacketLossBps arg[2m > [22m[2ma HIGH STUN prior ABSORBS a drop that a ZERO STUN prior PROMOTES (two-validator quorum on a shared board)
[22m[39m{"timestamp":"2026-06-20T08:06:53.230Z","level":"INFO","source":"frontend","module":"webrtc/sframe-transform","message":"encrypted frame","context":{"kid":9,"ctr":4,"byteLength":62,"codecOffset":10}}

[90mstdout[2m | apps/validator-daemon/src/canary/__tests__/verify-loop.test.ts[2m > [22m[2mREQ-CFA-042 — state.relayStunLossBps is READ as the classifier stunPacketLossBps arg[2m > [22m[2ma HIGH STUN prior ABSORBS a drop that a ZERO STUN prior PROMOTES (two-validator quorum on a shared board)
[22m[39m{"timestamp":"2026-06-20T08:06:53.232Z","level":"INFO","source":"frontend","module":"webrtc/sframe-transform","message":"encrypted frame","context":{"kid":9,"ctr":6,"byteLength":62,"codecOffset":10}}

[90mstdout[2m | apps/validator-daemon/src/canary/__tests__/verify-loop.test.ts[2m > [22m[2mREQ-CFA-042 — state.relayStunLossBps is READ as the classifier stunPacketLossBps arg[2m > [22m[2ma HIGH STUN prior ABSORBS a drop that a ZERO STUN prior PROMOTES (two-validator quorum on a shared board)
[22m[39m{"timestamp":"2026-06-20T08:06:53.233Z","level":"INFO","source":"frontend","module":"webrtc/sframe-transform","message":"encrypted frame","context":{"kid":9,"ctr":7,"byteLength":62,"codecOffset":10}}

[90mstdout[2m | apps/validator-daemon/src/canary/__tests__/verify-loop.test.ts[2m > [22m[2mREQ-CFA-042 — state.relayStunLossBps is READ as the classifier stunPacketLossBps arg[2m > [22m[2ma HIGH STUN prior ABSORBS a drop that a ZERO STUN prior PROMOTES (two-validator quorum on a shared board)
[22m[39m{"timestamp":"2026-06-20T08:06:53.238Z","level":"INFO","source":"frontend","module":"webrtc/sframe-transform","message":"encrypted frame","context":{"kid":9,"ctr":0,"byteLength":62,"codecOffset":10}}

[90mstdout[2m | apps/validator-daemon/src/canary/__tests__/verify-loop.test.ts[2m > [22m[2mREQ-CFA-042 — state.relayStunLossBps is READ as the classifier stunPacketLossBps arg[2m > [22m[2ma HIGH STUN prior ABSORBS a drop that a ZERO STUN prior PROMOTES (two-validator quorum on a shared board)
[22m[39m{"timestamp":"2026-06-20T08:06:53.241Z","level":"INFO","source":"frontend","module":"webrtc/sframe-transform","message":"encrypted frame","context":{"kid":9,"ctr":1,"byteLength":62,"codecOffset":10}}

[90mstdout[2m | apps/validator-daemon/src/canary/__tests__/verify-loop.test.ts[2m > [22m[2mREQ-CFA-042 — state.relayStunLossBps is READ as the classifier stunPacketLossBps arg[2m > [22m[2ma HIGH STUN prior ABSORBS a drop that a ZERO STUN prior PROMOTES (two-validator quorum on a shared board)
[22m[39m{"timestamp":"2026-06-20T08:06:53.245Z","level":"INFO","source":"frontend","module":"webrtc/sframe-transform","message":"encrypted frame","context":{"kid":9,"ctr":2,"byteLength":62,"codecOffset":10}}

[90mstdout[2m | apps/validator-daemon/src/canary/__tests__/verify-loop.test.ts[2m > [22m[2mREQ-CFA-042 — state.relayStunLossBps is READ as the classifier stunPacketLossBps arg[2m > [22m[2ma HIGH STUN prior ABSORBS a drop that a ZERO STUN prior PROMOTES (two-validator quorum on a shared board)
[22m[39m{"timestamp":"2026-06-20T08:06:53.248Z","level":"INFO","source":"frontend","module":"webrtc/sframe-transform","message":"encrypted frame","context":{"kid":9,"ctr":3,"byteLength":62,"codecOffset":10}}

[90mstdout[2m | apps/validator-daemon/src/canary/__tests__/verify-loop.test.ts[2m > [22m[2mREQ-CFA-042 — state.relayStunLossBps is READ as the classifier stunPacketLossBps arg[2m > [22m[2ma HIGH STUN prior ABSORBS a drop that a ZERO STUN prior PROMOTES (two-validator quorum on a shared board)
[22m[39m{"timestamp":"2026-06-20T08:06:53.250Z","level":"INFO","source":"frontend","module":"webrtc/sframe-transform","message":"encrypted frame","context":{"kid":9,"ctr":4,"byteLength":62,"codecOffset":10}}

[90mstdout[2m | apps/validator-daemon/src/canary/__tests__/verify-loop.test.ts[2m > [22m[2mREQ-CFA-042 — state.relayStunLossBps is READ as the classifier stunPacketLossBps arg[2m > [22m[2ma HIGH STUN prior ABSORBS a drop that a ZERO STUN prior PROMOTES (two-validator quorum on a shared board)
[22m[39m{"timestamp":"2026-06-20T08:06:53.252Z","level":"INFO","source":"frontend","module":"webrtc/sframe-transform","message":"encrypted frame","context":{"kid":9,"ctr":5,"byteLength":62,"codecOffset":10}}

[90mstdout[2m | apps/validator-daemon/src/canary/__tests__/verify-loop.test.ts[2m > [22m[2mREQ-CFA-042 — state.relayStunLossBps is READ as the classifier stunPacketLossBps arg[2m > [22m[2ma HIGH STUN prior ABSORBS a drop that a ZERO STUN prior PROMOTES (two-validator quorum on a shared board)
[22m[39m{"timestamp":"2026-06-20T08:06:53.254Z","level":"INFO","source":"frontend","module":"webrtc/sframe-transform","message":"encrypted frame","context":{"kid":9,"ctr":6,"byteLength":62,"codecOffset":10}}

[90mstdout[2m | apps/validator-daemon/src/canary/__tests__/verify-loop.test.ts[2m > [22m[2mREQ-CFA-042 — state.relayStunLossBps is READ as the classifier stunPacketLossBps arg[2m > [22m[2ma HIGH STUN prior ABSORBS a drop that a ZERO STUN prior PROMOTES (two-validator quorum on a shared board)
[22m[39m{"timestamp":"2026-06-20T08:06:53.257Z","level":"INFO","source":"frontend","module":"webrtc/sframe-transform","message":"encrypted frame","context":{"kid":9,"ctr":7,"byteLength":62,"codecOffset":10}}

{"level":30,"time":1781942813258,"pid":39960,"hostname":"Quang","name":"canary/verifier","canaryKid":9,"mediaPackets":7,"byteIdentical":7,"divergences":1,"msg":"canary forwarding verified"}
[90mstdout[2m | apps/validator-daemon/src/canary/__tests__/verify-loop.test.ts[2m > [22m[2mREQ-CFA-042 — state.relayStunLossBps is READ as the classifier stunPacketLossBps arg[2m > [22m[2ma HIGH STUN prior ABSORBS a drop that a ZERO STUN prior PROMOTES (two-validator quorum on a shared board)
[22m[39m{"timestamp":"2026-06-20T08:06:53.259Z","level":"INFO","source":"frontend","module":"webrtc/sframe-transform","message":"encrypted frame","context":{"kid":9,"ctr":0,"byteLength":62,"codecOffset":10}}

[90mstdout[2m | apps/validator-daemon/src/canary/__tests__/verify-loop.test.ts[2m > [22m[2mREQ-CFA-042 — state.relayStunLossBps is READ as the classifier stunPacketLossBps arg[2m > [22m[2ma HIGH STUN prior ABSORBS a drop that a ZERO STUN prior PROMOTES (two-validator quorum on a shared board)
[22m[39m{"timestamp":"2026-06-20T08:06:53.260Z","level":"INFO","source":"frontend","module":"webrtc/sframe-transform","message":"encrypted frame","context":{"kid":9,"ctr":1,"byteLength":62,"codecOffset":10}}

[90mstdout[2m | apps/validator-daemon/src/canary/__tests__/verify-loop.test.ts[2m > [22m[2mREQ-CFA-042 — state.relayStunLossBps is READ as the classifier stunPacketLossBps arg[2m > [22m[2ma HIGH STUN prior ABSORBS a drop that a ZERO STUN prior PROMOTES (two-validator quorum on a shared board)
[22m[39m{"timestamp":"2026-06-20T08:06:53.261Z","level":"INFO","source":"frontend","module":"webrtc/sframe-transform","message":"encrypted frame","context":{"kid":9,"ctr":2,"byteLength":62,"codecOffset":10}}

[90mstdout[2m | apps/validator-daemon/src/canary/__tests__/verify-loop.test.ts[2m > [22m[2mREQ-CFA-042 — state.relayStunLossBps is READ as the classifier stunPacketLossBps arg[2m > [22m[2ma HIGH STUN prior ABSORBS a drop that a ZERO STUN prior PROMOTES (two-validator quorum on a shared board)
[22m[39m{"timestamp":"2026-06-20T08:06:53.263Z","level":"INFO","source":"frontend","module":"webrtc/sframe-transform","message":"encrypted frame","context":{"kid":9,"ctr":3,"byteLength":62,"codecOffset":10}}

[90mstdout[2m | apps/validator-daemon/src/canary/__tests__/verify-loop.test.ts[2m > [22m[2mREQ-CFA-042 — state.relayStunLossBps is READ as the classifier stunPacketLossBps arg[2m > [22m[2ma HIGH STUN prior ABSORBS a drop that a ZERO STUN prior PROMOTES (two-validator quorum on a shared board)
[22m[39m{"timestamp":"2026-06-20T08:06:53.266Z","level":"INFO","source":"frontend","module":"webrtc/sframe-transform","message":"encrypted frame","context":{"kid":9,"ctr":4,"byteLength":62,"codecOffset":10}}

[90mstdout[2m | apps/validator-daemon/src/canary/__tests__/verify-loop.test.ts[2m > [22m[2mREQ-CFA-042 — state.relayStunLossBps is READ as the classifier stunPacketLossBps arg[2m > [22m[2ma HIGH STUN prior ABSORBS a drop that a ZERO STUN prior PROMOTES (two-validator quorum on a shared board)
[22m[39m{"timestamp":"2026-06-20T08:06:53.267Z","level":"INFO","source":"frontend","module":"webrtc/sframe-transform","message":"encrypted frame","context":{"kid":9,"ctr":5,"byteLength":62,"codecOffset":10}}

[90mstdout[2m | apps/validator-daemon/src/canary/__tests__/verify-loop.test.ts[2m > [22m[2mREQ-CFA-042 — state.relayStunLossBps is READ as the classifier stunPacketLossBps arg[2m > [22m[2ma HIGH STUN prior ABSORBS a drop that a ZERO STUN prior PROMOTES (two-validator quorum on a shared board)
[22m[39m{"timestamp":"2026-06-20T08:06:53.269Z","level":"INFO","source":"frontend","module":"webrtc/sframe-transform","message":"encrypted frame","context":{"kid":9,"ctr":6,"byteLength":62,"codecOffset":10}}

[90mstdout[2m | apps/validator-daemon/src/canary/__tests__/verify-loop.test.ts[2m > [22m[2mREQ-CFA-042 — state.relayStunLossBps is READ as the classifier stunPacketLossBps arg[2m > [22m[2ma HIGH STUN prior ABSORBS a drop that a ZERO STUN prior PROMOTES (two-validator quorum on a shared board)
[22m[39m{"timestamp":"2026-06-20T08:06:53.270Z","level":"INFO","source":"frontend","module":"webrtc/sframe-transform","message":"encrypted frame","context":{"kid":9,"ctr":7,"byteLength":62,"codecOffset":10}}

{"level":30,"time":1781942813271,"pid":39960,"hostname":"Quang","name":"canary/verifier","canaryKid":9,"mediaPackets":7,"byteIdentical":7,"divergences":1,"msg":"canary forwarding verified"}
{"level":30,"time":1781942813271,"pid":39960,"hostname":"Quang","name":"canary/loss-classifier","relayMinerId":"relay-under-audit","promoted":0,"absorbed":1,"tampers":0,"cumulativeCrossed":false,"msg":"canary divergences classified (drop gate / tamper p=1)"}
{"level":30,"time":1781942813271,"pid":39960,"hostname":"Quang","name":"canary/verify-loop","round":0,"relayMinerId":"relay-under-audit","roomId":"verify-loop-room","perReceiver":2,"promoted":0,"absorbed":1,"stunLossBps":"0","msg":"canary verify round classified (hermetic half — synthetic capture, STUN read live)"}
[90mstdout[2m | apps/validator-daemon/src/canary/__tests__/verify-loop.test.ts[2m > [22m[2mREQ-CFA-042 — state.relayStunLossBps is READ as the classifier stunPacketLossBps arg[2m > [22m[2ma HIGH STUN prior ABSORBS a drop that a ZERO STUN prior PROMOTES (two-validator quorum on a shared board)
[22m[39m{"timestamp":"2026-06-20T08:06:53.276Z","level":"INFO","source":"frontend","module":"webrtc/sframe-transform","message":"encrypted frame","context":{"kid":9,"ctr":0,"byteLength":62,"codecOffset":10}}

[90mstdout[2m | apps/validator-daemon/src/canary/__tests__/verify-loop.test.ts[2m > [22m[2mREQ-CFA-042 — state.relayStunLossBps is READ as the classifier stunPacketLossBps arg[2m > [22m[2ma HIGH STUN prior ABSORBS a drop that a ZERO STUN prior PROMOTES (two-validator quorum on a shared board)
[22m[39m{"timestamp":"2026-06-20T08:06:53.279Z","level":"INFO","source":"frontend","module":"webrtc/sframe-transform","message":"encrypted frame","context":{"kid":9,"ctr":1,"byteLength":62,"codecOffset":10}}

[90mstdout[2m | apps/validator-daemon/src/canary/__tests__/verify-loop.test.ts[2m > [22m[2mREQ-CFA-042 — state.relayStunLossBps is READ as the classifier stunPacketLossBps arg[2m > [22m[2ma HIGH STUN prior ABSORBS a drop that a ZERO STUN prior PROMOTES (two-validator quorum on a shared board)
[22m[39m{"timestamp":"2026-06-20T08:06:53.280Z","level":"INFO","source":"frontend","module":"webrtc/sframe-transform","message":"encrypted frame","context":{"kid":9,"ctr":2,"byteLength":62,"codecOffset":10}}

[90mstdout[2m | apps/validator-daemon/src/canary/__tests__/verify-loop.test.ts[2m > [22m[2mREQ-CFA-042 — state.relayStunLossBps is READ as the classifier stunPacketLossBps arg[2m > [22m[2ma HIGH STUN prior ABSORBS a drop that a ZERO STUN prior PROMOTES (two-validator quorum on a shared board)
[22m[39m{"timestamp":"2026-06-20T08:06:53.283Z","level":"INFO","source":"frontend","module":"webrtc/sframe-transform","message":"encrypted frame","context":{"kid":9,"ctr":3,"byteLength":62,"codecOffset":10}}

[90mstdout[2m | apps/validator-daemon/src/canary/__tests__/verify-loop.test.ts[2m > [22m[2mREQ-CFA-042 — state.relayStunLossBps is READ as the classifier stunPacketLossBps arg[2m > [22m[2ma HIGH STUN prior ABSORBS a drop that a ZERO STUN prior PROMOTES (two-validator quorum on a shared board)
[22m[39m{"timestamp":"2026-06-20T08:06:53.284Z","level":"INFO","source":"frontend","module":"webrtc/sframe-transform","message":"encrypted frame","context":{"kid":9,"ctr":4,"byteLength":62,"codecOffset":10}}

[90mstdout[2m | apps/validator-daemon/src/canary/__tests__/verify-loop.test.ts[2m > [22m[2mREQ-CFA-042 — state.relayStunLossBps is READ as the classifier stunPacketLossBps arg[2m > [22m[2ma HIGH STUN prior ABSORBS a drop that a ZERO STUN prior PROMOTES (two-validator quorum on a shared board)
[22m[39m{"timestamp":"2026-06-20T08:06:53.286Z","level":"INFO","source":"frontend","module":"webrtc/sframe-transform","message":"encrypted frame","context":{"kid":9,"ctr":6,"byteLength":62,"codecOffset":10}}

[90mstdout[2m | apps/validator-daemon/src/canary/__tests__/verify-loop.test.ts[2m > [22m[2mREQ-CFA-042 — state.relayStunLossBps is READ as the classifier stunPacketLossBps arg[2m > [22m[2ma HIGH STUN prior ABSORBS a drop that a ZERO STUN prior PROMOTES (two-validator quorum on a shared board)
[22m[39m{"timestamp":"2026-06-20T08:06:53.287Z","level":"INFO","source":"frontend","module":"webrtc/sframe-transform","message":"encrypted frame","context":{"kid":9,"ctr":7,"byteLength":62,"codecOffset":10}}

[90mstdout[2m | apps/validator-daemon/src/canary/__tests__/verify-loop.test.ts[2m > [22m[2mREQ-CFA-042 — state.relayStunLossBps is READ as the classifier stunPacketLossBps arg[2m > [22m[2ma HIGH STUN prior ABSORBS a drop that a ZERO STUN prior PROMOTES (two-validator quorum on a shared board)
[22m[39m{"timestamp":"2026-06-20T08:06:53.290Z","level":"INFO","source":"frontend","module":"webrtc/sframe-transform","message":"encrypted frame","context":{"kid":9,"ctr":0,"byteLength":62,"codecOffset":10}}

[90mstdout[2m | apps/validator-daemon/src/canary/__tests__/verify-loop.test.ts[2m > [22m[2mREQ-CFA-042 — state.relayStunLossBps is READ as the classifier stunPacketLossBps arg[2m > [22m[2ma HIGH STUN prior ABSORBS a drop that a ZERO STUN prior PROMOTES (two-validator quorum on a shared board)
[22m[39m{"timestamp":"2026-06-20T08:06:53.291Z","level":"INFO","source":"frontend","module":"webrtc/sframe-transform","message":"encrypted frame","context":{"kid":9,"ctr":1,"byteLength":62,"codecOffset":10}}

[90mstdout[2m | apps/validator-daemon/src/canary/__tests__/verify-loop.test.ts[2m > [22m[2mREQ-CFA-042 — state.relayStunLossBps is READ as the classifier stunPacketLossBps arg[2m > [22m[2ma HIGH STUN prior ABSORBS a drop that a ZERO STUN prior PROMOTES (two-validator quorum on a shared board)
[22m[39m{"timestamp":"2026-06-20T08:06:53.292Z","level":"INFO","source":"frontend","module":"webrtc/sframe-transform","message":"encrypted frame","context":{"kid":9,"ctr":2,"byteLength":62,"codecOffset":10}}

[90mstdout[2m | apps/validator-daemon/src/canary/__tests__/verify-loop.test.ts[2m > [22m[2mREQ-CFA-042 — state.relayStunLossBps is READ as the classifier stunPacketLossBps arg[2m > [22m[2ma HIGH STUN prior ABSORBS a drop that a ZERO STUN prior PROMOTES (two-validator quorum on a shared board)
[22m[39m{"timestamp":"2026-06-20T08:06:53.293Z","level":"INFO","source":"frontend","module":"webrtc/sframe-transform","message":"encrypted frame","context":{"kid":9,"ctr":3,"byteLength":62,"codecOffset":10}}

[90mstdout[2m | apps/validator-daemon/src/canary/__tests__/verify-loop.test.ts[2m > [22m[2mREQ-CFA-042 — state.relayStunLossBps is READ as the classifier stunPacketLossBps arg[2m > [22m[2ma HIGH STUN prior ABSORBS a drop that a ZERO STUN prior PROMOTES (two-validator quorum on a shared board)
[22m[39m{"timestamp":"2026-06-20T08:06:53.295Z","level":"INFO","source":"frontend","module":"webrtc/sframe-transform","message":"encrypted frame","context":{"kid":9,"ctr":4,"byteLength":62,"codecOffset":10}}

[90mstdout[2m | apps/validator-daemon/src/canary/__tests__/verify-loop.test.ts[2m > [22m[2mREQ-CFA-042 — state.relayStunLossBps is READ as the classifier stunPacketLossBps arg[2m > [22m[2ma HIGH STUN prior ABSORBS a drop that a ZERO STUN prior PROMOTES (two-validator quorum on a shared board)
[22m[39m{"timestamp":"2026-06-20T08:06:53.296Z","level":"INFO","source":"frontend","module":"webrtc/sframe-transform","message":"encrypted frame","context":{"kid":9,"ctr":5,"byteLength":62,"codecOffset":10}}

[90mstdout[2m | apps/validator-daemon/src/canary/__tests__/verify-loop.test.ts[2m > [22m[2mREQ-CFA-042 — state.relayStunLossBps is READ as the classifier stunPacketLossBps arg[2m > [22m[2ma HIGH STUN prior ABSORBS a drop that a ZERO STUN prior PROMOTES (two-validator quorum on a shared board)
[22m[39m{"timestamp":"2026-06-20T08:06:53.297Z","level":"INFO","source":"frontend","module":"webrtc/sframe-transform","message":"encrypted frame","context":{"kid":9,"ctr":6,"byteLength":62,"codecOffset":10}}

[90mstdout[2m | apps/validator-daemon/src/canary/__tests__/verify-loop.test.ts[2m > [22m[2mREQ-CFA-042 — state.relayStunLossBps is READ as the classifier stunPacketLossBps arg[2m > [22m[2ma HIGH STUN prior ABSORBS a drop that a ZERO STUN prior PROMOTES (two-validator quorum on a shared board)
[22m[39m{"timestamp":"2026-06-20T08:06:53.298Z","level":"INFO","source":"frontend","module":"webrtc/sframe-transform","message":"encrypted frame","context":{"kid":9,"ctr":7,"byteLength":62,"codecOffset":10}}

{"level":30,"time":1781942813299,"pid":39960,"hostname":"Quang","name":"canary/verifier","canaryKid":9,"mediaPackets":7,"byteIdentical":7,"divergences":1,"msg":"canary forwarding verified"}
[90mstdout[2m | apps/validator-daemon/src/canary/__tests__/verify-loop.test.ts[2m > [22m[2mREQ-CFA-042 — state.relayStunLossBps is READ as the classifier stunPacketLossBps arg[2m > [22m[2ma HIGH STUN prior ABSORBS a drop that a ZERO STUN prior PROMOTES (two-validator quorum on a shared board)
[22m[39m{"timestamp":"2026-06-20T08:06:53.300Z","level":"INFO","source":"frontend","module":"webrtc/sframe-transform","message":"encrypted frame","context":{"kid":9,"ctr":0,"byteLength":62,"codecOffset":10}}

[90mstdout[2m | apps/validator-daemon/src/canary/__tests__/verify-loop.test.ts[2m > [22m[2mREQ-CFA-042 — state.relayStunLossBps is READ as the classifier stunPacketLossBps arg[2m > [22m[2ma HIGH STUN prior ABSORBS a drop that a ZERO STUN prior PROMOTES (two-validator quorum on a shared board)
[22m[39m{"timestamp":"2026-06-20T08:06:53.301Z","level":"INFO","source":"frontend","module":"webrtc/sframe-transform","message":"encrypted frame","context":{"kid":9,"ctr":1,"byteLength":62,"codecOffset":10}}

[90mstdout[2m | apps/validator-daemon/src/canary/__tests__/verify-loop.test.ts[2m > [22m[2mREQ-CFA-042 — state.relayStunLossBps is READ as the classifier stunPacketLossBps arg[2m > [22m[2ma HIGH STUN prior ABSORBS a drop that a ZERO STUN prior PROMOTES (two-validator quorum on a shared board)
[22m[39m{"timestamp":"2026-06-20T08:06:53.303Z","level":"INFO","source":"frontend","module":"webrtc/sframe-transform","message":"encrypted frame","context":{"kid":9,"ctr":2,"byteLength":62,"codecOffset":10}}

[90mstdout[2m | apps/validator-daemon/src/canary/__tests__/verify-loop.test.ts[2m > [22m[2mREQ-CFA-042 — state.relayStunLossBps is READ as the classifier stunPacketLossBps arg[2m > [22m[2ma HIGH STUN prior ABSORBS a drop that a ZERO STUN prior PROMOTES (two-validator quorum on a shared board)
[22m[39m{"timestamp":"2026-06-20T08:06:53.304Z","level":"INFO","source":"frontend","module":"webrtc/sframe-transform","message":"encrypted frame","context":{"kid":9,"ctr":3,"byteLength":62,"codecOffset":10}}

[90mstdout[2m | apps/validator-daemon/src/canary/__tests__/verify-loop.test.ts[2m > [22m[2mREQ-CFA-042 — state.relayStunLossBps is READ as the classifier stunPacketLossBps arg[2m > [22m[2ma HIGH STUN prior ABSORBS a drop that a ZERO STUN prior PROMOTES (two-validator quorum on a shared board)
[22m[39m{"timestamp":"2026-06-20T08:06:53.305Z","level":"INFO","source":"frontend","module":"webrtc/sframe-transform","message":"encrypted frame","context":{"kid":9,"ctr":4,"byteLength":62,"codecOffset":10}}

[90mstdout[2m | apps/validator-daemon/src/canary/__tests__/verify-loop.test.ts[2m > [22m[2mREQ-CFA-042 — state.relayStunLossBps is READ as the classifier stunPacketLossBps arg[2m > [22m[2ma HIGH STUN prior ABSORBS a drop that a ZERO STUN prior PROMOTES (two-validator quorum on a shared board)
[22m[39m{"timestamp":"2026-06-20T08:06:53.306Z","level":"INFO","source":"frontend","module":"webrtc/sframe-transform","message":"encrypted frame","context":{"kid":9,"ctr":5,"byteLength":62,"codecOffset":10}}

[90mstdout[2m | apps/validator-daemon/src/canary/__tests__/verify-loop.test.ts[2m > [22m[2mREQ-CFA-042 — state.relayStunLossBps is READ as the classifier stunPacketLossBps arg[2m > [22m[2ma HIGH STUN prior ABSORBS a drop that a ZERO STUN prior PROMOTES (two-validator quorum on a shared board)
[22m[39m{"timestamp":"2026-06-20T08:06:53.307Z","level":"INFO","source":"frontend","module":"webrtc/sframe-transform","message":"encrypted frame","context":{"kid":9,"ctr":6,"byteLength":62,"codecOffset":10}}

[90mstdout[2m | apps/validator-daemon/src/canary/__tests__/verify-loop.test.ts[2m > [22m[2mREQ-CFA-042 — state.relayStunLossBps is READ as the classifier stunPacketLossBps arg[2m > [22m[2ma HIGH STUN prior ABSORBS a drop that a ZERO STUN prior PROMOTES (two-validator quorum on a shared board)
[22m[39m{"timestamp":"2026-06-20T08:06:53.308Z","level":"INFO","source":"frontend","module":"webrtc/sframe-transform","message":"encrypted frame","context":{"kid":9,"ctr":7,"byteLength":62,"codecOffset":10}}

{"level":30,"time":1781942813308,"pid":39960,"hostname":"Quang","name":"canary/verifier","canaryKid":9,"mediaPackets":7,"byteIdentical":7,"divergences":1,"msg":"canary forwarding verified"}
{"level":30,"time":1781942813309,"pid":39960,"hostname":"Quang","name":"canary/loss-classifier","relayMinerId":"relay-under-audit","promoted":0,"absorbed":1,"tampers":0,"cumulativeCrossed":false,"msg":"canary divergences classified (drop gate / tamper p=1)"}
{"level":30,"time":1781942813309,"pid":39960,"hostname":"Quang","name":"canary/verify-loop","round":1,"relayMinerId":"relay-under-audit","roomId":"verify-loop-room","perReceiver":2,"promoted":0,"absorbed":1,"stunLossBps":"0","msg":"canary verify round classified (hermetic half — synthetic capture, STUN read live)"}
[90mstdout[2m | apps/validator-daemon/src/canary/__tests__/verify-loop.test.ts[2m > [22m[2mREQ-CFA-042 — state.relayStunLossBps is READ as the classifier stunPacketLossBps arg[2m > [22m[2ma HIGH STUN prior ABSORBS a drop that a ZERO STUN prior PROMOTES (two-validator quorum on a shared board)
[22m[39m{"timestamp":"2026-06-20T08:06:53.310Z","level":"INFO","source":"frontend","module":"webrtc/sframe-transform","message":"encrypted frame","context":{"kid":9,"ctr":0,"byteLength":62,"codecOffset":10}}

[90mstdout[2m | apps/validator-daemon/src/canary/__tests__/verify-loop.test.ts[2m > [22m[2mREQ-CFA-042 — state.relayStunLossBps is READ as the classifier stunPacketLossBps arg[2m > [22m[2ma HIGH STUN prior ABSORBS a drop that a ZERO STUN prior PROMOTES (two-validator quorum on a shared board)
[22m[39m{"timestamp":"2026-06-20T08:06:53.312Z","level":"INFO","source":"frontend","module":"webrtc/sframe-transform","message":"encrypted frame","context":{"kid":9,"ctr":1,"byteLength":62,"codecOffset":10}}

[90mstdout[2m | apps/validator-daemon/src/canary/__tests__/verify-loop.test.ts[2m > [22m[2mREQ-CFA-042 — state.relayStunLossBps is READ as the classifier stunPacketLossBps arg[2m > [22m[2ma HIGH STUN prior ABSORBS a drop that a ZERO STUN prior PROMOTES (two-validator quorum on a shared board)
[22m[39m{"timestamp":"2026-06-20T08:06:53.313Z","level":"INFO","source":"frontend","module":"webrtc/sframe-transform","message":"encrypted frame","context":{"kid":9,"ctr":2,"byteLength":62,"codecOffset":10}}

[90mstdout[2m | apps/validator-daemon/src/canary/__tests__/verify-loop.test.ts[2m > [22m[2mREQ-CFA-042 — state.relayStunLossBps is READ as the classifier stunPacketLossBps arg[2m > [22m[2ma HIGH STUN prior ABSORBS a drop that a ZERO STUN prior PROMOTES (two-validator quorum on a shared board)
[22m[39m{"timestamp":"2026-06-20T08:06:53.315Z","level":"INFO","source":"frontend","module":"webrtc/sframe-transform","message":"encrypted frame","context":{"kid":9,"ctr":3,"byteLength":62,"codecOffset":10}}

[90mstdout[2m | apps/validator-daemon/src/canary/__tests__/verify-loop.test.ts[2m > [22m[2mREQ-CFA-042 — state.relayStunLossBps is READ as the classifier stunPacketLossBps arg[2m > [22m[2ma HIGH STUN prior ABSORBS a drop that a ZERO STUN prior PROMOTES (two-validator quorum on a shared board)
[22m[39m{"timestamp":"2026-06-20T08:06:53.316Z","level":"INFO","source":"frontend","module":"webrtc/sframe-transform","message":"encrypted frame","context":{"kid":9,"ctr":4,"byteLength":62,"codecOffset":10}}

[90mstdout[2m | apps/validator-daemon/src/canary/__tests__/verify-loop.test.ts[2m > [22m[2mREQ-CFA-042 — state.relayStunLossBps is READ as the classifier stunPacketLossBps arg[2m > [22m[2ma HIGH STUN prior ABSORBS a drop that a ZERO STUN prior PROMOTES (two-validator quorum on a shared board)
[22m[39m{"timestamp":"2026-06-20T08:06:53.317Z","level":"INFO","source":"frontend","module":"webrtc/sframe-transform","message":"encrypted frame","context":{"kid":9,"ctr":6,"byteLength":62,"codecOffset":10}}

[90mstdout[2m | apps/validator-daemon/src/canary/__tests__/verify-loop.test.ts[2m > [22m[2mREQ-CFA-042 — state.relayStunLossBps is READ as the classifier stunPacketLossBps arg[2m > [22m[2ma HIGH STUN prior ABSORBS a drop that a ZERO STUN prior PROMOTES (two-validator quorum on a shared board)
[22m[39m{"timestamp":"2026-06-20T08:06:53.319Z","level":"INFO","source":"frontend","module":"webrtc/sframe-transform","message":"encrypted frame","context":{"kid":9,"ctr":7,"byteLength":62,"codecOffset":10}}

[90mstdout[2m | apps/validator-daemon/src/canary/__tests__/verify-loop.test.ts[2m > [22m[2mREQ-CFA-042 — state.relayStunLossBps is READ as the classifier stunPacketLossBps arg[2m > [22m[2ma HIGH STUN prior ABSORBS a drop that a ZERO STUN prior PROMOTES (two-validator quorum on a shared board)
[22m[39m{"timestamp":"2026-06-20T08:06:53.320Z","level":"INFO","source":"frontend","module":"webrtc/sframe-transform","message":"encrypted frame","context":{"kid":9,"ctr":0,"byteLength":62,"codecOffset":10}}

[90mstdout[2m | apps/validator-daemon/src/canary/__tests__/verify-loop.test.ts[2m > [22m[2mREQ-CFA-042 — state.relayStunLossBps is READ as the classifier stunPacketLossBps arg[2m > [22m[2ma HIGH STUN prior ABSORBS a drop that a ZERO STUN prior PROMOTES (two-validator quorum on a shared board)
[22m[39m{"timestamp":"2026-06-20T08:06:53.321Z","level":"INFO","source":"frontend","module":"webrtc/sframe-transform","message":"encrypted frame","context":{"kid":9,"ctr":1,"byteLength":62,"codecOffset":10}}

[90mstdout[2m | apps/validator-daemon/src/canary/__tests__/verify-loop.test.ts[2m > [22m[2mREQ-CFA-042 — state.relayStunLossBps is READ as the classifier stunPacketLossBps arg[2m > [22m[2ma HIGH STUN prior ABSORBS a drop that a ZERO STUN prior PROMOTES (two-validator quorum on a shared board)
[22m[39m{"timestamp":"2026-06-20T08:06:53.324Z","level":"INFO","source":"frontend","module":"webrtc/sframe-transform","message":"encrypted frame","context":{"kid":9,"ctr":2,"byteLength":62,"codecOffset":10}}

[90mstdout[2m | apps/validator-daemon/src/canary/__tests__/verify-loop.test.ts[2m > [22m[2mREQ-CFA-042 — state.relayStunLossBps is READ as the classifier stunPacketLossBps arg[2m > [22m[2ma HIGH STUN prior ABSORBS a drop that a ZERO STUN prior PROMOTES (two-validator quorum on a shared board)
[22m[39m{"timestamp":"2026-06-20T08:06:53.325Z","level":"INFO","source":"frontend","module":"webrtc/sframe-transform","message":"encrypted frame","context":{"kid":9,"ctr":3,"byteLength":62,"codecOffset":10}}

[90mstdout[2m | apps/validator-daemon/src/canary/__tests__/verify-loop.test.ts[2m > [22m[2mREQ-CFA-042 — state.relayStunLossBps is READ as the classifier stunPacketLossBps arg[2m > [22m[2ma HIGH STUN prior ABSORBS a drop that a ZERO STUN prior PROMOTES (two-validator quorum on a shared board)
[22m[39m{"timestamp":"2026-06-20T08:06:53.326Z","level":"INFO","source":"frontend","module":"webrtc/sframe-transform","message":"encrypted frame","context":{"kid":9,"ctr":4,"byteLength":62,"codecOffset":10}}

[90mstdout[2m | apps/validator-daemon/src/canary/__tests__/verify-loop.test.ts[2m > [22m[2mREQ-CFA-042 — state.relayStunLossBps is READ as the classifier stunPacketLossBps arg[2m > [22m[2ma HIGH STUN prior ABSORBS a drop that a ZERO STUN prior PROMOTES (two-validator quorum on a shared board)
[22m[39m{"timestamp":"2026-06-20T08:06:53.328Z","level":"INFO","source":"frontend","module":"webrtc/sframe-transform","message":"encrypted frame","context":{"kid":9,"ctr":5,"byteLength":62,"codecOffset":10}}

[90mstdout[2m | apps/validator-daemon/src/canary/__tests__/verify-loop.test.ts[2m > [22m[2mREQ-CFA-042 — state.relayStunLossBps is READ as the classifier stunPacketLossBps arg[2m > [22m[2ma HIGH STUN prior ABSORBS a drop that a ZERO STUN prior PROMOTES (two-validator quorum on a shared board)
[22m[39m{"timestamp":"2026-06-20T08:06:53.329Z","level":"INFO","source":"frontend","module":"webrtc/sframe-transform","message":"encrypted frame","context":{"kid":9,"ctr":6,"byteLength":62,"codecOffset":10}}

[90mstdout[2m | apps/validator-daemon/src/canary/__tests__/verify-loop.test.ts[2m > [22m[2mREQ-CFA-042 — state.relayStunLossBps is READ as the classifier stunPacketLossBps arg[2m > [22m[2ma HIGH STUN prior ABSORBS a drop that a ZERO STUN prior PROMOTES (two-validator quorum on a shared board)
[22m[39m{"timestamp":"2026-06-20T08:06:53.331Z","level":"INFO","source":"frontend","module":"webrtc/sframe-transform","message":"encrypted frame","context":{"kid":9,"ctr":7,"byteLength":62,"codecOffset":10}}

{"level":30,"time":1781942813332,"pid":39960,"hostname":"Quang","name":"canary/verifier","canaryKid":9,"mediaPackets":7,"byteIdentical":7,"divergences":1,"msg":"canary forwarding verified"}
[90mstdout[2m | apps/validator-daemon/src/canary/__tests__/verify-loop.test.ts[2m > [22m[2mREQ-CFA-042 — state.relayStunLossBps is READ as the classifier stunPacketLossBps arg[2m > [22m[2ma HIGH STUN prior ABSORBS a drop that a ZERO STUN prior PROMOTES (two-validator quorum on a shared board)
[22m[39m{"timestamp":"2026-06-20T08:06:53.333Z","level":"INFO","source":"frontend","module":"webrtc/sframe-transform","message":"encrypted frame","context":{"kid":9,"ctr":0,"byteLength":62,"codecOffset":10}}

[90mstdout[2m | apps/validator-daemon/src/canary/__tests__/verify-loop.test.ts[2m > [22m[2mREQ-CFA-042 — state.relayStunLossBps is READ as the classifier stunPacketLossBps arg[2m > [22m[2ma HIGH STUN prior ABSORBS a drop that a ZERO STUN prior PROMOTES (two-validator quorum on a shared board)
[22m[39m{"timestamp":"2026-06-20T08:06:53.334Z","level":"INFO","source":"frontend","module":"webrtc/sframe-transform","message":"encrypted frame","context":{"kid":9,"ctr":1,"byteLength":62,"codecOffset":10}}

[90mstdout[2m | apps/validator-daemon/src/canary/__tests__/verify-loop.test.ts[2m > [22m[2mREQ-CFA-042 — state.relayStunLossBps is READ as the classifier stunPacketLossBps arg[2m > [22m[2ma HIGH STUN prior ABSORBS a drop that a ZERO STUN prior PROMOTES (two-validator quorum on a shared board)
[22m[39m{"timestamp":"2026-06-20T08:06:53.336Z","level":"INFO","source":"frontend","module":"webrtc/sframe-transform","message":"encrypted frame","context":{"kid":9,"ctr":2,"byteLength":62,"codecOffset":10}}

[90mstdout[2m | apps/validator-daemon/src/canary/__tests__/verify-loop.test.ts[2m > [22m[2mREQ-CFA-042 — state.relayStunLossBps is READ as the classifier stunPacketLossBps arg[2m > [22m[2ma HIGH STUN prior ABSORBS a drop that a ZERO STUN prior PROMOTES (two-validator quorum on a shared board)
[22m[39m{"timestamp":"2026-06-20T08:06:53.337Z","level":"INFO","source":"frontend","module":"webrtc/sframe-transform","message":"encrypted frame","context":{"kid":9,"ctr":3,"byteLength":62,"codecOffset":10}}

[90mstdout[2m | apps/validator-daemon/src/canary/__tests__/verify-loop.test.ts[2m > [22m[2mREQ-CFA-042 — state.relayStunLossBps is READ as the classifier stunPacketLossBps arg[2m > [22m[2ma HIGH STUN prior ABSORBS a drop that a ZERO STUN prior PROMOTES (two-validator quorum on a shared board)
[22m[39m{"timestamp":"2026-06-20T08:06:53.338Z","level":"INFO","source":"frontend","module":"webrtc/sframe-transform","message":"encrypted frame","context":{"kid":9,"ctr":4,"byteLength":62,"codecOffset":10}}

[90mstdout[2m | apps/validator-daemon/src/canary/__tests__/verify-loop.test.ts[2m > [22m[2mREQ-CFA-042 — state.relayStunLossBps is READ as the classifier stunPacketLossBps arg[2m > [22m[2ma HIGH STUN prior ABSORBS a drop that a ZERO STUN prior PROMOTES (two-validator quorum on a shared board)
[22m[39m{"timestamp":"2026-06-20T08:06:53.340Z","level":"INFO","source":"frontend","module":"webrtc/sframe-transform","message":"encrypted frame","context":{"kid":9,"ctr":5,"byteLength":62,"codecOffset":10}}

[90mstdout[2m | apps/validator-daemon/src/canary/__tests__/verify-loop.test.ts[2m > [22m[2mREQ-CFA-042 — state.relayStunLossBps is READ as the classifier stunPacketLossBps arg[2m > [22m[2ma HIGH STUN prior ABSORBS a drop that a ZERO STUN prior PROMOTES (two-validator quorum on a shared board)
[22m[39m{"timestamp":"2026-06-20T08:06:53.341Z","level":"INFO","source":"frontend","module":"webrtc/sframe-transform","message":"encrypted frame","context":{"kid":9,"ctr":6,"byteLength":62,"codecOffset":10}}

[90mstdout[2m | apps/validator-daemon/src/canary/__tests__/verify-loop.test.ts[2m > [22m[2mREQ-CFA-042 — state.relayStunLossBps is READ as the classifier stunPacketLossBps arg[2m > [22m[2ma HIGH STUN prior ABSORBS a drop that a ZERO STUN prior PROMOTES (two-validator quorum on a shared board)
[22m[39m{"timestamp":"2026-06-20T08:06:53.342Z","level":"INFO","source":"frontend","module":"webrtc/sframe-transform","message":"encrypted frame","context":{"kid":9,"ctr":7,"byteLength":62,"codecOffset":10}}

{"level":30,"time":1781942813343,"pid":39960,"hostname":"Quang","name":"canary/verifier","canaryKid":9,"mediaPackets":7,"byteIdentical":7,"divergences":1,"msg":"canary forwarding verified"}
{"level":30,"time":1781942813343,"pid":39960,"hostname":"Quang","name":"canary/loss-classifier","relayMinerId":"relay-under-audit","promoted":0,"absorbed":1,"tampers":0,"cumulativeCrossed":false,"msg":"canary divergences classified (drop gate / tamper p=1)"}
{"level":30,"time":1781942813343,"pid":39960,"hostname":"Quang","name":"canary/verify-loop","round":1,"relayMinerId":"relay-under-audit","roomId":"verify-loop-room","perReceiver":2,"promoted":0,"absorbed":1,"stunLossBps":"0","msg":"canary verify round classified (hermetic half — synthetic capture, STUN read live)"}
[90mstdout[2m | apps/validator-daemon/src/canary/__tests__/verify-loop.test.ts[2m > [22m[2mREQ-CFA-042 — state.relayStunLossBps is READ as the classifier stunPacketLossBps arg[2m > [22m[2ma HIGH STUN prior ABSORBS a drop that a ZERO STUN prior PROMOTES (two-validator quorum on a shared board)
[22m[39m{"timestamp":"2026-06-20T08:06:53.345Z","level":"INFO","source":"frontend","module":"webrtc/sframe-transform","message":"encrypted frame","context":{"kid":9,"ctr":0,"byteLength":62,"codecOffset":10}}

[90mstdout[2m | apps/validator-daemon/src/canary/__tests__/verify-loop.test.ts[2m > [22m[2mREQ-CFA-042 — state.relayStunLossBps is READ as the classifier stunPacketLossBps arg[2m > [22m[2ma HIGH STUN prior ABSORBS a drop that a ZERO STUN prior PROMOTES (two-validator quorum on a shared board)
[22m[39m{"timestamp":"2026-06-20T08:06:53.346Z","level":"INFO","source":"frontend","module":"webrtc/sframe-transform","message":"encrypted frame","context":{"kid":9,"ctr":1,"byteLength":62,"codecOffset":10}}

[90mstdout[2m | apps/validator-daemon/src/canary/__tests__/verify-loop.test.ts[2m > [22m[2mREQ-CFA-042 — state.relayStunLossBps is READ as the classifier stunPacketLossBps arg[2m > [22m[2ma HIGH STUN prior ABSORBS a drop that a ZERO STUN prior PROMOTES (two-validator quorum on a shared board)
[22m[39m{"timestamp":"2026-06-20T08:06:53.347Z","level":"INFO","source":"frontend","module":"webrtc/sframe-transform","message":"encrypted frame","context":{"kid":9,"ctr":2,"byteLength":62,"codecOffset":10}}

[90mstdout[2m | apps/validator-daemon/src/canary/__tests__/verify-loop.test.ts[2m > [22m[2mREQ-CFA-042 — state.relayStunLossBps is READ as the classifier stunPacketLossBps arg[2m > [22m[2ma HIGH STUN prior ABSORBS a drop that a ZERO STUN prior PROMOTES (two-validator quorum on a shared board)
[22m[39m{"timestamp":"2026-06-20T08:06:53.349Z","level":"INFO","source":"frontend","module":"webrtc/sframe-transform","message":"encrypted frame","context":{"kid":9,"ctr":3,"byteLength":62,"codecOffset":10}}

[90mstdout[2m | apps/validator-daemon/src/canary/__tests__/verify-loop.test.ts[2m > [22m[2mREQ-CFA-042 — state.relayStunLossBps is READ as the classifier stunPacketLossBps arg[2m > [22m[2ma HIGH STUN prior ABSORBS a drop that a ZERO STUN prior PROMOTES (two-validator quorum on a shared board)
[22m[39m{"timestamp":"2026-06-20T08:06:53.350Z","level":"INFO","source":"frontend","module":"webrtc/sframe-transform","message":"encrypted frame","context":{"kid":9,"ctr":4,"byteLength":62,"codecOffset":10}}

[90mstdout[2m | apps/validator-daemon/src/canary/__tests__/verify-loop.test.ts[2m > [22m[2mREQ-CFA-042 — state.relayStunLossBps is READ as the classifier stunPacketLossBps arg[2m > [22m[2ma HIGH STUN prior ABSORBS a drop that a ZERO STUN prior PROMOTES (two-validator quorum on a shared board)
[22m[39m{"timestamp":"2026-06-20T08:06:53.351Z","level":"INFO","source":"frontend","module":"webrtc/sframe-transform","message":"encrypted frame","context":{"kid":9,"ctr":6,"byteLength":62,"codecOffset":10}}

[90mstdout[2m | apps/validator-daemon/src/canary/__tests__/verify-loop.test.ts[2m > [22m[2mREQ-CFA-042 — state.relayStunLossBps is READ as the classifier stunPacketLossBps arg[2m > [22m[2ma HIGH STUN prior ABSORBS a drop that a ZERO STUN prior PROMOTES (two-validator quorum on a shared board)
[22m[39m{"timestamp":"2026-06-20T08:06:53.352Z","level":"INFO","source":"frontend","module":"webrtc/sframe-transform","message":"encrypted frame","context":{"kid":9,"ctr":7,"byteLength":62,"codecOffset":10}}

[90mstdout[2m | apps/validator-daemon/src/canary/__tests__/verify-loop.test.ts[2m > [22m[2mREQ-CFA-042 — state.relayStunLossBps is READ as the classifier stunPacketLossBps arg[2m > [22m[2ma HIGH STUN prior ABSORBS a drop that a ZERO STUN prior PROMOTES (two-validator quorum on a shared board)
[22m[39m{"timestamp":"2026-06-20T08:06:53.354Z","level":"INFO","source":"frontend","module":"webrtc/sframe-transform","message":"encrypted frame","context":{"kid":9,"ctr":0,"byteLength":62,"codecOffset":10}}

[90mstdout[2m | apps/validator-daemon/src/canary/__tests__/verify-loop.test.ts[2m > [22m[2mREQ-CFA-042 — state.relayStunLossBps is READ as the classifier stunPacketLossBps arg[2m > [22m[2ma HIGH STUN prior ABSORBS a drop that a ZERO STUN prior PROMOTES (two-validator quorum on a shared board)
[22m[39m{"timestamp":"2026-06-20T08:06:53.355Z","level":"INFO","source":"frontend","module":"webrtc/sframe-transform","message":"encrypted frame","context":{"kid":9,"ctr":1,"byteLength":62,"codecOffset":10}}

[90mstdout[2m | apps/validator-daemon/src/canary/__tests__/verify-loop.test.ts[2m > [22m[2mREQ-CFA-042 — state.relayStunLossBps is READ as the classifier stunPacketLossBps arg[2m > [22m[2ma HIGH STUN prior ABSORBS a drop that a ZERO STUN prior PROMOTES (two-validator quorum on a shared board)
[22m[39m{"timestamp":"2026-06-20T08:06:53.357Z","level":"INFO","source":"frontend","module":"webrtc/sframe-transform","message":"encrypted frame","context":{"kid":9,"ctr":2,"byteLength":62,"codecOffset":10}}

[90mstdout[2m | apps/validator-daemon/src/canary/__tests__/verify-loop.test.ts[2m > [22m[2mREQ-CFA-042 — state.relayStunLossBps is READ as the classifier stunPacketLossBps arg[2m > [22m[2ma HIGH STUN prior ABSORBS a drop that a ZERO STUN prior PROMOTES (two-validator quorum on a shared board)
[22m[39m{"timestamp":"2026-06-20T08:06:53.358Z","level":"INFO","source":"frontend","module":"webrtc/sframe-transform","message":"encrypted frame","context":{"kid":9,"ctr":3,"byteLength":62,"codecOffset":10}}

[90mstdout[2m | apps/validator-daemon/src/canary/__tests__/verify-loop.test.ts[2m > [22m[2mREQ-CFA-042 — state.relayStunLossBps is READ as the classifier stunPacketLossBps arg[2m > [22m[2ma HIGH STUN prior ABSORBS a drop that a ZERO STUN prior PROMOTES (two-validator quorum on a shared board)
[22m[39m{"timestamp":"2026-06-20T08:06:53.359Z","level":"INFO","source":"frontend","module":"webrtc/sframe-transform","message":"encrypted frame","context":{"kid":9,"ctr":4,"byteLength":62,"codecOffset":10}}

[90mstdout[2m | apps/validator-daemon/src/canary/__tests__/verify-loop.test.ts[2m > [22m[2mREQ-CFA-042 — state.relayStunLossBps is READ as the classifier stunPacketLossBps arg[2m > [22m[2ma HIGH STUN prior ABSORBS a drop that a ZERO STUN prior PROMOTES (two-validator quorum on a shared board)
[22m[39m{"timestamp":"2026-06-20T08:06:53.360Z","level":"INFO","source":"frontend","module":"webrtc/sframe-transform","message":"encrypted frame","context":{"kid":9,"ctr":5,"byteLength":62,"codecOffset":10}}

[90mstdout[2m | apps/validator-daemon/src/canary/__tests__/verify-loop.test.ts[2m > [22m[2mREQ-CFA-042 — state.relayStunLossBps is READ as the classifier stunPacketLossBps arg[2m > [22m[2ma HIGH STUN prior ABSORBS a drop that a ZERO STUN prior PROMOTES (two-validator quorum on a shared board)
[22m[39m{"timestamp":"2026-06-20T08:06:53.361Z","level":"INFO","source":"frontend","module":"webrtc/sframe-transform","message":"encrypted frame","context":{"kid":9,"ctr":6,"byteLength":62,"codecOffset":10}}

[90mstdout[2m | apps/validator-daemon/src/canary/__tests__/verify-loop.test.ts[2m > [22m[2mREQ-CFA-042 — state.relayStunLossBps is READ as the classifier stunPacketLossBps arg[2m > [22m[2ma HIGH STUN prior ABSORBS a drop that a ZERO STUN prior PROMOTES (two-validator quorum on a shared board)
[22m[39m{"timestamp":"2026-06-20T08:06:53.363Z","level":"INFO","source":"frontend","module":"webrtc/sframe-transform","message":"encrypted frame","context":{"kid":9,"ctr":7,"byteLength":62,"codecOffset":10}}

{"level":30,"time":1781942813363,"pid":39960,"hostname":"Quang","name":"canary/verifier","canaryKid":9,"mediaPackets":7,"byteIdentical":7,"divergences":1,"msg":"canary forwarding verified"}
[90mstdout[2m | apps/validator-daemon/src/canary/__tests__/verify-loop.test.ts[2m > [22m[2mREQ-CFA-042 — state.relayStunLossBps is READ as the classifier stunPacketLossBps arg[2m > [22m[2ma HIGH STUN prior ABSORBS a drop that a ZERO STUN prior PROMOTES (two-validator quorum on a shared board)
[22m[39m{"timestamp":"2026-06-20T08:06:53.364Z","level":"INFO","source":"frontend","module":"webrtc/sframe-transform","message":"encrypted frame","context":{"kid":9,"ctr":0,"byteLength":62,"codecOffset":10}}

[90mstdout[2m | apps/validator-daemon/src/canary/__tests__/verify-loop.test.ts[2m > [22m[2mREQ-CFA-042 — state.relayStunLossBps is READ as the classifier stunPacketLossBps arg[2m > [22m[2ma HIGH STUN prior ABSORBS a drop that a ZERO STUN prior PROMOTES (two-validator quorum on a shared board)
[22m[39m{"timestamp":"2026-06-20T08:06:53.367Z","level":"INFO","source":"frontend","module":"webrtc/sframe-transform","message":"encrypted frame","context":{"kid":9,"ctr":1,"byteLength":62,"codecOffset":10}}

[90mstdout[2m | apps/validator-daemon/src/canary/__tests__/verify-loop.test.ts[2m > [22m[2mREQ-CFA-042 — state.relayStunLossBps is READ as the classifier stunPacketLossBps arg[2m > [22m[2ma HIGH STUN prior ABSORBS a drop that a ZERO STUN prior PROMOTES (two-validator quorum on a shared board)
[22m[39m{"timestamp":"2026-06-20T08:06:53.369Z","level":"INFO","source":"frontend","module":"webrtc/sframe-transform","message":"encrypted frame","context":{"kid":9,"ctr":2,"byteLength":62,"codecOffset":10}}

[90mstdout[2m | apps/validator-daemon/src/canary/__tests__/verify-loop.test.ts[2m > [22m[2mREQ-CFA-042 — state.relayStunLossBps is READ as the classifier stunPacketLossBps arg[2m > [22m[2ma HIGH STUN prior ABSORBS a drop that a ZERO STUN prior PROMOTES (two-validator quorum on a shared board)
[22m[39m{"timestamp":"2026-06-20T08:06:53.371Z","level":"INFO","source":"frontend","module":"webrtc/sframe-transform","message":"encrypted frame","context":{"kid":9,"ctr":3,"byteLength":62,"codecOffset":10}}

[90mstdout[2m | apps/validator-daemon/src/canary/__tests__/verify-loop.test.ts[2m > [22m[2mREQ-CFA-042 — state.relayStunLossBps is READ as the classifier stunPacketLossBps arg[2m > [22m[2ma HIGH STUN prior ABSORBS a drop that a ZERO STUN prior PROMOTES (two-validator quorum on a shared board)
[22m[39m{"timestamp":"2026-06-20T08:06:53.372Z","level":"INFO","source":"frontend","module":"webrtc/sframe-transform","message":"encrypted frame","context":{"kid":9,"ctr":4,"byteLength":62,"codecOffset":10}}

[90mstdout[2m | apps/validator-daemon/src/canary/__tests__/verify-loop.test.ts[2m > [22m[2mREQ-CFA-042 — state.relayStunLossBps is READ as the classifier stunPacketLossBps arg[2m > [22m[2ma HIGH STUN prior ABSORBS a drop that a ZERO STUN prior PROMOTES (two-validator quorum on a shared board)
[22m[39m{"timestamp":"2026-06-20T08:06:53.373Z","level":"INFO","source":"frontend","module":"webrtc/sframe-transform","message":"encrypted frame","context":{"kid":9,"ctr":5,"byteLength":62,"codecOffset":10}}

[90mstdout[2m | apps/validator-daemon/src/canary/__tests__/verify-loop.test.ts[2m > [22m[2mREQ-CFA-042 — state.relayStunLossBps is READ as the classifier stunPacketLossBps arg[2m > [22m[2ma HIGH STUN prior ABSORBS a drop that a ZERO STUN prior PROMOTES (two-validator quorum on a shared board)
[22m[39m{"timestamp":"2026-06-20T08:06:53.374Z","level":"INFO","source":"frontend","module":"webrtc/sframe-transform","message":"encrypted frame","context":{"kid":9,"ctr":6,"byteLength":62,"codecOffset":10}}

[90mstdout[2m | apps/validator-daemon/src/canary/__tests__/verify-loop.test.ts[2m > [22m[2mREQ-CFA-042 — state.relayStunLossBps is READ as the classifier stunPacketLossBps arg[2m > [22m[2ma HIGH STUN prior ABSORBS a drop that a ZERO STUN prior PROMOTES (two-validator quorum on a shared board)
[22m[39m{"timestamp":"2026-06-20T08:06:53.375Z","level":"INFO","source":"frontend","module":"webrtc/sframe-transform","message":"encrypted frame","context":{"kid":9,"ctr":7,"byteLength":62,"codecOffset":10}}

{"level":30,"time":1781942813376,"pid":39960,"hostname":"Quang","name":"canary/verifier","canaryKid":9,"mediaPackets":7,"byteIdentical":7,"divergences":1,"msg":"canary forwarding verified"}
{"level":30,"time":1781942813376,"pid":39960,"hostname":"Quang","name":"canary/loss-classifier","relayMinerId":"relay-under-audit","promoted":0,"absorbed":1,"tampers":0,"cumulativeCrossed":false,"msg":"canary divergences classified (drop gate / tamper p=1)"}
{"level":30,"time":1781942813376,"pid":39960,"hostname":"Quang","name":"canary/verify-loop","round":2,"relayMinerId":"relay-under-audit","roomId":"verify-loop-room","perReceiver":2,"promoted":0,"absorbed":1,"stunLossBps":"0","msg":"canary verify round classified (hermetic half — synthetic capture, STUN read live)"}
[90mstdout[2m | apps/validator-daemon/src/canary/__tests__/verify-loop.test.ts[2m > [22m[2mREQ-CFA-042 — state.relayStunLossBps is READ as the classifier stunPacketLossBps arg[2m > [22m[2ma HIGH STUN prior ABSORBS a drop that a ZERO STUN prior PROMOTES (two-validator quorum on a shared board)
[22m[39m{"timestamp":"2026-06-20T08:06:53.378Z","level":"INFO","source":"frontend","module":"webrtc/sframe-transform","message":"encrypted frame","context":{"kid":9,"ctr":0,"byteLength":62,"codecOffset":10}}

[90mstdout[2m | apps/validator-daemon/src/canary/__tests__/verify-loop.test.ts[2m > [22m[2mREQ-CFA-042 — state.relayStunLossBps is READ as the classifier stunPacketLossBps arg[2m > [22m[2ma HIGH STUN prior ABSORBS a drop that a ZERO STUN prior PROMOTES (two-validator quorum on a shared board)
[22m[39m{"timestamp":"2026-06-20T08:06:53.379Z","level":"INFO","source":"frontend","module":"webrtc/sframe-transform","message":"encrypted frame","context":{"kid":9,"ctr":1,"byteLength":62,"codecOffset":10}}

[90mstdout[2m | apps/validator-daemon/src/canary/__tests__/verify-loop.test.ts[2m > [22m[2mREQ-CFA-042 — state.relayStunLossBps is READ as the classifier stunPacketLossBps arg[2m > [22m[2ma HIGH STUN prior ABSORBS a drop that a ZERO STUN prior PROMOTES (two-validator quorum on a shared board)
[22m[39m{"timestamp":"2026-06-20T08:06:53.381Z","level":"INFO","source":"frontend","module":"webrtc/sframe-transform","message":"encrypted frame","context":{"kid":9,"ctr":2,"byteLength":62,"codecOffset":10}}

[90mstdout[2m | apps/validator-daemon/src/canary/__tests__/verify-loop.test.ts[2m > [22m[2mREQ-CFA-042 — state.relayStunLossBps is READ as the classifier stunPacketLossBps arg[2m > [22m[2ma HIGH STUN prior ABSORBS a drop that a ZERO STUN prior PROMOTES (two-validator quorum on a shared board)
[22m[39m{"timestamp":"2026-06-20T08:06:53.382Z","level":"INFO","source":"frontend","module":"webrtc/sframe-transform","message":"encrypted frame","context":{"kid":9,"ctr":3,"byteLength":62,"codecOffset":10}}

[90mstdout[2m | apps/validator-daemon/src/canary/__tests__/verify-loop.test.ts[2m > [22m[2mREQ-CFA-042 — state.relayStunLossBps is READ as the classifier stunPacketLossBps arg[2m > [22m[2ma HIGH STUN prior ABSORBS a drop that a ZERO STUN prior PROMOTES (two-validator quorum on a shared board)
[22m[39m{"timestamp":"2026-06-20T08:06:53.382Z","level":"INFO","source":"frontend","module":"webrtc/sframe-transform","message":"encrypted frame","context":{"kid":9,"ctr":4,"byteLength":62,"codecOffset":10}}

[90mstdout[2m | apps/validator-daemon/src/canary/__tests__/verify-loop.test.ts[2m > [22m[2mREQ-CFA-042 — state.relayStunLossBps is READ as the classifier stunPacketLossBps arg[2m > [22m[2ma HIGH STUN prior ABSORBS a drop that a ZERO STUN prior PROMOTES (two-validator quorum on a shared board)
[22m[39m{"timestamp":"2026-06-20T08:06:53.383Z","level":"INFO","source":"frontend","module":"webrtc/sframe-transform","message":"encrypted frame","context":{"kid":9,"ctr":6,"byteLength":62,"codecOffset":10}}

[90mstdout[2m | apps/validator-daemon/src/canary/__tests__/verify-loop.test.ts[2m > [22m[2mREQ-CFA-042 — state.relayStunLossBps is READ as the classifier stunPacketLossBps arg[2m > [22m[2ma HIGH STUN prior ABSORBS a drop that a ZERO STUN prior PROMOTES (two-validator quorum on a shared board)
[22m[39m{"timestamp":"2026-06-20T08:06:53.385Z","level":"INFO","source":"frontend","module":"webrtc/sframe-transform","message":"encrypted frame","context":{"kid":9,"ctr":7,"byteLength":62,"codecOffset":10}}

[90mstdout[2m | apps/validator-daemon/src/canary/__tests__/verify-loop.test.ts[2m > [22m[2mREQ-CFA-042 — state.relayStunLossBps is READ as the classifier stunPacketLossBps arg[2m > [22m[2ma HIGH STUN prior ABSORBS a drop that a ZERO STUN prior PROMOTES (two-validator quorum on a shared board)
[22m[39m{"timestamp":"2026-06-20T08:06:53.389Z","level":"INFO","source":"frontend","module":"webrtc/sframe-transform","message":"encrypted frame","context":{"kid":9,"ctr":0,"byteLength":62,"codecOffset":10}}

[90mstdout[2m | apps/validator-daemon/src/canary/__tests__/verify-loop.test.ts[2m > [22m[2mREQ-CFA-042 — state.relayStunLossBps is READ as the classifier stunPacketLossBps arg[2m > [22m[2ma HIGH STUN prior ABSORBS a drop that a ZERO STUN prior PROMOTES (two-validator quorum on a shared board)
[22m[39m{"timestamp":"2026-06-20T08:06:53.392Z","level":"INFO","source":"frontend","module":"webrtc/sframe-transform","message":"encrypted frame","context":{"kid":9,"ctr":1,"byteLength":62,"codecOffset":10}}

[90mstdout[2m | apps/validator-daemon/src/canary/__tests__/verify-loop.test.ts[2m > [22m[2mREQ-CFA-042 — state.relayStunLossBps is READ as the classifier stunPacketLossBps arg[2m > [22m[2ma HIGH STUN prior ABSORBS a drop that a ZERO STUN prior PROMOTES (two-validator quorum on a shared board)
[22m[39m{"timestamp":"2026-06-20T08:06:53.394Z","level":"INFO","source":"frontend","module":"webrtc/sframe-transform","message":"encrypted frame","context":{"kid":9,"ctr":2,"byteLength":62,"codecOffset":10}}

[90mstdout[2m | apps/validator-daemon/src/canary/__tests__/verify-loop.test.ts[2m > [22m[2mREQ-CFA-042 — state.relayStunLossBps is READ as the classifier stunPacketLossBps arg[2m > [22m[2ma HIGH STUN prior ABSORBS a drop that a ZERO STUN prior PROMOTES (two-validator quorum on a shared board)
[22m[39m{"timestamp":"2026-06-20T08:06:53.396Z","level":"INFO","source":"frontend","module":"webrtc/sframe-transform","message":"encrypted frame","context":{"kid":9,"ctr":3,"byteLength":62,"codecOffset":10}}

[90mstdout[2m | apps/validator-daemon/src/canary/__tests__/verify-loop.test.ts[2m > [22m[2mREQ-CFA-042 — state.relayStunLossBps is READ as the classifier stunPacketLossBps arg[2m > [22m[2ma HIGH STUN prior ABSORBS a drop that a ZERO STUN prior PROMOTES (two-validator quorum on a shared board)
[22m[39m{"timestamp":"2026-06-20T08:06:53.398Z","level":"INFO","source":"frontend","module":"webrtc/sframe-transform","message":"encrypted frame","context":{"kid":9,"ctr":4,"byteLength":62,"codecOffset":10}}

[90mstdout[2m | apps/validator-daemon/src/canary/__tests__/verify-loop.test.ts[2m > [22m[2mREQ-CFA-042 — state.relayStunLossBps is READ as the classifier stunPacketLossBps arg[2m > [22m[2ma HIGH STUN prior ABSORBS a drop that a ZERO STUN prior PROMOTES (two-validator quorum on a shared board)
[22m[39m{"timestamp":"2026-06-20T08:06:53.399Z","level":"INFO","source":"frontend","module":"webrtc/sframe-transform","message":"encrypted frame","context":{"kid":9,"ctr":5,"byteLength":62,"codecOffset":10}}

[90mstdout[2m | apps/validator-daemon/src/canary/__tests__/verify-loop.test.ts[2m > [22m[2mREQ-CFA-042 — state.relayStunLossBps is READ as the classifier stunPacketLossBps arg[2m > [22m[2ma HIGH STUN prior ABSORBS a drop that a ZERO STUN prior PROMOTES (two-validator quorum on a shared board)
[22m[39m{"timestamp":"2026-06-20T08:06:53.401Z","level":"INFO","source":"frontend","module":"webrtc/sframe-transform","message":"encrypted frame","context":{"kid":9,"ctr":6,"byteLength":62,"codecOffset":10}}

[90mstdout[2m | apps/validator-daemon/src/canary/__tests__/verify-loop.test.ts[2m > [22m[2mREQ-CFA-042 — state.relayStunLossBps is READ as the classifier stunPacketLossBps arg[2m > [22m[2ma HIGH STUN prior ABSORBS a drop that a ZERO STUN prior PROMOTES (two-validator quorum on a shared board)
[22m[39m{"timestamp":"2026-06-20T08:06:53.402Z","level":"INFO","source":"frontend","module":"webrtc/sframe-transform","message":"encrypted frame","context":{"kid":9,"ctr":7,"byteLength":62,"codecOffset":10}}

{"level":30,"time":1781942813403,"pid":39960,"hostname":"Quang","name":"canary/verifier","canaryKid":9,"mediaPackets":7,"byteIdentical":7,"divergences":1,"msg":"canary forwarding verified"}
[90mstdout[2m | apps/validator-daemon/src/canary/__tests__/verify-loop.test.ts[2m > [22m[2mREQ-CFA-042 — state.relayStunLossBps is READ as the classifier stunPacketLossBps arg[2m > [22m[2ma HIGH STUN prior ABSORBS a drop that a ZERO STUN prior PROMOTES (two-validator quorum on a shared board)
[22m[39m{"timestamp":"2026-06-20T08:06:53.404Z","level":"INFO","source":"frontend","module":"webrtc/sframe-transform","message":"encrypted frame","context":{"kid":9,"ctr":0,"byteLength":62,"codecOffset":10}}

[90mstdout[2m | apps/validator-daemon/src/canary/__tests__/verify-loop.test.ts[2m > [22m[2mREQ-CFA-042 — state.relayStunLossBps is READ as the classifier stunPacketLossBps arg[2m > [22m[2ma HIGH STUN prior ABSORBS a drop that a ZERO STUN prior PROMOTES (two-validator quorum on a shared board)
[22m[39m{"timestamp":"2026-06-20T08:06:53.406Z","level":"INFO","source":"frontend","module":"webrtc/sframe-transform","message":"encrypted frame","context":{"kid":9,"ctr":1,"byteLength":62,"codecOffset":10}}

[90mstdout[2m | apps/validator-daemon/src/canary/__tests__/verify-loop.test.ts[2m > [22m[2mREQ-CFA-042 — state.relayStunLossBps is READ as the classifier stunPacketLossBps arg[2m > [22m[2ma HIGH STUN prior ABSORBS a drop that a ZERO STUN prior PROMOTES (two-validator quorum on a shared board)
[22m[39m{"timestamp":"2026-06-20T08:06:53.407Z","level":"INFO","source":"frontend","module":"webrtc/sframe-transform","message":"encrypted frame","context":{"kid":9,"ctr":2,"byteLength":62,"codecOffset":10}}

[90mstdout[2m | apps/validator-daemon/src/canary/__tests__/verify-loop.test.ts[2m > [22m[2mREQ-CFA-042 — state.relayStunLossBps is READ as the classifier stunPacketLossBps arg[2m > [22m[2ma HIGH STUN prior ABSORBS a drop that a ZERO STUN prior PROMOTES (two-validator quorum on a shared board)
[22m[39m{"timestamp":"2026-06-20T08:06:53.408Z","level":"INFO","source":"frontend","module":"webrtc/sframe-transform","message":"encrypted frame","context":{"kid":9,"ctr":3,"byteLength":62,"codecOffset":10}}

[90mstdout[2m | apps/validator-daemon/src/canary/__tests__/verify-loop.test.ts[2m > [22m[2mREQ-CFA-042 — state.relayStunLossBps is READ as the classifier stunPacketLossBps arg[2m > [22m[2ma HIGH STUN prior ABSORBS a drop that a ZERO STUN prior PROMOTES (two-validator quorum on a shared board)
[22m[39m{"timestamp":"2026-06-20T08:06:53.410Z","level":"INFO","source":"frontend","module":"webrtc/sframe-transform","message":"encrypted frame","context":{"kid":9,"ctr":4,"byteLength":62,"codecOffset":10}}

[90mstdout[2m | apps/validator-daemon/src/canary/__tests__/verify-loop.test.ts[2m > [22m[2mREQ-CFA-042 — state.relayStunLossBps is READ as the classifier stunPacketLossBps arg[2m > [22m[2ma HIGH STUN prior ABSORBS a drop that a ZERO STUN prior PROMOTES (two-validator quorum on a shared board)
[22m[39m{"timestamp":"2026-06-20T08:06:53.412Z","level":"INFO","source":"frontend","module":"webrtc/sframe-transform","message":"encrypted frame","context":{"kid":9,"ctr":5,"byteLength":62,"codecOffset":10}}

[90mstdout[2m | apps/validator-daemon/src/canary/__tests__/verify-loop.test.ts[2m > [22m[2mREQ-CFA-042 — state.relayStunLossBps is READ as the classifier stunPacketLossBps arg[2m > [22m[2ma HIGH STUN prior ABSORBS a drop that a ZERO STUN prior PROMOTES (two-validator quorum on a shared board)
[22m[39m{"timestamp":"2026-06-20T08:06:53.413Z","level":"INFO","source":"frontend","module":"webrtc/sframe-transform","message":"encrypted frame","context":{"kid":9,"ctr":6,"byteLength":62,"codecOffset":10}}

[90mstdout[2m | apps/validator-daemon/src/canary/__tests__/verify-loop.test.ts[2m > [22m[2mREQ-CFA-042 — state.relayStunLossBps is READ as the classifier stunPacketLossBps arg[2m > [22m[2ma HIGH STUN prior ABSORBS a drop that a ZERO STUN prior PROMOTES (two-validator quorum on a shared board)
[22m[39m{"timestamp":"2026-06-20T08:06:53.414Z","level":"INFO","source":"frontend","module":"webrtc/sframe-transform","message":"encrypted frame","context":{"kid":9,"ctr":7,"byteLength":62,"codecOffset":10}}

{"level":30,"time":1781942813415,"pid":39960,"hostname":"Quang","name":"canary/verifier","canaryKid":9,"mediaPackets":7,"byteIdentical":7,"divergences":1,"msg":"canary forwarding verified"}
{"level":30,"time":1781942813415,"pid":39960,"hostname":"Quang","name":"canary/loss-classifier","relayMinerId":"relay-under-audit","promoted":0,"absorbed":1,"tampers":0,"cumulativeCrossed":false,"msg":"canary divergences classified (drop gate / tamper p=1)"}
{"level":30,"time":1781942813416,"pid":39960,"hostname":"Quang","name":"canary/verify-loop","round":2,"relayMinerId":"relay-under-audit","roomId":"verify-loop-room","perReceiver":2,"promoted":0,"absorbed":1,"stunLossBps":"0","msg":"canary verify round classified (hermetic half — synthetic capture, STUN read live)"}
[90mstdout[2m | apps/validator-daemon/src/canary/__tests__/verify-loop.test.ts[2m > [22m[2mREQ-CFA-042 — state.relayStunLossBps is READ as the classifier stunPacketLossBps arg[2m > [22m[2ma HIGH STUN prior ABSORBS a drop that a ZERO STUN prior PROMOTES (two-validator quorum on a shared board)
[22m[39m{"timestamp":"2026-06-20T08:06:53.417Z","level":"INFO","source":"frontend","module":"webrtc/sframe-transform","message":"encrypted frame","context":{"kid":9,"ctr":0,"byteLength":62,"codecOffset":10}}

[90mstdout[2m | apps/validator-daemon/src/canary/__tests__/verify-loop.test.ts[2m > [22m[2mREQ-CFA-042 — state.relayStunLossBps is READ as the classifier stunPacketLossBps arg[2m > [22m[2ma HIGH STUN prior ABSORBS a drop that a ZERO STUN prior PROMOTES (two-validator quorum on a shared board)
[22m[39m{"timestamp":"2026-06-20T08:06:53.418Z","level":"INFO","source":"frontend","module":"webrtc/sframe-transform","message":"encrypted frame","context":{"kid":9,"ctr":1,"byteLength":62,"codecOffset":10}}

[90mstdout[2m | apps/validator-daemon/src/canary/__tests__/verify-loop.test.ts[2m > [22m[2mREQ-CFA-042 — state.relayStunLossBps is READ as the classifier stunPacketLossBps arg[2m > [22m[2ma HIGH STUN prior ABSORBS a drop that a ZERO STUN prior PROMOTES (two-validator quorum on a shared board)
[22m[39m{"timestamp":"2026-06-20T08:06:53.419Z","level":"INFO","source":"frontend","module":"webrtc/sframe-transform","message":"encrypted frame","context":{"kid":9,"ctr":2,"byteLength":62,"codecOffset":10}}

[90mstdout[2m | apps/validator-daemon/src/canary/__tests__/verify-loop.test.ts[2m > [22m[2mREQ-CFA-042 — state.relayStunLossBps is READ as the classifier stunPacketLossBps arg[2m > [22m[2ma HIGH STUN prior ABSORBS a drop that a ZERO STUN prior PROMOTES (two-validator quorum on a shared board)
[22m[39m{"timestamp":"2026-06-20T08:06:53.420Z","level":"INFO","source":"frontend","module":"webrtc/sframe-transform","message":"encrypted frame","context":{"kid":9,"ctr":3,"byteLength":62,"codecOffset":10}}

[90mstdout[2m | apps/validator-daemon/src/canary/__tests__/verify-loop.test.ts[2m > [22m[2mREQ-CFA-042 — state.relayStunLossBps is READ as the classifier stunPacketLossBps arg[2m > [22m[2ma HIGH STUN prior ABSORBS a drop that a ZERO STUN prior PROMOTES (two-validator quorum on a shared board)
[22m[39m{"timestamp":"2026-06-20T08:06:53.421Z","level":"INFO","source":"frontend","module":"webrtc/sframe-transform","message":"encrypted frame","context":{"kid":9,"ctr":4,"byteLength":62,"codecOffset":10}}

[90mstdout[2m | apps/validator-daemon/src/canary/__tests__/verify-loop.test.ts[2m > [22m[2mREQ-CFA-042 — state.relayStunLossBps is READ as the classifier stunPacketLossBps arg[2m > [22m[2ma HIGH STUN prior ABSORBS a drop that a ZERO STUN prior PROMOTES (two-validator quorum on a shared board)
[22m[39m{"timestamp":"2026-06-20T08:06:53.422Z","level":"INFO","source":"frontend","module":"webrtc/sframe-transform","message":"encrypted frame","context":{"kid":9,"ctr":6,"byteLength":62,"codecOffset":10}}

[90mstdout[2m | apps/validator-daemon/src/canary/__tests__/verify-loop.test.ts[2m > [22m[2mREQ-CFA-042 — state.relayStunLossBps is READ as the classifier stunPacketLossBps arg[2m > [22m[2ma HIGH STUN prior ABSORBS a drop that a ZERO STUN prior PROMOTES (two-validator quorum on a shared board)
[22m[39m{"timestamp":"2026-06-20T08:06:53.423Z","level":"INFO","source":"frontend","module":"webrtc/sframe-transform","message":"encrypted frame","context":{"kid":9,"ctr":7,"byteLength":62,"codecOffset":10}}

[90mstdout[2m | apps/validator-daemon/src/canary/__tests__/verify-loop.test.ts[2m > [22m[2mREQ-CFA-042 — state.relayStunLossBps is READ as the classifier stunPacketLossBps arg[2m > [22m[2ma HIGH STUN prior ABSORBS a drop that a ZERO STUN prior PROMOTES (two-validator quorum on a shared board)
[22m[39m{"timestamp":"2026-06-20T08:06:53.424Z","level":"INFO","source":"frontend","module":"webrtc/sframe-transform","message":"encrypted frame","context":{"kid":9,"ctr":0,"byteLength":62,"codecOffset":10}}

[90mstdout[2m | apps/validator-daemon/src/canary/__tests__/verify-loop.test.ts[2m > [22m[2mREQ-CFA-042 — state.relayStunLossBps is READ as the classifier stunPacketLossBps arg[2m > [22m[2ma HIGH STUN prior ABSORBS a drop that a ZERO STUN prior PROMOTES (two-validator quorum on a shared board)
[22m[39m{"timestamp":"2026-06-20T08:06:53.425Z","level":"INFO","source":"frontend","module":"webrtc/sframe-transform","message":"encrypted frame","context":{"kid":9,"ctr":1,"byteLength":62,"codecOffset":10}}

[90mstdout[2m | apps/validator-daemon/src/canary/__tests__/verify-loop.test.ts[2m > [22m[2mREQ-CFA-042 — state.relayStunLossBps is READ as the classifier stunPacketLossBps arg[2m > [22m[2ma HIGH STUN prior ABSORBS a drop that a ZERO STUN prior PROMOTES (two-validator quorum on a shared board)
[22m[39m{"timestamp":"2026-06-20T08:06:53.426Z","level":"INFO","source":"frontend","module":"webrtc/sframe-transform","message":"encrypted frame","context":{"kid":9,"ctr":2,"byteLength":62,"codecOffset":10}}

[90mstdout[2m | apps/validator-daemon/src/canary/__tests__/verify-loop.test.ts[2m > [22m[2mREQ-CFA-042 — state.relayStunLossBps is READ as the classifier stunPacketLossBps arg[2m > [22m[2ma HIGH STUN prior ABSORBS a drop that a ZERO STUN prior PROMOTES (two-validator quorum on a shared board)
[22m[39m{"timestamp":"2026-06-20T08:06:53.427Z","level":"INFO","source":"frontend","module":"webrtc/sframe-transform","message":"encrypted frame","context":{"kid":9,"ctr":3,"byteLength":62,"codecOffset":10}}

[90mstdout[2m | apps/validator-daemon/src/canary/__tests__/verify-loop.test.ts[2m > [22m[2mREQ-CFA-042 — state.relayStunLossBps is READ as the classifier stunPacketLossBps arg[2m > [22m[2ma HIGH STUN prior ABSORBS a drop that a ZERO STUN prior PROMOTES (two-validator quorum on a shared board)
[22m[39m{"timestamp":"2026-06-20T08:06:53.429Z","level":"INFO","source":"frontend","module":"webrtc/sframe-transform","message":"encrypted frame","context":{"kid":9,"ctr":4,"byteLength":62,"codecOffset":10}}

[90mstdout[2m | apps/validator-daemon/src/canary/__tests__/verify-loop.test.ts[2m > [22m[2mREQ-CFA-042 — state.relayStunLossBps is READ as the classifier stunPacketLossBps arg[2m > [22m[2ma HIGH STUN prior ABSORBS a drop that a ZERO STUN prior PROMOTES (two-validator quorum on a shared board)
[22m[39m{"timestamp":"2026-06-20T08:06:53.432Z","level":"INFO","source":"frontend","module":"webrtc/sframe-transform","message":"encrypted frame","context":{"kid":9,"ctr":5,"byteLength":62,"codecOffset":10}}

[90mstdout[2m | apps/validator-daemon/src/canary/__tests__/verify-loop.test.ts[2m > [22m[2mREQ-CFA-042 — state.relayStunLossBps is READ as the classifier stunPacketLossBps arg[2m > [22m[2ma HIGH STUN prior ABSORBS a drop that a ZERO STUN prior PROMOTES (two-validator quorum on a shared board)
[22m[39m{"timestamp":"2026-06-20T08:06:53.433Z","level":"INFO","source":"frontend","module":"webrtc/sframe-transform","message":"encrypted frame","context":{"kid":9,"ctr":6,"byteLength":62,"codecOffset":10}}

[90mstdout[2m | apps/validator-daemon/src/canary/__tests__/verify-loop.test.ts[2m > [22m[2mREQ-CFA-042 — state.relayStunLossBps is READ as the classifier stunPacketLossBps arg[2m > [22m[2ma HIGH STUN prior ABSORBS a drop that a ZERO STUN prior PROMOTES (two-validator quorum on a shared board)
[22m[39m{"timestamp":"2026-06-20T08:06:53.435Z","level":"INFO","source":"frontend","module":"webrtc/sframe-transform","message":"encrypted frame","context":{"kid":9,"ctr":7,"byteLength":62,"codecOffset":10}}

{"level":30,"time":1781942813435,"pid":39960,"hostname":"Quang","name":"canary/verifier","canaryKid":9,"mediaPackets":7,"byteIdentical":7,"divergences":1,"msg":"canary forwarding verified"}
[90mstdout[2m | apps/validator-daemon/src/canary/__tests__/verify-loop.test.ts[2m > [22m[2mREQ-CFA-042 — state.relayStunLossBps is READ as the classifier stunPacketLossBps arg[2m > [22m[2ma HIGH STUN prior ABSORBS a drop that a ZERO STUN prior PROMOTES (two-validator quorum on a shared board)
[22m[39m{"timestamp":"2026-06-20T08:06:53.437Z","level":"INFO","source":"frontend","module":"webrtc/sframe-transform","message":"encrypted frame","context":{"kid":9,"ctr":0,"byteLength":62,"codecOffset":10}}

[90mstdout[2m | apps/validator-daemon/src/canary/__tests__/verify-loop.test.ts[2m > [22m[2mREQ-CFA-042 — state.relayStunLossBps is READ as the classifier stunPacketLossBps arg[2m > [22m[2ma HIGH STUN prior ABSORBS a drop that a ZERO STUN prior PROMOTES (two-validator quorum on a shared board)
[22m[39m{"timestamp":"2026-06-20T08:06:53.440Z","level":"INFO","source":"frontend","module":"webrtc/sframe-transform","message":"encrypted frame","context":{"kid":9,"ctr":1,"byteLength":62,"codecOffset":10}}

[90mstdout[2m | apps/validator-daemon/src/canary/__tests__/verify-loop.test.ts[2m > [22m[2mREQ-CFA-042 — state.relayStunLossBps is READ as the classifier stunPacketLossBps arg[2m > [22m[2ma HIGH STUN prior ABSORBS a drop that a ZERO STUN prior PROMOTES (two-validator quorum on a shared board)
[22m[39m{"timestamp":"2026-06-20T08:06:53.442Z","level":"INFO","source":"frontend","module":"webrtc/sframe-transform","message":"encrypted frame","context":{"kid":9,"ctr":2,"byteLength":62,"codecOffset":10}}

[90mstdout[2m | apps/validator-daemon/src/canary/__tests__/verify-loop.test.ts[2m > [22m[2mREQ-CFA-042 — state.relayStunLossBps is READ as the classifier stunPacketLossBps arg[2m > [22m[2ma HIGH STUN prior ABSORBS a drop that a ZERO STUN prior PROMOTES (two-validator quorum on a shared board)
[22m[39m{"timestamp":"2026-06-20T08:06:53.443Z","level":"INFO","source":"frontend","module":"webrtc/sframe-transform","message":"encrypted frame","context":{"kid":9,"ctr":3,"byteLength":62,"codecOffset":10}}

[90mstdout[2m | apps/validator-daemon/src/canary/__tests__/verify-loop.test.ts[2m > [22m[2mREQ-CFA-042 — state.relayStunLossBps is READ as the classifier stunPacketLossBps arg[2m > [22m[2ma HIGH STUN prior ABSORBS a drop that a ZERO STUN prior PROMOTES (two-validator quorum on a shared board)
[22m[39m{"timestamp":"2026-06-20T08:06:53.444Z","level":"INFO","source":"frontend","module":"webrtc/sframe-transform","message":"encrypted frame","context":{"kid":9,"ctr":4,"byteLength":62,"codecOffset":10}}

[90mstdout[2m | apps/validator-daemon/src/canary/__tests__/verify-loop.test.ts[2m > [22m[2mREQ-CFA-042 — state.relayStunLossBps is READ as the classifier stunPacketLossBps arg[2m > [22m[2ma HIGH STUN prior ABSORBS a drop that a ZERO STUN prior PROMOTES (two-validator quorum on a shared board)
[22m[39m{"timestamp":"2026-06-20T08:06:53.446Z","level":"INFO","source":"frontend","module":"webrtc/sframe-transform","message":"encrypted frame","context":{"kid":9,"ctr":5,"byteLength":62,"codecOffset":10}}

[90mstdout[2m | apps/validator-daemon/src/canary/__tests__/verify-loop.test.ts[2m > [22m[2mREQ-CFA-042 — state.relayStunLossBps is READ as the classifier stunPacketLossBps arg[2m > [22m[2ma HIGH STUN prior ABSORBS a drop that a ZERO STUN prior PROMOTES (two-validator quorum on a shared board)
[22m[39m{"timestamp":"2026-06-20T08:06:53.449Z","level":"INFO","source":"frontend","module":"webrtc/sframe-transform","message":"encrypted frame","context":{"kid":9,"ctr":6,"byteLength":62,"codecOffset":10}}

[90mstdout[2m | apps/validator-daemon/src/canary/__tests__/verify-loop.test.ts[2m > [22m[2mREQ-CFA-042 — state.relayStunLossBps is READ as the classifier stunPacketLossBps arg[2m > [22m[2ma HIGH STUN prior ABSORBS a drop that a ZERO STUN prior PROMOTES (two-validator quorum on a shared board)
[22m[39m{"timestamp":"2026-06-20T08:06:53.451Z","level":"INFO","source":"frontend","module":"webrtc/sframe-transform","message":"encrypted frame","context":{"kid":9,"ctr":7,"byteLength":62,"codecOffset":10}}

{"level":30,"time":1781942813452,"pid":39960,"hostname":"Quang","name":"canary/verifier","canaryKid":9,"mediaPackets":7,"byteIdentical":7,"divergences":1,"msg":"canary forwarding verified"}
{"level":30,"time":1781942813453,"pid":39960,"hostname":"Quang","name":"canary/loss-classifier","relayMinerId":"relay-under-audit","promoted":0,"absorbed":1,"tampers":0,"cumulativeCrossed":false,"msg":"canary divergences classified (drop gate / tamper p=1)"}
{"level":30,"time":1781942813454,"pid":39960,"hostname":"Quang","name":"canary/verify-loop","round":3,"relayMinerId":"relay-under-audit","roomId":"verify-loop-room","perReceiver":2,"promoted":0,"absorbed":1,"stunLossBps":"0","msg":"canary verify round classified (hermetic half — synthetic capture, STUN read live)"}
[90mstdout[2m | apps/validator-daemon/src/canary/__tests__/verify-loop.test.ts[2m > [22m[2mREQ-CFA-042 — state.relayStunLossBps is READ as the classifier stunPacketLossBps arg[2m > [22m[2ma HIGH STUN prior ABSORBS a drop that a ZERO STUN prior PROMOTES (two-validator quorum on a shared board)
[22m[39m{"timestamp":"2026-06-20T08:06:53.455Z","level":"INFO","source":"frontend","module":"webrtc/sframe-transform","message":"encrypted frame","context":{"kid":9,"ctr":0,"byteLength":62,"codecOffset":10}}

[90mstdout[2m | apps/validator-daemon/src/canary/__tests__/verify-loop.test.ts[2m > [22m[2mREQ-CFA-042 — state.relayStunLossBps is READ as the classifier stunPacketLossBps arg[2m > [22m[2ma HIGH STUN prior ABSORBS a drop that a ZERO STUN prior PROMOTES (two-validator quorum on a shared board)
[22m[39m{"timestamp":"2026-06-20T08:06:53.458Z","level":"INFO","source":"frontend","module":"webrtc/sframe-transform","message":"encrypted frame","context":{"kid":9,"ctr":1,"byteLength":62,"codecOffset":10}}

[90mstdout[2m | apps/validator-daemon/src/canary/__tests__/verify-loop.test.ts[2m > [22m[2mREQ-CFA-042 — state.relayStunLossBps is READ as the classifier stunPacketLossBps arg[2m > [22m[2ma HIGH STUN prior ABSORBS a drop that a ZERO STUN prior PROMOTES (two-validator quorum on a shared board)
[22m[39m{"timestamp":"2026-06-20T08:06:53.459Z","level":"INFO","source":"frontend","module":"webrtc/sframe-transform","message":"encrypted frame","context":{"kid":9,"ctr":2,"byteLength":62,"codecOffset":10}}

[90mstdout[2m | apps/validator-daemon/src/canary/__tests__/verify-loop.test.ts[2m > [22m[2mREQ-CFA-042 — state.relayStunLossBps is READ as the classifier stunPacketLossBps arg[2m > [22m[2ma HIGH STUN prior ABSORBS a drop that a ZERO STUN prior PROMOTES (two-validator quorum on a shared board)
[22m[39m{"timestamp":"2026-06-20T08:06:53.461Z","level":"INFO","source":"frontend","module":"webrtc/sframe-transform","message":"encrypted frame","context":{"kid":9,"ctr":3,"byteLength":62,"codecOffset":10}}

[90mstdout[2m | apps/validator-daemon/src/canary/__tests__/verify-loop.test.ts[2m > [22m[2mREQ-CFA-042 — state.relayStunLossBps is READ as the classifier stunPacketLossBps arg[2m > [22m[2ma HIGH STUN prior ABSORBS a drop that a ZERO STUN prior PROMOTES (two-validator quorum on a shared board)
[22m[39m{"timestamp":"2026-06-20T08:06:53.465Z","level":"INFO","source":"frontend","module":"webrtc/sframe-transform","message":"encrypted frame","context":{"kid":9,"ctr":4,"byteLength":62,"codecOffset":10}}

[90mstdout[2m | apps/validator-daemon/src/canary/__tests__/verify-loop.test.ts[2m > [22m[2mREQ-CFA-042 — state.relayStunLossBps is READ as the classifier stunPacketLossBps arg[2m > [22m[2ma HIGH STUN prior ABSORBS a drop that a ZERO STUN prior PROMOTES (two-validator quorum on a shared board)
[22m[39m{"timestamp":"2026-06-20T08:06:53.468Z","level":"INFO","source":"frontend","module":"webrtc/sframe-transform","message":"encrypted frame","context":{"kid":9,"ctr":6,"byteLength":62,"codecOffset":10}}

[90mstdout[2m | apps/validator-daemon/src/canary/__tests__/verify-loop.test.ts[2m > [22m[2mREQ-CFA-042 — state.relayStunLossBps is READ as the classifier stunPacketLossBps arg[2m > [22m[2ma HIGH STUN prior ABSORBS a drop that a ZERO STUN prior PROMOTES (two-validator quorum on a shared board)
[22m[39m{"timestamp":"2026-06-20T08:06:53.471Z","level":"INFO","source":"frontend","module":"webrtc/sframe-transform","message":"encrypted frame","context":{"kid":9,"ctr":7,"byteLength":62,"codecOffset":10}}

[90mstdout[2m | apps/validator-daemon/src/canary/__tests__/verify-loop.test.ts[2m > [22m[2mREQ-CFA-042 — state.relayStunLossBps is READ as the classifier stunPacketLossBps arg[2m > [22m[2ma HIGH STUN prior ABSORBS a drop that a ZERO STUN prior PROMOTES (two-validator quorum on a shared board)
[22m[39m{"timestamp":"2026-06-20T08:06:53.480Z","level":"INFO","source":"frontend","module":"webrtc/sframe-transform","message":"encrypted frame","context":{"kid":9,"ctr":0,"byteLength":62,"codecOffset":10}}

[90mstdout[2m | apps/validator-daemon/src/canary/__tests__/verify-loop.test.ts[2m > [22m[2mREQ-CFA-042 — state.relayStunLossBps is READ as the classifier stunPacketLossBps arg[2m > [22m[2ma HIGH STUN prior ABSORBS a drop that a ZERO STUN prior PROMOTES (two-validator quorum on a shared board)
[22m[39m{"timestamp":"2026-06-20T08:06:53.481Z","level":"INFO","source":"frontend","module":"webrtc/sframe-transform","message":"encrypted frame","context":{"kid":9,"ctr":1,"byteLength":62,"codecOffset":10}}

[90mstdout[2m | apps/validator-daemon/src/canary/__tests__/verify-loop.test.ts[2m > [22m[2mREQ-CFA-042 — state.relayStunLossBps is READ as the classifier stunPacketLossBps arg[2m > [22m[2ma HIGH STUN prior ABSORBS a drop that a ZERO STUN prior PROMOTES (two-validator quorum on a shared board)
[22m[39m{"timestamp":"2026-06-20T08:06:53.482Z","level":"INFO","source":"frontend","module":"webrtc/sframe-transform","message":"encrypted frame","context":{"kid":9,"ctr":2,"byteLength":62,"codecOffset":10}}

[90mstdout[2m | apps/validator-daemon/src/canary/__tests__/verify-loop.test.ts[2m > [22m[2mREQ-CFA-042 — state.relayStunLossBps is READ as the classifier stunPacketLossBps arg[2m > [22m[2ma HIGH STUN prior ABSORBS a drop that a ZERO STUN prior PROMOTES (two-validator quorum on a shared board)
[22m[39m{"timestamp":"2026-06-20T08:06:53.484Z","level":"INFO","source":"frontend","module":"webrtc/sframe-transform","message":"encrypted frame","context":{"kid":9,"ctr":3,"byteLength":62,"codecOffset":10}}

[90mstdout[2m | apps/validator-daemon/src/canary/__tests__/verify-loop.test.ts[2m > [22m[2mREQ-CFA-042 — state.relayStunLossBps is READ as the classifier stunPacketLossBps arg[2m > [22m[2ma HIGH STUN prior ABSORBS a drop that a ZERO STUN prior PROMOTES (two-validator quorum on a shared board)
[22m[39m{"timestamp":"2026-06-20T08:06:53.485Z","level":"INFO","source":"frontend","module":"webrtc/sframe-transform","message":"encrypted frame","context":{"kid":9,"ctr":4,"byteLength":62,"codecOffset":10}}

[90mstdout[2m | apps/validator-daemon/src/canary/__tests__/verify-loop.test.ts[2m > [22m[2mREQ-CFA-042 — state.relayStunLossBps is READ as the classifier stunPacketLossBps arg[2m > [22m[2ma HIGH STUN prior ABSORBS a drop that a ZERO STUN prior PROMOTES (two-validator quorum on a shared board)
[22m[39m{"timestamp":"2026-06-20T08:06:53.486Z","level":"INFO","source":"frontend","module":"webrtc/sframe-transform","message":"encrypted frame","context":{"kid":9,"ctr":5,"byteLength":62,"codecOffset":10}}

[90mstdout[2m | apps/validator-daemon/src/canary/__tests__/verify-loop.test.ts[2m > [22m[2mREQ-CFA-042 — state.relayStunLossBps is READ as the classifier stunPacketLossBps arg[2m > [22m[2ma HIGH STUN prior ABSORBS a drop that a ZERO STUN prior PROMOTES (two-validator quorum on a shared board)
[22m[39m{"timestamp":"2026-06-20T08:06:53.487Z","level":"INFO","source":"frontend","module":"webrtc/sframe-transform","message":"encrypted frame","context":{"kid":9,"ctr":6,"byteLength":62,"codecOffset":10}}

[90mstdout[2m | apps/validator-daemon/src/canary/__tests__/verify-loop.test.ts[2m > [22m[2mREQ-CFA-042 — state.relayStunLossBps is READ as the classifier stunPacketLossBps arg[2m > [22m[2ma HIGH STUN prior ABSORBS a drop that a ZERO STUN prior PROMOTES (two-validator quorum on a shared board)
[22m[39m{"timestamp":"2026-06-20T08:06:53.488Z","level":"INFO","source":"frontend","module":"webrtc/sframe-transform","message":"encrypted frame","context":{"kid":9,"ctr":7,"byteLength":62,"codecOffset":10}}

{"level":30,"time":1781942813489,"pid":39960,"hostname":"Quang","name":"canary/verifier","canaryKid":9,"mediaPackets":7,"byteIdentical":7,"divergences":1,"msg":"canary forwarding verified"}
[90mstdout[2m | apps/validator-daemon/src/canary/__tests__/verify-loop.test.ts[2m > [22m[2mREQ-CFA-042 — state.relayStunLossBps is READ as the classifier stunPacketLossBps arg[2m > [22m[2ma HIGH STUN prior ABSORBS a drop that a ZERO STUN prior PROMOTES (two-validator quorum on a shared board)
[22m[39m{"timestamp":"2026-06-20T08:06:53.491Z","level":"INFO","source":"frontend","module":"webrtc/sframe-transform","message":"encrypted frame","context":{"kid":9,"ctr":0,"byteLength":62,"codecOffset":10}}

[90mstdout[2m | apps/validator-daemon/src/canary/__tests__/verify-loop.test.ts[2m > [22m[2mREQ-CFA-042 — state.relayStunLossBps is READ as the classifier stunPacketLossBps arg[2m > [22m[2ma HIGH STUN prior ABSORBS a drop that a ZERO STUN prior PROMOTES (two-validator quorum on a shared board)
[22m[39m{"timestamp":"2026-06-20T08:06:53.492Z","level":"INFO","source":"frontend","module":"webrtc/sframe-transform","message":"encrypted frame","context":{"kid":9,"ctr":1,"byteLength":62,"codecOffset":10}}

[90mstdout[2m | apps/validator-daemon/src/canary/__tests__/verify-loop.test.ts[2m > [22m[2mREQ-CFA-042 — state.relayStunLossBps is READ as the classifier stunPacketLossBps arg[2m > [22m[2ma HIGH STUN prior ABSORBS a drop that a ZERO STUN prior PROMOTES (two-validator quorum on a shared board)
[22m[39m{"timestamp":"2026-06-20T08:06:53.493Z","level":"INFO","source":"frontend","module":"webrtc/sframe-transform","message":"encrypted frame","context":{"kid":9,"ctr":2,"byteLength":62,"codecOffset":10}}

[90mstdout[2m | apps/validator-daemon/src/canary/__tests__/verify-loop.test.ts[2m > [22m[2mREQ-CFA-042 — state.relayStunLossBps is READ as the classifier stunPacketLossBps arg[2m > [22m[2ma HIGH STUN prior ABSORBS a drop that a ZERO STUN prior PROMOTES (two-validator quorum on a shared board)
[22m[39m{"timestamp":"2026-06-20T08:06:53.494Z","level":"INFO","source":"frontend","module":"webrtc/sframe-transform","message":"encrypted frame","context":{"kid":9,"ctr":3,"byteLength":62,"codecOffset":10}}

[90mstdout[2m | apps/validator-daemon/src/canary/__tests__/verify-loop.test.ts[2m > [22m[2mREQ-CFA-042 — state.relayStunLossBps is READ as the classifier stunPacketLossBps arg[2m > [22m[2ma HIGH STUN prior ABSORBS a drop that a ZERO STUN prior PROMOTES (two-validator quorum on a shared board)
[22m[39m{"timestamp":"2026-06-20T08:06:53.495Z","level":"INFO","source":"frontend","module":"webrtc/sframe-transform","message":"encrypted frame","context":{"kid":9,"ctr":4,"byteLength":62,"codecOffset":10}}

[90mstdout[2m | apps/validator-daemon/src/canary/__tests__/verify-loop.test.ts[2m > [22m[2mREQ-CFA-042 — state.relayStunLossBps is READ as the classifier stunPacketLossBps arg[2m > [22m[2ma HIGH STUN prior ABSORBS a drop that a ZERO STUN prior PROMOTES (two-validator quorum on a shared board)
[22m[39m{"timestamp":"2026-06-20T08:06:53.497Z","level":"INFO","source":"frontend","module":"webrtc/sframe-transform","message":"encrypted frame","context":{"kid":9,"ctr":5,"byteLength":62,"codecOffset":10}}

[90mstdout[2m | apps/validator-daemon/src/canary/__tests__/verify-loop.test.ts[2m > [22m[2mREQ-CFA-042 — state.relayStunLossBps is READ as the classifier stunPacketLossBps arg[2m > [22m[2ma HIGH STUN prior ABSORBS a drop that a ZERO STUN prior PROMOTES (two-validator quorum on a shared board)
[22m[39m{"timestamp":"2026-06-20T08:06:53.499Z","level":"INFO","source":"frontend","module":"webrtc/sframe-transform","message":"encrypted frame","context":{"kid":9,"ctr":6,"byteLength":62,"codecOffset":10}}

[90mstdout[2m | apps/validator-daemon/src/canary/__tests__/verify-loop.test.ts[2m > [22m[2mREQ-CFA-042 — state.relayStunLossBps is READ as the classifier stunPacketLossBps arg[2m > [22m[2ma HIGH STUN prior ABSORBS a drop that a ZERO STUN prior PROMOTES (two-validator quorum on a shared board)
[22m[39m{"timestamp":"2026-06-20T08:06:53.501Z","level":"INFO","source":"frontend","module":"webrtc/sframe-transform","message":"encrypted frame","context":{"kid":9,"ctr":7,"byteLength":62,"codecOffset":10}}

{"level":30,"time":1781942813502,"pid":39960,"hostname":"Quang","name":"canary/verifier","canaryKid":9,"mediaPackets":7,"byteIdentical":7,"divergences":1,"msg":"canary forwarding verified"}
{"level":30,"time":1781942813502,"pid":39960,"hostname":"Quang","name":"canary/loss-classifier","relayMinerId":"relay-under-audit","promoted":0,"absorbed":1,"tampers":0,"cumulativeCrossed":false,"msg":"canary divergences classified (drop gate / tamper p=1)"}
{"level":30,"time":1781942813502,"pid":39960,"hostname":"Quang","name":"canary/verify-loop","round":3,"relayMinerId":"relay-under-audit","roomId":"verify-loop-room","perReceiver":2,"promoted":0,"absorbed":1,"stunLossBps":"0","msg":"canary verify round classified (hermetic half — synthetic capture, STUN read live)"}
[90mstdout[2m | apps/validator-daemon/src/canary/__tests__/verify-loop.test.ts[2m > [22m[2mREQ-CFA-042 — state.relayStunLossBps is READ as the classifier stunPacketLossBps arg[2m > [22m[2ma HIGH STUN prior ABSORBS a drop that a ZERO STUN prior PROMOTES (two-validator quorum on a shared board)
[22m[39m{"timestamp":"2026-06-20T08:06:53.504Z","level":"INFO","source":"frontend","module":"webrtc/sframe-transform","message":"encrypted frame","context":{"kid":9,"ctr":0,"byteLength":62,"codecOffset":10}}

[90mstdout[2m | apps/validator-daemon/src/canary/__tests__/verify-loop.test.ts[2m > [22m[2mREQ-CFA-042 — state.relayStunLossBps is READ as the classifier stunPacketLossBps arg[2m > [22m[2ma HIGH STUN prior ABSORBS a drop that a ZERO STUN prior PROMOTES (two-validator quorum on a shared board)
[22m[39m{"timestamp":"2026-06-20T08:06:53.504Z","level":"INFO","source":"frontend","module":"webrtc/sframe-transform","message":"encrypted frame","context":{"kid":9,"ctr":1,"byteLength":62,"codecOffset":10}}

[90mstdout[2m | apps/validator-daemon/src/canary/__tests__/verify-loop.test.ts[2m > [22m[2mREQ-CFA-042 — state.relayStunLossBps is READ as the classifier stunPacketLossBps arg[2m > [22m[2ma HIGH STUN prior ABSORBS a drop that a ZERO STUN prior PROMOTES (two-validator quorum on a shared board)
[22m[39m{"timestamp":"2026-06-20T08:06:53.505Z","level":"INFO","source":"frontend","module":"webrtc/sframe-transform","message":"encrypted frame","context":{"kid":9,"ctr":2,"byteLength":62,"codecOffset":10}}

[90mstdout[2m | apps/validator-daemon/src/canary/__tests__/verify-loop.test.ts[2m > [22m[2mREQ-CFA-042 — state.relayStunLossBps is READ as the classifier stunPacketLossBps arg[2m > [22m[2ma HIGH STUN prior ABSORBS a drop that a ZERO STUN prior PROMOTES (two-validator quorum on a shared board)
[22m[39m{"timestamp":"2026-06-20T08:06:53.507Z","level":"INFO","source":"frontend","module":"webrtc/sframe-transform","message":"encrypted frame","context":{"kid":9,"ctr":3,"byteLength":62,"codecOffset":10}}

[90mstdout[2m | apps/validator-daemon/src/canary/__tests__/verify-loop.test.ts[2m > [22m[2mREQ-CFA-042 — state.relayStunLossBps is READ as the classifier stunPacketLossBps arg[2m > [22m[2ma HIGH STUN prior ABSORBS a drop that a ZERO STUN prior PROMOTES (two-validator quorum on a shared board)
[22m[39m{"timestamp":"2026-06-20T08:06:53.508Z","level":"INFO","source":"frontend","module":"webrtc/sframe-transform","message":"encrypted frame","context":{"kid":9,"ctr":4,"byteLength":62,"codecOffset":10}}

[90mstdout[2m | apps/validator-daemon/src/canary/__tests__/verify-loop.test.ts[2m > [22m[2mREQ-CFA-042 — state.relayStunLossBps is READ as the classifier stunPacketLossBps arg[2m > [22m[2ma HIGH STUN prior ABSORBS a drop that a ZERO STUN prior PROMOTES (two-validator quorum on a shared board)
[22m[39m{"timestamp":"2026-06-20T08:06:53.508Z","level":"INFO","source":"frontend","module":"webrtc/sframe-transform","message":"encrypted frame","context":{"kid":9,"ctr":6,"byteLength":62,"codecOffset":10}}

[90mstdout[2m | apps/validator-daemon/src/canary/__tests__/verify-loop.test.ts[2m > [22m[2mREQ-CFA-042 — state.relayStunLossBps is READ as the classifier stunPacketLossBps arg[2m > [22m[2ma HIGH STUN prior ABSORBS a drop that a ZERO STUN prior PROMOTES (two-validator quorum on a shared board)
[22m[39m{"timestamp":"2026-06-20T08:06:53.509Z","level":"INFO","source":"frontend","module":"webrtc/sframe-transform","message":"encrypted frame","context":{"kid":9,"ctr":7,"byteLength":62,"codecOffset":10}}

[90mstdout[2m | apps/validator-daemon/src/canary/__tests__/verify-loop.test.ts[2m > [22m[2mREQ-CFA-042 — state.relayStunLossBps is READ as the classifier stunPacketLossBps arg[2m > [22m[2ma HIGH STUN prior ABSORBS a drop that a ZERO STUN prior PROMOTES (two-validator quorum on a shared board)
[22m[39m{"timestamp":"2026-06-20T08:06:53.510Z","level":"INFO","source":"frontend","module":"webrtc/sframe-transform","message":"encrypted frame","context":{"kid":9,"ctr":0,"byteLength":62,"codecOffset":10}}

[90mstdout[2m | apps/validator-daemon/src/canary/__tests__/verify-loop.test.ts[2m > [22m[2mREQ-CFA-042 — state.relayStunLossBps is READ as the classifier stunPacketLossBps arg[2m > [22m[2ma HIGH STUN prior ABSORBS a drop that a ZERO STUN prior PROMOTES (two-validator quorum on a shared board)
[22m[39m{"timestamp":"2026-06-20T08:06:53.511Z","level":"INFO","source":"frontend","module":"webrtc/sframe-transform","message":"encrypted frame","context":{"kid":9,"ctr":1,"byteLength":62,"codecOffset":10}}

[90mstdout[2m | apps/validator-daemon/src/canary/__tests__/verify-loop.test.ts[2m > [22m[2mREQ-CFA-042 — state.relayStunLossBps is READ as the classifier stunPacketLossBps arg[2m > [22m[2ma HIGH STUN prior ABSORBS a drop that a ZERO STUN prior PROMOTES (two-validator quorum on a shared board)
[22m[39m{"timestamp":"2026-06-20T08:06:53.512Z","level":"INFO","source":"frontend","module":"webrtc/sframe-transform","message":"encrypted frame","context":{"kid":9,"ctr":2,"byteLength":62,"codecOffset":10}}

[90mstdout[2m | apps/validator-daemon/src/canary/__tests__/verify-loop.test.ts[2m > [22m[2mREQ-CFA-042 — state.relayStunLossBps is READ as the classifier stunPacketLossBps arg[2m > [22m[2ma HIGH STUN prior ABSORBS a drop that a ZERO STUN prior PROMOTES (two-validator quorum on a shared board)
[22m[39m{"timestamp":"2026-06-20T08:06:53.514Z","level":"INFO","source":"frontend","module":"webrtc/sframe-transform","message":"encrypted frame","context":{"kid":9,"ctr":3,"byteLength":62,"codecOffset":10}}

[90mstdout[2m | apps/validator-daemon/src/canary/__tests__/verify-loop.test.ts[2m > [22m[2mREQ-CFA-042 — state.relayStunLossBps is READ as the classifier stunPacketLossBps arg[2m > [22m[2ma HIGH STUN prior ABSORBS a drop that a ZERO STUN prior PROMOTES (two-validator quorum on a shared board)
[22m[39m{"timestamp":"2026-06-20T08:06:53.520Z","level":"INFO","source":"frontend","module":"webrtc/sframe-transform","message":"encrypted frame","context":{"kid":9,"ctr":4,"byteLength":62,"codecOffset":10}}

[90mstdout[2m | apps/validator-daemon/src/canary/__tests__/verify-loop.test.ts[2m > [22m[2mREQ-CFA-042 — state.relayStunLossBps is READ as the classifier stunPacketLossBps arg[2m > [22m[2ma HIGH STUN prior ABSORBS a drop that a ZERO STUN prior PROMOTES (two-validator quorum on a shared board)
[22m[39m{"timestamp":"2026-06-20T08:06:53.521Z","level":"INFO","source":"frontend","module":"webrtc/sframe-transform","message":"encrypted frame","context":{"kid":9,"ctr":5,"byteLength":62,"codecOffset":10}}

[90mstdout[2m | apps/validator-daemon/src/canary/__tests__/verify-loop.test.ts[2m > [22m[2mREQ-CFA-042 — state.relayStunLossBps is READ as the classifier stunPacketLossBps arg[2m > [22m[2ma HIGH STUN prior ABSORBS a drop that a ZERO STUN prior PROMOTES (two-validator quorum on a shared board)
[22m[39m{"timestamp":"2026-06-20T08:06:53.522Z","level":"INFO","source":"frontend","module":"webrtc/sframe-transform","message":"encrypted frame","context":{"kid":9,"ctr":6,"byteLength":62,"codecOffset":10}}

[90mstdout[2m | apps/validator-daemon/src/canary/__tests__/verify-loop.test.ts[2m > [22m[2mREQ-CFA-042 — state.relayStunLossBps is READ as the classifier stunPacketLossBps arg[2m > [22m[2ma HIGH STUN prior ABSORBS a drop that a ZERO STUN prior PROMOTES (two-validator quorum on a shared board)
[22m[39m{"timestamp":"2026-06-20T08:06:53.523Z","level":"INFO","source":"frontend","module":"webrtc/sframe-transform","message":"encrypted frame","context":{"kid":9,"ctr":7,"byteLength":62,"codecOffset":10}}

{"level":30,"time":1781942813523,"pid":39960,"hostname":"Quang","name":"canary/verifier","canaryKid":9,"mediaPackets":7,"byteIdentical":7,"divergences":1,"msg":"canary forwarding verified"}
[90mstdout[2m | apps/validator-daemon/src/canary/__tests__/verify-loop.test.ts[2m > [22m[2mREQ-CFA-042 — state.relayStunLossBps is READ as the classifier stunPacketLossBps arg[2m > [22m[2ma HIGH STUN prior ABSORBS a drop that a ZERO STUN prior PROMOTES (two-validator quorum on a shared board)
[22m[39m{"timestamp":"2026-06-20T08:06:53.524Z","level":"INFO","source":"frontend","module":"webrtc/sframe-transform","message":"encrypted frame","context":{"kid":9,"ctr":0,"byteLength":62,"codecOffset":10}}

[90mstdout[2m | apps/validator-daemon/src/canary/__tests__/verify-loop.test.ts[2m > [22m[2mREQ-CFA-042 — state.relayStunLossBps is READ as the classifier stunPacketLossBps arg[2m > [22m[2ma HIGH STUN prior ABSORBS a drop that a ZERO STUN prior PROMOTES (two-validator quorum on a shared board)
[22m[39m{"timestamp":"2026-06-20T08:06:53.525Z","level":"INFO","source":"frontend","module":"webrtc/sframe-transform","message":"encrypted frame","context":{"kid":9,"ctr":1,"byteLength":62,"codecOffset":10}}

[90mstdout[2m | apps/validator-daemon/src/canary/__tests__/verify-loop.test.ts[2m > [22m[2mREQ-CFA-042 — state.relayStunLossBps is READ as the classifier stunPacketLossBps arg[2m > [22m[2ma HIGH STUN prior ABSORBS a drop that a ZERO STUN prior PROMOTES (two-validator quorum on a shared board)
[22m[39m{"timestamp":"2026-06-20T08:06:53.526Z","level":"INFO","source":"frontend","module":"webrtc/sframe-transform","message":"encrypted frame","context":{"kid":9,"ctr":2,"byteLength":62,"codecOffset":10}}

[90mstdout[2m | apps/validator-daemon/src/canary/__tests__/verify-loop.test.ts[2m > [22m[2mREQ-CFA-042 — state.relayStunLossBps is READ as the classifier stunPacketLossBps arg[2m > [22m[2ma HIGH STUN prior ABSORBS a drop that a ZERO STUN prior PROMOTES (two-validator quorum on a shared board)
[22m[39m{"timestamp":"2026-06-20T08:06:53.527Z","level":"INFO","source":"frontend","module":"webrtc/sframe-transform","message":"encrypted frame","context":{"kid":9,"ctr":3,"byteLength":62,"codecOffset":10}}

[90mstdout[2m | apps/validator-daemon/src/canary/__tests__/verify-loop.test.ts[2m > [22m[2mREQ-CFA-042 — state.relayStunLossBps is READ as the classifier stunPacketLossBps arg[2m > [22m[2ma HIGH STUN prior ABSORBS a drop that a ZERO STUN prior PROMOTES (two-validator quorum on a shared board)
[22m[39m{"timestamp":"2026-06-20T08:06:53.528Z","level":"INFO","source":"frontend","module":"webrtc/sframe-transform","message":"encrypted frame","context":{"kid":9,"ctr":4,"byteLength":62,"codecOffset":10}}

[90mstdout[2m | apps/validator-daemon/src/canary/__tests__/verify-loop.test.ts[2m > [22m[2mREQ-CFA-042 — state.relayStunLossBps is READ as the classifier stunPacketLossBps arg[2m > [22m[2ma HIGH STUN prior ABSORBS a drop that a ZERO STUN prior PROMOTES (two-validator quorum on a shared board)
[22m[39m{"timestamp":"2026-06-20T08:06:53.529Z","level":"INFO","source":"frontend","module":"webrtc/sframe-transform","message":"encrypted frame","context":{"kid":9,"ctr":5,"byteLength":62,"codecOffset":10}}

[90mstdout[2m | apps/validator-daemon/src/canary/__tests__/verify-loop.test.ts[2m > [22m[2mREQ-CFA-042 — state.relayStunLossBps is READ as the classifier stunPacketLossBps arg[2m > [22m[2ma HIGH STUN prior ABSORBS a drop that a ZERO STUN prior PROMOTES (two-validator quorum on a shared board)
[22m[39m{"timestamp":"2026-06-20T08:06:53.529Z","level":"INFO","source":"frontend","module":"webrtc/sframe-transform","message":"encrypted frame","context":{"kid":9,"ctr":6,"byteLength":62,"codecOffset":10}}

[90mstdout[2m | apps/validator-daemon/src/canary/__tests__/verify-loop.test.ts[2m > [22m[2mREQ-CFA-042 — state.relayStunLossBps is READ as the classifier stunPacketLossBps arg[2m > [22m[2ma HIGH STUN prior ABSORBS a drop that a ZERO STUN prior PROMOTES (two-validator quorum on a shared board)
[22m[39m{"timestamp":"2026-06-20T08:06:53.530Z","level":"INFO","source":"frontend","module":"webrtc/sframe-transform","message":"encrypted frame","context":{"kid":9,"ctr":7,"byteLength":62,"codecOffset":10}}

{"level":30,"time":1781942813531,"pid":39960,"hostname":"Quang","name":"canary/verifier","canaryKid":9,"mediaPackets":7,"byteIdentical":7,"divergences":1,"msg":"canary forwarding verified"}
{"level":30,"time":1781942813531,"pid":39960,"hostname":"Quang","name":"canary/loss-classifier","relayMinerId":"relay-under-audit","promoted":1,"absorbed":0,"tampers":0,"cumulativeCrossed":true,"msg":"canary divergences classified (drop gate / tamper p=1)"}
{"level":30,"time":1781942813537,"pid":39960,"hostname":"Quang","name":"canary/verify-loop","round":4,"relayMinerId":"relay-under-audit","roomId":"verify-loop-room","perReceiver":2,"promoted":1,"absorbed":0,"stunLossBps":"0","msg":"canary verify round classified (hermetic half — synthetic capture, STUN read live)"}
[90mstdout[2m | apps/validator-daemon/src/canary/__tests__/verify-loop.test.ts[2m > [22m[2mREQ-CFA-042 — state.relayStunLossBps is READ as the classifier stunPacketLossBps arg[2m > [22m[2ma HIGH STUN prior ABSORBS a drop that a ZERO STUN prior PROMOTES (two-validator quorum on a shared board)
[22m[39m{"timestamp":"2026-06-20T08:06:53.543Z","level":"INFO","source":"frontend","module":"webrtc/sframe-transform","message":"encrypted frame","context":{"kid":9,"ctr":0,"byteLength":62,"codecOffset":10}}

[90mstdout[2m | apps/validator-daemon/src/canary/__tests__/verify-loop.test.ts[2m > [22m[2mREQ-CFA-042 — state.relayStunLossBps is READ as the classifier stunPacketLossBps arg[2m > [22m[2ma HIGH STUN prior ABSORBS a drop that a ZERO STUN prior PROMOTES (two-validator quorum on a shared board)
[22m[39m{"timestamp":"2026-06-20T08:06:53.547Z","level":"INFO","source":"frontend","module":"webrtc/sframe-transform","message":"encrypted frame","context":{"kid":9,"ctr":1,"byteLength":62,"codecOffset":10}}

[90mstdout[2m | apps/validator-daemon/src/canary/__tests__/verify-loop.test.ts[2m > [22m[2mREQ-CFA-042 — state.relayStunLossBps is READ as the classifier stunPacketLossBps arg[2m > [22m[2ma HIGH STUN prior ABSORBS a drop that a ZERO STUN prior PROMOTES (two-validator quorum on a shared board)
[22m[39m{"timestamp":"2026-06-20T08:06:53.549Z","level":"INFO","source":"frontend","module":"webrtc/sframe-transform","message":"encrypted frame","context":{"kid":9,"ctr":2,"byteLength":62,"codecOffset":10}}

[90mstdout[2m | apps/validator-daemon/src/canary/__tests__/verify-loop.test.ts[2m > [22m[2mREQ-CFA-042 — state.relayStunLossBps is READ as the classifier stunPacketLossBps arg[2m > [22m[2ma HIGH STUN prior ABSORBS a drop that a ZERO STUN prior PROMOTES (two-validator quorum on a shared board)
[22m[39m{"timestamp":"2026-06-20T08:06:53.550Z","level":"INFO","source":"frontend","module":"webrtc/sframe-transform","message":"encrypted frame","context":{"kid":9,"ctr":3,"byteLength":62,"codecOffset":10}}

[90mstdout[2m | apps/validator-daemon/src/canary/__tests__/verify-loop.test.ts[2m > [22m[2mREQ-CFA-042 — state.relayStunLossBps is READ as the classifier stunPacketLossBps arg[2m > [22m[2ma HIGH STUN prior ABSORBS a drop that a ZERO STUN prior PROMOTES (two-validator quorum on a shared board)
[22m[39m{"timestamp":"2026-06-20T08:06:53.552Z","level":"INFO","source":"frontend","module":"webrtc/sframe-transform","message":"encrypted frame","context":{"kid":9,"ctr":4,"byteLength":62,"codecOffset":10}}

[90mstdout[2m | apps/validator-daemon/src/canary/__tests__/verify-loop.test.ts[2m > [22m[2mREQ-CFA-042 — state.relayStunLossBps is READ as the classifier stunPacketLossBps arg[2m > [22m[2ma HIGH STUN prior ABSORBS a drop that a ZERO STUN prior PROMOTES (two-validator quorum on a shared board)
[22m[39m{"timestamp":"2026-06-20T08:06:53.553Z","level":"INFO","source":"frontend","module":"webrtc/sframe-transform","message":"encrypted frame","context":{"kid":9,"ctr":6,"byteLength":62,"codecOffset":10}}

[90mstdout[2m | apps/validator-daemon/src/canary/__tests__/verify-loop.test.ts[2m > [22m[2mREQ-CFA-042 — state.relayStunLossBps is READ as the classifier stunPacketLossBps arg[2m > [22m[2ma HIGH STUN prior ABSORBS a drop that a ZERO STUN prior PROMOTES (two-validator quorum on a shared board)
[22m[39m{"timestamp":"2026-06-20T08:06:53.555Z","level":"INFO","source":"frontend","module":"webrtc/sframe-transform","message":"encrypted frame","context":{"kid":9,"ctr":7,"byteLength":62,"codecOffset":10}}

[90mstdout[2m | apps/validator-daemon/src/canary/__tests__/verify-loop.test.ts[2m > [22m[2mREQ-CFA-042 — state.relayStunLossBps is READ as the classifier stunPacketLossBps arg[2m > [22m[2ma HIGH STUN prior ABSORBS a drop that a ZERO STUN prior PROMOTES (two-validator quorum on a shared board)
[22m[39m{"timestamp":"2026-06-20T08:06:53.556Z","level":"INFO","source":"frontend","module":"webrtc/sframe-transform","message":"encrypted frame","context":{"kid":9,"ctr":0,"byteLength":62,"codecOffset":10}}

[90mstdout[2m | apps/validator-daemon/src/canary/__tests__/verify-loop.test.ts[2m > [22m[2mREQ-CFA-042 — state.relayStunLossBps is READ as the classifier stunPacketLossBps arg[2m > [22m[2ma HIGH STUN prior ABSORBS a drop that a ZERO STUN prior PROMOTES (two-validator quorum on a shared board)
[22m[39m{"timestamp":"2026-06-20T08:06:53.557Z","level":"INFO","source":"frontend","module":"webrtc/sframe-transform","message":"encrypted frame","context":{"kid":9,"ctr":1,"byteLength":62,"codecOffset":10}}

[90mstdout[2m | apps/validator-daemon/src/canary/__tests__/verify-loop.test.ts[2m > [22m[2mREQ-CFA-042 — state.relayStunLossBps is READ as the classifier stunPacketLossBps arg[2m > [22m[2ma HIGH STUN prior ABSORBS a drop that a ZERO STUN prior PROMOTES (two-validator quorum on a shared board)
[22m[39m{"timestamp":"2026-06-20T08:06:53.557Z","level":"INFO","source":"frontend","module":"webrtc/sframe-transform","message":"encrypted frame","context":{"kid":9,"ctr":2,"byteLength":62,"codecOffset":10}}

[90mstdout[2m | apps/validator-daemon/src/canary/__tests__/verify-loop.test.ts[2m > [22m[2mREQ-CFA-042 — state.relayStunLossBps is READ as the classifier stunPacketLossBps arg[2m > [22m[2ma HIGH STUN prior ABSORBS a drop that a ZERO STUN prior PROMOTES (two-validator quorum on a shared board)
[22m[39m{"timestamp":"2026-06-20T08:06:53.559Z","level":"INFO","source":"frontend","module":"webrtc/sframe-transform","message":"encrypted frame","context":{"kid":9,"ctr":3,"byteLength":62,"codecOffset":10}}

[90mstdout[2m | apps/validator-daemon/src/canary/__tests__/verify-loop.test.ts[2m > [22m[2mREQ-CFA-042 — state.relayStunLossBps is READ as the classifier stunPacketLossBps arg[2m > [22m[2ma HIGH STUN prior ABSORBS a drop that a ZERO STUN prior PROMOTES (two-validator quorum on a shared board)
[22m[39m{"timestamp":"2026-06-20T08:06:53.560Z","level":"INFO","source":"frontend","module":"webrtc/sframe-transform","message":"encrypted frame","context":{"kid":9,"ctr":4,"byteLength":62,"codecOffset":10}}

[90mstdout[2m | apps/validator-daemon/src/canary/__tests__/verify-loop.test.ts[2m > [22m[2mREQ-CFA-042 — state.relayStunLossBps is READ as the classifier stunPacketLossBps arg[2m > [22m[2ma HIGH STUN prior ABSORBS a drop that a ZERO STUN prior PROMOTES (two-validator quorum on a shared board)
[22m[39m{"timestamp":"2026-06-20T08:06:53.561Z","level":"INFO","source":"frontend","module":"webrtc/sframe-transform","message":"encrypted frame","context":{"kid":9,"ctr":5,"byteLength":62,"codecOffset":10}}

[90mstdout[2m | apps/validator-daemon/src/canary/__tests__/verify-loop.test.ts[2m > [22m[2mREQ-CFA-042 — state.relayStunLossBps is READ as the classifier stunPacketLossBps arg[2m > [22m[2ma HIGH STUN prior ABSORBS a drop that a ZERO STUN prior PROMOTES (two-validator quorum on a shared board)
[22m[39m{"timestamp":"2026-06-20T08:06:53.564Z","level":"INFO","source":"frontend","module":"webrtc/sframe-transform","message":"encrypted frame","context":{"kid":9,"ctr":6,"byteLength":62,"codecOffset":10}}

[90mstdout[2m | apps/validator-daemon/src/canary/__tests__/verify-loop.test.ts[2m > [22m[2mREQ-CFA-042 — state.relayStunLossBps is READ as the classifier stunPacketLossBps arg[2m > [22m[2ma HIGH STUN prior ABSORBS a drop that a ZERO STUN prior PROMOTES (two-validator quorum on a shared board)
[22m[39m{"timestamp":"2026-06-20T08:06:53.566Z","level":"INFO","source":"frontend","module":"webrtc/sframe-transform","message":"encrypted frame","context":{"kid":9,"ctr":7,"byteLength":62,"codecOffset":10}}

{"level":30,"time":1781942813567,"pid":39960,"hostname":"Quang","name":"canary/verifier","canaryKid":9,"mediaPackets":7,"byteIdentical":7,"divergences":1,"msg":"canary forwarding verified"}
[90mstdout[2m | apps/validator-daemon/src/canary/__tests__/verify-loop.test.ts[2m > [22m[2mREQ-CFA-042 — state.relayStunLossBps is READ as the classifier stunPacketLossBps arg[2m > [22m[2ma HIGH STUN prior ABSORBS a drop that a ZERO STUN prior PROMOTES (two-validator quorum on a shared board)
[22m[39m{"timestamp":"2026-06-20T08:06:53.568Z","level":"INFO","source":"frontend","module":"webrtc/sframe-transform","message":"encrypted frame","context":{"kid":9,"ctr":0,"byteLength":62,"codecOffset":10}}

[90mstdout[2m | apps/validator-daemon/src/canary/__tests__/verify-loop.test.ts[2m > [22m[2mREQ-CFA-042 — state.relayStunLossBps is READ as the classifier stunPacketLossBps arg[2m > [22m[2ma HIGH STUN prior ABSORBS a drop that a ZERO STUN prior PROMOTES (two-validator quorum on a shared board)
[22m[39m{"timestamp":"2026-06-20T08:06:53.569Z","level":"INFO","source":"frontend","module":"webrtc/sframe-transform","message":"encrypted frame","context":{"kid":9,"ctr":1,"byteLength":62,"codecOffset":10}}

[90mstdout[2m | apps/validator-daemon/src/canary/__tests__/verify-loop.test.ts[2m > [22m[2mREQ-CFA-042 — state.relayStunLossBps is READ as the classifier stunPacketLossBps arg[2m > [22m[2ma HIGH STUN prior ABSORBS a drop that a ZERO STUN prior PROMOTES (two-validator quorum on a shared board)
[22m[39m{"timestamp":"2026-06-20T08:06:53.570Z","level":"INFO","source":"frontend","module":"webrtc/sframe-transform","message":"encrypted frame","context":{"kid":9,"ctr":2,"byteLength":62,"codecOffset":10}}

[90mstdout[2m | apps/validator-daemon/src/canary/__tests__/verify-loop.test.ts[2m > [22m[2mREQ-CFA-042 — state.relayStunLossBps is READ as the classifier stunPacketLossBps arg[2m > [22m[2ma HIGH STUN prior ABSORBS a drop that a ZERO STUN prior PROMOTES (two-validator quorum on a shared board)
[22m[39m{"timestamp":"2026-06-20T08:06:53.572Z","level":"INFO","source":"frontend","module":"webrtc/sframe-transform","message":"encrypted frame","context":{"kid":9,"ctr":3,"byteLength":62,"codecOffset":10}}

[90mstdout[2m | apps/validator-daemon/src/canary/__tests__/verify-loop.test.ts[2m > [22m[2mREQ-CFA-042 — state.relayStunLossBps is READ as the classifier stunPacketLossBps arg[2m > [22m[2ma HIGH STUN prior ABSORBS a drop that a ZERO STUN prior PROMOTES (two-validator quorum on a shared board)
[22m[39m{"timestamp":"2026-06-20T08:06:53.573Z","level":"INFO","source":"frontend","module":"webrtc/sframe-transform","message":"encrypted frame","context":{"kid":9,"ctr":4,"byteLength":62,"codecOffset":10}}

[90mstdout[2m | apps/validator-daemon/src/canary/__tests__/verify-loop.test.ts[2m > [22m[2mREQ-CFA-042 — state.relayStunLossBps is READ as the classifier stunPacketLossBps arg[2m > [22m[2ma HIGH STUN prior ABSORBS a drop that a ZERO STUN prior PROMOTES (two-validator quorum on a shared board)
[22m[39m{"timestamp":"2026-06-20T08:06:53.573Z","level":"INFO","source":"frontend","module":"webrtc/sframe-transform","message":"encrypted frame","context":{"kid":9,"ctr":5,"byteLength":62,"codecOffset":10}}

[90mstdout[2m | apps/validator-daemon/src/canary/__tests__/verify-loop.test.ts[2m > [22m[2mREQ-CFA-042 — state.relayStunLossBps is READ as the classifier stunPacketLossBps arg[2m > [22m[2ma HIGH STUN prior ABSORBS a drop that a ZERO STUN prior PROMOTES (two-validator quorum on a shared board)
[22m[39m{"timestamp":"2026-06-20T08:06:53.574Z","level":"INFO","source":"frontend","module":"webrtc/sframe-transform","message":"encrypted frame","context":{"kid":9,"ctr":6,"byteLength":62,"codecOffset":10}}

[90mstdout[2m | apps/validator-daemon/src/canary/__tests__/verify-loop.test.ts[2m > [22m[2mREQ-CFA-042 — state.relayStunLossBps is READ as the classifier stunPacketLossBps arg[2m > [22m[2ma HIGH STUN prior ABSORBS a drop that a ZERO STUN prior PROMOTES (two-validator quorum on a shared board)
[22m[39m{"timestamp":"2026-06-20T08:06:53.576Z","level":"INFO","source":"frontend","module":"webrtc/sframe-transform","message":"encrypted frame","context":{"kid":9,"ctr":7,"byteLength":62,"codecOffset":10}}

{"level":30,"time":1781942813576,"pid":39960,"hostname":"Quang","name":"canary/verifier","canaryKid":9,"mediaPackets":7,"byteIdentical":7,"divergences":1,"msg":"canary forwarding verified"}
{"level":30,"time":1781942813576,"pid":39960,"hostname":"Quang","name":"canary/loss-classifier","relayMinerId":"relay-under-audit","promoted":1,"absorbed":0,"tampers":0,"cumulativeCrossed":true,"msg":"canary divergences classified (drop gate / tamper p=1)"}
{"level":30,"time":1781942813580,"pid":39960,"hostname":"Quang","name":"canary/verify-loop","round":4,"relayMinerId":"relay-under-audit","roomId":"verify-loop-room","perReceiver":2,"promoted":1,"absorbed":0,"stunLossBps":"0","msg":"canary verify round classified (hermetic half — synthetic capture, STUN read live)"}
{"level":30,"time":1781942813584,"pid":39960,"hostname":"Quang","name":"canary/proof","roomId":"verify-loop-room","relayMinerId":"relay-under-audit","canaryId":9,"frameSeq":5,"drop":true,"distinctAttesters":2,"totalAttestations":2,"msg":"canary divergence proof assembled from remote attestations (W-M4-COSIGN)"}
[90mstdout[2m | apps/validator-daemon/src/canary/__tests__/verify-loop.test.ts[2m > [22m[2mREQ-CFA-042 — state.relayStunLossBps is READ as the classifier stunPacketLossBps arg[2m > [22m[2ma HIGH STUN prior ABSORBS a drop that a ZERO STUN prior PROMOTES (two-validator quorum on a shared board)
[22m[39m{"timestamp":"2026-06-20T08:06:53.585Z","level":"INFO","source":"frontend","module":"webrtc/sframe-transform","message":"encrypted frame","context":{"kid":9,"ctr":0,"byteLength":62,"codecOffset":10}}

[90mstdout[2m | apps/validator-daemon/src/canary/__tests__/verify-loop.test.ts[2m > [22m[2mREQ-CFA-042 — state.relayStunLossBps is READ as the classifier stunPacketLossBps arg[2m > [22m[2ma HIGH STUN prior ABSORBS a drop that a ZERO STUN prior PROMOTES (two-validator quorum on a shared board)
[22m[39m{"timestamp":"2026-06-20T08:06:53.589Z","level":"INFO","source":"frontend","module":"webrtc/sframe-transform","message":"encrypted frame","context":{"kid":9,"ctr":1,"byteLength":62,"codecOffset":10}}

[90mstdout[2m | apps/validator-daemon/src/canary/__tests__/verify-loop.test.ts[2m > [22m[2mREQ-CFA-042 — state.relayStunLossBps is READ as the classifier stunPacketLossBps arg[2m > [22m[2ma HIGH STUN prior ABSORBS a drop that a ZERO STUN prior PROMOTES (two-validator quorum on a shared board)
[22m[39m{"timestamp":"2026-06-20T08:06:53.591Z","level":"INFO","source":"frontend","module":"webrtc/sframe-transform","message":"encrypted frame","context":{"kid":9,"ctr":2,"byteLength":62,"codecOffset":10}}

[90mstdout[2m | apps/validator-daemon/src/canary/__tests__/verify-loop.test.ts[2m > [22m[2mREQ-CFA-042 — state.relayStunLossBps is READ as the classifier stunPacketLossBps arg[2m > [22m[2ma HIGH STUN prior ABSORBS a drop that a ZERO STUN prior PROMOTES (two-validator quorum on a shared board)
[22m[39m{"timestamp":"2026-06-20T08:06:53.592Z","level":"INFO","source":"frontend","module":"webrtc/sframe-transform","message":"encrypted frame","context":{"kid":9,"ctr":3,"byteLength":62,"codecOffset":10}}

[90mstdout[2m | apps/validator-daemon/src/canary/__tests__/verify-loop.test.ts[2m > [22m[2mREQ-CFA-042 — state.relayStunLossBps is READ as the classifier stunPacketLossBps arg[2m > [22m[2ma HIGH STUN prior ABSORBS a drop that a ZERO STUN prior PROMOTES (two-validator quorum on a shared board)
[22m[39m{"timestamp":"2026-06-20T08:06:53.593Z","level":"INFO","source":"frontend","module":"webrtc/sframe-transform","message":"encrypted frame","context":{"kid":9,"ctr":4,"byteLength":62,"codecOffset":10}}

[90mstdout[2m | apps/validator-daemon/src/canary/__tests__/verify-loop.test.ts[2m > [22m[2mREQ-CFA-042 — state.relayStunLossBps is READ as the classifier stunPacketLossBps arg[2m > [22m[2ma HIGH STUN prior ABSORBS a drop that a ZERO STUN prior PROMOTES (two-validator quorum on a shared board)
[22m[39m{"timestamp":"2026-06-20T08:06:53.594Z","level":"INFO","source":"frontend","module":"webrtc/sframe-transform","message":"encrypted frame","context":{"kid":9,"ctr":6,"byteLength":62,"codecOffset":10}}

[90mstdout[2m | apps/validator-daemon/src/canary/__tests__/verify-loop.test.ts[2m > [22m[2mREQ-CFA-042 — state.relayStunLossBps is READ as the classifier stunPacketLossBps arg[2m > [22m[2ma HIGH STUN prior ABSORBS a drop that a ZERO STUN prior PROMOTES (two-validator quorum on a shared board)
[22m[39m{"timestamp":"2026-06-20T08:06:53.595Z","level":"INFO","source":"frontend","module":"webrtc/sframe-transform","message":"encrypted frame","context":{"kid":9,"ctr":7,"byteLength":62,"codecOffset":10}}

[90mstdout[2m | apps/validator-daemon/src/canary/__tests__/verify-loop.test.ts[2m > [22m[2mREQ-CFA-042 — state.relayStunLossBps is READ as the classifier stunPacketLossBps arg[2m > [22m[2ma HIGH STUN prior ABSORBS a drop that a ZERO STUN prior PROMOTES (two-validator quorum on a shared board)
[22m[39m{"timestamp":"2026-06-20T08:06:53.597Z","level":"INFO","source":"frontend","module":"webrtc/sframe-transform","message":"encrypted frame","context":{"kid":9,"ctr":0,"byteLength":62,"codecOffset":10}}

[90mstdout[2m | apps/validator-daemon/src/canary/__tests__/verify-loop.test.ts[2m > [22m[2mREQ-CFA-042 — state.relayStunLossBps is READ as the classifier stunPacketLossBps arg[2m > [22m[2ma HIGH STUN prior ABSORBS a drop that a ZERO STUN prior PROMOTES (two-validator quorum on a shared board)
[22m[39m{"timestamp":"2026-06-20T08:06:53.599Z","level":"INFO","source":"frontend","module":"webrtc/sframe-transform","message":"encrypted frame","context":{"kid":9,"ctr":1,"byteLength":62,"codecOffset":10}}

[90mstdout[2m | apps/validator-daemon/src/canary/__tests__/verify-loop.test.ts[2m > [22m[2mREQ-CFA-042 — state.relayStunLossBps is READ as the classifier stunPacketLossBps arg[2m > [22m[2ma HIGH STUN prior ABSORBS a drop that a ZERO STUN prior PROMOTES (two-validator quorum on a shared board)
[22m[39m{"timestamp":"2026-06-20T08:06:53.600Z","level":"INFO","source":"frontend","module":"webrtc/sframe-transform","message":"encrypted frame","context":{"kid":9,"ctr":2,"byteLength":62,"codecOffset":10}}

[90mstdout[2m | apps/validator-daemon/src/canary/__tests__/verify-loop.test.ts[2m > [22m[2mREQ-CFA-042 — state.relayStunLossBps is READ as the classifier stunPacketLossBps arg[2m > [22m[2ma HIGH STUN prior ABSORBS a drop that a ZERO STUN prior PROMOTES (two-validator quorum on a shared board)
[22m[39m{"timestamp":"2026-06-20T08:06:53.602Z","level":"INFO","source":"frontend","module":"webrtc/sframe-transform","message":"encrypted frame","context":{"kid":9,"ctr":3,"byteLength":62,"codecOffset":10}}

[90mstdout[2m | apps/validator-daemon/src/canary/__tests__/verify-loop.test.ts[2m > [22m[2mREQ-CFA-042 — state.relayStunLossBps is READ as the classifier stunPacketLossBps arg[2m > [22m[2ma HIGH STUN prior ABSORBS a drop that a ZERO STUN prior PROMOTES (two-validator quorum on a shared board)
[22m[39m{"timestamp":"2026-06-20T08:06:53.603Z","level":"INFO","source":"frontend","module":"webrtc/sframe-transform","message":"encrypted frame","context":{"kid":9,"ctr":4,"byteLength":62,"codecOffset":10}}

[90mstdout[2m | apps/validator-daemon/src/canary/__tests__/verify-loop.test.ts[2m > [22m[2mREQ-CFA-042 — state.relayStunLossBps is READ as the classifier stunPacketLossBps arg[2m > [22m[2ma HIGH STUN prior ABSORBS a drop that a ZERO STUN prior PROMOTES (two-validator quorum on a shared board)
[22m[39m{"timestamp":"2026-06-20T08:06:53.605Z","level":"INFO","source":"frontend","module":"webrtc/sframe-transform","message":"encrypted frame","context":{"kid":9,"ctr":5,"byteLength":62,"codecOffset":10}}

[90mstdout[2m | apps/validator-daemon/src/canary/__tests__/verify-loop.test.ts[2m > [22m[2mREQ-CFA-042 — state.relayStunLossBps is READ as the classifier stunPacketLossBps arg[2m > [22m[2ma HIGH STUN prior ABSORBS a drop that a ZERO STUN prior PROMOTES (two-validator quorum on a shared board)
[22m[39m{"timestamp":"2026-06-20T08:06:53.606Z","level":"INFO","source":"frontend","module":"webrtc/sframe-transform","message":"encrypted frame","context":{"kid":9,"ctr":6,"byteLength":62,"codecOffset":10}}

[90mstdout[2m | apps/validator-daemon/src/canary/__tests__/verify-loop.test.ts[2m > [22m[2mREQ-CFA-042 — state.relayStunLossBps is READ as the classifier stunPacketLossBps arg[2m > [22m[2ma HIGH STUN prior ABSORBS a drop that a ZERO STUN prior PROMOTES (two-validator quorum on a shared board)
[22m[39m{"timestamp":"2026-06-20T08:06:53.607Z","level":"INFO","source":"frontend","module":"webrtc/sframe-transform","message":"encrypted frame","context":{"kid":9,"ctr":7,"byteLength":62,"codecOffset":10}}

{"level":30,"time":1781942813608,"pid":39960,"hostname":"Quang","name":"canary/verifier","canaryKid":9,"mediaPackets":7,"byteIdentical":7,"divergences":1,"msg":"canary forwarding verified"}
[90mstdout[2m | apps/validator-daemon/src/canary/__tests__/verify-loop.test.ts[2m > [22m[2mREQ-CFA-042 — state.relayStunLossBps is READ as the classifier stunPacketLossBps arg[2m > [22m[2ma HIGH STUN prior ABSORBS a drop that a ZERO STUN prior PROMOTES (two-validator quorum on a shared board)
[22m[39m{"timestamp":"2026-06-20T08:06:53.609Z","level":"INFO","source":"frontend","module":"webrtc/sframe-transform","message":"encrypted frame","context":{"kid":9,"ctr":0,"byteLength":62,"codecOffset":10}}

[90mstdout[2m | apps/validator-daemon/src/canary/__tests__/verify-loop.test.ts[2m > [22m[2mREQ-CFA-042 — state.relayStunLossBps is READ as the classifier stunPacketLossBps arg[2m > [22m[2ma HIGH STUN prior ABSORBS a drop that a ZERO STUN prior PROMOTES (two-validator quorum on a shared board)
[22m[39m{"timestamp":"2026-06-20T08:06:53.611Z","level":"INFO","source":"frontend","module":"webrtc/sframe-transform","message":"encrypted frame","context":{"kid":9,"ctr":1,"byteLength":62,"codecOffset":10}}

[90mstdout[2m | apps/validator-daemon/src/canary/__tests__/verify-loop.test.ts[2m > [22m[2mREQ-CFA-042 — state.relayStunLossBps is READ as the classifier stunPacketLossBps arg[2m > [22m[2ma HIGH STUN prior ABSORBS a drop that a ZERO STUN prior PROMOTES (two-validator quorum on a shared board)
[22m[39m{"timestamp":"2026-06-20T08:06:53.614Z","level":"INFO","source":"frontend","module":"webrtc/sframe-transform","message":"encrypted frame","context":{"kid":9,"ctr":2,"byteLength":62,"codecOffset":10}}

[90mstdout[2m | apps/validator-daemon/src/canary/__tests__/verify-loop.test.ts[2m > [22m[2mREQ-CFA-042 — state.relayStunLossBps is READ as the classifier stunPacketLossBps arg[2m > [22m[2ma HIGH STUN prior ABSORBS a drop that a ZERO STUN prior PROMOTES (two-validator quorum on a shared board)
[22m[39m{"timestamp":"2026-06-20T08:06:53.617Z","level":"INFO","source":"frontend","module":"webrtc/sframe-transform","message":"encrypted frame","context":{"kid":9,"ctr":3,"byteLength":62,"codecOffset":10}}

[90mstdout[2m | apps/validator-daemon/src/canary/__tests__/verify-loop.test.ts[2m > [22m[2mREQ-CFA-042 — state.relayStunLossBps is READ as the classifier stunPacketLossBps arg[2m > [22m[2ma HIGH STUN prior ABSORBS a drop that a ZERO STUN prior PROMOTES (two-validator quorum on a shared board)
[22m[39m{"timestamp":"2026-06-20T08:06:53.620Z","level":"INFO","source":"frontend","module":"webrtc/sframe-transform","message":"encrypted frame","context":{"kid":9,"ctr":4,"byteLength":62,"codecOffset":10}}

[90mstdout[2m | apps/validator-daemon/src/canary/__tests__/verify-loop.test.ts[2m > [22m[2mREQ-CFA-042 — state.relayStunLossBps is READ as the classifier stunPacketLossBps arg[2m > [22m[2ma HIGH STUN prior ABSORBS a drop that a ZERO STUN prior PROMOTES (two-validator quorum on a shared board)
[22m[39m{"timestamp":"2026-06-20T08:06:53.622Z","level":"INFO","source":"frontend","module":"webrtc/sframe-transform","message":"encrypted frame","context":{"kid":9,"ctr":5,"byteLength":62,"codecOffset":10}}

[90mstdout[2m | apps/validator-daemon/src/canary/__tests__/verify-loop.test.ts[2m > [22m[2mREQ-CFA-042 — state.relayStunLossBps is READ as the classifier stunPacketLossBps arg[2m > [22m[2ma HIGH STUN prior ABSORBS a drop that a ZERO STUN prior PROMOTES (two-validator quorum on a shared board)
[22m[39m{"timestamp":"2026-06-20T08:06:53.623Z","level":"INFO","source":"frontend","module":"webrtc/sframe-transform","message":"encrypted frame","context":{"kid":9,"ctr":6,"byteLength":62,"codecOffset":10}}

[90mstdout[2m | apps/validator-daemon/src/canary/__tests__/verify-loop.test.ts[2m > [22m[2mREQ-CFA-042 — state.relayStunLossBps is READ as the classifier stunPacketLossBps arg[2m > [22m[2ma HIGH STUN prior ABSORBS a drop that a ZERO STUN prior PROMOTES (two-validator quorum on a shared board)
[22m[39m{"timestamp":"2026-06-20T08:06:53.627Z","level":"INFO","source":"frontend","module":"webrtc/sframe-transform","message":"encrypted frame","context":{"kid":9,"ctr":7,"byteLength":62,"codecOffset":10}}

{"level":30,"time":1781942813628,"pid":39960,"hostname":"Quang","name":"canary/verifier","canaryKid":9,"mediaPackets":7,"byteIdentical":7,"divergences":1,"msg":"canary forwarding verified"}
{"level":30,"time":1781942813628,"pid":39960,"hostname":"Quang","name":"canary/loss-classifier","relayMinerId":"relay-under-audit","promoted":1,"absorbed":0,"tampers":0,"cumulativeCrossed":true,"msg":"canary divergences classified (drop gate / tamper p=1)"}
{"level":30,"time":1781942813631,"pid":39960,"hostname":"Quang","name":"canary/verify-loop","round":5,"relayMinerId":"relay-under-audit","roomId":"verify-loop-room","perReceiver":2,"promoted":1,"absorbed":0,"stunLossBps":"0","msg":"canary verify round classified (hermetic half — synthetic capture, STUN read live)"}
[90mstdout[2m | apps/validator-daemon/src/canary/__tests__/verify-loop.test.ts[2m > [22m[2mREQ-CFA-042 — state.relayStunLossBps is READ as the classifier stunPacketLossBps arg[2m > [22m[2ma HIGH STUN prior ABSORBS a drop that a ZERO STUN prior PROMOTES (two-validator quorum on a shared board)
[22m[39m{"timestamp":"2026-06-20T08:06:53.633Z","level":"INFO","source":"frontend","module":"webrtc/sframe-transform","message":"encrypted frame","context":{"kid":9,"ctr":0,"byteLength":62,"codecOffset":10}}

[90mstdout[2m | apps/validator-daemon/src/canary/__tests__/verify-loop.test.ts[2m > [22m[2mREQ-CFA-042 — state.relayStunLossBps is READ as the classifier stunPacketLossBps arg[2m > [22m[2ma HIGH STUN prior ABSORBS a drop that a ZERO STUN prior PROMOTES (two-validator quorum on a shared board)
[22m[39m{"timestamp":"2026-06-20T08:06:53.634Z","level":"INFO","source":"frontend","module":"webrtc/sframe-transform","message":"encrypted frame","context":{"kid":9,"ctr":1,"byteLength":62,"codecOffset":10}}

[90mstdout[2m | apps/validator-daemon/src/canary/__tests__/verify-loop.test.ts[2m > [22m[2mREQ-CFA-042 — state.relayStunLossBps is READ as the classifier stunPacketLossBps arg[2m > [22m[2ma HIGH STUN prior ABSORBS a drop that a ZERO STUN prior PROMOTES (two-validator quorum on a shared board)
[22m[39m{"timestamp":"2026-06-20T08:06:53.635Z","level":"INFO","source":"frontend","module":"webrtc/sframe-transform","message":"encrypted frame","context":{"kid":9,"ctr":2,"byteLength":62,"codecOffset":10}}

[90mstdout[2m | apps/validator-daemon/src/canary/__tests__/verify-loop.test.ts[2m > [22m[2mREQ-CFA-042 — state.relayStunLossBps is READ as the classifier stunPacketLossBps arg[2m > [22m[2ma HIGH STUN prior ABSORBS a drop that a ZERO STUN prior PROMOTES (two-validator quorum on a shared board)
[22m[39m{"timestamp":"2026-06-20T08:06:53.636Z","level":"INFO","source":"frontend","module":"webrtc/sframe-transform","message":"encrypted frame","context":{"kid":9,"ctr":3,"byteLength":62,"codecOffset":10}}

[90mstdout[2m | apps/validator-daemon/src/canary/__tests__/verify-loop.test.ts[2m > [22m[2mREQ-CFA-042 — state.relayStunLossBps is READ as the classifier stunPacketLossBps arg[2m > [22m[2ma HIGH STUN prior ABSORBS a drop that a ZERO STUN prior PROMOTES (two-validator quorum on a shared board)
[22m[39m{"timestamp":"2026-06-20T08:06:53.637Z","level":"INFO","source":"frontend","module":"webrtc/sframe-transform","message":"encrypted frame","context":{"kid":9,"ctr":4,"byteLength":62,"codecOffset":10}}

[90mstdout[2m | apps/validator-daemon/src/canary/__tests__/verify-loop.test.ts[2m > [22m[2mREQ-CFA-042 — state.relayStunLossBps is READ as the classifier stunPacketLossBps arg[2m > [22m[2ma HIGH STUN prior ABSORBS a drop that a ZERO STUN prior PROMOTES (two-validator quorum on a shared board)
[22m[39m{"timestamp":"2026-06-20T08:06:53.639Z","level":"INFO","source":"frontend","module":"webrtc/sframe-transform","message":"encrypted frame","context":{"kid":9,"ctr":6,"byteLength":62,"codecOffset":10}}

[90mstdout[2m | apps/validator-daemon/src/canary/__tests__/verify-loop.test.ts[2m > [22m[2mREQ-CFA-042 — state.relayStunLossBps is READ as the classifier stunPacketLossBps arg[2m > [22m[2ma HIGH STUN prior ABSORBS a drop that a ZERO STUN prior PROMOTES (two-validator quorum on a shared board)
[22m[39m{"timestamp":"2026-06-20T08:06:53.640Z","level":"INFO","source":"frontend","module":"webrtc/sframe-transform","message":"encrypted frame","context":{"kid":9,"ctr":7,"byteLength":62,"codecOffset":10}}

[90mstdout[2m | apps/validator-daemon/src/canary/__tests__/verify-loop.test.ts[2m > [22m[2mREQ-CFA-042 — state.relayStunLossBps is READ as the classifier stunPacketLossBps arg[2m > [22m[2ma HIGH STUN prior ABSORBS a drop that a ZERO STUN prior PROMOTES (two-validator quorum on a shared board)
[22m[39m{"timestamp":"2026-06-20T08:06:53.643Z","level":"INFO","source":"frontend","module":"webrtc/sframe-transform","message":"encrypted frame","context":{"kid":9,"ctr":0,"byteLength":62,"codecOffset":10}}

[90mstdout[2m | apps/validator-daemon/src/canary/__tests__/verify-loop.test.ts[2m > [22m[2mREQ-CFA-042 — state.relayStunLossBps is READ as the classifier stunPacketLossBps arg[2m > [22m[2ma HIGH STUN prior ABSORBS a drop that a ZERO STUN prior PROMOTES (two-validator quorum on a shared board)
[22m[39m{"timestamp":"2026-06-20T08:06:53.644Z","level":"INFO","source":"frontend","module":"webrtc/sframe-transform","message":"encrypted frame","context":{"kid":9,"ctr":1,"byteLength":62,"codecOffset":10}}

[90mstdout[2m | apps/validator-daemon/src/canary/__tests__/verify-loop.test.ts[2m > [22m[2mREQ-CFA-042 — state.relayStunLossBps is READ as the classifier stunPacketLossBps arg[2m > [22m[2ma HIGH STUN prior ABSORBS a drop that a ZERO STUN prior PROMOTES (two-validator quorum on a shared board)
[22m[39m{"timestamp":"2026-06-20T08:06:53.645Z","level":"INFO","source":"frontend","module":"webrtc/sframe-transform","message":"encrypted frame","context":{"kid":9,"ctr":2,"byteLength":62,"codecOffset":10}}

[90mstdout[2m | apps/validator-daemon/src/canary/__tests__/verify-loop.test.ts[2m > [22m[2mREQ-CFA-042 — state.relayStunLossBps is READ as the classifier stunPacketLossBps arg[2m > [22m[2ma HIGH STUN prior ABSORBS a drop that a ZERO STUN prior PROMOTES (two-validator quorum on a shared board)
[22m[39m{"timestamp":"2026-06-20T08:06:53.649Z","level":"INFO","source":"frontend","module":"webrtc/sframe-transform","message":"encrypted frame","context":{"kid":9,"ctr":3,"byteLength":62,"codecOffset":10}}

[90mstdout[2m | apps/validator-daemon/src/canary/__tests__/verify-loop.test.ts[2m > [22m[2mREQ-CFA-042 — state.relayStunLossBps is READ as the classifier stunPacketLossBps arg[2m > [22m[2ma HIGH STUN prior ABSORBS a drop that a ZERO STUN prior PROMOTES (two-validator quorum on a shared board)
[22m[39m{"timestamp":"2026-06-20T08:06:53.651Z","level":"INFO","source":"frontend","module":"webrtc/sframe-transform","message":"encrypted frame","context":{"kid":9,"ctr":4,"byteLength":62,"codecOffset":10}}

[90mstdout[2m | apps/validator-daemon/src/canary/__tests__/verify-loop.test.ts[2m > [22m[2mREQ-CFA-042 — state.relayStunLossBps is READ as the classifier stunPacketLossBps arg[2m > [22m[2ma HIGH STUN prior ABSORBS a drop that a ZERO STUN prior PROMOTES (two-validator quorum on a shared board)
[22m[39m{"timestamp":"2026-06-20T08:06:53.652Z","level":"INFO","source":"frontend","module":"webrtc/sframe-transform","message":"encrypted frame","context":{"kid":9,"ctr":5,"byteLength":62,"codecOffset":10}}

[90mstdout[2m | apps/validator-daemon/src/canary/__tests__/verify-loop.test.ts[2m > [22m[2mREQ-CFA-042 — state.relayStunLossBps is READ as the classifier stunPacketLossBps arg[2m > [22m[2ma HIGH STUN prior ABSORBS a drop that a ZERO STUN prior PROMOTES (two-validator quorum on a shared board)
[22m[39m{"timestamp":"2026-06-20T08:06:53.653Z","level":"INFO","source":"frontend","module":"webrtc/sframe-transform","message":"encrypted frame","context":{"kid":9,"ctr":6,"byteLength":62,"codecOffset":10}}

[90mstdout[2m | apps/validator-daemon/src/canary/__tests__/verify-loop.test.ts[2m > [22m[2mREQ-CFA-042 — state.relayStunLossBps is READ as the classifier stunPacketLossBps arg[2m > [22m[2ma HIGH STUN prior ABSORBS a drop that a ZERO STUN prior PROMOTES (two-validator quorum on a shared board)
[22m[39m{"timestamp":"2026-06-20T08:06:53.654Z","level":"INFO","source":"frontend","module":"webrtc/sframe-transform","message":"encrypted frame","context":{"kid":9,"ctr":7,"byteLength":62,"codecOffset":10}}

{"level":30,"time":1781942813654,"pid":39960,"hostname":"Quang","name":"canary/verifier","canaryKid":9,"mediaPackets":7,"byteIdentical":7,"divergences":1,"msg":"canary forwarding verified"}
[90mstdout[2m | apps/validator-daemon/src/canary/__tests__/verify-loop.test.ts[2m > [22m[2mREQ-CFA-042 — state.relayStunLossBps is READ as the classifier stunPacketLossBps arg[2m > [22m[2ma HIGH STUN prior ABSORBS a drop that a ZERO STUN prior PROMOTES (two-validator quorum on a shared board)
[22m[39m{"timestamp":"2026-06-20T08:06:53.655Z","level":"INFO","source":"frontend","module":"webrtc/sframe-transform","message":"encrypted frame","context":{"kid":9,"ctr":0,"byteLength":62,"codecOffset":10}}

[90mstdout[2m | apps/validator-daemon/src/canary/__tests__/verify-loop.test.ts[2m > [22m[2mREQ-CFA-042 — state.relayStunLossBps is READ as the classifier stunPacketLossBps arg[2m > [22m[2ma HIGH STUN prior ABSORBS a drop that a ZERO STUN prior PROMOTES (two-validator quorum on a shared board)
[22m[39m{"timestamp":"2026-06-20T08:06:53.656Z","level":"INFO","source":"frontend","module":"webrtc/sframe-transform","message":"encrypted frame","context":{"kid":9,"ctr":1,"byteLength":62,"codecOffset":10}}

[90mstdout[2m | apps/validator-daemon/src/canary/__tests__/verify-loop.test.ts[2m > [22m[2mREQ-CFA-042 — state.relayStunLossBps is READ as the classifier stunPacketLossBps arg[2m > [22m[2ma HIGH STUN prior ABSORBS a drop that a ZERO STUN prior PROMOTES (two-validator quorum on a shared board)
[22m[39m{"timestamp":"2026-06-20T08:06:53.657Z","level":"INFO","source":"frontend","module":"webrtc/sframe-transform","message":"encrypted frame","context":{"kid":9,"ctr":2,"byteLength":62,"codecOffset":10}}

[90mstdout[2m | apps/validator-daemon/src/canary/__tests__/verify-loop.test.ts[2m > [22m[2mREQ-CFA-042 — state.relayStunLossBps is READ as the classifier stunPacketLossBps arg[2m > [22m[2ma HIGH STUN prior ABSORBS a drop that a ZERO STUN prior PROMOTES (two-validator quorum on a shared board)
[22m[39m{"timestamp":"2026-06-20T08:06:53.658Z","level":"INFO","source":"frontend","module":"webrtc/sframe-transform","message":"encrypted frame","context":{"kid":9,"ctr":3,"byteLength":62,"codecOffset":10}}

[90mstdout[2m | apps/validator-daemon/src/canary/__tests__/verify-loop.test.ts[2m > [22m[2mREQ-CFA-042 — state.relayStunLossBps is READ as the classifier stunPacketLossBps arg[2m > [22m[2ma HIGH STUN prior ABSORBS a drop that a ZERO STUN prior PROMOTES (two-validator quorum on a shared board)
[22m[39m{"timestamp":"2026-06-20T08:06:53.659Z","level":"INFO","source":"frontend","module":"webrtc/sframe-transform","message":"encrypted frame","context":{"kid":9,"ctr":4,"byteLength":62,"codecOffset":10}}

[90mstdout[2m | apps/validator-daemon/src/canary/__tests__/verify-loop.test.ts[2m > [22m[2mREQ-CFA-042 — state.relayStunLossBps is READ as the classifier stunPacketLossBps arg[2m > [22m[2ma HIGH STUN prior ABSORBS a drop that a ZERO STUN prior PROMOTES (two-validator quorum on a shared board)
[22m[39m{"timestamp":"2026-06-20T08:06:53.660Z","level":"INFO","source":"frontend","module":"webrtc/sframe-transform","message":"encrypted frame","context":{"kid":9,"ctr":5,"byteLength":62,"codecOffset":10}}

[90mstdout[2m | apps/validator-daemon/src/canary/__tests__/verify-loop.test.ts[2m > [22m[2mREQ-CFA-042 — state.relayStunLossBps is READ as the classifier stunPacketLossBps arg[2m > [22m[2ma HIGH STUN prior ABSORBS a drop that a ZERO STUN prior PROMOTES (two-validator quorum on a shared board)
[22m[39m{"timestamp":"2026-06-20T08:06:53.661Z","level":"INFO","source":"frontend","module":"webrtc/sframe-transform","message":"encrypted frame","context":{"kid":9,"ctr":6,"byteLength":62,"codecOffset":10}}

[90mstdout[2m | apps/validator-daemon/src/canary/__tests__/verify-loop.test.ts[2m > [22m[2mREQ-CFA-042 — state.relayStunLossBps is READ as the classifier stunPacketLossBps arg[2m > [22m[2ma HIGH STUN prior ABSORBS a drop that a ZERO STUN prior PROMOTES (two-validator quorum on a shared board)
[22m[39m{"timestamp":"2026-06-20T08:06:53.662Z","level":"INFO","source":"frontend","module":"webrtc/sframe-transform","message":"encrypted frame","context":{"kid":9,"ctr":7,"byteLength":62,"codecOffset":10}}

{"level":30,"time":1781942813662,"pid":39960,"hostname":"Quang","name":"canary/verifier","canaryKid":9,"mediaPackets":7,"byteIdentical":7,"divergences":1,"msg":"canary forwarding verified"}
{"level":30,"time":1781942813662,"pid":39960,"hostname":"Quang","name":"canary/loss-classifier","relayMinerId":"relay-under-audit","promoted":1,"absorbed":0,"tampers":0,"cumulativeCrossed":true,"msg":"canary divergences classified (drop gate / tamper p=1)"}
{"level":30,"time":1781942813664,"pid":39960,"hostname":"Quang","name":"canary/verify-loop","round":5,"relayMinerId":"relay-under-audit","roomId":"verify-loop-room","perReceiver":2,"promoted":1,"absorbed":0,"stunLossBps":"0","msg":"canary verify round classified (hermetic half — synthetic capture, STUN read live)"}
[90mstdout[2m | apps/validator-daemon/src/canary/__tests__/verify-loop.test.ts[2m > [22m[2mREQ-CFA-042 — state.relayStunLossBps is READ as the classifier stunPacketLossBps arg[2m > [22m[2ma HIGH STUN prior ABSORBS a drop that a ZERO STUN prior PROMOTES (two-validator quorum on a shared board)
[22m[39m{"timestamp":"2026-06-20T08:06:53.666Z","level":"INFO","source":"frontend","module":"webrtc/sframe-transform","message":"encrypted frame","context":{"kid":9,"ctr":0,"byteLength":62,"codecOffset":10}}

[90mstdout[2m | apps/validator-daemon/src/canary/__tests__/verify-loop.test.ts[2m > [22m[2mREQ-CFA-042 — state.relayStunLossBps is READ as the classifier stunPacketLossBps arg[2m > [22m[2ma HIGH STUN prior ABSORBS a drop that a ZERO STUN prior PROMOTES (two-validator quorum on a shared board)
[22m[39m{"timestamp":"2026-06-20T08:06:53.667Z","level":"INFO","source":"frontend","module":"webrtc/sframe-transform","message":"encrypted frame","context":{"kid":9,"ctr":1,"byteLength":62,"codecOffset":10}}

[90mstdout[2m | apps/validator-daemon/src/canary/__tests__/verify-loop.test.ts[2m > [22m[2mREQ-CFA-042 — state.relayStunLossBps is READ as the classifier stunPacketLossBps arg[2m > [22m[2ma HIGH STUN prior ABSORBS a drop that a ZERO STUN prior PROMOTES (two-validator quorum on a shared board)
[22m[39m{"timestamp":"2026-06-20T08:06:53.667Z","level":"INFO","source":"frontend","module":"webrtc/sframe-transform","message":"encrypted frame","context":{"kid":9,"ctr":2,"byteLength":62,"codecOffset":10}}

[90mstdout[2m | apps/validator-daemon/src/canary/__tests__/verify-loop.test.ts[2m > [22m[2mREQ-CFA-042 — state.relayStunLossBps is READ as the classifier stunPacketLossBps arg[2m > [22m[2ma HIGH STUN prior ABSORBS a drop that a ZERO STUN prior PROMOTES (two-validator quorum on a shared board)
[22m[39m{"timestamp":"2026-06-20T08:06:53.669Z","level":"INFO","source":"frontend","module":"webrtc/sframe-transform","message":"encrypted frame","context":{"kid":9,"ctr":3,"byteLength":62,"codecOffset":10}}

[90mstdout[2m | apps/validator-daemon/src/canary/__tests__/verify-loop.test.ts[2m > [22m[2mREQ-CFA-042 — state.relayStunLossBps is READ as the classifier stunPacketLossBps arg[2m > [22m[2ma HIGH STUN prior ABSORBS a drop that a ZERO STUN prior PROMOTES (two-validator quorum on a shared board)
[22m[39m{"timestamp":"2026-06-20T08:06:53.670Z","level":"INFO","source":"frontend","module":"webrtc/sframe-transform","message":"encrypted frame","context":{"kid":9,"ctr":4,"byteLength":62,"codecOffset":10}}

[90mstdout[2m | apps/validator-daemon/src/canary/__tests__/verify-loop.test.ts[2m > [22m[2mREQ-CFA-042 — state.relayStunLossBps is READ as the classifier stunPacketLossBps arg[2m > [22m[2ma HIGH STUN prior ABSORBS a drop that a ZERO STUN prior PROMOTES (two-validator quorum on a shared board)
[22m[39m{"timestamp":"2026-06-20T08:06:53.672Z","level":"INFO","source":"frontend","module":"webrtc/sframe-transform","message":"encrypted frame","context":{"kid":9,"ctr":6,"byteLength":62,"codecOffset":10}}

[90mstdout[2m | apps/validator-daemon/src/canary/__tests__/verify-loop.test.ts[2m > [22m[2mREQ-CFA-042 — state.relayStunLossBps is READ as the classifier stunPacketLossBps arg[2m > [22m[2ma HIGH STUN prior ABSORBS a drop that a ZERO STUN prior PROMOTES (two-validator quorum on a shared board)
[22m[39m{"timestamp":"2026-06-20T08:06:53.675Z","level":"INFO","source":"frontend","module":"webrtc/sframe-transform","message":"encrypted frame","context":{"kid":9,"ctr":7,"byteLength":62,"codecOffset":10}}

[90mstdout[2m | apps/validator-daemon/src/canary/__tests__/verify-loop.test.ts[2m > [22m[2mREQ-CFA-042 — state.relayStunLossBps is READ as the classifier stunPacketLossBps arg[2m > [22m[2ma HIGH STUN prior ABSORBS a drop that a ZERO STUN prior PROMOTES (two-validator quorum on a shared board)
[22m[39m{"timestamp":"2026-06-20T08:06:53.677Z","level":"INFO","source":"frontend","module":"webrtc/sframe-transform","message":"encrypted frame","context":{"kid":9,"ctr":0,"byteLength":62,"codecOffset":10}}

 [32m✓[39m apps/validator-daemon/src/__tests__/health-monitor-wiring.test.ts [2m([22m[2m1 test[22m[2m)[22m[32m 147[2mms[22m[39m
[90mstdout[2m | apps/validator-daemon/src/canary/__tests__/verify-loop.test.ts[2m > [22m[2mREQ-CFA-042 — state.relayStunLossBps is READ as the classifier stunPacketLossBps arg[2m > [22m[2ma HIGH STUN prior ABSORBS a drop that a ZERO STUN prior PROMOTES (two-validator quorum on a shared board)
[22m[39m{"timestamp":"2026-06-20T08:06:53.678Z","level":"INFO","source":"frontend","module":"webrtc/sframe-transform","message":"encrypted frame","context":{"kid":9,"ctr":1,"byteLength":62,"codecOffset":10}}

[90mstdout[2m | apps/validator-daemon/src/canary/__tests__/verify-loop.test.ts[2m > [22m[2mREQ-CFA-042 — state.relayStunLossBps is READ as the classifier stunPacketLossBps arg[2m > [22m[2ma HIGH STUN prior ABSORBS a drop that a ZERO STUN prior PROMOTES (two-validator quorum on a shared board)
[22m[39m{"timestamp":"2026-06-20T08:06:53.679Z","level":"INFO","source":"frontend","module":"webrtc/sframe-transform","message":"encrypted frame","context":{"kid":9,"ctr":2,"byteLength":62,"codecOffset":10}}

[90mstdout[2m | apps/validator-daemon/src/canary/__tests__/verify-loop.test.ts[2m > [22m[2mREQ-CFA-042 — state.relayStunLossBps is READ as the classifier stunPacketLossBps arg[2m > [22m[2ma HIGH STUN prior ABSORBS a drop that a ZERO STUN prior PROMOTES (two-validator quorum on a shared board)
[22m[39m{"timestamp":"2026-06-20T08:06:53.680Z","level":"INFO","source":"frontend","module":"webrtc/sframe-transform","message":"encrypted frame","context":{"kid":9,"ctr":3,"byteLength":62,"codecOffset":10}}

[90mstdout[2m | apps/validator-daemon/src/canary/__tests__/verify-loop.test.ts[2m > [22m[2mREQ-CFA-042 — state.relayStunLossBps is READ as the classifier stunPacketLossBps arg[2m > [22m[2ma HIGH STUN prior ABSORBS a drop that a ZERO STUN prior PROMOTES (two-validator quorum on a shared board)
[22m[39m{"timestamp":"2026-06-20T08:06:53.681Z","level":"INFO","source":"frontend","module":"webrtc/sframe-transform","message":"encrypted frame","context":{"kid":9,"ctr":4,"byteLength":62,"codecOffset":10}}

[90mstdout[2m | apps/validator-daemon/src/canary/__tests__/verify-loop.test.ts[2m > [22m[2mREQ-CFA-042 — state.relayStunLossBps is READ as the classifier stunPacketLossBps arg[2m > [22m[2ma HIGH STUN prior ABSORBS a drop that a ZERO STUN prior PROMOTES (two-validator quorum on a shared board)
[22m[39m{"timestamp":"2026-06-20T08:06:53.682Z","level":"INFO","source":"frontend","module":"webrtc/sframe-transform","message":"encrypted frame","context":{"kid":9,"ctr":5,"byteLength":62,"codecOffset":10}}

[90mstdout[2m | apps/validator-daemon/src/canary/__tests__/verify-loop.test.ts[2m > [22m[2mREQ-CFA-042 — state.relayStunLossBps is READ as the classifier stunPacketLossBps arg[2m > [22m[2ma HIGH STUN prior ABSORBS a drop that a ZERO STUN prior PROMOTES (two-validator quorum on a shared board)
[22m[39m{"timestamp":"2026-06-20T08:06:53.683Z","level":"INFO","source":"frontend","module":"webrtc/sframe-transform","message":"encrypted frame","context":{"kid":9,"ctr":6,"byteLength":62,"codecOffset":10}}

[90mstdout[2m | apps/validator-daemon/src/canary/__tests__/verify-loop.test.ts[2m > [22m[2mREQ-CFA-042 — state.relayStunLossBps is READ as the classifier stunPacketLossBps arg[2m > [22m[2ma HIGH STUN prior ABSORBS a drop that a ZERO STUN prior PROMOTES (two-validator quorum on a shared board)
[22m[39m{"timestamp":"2026-06-20T08:06:53.684Z","level":"INFO","source":"frontend","module":"webrtc/sframe-transform","message":"encrypted frame","context":{"kid":9,"ctr":7,"byteLength":62,"codecOffset":10}}

{"level":30,"time":1781942813684,"pid":39960,"hostname":"Quang","name":"canary/verifier","canaryKid":9,"mediaPackets":7,"byteIdentical":7,"divergences":1,"msg":"canary forwarding verified"}
[90mstdout[2m | apps/validator-daemon/src/canary/__tests__/verify-loop.test.ts[2m > [22m[2mREQ-CFA-042 — state.relayStunLossBps is READ as the classifier stunPacketLossBps arg[2m > [22m[2ma HIGH STUN prior ABSORBS a drop that a ZERO STUN prior PROMOTES (two-validator quorum on a shared board)
[22m[39m{"timestamp":"2026-06-20T08:06:53.685Z","level":"INFO","source":"frontend","module":"webrtc/sframe-transform","message":"encrypted frame","context":{"kid":9,"ctr":0,"byteLength":62,"codecOffset":10}}

[90mstdout[2m | apps/validator-daemon/src/canary/__tests__/verify-loop.test.ts[2m > [22m[2mREQ-CFA-042 — state.relayStunLossBps is READ as the classifier stunPacketLossBps arg[2m > [22m[2ma HIGH STUN prior ABSORBS a drop that a ZERO STUN prior PROMOTES (two-validator quorum on a shared board)
[22m[39m{"timestamp":"2026-06-20T08:06:53.686Z","level":"INFO","source":"frontend","module":"webrtc/sframe-transform","message":"encrypted frame","context":{"kid":9,"ctr":1,"byteLength":62,"codecOffset":10}}

[90mstdout[2m | apps/validator-daemon/src/canary/__tests__/verify-loop.test.ts[2m > [22m[2mREQ-CFA-042 — state.relayStunLossBps is READ as the classifier stunPacketLossBps arg[2m > [22m[2ma HIGH STUN prior ABSORBS a drop that a ZERO STUN prior PROMOTES (two-validator quorum on a shared board)
[22m[39m{"timestamp":"2026-06-20T08:06:53.687Z","level":"INFO","source":"frontend","module":"webrtc/sframe-transform","message":"encrypted frame","context":{"kid":9,"ctr":2,"byteLength":62,"codecOffset":10}}

[90mstdout[2m | apps/validator-daemon/src/canary/__tests__/verify-loop.test.ts[2m > [22m[2mREQ-CFA-042 — state.relayStunLossBps is READ as the classifier stunPacketLossBps arg[2m > [22m[2ma HIGH STUN prior ABSORBS a drop that a ZERO STUN prior PROMOTES (two-validator quorum on a shared board)
[22m[39m{"timestamp":"2026-06-20T08:06:53.687Z","level":"INFO","source":"frontend","module":"webrtc/sframe-transform","message":"encrypted frame","context":{"kid":9,"ctr":3,"byteLength":62,"codecOffset":10}}

[90mstdout[2m | apps/validator-daemon/src/canary/__tests__/verify-loop.test.ts[2m > [22m[2mREQ-CFA-042 — state.relayStunLossBps is READ as the classifier stunPacketLossBps arg[2m > [22m[2ma HIGH STUN prior ABSORBS a drop that a ZERO STUN prior PROMOTES (two-validator quorum on a shared board)
[22m[39m{"timestamp":"2026-06-20T08:06:53.688Z","level":"INFO","source":"frontend","module":"webrtc/sframe-transform","message":"encrypted frame","context":{"kid":9,"ctr":4,"byteLength":62,"codecOffset":10}}

[90mstdout[2m | apps/validator-daemon/src/canary/__tests__/verify-loop.test.ts[2m > [22m[2mREQ-CFA-042 — state.relayStunLossBps is READ as the classifier stunPacketLossBps arg[2m > [22m[2ma HIGH STUN prior ABSORBS a drop that a ZERO STUN prior PROMOTES (two-validator quorum on a shared board)
[22m[39m{"timestamp":"2026-06-20T08:06:53.689Z","level":"INFO","source":"frontend","module":"webrtc/sframe-transform","message":"encrypted frame","context":{"kid":9,"ctr":5,"byteLength":62,"codecOffset":10}}

[90mstdout[2m | apps/validator-daemon/src/canary/__tests__/verify-loop.test.ts[2m > [22m[2mREQ-CFA-042 — state.relayStunLossBps is READ as the classifier stunPacketLossBps arg[2m > [22m[2ma HIGH STUN prior ABSORBS a drop that a ZERO STUN prior PROMOTES (two-validator quorum on a shared board)
[22m[39m{"timestamp":"2026-06-20T08:06:53.689Z","level":"INFO","source":"frontend","module":"webrtc/sframe-transform","message":"encrypted frame","context":{"kid":9,"ctr":6,"byteLength":62,"codecOffset":10}}

[90mstdout[2m | apps/validator-daemon/src/canary/__tests__/verify-loop.test.ts[2m > [22m[2mREQ-CFA-042 — state.relayStunLossBps is READ as the classifier stunPacketLossBps arg[2m > [22m[2ma HIGH STUN prior ABSORBS a drop that a ZERO STUN prior PROMOTES (two-validator quorum on a shared board)
[22m[39m{"timestamp":"2026-06-20T08:06:53.690Z","level":"INFO","source":"frontend","module":"webrtc/sframe-transform","message":"encrypted frame","context":{"kid":9,"ctr":7,"byteLength":62,"codecOffset":10}}

{"level":30,"time":1781942813691,"pid":39960,"hostname":"Quang","name":"canary/verifier","canaryKid":9,"mediaPackets":7,"byteIdentical":7,"divergences":1,"msg":"canary forwarding verified"}
{"level":30,"time":1781942813691,"pid":39960,"hostname":"Quang","name":"canary/loss-classifier","relayMinerId":"relay-under-audit","promoted":1,"absorbed":0,"tampers":0,"cumulativeCrossed":true,"msg":"canary divergences classified (drop gate / tamper p=1)"}
{"level":30,"time":1781942813693,"pid":39960,"hostname":"Quang","name":"canary/verify-loop","round":6,"relayMinerId":"relay-under-audit","roomId":"verify-loop-room","perReceiver":2,"promoted":1,"absorbed":0,"stunLossBps":"0","msg":"canary verify round classified (hermetic half — synthetic capture, STUN read live)"}
[90mstdout[2m | apps/validator-daemon/src/canary/__tests__/verify-loop.test.ts[2m > [22m[2mREQ-CFA-042 — state.relayStunLossBps is READ as the classifier stunPacketLossBps arg[2m > [22m[2ma HIGH STUN prior ABSORBS a drop that a ZERO STUN prior PROMOTES (two-validator quorum on a shared board)
[22m[39m{"timestamp":"2026-06-20T08:06:53.697Z","level":"INFO","source":"frontend","module":"webrtc/sframe-transform","message":"encrypted frame","context":{"kid":9,"ctr":0,"byteLength":62,"codecOffset":10}}

[90mstdout[2m | apps/validator-daemon/src/canary/__tests__/verify-loop.test.ts[2m > [22m[2mREQ-CFA-042 — state.relayStunLossBps is READ as the classifier stunPacketLossBps arg[2m > [22m[2ma HIGH STUN prior ABSORBS a drop that a ZERO STUN prior PROMOTES (two-validator quorum on a shared board)
[22m[39m{"timestamp":"2026-06-20T08:06:53.700Z","level":"INFO","source":"frontend","module":"webrtc/sframe-transform","message":"encrypted frame","context":{"kid":9,"ctr":1,"byteLength":62,"codecOffset":10}}

[90mstdout[2m | apps/validator-daemon/src/canary/__tests__/verify-loop.test.ts[2m > [22m[2mREQ-CFA-042 — state.relayStunLossBps is READ as the classifier stunPacketLossBps arg[2m > [22m[2ma HIGH STUN prior ABSORBS a drop that a ZERO STUN prior PROMOTES (two-validator quorum on a shared board)
[22m[39m{"timestamp":"2026-06-20T08:06:53.703Z","level":"INFO","source":"frontend","module":"webrtc/sframe-transform","message":"encrypted frame","context":{"kid":9,"ctr":2,"byteLength":62,"codecOffset":10}}

[90mstdout[2m | apps/validator-daemon/src/canary/__tests__/verify-loop.test.ts[2m > [22m[2mREQ-CFA-042 — state.relayStunLossBps is READ as the classifier stunPacketLossBps arg[2m > [22m[2ma HIGH STUN prior ABSORBS a drop that a ZERO STUN prior PROMOTES (two-validator quorum on a shared board)
[22m[39m{"timestamp":"2026-06-20T08:06:53.708Z","level":"INFO","source":"frontend","module":"webrtc/sframe-transform","message":"encrypted frame","context":{"kid":9,"ctr":3,"byteLength":62,"codecOffset":10}}

[90mstdout[2m | apps/validator-daemon/src/canary/__tests__/verify-loop.test.ts[2m > [22m[2mREQ-CFA-042 — state.relayStunLossBps is READ as the classifier stunPacketLossBps arg[2m > [22m[2ma HIGH STUN prior ABSORBS a drop that a ZERO STUN prior PROMOTES (two-validator quorum on a shared board)
[22m[39m{"timestamp":"2026-06-20T08:06:53.718Z","level":"INFO","source":"frontend","module":"webrtc/sframe-transform","message":"encrypted frame","context":{"kid":9,"ctr":4,"byteLength":62,"codecOffset":10}}

[90mstdout[2m | apps/validator-daemon/src/canary/__tests__/verify-loop.test.ts[2m > [22m[2mREQ-CFA-042 — state.relayStunLossBps is READ as the classifier stunPacketLossBps arg[2m > [22m[2ma HIGH STUN prior ABSORBS a drop that a ZERO STUN prior PROMOTES (two-validator quorum on a shared board)
[22m[39m{"timestamp":"2026-06-20T08:06:53.719Z","level":"INFO","source":"frontend","module":"webrtc/sframe-transform","message":"encrypted frame","context":{"kid":9,"ctr":6,"byteLength":62,"codecOffset":10}}

[90mstdout[2m | apps/validator-daemon/src/canary/__tests__/verify-loop.test.ts[2m > [22m[2mREQ-CFA-042 — state.relayStunLossBps is READ as the classifier stunPacketLossBps arg[2m > [22m[2ma HIGH STUN prior ABSORBS a drop that a ZERO STUN prior PROMOTES (two-validator quorum on a shared board)
[22m[39m{"timestamp":"2026-06-20T08:06:53.721Z","level":"INFO","source":"frontend","module":"webrtc/sframe-transform","message":"encrypted frame","context":{"kid":9,"ctr":7,"byteLength":62,"codecOffset":10}}

[90mstdout[2m | apps/validator-daemon/src/canary/__tests__/verify-loop.test.ts[2m > [22m[2mREQ-CFA-042 — state.relayStunLossBps is READ as the classifier stunPacketLossBps arg[2m > [22m[2ma HIGH STUN prior ABSORBS a drop that a ZERO STUN prior PROMOTES (two-validator quorum on a shared board)
[22m[39m{"timestamp":"2026-06-20T08:06:53.723Z","level":"INFO","source":"frontend","module":"webrtc/sframe-transform","message":"encrypted frame","context":{"kid":9,"ctr":0,"byteLength":62,"codecOffset":10}}

[90mstdout[2m | apps/validator-daemon/src/canary/__tests__/verify-loop.test.ts[2m > [22m[2mREQ-CFA-042 — state.relayStunLossBps is READ as the classifier stunPacketLossBps arg[2m > [22m[2ma HIGH STUN prior ABSORBS a drop that a ZERO STUN prior PROMOTES (two-validator quorum on a shared board)
[22m[39m{"timestamp":"2026-06-20T08:06:53.724Z","level":"INFO","source":"frontend","module":"webrtc/sframe-transform","message":"encrypted frame","context":{"kid":9,"ctr":1,"byteLength":62,"codecOffset":10}}

 [32m✓[39m apps/validator-daemon/src/__tests__/latency-probe.test.ts [2m([22m[2m6 tests[22m[2m)[22m[32m 38[2mms[22m[39m
[90mstdout[2m | apps/validator-daemon/src/canary/__tests__/verify-loop.test.ts[2m > [22m[2mREQ-CFA-042 — state.relayStunLossBps is READ as the classifier stunPacketLossBps arg[2m > [22m[2ma HIGH STUN prior ABSORBS a drop that a ZERO STUN prior PROMOTES (two-validator quorum on a shared board)
[22m[39m{"timestamp":"2026-06-20T08:06:53.727Z","level":"INFO","source":"frontend","module":"webrtc/sframe-transform","message":"encrypted frame","context":{"kid":9,"ctr":2,"byteLength":62,"codecOffset":10}}

 [32m✓[39m apps/validator-daemon/src/__tests__/reward-trigger.test.ts [2m([22m[2m3 tests[22m[2m)[22m[32m 21[2mms[22m[39m
[90mstdout[2m | apps/validator-daemon/src/canary/__tests__/verify-loop.test.ts[2m > [22m[2mREQ-CFA-042 — state.relayStunLossBps is READ as the classifier stunPacketLossBps arg[2m > [22m[2ma HIGH STUN prior ABSORBS a drop that a ZERO STUN prior PROMOTES (two-validator quorum on a shared board)
[22m[39m{"timestamp":"2026-06-20T08:06:53.732Z","level":"INFO","source":"frontend","module":"webrtc/sframe-transform","message":"encrypted frame","context":{"kid":9,"ctr":3,"byteLength":62,"codecOffset":10}}

[90mstdout[2m | apps/validator-daemon/src/canary/__tests__/verify-loop.test.ts[2m > [22m[2mREQ-CFA-042 — state.relayStunLossBps is READ as the classifier stunPacketLossBps arg[2m > [22m[2ma HIGH STUN prior ABSORBS a drop that a ZERO STUN prior PROMOTES (two-validator quorum on a shared board)
[22m[39m{"timestamp":"2026-06-20T08:06:53.733Z","level":"INFO","source":"frontend","module":"webrtc/sframe-transform","message":"encrypted frame","context":{"kid":9,"ctr":4,"byteLength":62,"codecOffset":10}}

[90mstdout[2m | apps/validator-daemon/src/canary/__tests__/verify-loop.test.ts[2m > [22m[2mREQ-CFA-042 — state.relayStunLossBps is READ as the classifier stunPacketLossBps arg[2m > [22m[2ma HIGH STUN prior ABSORBS a drop that a ZERO STUN prior PROMOTES (two-validator quorum on a shared board)
[22m[39m{"timestamp":"2026-06-20T08:06:53.734Z","level":"INFO","source":"frontend","module":"webrtc/sframe-transform","message":"encrypted frame","context":{"kid":9,"ctr":5,"byteLength":62,"codecOffset":10}}

[90mstdout[2m | apps/validator-daemon/src/canary/__tests__/verify-loop.test.ts[2m > [22m[2mREQ-CFA-042 — state.relayStunLossBps is READ as the classifier stunPacketLossBps arg[2m > [22m[2ma HIGH STUN prior ABSORBS a drop that a ZERO STUN prior PROMOTES (two-validator quorum on a shared board)
[22m[39m{"timestamp":"2026-06-20T08:06:53.735Z","level":"INFO","source":"frontend","module":"webrtc/sframe-transform","message":"encrypted frame","context":{"kid":9,"ctr":6,"byteLength":62,"codecOffset":10}}

[90mstdout[2m | apps/validator-daemon/src/canary/__tests__/verify-loop.test.ts[2m > [22m[2mREQ-CFA-042 — state.relayStunLossBps is READ as the classifier stunPacketLossBps arg[2m > [22m[2ma HIGH STUN prior ABSORBS a drop that a ZERO STUN prior PROMOTES (two-validator quorum on a shared board)
[22m[39m{"timestamp":"2026-06-20T08:06:53.736Z","level":"INFO","source":"frontend","module":"webrtc/sframe-transform","message":"encrypted frame","context":{"kid":9,"ctr":7,"byteLength":62,"codecOffset":10}}

{"level":30,"time":1781942813736,"pid":39960,"hostname":"Quang","name":"canary/verifier","canaryKid":9,"mediaPackets":7,"byteIdentical":7,"divergences":1,"msg":"canary forwarding verified"}
[90mstdout[2m | apps/validator-daemon/src/canary/__tests__/verify-loop.test.ts[2m > [22m[2mREQ-CFA-042 — state.relayStunLossBps is READ as the classifier stunPacketLossBps arg[2m > [22m[2ma HIGH STUN prior ABSORBS a drop that a ZERO STUN prior PROMOTES (two-validator quorum on a shared board)
[22m[39m{"timestamp":"2026-06-20T08:06:53.739Z","level":"INFO","source":"frontend","module":"webrtc/sframe-transform","message":"encrypted frame","context":{"kid":9,"ctr":0,"byteLength":62,"codecOffset":10}}

[90mstdout[2m | apps/validator-daemon/src/canary/__tests__/verify-loop.test.ts[2m > [22m[2mREQ-CFA-042 — state.relayStunLossBps is READ as the classifier stunPacketLossBps arg[2m > [22m[2ma HIGH STUN prior ABSORBS a drop that a ZERO STUN prior PROMOTES (two-validator quorum on a shared board)
[22m[39m{"timestamp":"2026-06-20T08:06:53.742Z","level":"INFO","source":"frontend","module":"webrtc/sframe-transform","message":"encrypted frame","context":{"kid":9,"ctr":1,"byteLength":62,"codecOffset":10}}

[90mstdout[2m | apps/validator-daemon/src/canary/__tests__/verify-loop.test.ts[2m > [22m[2mREQ-CFA-042 — state.relayStunLossBps is READ as the classifier stunPacketLossBps arg[2m > [22m[2ma HIGH STUN prior ABSORBS a drop that a ZERO STUN prior PROMOTES (two-validator quorum on a shared board)
[22m[39m{"timestamp":"2026-06-20T08:06:53.744Z","level":"INFO","source":"frontend","module":"webrtc/sframe-transform","message":"encrypted frame","context":{"kid":9,"ctr":2,"byteLength":62,"codecOffset":10}}

 [32m✓[39m apps/validator-daemon/src/__tests__/health-signals.test.ts [2m([22m[2m7 tests[22m[2m)[22m[32m 19[2mms[22m[39m
[90mstdout[2m | apps/validator-daemon/src/canary/__tests__/verify-loop.test.ts[2m > [22m[2mREQ-CFA-042 — state.relayStunLossBps is READ as the classifier stunPacketLossBps arg[2m > [22m[2ma HIGH STUN prior ABSORBS a drop that a ZERO STUN prior PROMOTES (two-validator quorum on a shared board)
[22m[39m{"timestamp":"2026-06-20T08:06:53.746Z","level":"INFO","source":"frontend","module":"webrtc/sframe-transform","message":"encrypted frame","context":{"kid":9,"ctr":3,"byteLength":62,"codecOffset":10}}

[90mstdout[2m | apps/validator-daemon/src/canary/__tests__/verify-loop.test.ts[2m > [22m[2mREQ-CFA-042 — state.relayStunLossBps is READ as the classifier stunPacketLossBps arg[2m > [22m[2ma HIGH STUN prior ABSORBS a drop that a ZERO STUN prior PROMOTES (two-validator quorum on a shared board)
[22m[39m{"timestamp":"2026-06-20T08:06:53.747Z","level":"INFO","source":"frontend","module":"webrtc/sframe-transform","message":"encrypted frame","context":{"kid":9,"ctr":4,"byteLength":62,"codecOffset":10}}

[90mstdout[2m | apps/validator-daemon/src/canary/__tests__/verify-loop.test.ts[2m > [22m[2mREQ-CFA-042 — state.relayStunLossBps is READ as the classifier stunPacketLossBps arg[2m > [22m[2ma HIGH STUN prior ABSORBS a drop that a ZERO STUN prior PROMOTES (two-validator quorum on a shared board)
[22m[39m{"timestamp":"2026-06-20T08:06:53.749Z","level":"INFO","source":"frontend","module":"webrtc/sframe-transform","message":"encrypted frame","context":{"kid":9,"ctr":5,"byteLength":62,"codecOffset":10}}

[90mstdout[2m | apps/validator-daemon/src/canary/__tests__/verify-loop.test.ts[2m > [22m[2mREQ-CFA-042 — state.relayStunLossBps is READ as the classifier stunPacketLossBps arg[2m > [22m[2ma HIGH STUN prior ABSORBS a drop that a ZERO STUN prior PROMOTES (two-validator quorum on a shared board)
[22m[39m{"timestamp":"2026-06-20T08:06:53.750Z","level":"INFO","source":"frontend","module":"webrtc/sframe-transform","message":"encrypted frame","context":{"kid":9,"ctr":6,"byteLength":62,"codecOffset":10}}

[90mstdout[2m | apps/validator-daemon/src/canary/__tests__/verify-loop.test.ts[2m > [22m[2mREQ-CFA-042 — state.relayStunLossBps is READ as the classifier stunPacketLossBps arg[2m > [22m[2ma HIGH STUN prior ABSORBS a drop that a ZERO STUN prior PROMOTES (two-validator quorum on a shared board)
[22m[39m{"timestamp":"2026-06-20T08:06:53.752Z","level":"INFO","source":"frontend","module":"webrtc/sframe-transform","message":"encrypted frame","context":{"kid":9,"ctr":7,"byteLength":62,"codecOffset":10}}

{"level":30,"time":1781942813753,"pid":39960,"hostname":"Quang","name":"canary/verifier","canaryKid":9,"mediaPackets":7,"byteIdentical":7,"divergences":1,"msg":"canary forwarding verified"}
{"level":30,"time":1781942813753,"pid":39960,"hostname":"Quang","name":"canary/loss-classifier","relayMinerId":"relay-under-audit","promoted":1,"absorbed":0,"tampers":0,"cumulativeCrossed":true,"msg":"canary divergences classified (drop gate / tamper p=1)"}
{"level":40,"time":1781942813752,"pid":39096,"hostname":"Quang","name":"validator:probe","relayMinerId":"0xstandby","roomId":"0xroom1","ok":false,"msg":"RO-020: standby liveness probe failed; gating duration_seconds = 0"}
{"level":40,"time":1781942813753,"pid":39096,"hostname":"Quang","name":"validator:probe","relayMinerId":"0xstandby","roomId":"0xroom1","ok":false,"msg":"RO-020: standby liveness probe failed; gating duration_seconds = 0"}
{"level":30,"time":1781942813755,"pid":39960,"hostname":"Quang","name":"canary/verify-loop","round":6,"relayMinerId":"relay-under-audit","roomId":"verify-loop-room","perReceiver":2,"promoted":1,"absorbed":0,"stunLossBps":"0","msg":"canary verify round classified (hermetic half — synthetic capture, STUN read live)"}
[90mstdout[2m | apps/validator-daemon/src/canary/__tests__/verify-loop.test.ts[2m > [22m[2mREQ-CFA-042 — state.relayStunLossBps is READ as the classifier stunPacketLossBps arg[2m > [22m[2ma HIGH STUN prior ABSORBS a drop that a ZERO STUN prior PROMOTES (two-validator quorum on a shared board)
[22m[39m{"timestamp":"2026-06-20T08:06:53.757Z","level":"INFO","source":"frontend","module":"webrtc/sframe-transform","message":"encrypted frame","context":{"kid":9,"ctr":0,"byteLength":62,"codecOffset":10}}

[90mstdout[2m | apps/validator-daemon/src/canary/__tests__/verify-loop.test.ts[2m > [22m[2mREQ-CFA-042 — state.relayStunLossBps is READ as the classifier stunPacketLossBps arg[2m > [22m[2ma HIGH STUN prior ABSORBS a drop that a ZERO STUN prior PROMOTES (two-validator quorum on a shared board)
[22m[39m{"timestamp":"2026-06-20T08:06:53.758Z","level":"INFO","source":"frontend","module":"webrtc/sframe-transform","message":"encrypted frame","context":{"kid":9,"ctr":1,"byteLength":62,"codecOffset":10}}

[90mstdout[2m | apps/validator-daemon/src/canary/__tests__/verify-loop.test.ts[2m > [22m[2mREQ-CFA-042 — state.relayStunLossBps is READ as the classifier stunPacketLossBps arg[2m > [22m[2ma HIGH STUN prior ABSORBS a drop that a ZERO STUN prior PROMOTES (two-validator quorum on a shared board)
[22m[39m{"timestamp":"2026-06-20T08:06:53.759Z","level":"INFO","source":"frontend","module":"webrtc/sframe-transform","message":"encrypted frame","context":{"kid":9,"ctr":2,"byteLength":62,"codecOffset":10}}

[90mstdout[2m | apps/validator-daemon/src/canary/__tests__/verify-loop.test.ts[2m > [22m[2mREQ-CFA-042 — state.relayStunLossBps is READ as the classifier stunPacketLossBps arg[2m > [22m[2ma HIGH STUN prior ABSORBS a drop that a ZERO STUN prior PROMOTES (two-validator quorum on a shared board)
[22m[39m{"timestamp":"2026-06-20T08:06:53.760Z","level":"INFO","source":"frontend","module":"webrtc/sframe-transform","message":"encrypted frame","context":{"kid":9,"ctr":3,"byteLength":62,"codecOffset":10}}

[90mstdout[2m | apps/validator-daemon/src/canary/__tests__/verify-loop.test.ts[2m > [22m[2mREQ-CFA-042 — state.relayStunLossBps is READ as the classifier stunPacketLossBps arg[2m > [22m[2ma HIGH STUN prior ABSORBS a drop that a ZERO STUN prior PROMOTES (two-validator quorum on a shared board)
[22m[39m{"timestamp":"2026-06-20T08:06:53.761Z","level":"INFO","source":"frontend","module":"webrtc/sframe-transform","message":"encrypted frame","context":{"kid":9,"ctr":4,"byteLength":62,"codecOffset":10}}

[90mstdout[2m | apps/validator-daemon/src/canary/__tests__/verify-loop.test.ts[2m > [22m[2mREQ-CFA-042 — state.relayStunLossBps is READ as the classifier stunPacketLossBps arg[2m > [22m[2ma HIGH STUN prior ABSORBS a drop that a ZERO STUN prior PROMOTES (two-validator quorum on a shared board)
[22m[39m{"timestamp":"2026-06-20T08:06:53.762Z","level":"INFO","source":"frontend","module":"webrtc/sframe-transform","message":"encrypted frame","context":{"kid":9,"ctr":6,"byteLength":62,"codecOffset":10}}

[90mstdout[2m | apps/validator-daemon/src/canary/__tests__/verify-loop.test.ts[2m > [22m[2mREQ-CFA-042 — state.relayStunLossBps is READ as the classifier stunPacketLossBps arg[2m > [22m[2ma HIGH STUN prior ABSORBS a drop that a ZERO STUN prior PROMOTES (two-validator quorum on a shared board)
[22m[39m{"timestamp":"2026-06-20T08:06:53.763Z","level":"INFO","source":"frontend","module":"webrtc/sframe-transform","message":"encrypted frame","context":{"kid":9,"ctr":7,"byteLength":62,"codecOffset":10}}

[90mstdout[2m | apps/validator-daemon/src/canary/__tests__/verify-loop.test.ts[2m > [22m[2mREQ-CFA-042 — state.relayStunLossBps is READ as the classifier stunPacketLossBps arg[2m > [22m[2ma HIGH STUN prior ABSORBS a drop that a ZERO STUN prior PROMOTES (two-validator quorum on a shared board)
[22m[39m{"timestamp":"2026-06-20T08:06:53.764Z","level":"INFO","source":"frontend","module":"webrtc/sframe-transform","message":"encrypted frame","context":{"kid":9,"ctr":0,"byteLength":62,"codecOffset":10}}

[90mstdout[2m | apps/validator-daemon/src/canary/__tests__/verify-loop.test.ts[2m > [22m[2mREQ-CFA-042 — state.relayStunLossBps is READ as the classifier stunPacketLossBps arg[2m > [22m[2ma HIGH STUN prior ABSORBS a drop that a ZERO STUN prior PROMOTES (two-validator quorum on a shared board)
[22m[39m{"timestamp":"2026-06-20T08:06:53.765Z","level":"INFO","source":"frontend","module":"webrtc/sframe-transform","message":"encrypted frame","context":{"kid":9,"ctr":1,"byteLength":62,"codecOffset":10}}

[90mstdout[2m | apps/validator-daemon/src/canary/__tests__/verify-loop.test.ts[2m > [22m[2mREQ-CFA-042 — state.relayStunLossBps is READ as the classifier stunPacketLossBps arg[2m > [22m[2ma HIGH STUN prior ABSORBS a drop that a ZERO STUN prior PROMOTES (two-validator quorum on a shared board)
[22m[39m{"timestamp":"2026-06-20T08:06:53.766Z","level":"INFO","source":"frontend","module":"webrtc/sframe-transform","message":"encrypted frame","context":{"kid":9,"ctr":2,"byteLength":62,"codecOffset":10}}

[90mstdout[2m | apps/validator-daemon/src/canary/__tests__/verify-loop.test.ts[2m > [22m[2mREQ-CFA-042 — state.relayStunLossBps is READ as the classifier stunPacketLossBps arg[2m > [22m[2ma HIGH STUN prior ABSORBS a drop that a ZERO STUN prior PROMOTES (two-validator quorum on a shared board)
[22m[39m{"timestamp":"2026-06-20T08:06:53.767Z","level":"INFO","source":"frontend","module":"webrtc/sframe-transform","message":"encrypted frame","context":{"kid":9,"ctr":3,"byteLength":62,"codecOffset":10}}

[90mstdout[2m | apps/validator-daemon/src/canary/__tests__/verify-loop.test.ts[2m > [22m[2mREQ-CFA-042 — state.relayStunLossBps is READ as the classifier stunPacketLossBps arg[2m > [22m[2ma HIGH STUN prior ABSORBS a drop that a ZERO STUN prior PROMOTES (two-validator quorum on a shared board)
[22m[39m{"timestamp":"2026-06-20T08:06:53.768Z","level":"INFO","source":"frontend","module":"webrtc/sframe-transform","message":"encrypted frame","context":{"kid":9,"ctr":4,"byteLength":62,"codecOffset":10}}

[90mstdout[2m | apps/validator-daemon/src/canary/__tests__/verify-loop.test.ts[2m > [22m[2mREQ-CFA-042 — state.relayStunLossBps is READ as the classifier stunPacketLossBps arg[2m > [22m[2ma HIGH STUN prior ABSORBS a drop that a ZERO STUN prior PROMOTES (two-validator quorum on a shared board)
[22m[39m{"timestamp":"2026-06-20T08:06:53.769Z","level":"INFO","source":"frontend","module":"webrtc/sframe-transform","message":"encrypted frame","context":{"kid":9,"ctr":5,"byteLength":62,"codecOffset":10}}

[90mstdout[2m | apps/validator-daemon/src/canary/__tests__/verify-loop.test.ts[2m > [22m[2mREQ-CFA-042 — state.relayStunLossBps is READ as the classifier stunPacketLossBps arg[2m > [22m[2ma HIGH STUN prior ABSORBS a drop that a ZERO STUN prior PROMOTES (two-validator quorum on a shared board)
[22m[39m{"timestamp":"2026-06-20T08:06:53.770Z","level":"INFO","source":"frontend","module":"webrtc/sframe-transform","message":"encrypted frame","context":{"kid":9,"ctr":6,"byteLength":62,"codecOffset":10}}

[90mstdout[2m | apps/validator-daemon/src/canary/__tests__/verify-loop.test.ts[2m > [22m[2mREQ-CFA-042 — state.relayStunLossBps is READ as the classifier stunPacketLossBps arg[2m > [22m[2ma HIGH STUN prior ABSORBS a drop that a ZERO STUN prior PROMOTES (two-validator quorum on a shared board)
[22m[39m{"timestamp":"2026-06-20T08:06:53.771Z","level":"INFO","source":"frontend","module":"webrtc/sframe-transform","message":"encrypted frame","context":{"kid":9,"ctr":7,"byteLength":62,"codecOffset":10}}

{"level":30,"time":1781942813771,"pid":39960,"hostname":"Quang","name":"canary/verifier","canaryKid":9,"mediaPackets":7,"byteIdentical":7,"divergences":1,"msg":"canary forwarding verified"}
 [32m✓[39m apps/validator-daemon/src/__tests__/probe-liveness.test.ts [2m([22m[2m5 tests[22m[2m)[22m[32m 8[2mms[22m[39m
[90mstdout[2m | apps/validator-daemon/src/canary/__tests__/verify-loop.test.ts[2m > [22m[2mREQ-CFA-042 — state.relayStunLossBps is READ as the classifier stunPacketLossBps arg[2m > [22m[2ma HIGH STUN prior ABSORBS a drop that a ZERO STUN prior PROMOTES (two-validator quorum on a shared board)
[22m[39m{"timestamp":"2026-06-20T08:06:53.772Z","level":"INFO","source":"frontend","module":"webrtc/sframe-transform","message":"encrypted frame","context":{"kid":9,"ctr":0,"byteLength":62,"codecOffset":10}}

[90mstdout[2m | apps/validator-daemon/src/canary/__tests__/verify-loop.test.ts[2m > [22m[2mREQ-CFA-042 — state.relayStunLossBps is READ as the classifier stunPacketLossBps arg[2m > [22m[2ma HIGH STUN prior ABSORBS a drop that a ZERO STUN prior PROMOTES (two-validator quorum on a shared board)
[22m[39m{"timestamp":"2026-06-20T08:06:53.773Z","level":"INFO","source":"frontend","module":"webrtc/sframe-transform","message":"encrypted frame","context":{"kid":9,"ctr":1,"byteLength":62,"codecOffset":10}}

[90mstdout[2m | apps/validator-daemon/src/canary/__tests__/verify-loop.test.ts[2m > [22m[2mREQ-CFA-042 — state.relayStunLossBps is READ as the classifier stunPacketLossBps arg[2m > [22m[2ma HIGH STUN prior ABSORBS a drop that a ZERO STUN prior PROMOTES (two-validator quorum on a shared board)
[22m[39m{"timestamp":"2026-06-20T08:06:53.776Z","level":"INFO","source":"frontend","module":"webrtc/sframe-transform","message":"encrypted frame","context":{"kid":9,"ctr":2,"byteLength":62,"codecOffset":10}}

 [32m✓[39m apps/validator-daemon/src/canary/__tests__/coverage-server.test.ts [2m([22m[2m6 tests[22m[2m)[22m[32m 10[2mms[22m[39m
[90mstdout[2m | apps/validator-daemon/src/canary/__tests__/verify-loop.test.ts[2m > [22m[2mREQ-CFA-042 — state.relayStunLossBps is READ as the classifier stunPacketLossBps arg[2m > [22m[2ma HIGH STUN prior ABSORBS a drop that a ZERO STUN prior PROMOTES (two-validator quorum on a shared board)
[22m[39m{"timestamp":"2026-06-20T08:06:53.778Z","level":"INFO","source":"frontend","module":"webrtc/sframe-transform","message":"encrypted frame","context":{"kid":9,"ctr":3,"byteLength":62,"codecOffset":10}}

[90mstdout[2m | apps/validator-daemon/src/canary/__tests__/verify-loop.test.ts[2m > [22m[2mREQ-CFA-042 — state.relayStunLossBps is READ as the classifier stunPacketLossBps arg[2m > [22m[2ma HIGH STUN prior ABSORBS a drop that a ZERO STUN prior PROMOTES (two-validator quorum on a shared board)
[22m[39m{"timestamp":"2026-06-20T08:06:53.779Z","level":"INFO","source":"frontend","module":"webrtc/sframe-transform","message":"encrypted frame","context":{"kid":9,"ctr":4,"byteLength":62,"codecOffset":10}}

[90mstdout[2m | apps/validator-daemon/src/canary/__tests__/verify-loop.test.ts[2m > [22m[2mREQ-CFA-042 — state.relayStunLossBps is READ as the classifier stunPacketLossBps arg[2m > [22m[2ma HIGH STUN prior ABSORBS a drop that a ZERO STUN prior PROMOTES (two-validator quorum on a shared board)
[22m[39m{"timestamp":"2026-06-20T08:06:53.780Z","level":"INFO","source":"frontend","module":"webrtc/sframe-transform","message":"encrypted frame","context":{"kid":9,"ctr":5,"byteLength":62,"codecOffset":10}}

[90mstdout[2m | apps/validator-daemon/src/canary/__tests__/verify-loop.test.ts[2m > [22m[2mREQ-CFA-042 — state.relayStunLossBps is READ as the classifier stunPacketLossBps arg[2m > [22m[2ma HIGH STUN prior ABSORBS a drop that a ZERO STUN prior PROMOTES (two-validator quorum on a shared board)
[22m[39m{"timestamp":"2026-06-20T08:06:53.782Z","level":"INFO","source":"frontend","module":"webrtc/sframe-transform","message":"encrypted frame","context":{"kid":9,"ctr":6,"byteLength":62,"codecOffset":10}}

[90mstdout[2m | apps/validator-daemon/src/canary/__tests__/verify-loop.test.ts[2m > [22m[2mREQ-CFA-042 — state.relayStunLossBps is READ as the classifier stunPacketLossBps arg[2m > [22m[2ma HIGH STUN prior ABSORBS a drop that a ZERO STUN prior PROMOTES (two-validator quorum on a shared board)
[22m[39m{"timestamp":"2026-06-20T08:06:53.783Z","level":"INFO","source":"frontend","module":"webrtc/sframe-transform","message":"encrypted frame","context":{"kid":9,"ctr":7,"byteLength":62,"codecOffset":10}}

{"level":30,"time":1781942813783,"pid":39960,"hostname":"Quang","name":"canary/verifier","canaryKid":9,"mediaPackets":7,"byteIdentical":7,"divergences":1,"msg":"canary forwarding verified"}
{"level":30,"time":1781942813783,"pid":39960,"hostname":"Quang","name":"canary/loss-classifier","relayMinerId":"relay-under-audit","promoted":0,"absorbed":1,"tampers":0,"cumulativeCrossed":false,"msg":"canary divergences classified (drop gate / tamper p=1)"}
{"level":30,"time":1781942813783,"pid":39960,"hostname":"Quang","name":"canary/verify-loop","round":0,"relayMinerId":"relay-under-audit","roomId":"verify-loop-room","perReceiver":2,"promoted":0,"absorbed":1,"stunLossBps":"5000","msg":"canary verify round classified (hermetic half — synthetic capture, STUN read live)"}
[90mstdout[2m | apps/validator-daemon/src/canary/__tests__/verify-loop.test.ts[2m > [22m[2mREQ-CFA-042 — state.relayStunLossBps is READ as the classifier stunPacketLossBps arg[2m > [22m[2ma HIGH STUN prior ABSORBS a drop that a ZERO STUN prior PROMOTES (two-validator quorum on a shared board)
[22m[39m{"timestamp":"2026-06-20T08:06:53.784Z","level":"INFO","source":"frontend","module":"webrtc/sframe-transform","message":"encrypted frame","context":{"kid":9,"ctr":0,"byteLength":62,"codecOffset":10}}

[90mstdout[2m | apps/validator-daemon/src/canary/__tests__/verify-loop.test.ts[2m > [22m[2mREQ-CFA-042 — state.relayStunLossBps is READ as the classifier stunPacketLossBps arg[2m > [22m[2ma HIGH STUN prior ABSORBS a drop that a ZERO STUN prior PROMOTES (two-validator quorum on a shared board)
[22m[39m{"timestamp":"2026-06-20T08:06:53.785Z","level":"INFO","source":"frontend","module":"webrtc/sframe-transform","message":"encrypted frame","context":{"kid":9,"ctr":1,"byteLength":62,"codecOffset":10}}

[90mstdout[2m | apps/validator-daemon/src/canary/__tests__/verify-loop.test.ts[2m > [22m[2mREQ-CFA-042 — state.relayStunLossBps is READ as the classifier stunPacketLossBps arg[2m > [22m[2ma HIGH STUN prior ABSORBS a drop that a ZERO STUN prior PROMOTES (two-validator quorum on a shared board)
[22m[39m{"timestamp":"2026-06-20T08:06:53.786Z","level":"INFO","source":"frontend","module":"webrtc/sframe-transform","message":"encrypted frame","context":{"kid":9,"ctr":2,"byteLength":62,"codecOffset":10}}

[90mstdout[2m | apps/validator-daemon/src/canary/__tests__/verify-loop.test.ts[2m > [22m[2mREQ-CFA-042 — state.relayStunLossBps is READ as the classifier stunPacketLossBps arg[2m > [22m[2ma HIGH STUN prior ABSORBS a drop that a ZERO STUN prior PROMOTES (two-validator quorum on a shared board)
[22m[39m{"timestamp":"2026-06-20T08:06:53.788Z","level":"INFO","source":"frontend","module":"webrtc/sframe-transform","message":"encrypted frame","context":{"kid":9,"ctr":3,"byteLength":62,"codecOffset":10}}

[90mstdout[2m | apps/validator-daemon/src/canary/__tests__/verify-loop.test.ts[2m > [22m[2mREQ-CFA-042 — state.relayStunLossBps is READ as the classifier stunPacketLossBps arg[2m > [22m[2ma HIGH STUN prior ABSORBS a drop that a ZERO STUN prior PROMOTES (two-validator quorum on a shared board)
[22m[39m{"timestamp":"2026-06-20T08:06:53.790Z","level":"INFO","source":"frontend","module":"webrtc/sframe-transform","message":"encrypted frame","context":{"kid":9,"ctr":4,"byteLength":62,"codecOffset":10}}

[90mstdout[2m | apps/validator-daemon/src/canary/__tests__/verify-loop.test.ts[2m > [22m[2mREQ-CFA-042 — state.relayStunLossBps is READ as the classifier stunPacketLossBps arg[2m > [22m[2ma HIGH STUN prior ABSORBS a drop that a ZERO STUN prior PROMOTES (two-validator quorum on a shared board)
[22m[39m{"timestamp":"2026-06-20T08:06:53.792Z","level":"INFO","source":"frontend","module":"webrtc/sframe-transform","message":"encrypted frame","context":{"kid":9,"ctr":6,"byteLength":62,"codecOffset":10}}

[90mstdout[2m | apps/validator-daemon/src/canary/__tests__/verify-loop.test.ts[2m > [22m[2mREQ-CFA-042 — state.relayStunLossBps is READ as the classifier stunPacketLossBps arg[2m > [22m[2ma HIGH STUN prior ABSORBS a drop that a ZERO STUN prior PROMOTES (two-validator quorum on a shared board)
[22m[39m{"timestamp":"2026-06-20T08:06:53.793Z","level":"INFO","source":"frontend","module":"webrtc/sframe-transform","message":"encrypted frame","context":{"kid":9,"ctr":7,"byteLength":62,"codecOffset":10}}

[90mstdout[2m | apps/validator-daemon/src/canary/__tests__/verify-loop.test.ts[2m > [22m[2mREQ-CFA-042 — state.relayStunLossBps is READ as the classifier stunPacketLossBps arg[2m > [22m[2ma HIGH STUN prior ABSORBS a drop that a ZERO STUN prior PROMOTES (two-validator quorum on a shared board)
[22m[39m{"timestamp":"2026-06-20T08:06:53.794Z","level":"INFO","source":"frontend","module":"webrtc/sframe-transform","message":"encrypted frame","context":{"kid":9,"ctr":0,"byteLength":62,"codecOffset":10}}

[90mstdout[2m | apps/validator-daemon/src/canary/__tests__/verify-loop.test.ts[2m > [22m[2mREQ-CFA-042 — state.relayStunLossBps is READ as the classifier stunPacketLossBps arg[2m > [22m[2ma HIGH STUN prior ABSORBS a drop that a ZERO STUN prior PROMOTES (two-validator quorum on a shared board)
[22m[39m{"timestamp":"2026-06-20T08:06:53.795Z","level":"INFO","source":"frontend","module":"webrtc/sframe-transform","message":"encrypted frame","context":{"kid":9,"ctr":1,"byteLength":62,"codecOffset":10}}

[90mstdout[2m | apps/validator-daemon/src/canary/__tests__/verify-loop.test.ts[2m > [22m[2mREQ-CFA-042 — state.relayStunLossBps is READ as the classifier stunPacketLossBps arg[2m > [22m[2ma HIGH STUN prior ABSORBS a drop that a ZERO STUN prior PROMOTES (two-validator quorum on a shared board)
[22m[39m{"timestamp":"2026-06-20T08:06:53.796Z","level":"INFO","source":"frontend","module":"webrtc/sframe-transform","message":"encrypted frame","context":{"kid":9,"ctr":2,"byteLength":62,"codecOffset":10}}

[90mstdout[2m | apps/validator-daemon/src/canary/__tests__/verify-loop.test.ts[2m > [22m[2mREQ-CFA-042 — state.relayStunLossBps is READ as the classifier stunPacketLossBps arg[2m > [22m[2ma HIGH STUN prior ABSORBS a drop that a ZERO STUN prior PROMOTES (two-validator quorum on a shared board)
[22m[39m{"timestamp":"2026-06-20T08:06:53.797Z","level":"INFO","source":"frontend","module":"webrtc/sframe-transform","message":"encrypted frame","context":{"kid":9,"ctr":3,"byteLength":62,"codecOffset":10}}

[90mstdout[2m | apps/validator-daemon/src/canary/__tests__/verify-loop.test.ts[2m > [22m[2mREQ-CFA-042 — state.relayStunLossBps is READ as the classifier stunPacketLossBps arg[2m > [22m[2ma HIGH STUN prior ABSORBS a drop that a ZERO STUN prior PROMOTES (two-validator quorum on a shared board)
[22m[39m{"timestamp":"2026-06-20T08:06:53.798Z","level":"INFO","source":"frontend","module":"webrtc/sframe-transform","message":"encrypted frame","context":{"kid":9,"ctr":4,"byteLength":62,"codecOffset":10}}

[90mstdout[2m | apps/validator-daemon/src/canary/__tests__/verify-loop.test.ts[2m > [22m[2mREQ-CFA-042 — state.relayStunLossBps is READ as the classifier stunPacketLossBps arg[2m > [22m[2ma HIGH STUN prior ABSORBS a drop that a ZERO STUN prior PROMOTES (two-validator quorum on a shared board)
[22m[39m{"timestamp":"2026-06-20T08:06:53.799Z","level":"INFO","source":"frontend","module":"webrtc/sframe-transform","message":"encrypted frame","context":{"kid":9,"ctr":5,"byteLength":62,"codecOffset":10}}

[90mstdout[2m | apps/validator-daemon/src/canary/__tests__/verify-loop.test.ts[2m > [22m[2mREQ-CFA-042 — state.relayStunLossBps is READ as the classifier stunPacketLossBps arg[2m > [22m[2ma HIGH STUN prior ABSORBS a drop that a ZERO STUN prior PROMOTES (two-validator quorum on a shared board)
[22m[39m{"timestamp":"2026-06-20T08:06:53.800Z","level":"INFO","source":"frontend","module":"webrtc/sframe-transform","message":"encrypted frame","context":{"kid":9,"ctr":6,"byteLength":62,"codecOffset":10}}

[90mstdout[2m | apps/validator-daemon/src/canary/__tests__/verify-loop.test.ts[2m > [22m[2mREQ-CFA-042 — state.relayStunLossBps is READ as the classifier stunPacketLossBps arg[2m > [22m[2ma HIGH STUN prior ABSORBS a drop that a ZERO STUN prior PROMOTES (two-validator quorum on a shared board)
[22m[39m{"timestamp":"2026-06-20T08:06:53.801Z","level":"INFO","source":"frontend","module":"webrtc/sframe-transform","message":"encrypted frame","context":{"kid":9,"ctr":7,"byteLength":62,"codecOffset":10}}

[90mstdout[2m | apps/validator-daemon/src/canary/__tests__/verify-loop.test.ts[2m > [22m[2mREQ-CFA-042 — state.relayStunLossBps is READ as the classifier stunPacketLossBps arg[2m > [22m[2ma HIGH STUN prior ABSORBS a drop that a ZERO STUN prior PROMOTES (two-validator quorum on a shared board)
[22m[39m{"timestamp":"2026-06-20T08:06:53.803Z","level":"INFO","source":"frontend","module":"webrtc/sframe-transform","message":"encrypted frame","context":{"kid":9,"ctr":0,"byteLength":62,"codecOffset":10}}

[90mstdout[2m | apps/validator-daemon/src/canary/__tests__/verify-loop.test.ts[2m > [22m[2mREQ-CFA-042 — state.relayStunLossBps is READ as the classifier stunPacketLossBps arg[2m > [22m[2ma HIGH STUN prior ABSORBS a drop that a ZERO STUN prior PROMOTES (two-validator quorum on a shared board)
[22m[39m{"timestamp":"2026-06-20T08:06:53.804Z","level":"INFO","source":"frontend","module":"webrtc/sframe-transform","message":"encrypted frame","context":{"kid":9,"ctr":1,"byteLength":62,"codecOffset":10}}

[90mstdout[2m | apps/validator-daemon/src/canary/__tests__/verify-loop.test.ts[2m > [22m[2mREQ-CFA-042 — state.relayStunLossBps is READ as the classifier stunPacketLossBps arg[2m > [22m[2ma HIGH STUN prior ABSORBS a drop that a ZERO STUN prior PROMOTES (two-validator quorum on a shared board)
[22m[39m{"timestamp":"2026-06-20T08:06:53.808Z","level":"INFO","source":"frontend","module":"webrtc/sframe-transform","message":"encrypted frame","context":{"kid":9,"ctr":2,"byteLength":62,"codecOffset":10}}

[90mstdout[2m | apps/validator-daemon/src/canary/__tests__/verify-loop.test.ts[2m > [22m[2mREQ-CFA-042 — state.relayStunLossBps is READ as the classifier stunPacketLossBps arg[2m > [22m[2ma HIGH STUN prior ABSORBS a drop that a ZERO STUN prior PROMOTES (two-validator quorum on a shared board)
[22m[39m{"timestamp":"2026-06-20T08:06:53.809Z","level":"INFO","source":"frontend","module":"webrtc/sframe-transform","message":"encrypted frame","context":{"kid":9,"ctr":3,"byteLength":62,"codecOffset":10}}

[90mstdout[2m | apps/validator-daemon/src/canary/__tests__/verify-loop.test.ts[2m > [22m[2mREQ-CFA-042 — state.relayStunLossBps is READ as the classifier stunPacketLossBps arg[2m > [22m[2ma HIGH STUN prior ABSORBS a drop that a ZERO STUN prior PROMOTES (two-validator quorum on a shared board)
[22m[39m{"timestamp":"2026-06-20T08:06:53.810Z","level":"INFO","source":"frontend","module":"webrtc/sframe-transform","message":"encrypted frame","context":{"kid":9,"ctr":4,"byteLength":62,"codecOffset":10}}

[90mstdout[2m | apps/validator-daemon/src/canary/__tests__/verify-loop.test.ts[2m > [22m[2mREQ-CFA-042 — state.relayStunLossBps is READ as the classifier stunPacketLossBps arg[2m > [22m[2ma HIGH STUN prior ABSORBS a drop that a ZERO STUN prior PROMOTES (two-validator quorum on a shared board)
[22m[39m{"timestamp":"2026-06-20T08:06:53.811Z","level":"INFO","source":"frontend","module":"webrtc/sframe-transform","message":"encrypted frame","context":{"kid":9,"ctr":5,"byteLength":62,"codecOffset":10}}

[90mstdout[2m | apps/validator-daemon/src/canary/__tests__/verify-loop.test.ts[2m > [22m[2mREQ-CFA-042 — state.relayStunLossBps is READ as the classifier stunPacketLossBps arg[2m > [22m[2ma HIGH STUN prior ABSORBS a drop that a ZERO STUN prior PROMOTES (two-validator quorum on a shared board)
[22m[39m{"timestamp":"2026-06-20T08:06:53.812Z","level":"INFO","source":"frontend","module":"webrtc/sframe-transform","message":"encrypted frame","context":{"kid":9,"ctr":6,"byteLength":62,"codecOffset":10}}

[90mstdout[2m | apps/validator-daemon/src/canary/__tests__/verify-loop.test.ts[2m > [22m[2mREQ-CFA-042 — state.relayStunLossBps is READ as the classifier stunPacketLossBps arg[2m > [22m[2ma HIGH STUN prior ABSORBS a drop that a ZERO STUN prior PROMOTES (two-validator quorum on a shared board)
[22m[39m{"timestamp":"2026-06-20T08:06:53.813Z","level":"INFO","source":"frontend","module":"webrtc/sframe-transform","message":"encrypted frame","context":{"kid":9,"ctr":7,"byteLength":62,"codecOffset":10}}

[90mstdout[2m | apps/validator-daemon/src/canary/__tests__/verify-loop.test.ts[2m > [22m[2mREQ-CFA-042 — state.relayStunLossBps is READ as the classifier stunPacketLossBps arg[2m > [22m[2ma HIGH STUN prior ABSORBS a drop that a ZERO STUN prior PROMOTES (two-validator quorum on a shared board)
[22m[39m{"timestamp":"2026-06-20T08:06:53.815Z","level":"INFO","source":"frontend","module":"webrtc/sframe-transform","message":"encrypted frame","context":{"kid":9,"ctr":0,"byteLength":62,"codecOffset":10}}

{"level":30,"time":1781942813802,"pid":39960,"hostname":"Quang","name":"canary/verifier","canaryKid":9,"mediaPackets":7,"byteIdentical":7,"divergences":1,"msg":"canary forwarding verified"}
{"level":30,"time":1781942813814,"pid":39960,"hostname":"Quang","name":"canary/verifier","canaryKid":9,"mediaPackets":7,"byteIdentical":7,"divergences":1,"msg":"canary forwarding verified"}
{"level":30,"time":1781942813814,"pid":39960,"hostname":"Quang","name":"canary/loss-classifier","relayMinerId":"relay-under-audit","promoted":0,"absorbed":1,"tampers":0,"cumulativeCrossed":false,"msg":"canary divergences classified (drop gate / tamper p=1)"}
{"level":30,"time":1781942813814,"pid":39960,"hostname":"Quang","name":"canary/verify-loop","round":0,"relayMinerId":"relay-under-audit","roomId":"verify-loop-room","perReceiver":2,"promoted":0,"absorbed":1,"stunLossBps":"5000","msg":"canary verify round classified (hermetic half — synthetic capture, STUN read live)"}
[90mstdout[2m | apps/validator-daemon/src/canary/__tests__/verify-loop.test.ts[2m > [22m[2mREQ-CFA-042 — state.relayStunLossBps is READ as the classifier stunPacketLossBps arg[2m > [22m[2ma HIGH STUN prior ABSORBS a drop that a ZERO STUN prior PROMOTES (two-validator quorum on a shared board)
[22m[39m{"timestamp":"2026-06-20T08:06:53.816Z","level":"INFO","source":"frontend","module":"webrtc/sframe-transform","message":"encrypted frame","context":{"kid":9,"ctr":1,"byteLength":62,"codecOffset":10}}

[90mstdout[2m | apps/validator-daemon/src/canary/__tests__/verify-loop.test.ts[2m > [22m[2mREQ-CFA-042 — state.relayStunLossBps is READ as the classifier stunPacketLossBps arg[2m > [22m[2ma HIGH STUN prior ABSORBS a drop that a ZERO STUN prior PROMOTES (two-validator quorum on a shared board)
[22m[39m{"timestamp":"2026-06-20T08:06:53.817Z","level":"INFO","source":"frontend","module":"webrtc/sframe-transform","message":"encrypted frame","context":{"kid":9,"ctr":2,"byteLength":62,"codecOffset":10}}

[90mstdout[2m | apps/validator-daemon/src/canary/__tests__/verify-loop.test.ts[2m > [22m[2mREQ-CFA-042 — state.relayStunLossBps is READ as the classifier stunPacketLossBps arg[2m > [22m[2ma HIGH STUN prior ABSORBS a drop that a ZERO STUN prior PROMOTES (two-validator quorum on a shared board)
[22m[39m{"timestamp":"2026-06-20T08:06:53.818Z","level":"INFO","source":"frontend","module":"webrtc/sframe-transform","message":"encrypted frame","context":{"kid":9,"ctr":3,"byteLength":62,"codecOffset":10}}

[90mstdout[2m | apps/validator-daemon/src/canary/__tests__/verify-loop.test.ts[2m > [22m[2mREQ-CFA-042 — state.relayStunLossBps is READ as the classifier stunPacketLossBps arg[2m > [22m[2ma HIGH STUN prior ABSORBS a drop that a ZERO STUN prior PROMOTES (two-validator quorum on a shared board)
[22m[39m{"timestamp":"2026-06-20T08:06:53.819Z","level":"INFO","source":"frontend","module":"webrtc/sframe-transform","message":"encrypted frame","context":{"kid":9,"ctr":4,"byteLength":62,"codecOffset":10}}

[90mstdout[2m | apps/validator-daemon/src/canary/__tests__/verify-loop.test.ts[2m > [22m[2mREQ-CFA-042 — state.relayStunLossBps is READ as the classifier stunPacketLossBps arg[2m > [22m[2ma HIGH STUN prior ABSORBS a drop that a ZERO STUN prior PROMOTES (two-validator quorum on a shared board)
[22m[39m{"timestamp":"2026-06-20T08:06:53.820Z","level":"INFO","source":"frontend","module":"webrtc/sframe-transform","message":"encrypted frame","context":{"kid":9,"ctr":6,"byteLength":62,"codecOffset":10}}

[90mstdout[2m | apps/validator-daemon/src/canary/__tests__/verify-loop.test.ts[2m > [22m[2mREQ-CFA-042 — state.relayStunLossBps is READ as the classifier stunPacketLossBps arg[2m > [22m[2ma HIGH STUN prior ABSORBS a drop that a ZERO STUN prior PROMOTES (two-validator quorum on a shared board)
[22m[39m{"timestamp":"2026-06-20T08:06:53.821Z","level":"INFO","source":"frontend","module":"webrtc/sframe-transform","message":"encrypted frame","context":{"kid":9,"ctr":7,"byteLength":62,"codecOffset":10}}

 [32m✓[39m apps/validator-daemon/src/__tests__/heartbeat.test.ts [2m([22m[2m3 tests[22m[2m)[22m[32m 21[2mms[22m[39m
[90mstdout[2m | apps/validator-daemon/src/canary/__tests__/verify-loop.test.ts[2m > [22m[2mREQ-CFA-042 — state.relayStunLossBps is READ as the classifier stunPacketLossBps arg[2m > [22m[2ma HIGH STUN prior ABSORBS a drop that a ZERO STUN prior PROMOTES (two-validator quorum on a shared board)
[22m[39m{"timestamp":"2026-06-20T08:06:53.822Z","level":"INFO","source":"frontend","module":"webrtc/sframe-transform","message":"encrypted frame","context":{"kid":9,"ctr":0,"byteLength":62,"codecOffset":10}}

[90mstdout[2m | apps/validator-daemon/src/canary/__tests__/verify-loop.test.ts[2m > [22m[2mREQ-CFA-042 — state.relayStunLossBps is READ as the classifier stunPacketLossBps arg[2m > [22m[2ma HIGH STUN prior ABSORBS a drop that a ZERO STUN prior PROMOTES (two-validator quorum on a shared board)
[22m[39m{"timestamp":"2026-06-20T08:06:53.823Z","level":"INFO","source":"frontend","module":"webrtc/sframe-transform","message":"encrypted frame","context":{"kid":9,"ctr":1,"byteLength":62,"codecOffset":10}}

[90mstdout[2m | apps/validator-daemon/src/canary/__tests__/verify-loop.test.ts[2m > [22m[2mREQ-CFA-042 — state.relayStunLossBps is READ as the classifier stunPacketLossBps arg[2m > [22m[2ma HIGH STUN prior ABSORBS a drop that a ZERO STUN prior PROMOTES (two-validator quorum on a shared board)
[22m[39m{"timestamp":"2026-06-20T08:06:53.824Z","level":"INFO","source":"frontend","module":"webrtc/sframe-transform","message":"encrypted frame","context":{"kid":9,"ctr":2,"byteLength":62,"codecOffset":10}}

[90mstdout[2m | apps/validator-daemon/src/canary/__tests__/verify-loop.test.ts[2m > [22m[2mREQ-CFA-042 — state.relayStunLossBps is READ as the classifier stunPacketLossBps arg[2m > [22m[2ma HIGH STUN prior ABSORBS a drop that a ZERO STUN prior PROMOTES (two-validator quorum on a shared board)
[22m[39m{"timestamp":"2026-06-20T08:06:53.827Z","level":"INFO","source":"frontend","module":"webrtc/sframe-transform","message":"encrypted frame","context":{"kid":9,"ctr":3,"byteLength":62,"codecOffset":10}}

[90mstdout[2m | apps/validator-daemon/src/canary/__tests__/verify-loop.test.ts[2m > [22m[2mREQ-CFA-042 — state.relayStunLossBps is READ as the classifier stunPacketLossBps arg[2m > [22m[2ma HIGH STUN prior ABSORBS a drop that a ZERO STUN prior PROMOTES (two-validator quorum on a shared board)
[22m[39m{"timestamp":"2026-06-20T08:06:53.828Z","level":"INFO","source":"frontend","module":"webrtc/sframe-transform","message":"encrypted frame","context":{"kid":9,"ctr":4,"byteLength":62,"codecOffset":10}}

[90mstdout[2m | apps/validator-daemon/src/canary/__tests__/verify-loop.test.ts[2m > [22m[2mREQ-CFA-042 — state.relayStunLossBps is READ as the classifier stunPacketLossBps arg[2m > [22m[2ma HIGH STUN prior ABSORBS a drop that a ZERO STUN prior PROMOTES (two-validator quorum on a shared board)
[22m[39m{"timestamp":"2026-06-20T08:06:53.830Z","level":"INFO","source":"frontend","module":"webrtc/sframe-transform","message":"encrypted frame","context":{"kid":9,"ctr":5,"byteLength":62,"codecOffset":10}}

[90mstdout[2m | apps/validator-daemon/src/canary/__tests__/verify-loop.test.ts[2m > [22m[2mREQ-CFA-042 — state.relayStunLossBps is READ as the classifier stunPacketLossBps arg[2m > [22m[2ma HIGH STUN prior ABSORBS a drop that a ZERO STUN prior PROMOTES (two-validator quorum on a shared board)
[22m[39m{"timestamp":"2026-06-20T08:06:53.831Z","level":"INFO","source":"frontend","module":"webrtc/sframe-transform","message":"encrypted frame","context":{"kid":9,"ctr":6,"byteLength":62,"codecOffset":10}}

 [32m✓[39m apps/validator-daemon/src/__tests__/index.test.ts [2m([22m[2m12 tests[22m[2m)[22m[32m 197[2mms[22m[39m
{"level":30,"time":1781942813837,"pid":5564,"hostname":"Quang","name":"validator:measurements","relayMinerId":"0xabc123","lossRate":"250","latency":"42","bytes":"12345678","uniquePeers":"4","durationMs":"60000","msg":"Measured relay 0xabc123: loss=250bp, latency=42ms, bytes=12345678, peers=4"}
[90mstdout[2m | apps/validator-daemon/src/canary/__tests__/verify-loop.test.ts[2m > [22m[2mREQ-CFA-042 — state.relayStunLossBps is READ as the classifier stunPacketLossBps arg[2m > [22m[2ma HIGH STUN prior ABSORBS a drop that a ZERO STUN prior PROMOTES (two-validator quorum on a shared board)
[22m[39m{"timestamp":"2026-06-20T08:06:53.839Z","level":"INFO","source":"frontend","module":"webrtc/sframe-transform","message":"encrypted frame","context":{"kid":9,"ctr":7,"byteLength":62,"codecOffset":10}}

{"level":30,"time":1781942813839,"pid":39960,"hostname":"Quang","name":"canary/verifier","canaryKid":9,"mediaPackets":7,"byteIdentical":7,"divergences":1,"msg":"canary forwarding verified"}
[90mstdout[2m | apps/validator-daemon/src/canary/__tests__/verify-loop.test.ts[2m > [22m[2mREQ-CFA-042 — state.relayStunLossBps is READ as the classifier stunPacketLossBps arg[2m > [22m[2ma HIGH STUN prior ABSORBS a drop that a ZERO STUN prior PROMOTES (two-validator quorum on a shared board)
[22m[39m{"timestamp":"2026-06-20T08:06:53.840Z","level":"INFO","source":"frontend","module":"webrtc/sframe-transform","message":"encrypted frame","context":{"kid":9,"ctr":0,"byteLength":62,"codecOffset":10}}

[90mstdout[2m | apps/validator-daemon/src/canary/__tests__/verify-loop.test.ts[2m > [22m[2mREQ-CFA-042 — state.relayStunLossBps is READ as the classifier stunPacketLossBps arg[2m > [22m[2ma HIGH STUN prior ABSORBS a drop that a ZERO STUN prior PROMOTES (two-validator quorum on a shared board)
[22m[39m{"timestamp":"2026-06-20T08:06:53.841Z","level":"INFO","source":"frontend","module":"webrtc/sframe-transform","message":"encrypted frame","context":{"kid":9,"ctr":1,"byteLength":62,"codecOffset":10}}

[90mstdout[2m | apps/validator-daemon/src/canary/__tests__/verify-loop.test.ts[2m > [22m[2mREQ-CFA-042 — state.relayStunLossBps is READ as the classifier stunPacketLossBps arg[2m > [22m[2ma HIGH STUN prior ABSORBS a drop that a ZERO STUN prior PROMOTES (two-validator quorum on a shared board)
[22m[39m{"timestamp":"2026-06-20T08:06:53.843Z","level":"INFO","source":"frontend","module":"webrtc/sframe-transform","message":"encrypted frame","context":{"kid":9,"ctr":2,"byteLength":62,"codecOffset":10}}

[90mstdout[2m | apps/validator-daemon/src/canary/__tests__/verify-loop.test.ts[2m > [22m[2mREQ-CFA-042 — state.relayStunLossBps is READ as the classifier stunPacketLossBps arg[2m > [22m[2ma HIGH STUN prior ABSORBS a drop that a ZERO STUN prior PROMOTES (two-validator quorum on a shared board)
[22m[39m{"timestamp":"2026-06-20T08:06:53.844Z","level":"INFO","source":"frontend","module":"webrtc/sframe-transform","message":"encrypted frame","context":{"kid":9,"ctr":3,"byteLength":62,"codecOffset":10}}

[90mstdout[2m | apps/validator-daemon/src/canary/__tests__/verify-loop.test.ts[2m > [22m[2mREQ-CFA-042 — state.relayStunLossBps is READ as the classifier stunPacketLossBps arg[2m > [22m[2ma HIGH STUN prior ABSORBS a drop that a ZERO STUN prior PROMOTES (two-validator quorum on a shared board)
[22m[39m{"timestamp":"2026-06-20T08:06:53.844Z","level":"INFO","source":"frontend","module":"webrtc/sframe-transform","message":"encrypted frame","context":{"kid":9,"ctr":4,"byteLength":62,"codecOffset":10}}

[90mstdout[2m | apps/validator-daemon/src/canary/__tests__/verify-loop.test.ts[2m > [22m[2mREQ-CFA-042 — state.relayStunLossBps is READ as the classifier stunPacketLossBps arg[2m > [22m[2ma HIGH STUN prior ABSORBS a drop that a ZERO STUN prior PROMOTES (two-validator quorum on a shared board)
[22m[39m{"timestamp":"2026-06-20T08:06:53.845Z","level":"INFO","source":"frontend","module":"webrtc/sframe-transform","message":"encrypted frame","context":{"kid":9,"ctr":5,"byteLength":62,"codecOffset":10}}

[90mstdout[2m | apps/validator-daemon/src/canary/__tests__/verify-loop.test.ts[2m > [22m[2mREQ-CFA-042 — state.relayStunLossBps is READ as the classifier stunPacketLossBps arg[2m > [22m[2ma HIGH STUN prior ABSORBS a drop that a ZERO STUN prior PROMOTES (two-validator quorum on a shared board)
[22m[39m{"timestamp":"2026-06-20T08:06:53.846Z","level":"INFO","source":"frontend","module":"webrtc/sframe-transform","message":"encrypted frame","context":{"kid":9,"ctr":6,"byteLength":62,"codecOffset":10}}

[90mstdout[2m | apps/validator-daemon/src/canary/__tests__/verify-loop.test.ts[2m > [22m[2mREQ-CFA-042 — state.relayStunLossBps is READ as the classifier stunPacketLossBps arg[2m > [22m[2ma HIGH STUN prior ABSORBS a drop that a ZERO STUN prior PROMOTES (two-validator quorum on a shared board)
[22m[39m{"timestamp":"2026-06-20T08:06:53.847Z","level":"INFO","source":"frontend","module":"webrtc/sframe-transform","message":"encrypted frame","context":{"kid":9,"ctr":7,"byteLength":62,"codecOffset":10}}

[90mstdout[2m | apps/validator-daemon/src/canary/__tests__/verify-loop.test.ts[2m > [22m[2mREQ-CFA-042 — state.relayStunLossBps is READ as the classifier stunPacketLossBps arg[2m > [22m[2ma HIGH STUN prior ABSORBS a drop that a ZERO STUN prior PROMOTES (two-validator quorum on a shared board)
[22m[39m{"timestamp":"2026-06-20T08:06:53.849Z","level":"INFO","source":"frontend","module":"webrtc/sframe-transform","message":"encrypted frame","context":{"kid":9,"ctr":0,"byteLength":62,"codecOffset":10}}

[90mstdout[2m | apps/validator-daemon/src/canary/__tests__/verify-loop.test.ts[2m > [22m[2mREQ-CFA-042 — state.relayStunLossBps is READ as the classifier stunPacketLossBps arg[2m > [22m[2ma HIGH STUN prior ABSORBS a drop that a ZERO STUN prior PROMOTES (two-validator quorum on a shared board)
[22m[39m{"timestamp":"2026-06-20T08:06:53.850Z","level":"INFO","source":"frontend","module":"webrtc/sframe-transform","message":"encrypted frame","context":{"kid":9,"ctr":1,"byteLength":62,"codecOffset":10}}

[90mstdout[2m | apps/validator-daemon/src/canary/__tests__/verify-loop.test.ts[2m > [22m[2mREQ-CFA-042 — state.relayStunLossBps is READ as the classifier stunPacketLossBps arg[2m > [22m[2ma HIGH STUN prior ABSORBS a drop that a ZERO STUN prior PROMOTES (two-validator quorum on a shared board)
[22m[39m{"timestamp":"2026-06-20T08:06:53.851Z","level":"INFO","source":"frontend","module":"webrtc/sframe-transform","message":"encrypted frame","context":{"kid":9,"ctr":2,"byteLength":62,"codecOffset":10}}

[90mstdout[2m | apps/validator-daemon/src/canary/__tests__/verify-loop.test.ts[2m > [22m[2mREQ-CFA-042 — state.relayStunLossBps is READ as the classifier stunPacketLossBps arg[2m > [22m[2ma HIGH STUN prior ABSORBS a drop that a ZERO STUN prior PROMOTES (two-validator quorum on a shared board)
[22m[39m{"timestamp":"2026-06-20T08:06:53.852Z","level":"INFO","source":"frontend","module":"webrtc/sframe-transform","message":"encrypted frame","context":{"kid":9,"ctr":3,"byteLength":62,"codecOffset":10}}

[90mstdout[2m | apps/validator-daemon/src/canary/__tests__/verify-loop.test.ts[2m > [22m[2mREQ-CFA-042 — state.relayStunLossBps is READ as the classifier stunPacketLossBps arg[2m > [22m[2ma HIGH STUN prior ABSORBS a drop that a ZERO STUN prior PROMOTES (two-validator quorum on a shared board)
[22m[39m{"timestamp":"2026-06-20T08:06:53.853Z","level":"INFO","source":"frontend","module":"webrtc/sframe-transform","message":"encrypted frame","context":{"kid":9,"ctr":4,"byteLength":62,"codecOffset":10}}

[90mstdout[2m | apps/validator-daemon/src/canary/__tests__/verify-loop.test.ts[2m > [22m[2mREQ-CFA-042 — state.relayStunLossBps is READ as the classifier stunPacketLossBps arg[2m > [22m[2ma HIGH STUN prior ABSORBS a drop that a ZERO STUN prior PROMOTES (two-validator quorum on a shared board)
[22m[39m{"timestamp":"2026-06-20T08:06:53.854Z","level":"INFO","source":"frontend","module":"webrtc/sframe-transform","message":"encrypted frame","context":{"kid":9,"ctr":6,"byteLength":62,"codecOffset":10}}

[90mstdout[2m | apps/validator-daemon/src/canary/__tests__/verify-loop.test.ts[2m > [22m[2mREQ-CFA-042 — state.relayStunLossBps is READ as the classifier stunPacketLossBps arg[2m > [22m[2ma HIGH STUN prior ABSORBS a drop that a ZERO STUN prior PROMOTES (two-validator quorum on a shared board)
[22m[39m{"timestamp":"2026-06-20T08:06:53.855Z","level":"INFO","source":"frontend","module":"webrtc/sframe-transform","message":"encrypted frame","context":{"kid":9,"ctr":7,"byteLength":62,"codecOffset":10}}

[90mstdout[2m | apps/validator-daemon/src/canary/__tests__/verify-loop.test.ts[2m > [22m[2mREQ-CFA-042 — state.relayStunLossBps is READ as the classifier stunPacketLossBps arg[2m > [22m[2ma HIGH STUN prior ABSORBS a drop that a ZERO STUN prior PROMOTES (two-validator quorum on a shared board)
[22m[39m{"timestamp":"2026-06-20T08:06:53.856Z","level":"INFO","source":"frontend","module":"webrtc/sframe-transform","message":"encrypted frame","context":{"kid":9,"ctr":0,"byteLength":62,"codecOffset":10}}

[90mstdout[2m | apps/validator-daemon/src/canary/__tests__/verify-loop.test.ts[2m > [22m[2mREQ-CFA-042 — state.relayStunLossBps is READ as the classifier stunPacketLossBps arg[2m > [22m[2ma HIGH STUN prior ABSORBS a drop that a ZERO STUN prior PROMOTES (two-validator quorum on a shared board)
[22m[39m{"timestamp":"2026-06-20T08:06:53.857Z","level":"INFO","source":"frontend","module":"webrtc/sframe-transform","message":"encrypted frame","context":{"kid":9,"ctr":1,"byteLength":62,"codecOffset":10}}

[90mstdout[2m | apps/validator-daemon/src/canary/__tests__/verify-loop.test.ts[2m > [22m[2mREQ-CFA-042 — state.relayStunLossBps is READ as the classifier stunPacketLossBps arg[2m > [22m[2ma HIGH STUN prior ABSORBS a drop that a ZERO STUN prior PROMOTES (two-validator quorum on a shared board)
[22m[39m{"timestamp":"2026-06-20T08:06:53.858Z","level":"INFO","source":"frontend","module":"webrtc/sframe-transform","message":"encrypted frame","context":{"kid":9,"ctr":2,"byteLength":62,"codecOffset":10}}

[90mstdout[2m | apps/validator-daemon/src/canary/__tests__/verify-loop.test.ts[2m > [22m[2mREQ-CFA-042 — state.relayStunLossBps is READ as the classifier stunPacketLossBps arg[2m > [22m[2ma HIGH STUN prior ABSORBS a drop that a ZERO STUN prior PROMOTES (two-validator quorum on a shared board)
[22m[39m{"timestamp":"2026-06-20T08:06:53.859Z","level":"INFO","source":"frontend","module":"webrtc/sframe-transform","message":"encrypted frame","context":{"kid":9,"ctr":3,"byteLength":62,"codecOffset":10}}

[90mstdout[2m | apps/validator-daemon/src/canary/__tests__/verify-loop.test.ts[2m > [22m[2mREQ-CFA-042 — state.relayStunLossBps is READ as the classifier stunPacketLossBps arg[2m > [22m[2ma HIGH STUN prior ABSORBS a drop that a ZERO STUN prior PROMOTES (two-validator quorum on a shared board)
[22m[39m{"timestamp":"2026-06-20T08:06:53.860Z","level":"INFO","source":"frontend","module":"webrtc/sframe-transform","message":"encrypted frame","context":{"kid":9,"ctr":4,"byteLength":62,"codecOffset":10}}

[90mstdout[2m | apps/validator-daemon/src/canary/__tests__/verify-loop.test.ts[2m > [22m[2mREQ-CFA-042 — state.relayStunLossBps is READ as the classifier stunPacketLossBps arg[2m > [22m[2ma HIGH STUN prior ABSORBS a drop that a ZERO STUN prior PROMOTES (two-validator quorum on a shared board)
[22m[39m{"timestamp":"2026-06-20T08:06:53.861Z","level":"INFO","source":"frontend","module":"webrtc/sframe-transform","message":"encrypted frame","context":{"kid":9,"ctr":5,"byteLength":62,"codecOffset":10}}

[90mstdout[2m | apps/validator-daemon/src/canary/__tests__/verify-loop.test.ts[2m > [22m[2mREQ-CFA-042 — state.relayStunLossBps is READ as the classifier stunPacketLossBps arg[2m > [22m[2ma HIGH STUN prior ABSORBS a drop that a ZERO STUN prior PROMOTES (two-validator quorum on a shared board)
[22m[39m{"timestamp":"2026-06-20T08:06:53.862Z","level":"INFO","source":"frontend","module":"webrtc/sframe-transform","message":"encrypted frame","context":{"kid":9,"ctr":6,"byteLength":62,"codecOffset":10}}

[90mstdout[2m | apps/validator-daemon/src/canary/__tests__/verify-loop.test.ts[2m > [22m[2mREQ-CFA-042 — state.relayStunLossBps is READ as the classifier stunPacketLossBps arg[2m > [22m[2ma HIGH STUN prior ABSORBS a drop that a ZERO STUN prior PROMOTES (two-validator quorum on a shared board)
[22m[39m{"timestamp":"2026-06-20T08:06:53.863Z","level":"INFO","source":"frontend","module":"webrtc/sframe-transform","message":"encrypted frame","context":{"kid":9,"ctr":7,"byteLength":62,"codecOffset":10}}

[90mstdout[2m | apps/validator-daemon/src/canary/__tests__/verify-loop.test.ts[2m > [22m[2mREQ-CFA-042 — state.relayStunLossBps is READ as the classifier stunPacketLossBps arg[2m > [22m[2ma HIGH STUN prior ABSORBS a drop that a ZERO STUN prior PROMOTES (two-validator quorum on a shared board)
[22m[39m{"timestamp":"2026-06-20T08:06:53.865Z","level":"INFO","source":"frontend","module":"webrtc/sframe-transform","message":"encrypted frame","context":{"kid":9,"ctr":0,"byteLength":62,"codecOffset":10}}

[90mstdout[2m | apps/validator-daemon/src/canary/__tests__/verify-loop.test.ts[2m > [22m[2mREQ-CFA-042 — state.relayStunLossBps is READ as the classifier stunPacketLossBps arg[2m > [22m[2ma HIGH STUN prior ABSORBS a drop that a ZERO STUN prior PROMOTES (two-validator quorum on a shared board)
[22m[39m{"timestamp":"2026-06-20T08:06:53.867Z","level":"INFO","source":"frontend","module":"webrtc/sframe-transform","message":"encrypted frame","context":{"kid":9,"ctr":1,"byteLength":62,"codecOffset":10}}

[90mstdout[2m | apps/validator-daemon/src/canary/__tests__/verify-loop.test.ts[2m > [22m[2mREQ-CFA-042 — state.relayStunLossBps is READ as the classifier stunPacketLossBps arg[2m > [22m[2ma HIGH STUN prior ABSORBS a drop that a ZERO STUN prior PROMOTES (two-validator quorum on a shared board)
[22m[39m{"timestamp":"2026-06-20T08:06:53.867Z","level":"INFO","source":"frontend","module":"webrtc/sframe-transform","message":"encrypted frame","context":{"kid":9,"ctr":2,"byteLength":62,"codecOffset":10}}

[90mstdout[2m | apps/validator-daemon/src/canary/__tests__/verify-loop.test.ts[2m > [22m[2mREQ-CFA-042 — state.relayStunLossBps is READ as the classifier stunPacketLossBps arg[2m > [22m[2ma HIGH STUN prior ABSORBS a drop that a ZERO STUN prior PROMOTES (two-validator quorum on a shared board)
[22m[39m{"timestamp":"2026-06-20T08:06:53.868Z","level":"INFO","source":"frontend","module":"webrtc/sframe-transform","message":"encrypted frame","context":{"kid":9,"ctr":3,"byteLength":62,"codecOffset":10}}

[90mstdout[2m | apps/validator-daemon/src/canary/__tests__/verify-loop.test.ts[2m > [22m[2mREQ-CFA-042 — state.relayStunLossBps is READ as the classifier stunPacketLossBps arg[2m > [22m[2ma HIGH STUN prior ABSORBS a drop that a ZERO STUN prior PROMOTES (two-validator quorum on a shared board)
[22m[39m{"timestamp":"2026-06-20T08:06:53.869Z","level":"INFO","source":"frontend","module":"webrtc/sframe-transform","message":"encrypted frame","context":{"kid":9,"ctr":4,"byteLength":62,"codecOffset":10}}

[90mstdout[2m | apps/validator-daemon/src/canary/__tests__/verify-loop.test.ts[2m > [22m[2mREQ-CFA-042 — state.relayStunLossBps is READ as the classifier stunPacketLossBps arg[2m > [22m[2ma HIGH STUN prior ABSORBS a drop that a ZERO STUN prior PROMOTES (two-validator quorum on a shared board)
[22m[39m{"timestamp":"2026-06-20T08:06:53.870Z","level":"INFO","source":"frontend","module":"webrtc/sframe-transform","message":"encrypted frame","context":{"kid":9,"ctr":5,"byteLength":62,"codecOffset":10}}

[90mstdout[2m | apps/validator-daemon/src/canary/__tests__/verify-loop.test.ts[2m > [22m[2mREQ-CFA-042 — state.relayStunLossBps is READ as the classifier stunPacketLossBps arg[2m > [22m[2ma HIGH STUN prior ABSORBS a drop that a ZERO STUN prior PROMOTES (two-validator quorum on a shared board)
[22m[39m{"timestamp":"2026-06-20T08:06:53.871Z","level":"INFO","source":"frontend","module":"webrtc/sframe-transform","message":"encrypted frame","context":{"kid":9,"ctr":6,"byteLength":62,"codecOffset":10}}

[90mstdout[2m | apps/validator-daemon/src/canary/__tests__/verify-loop.test.ts[2m > [22m[2mREQ-CFA-042 — state.relayStunLossBps is READ as the classifier stunPacketLossBps arg[2m > [22m[2ma HIGH STUN prior ABSORBS a drop that a ZERO STUN prior PROMOTES (two-validator quorum on a shared board)
[22m[39m{"timestamp":"2026-06-20T08:06:53.872Z","level":"INFO","source":"frontend","module":"webrtc/sframe-transform","message":"encrypted frame","context":{"kid":9,"ctr":7,"byteLength":62,"codecOffset":10}}

[90mstdout[2m | apps/validator-daemon/src/canary/__tests__/verify-loop.test.ts[2m > [22m[2mREQ-CFA-042 — state.relayStunLossBps is READ as the classifier stunPacketLossBps arg[2m > [22m[2ma HIGH STUN prior ABSORBS a drop that a ZERO STUN prior PROMOTES (two-validator quorum on a shared board)
[22m[39m{"timestamp":"2026-06-20T08:06:53.874Z","level":"INFO","source":"frontend","module":"webrtc/sframe-transform","message":"encrypted frame","context":{"kid":9,"ctr":0,"byteLength":62,"codecOffset":10}}

[90mstdout[2m | apps/validator-daemon/src/canary/__tests__/verify-loop.test.ts[2m > [22m[2mREQ-CFA-042 — state.relayStunLossBps is READ as the classifier stunPacketLossBps arg[2m > [22m[2ma HIGH STUN prior ABSORBS a drop that a ZERO STUN prior PROMOTES (two-validator quorum on a shared board)
[22m[39m{"timestamp":"2026-06-20T08:06:53.875Z","level":"INFO","source":"frontend","module":"webrtc/sframe-transform","message":"encrypted frame","context":{"kid":9,"ctr":1,"byteLength":62,"codecOffset":10}}

[90mstdout[2m | apps/validator-daemon/src/canary/__tests__/verify-loop.test.ts[2m > [22m[2mREQ-CFA-042 — state.relayStunLossBps is READ as the classifier stunPacketLossBps arg[2m > [22m[2ma HIGH STUN prior ABSORBS a drop that a ZERO STUN prior PROMOTES (two-validator quorum on a shared board)
[22m[39m{"timestamp":"2026-06-20T08:06:53.876Z","level":"INFO","source":"frontend","module":"webrtc/sframe-transform","message":"encrypted frame","context":{"kid":9,"ctr":2,"byteLength":62,"codecOffset":10}}

[90mstdout[2m | apps/validator-daemon/src/canary/__tests__/verify-loop.test.ts[2m > [22m[2mREQ-CFA-042 — state.relayStunLossBps is READ as the classifier stunPacketLossBps arg[2m > [22m[2ma HIGH STUN prior ABSORBS a drop that a ZERO STUN prior PROMOTES (two-validator quorum on a shared board)
[22m[39m{"timestamp":"2026-06-20T08:06:53.878Z","level":"INFO","source":"frontend","module":"webrtc/sframe-transform","message":"encrypted frame","context":{"kid":9,"ctr":3,"byteLength":62,"codecOffset":10}}

[90mstdout[2m | apps/validator-daemon/src/canary/__tests__/verify-loop.test.ts[2m > [22m[2mREQ-CFA-042 — state.relayStunLossBps is READ as the classifier stunPacketLossBps arg[2m > [22m[2ma HIGH STUN prior ABSORBS a drop that a ZERO STUN prior PROMOTES (two-validator quorum on a shared board)
[22m[39m{"timestamp":"2026-06-20T08:06:53.879Z","level":"INFO","source":"frontend","module":"webrtc/sframe-transform","message":"encrypted frame","context":{"kid":9,"ctr":4,"byteLength":62,"codecOffset":10}}

[90mstdout[2m | apps/validator-daemon/src/canary/__tests__/verify-loop.test.ts[2m > [22m[2mREQ-CFA-042 — state.relayStunLossBps is READ as the classifier stunPacketLossBps arg[2m > [22m[2ma HIGH STUN prior ABSORBS a drop that a ZERO STUN prior PROMOTES (two-validator quorum on a shared board)
[22m[39m{"timestamp":"2026-06-20T08:06:53.880Z","level":"INFO","source":"frontend","module":"webrtc/sframe-transform","message":"encrypted frame","context":{"kid":9,"ctr":6,"byteLength":62,"codecOffset":10}}

[90mstdout[2m | apps/validator-daemon/src/canary/__tests__/verify-loop.test.ts[2m > [22m[2mREQ-CFA-042 — state.relayStunLossBps is READ as the classifier stunPacketLossBps arg[2m > [22m[2ma HIGH STUN prior ABSORBS a drop that a ZERO STUN prior PROMOTES (two-validator quorum on a shared board)
[22m[39m{"timestamp":"2026-06-20T08:06:53.882Z","level":"INFO","source":"frontend","module":"webrtc/sframe-transform","message":"encrypted frame","context":{"kid":9,"ctr":7,"byteLength":62,"codecOffset":10}}

[90mstdout[2m | apps/validator-daemon/src/canary/__tests__/verify-loop.test.ts[2m > [22m[2mREQ-CFA-042 — state.relayStunLossBps is READ as the classifier stunPacketLossBps arg[2m > [22m[2ma HIGH STUN prior ABSORBS a drop that a ZERO STUN prior PROMOTES (two-validator quorum on a shared board)
[22m[39m{"timestamp":"2026-06-20T08:06:53.883Z","level":"INFO","source":"frontend","module":"webrtc/sframe-transform","message":"encrypted frame","context":{"kid":9,"ctr":0,"byteLength":62,"codecOffset":10}}

[90mstdout[2m | apps/validator-daemon/src/canary/__tests__/verify-loop.test.ts[2m > [22m[2mREQ-CFA-042 — state.relayStunLossBps is READ as the classifier stunPacketLossBps arg[2m > [22m[2ma HIGH STUN prior ABSORBS a drop that a ZERO STUN prior PROMOTES (two-validator quorum on a shared board)
[22m[39m{"timestamp":"2026-06-20T08:06:53.884Z","level":"INFO","source":"frontend","module":"webrtc/sframe-transform","message":"encrypted frame","context":{"kid":9,"ctr":1,"byteLength":62,"codecOffset":10}}

[90mstdout[2m | apps/validator-daemon/src/canary/__tests__/verify-loop.test.ts[2m > [22m[2mREQ-CFA-042 — state.relayStunLossBps is READ as the classifier stunPacketLossBps arg[2m > [22m[2ma HIGH STUN prior ABSORBS a drop that a ZERO STUN prior PROMOTES (two-validator quorum on a shared board)
[22m[39m{"timestamp":"2026-06-20T08:06:53.885Z","level":"INFO","source":"frontend","module":"webrtc/sframe-transform","message":"encrypted frame","context":{"kid":9,"ctr":2,"byteLength":62,"codecOffset":10}}

[90mstdout[2m | apps/validator-daemon/src/canary/__tests__/verify-loop.test.ts[2m > [22m[2mREQ-CFA-042 — state.relayStunLossBps is READ as the classifier stunPacketLossBps arg[2m > [22m[2ma HIGH STUN prior ABSORBS a drop that a ZERO STUN prior PROMOTES (two-validator quorum on a shared board)
[22m[39m{"timestamp":"2026-06-20T08:06:53.885Z","level":"INFO","source":"frontend","module":"webrtc/sframe-transform","message":"encrypted frame","context":{"kid":9,"ctr":3,"byteLength":62,"codecOffset":10}}

[90mstdout[2m | apps/validator-daemon/src/canary/__tests__/verify-loop.test.ts[2m > [22m[2mREQ-CFA-042 — state.relayStunLossBps is READ as the classifier stunPacketLossBps arg[2m > [22m[2ma HIGH STUN prior ABSORBS a drop that a ZERO STUN prior PROMOTES (two-validator quorum on a shared board)
[22m[39m{"timestamp":"2026-06-20T08:06:53.886Z","level":"INFO","source":"frontend","module":"webrtc/sframe-transform","message":"encrypted frame","context":{"kid":9,"ctr":4,"byteLength":62,"codecOffset":10}}

[90mstdout[2m | apps/validator-daemon/src/canary/__tests__/verify-loop.test.ts[2m > [22m[2mREQ-CFA-042 — state.relayStunLossBps is READ as the classifier stunPacketLossBps arg[2m > [22m[2ma HIGH STUN prior ABSORBS a drop that a ZERO STUN prior PROMOTES (two-validator quorum on a shared board)
[22m[39m{"timestamp":"2026-06-20T08:06:53.887Z","level":"INFO","source":"frontend","module":"webrtc/sframe-transform","message":"encrypted frame","context":{"kid":9,"ctr":5,"byteLength":62,"codecOffset":10}}

[90mstdout[2m | apps/validator-daemon/src/canary/__tests__/verify-loop.test.ts[2m > [22m[2mREQ-CFA-042 — state.relayStunLossBps is READ as the classifier stunPacketLossBps arg[2m > [22m[2ma HIGH STUN prior ABSORBS a drop that a ZERO STUN prior PROMOTES (two-validator quorum on a shared board)
[22m[39m{"timestamp":"2026-06-20T08:06:53.888Z","level":"INFO","source":"frontend","module":"webrtc/sframe-transform","message":"encrypted frame","context":{"kid":9,"ctr":6,"byteLength":62,"codecOffset":10}}

[90mstdout[2m | apps/validator-daemon/src/canary/__tests__/verify-loop.test.ts[2m > [22m[2mREQ-CFA-042 — state.relayStunLossBps is READ as the classifier stunPacketLossBps arg[2m > [22m[2ma HIGH STUN prior ABSORBS a drop that a ZERO STUN prior PROMOTES (two-validator quorum on a shared board)
[22m[39m{"timestamp":"2026-06-20T08:06:53.889Z","level":"INFO","source":"frontend","module":"webrtc/sframe-transform","message":"encrypted frame","context":{"kid":9,"ctr":7,"byteLength":62,"codecOffset":10}}

[90mstdout[2m | apps/validator-daemon/src/canary/__tests__/verify-loop.test.ts[2m > [22m[2mREQ-CFA-042 — state.relayStunLossBps is READ as the classifier stunPacketLossBps arg[2m > [22m[2ma HIGH STUN prior ABSORBS a drop that a ZERO STUN prior PROMOTES (two-validator quorum on a shared board)
[22m[39m{"timestamp":"2026-06-20T08:06:53.891Z","level":"INFO","source":"frontend","module":"webrtc/sframe-transform","message":"encrypted frame","context":{"kid":9,"ctr":0,"byteLength":62,"codecOffset":10}}

{"level":30,"time":1781942813839,"pid":5564,"hostname":"Quang","name":"validator:measurements","relayMinerId":"0xabc123","lossRate":"250","latency":"99","bytes":"12345678","uniquePeers":"4","durationMs":"60000","msg":"Measured relay 0xabc123: loss=250bp, latency=99ms, bytes=12345678, peers=4"}
{"level":30,"time":1781942813840,"pid":5564,"hostname":"Quang","name":"validator:measurements","relayMinerId":"0xabc123","lossRate":"333","latency":"42","bytes":"7777","uniquePeers":"9","durationMs":"60000","msg":"Measured relay 0xabc123: loss=333bp, latency=42ms, bytes=7777, peers=9"}
{"level":30,"time":1781942813840,"pid":5564,"hostname":"Quang","name":"validator:measurements","relayMinerId":"0xabc123","lossRate":"250","latency":"42","bytes":"12345678","uniquePeers":"4","durationMs":"30000","msg":"Measured relay 0xabc123: loss=250bp, latency=42ms, bytes=12345678, peers=4"}
{"level":30,"time":1781942813841,"pid":5564,"hostname":"Quang","name":"validator:measurements","relayMinerId":"0xabc123","lossRate":"250","latency":"42","bytes":"12345678","uniquePeers":"4","durationMs":"60000","msg":"Measured relay 0xabc123: loss=250bp, latency=42ms, bytes=12345678, peers=4"}
{"level":30,"time":1781942813841,"pid":5564,"hostname":"Quang","name":"validator:measurements","relayMinerId":"0xabc123","lossRate":"250","latency":"42","bytes":"12345678","uniquePeers":"4","durationMs":"60000","msg":"Measured relay 0xabc123: loss=250bp, latency=42ms, bytes=12345678, peers=4"}
{"level":30,"time":1781942813842,"pid":5564,"hostname":"Quang","name":"validator:measurements","relayMinerId":"0xabc123","lossRate":"250","latency":"42","bytes":"12345678","uniquePeers":"4","durationMs":"60000","msg":"Measured relay 0xabc123: loss=250bp, latency=42ms, bytes=12345678, peers=4"}
{"level":30,"time":1781942813842,"pid":5564,"hostname":"Quang","name":"validator:measurements","relayMinerId":"0xabc123","lossRate":"250","latency":"42","bytes":"12345678","uniquePeers":"4","durationMs":"60000","msg":"Measured relay 0xabc123: loss=250bp, latency=42ms, bytes=12345678, peers=4"}
{"level":30,"time":1781942813842,"pid":5564,"hostname":"Quang","name":"validator:measurements","relayMinerId":"0xabc123","lossRate":"250","latency":"42","bytes":"12345678","uniquePeers":"4","durationMs":"60000","msg":"Measured relay 0xabc123: loss=250bp, latency=42ms, bytes=12345678, peers=4"}
{"level":30,"time":1781942813848,"pid":39960,"hostname":"Quang","name":"canary/verifier","canaryKid":9,"mediaPackets":7,"byteIdentical":7,"divergences":1,"msg":"canary forwarding verified"}
{"level":30,"time":1781942813848,"pid":39960,"hostname":"Quang","name":"canary/loss-classifier","relayMinerId":"relay-under-audit","promoted":0,"absorbed":1,"tampers":0,"cumulativeCrossed":false,"msg":"canary divergences classified (drop gate / tamper p=1)"}
{"level":30,"time":1781942813848,"pid":39960,"hostname":"Quang","name":"canary/verify-loop","round":1,"relayMinerId":"relay-under-audit","roomId":"verify-loop-room","perReceiver":2,"promoted":0,"absorbed":1,"stunLossBps":"5000","msg":"canary verify round classified (hermetic half — synthetic capture, STUN read live)"}
{"level":30,"time":1781942813864,"pid":39960,"hostname":"Quang","name":"canary/verifier","canaryKid":9,"mediaPackets":7,"byteIdentical":7,"divergences":1,"msg":"canary forwarding verified"}
{"level":30,"time":1781942813873,"pid":39960,"hostname":"Quang","name":"canary/verifier","canaryKid":9,"mediaPackets":7,"byteIdentical":7,"divergences":1,"msg":"canary forwarding verified"}
{"level":30,"time":1781942813873,"pid":39960,"hostname":"Quang","name":"canary/loss-classifier","relayMinerId":"relay-under-audit","promoted":0,"absorbed":1,"tampers":0,"cumulativeCrossed":false,"msg":"canary divergences classified (drop gate / tamper p=1)"}
{"level":30,"time":1781942813873,"pid":39960,"hostname":"Quang","name":"canary/verify-loop","round":1,"relayMinerId":"relay-under-audit","roomId":"verify-loop-room","perReceiver":2,"promoted":0,"absorbed":1,"stunLossBps":"5000","msg":"canary verify round classified (hermetic half — synthetic capture, STUN read live)"}
{"level":30,"time":1781942813890,"pid":39960,"hostname":"Quang","name":"canary/verifier","canaryKid":9,"mediaPackets":7,"byteIdentical":7,"divergences":1,"msg":"canary forwarding verified"}
[90mstdout[2m | apps/validator-daemon/src/canary/__tests__/verify-loop.test.ts[2m > [22m[2mREQ-CFA-042 — state.relayStunLossBps is READ as the classifier stunPacketLossBps arg[2m > [22m[2ma HIGH STUN prior ABSORBS a drop that a ZERO STUN prior PROMOTES (two-validator quorum on a shared board)
[22m[39m{"timestamp":"2026-06-20T08:06:53.893Z","level":"INFO","source":"frontend","module":"webrtc/sframe-transform","message":"encrypted frame","context":{"kid":9,"ctr":1,"byteLength":62,"codecOffset":10}}

[90mstdout[2m | apps/validator-daemon/src/canary/__tests__/verify-loop.test.ts[2m > [22m[2mREQ-CFA-042 — state.relayStunLossBps is READ as the classifier stunPacketLossBps arg[2m > [22m[2ma HIGH STUN prior ABSORBS a drop that a ZERO STUN prior PROMOTES (two-validator quorum on a shared board)
[22m[39m{"timestamp":"2026-06-20T08:06:53.896Z","level":"INFO","source":"frontend","module":"webrtc/sframe-transform","message":"encrypted frame","context":{"kid":9,"ctr":2,"byteLength":62,"codecOffset":10}}

[90mstdout[2m | apps/validator-daemon/src/canary/__tests__/verify-loop.test.ts[2m > [22m[2mREQ-CFA-042 — state.relayStunLossBps is READ as the classifier stunPacketLossBps arg[2m > [22m[2ma HIGH STUN prior ABSORBS a drop that a ZERO STUN prior PROMOTES (two-validator quorum on a shared board)
[22m[39m{"timestamp":"2026-06-20T08:06:53.897Z","level":"INFO","source":"frontend","module":"webrtc/sframe-transform","message":"encrypted frame","context":{"kid":9,"ctr":3,"byteLength":62,"codecOffset":10}}

 [32m✓[39m apps/validator-daemon/src/__tests__/measurements.test.ts [2m([22m[2m8 tests[22m[2m)[22m[32m 10[2mms[22m[39m
[90mstdout[2m | apps/validator-daemon/src/canary/__tests__/verify-loop.test.ts[2m > [22m[2mREQ-CFA-042 — state.relayStunLossBps is READ as the classifier stunPacketLossBps arg[2m > [22m[2ma HIGH STUN prior ABSORBS a drop that a ZERO STUN prior PROMOTES (two-validator quorum on a shared board)
[22m[39m{"timestamp":"2026-06-20T08:06:53.900Z","level":"INFO","source":"frontend","module":"webrtc/sframe-transform","message":"encrypted frame","context":{"kid":9,"ctr":4,"byteLength":62,"codecOffset":10}}

[90mstdout[2m | apps/validator-daemon/src/canary/__tests__/verify-loop.test.ts[2m > [22m[2mREQ-CFA-042 — state.relayStunLossBps is READ as the classifier stunPacketLossBps arg[2m > [22m[2ma HIGH STUN prior ABSORBS a drop that a ZERO STUN prior PROMOTES (two-validator quorum on a shared board)
[22m[39m{"timestamp":"2026-06-20T08:06:53.902Z","level":"INFO","source":"frontend","module":"webrtc/sframe-transform","message":"encrypted frame","context":{"kid":9,"ctr":5,"byteLength":62,"codecOffset":10}}

[90mstdout[2m | apps/validator-daemon/src/canary/__tests__/verify-loop.test.ts[2m > [22m[2mREQ-CFA-042 — state.relayStunLossBps is READ as the classifier stunPacketLossBps arg[2m > [22m[2ma HIGH STUN prior ABSORBS a drop that a ZERO STUN prior PROMOTES (two-validator quorum on a shared board)
[22m[39m{"timestamp":"2026-06-20T08:06:53.905Z","level":"INFO","source":"frontend","module":"webrtc/sframe-transform","message":"encrypted frame","context":{"kid":9,"ctr":6,"byteLength":62,"codecOffset":10}}

[90mstdout[2m | apps/validator-daemon/src/canary/__tests__/verify-loop.test.ts[2m > [22m[2mREQ-CFA-042 — state.relayStunLossBps is READ as the classifier stunPacketLossBps arg[2m > [22m[2ma HIGH STUN prior ABSORBS a drop that a ZERO STUN prior PROMOTES (two-validator quorum on a shared board)
[22m[39m{"timestamp":"2026-06-20T08:06:53.907Z","level":"INFO","source":"frontend","module":"webrtc/sframe-transform","message":"encrypted frame","context":{"kid":9,"ctr":7,"byteLength":62,"codecOffset":10}}

{"level":30,"time":1781942813909,"pid":39960,"hostname":"Quang","name":"canary/verifier","canaryKid":9,"mediaPackets":7,"byteIdentical":7,"divergences":1,"msg":"canary forwarding verified"}
{"level":30,"time":1781942813909,"pid":39960,"hostname":"Quang","name":"canary/loss-classifier","relayMinerId":"relay-under-audit","promoted":0,"absorbed":1,"tampers":0,"cumulativeCrossed":false,"msg":"canary divergences classified (drop gate / tamper p=1)"}
{"level":30,"time":1781942813909,"pid":39960,"hostname":"Quang","name":"canary/verify-loop","round":2,"relayMinerId":"relay-under-audit","roomId":"verify-loop-room","perReceiver":2,"promoted":0,"absorbed":1,"stunLossBps":"5000","msg":"canary verify round classified (hermetic half — synthetic capture, STUN read live)"}
[90mstdout[2m | apps/validator-daemon/src/canary/__tests__/verify-loop.test.ts[2m > [22m[2mREQ-CFA-042 — state.relayStunLossBps is READ as the classifier stunPacketLossBps arg[2m > [22m[2ma HIGH STUN prior ABSORBS a drop that a ZERO STUN prior PROMOTES (two-validator quorum on a shared board)
[22m[39m{"timestamp":"2026-06-20T08:06:53.911Z","level":"INFO","source":"frontend","module":"webrtc/sframe-transform","message":"encrypted frame","context":{"kid":9,"ctr":0,"byteLength":62,"codecOffset":10}}

[90mstdout[2m | apps/validator-daemon/src/canary/__tests__/verify-loop.test.ts[2m > [22m[2mREQ-CFA-042 — state.relayStunLossBps is READ as the classifier stunPacketLossBps arg[2m > [22m[2ma HIGH STUN prior ABSORBS a drop that a ZERO STUN prior PROMOTES (two-validator quorum on a shared board)
[22m[39m{"timestamp":"2026-06-20T08:06:53.913Z","level":"INFO","source":"frontend","module":"webrtc/sframe-transform","message":"encrypted frame","context":{"kid":9,"ctr":1,"byteLength":62,"codecOffset":10}}

[90mstdout[2m | apps/validator-daemon/src/canary/__tests__/verify-loop.test.ts[2m > [22m[2mREQ-CFA-042 — state.relayStunLossBps is READ as the classifier stunPacketLossBps arg[2m > [22m[2ma HIGH STUN prior ABSORBS a drop that a ZERO STUN prior PROMOTES (two-validator quorum on a shared board)
[22m[39m{"timestamp":"2026-06-20T08:06:53.914Z","level":"INFO","source":"frontend","module":"webrtc/sframe-transform","message":"encrypted frame","context":{"kid":9,"ctr":2,"byteLength":62,"codecOffset":10}}

[90mstdout[2m | apps/validator-daemon/src/canary/__tests__/verify-loop.test.ts[2m > [22m[2mREQ-CFA-042 — state.relayStunLossBps is READ as the classifier stunPacketLossBps arg[2m > [22m[2ma HIGH STUN prior ABSORBS a drop that a ZERO STUN prior PROMOTES (two-validator quorum on a shared board)
[22m[39m{"timestamp":"2026-06-20T08:06:53.916Z","level":"INFO","source":"frontend","module":"webrtc/sframe-transform","message":"encrypted frame","context":{"kid":9,"ctr":3,"byteLength":62,"codecOffset":10}}

[90mstdout[2m | apps/validator-daemon/src/canary/__tests__/verify-loop.test.ts[2m > [22m[2mREQ-CFA-042 — state.relayStunLossBps is READ as the classifier stunPacketLossBps arg[2m > [22m[2ma HIGH STUN prior ABSORBS a drop that a ZERO STUN prior PROMOTES (two-validator quorum on a shared board)
[22m[39m{"timestamp":"2026-06-20T08:06:53.917Z","level":"INFO","source":"frontend","module":"webrtc/sframe-transform","message":"encrypted frame","context":{"kid":9,"ctr":4,"byteLength":62,"codecOffset":10}}

[90mstdout[2m | apps/validator-daemon/src/canary/__tests__/verify-loop.test.ts[2m > [22m[2mREQ-CFA-042 — state.relayStunLossBps is READ as the classifier stunPacketLossBps arg[2m > [22m[2ma HIGH STUN prior ABSORBS a drop that a ZERO STUN prior PROMOTES (two-validator quorum on a shared board)
[22m[39m{"timestamp":"2026-06-20T08:06:53.918Z","level":"INFO","source":"frontend","module":"webrtc/sframe-transform","message":"encrypted frame","context":{"kid":9,"ctr":6,"byteLength":62,"codecOffset":10}}

[90mstdout[2m | apps/validator-daemon/src/canary/__tests__/verify-loop.test.ts[2m > [22m[2mREQ-CFA-042 — state.relayStunLossBps is READ as the classifier stunPacketLossBps arg[2m > [22m[2ma HIGH STUN prior ABSORBS a drop that a ZERO STUN prior PROMOTES (two-validator quorum on a shared board)
[22m[39m{"timestamp":"2026-06-20T08:06:53.919Z","level":"INFO","source":"frontend","module":"webrtc/sframe-transform","message":"encrypted frame","context":{"kid":9,"ctr":7,"byteLength":62,"codecOffset":10}}

[90mstdout[2m | apps/validator-daemon/src/canary/__tests__/verify-loop.test.ts[2m > [22m[2mREQ-CFA-042 — state.relayStunLossBps is READ as the classifier stunPacketLossBps arg[2m > [22m[2ma HIGH STUN prior ABSORBS a drop that a ZERO STUN prior PROMOTES (two-validator quorum on a shared board)
[22m[39m{"timestamp":"2026-06-20T08:06:53.921Z","level":"INFO","source":"frontend","module":"webrtc/sframe-transform","message":"encrypted frame","context":{"kid":9,"ctr":0,"byteLength":62,"codecOffset":10}}

[90mstdout[2m | apps/validator-daemon/src/canary/__tests__/verify-loop.test.ts[2m > [22m[2mREQ-CFA-042 — state.relayStunLossBps is READ as the classifier stunPacketLossBps arg[2m > [22m[2ma HIGH STUN prior ABSORBS a drop that a ZERO STUN prior PROMOTES (two-validator quorum on a shared board)
[22m[39m{"timestamp":"2026-06-20T08:06:53.923Z","level":"INFO","source":"frontend","module":"webrtc/sframe-transform","message":"encrypted frame","context":{"kid":9,"ctr":1,"byteLength":62,"codecOffset":10}}

[90mstdout[2m | apps/validator-daemon/src/canary/__tests__/verify-loop.test.ts[2m > [22m[2mREQ-CFA-042 — state.relayStunLossBps is READ as the classifier stunPacketLossBps arg[2m > [22m[2ma HIGH STUN prior ABSORBS a drop that a ZERO STUN prior PROMOTES (two-validator quorum on a shared board)
[22m[39m{"timestamp":"2026-06-20T08:06:53.925Z","level":"INFO","source":"frontend","module":"webrtc/sframe-transform","message":"encrypted frame","context":{"kid":9,"ctr":2,"byteLength":62,"codecOffset":10}}

[90mstdout[2m | apps/validator-daemon/src/canary/__tests__/verify-loop.test.ts[2m > [22m[2mREQ-CFA-042 — state.relayStunLossBps is READ as the classifier stunPacketLossBps arg[2m > [22m[2ma HIGH STUN prior ABSORBS a drop that a ZERO STUN prior PROMOTES (two-validator quorum on a shared board)
[22m[39m{"timestamp":"2026-06-20T08:06:53.926Z","level":"INFO","source":"frontend","module":"webrtc/sframe-transform","message":"encrypted frame","context":{"kid":9,"ctr":3,"byteLength":62,"codecOffset":10}}

[90mstdout[2m | apps/validator-daemon/src/canary/__tests__/verify-loop.test.ts[2m > [22m[2mREQ-CFA-042 — state.relayStunLossBps is READ as the classifier stunPacketLossBps arg[2m > [22m[2ma HIGH STUN prior ABSORBS a drop that a ZERO STUN prior PROMOTES (two-validator quorum on a shared board)
[22m[39m{"timestamp":"2026-06-20T08:06:53.927Z","level":"INFO","source":"frontend","module":"webrtc/sframe-transform","message":"encrypted frame","context":{"kid":9,"ctr":4,"byteLength":62,"codecOffset":10}}

[90mstdout[2m | apps/validator-daemon/src/canary/__tests__/verify-loop.test.ts[2m > [22m[2mREQ-CFA-042 — state.relayStunLossBps is READ as the classifier stunPacketLossBps arg[2m > [22m[2ma HIGH STUN prior ABSORBS a drop that a ZERO STUN prior PROMOTES (two-validator quorum on a shared board)
[22m[39m{"timestamp":"2026-06-20T08:06:53.935Z","level":"INFO","source":"frontend","module":"webrtc/sframe-transform","message":"encrypted frame","context":{"kid":9,"ctr":5,"byteLength":62,"codecOffset":10}}

[90mstdout[2m | apps/validator-daemon/src/canary/__tests__/verify-loop.test.ts[2m > [22m[2mREQ-CFA-042 — state.relayStunLossBps is READ as the classifier stunPacketLossBps arg[2m > [22m[2ma HIGH STUN prior ABSORBS a drop that a ZERO STUN prior PROMOTES (two-validator quorum on a shared board)
[22m[39m{"timestamp":"2026-06-20T08:06:53.937Z","level":"INFO","source":"frontend","module":"webrtc/sframe-transform","message":"encrypted frame","context":{"kid":9,"ctr":6,"byteLength":62,"codecOffset":10}}

[90mstdout[2m | apps/validator-daemon/src/canary/__tests__/verify-loop.test.ts[2m > [22m[2mREQ-CFA-042 — state.relayStunLossBps is READ as the classifier stunPacketLossBps arg[2m > [22m[2ma HIGH STUN prior ABSORBS a drop that a ZERO STUN prior PROMOTES (two-validator quorum on a shared board)
[22m[39m{"timestamp":"2026-06-20T08:06:53.939Z","level":"INFO","source":"frontend","module":"webrtc/sframe-transform","message":"encrypted frame","context":{"kid":9,"ctr":7,"byteLength":62,"codecOffset":10}}

{"level":30,"time":1781942813940,"pid":39960,"hostname":"Quang","name":"canary/verifier","canaryKid":9,"mediaPackets":7,"byteIdentical":7,"divergences":1,"msg":"canary forwarding verified"}
[90mstdout[2m | apps/validator-daemon/src/canary/__tests__/verify-loop.test.ts[2m > [22m[2mREQ-CFA-042 — state.relayStunLossBps is READ as the classifier stunPacketLossBps arg[2m > [22m[2ma HIGH STUN prior ABSORBS a drop that a ZERO STUN prior PROMOTES (two-validator quorum on a shared board)
[22m[39m{"timestamp":"2026-06-20T08:06:53.941Z","level":"INFO","source":"frontend","module":"webrtc/sframe-transform","message":"encrypted frame","context":{"kid":9,"ctr":0,"byteLength":62,"codecOffset":10}}

[90mstdout[2m | apps/validator-daemon/src/canary/__tests__/verify-loop.test.ts[2m > [22m[2mREQ-CFA-042 — state.relayStunLossBps is READ as the classifier stunPacketLossBps arg[2m > [22m[2ma HIGH STUN prior ABSORBS a drop that a ZERO STUN prior PROMOTES (two-validator quorum on a shared board)
[22m[39m{"timestamp":"2026-06-20T08:06:53.943Z","level":"INFO","source":"frontend","module":"webrtc/sframe-transform","message":"encrypted frame","context":{"kid":9,"ctr":1,"byteLength":62,"codecOffset":10}}

[90mstdout[2m | apps/validator-daemon/src/canary/__tests__/verify-loop.test.ts[2m > [22m[2mREQ-CFA-042 — state.relayStunLossBps is READ as the classifier stunPacketLossBps arg[2m > [22m[2ma HIGH STUN prior ABSORBS a drop that a ZERO STUN prior PROMOTES (two-validator quorum on a shared board)
[22m[39m{"timestamp":"2026-06-20T08:06:53.945Z","level":"INFO","source":"frontend","module":"webrtc/sframe-transform","message":"encrypted frame","context":{"kid":9,"ctr":2,"byteLength":62,"codecOffset":10}}

[90mstdout[2m | apps/validator-daemon/src/canary/__tests__/verify-loop.test.ts[2m > [22m[2mREQ-CFA-042 — state.relayStunLossBps is READ as the classifier stunPacketLossBps arg[2m > [22m[2ma HIGH STUN prior ABSORBS a drop that a ZERO STUN prior PROMOTES (two-validator quorum on a shared board)
[22m[39m{"timestamp":"2026-06-20T08:06:53.946Z","level":"INFO","source":"frontend","module":"webrtc/sframe-transform","message":"encrypted frame","context":{"kid":9,"ctr":3,"byteLength":62,"codecOffset":10}}

[90mstdout[2m | apps/validator-daemon/src/canary/__tests__/verify-loop.test.ts[2m > [22m[2mREQ-CFA-042 — state.relayStunLossBps is READ as the classifier stunPacketLossBps arg[2m > [22m[2ma HIGH STUN prior ABSORBS a drop that a ZERO STUN prior PROMOTES (two-validator quorum on a shared board)
[22m[39m{"timestamp":"2026-06-20T08:06:53.947Z","level":"INFO","source":"frontend","module":"webrtc/sframe-transform","message":"encrypted frame","context":{"kid":9,"ctr":4,"byteLength":62,"codecOffset":10}}

[90mstdout[2m | apps/validator-daemon/src/canary/__tests__/verify-loop.test.ts[2m > [22m[2mREQ-CFA-042 — state.relayStunLossBps is READ as the classifier stunPacketLossBps arg[2m > [22m[2ma HIGH STUN prior ABSORBS a drop that a ZERO STUN prior PROMOTES (two-validator quorum on a shared board)
[22m[39m{"timestamp":"2026-06-20T08:06:53.948Z","level":"INFO","source":"frontend","module":"webrtc/sframe-transform","message":"encrypted frame","context":{"kid":9,"ctr":5,"byteLength":62,"codecOffset":10}}

[90mstdout[2m | apps/validator-daemon/src/canary/__tests__/verify-loop.test.ts[2m > [22m[2mREQ-CFA-042 — state.relayStunLossBps is READ as the classifier stunPacketLossBps arg[2m > [22m[2ma HIGH STUN prior ABSORBS a drop that a ZERO STUN prior PROMOTES (two-validator quorum on a shared board)
[22m[39m{"timestamp":"2026-06-20T08:06:53.948Z","level":"INFO","source":"frontend","module":"webrtc/sframe-transform","message":"encrypted frame","context":{"kid":9,"ctr":6,"byteLength":62,"codecOffset":10}}

[90mstdout[2m | apps/validator-daemon/src/canary/__tests__/verify-loop.test.ts[2m > [22m[2mREQ-CFA-042 — state.relayStunLossBps is READ as the classifier stunPacketLossBps arg[2m > [22m[2ma HIGH STUN prior ABSORBS a drop that a ZERO STUN prior PROMOTES (two-validator quorum on a shared board)
[22m[39m{"timestamp":"2026-06-20T08:06:53.949Z","level":"INFO","source":"frontend","module":"webrtc/sframe-transform","message":"encrypted frame","context":{"kid":9,"ctr":7,"byteLength":62,"codecOffset":10}}

{"level":30,"time":1781942813950,"pid":39960,"hostname":"Quang","name":"canary/verifier","canaryKid":9,"mediaPackets":7,"byteIdentical":7,"divergences":1,"msg":"canary forwarding verified"}
{"level":30,"time":1781942813950,"pid":39960,"hostname":"Quang","name":"canary/loss-classifier","relayMinerId":"relay-under-audit","promoted":0,"absorbed":1,"tampers":0,"cumulativeCrossed":false,"msg":"canary divergences classified (drop gate / tamper p=1)"}
{"level":30,"time":1781942813950,"pid":39960,"hostname":"Quang","name":"canary/verify-loop","round":2,"relayMinerId":"relay-under-audit","roomId":"verify-loop-room","perReceiver":2,"promoted":0,"absorbed":1,"stunLossBps":"5000","msg":"canary verify round classified (hermetic half — synthetic capture, STUN read live)"}
[90mstdout[2m | apps/validator-daemon/src/canary/__tests__/verify-loop.test.ts[2m > [22m[2mREQ-CFA-042 — state.relayStunLossBps is READ as the classifier stunPacketLossBps arg[2m > [22m[2ma HIGH STUN prior ABSORBS a drop that a ZERO STUN prior PROMOTES (two-validator quorum on a shared board)
[22m[39m{"timestamp":"2026-06-20T08:06:53.951Z","level":"INFO","source":"frontend","module":"webrtc/sframe-transform","message":"encrypted frame","context":{"kid":9,"ctr":0,"byteLength":62,"codecOffset":10}}

[90mstdout[2m | apps/validator-daemon/src/canary/__tests__/verify-loop.test.ts[2m > [22m[2mREQ-CFA-042 — state.relayStunLossBps is READ as the classifier stunPacketLossBps arg[2m > [22m[2ma HIGH STUN prior ABSORBS a drop that a ZERO STUN prior PROMOTES (two-validator quorum on a shared board)
[22m[39m{"timestamp":"2026-06-20T08:06:53.952Z","level":"INFO","source":"frontend","module":"webrtc/sframe-transform","message":"encrypted frame","context":{"kid":9,"ctr":1,"byteLength":62,"codecOffset":10}}

[90mstdout[2m | apps/validator-daemon/src/canary/__tests__/verify-loop.test.ts[2m > [22m[2mREQ-CFA-042 — state.relayStunLossBps is READ as the classifier stunPacketLossBps arg[2m > [22m[2ma HIGH STUN prior ABSORBS a drop that a ZERO STUN prior PROMOTES (two-validator quorum on a shared board)
[22m[39m{"timestamp":"2026-06-20T08:06:53.956Z","level":"INFO","source":"frontend","module":"webrtc/sframe-transform","message":"encrypted frame","context":{"kid":9,"ctr":2,"byteLength":62,"codecOffset":10}}

[90mstdout[2m | apps/validator-daemon/src/canary/__tests__/verify-loop.test.ts[2m > [22m[2mREQ-CFA-042 — state.relayStunLossBps is READ as the classifier stunPacketLossBps arg[2m > [22m[2ma HIGH STUN prior ABSORBS a drop that a ZERO STUN prior PROMOTES (two-validator quorum on a shared board)
[22m[39m{"timestamp":"2026-06-20T08:06:53.958Z","level":"INFO","source":"frontend","module":"webrtc/sframe-transform","message":"encrypted frame","context":{"kid":9,"ctr":3,"byteLength":62,"codecOffset":10}}

[90mstdout[2m | apps/validator-daemon/src/canary/__tests__/verify-loop.test.ts[2m > [22m[2mREQ-CFA-042 — state.relayStunLossBps is READ as the classifier stunPacketLossBps arg[2m > [22m[2ma HIGH STUN prior ABSORBS a drop that a ZERO STUN prior PROMOTES (two-validator quorum on a shared board)
[22m[39m{"timestamp":"2026-06-20T08:06:53.960Z","level":"INFO","source":"frontend","module":"webrtc/sframe-transform","message":"encrypted frame","context":{"kid":9,"ctr":4,"byteLength":62,"codecOffset":10}}

[90mstdout[2m | apps/validator-daemon/src/canary/__tests__/verify-loop.test.ts[2m > [22m[2mREQ-CFA-042 — state.relayStunLossBps is READ as the classifier stunPacketLossBps arg[2m > [22m[2ma HIGH STUN prior ABSORBS a drop that a ZERO STUN prior PROMOTES (two-validator quorum on a shared board)
[22m[39m{"timestamp":"2026-06-20T08:06:53.964Z","level":"INFO","source":"frontend","module":"webrtc/sframe-transform","message":"encrypted frame","context":{"kid":9,"ctr":6,"byteLength":62,"codecOffset":10}}

[90mstdout[2m | apps/validator-daemon/src/canary/__tests__/verify-loop.test.ts[2m > [22m[2mREQ-CFA-042 — state.relayStunLossBps is READ as the classifier stunPacketLossBps arg[2m > [22m[2ma HIGH STUN prior ABSORBS a drop that a ZERO STUN prior PROMOTES (two-validator quorum on a shared board)
[22m[39m{"timestamp":"2026-06-20T08:06:53.967Z","level":"INFO","source":"frontend","module":"webrtc/sframe-transform","message":"encrypted frame","context":{"kid":9,"ctr":7,"byteLength":62,"codecOffset":10}}

[90mstdout[2m | apps/validator-daemon/src/canary/__tests__/verify-loop.test.ts[2m > [22m[2mREQ-CFA-042 — state.relayStunLossBps is READ as the classifier stunPacketLossBps arg[2m > [22m[2ma HIGH STUN prior ABSORBS a drop that a ZERO STUN prior PROMOTES (two-validator quorum on a shared board)
[22m[39m{"timestamp":"2026-06-20T08:06:53.968Z","level":"INFO","source":"frontend","module":"webrtc/sframe-transform","message":"encrypted frame","context":{"kid":9,"ctr":0,"byteLength":62,"codecOffset":10}}

[90mstdout[2m | apps/validator-daemon/src/canary/__tests__/verify-loop.test.ts[2m > [22m[2mREQ-CFA-042 — state.relayStunLossBps is READ as the classifier stunPacketLossBps arg[2m > [22m[2ma HIGH STUN prior ABSORBS a drop that a ZERO STUN prior PROMOTES (two-validator quorum on a shared board)
[22m[39m{"timestamp":"2026-06-20T08:06:53.969Z","level":"INFO","source":"frontend","module":"webrtc/sframe-transform","message":"encrypted frame","context":{"kid":9,"ctr":1,"byteLength":62,"codecOffset":10}}

[90mstdout[2m | apps/validator-daemon/src/canary/__tests__/verify-loop.test.ts[2m > [22m[2mREQ-CFA-042 — state.relayStunLossBps is READ as the classifier stunPacketLossBps arg[2m > [22m[2ma HIGH STUN prior ABSORBS a drop that a ZERO STUN prior PROMOTES (two-validator quorum on a shared board)
[22m[39m{"timestamp":"2026-06-20T08:06:53.970Z","level":"INFO","source":"frontend","module":"webrtc/sframe-transform","message":"encrypted frame","context":{"kid":9,"ctr":2,"byteLength":62,"codecOffset":10}}

[90mstdout[2m | apps/validator-daemon/src/canary/__tests__/verify-loop.test.ts[2m > [22m[2mREQ-CFA-042 — state.relayStunLossBps is READ as the classifier stunPacketLossBps arg[2m > [22m[2ma HIGH STUN prior ABSORBS a drop that a ZERO STUN prior PROMOTES (two-validator quorum on a shared board)
[22m[39m{"timestamp":"2026-06-20T08:06:53.971Z","level":"INFO","source":"frontend","module":"webrtc/sframe-transform","message":"encrypted frame","context":{"kid":9,"ctr":3,"byteLength":62,"codecOffset":10}}

[90mstdout[2m | apps/validator-daemon/src/canary/__tests__/verify-loop.test.ts[2m > [22m[2mREQ-CFA-042 — state.relayStunLossBps is READ as the classifier stunPacketLossBps arg[2m > [22m[2ma HIGH STUN prior ABSORBS a drop that a ZERO STUN prior PROMOTES (two-validator quorum on a shared board)
[22m[39m{"timestamp":"2026-06-20T08:06:53.973Z","level":"INFO","source":"frontend","module":"webrtc/sframe-transform","message":"encrypted frame","context":{"kid":9,"ctr":4,"byteLength":62,"codecOffset":10}}

[90mstdout[2m | apps/validator-daemon/src/canary/__tests__/verify-loop.test.ts[2m > [22m[2mREQ-CFA-042 — state.relayStunLossBps is READ as the classifier stunPacketLossBps arg[2m > [22m[2ma HIGH STUN prior ABSORBS a drop that a ZERO STUN prior PROMOTES (two-validator quorum on a shared board)
[22m[39m{"timestamp":"2026-06-20T08:06:53.976Z","level":"INFO","source":"frontend","module":"webrtc/sframe-transform","message":"encrypted frame","context":{"kid":9,"ctr":5,"byteLength":62,"codecOffset":10}}

[90mstdout[2m | apps/validator-daemon/src/canary/__tests__/verify-loop.test.ts[2m > [22m[2mREQ-CFA-042 — state.relayStunLossBps is READ as the classifier stunPacketLossBps arg[2m > [22m[2ma HIGH STUN prior ABSORBS a drop that a ZERO STUN prior PROMOTES (two-validator quorum on a shared board)
[22m[39m{"timestamp":"2026-06-20T08:06:53.977Z","level":"INFO","source":"frontend","module":"webrtc/sframe-transform","message":"encrypted frame","context":{"kid":9,"ctr":6,"byteLength":62,"codecOffset":10}}

[90mstdout[2m | apps/validator-daemon/src/canary/__tests__/verify-loop.test.ts[2m > [22m[2mREQ-CFA-042 — state.relayStunLossBps is READ as the classifier stunPacketLossBps arg[2m > [22m[2ma HIGH STUN prior ABSORBS a drop that a ZERO STUN prior PROMOTES (two-validator quorum on a shared board)
[22m[39m{"timestamp":"2026-06-20T08:06:53.978Z","level":"INFO","source":"frontend","module":"webrtc/sframe-transform","message":"encrypted frame","context":{"kid":9,"ctr":7,"byteLength":62,"codecOffset":10}}

{"level":30,"time":1781942813979,"pid":39960,"hostname":"Quang","name":"canary/verifier","canaryKid":9,"mediaPackets":7,"byteIdentical":7,"divergences":1,"msg":"canary forwarding verified"}
[90mstdout[2m | apps/validator-daemon/src/canary/__tests__/verify-loop.test.ts[2m > [22m[2mREQ-CFA-042 — state.relayStunLossBps is READ as the classifier stunPacketLossBps arg[2m > [22m[2ma HIGH STUN prior ABSORBS a drop that a ZERO STUN prior PROMOTES (two-validator quorum on a shared board)
[22m[39m{"timestamp":"2026-06-20T08:06:53.979Z","level":"INFO","source":"frontend","module":"webrtc/sframe-transform","message":"encrypted frame","context":{"kid":9,"ctr":0,"byteLength":62,"codecOffset":10}}

[90mstdout[2m | apps/validator-daemon/src/canary/__tests__/verify-loop.test.ts[2m > [22m[2mREQ-CFA-042 — state.relayStunLossBps is READ as the classifier stunPacketLossBps arg[2m > [22m[2ma HIGH STUN prior ABSORBS a drop that a ZERO STUN prior PROMOTES (two-validator quorum on a shared board)
[22m[39m{"timestamp":"2026-06-20T08:06:53.980Z","level":"INFO","source":"frontend","module":"webrtc/sframe-transform","message":"encrypted frame","context":{"kid":9,"ctr":1,"byteLength":62,"codecOffset":10}}

[90mstdout[2m | apps/validator-daemon/src/canary/__tests__/verify-loop.test.ts[2m > [22m[2mREQ-CFA-042 — state.relayStunLossBps is READ as the classifier stunPacketLossBps arg[2m > [22m[2ma HIGH STUN prior ABSORBS a drop that a ZERO STUN prior PROMOTES (two-validator quorum on a shared board)
[22m[39m{"timestamp":"2026-06-20T08:06:53.981Z","level":"INFO","source":"frontend","module":"webrtc/sframe-transform","message":"encrypted frame","context":{"kid":9,"ctr":2,"byteLength":62,"codecOffset":10}}

[90mstdout[2m | apps/validator-daemon/src/canary/__tests__/verify-loop.test.ts[2m > [22m[2mREQ-CFA-042 — state.relayStunLossBps is READ as the classifier stunPacketLossBps arg[2m > [22m[2ma HIGH STUN prior ABSORBS a drop that a ZERO STUN prior PROMOTES (two-validator quorum on a shared board)
[22m[39m{"timestamp":"2026-06-20T08:06:53.982Z","level":"INFO","source":"frontend","module":"webrtc/sframe-transform","message":"encrypted frame","context":{"kid":9,"ctr":3,"byteLength":62,"codecOffset":10}}

[90mstdout[2m | apps/validator-daemon/src/canary/__tests__/verify-loop.test.ts[2m > [22m[2mREQ-CFA-042 — state.relayStunLossBps is READ as the classifier stunPacketLossBps arg[2m > [22m[2ma HIGH STUN prior ABSORBS a drop that a ZERO STUN prior PROMOTES (two-validator quorum on a shared board)
[22m[39m{"timestamp":"2026-06-20T08:06:53.984Z","level":"INFO","source":"frontend","module":"webrtc/sframe-transform","message":"encrypted frame","context":{"kid":9,"ctr":4,"byteLength":62,"codecOffset":10}}

[90mstdout[2m | apps/validator-daemon/src/canary/__tests__/verify-loop.test.ts[2m > [22m[2mREQ-CFA-042 — state.relayStunLossBps is READ as the classifier stunPacketLossBps arg[2m > [22m[2ma HIGH STUN prior ABSORBS a drop that a ZERO STUN prior PROMOTES (two-validator quorum on a shared board)
[22m[39m{"timestamp":"2026-06-20T08:06:53.985Z","level":"INFO","source":"frontend","module":"webrtc/sframe-transform","message":"encrypted frame","context":{"kid":9,"ctr":5,"byteLength":62,"codecOffset":10}}

[90mstdout[2m | apps/validator-daemon/src/canary/__tests__/verify-loop.test.ts[2m > [22m[2mREQ-CFA-042 — state.relayStunLossBps is READ as the classifier stunPacketLossBps arg[2m > [22m[2ma HIGH STUN prior ABSORBS a drop that a ZERO STUN prior PROMOTES (two-validator quorum on a shared board)
[22m[39m{"timestamp":"2026-06-20T08:06:53.986Z","level":"INFO","source":"frontend","module":"webrtc/sframe-transform","message":"encrypted frame","context":{"kid":9,"ctr":6,"byteLength":62,"codecOffset":10}}

[90mstdout[2m | apps/validator-daemon/src/canary/__tests__/verify-loop.test.ts[2m > [22m[2mREQ-CFA-042 — state.relayStunLossBps is READ as the classifier stunPacketLossBps arg[2m > [22m[2ma HIGH STUN prior ABSORBS a drop that a ZERO STUN prior PROMOTES (two-validator quorum on a shared board)
[22m[39m{"timestamp":"2026-06-20T08:06:53.989Z","level":"INFO","source":"frontend","module":"webrtc/sframe-transform","message":"encrypted frame","context":{"kid":9,"ctr":7,"byteLength":62,"codecOffset":10}}

{"level":30,"time":1781942813990,"pid":39960,"hostname":"Quang","name":"canary/verifier","canaryKid":9,"mediaPackets":7,"byteIdentical":7,"divergences":1,"msg":"canary forwarding verified"}
{"level":30,"time":1781942813991,"pid":39960,"hostname":"Quang","name":"canary/loss-classifier","relayMinerId":"relay-under-audit","promoted":0,"absorbed":1,"tampers":0,"cumulativeCrossed":false,"msg":"canary divergences classified (drop gate / tamper p=1)"}
{"level":30,"time":1781942813992,"pid":39960,"hostname":"Quang","name":"canary/verify-loop","round":3,"relayMinerId":"relay-under-audit","roomId":"verify-loop-room","perReceiver":2,"promoted":0,"absorbed":1,"stunLossBps":"5000","msg":"canary verify round classified (hermetic half — synthetic capture, STUN read live)"}
[90mstdout[2m | apps/validator-daemon/src/canary/__tests__/verify-loop.test.ts[2m > [22m[2mREQ-CFA-042 — state.relayStunLossBps is READ as the classifier stunPacketLossBps arg[2m > [22m[2ma HIGH STUN prior ABSORBS a drop that a ZERO STUN prior PROMOTES (two-validator quorum on a shared board)
[22m[39m{"timestamp":"2026-06-20T08:06:53.994Z","level":"INFO","source":"frontend","module":"webrtc/sframe-transform","message":"encrypted frame","context":{"kid":9,"ctr":0,"byteLength":62,"codecOffset":10}}

[90mstdout[2m | apps/validator-daemon/src/canary/__tests__/verify-loop.test.ts[2m > [22m[2mREQ-CFA-042 — state.relayStunLossBps is READ as the classifier stunPacketLossBps arg[2m > [22m[2ma HIGH STUN prior ABSORBS a drop that a ZERO STUN prior PROMOTES (two-validator quorum on a shared board)
[22m[39m{"timestamp":"2026-06-20T08:06:53.995Z","level":"INFO","source":"frontend","module":"webrtc/sframe-transform","message":"encrypted frame","context":{"kid":9,"ctr":1,"byteLength":62,"codecOffset":10}}

[90mstdout[2m | apps/validator-daemon/src/canary/__tests__/verify-loop.test.ts[2m > [22m[2mREQ-CFA-042 — state.relayStunLossBps is READ as the classifier stunPacketLossBps arg[2m > [22m[2ma HIGH STUN prior ABSORBS a drop that a ZERO STUN prior PROMOTES (two-validator quorum on a shared board)
[22m[39m{"timestamp":"2026-06-20T08:06:53.996Z","level":"INFO","source":"frontend","module":"webrtc/sframe-transform","message":"encrypted frame","context":{"kid":9,"ctr":2,"byteLength":62,"codecOffset":10}}

[90mstdout[2m | apps/validator-daemon/src/canary/__tests__/verify-loop.test.ts[2m > [22m[2mREQ-CFA-042 — state.relayStunLossBps is READ as the classifier stunPacketLossBps arg[2m > [22m[2ma HIGH STUN prior ABSORBS a drop that a ZERO STUN prior PROMOTES (two-validator quorum on a shared board)
[22m[39m{"timestamp":"2026-06-20T08:06:53.997Z","level":"INFO","source":"frontend","module":"webrtc/sframe-transform","message":"encrypted frame","context":{"kid":9,"ctr":3,"byteLength":62,"codecOffset":10}}

[90mstdout[2m | apps/validator-daemon/src/canary/__tests__/verify-loop.test.ts[2m > [22m[2mREQ-CFA-042 — state.relayStunLossBps is READ as the classifier stunPacketLossBps arg[2m > [22m[2ma HIGH STUN prior ABSORBS a drop that a ZERO STUN prior PROMOTES (two-validator quorum on a shared board)
[22m[39m{"timestamp":"2026-06-20T08:06:53.998Z","level":"INFO","source":"frontend","module":"webrtc/sframe-transform","message":"encrypted frame","context":{"kid":9,"ctr":4,"byteLength":62,"codecOffset":10}}

[90mstdout[2m | apps/validator-daemon/src/canary/__tests__/verify-loop.test.ts[2m > [22m[2mREQ-CFA-042 — state.relayStunLossBps is READ as the classifier stunPacketLossBps arg[2m > [22m[2ma HIGH STUN prior ABSORBS a drop that a ZERO STUN prior PROMOTES (two-validator quorum on a shared board)
[22m[39m{"timestamp":"2026-06-20T08:06:53.999Z","level":"INFO","source":"frontend","module":"webrtc/sframe-transform","message":"encrypted frame","context":{"kid":9,"ctr":6,"byteLength":62,"codecOffset":10}}

[90mstdout[2m | apps/validator-daemon/src/canary/__tests__/verify-loop.test.ts[2m > [22m[2mREQ-CFA-042 — state.relayStunLossBps is READ as the classifier stunPacketLossBps arg[2m > [22m[2ma HIGH STUN prior ABSORBS a drop that a ZERO STUN prior PROMOTES (two-validator quorum on a shared board)
[22m[39m{"timestamp":"2026-06-20T08:06:54.000Z","level":"INFO","source":"frontend","module":"webrtc/sframe-transform","message":"encrypted frame","context":{"kid":9,"ctr":7,"byteLength":62,"codecOffset":10}}

[90mstdout[2m | apps/validator-daemon/src/canary/__tests__/verify-loop.test.ts[2m > [22m[2mREQ-CFA-042 — state.relayStunLossBps is READ as the classifier stunPacketLossBps arg[2m > [22m[2ma HIGH STUN prior ABSORBS a drop that a ZERO STUN prior PROMOTES (two-validator quorum on a shared board)
[22m[39m{"timestamp":"2026-06-20T08:06:54.001Z","level":"INFO","source":"frontend","module":"webrtc/sframe-transform","message":"encrypted frame","context":{"kid":9,"ctr":0,"byteLength":62,"codecOffset":10}}

[90mstdout[2m | apps/validator-daemon/src/canary/__tests__/verify-loop.test.ts[2m > [22m[2mREQ-CFA-042 — state.relayStunLossBps is READ as the classifier stunPacketLossBps arg[2m > [22m[2ma HIGH STUN prior ABSORBS a drop that a ZERO STUN prior PROMOTES (two-validator quorum on a shared board)
[22m[39m{"timestamp":"2026-06-20T08:06:54.002Z","level":"INFO","source":"frontend","module":"webrtc/sframe-transform","message":"encrypted frame","context":{"kid":9,"ctr":1,"byteLength":62,"codecOffset":10}}

[90mstdout[2m | apps/validator-daemon/src/canary/__tests__/verify-loop.test.ts[2m > [22m[2mREQ-CFA-042 — state.relayStunLossBps is READ as the classifier stunPacketLossBps arg[2m > [22m[2ma HIGH STUN prior ABSORBS a drop that a ZERO STUN prior PROMOTES (two-validator quorum on a shared board)
[22m[39m{"timestamp":"2026-06-20T08:06:54.003Z","level":"INFO","source":"frontend","module":"webrtc/sframe-transform","message":"encrypted frame","context":{"kid":9,"ctr":2,"byteLength":62,"codecOffset":10}}

[90mstdout[2m | apps/validator-daemon/src/canary/__tests__/verify-loop.test.ts[2m > [22m[2mREQ-CFA-042 — state.relayStunLossBps is READ as the classifier stunPacketLossBps arg[2m > [22m[2ma HIGH STUN prior ABSORBS a drop that a ZERO STUN prior PROMOTES (two-validator quorum on a shared board)
[22m[39m{"timestamp":"2026-06-20T08:06:54.004Z","level":"INFO","source":"frontend","module":"webrtc/sframe-transform","message":"encrypted frame","context":{"kid":9,"ctr":3,"byteLength":62,"codecOffset":10}}

[90mstdout[2m | apps/validator-daemon/src/canary/__tests__/verify-loop.test.ts[2m > [22m[2mREQ-CFA-042 — state.relayStunLossBps is READ as the classifier stunPacketLossBps arg[2m > [22m[2ma HIGH STUN prior ABSORBS a drop that a ZERO STUN prior PROMOTES (two-validator quorum on a shared board)
[22m[39m{"timestamp":"2026-06-20T08:06:54.005Z","level":"INFO","source":"frontend","module":"webrtc/sframe-transform","message":"encrypted frame","context":{"kid":9,"ctr":4,"byteLength":62,"codecOffset":10}}

[90mstdout[2m | apps/validator-daemon/src/canary/__tests__/verify-loop.test.ts[2m > [22m[2mREQ-CFA-042 — state.relayStunLossBps is READ as the classifier stunPacketLossBps arg[2m > [22m[2ma HIGH STUN prior ABSORBS a drop that a ZERO STUN prior PROMOTES (two-validator quorum on a shared board)
[22m[39m{"timestamp":"2026-06-20T08:06:54.006Z","level":"INFO","source":"frontend","module":"webrtc/sframe-transform","message":"encrypted frame","context":{"kid":9,"ctr":5,"byteLength":62,"codecOffset":10}}

[90mstdout[2m | apps/validator-daemon/src/canary/__tests__/verify-loop.test.ts[2m > [22m[2mREQ-CFA-042 — state.relayStunLossBps is READ as the classifier stunPacketLossBps arg[2m > [22m[2ma HIGH STUN prior ABSORBS a drop that a ZERO STUN prior PROMOTES (two-validator quorum on a shared board)
[22m[39m{"timestamp":"2026-06-20T08:06:54.007Z","level":"INFO","source":"frontend","module":"webrtc/sframe-transform","message":"encrypted frame","context":{"kid":9,"ctr":6,"byteLength":62,"codecOffset":10}}

[90mstdout[2m | apps/validator-daemon/src/canary/__tests__/verify-loop.test.ts[2m > [22m[2mREQ-CFA-042 — state.relayStunLossBps is READ as the classifier stunPacketLossBps arg[2m > [22m[2ma HIGH STUN prior ABSORBS a drop that a ZERO STUN prior PROMOTES (two-validator quorum on a shared board)
[22m[39m{"timestamp":"2026-06-20T08:06:54.007Z","level":"INFO","source":"frontend","module":"webrtc/sframe-transform","message":"encrypted frame","context":{"kid":9,"ctr":7,"byteLength":62,"codecOffset":10}}

{"level":30,"time":1781942814007,"pid":39960,"hostname":"Quang","name":"canary/verifier","canaryKid":9,"mediaPackets":7,"byteIdentical":7,"divergences":1,"msg":"canary forwarding verified"}
[90mstdout[2m | apps/validator-daemon/src/canary/__tests__/verify-loop.test.ts[2m > [22m[2mREQ-CFA-042 — state.relayStunLossBps is READ as the classifier stunPacketLossBps arg[2m > [22m[2ma HIGH STUN prior ABSORBS a drop that a ZERO STUN prior PROMOTES (two-validator quorum on a shared board)
[22m[39m{"timestamp":"2026-06-20T08:06:54.008Z","level":"INFO","source":"frontend","module":"webrtc/sframe-transform","message":"encrypted frame","context":{"kid":9,"ctr":0,"byteLength":62,"codecOffset":10}}

[90mstdout[2m | apps/validator-daemon/src/canary/__tests__/verify-loop.test.ts[2m > [22m[2mREQ-CFA-042 — state.relayStunLossBps is READ as the classifier stunPacketLossBps arg[2m > [22m[2ma HIGH STUN prior ABSORBS a drop that a ZERO STUN prior PROMOTES (two-validator quorum on a shared board)
[22m[39m{"timestamp":"2026-06-20T08:06:54.008Z","level":"INFO","source":"frontend","module":"webrtc/sframe-transform","message":"encrypted frame","context":{"kid":9,"ctr":1,"byteLength":62,"codecOffset":10}}

[90mstdout[2m | apps/validator-daemon/src/canary/__tests__/verify-loop.test.ts[2m > [22m[2mREQ-CFA-042 — state.relayStunLossBps is READ as the classifier stunPacketLossBps arg[2m > [22m[2ma HIGH STUN prior ABSORBS a drop that a ZERO STUN prior PROMOTES (two-validator quorum on a shared board)
[22m[39m{"timestamp":"2026-06-20T08:06:54.009Z","level":"INFO","source":"frontend","module":"webrtc/sframe-transform","message":"encrypted frame","context":{"kid":9,"ctr":2,"byteLength":62,"codecOffset":10}}

[90mstdout[2m | apps/validator-daemon/src/canary/__tests__/verify-loop.test.ts[2m > [22m[2mREQ-CFA-042 — state.relayStunLossBps is READ as the classifier stunPacketLossBps arg[2m > [22m[2ma HIGH STUN prior ABSORBS a drop that a ZERO STUN prior PROMOTES (two-validator quorum on a shared board)
[22m[39m{"timestamp":"2026-06-20T08:06:54.010Z","level":"INFO","source":"frontend","module":"webrtc/sframe-transform","message":"encrypted frame","context":{"kid":9,"ctr":3,"byteLength":62,"codecOffset":10}}

[90mstdout[2m | apps/validator-daemon/src/canary/__tests__/verify-loop.test.ts[2m > [22m[2mREQ-CFA-042 — state.relayStunLossBps is READ as the classifier stunPacketLossBps arg[2m > [22m[2ma HIGH STUN prior ABSORBS a drop that a ZERO STUN prior PROMOTES (two-validator quorum on a shared board)
[22m[39m{"timestamp":"2026-06-20T08:06:54.011Z","level":"INFO","source":"frontend","module":"webrtc/sframe-transform","message":"encrypted frame","context":{"kid":9,"ctr":4,"byteLength":62,"codecOffset":10}}

[90mstdout[2m | apps/validator-daemon/src/canary/__tests__/verify-loop.test.ts[2m > [22m[2mREQ-CFA-042 — state.relayStunLossBps is READ as the classifier stunPacketLossBps arg[2m > [22m[2ma HIGH STUN prior ABSORBS a drop that a ZERO STUN prior PROMOTES (two-validator quorum on a shared board)
[22m[39m{"timestamp":"2026-06-20T08:06:54.011Z","level":"INFO","source":"frontend","module":"webrtc/sframe-transform","message":"encrypted frame","context":{"kid":9,"ctr":5,"byteLength":62,"codecOffset":10}}

[90mstdout[2m | apps/validator-daemon/src/canary/__tests__/verify-loop.test.ts[2m > [22m[2mREQ-CFA-042 — state.relayStunLossBps is READ as the classifier stunPacketLossBps arg[2m > [22m[2ma HIGH STUN prior ABSORBS a drop that a ZERO STUN prior PROMOTES (two-validator quorum on a shared board)
[22m[39m{"timestamp":"2026-06-20T08:06:54.012Z","level":"INFO","source":"frontend","module":"webrtc/sframe-transform","message":"encrypted frame","context":{"kid":9,"ctr":6,"byteLength":62,"codecOffset":10}}

[90mstdout[2m | apps/validator-daemon/src/canary/__tests__/verify-loop.test.ts[2m > [22m[2mREQ-CFA-042 — state.relayStunLossBps is READ as the classifier stunPacketLossBps arg[2m > [22m[2ma HIGH STUN prior ABSORBS a drop that a ZERO STUN prior PROMOTES (two-validator quorum on a shared board)
[22m[39m{"timestamp":"2026-06-20T08:06:54.013Z","level":"INFO","source":"frontend","module":"webrtc/sframe-transform","message":"encrypted frame","context":{"kid":9,"ctr":7,"byteLength":62,"codecOffset":10}}

{"level":30,"time":1781942814014,"pid":39960,"hostname":"Quang","name":"canary/verifier","canaryKid":9,"mediaPackets":7,"byteIdentical":7,"divergences":1,"msg":"canary forwarding verified"}
{"level":30,"time":1781942814014,"pid":39960,"hostname":"Quang","name":"canary/loss-classifier","relayMinerId":"relay-under-audit","promoted":0,"absorbed":1,"tampers":0,"cumulativeCrossed":false,"msg":"canary divergences classified (drop gate / tamper p=1)"}
{"level":30,"time":1781942814014,"pid":39960,"hostname":"Quang","name":"canary/verify-loop","round":3,"relayMinerId":"relay-under-audit","roomId":"verify-loop-room","perReceiver":2,"promoted":0,"absorbed":1,"stunLossBps":"5000","msg":"canary verify round classified (hermetic half — synthetic capture, STUN read live)"}
[90mstdout[2m | apps/validator-daemon/src/canary/__tests__/verify-loop.test.ts[2m > [22m[2mREQ-CFA-042 — state.relayStunLossBps is READ as the classifier stunPacketLossBps arg[2m > [22m[2ma HIGH STUN prior ABSORBS a drop that a ZERO STUN prior PROMOTES (two-validator quorum on a shared board)
[22m[39m{"timestamp":"2026-06-20T08:06:54.015Z","level":"INFO","source":"frontend","module":"webrtc/sframe-transform","message":"encrypted frame","context":{"kid":9,"ctr":0,"byteLength":62,"codecOffset":10}}

[90mstdout[2m | apps/validator-daemon/src/canary/__tests__/verify-loop.test.ts[2m > [22m[2mREQ-CFA-042 — state.relayStunLossBps is READ as the classifier stunPacketLossBps arg[2m > [22m[2ma HIGH STUN prior ABSORBS a drop that a ZERO STUN prior PROMOTES (two-validator quorum on a shared board)
[22m[39m{"timestamp":"2026-06-20T08:06:54.016Z","level":"INFO","source":"frontend","module":"webrtc/sframe-transform","message":"encrypted frame","context":{"kid":9,"ctr":1,"byteLength":62,"codecOffset":10}}

[90mstdout[2m | apps/validator-daemon/src/canary/__tests__/verify-loop.test.ts[2m > [22m[2mREQ-CFA-042 — state.relayStunLossBps is READ as the classifier stunPacketLossBps arg[2m > [22m[2ma HIGH STUN prior ABSORBS a drop that a ZERO STUN prior PROMOTES (two-validator quorum on a shared board)
[22m[39m{"timestamp":"2026-06-20T08:06:54.017Z","level":"INFO","source":"frontend","module":"webrtc/sframe-transform","message":"encrypted frame","context":{"kid":9,"ctr":2,"byteLength":62,"codecOffset":10}}

[90mstdout[2m | apps/validator-daemon/src/canary/__tests__/verify-loop.test.ts[2m > [22m[2mREQ-CFA-042 — state.relayStunLossBps is READ as the classifier stunPacketLossBps arg[2m > [22m[2ma HIGH STUN prior ABSORBS a drop that a ZERO STUN prior PROMOTES (two-validator quorum on a shared board)
[22m[39m{"timestamp":"2026-06-20T08:06:54.017Z","level":"INFO","source":"frontend","module":"webrtc/sframe-transform","message":"encrypted frame","context":{"kid":9,"ctr":3,"byteLength":62,"codecOffset":10}}

[90mstdout[2m | apps/validator-daemon/src/canary/__tests__/verify-loop.test.ts[2m > [22m[2mREQ-CFA-042 — state.relayStunLossBps is READ as the classifier stunPacketLossBps arg[2m > [22m[2ma HIGH STUN prior ABSORBS a drop that a ZERO STUN prior PROMOTES (two-validator quorum on a shared board)
[22m[39m{"timestamp":"2026-06-20T08:06:54.018Z","level":"INFO","source":"frontend","module":"webrtc/sframe-transform","message":"encrypted frame","context":{"kid":9,"ctr":4,"byteLength":62,"codecOffset":10}}

[90mstdout[2m | apps/validator-daemon/src/canary/__tests__/verify-loop.test.ts[2m > [22m[2mREQ-CFA-042 — state.relayStunLossBps is READ as the classifier stunPacketLossBps arg[2m > [22m[2ma HIGH STUN prior ABSORBS a drop that a ZERO STUN prior PROMOTES (two-validator quorum on a shared board)
[22m[39m{"timestamp":"2026-06-20T08:06:54.019Z","level":"INFO","source":"frontend","module":"webrtc/sframe-transform","message":"encrypted frame","context":{"kid":9,"ctr":6,"byteLength":62,"codecOffset":10}}

[90mstdout[2m | apps/validator-daemon/src/canary/__tests__/verify-loop.test.ts[2m > [22m[2mREQ-CFA-042 — state.relayStunLossBps is READ as the classifier stunPacketLossBps arg[2m > [22m[2ma HIGH STUN prior ABSORBS a drop that a ZERO STUN prior PROMOTES (two-validator quorum on a shared board)
[22m[39m{"timestamp":"2026-06-20T08:06:54.019Z","level":"INFO","source":"frontend","module":"webrtc/sframe-transform","message":"encrypted frame","context":{"kid":9,"ctr":7,"byteLength":62,"codecOffset":10}}

[90mstdout[2m | apps/validator-daemon/src/canary/__tests__/verify-loop.test.ts[2m > [22m[2mREQ-CFA-042 — state.relayStunLossBps is READ as the classifier stunPacketLossBps arg[2m > [22m[2ma HIGH STUN prior ABSORBS a drop that a ZERO STUN prior PROMOTES (two-validator quorum on a shared board)
[22m[39m{"timestamp":"2026-06-20T08:06:54.020Z","level":"INFO","source":"frontend","module":"webrtc/sframe-transform","message":"encrypted frame","context":{"kid":9,"ctr":0,"byteLength":62,"codecOffset":10}}

[90mstdout[2m | apps/validator-daemon/src/canary/__tests__/verify-loop.test.ts[2m > [22m[2mREQ-CFA-042 — state.relayStunLossBps is READ as the classifier stunPacketLossBps arg[2m > [22m[2ma HIGH STUN prior ABSORBS a drop that a ZERO STUN prior PROMOTES (two-validator quorum on a shared board)
[22m[39m{"timestamp":"2026-06-20T08:06:54.021Z","level":"INFO","source":"frontend","module":"webrtc/sframe-transform","message":"encrypted frame","context":{"kid":9,"ctr":1,"byteLength":62,"codecOffset":10}}

[90mstdout[2m | apps/validator-daemon/src/canary/__tests__/verify-loop.test.ts[2m > [22m[2mREQ-CFA-042 — state.relayStunLossBps is READ as the classifier stunPacketLossBps arg[2m > [22m[2ma HIGH STUN prior ABSORBS a drop that a ZERO STUN prior PROMOTES (two-validator quorum on a shared board)
[22m[39m{"timestamp":"2026-06-20T08:06:54.021Z","level":"INFO","source":"frontend","module":"webrtc/sframe-transform","message":"encrypted frame","context":{"kid":9,"ctr":2,"byteLength":62,"codecOffset":10}}

[90mstdout[2m | apps/validator-daemon/src/canary/__tests__/verify-loop.test.ts[2m > [22m[2mREQ-CFA-042 — state.relayStunLossBps is READ as the classifier stunPacketLossBps arg[2m > [22m[2ma HIGH STUN prior ABSORBS a drop that a ZERO STUN prior PROMOTES (two-validator quorum on a shared board)
[22m[39m{"timestamp":"2026-06-20T08:06:54.022Z","level":"INFO","source":"frontend","module":"webrtc/sframe-transform","message":"encrypted frame","context":{"kid":9,"ctr":3,"byteLength":62,"codecOffset":10}}

[90mstdout[2m | apps/validator-daemon/src/canary/__tests__/verify-loop.test.ts[2m > [22m[2mREQ-CFA-042 — state.relayStunLossBps is READ as the classifier stunPacketLossBps arg[2m > [22m[2ma HIGH STUN prior ABSORBS a drop that a ZERO STUN prior PROMOTES (two-validator quorum on a shared board)
[22m[39m{"timestamp":"2026-06-20T08:06:54.023Z","level":"INFO","source":"frontend","module":"webrtc/sframe-transform","message":"encrypted frame","context":{"kid":9,"ctr":4,"byteLength":62,"codecOffset":10}}

[90mstdout[2m | apps/validator-daemon/src/canary/__tests__/verify-loop.test.ts[2m > [22m[2mREQ-CFA-042 — state.relayStunLossBps is READ as the classifier stunPacketLossBps arg[2m > [22m[2ma HIGH STUN prior ABSORBS a drop that a ZERO STUN prior PROMOTES (two-validator quorum on a shared board)
[22m[39m{"timestamp":"2026-06-20T08:06:54.024Z","level":"INFO","source":"frontend","module":"webrtc/sframe-transform","message":"encrypted frame","context":{"kid":9,"ctr":5,"byteLength":62,"codecOffset":10}}

[90mstdout[2m | apps/validator-daemon/src/canary/__tests__/verify-loop.test.ts[2m > [22m[2mREQ-CFA-042 — state.relayStunLossBps is READ as the classifier stunPacketLossBps arg[2m > [22m[2ma HIGH STUN prior ABSORBS a drop that a ZERO STUN prior PROMOTES (two-validator quorum on a shared board)
[22m[39m{"timestamp":"2026-06-20T08:06:54.025Z","level":"INFO","source":"frontend","module":"webrtc/sframe-transform","message":"encrypted frame","context":{"kid":9,"ctr":6,"byteLength":62,"codecOffset":10}}

[90mstdout[2m | apps/validator-daemon/src/canary/__tests__/verify-loop.test.ts[2m > [22m[2mREQ-CFA-042 — state.relayStunLossBps is READ as the classifier stunPacketLossBps arg[2m > [22m[2ma HIGH STUN prior ABSORBS a drop that a ZERO STUN prior PROMOTES (two-validator quorum on a shared board)
[22m[39m{"timestamp":"2026-06-20T08:06:54.026Z","level":"INFO","source":"frontend","module":"webrtc/sframe-transform","message":"encrypted frame","context":{"kid":9,"ctr":7,"byteLength":62,"codecOffset":10}}

{"level":30,"time":1781942814026,"pid":39960,"hostname":"Quang","name":"canary/verifier","canaryKid":9,"mediaPackets":7,"byteIdentical":7,"divergences":1,"msg":"canary forwarding verified"}
[90mstdout[2m | apps/validator-daemon/src/canary/__tests__/verify-loop.test.ts[2m > [22m[2mREQ-CFA-042 — state.relayStunLossBps is READ as the classifier stunPacketLossBps arg[2m > [22m[2ma HIGH STUN prior ABSORBS a drop that a ZERO STUN prior PROMOTES (two-validator quorum on a shared board)
[22m[39m{"timestamp":"2026-06-20T08:06:54.027Z","level":"INFO","source":"frontend","module":"webrtc/sframe-transform","message":"encrypted frame","context":{"kid":9,"ctr":0,"byteLength":62,"codecOffset":10}}

[90mstdout[2m | apps/validator-daemon/src/canary/__tests__/verify-loop.test.ts[2m > [22m[2mREQ-CFA-042 — state.relayStunLossBps is READ as the classifier stunPacketLossBps arg[2m > [22m[2ma HIGH STUN prior ABSORBS a drop that a ZERO STUN prior PROMOTES (two-validator quorum on a shared board)
[22m[39m{"timestamp":"2026-06-20T08:06:54.028Z","level":"INFO","source":"frontend","module":"webrtc/sframe-transform","message":"encrypted frame","context":{"kid":9,"ctr":1,"byteLength":62,"codecOffset":10}}

[90mstdout[2m | apps/validator-daemon/src/canary/__tests__/verify-loop.test.ts[2m > [22m[2mREQ-CFA-042 — state.relayStunLossBps is READ as the classifier stunPacketLossBps arg[2m > [22m[2ma HIGH STUN prior ABSORBS a drop that a ZERO STUN prior PROMOTES (two-validator quorum on a shared board)
[22m[39m{"timestamp":"2026-06-20T08:06:54.029Z","level":"INFO","source":"frontend","module":"webrtc/sframe-transform","message":"encrypted frame","context":{"kid":9,"ctr":2,"byteLength":62,"codecOffset":10}}

[90mstdout[2m | apps/validator-daemon/src/canary/__tests__/verify-loop.test.ts[2m > [22m[2mREQ-CFA-042 — state.relayStunLossBps is READ as the classifier stunPacketLossBps arg[2m > [22m[2ma HIGH STUN prior ABSORBS a drop that a ZERO STUN prior PROMOTES (two-validator quorum on a shared board)
[22m[39m{"timestamp":"2026-06-20T08:06:54.030Z","level":"INFO","source":"frontend","module":"webrtc/sframe-transform","message":"encrypted frame","context":{"kid":9,"ctr":3,"byteLength":62,"codecOffset":10}}

[90mstdout[2m | apps/validator-daemon/src/canary/__tests__/verify-loop.test.ts[2m > [22m[2mREQ-CFA-042 — state.relayStunLossBps is READ as the classifier stunPacketLossBps arg[2m > [22m[2ma HIGH STUN prior ABSORBS a drop that a ZERO STUN prior PROMOTES (two-validator quorum on a shared board)
[22m[39m{"timestamp":"2026-06-20T08:06:54.031Z","level":"INFO","source":"frontend","module":"webrtc/sframe-transform","message":"encrypted frame","context":{"kid":9,"ctr":4,"byteLength":62,"codecOffset":10}}

[90mstdout[2m | apps/validator-daemon/src/canary/__tests__/verify-loop.test.ts[2m > [22m[2mREQ-CFA-042 — state.relayStunLossBps is READ as the classifier stunPacketLossBps arg[2m > [22m[2ma HIGH STUN prior ABSORBS a drop that a ZERO STUN prior PROMOTES (two-validator quorum on a shared board)
[22m[39m{"timestamp":"2026-06-20T08:06:54.031Z","level":"INFO","source":"frontend","module":"webrtc/sframe-transform","message":"encrypted frame","context":{"kid":9,"ctr":5,"byteLength":62,"codecOffset":10}}

[90mstdout[2m | apps/validator-daemon/src/canary/__tests__/verify-loop.test.ts[2m > [22m[2mREQ-CFA-042 — state.relayStunLossBps is READ as the classifier stunPacketLossBps arg[2m > [22m[2ma HIGH STUN prior ABSORBS a drop that a ZERO STUN prior PROMOTES (two-validator quorum on a shared board)
[22m[39m{"timestamp":"2026-06-20T08:06:54.032Z","level":"INFO","source":"frontend","module":"webrtc/sframe-transform","message":"encrypted frame","context":{"kid":9,"ctr":6,"byteLength":62,"codecOffset":10}}

[90mstdout[2m | apps/validator-daemon/src/canary/__tests__/verify-loop.test.ts[2m > [22m[2mREQ-CFA-042 — state.relayStunLossBps is READ as the classifier stunPacketLossBps arg[2m > [22m[2ma HIGH STUN prior ABSORBS a drop that a ZERO STUN prior PROMOTES (two-validator quorum on a shared board)
[22m[39m{"timestamp":"2026-06-20T08:06:54.033Z","level":"INFO","source":"frontend","module":"webrtc/sframe-transform","message":"encrypted frame","context":{"kid":9,"ctr":7,"byteLength":62,"codecOffset":10}}

{"level":30,"time":1781942814033,"pid":39960,"hostname":"Quang","name":"canary/verifier","canaryKid":9,"mediaPackets":7,"byteIdentical":7,"divergences":1,"msg":"canary forwarding verified"}
{"level":30,"time":1781942814033,"pid":39960,"hostname":"Quang","name":"canary/loss-classifier","relayMinerId":"relay-under-audit","promoted":0,"absorbed":1,"tampers":0,"cumulativeCrossed":false,"msg":"canary divergences classified (drop gate / tamper p=1)"}
{"level":30,"time":1781942814034,"pid":39960,"hostname":"Quang","name":"canary/verify-loop","round":4,"relayMinerId":"relay-under-audit","roomId":"verify-loop-room","perReceiver":2,"promoted":0,"absorbed":1,"stunLossBps":"5000","msg":"canary verify round classified (hermetic half — synthetic capture, STUN read live)"}
[90mstdout[2m | apps/validator-daemon/src/canary/__tests__/verify-loop.test.ts[2m > [22m[2mREQ-CFA-042 — state.relayStunLossBps is READ as the classifier stunPacketLossBps arg[2m > [22m[2ma HIGH STUN prior ABSORBS a drop that a ZERO STUN prior PROMOTES (two-validator quorum on a shared board)
[22m[39m{"timestamp":"2026-06-20T08:06:54.034Z","level":"INFO","source":"frontend","module":"webrtc/sframe-transform","message":"encrypted frame","context":{"kid":9,"ctr":0,"byteLength":62,"codecOffset":10}}

[90mstdout[2m | apps/validator-daemon/src/canary/__tests__/verify-loop.test.ts[2m > [22m[2mREQ-CFA-042 — state.relayStunLossBps is READ as the classifier stunPacketLossBps arg[2m > [22m[2ma HIGH STUN prior ABSORBS a drop that a ZERO STUN prior PROMOTES (two-validator quorum on a shared board)
[22m[39m{"timestamp":"2026-06-20T08:06:54.035Z","level":"INFO","source":"frontend","module":"webrtc/sframe-transform","message":"encrypted frame","context":{"kid":9,"ctr":1,"byteLength":62,"codecOffset":10}}

[90mstdout[2m | apps/validator-daemon/src/canary/__tests__/verify-loop.test.ts[2m > [22m[2mREQ-CFA-042 — state.relayStunLossBps is READ as the classifier stunPacketLossBps arg[2m > [22m[2ma HIGH STUN prior ABSORBS a drop that a ZERO STUN prior PROMOTES (two-validator quorum on a shared board)
[22m[39m{"timestamp":"2026-06-20T08:06:54.036Z","level":"INFO","source":"frontend","module":"webrtc/sframe-transform","message":"encrypted frame","context":{"kid":9,"ctr":2,"byteLength":62,"codecOffset":10}}

[90mstdout[2m | apps/validator-daemon/src/canary/__tests__/verify-loop.test.ts[2m > [22m[2mREQ-CFA-042 — state.relayStunLossBps is READ as the classifier stunPacketLossBps arg[2m > [22m[2ma HIGH STUN prior ABSORBS a drop that a ZERO STUN prior PROMOTES (two-validator quorum on a shared board)
[22m[39m{"timestamp":"2026-06-20T08:06:54.037Z","level":"INFO","source":"frontend","module":"webrtc/sframe-transform","message":"encrypted frame","context":{"kid":9,"ctr":3,"byteLength":62,"codecOffset":10}}

[90mstdout[2m | apps/validator-daemon/src/canary/__tests__/verify-loop.test.ts[2m > [22m[2mREQ-CFA-042 — state.relayStunLossBps is READ as the classifier stunPacketLossBps arg[2m > [22m[2ma HIGH STUN prior ABSORBS a drop that a ZERO STUN prior PROMOTES (two-validator quorum on a shared board)
[22m[39m{"timestamp":"2026-06-20T08:06:54.039Z","level":"INFO","source":"frontend","module":"webrtc/sframe-transform","message":"encrypted frame","context":{"kid":9,"ctr":4,"byteLength":62,"codecOffset":10}}

[90mstdout[2m | apps/validator-daemon/src/canary/__tests__/verify-loop.test.ts[2m > [22m[2mREQ-CFA-042 — state.relayStunLossBps is READ as the classifier stunPacketLossBps arg[2m > [22m[2ma HIGH STUN prior ABSORBS a drop that a ZERO STUN prior PROMOTES (two-validator quorum on a shared board)
[22m[39m{"timestamp":"2026-06-20T08:06:54.039Z","level":"INFO","source":"frontend","module":"webrtc/sframe-transform","message":"encrypted frame","context":{"kid":9,"ctr":6,"byteLength":62,"codecOffset":10}}

[90mstdout[2m | apps/validator-daemon/src/canary/__tests__/verify-loop.test.ts[2m > [22m[2mREQ-CFA-042 — state.relayStunLossBps is READ as the classifier stunPacketLossBps arg[2m > [22m[2ma HIGH STUN prior ABSORBS a drop that a ZERO STUN prior PROMOTES (two-validator quorum on a shared board)
[22m[39m{"timestamp":"2026-06-20T08:06:54.040Z","level":"INFO","source":"frontend","module":"webrtc/sframe-transform","message":"encrypted frame","context":{"kid":9,"ctr":7,"byteLength":62,"codecOffset":10}}

[90mstdout[2m | apps/validator-daemon/src/canary/__tests__/verify-loop.test.ts[2m > [22m[2mREQ-CFA-042 — state.relayStunLossBps is READ as the classifier stunPacketLossBps arg[2m > [22m[2ma HIGH STUN prior ABSORBS a drop that a ZERO STUN prior PROMOTES (two-validator quorum on a shared board)
[22m[39m{"timestamp":"2026-06-20T08:06:54.041Z","level":"INFO","source":"frontend","module":"webrtc/sframe-transform","message":"encrypted frame","context":{"kid":9,"ctr":0,"byteLength":62,"codecOffset":10}}

[90mstdout[2m | apps/validator-daemon/src/canary/__tests__/verify-loop.test.ts[2m > [22m[2mREQ-CFA-042 — state.relayStunLossBps is READ as the classifier stunPacketLossBps arg[2m > [22m[2ma HIGH STUN prior ABSORBS a drop that a ZERO STUN prior PROMOTES (two-validator quorum on a shared board)
[22m[39m{"timestamp":"2026-06-20T08:06:54.042Z","level":"INFO","source":"frontend","module":"webrtc/sframe-transform","message":"encrypted frame","context":{"kid":9,"ctr":1,"byteLength":62,"codecOffset":10}}

[90mstdout[2m | apps/validator-daemon/src/canary/__tests__/verify-loop.test.ts[2m > [22m[2mREQ-CFA-042 — state.relayStunLossBps is READ as the classifier stunPacketLossBps arg[2m > [22m[2ma HIGH STUN prior ABSORBS a drop that a ZERO STUN prior PROMOTES (two-validator quorum on a shared board)
[22m[39m{"timestamp":"2026-06-20T08:06:54.043Z","level":"INFO","source":"frontend","module":"webrtc/sframe-transform","message":"encrypted frame","context":{"kid":9,"ctr":2,"byteLength":62,"codecOffset":10}}

[90mstdout[2m | apps/validator-daemon/src/canary/__tests__/verify-loop.test.ts[2m > [22m[2mREQ-CFA-042 — state.relayStunLossBps is READ as the classifier stunPacketLossBps arg[2m > [22m[2ma HIGH STUN prior ABSORBS a drop that a ZERO STUN prior PROMOTES (two-validator quorum on a shared board)
[22m[39m{"timestamp":"2026-06-20T08:06:54.043Z","level":"INFO","source":"frontend","module":"webrtc/sframe-transform","message":"encrypted frame","context":{"kid":9,"ctr":3,"byteLength":62,"codecOffset":10}}

[90mstdout[2m | apps/validator-daemon/src/canary/__tests__/verify-loop.test.ts[2m > [22m[2mREQ-CFA-042 — state.relayStunLossBps is READ as the classifier stunPacketLossBps arg[2m > [22m[2ma HIGH STUN prior ABSORBS a drop that a ZERO STUN prior PROMOTES (two-validator quorum on a shared board)
[22m[39m{"timestamp":"2026-06-20T08:06:54.044Z","level":"INFO","source":"frontend","module":"webrtc/sframe-transform","message":"encrypted frame","context":{"kid":9,"ctr":4,"byteLength":62,"codecOffset":10}}

[90mstdout[2m | apps/validator-daemon/src/canary/__tests__/verify-loop.test.ts[2m > [22m[2mREQ-CFA-042 — state.relayStunLossBps is READ as the classifier stunPacketLossBps arg[2m > [22m[2ma HIGH STUN prior ABSORBS a drop that a ZERO STUN prior PROMOTES (two-validator quorum on a shared board)
[22m[39m{"timestamp":"2026-06-20T08:06:54.045Z","level":"INFO","source":"frontend","module":"webrtc/sframe-transform","message":"encrypted frame","context":{"kid":9,"ctr":5,"byteLength":62,"codecOffset":10}}

[90mstdout[2m | apps/validator-daemon/src/canary/__tests__/verify-loop.test.ts[2m > [22m[2mREQ-CFA-042 — state.relayStunLossBps is READ as the classifier stunPacketLossBps arg[2m > [22m[2ma HIGH STUN prior ABSORBS a drop that a ZERO STUN prior PROMOTES (two-validator quorum on a shared board)
[22m[39m{"timestamp":"2026-06-20T08:06:54.046Z","level":"INFO","source":"frontend","module":"webrtc/sframe-transform","message":"encrypted frame","context":{"kid":9,"ctr":6,"byteLength":62,"codecOffset":10}}

[90mstdout[2m | apps/validator-daemon/src/canary/__tests__/verify-loop.test.ts[2m > [22m[2mREQ-CFA-042 — state.relayStunLossBps is READ as the classifier stunPacketLossBps arg[2m > [22m[2ma HIGH STUN prior ABSORBS a drop that a ZERO STUN prior PROMOTES (two-validator quorum on a shared board)
[22m[39m{"timestamp":"2026-06-20T08:06:54.047Z","level":"INFO","source":"frontend","module":"webrtc/sframe-transform","message":"encrypted frame","context":{"kid":9,"ctr":7,"byteLength":62,"codecOffset":10}}

{"level":30,"time":1781942814048,"pid":39960,"hostname":"Quang","name":"canary/verifier","canaryKid":9,"mediaPackets":7,"byteIdentical":7,"divergences":1,"msg":"canary forwarding verified"}
[90mstdout[2m | apps/validator-daemon/src/canary/__tests__/verify-loop.test.ts[2m > [22m[2mREQ-CFA-042 — state.relayStunLossBps is READ as the classifier stunPacketLossBps arg[2m > [22m[2ma HIGH STUN prior ABSORBS a drop that a ZERO STUN prior PROMOTES (two-validator quorum on a shared board)
[22m[39m{"timestamp":"2026-06-20T08:06:54.048Z","level":"INFO","source":"frontend","module":"webrtc/sframe-transform","message":"encrypted frame","context":{"kid":9,"ctr":0,"byteLength":62,"codecOffset":10}}

[90mstdout[2m | apps/validator-daemon/src/canary/__tests__/verify-loop.test.ts[2m > [22m[2mREQ-CFA-042 — state.relayStunLossBps is READ as the classifier stunPacketLossBps arg[2m > [22m[2ma HIGH STUN prior ABSORBS a drop that a ZERO STUN prior PROMOTES (two-validator quorum on a shared board)
[22m[39m{"timestamp":"2026-06-20T08:06:54.049Z","level":"INFO","source":"frontend","module":"webrtc/sframe-transform","message":"encrypted frame","context":{"kid":9,"ctr":1,"byteLength":62,"codecOffset":10}}

[90mstdout[2m | apps/validator-daemon/src/canary/__tests__/verify-loop.test.ts[2m > [22m[2mREQ-CFA-042 — state.relayStunLossBps is READ as the classifier stunPacketLossBps arg[2m > [22m[2ma HIGH STUN prior ABSORBS a drop that a ZERO STUN prior PROMOTES (two-validator quorum on a shared board)
[22m[39m{"timestamp":"2026-06-20T08:06:54.050Z","level":"INFO","source":"frontend","module":"webrtc/sframe-transform","message":"encrypted frame","context":{"kid":9,"ctr":2,"byteLength":62,"codecOffset":10}}

[90mstdout[2m | apps/validator-daemon/src/canary/__tests__/verify-loop.test.ts[2m > [22m[2mREQ-CFA-042 — state.relayStunLossBps is READ as the classifier stunPacketLossBps arg[2m > [22m[2ma HIGH STUN prior ABSORBS a drop that a ZERO STUN prior PROMOTES (two-validator quorum on a shared board)
[22m[39m{"timestamp":"2026-06-20T08:06:54.051Z","level":"INFO","source":"frontend","module":"webrtc/sframe-transform","message":"encrypted frame","context":{"kid":9,"ctr":3,"byteLength":62,"codecOffset":10}}

[90mstdout[2m | apps/validator-daemon/src/canary/__tests__/verify-loop.test.ts[2m > [22m[2mREQ-CFA-042 — state.relayStunLossBps is READ as the classifier stunPacketLossBps arg[2m > [22m[2ma HIGH STUN prior ABSORBS a drop that a ZERO STUN prior PROMOTES (two-validator quorum on a shared board)
[22m[39m{"timestamp":"2026-06-20T08:06:54.051Z","level":"INFO","source":"frontend","module":"webrtc/sframe-transform","message":"encrypted frame","context":{"kid":9,"ctr":4,"byteLength":62,"codecOffset":10}}

[90mstdout[2m | apps/validator-daemon/src/canary/__tests__/verify-loop.test.ts[2m > [22m[2mREQ-CFA-042 — state.relayStunLossBps is READ as the classifier stunPacketLossBps arg[2m > [22m[2ma HIGH STUN prior ABSORBS a drop that a ZERO STUN prior PROMOTES (two-validator quorum on a shared board)
[22m[39m{"timestamp":"2026-06-20T08:06:54.052Z","level":"INFO","source":"frontend","module":"webrtc/sframe-transform","message":"encrypted frame","context":{"kid":9,"ctr":5,"byteLength":62,"codecOffset":10}}

[90mstdout[2m | apps/validator-daemon/src/canary/__tests__/verify-loop.test.ts[2m > [22m[2mREQ-CFA-042 — state.relayStunLossBps is READ as the classifier stunPacketLossBps arg[2m > [22m[2ma HIGH STUN prior ABSORBS a drop that a ZERO STUN prior PROMOTES (two-validator quorum on a shared board)
[22m[39m{"timestamp":"2026-06-20T08:06:54.053Z","level":"INFO","source":"frontend","module":"webrtc/sframe-transform","message":"encrypted frame","context":{"kid":9,"ctr":6,"byteLength":62,"codecOffset":10}}

[90mstdout[2m | apps/validator-daemon/src/canary/__tests__/verify-loop.test.ts[2m > [22m[2mREQ-CFA-042 — state.relayStunLossBps is READ as the classifier stunPacketLossBps arg[2m > [22m[2ma HIGH STUN prior ABSORBS a drop that a ZERO STUN prior PROMOTES (two-validator quorum on a shared board)
[22m[39m{"timestamp":"2026-06-20T08:06:54.054Z","level":"INFO","source":"frontend","module":"webrtc/sframe-transform","message":"encrypted frame","context":{"kid":9,"ctr":7,"byteLength":62,"codecOffset":10}}

{"level":30,"time":1781942814054,"pid":39960,"hostname":"Quang","name":"canary/verifier","canaryKid":9,"mediaPackets":7,"byteIdentical":7,"divergences":1,"msg":"canary forwarding verified"}
{"level":30,"time":1781942814054,"pid":39960,"hostname":"Quang","name":"canary/loss-classifier","relayMinerId":"relay-under-audit","promoted":0,"absorbed":1,"tampers":0,"cumulativeCrossed":false,"msg":"canary divergences classified (drop gate / tamper p=1)"}
{"level":30,"time":1781942814054,"pid":39960,"hostname":"Quang","name":"canary/verify-loop","round":4,"relayMinerId":"relay-under-audit","roomId":"verify-loop-room","perReceiver":2,"promoted":0,"absorbed":1,"stunLossBps":"5000","msg":"canary verify round classified (hermetic half — synthetic capture, STUN read live)"}
[90mstdout[2m | apps/validator-daemon/src/canary/__tests__/verify-loop.test.ts[2m > [22m[2mREQ-CFA-042 — state.relayStunLossBps is READ as the classifier stunPacketLossBps arg[2m > [22m[2ma HIGH STUN prior ABSORBS a drop that a ZERO STUN prior PROMOTES (two-validator quorum on a shared board)
[22m[39m{"timestamp":"2026-06-20T08:06:54.055Z","level":"INFO","source":"frontend","module":"webrtc/sframe-transform","message":"encrypted frame","context":{"kid":9,"ctr":0,"byteLength":62,"codecOffset":10}}

[90mstdout[2m | apps/validator-daemon/src/canary/__tests__/verify-loop.test.ts[2m > [22m[2mREQ-CFA-042 — state.relayStunLossBps is READ as the classifier stunPacketLossBps arg[2m > [22m[2ma HIGH STUN prior ABSORBS a drop that a ZERO STUN prior PROMOTES (two-validator quorum on a shared board)
[22m[39m{"timestamp":"2026-06-20T08:06:54.055Z","level":"INFO","source":"frontend","module":"webrtc/sframe-transform","message":"encrypted frame","context":{"kid":9,"ctr":1,"byteLength":62,"codecOffset":10}}

[90mstdout[2m | apps/validator-daemon/src/canary/__tests__/verify-loop.test.ts[2m > [22m[2mREQ-CFA-042 — state.relayStunLossBps is READ as the classifier stunPacketLossBps arg[2m > [22m[2ma HIGH STUN prior ABSORBS a drop that a ZERO STUN prior PROMOTES (two-validator quorum on a shared board)
[22m[39m{"timestamp":"2026-06-20T08:06:54.056Z","level":"INFO","source":"frontend","module":"webrtc/sframe-transform","message":"encrypted frame","context":{"kid":9,"ctr":2,"byteLength":62,"codecOffset":10}}

[90mstdout[2m | apps/validator-daemon/src/canary/__tests__/verify-loop.test.ts[2m > [22m[2mREQ-CFA-042 — state.relayStunLossBps is READ as the classifier stunPacketLossBps arg[2m > [22m[2ma HIGH STUN prior ABSORBS a drop that a ZERO STUN prior PROMOTES (two-validator quorum on a shared board)
[22m[39m{"timestamp":"2026-06-20T08:06:54.057Z","level":"INFO","source":"frontend","module":"webrtc/sframe-transform","message":"encrypted frame","context":{"kid":9,"ctr":3,"byteLength":62,"codecOffset":10}}

[90mstdout[2m | apps/validator-daemon/src/canary/__tests__/verify-loop.test.ts[2m > [22m[2mREQ-CFA-042 — state.relayStunLossBps is READ as the classifier stunPacketLossBps arg[2m > [22m[2ma HIGH STUN prior ABSORBS a drop that a ZERO STUN prior PROMOTES (two-validator quorum on a shared board)
[22m[39m{"timestamp":"2026-06-20T08:06:54.058Z","level":"INFO","source":"frontend","module":"webrtc/sframe-transform","message":"encrypted frame","context":{"kid":9,"ctr":4,"byteLength":62,"codecOffset":10}}

[90mstdout[2m | apps/validator-daemon/src/canary/__tests__/verify-loop.test.ts[2m > [22m[2mREQ-CFA-042 — state.relayStunLossBps is READ as the classifier stunPacketLossBps arg[2m > [22m[2ma HIGH STUN prior ABSORBS a drop that a ZERO STUN prior PROMOTES (two-validator quorum on a shared board)
[22m[39m{"timestamp":"2026-06-20T08:06:54.058Z","level":"INFO","source":"frontend","module":"webrtc/sframe-transform","message":"encrypted frame","context":{"kid":9,"ctr":6,"byteLength":62,"codecOffset":10}}

[90mstdout[2m | apps/validator-daemon/src/canary/__tests__/verify-loop.test.ts[2m > [22m[2mREQ-CFA-042 — state.relayStunLossBps is READ as the classifier stunPacketLossBps arg[2m > [22m[2ma HIGH STUN prior ABSORBS a drop that a ZERO STUN prior PROMOTES (two-validator quorum on a shared board)
[22m[39m{"timestamp":"2026-06-20T08:06:54.059Z","level":"INFO","source":"frontend","module":"webrtc/sframe-transform","message":"encrypted frame","context":{"kid":9,"ctr":7,"byteLength":62,"codecOffset":10}}

[90mstdout[2m | apps/validator-daemon/src/canary/__tests__/verify-loop.test.ts[2m > [22m[2mREQ-CFA-042 — state.relayStunLossBps is READ as the classifier stunPacketLossBps arg[2m > [22m[2ma HIGH STUN prior ABSORBS a drop that a ZERO STUN prior PROMOTES (two-validator quorum on a shared board)
[22m[39m{"timestamp":"2026-06-20T08:06:54.060Z","level":"INFO","source":"frontend","module":"webrtc/sframe-transform","message":"encrypted frame","context":{"kid":9,"ctr":0,"byteLength":62,"codecOffset":10}}

[90mstdout[2m | apps/validator-daemon/src/canary/__tests__/verify-loop.test.ts[2m > [22m[2mREQ-CFA-042 — state.relayStunLossBps is READ as the classifier stunPacketLossBps arg[2m > [22m[2ma HIGH STUN prior ABSORBS a drop that a ZERO STUN prior PROMOTES (two-validator quorum on a shared board)
[22m[39m{"timestamp":"2026-06-20T08:06:54.061Z","level":"INFO","source":"frontend","module":"webrtc/sframe-transform","message":"encrypted frame","context":{"kid":9,"ctr":1,"byteLength":62,"codecOffset":10}}

[90mstdout[2m | apps/validator-daemon/src/canary/__tests__/verify-loop.test.ts[2m > [22m[2mREQ-CFA-042 — state.relayStunLossBps is READ as the classifier stunPacketLossBps arg[2m > [22m[2ma HIGH STUN prior ABSORBS a drop that a ZERO STUN prior PROMOTES (two-validator quorum on a shared board)
[22m[39m{"timestamp":"2026-06-20T08:06:54.062Z","level":"INFO","source":"frontend","module":"webrtc/sframe-transform","message":"encrypted frame","context":{"kid":9,"ctr":2,"byteLength":62,"codecOffset":10}}

[90mstdout[2m | apps/validator-daemon/src/canary/__tests__/verify-loop.test.ts[2m > [22m[2mREQ-CFA-042 — state.relayStunLossBps is READ as the classifier stunPacketLossBps arg[2m > [22m[2ma HIGH STUN prior ABSORBS a drop that a ZERO STUN prior PROMOTES (two-validator quorum on a shared board)
[22m[39m{"timestamp":"2026-06-20T08:06:54.063Z","level":"INFO","source":"frontend","module":"webrtc/sframe-transform","message":"encrypted frame","context":{"kid":9,"ctr":3,"byteLength":62,"codecOffset":10}}

[90mstdout[2m | apps/validator-daemon/src/canary/__tests__/verify-loop.test.ts[2m > [22m[2mREQ-CFA-042 — state.relayStunLossBps is READ as the classifier stunPacketLossBps arg[2m > [22m[2ma HIGH STUN prior ABSORBS a drop that a ZERO STUN prior PROMOTES (two-validator quorum on a shared board)
[22m[39m{"timestamp":"2026-06-20T08:06:54.064Z","level":"INFO","source":"frontend","module":"webrtc/sframe-transform","message":"encrypted frame","context":{"kid":9,"ctr":4,"byteLength":62,"codecOffset":10}}

[90mstdout[2m | apps/validator-daemon/src/canary/__tests__/verify-loop.test.ts[2m > [22m[2mREQ-CFA-042 — state.relayStunLossBps is READ as the classifier stunPacketLossBps arg[2m > [22m[2ma HIGH STUN prior ABSORBS a drop that a ZERO STUN prior PROMOTES (two-validator quorum on a shared board)
[22m[39m{"timestamp":"2026-06-20T08:06:54.065Z","level":"INFO","source":"frontend","module":"webrtc/sframe-transform","message":"encrypted frame","context":{"kid":9,"ctr":5,"byteLength":62,"codecOffset":10}}

[90mstdout[2m | apps/validator-daemon/src/canary/__tests__/verify-loop.test.ts[2m > [22m[2mREQ-CFA-042 — state.relayStunLossBps is READ as the classifier stunPacketLossBps arg[2m > [22m[2ma HIGH STUN prior ABSORBS a drop that a ZERO STUN prior PROMOTES (two-validator quorum on a shared board)
[22m[39m{"timestamp":"2026-06-20T08:06:54.066Z","level":"INFO","source":"frontend","module":"webrtc/sframe-transform","message":"encrypted frame","context":{"kid":9,"ctr":6,"byteLength":62,"codecOffset":10}}

[90mstdout[2m | apps/validator-daemon/src/canary/__tests__/verify-loop.test.ts[2m > [22m[2mREQ-CFA-042 — state.relayStunLossBps is READ as the classifier stunPacketLossBps arg[2m > [22m[2ma HIGH STUN prior ABSORBS a drop that a ZERO STUN prior PROMOTES (two-validator quorum on a shared board)
[22m[39m{"timestamp":"2026-06-20T08:06:54.066Z","level":"INFO","source":"frontend","module":"webrtc/sframe-transform","message":"encrypted frame","context":{"kid":9,"ctr":7,"byteLength":62,"codecOffset":10}}

{"level":30,"time":1781942814067,"pid":39960,"hostname":"Quang","name":"canary/verifier","canaryKid":9,"mediaPackets":7,"byteIdentical":7,"divergences":1,"msg":"canary forwarding verified"}
[90mstdout[2m | apps/validator-daemon/src/canary/__tests__/verify-loop.test.ts[2m > [22m[2mREQ-CFA-042 — state.relayStunLossBps is READ as the classifier stunPacketLossBps arg[2m > [22m[2ma HIGH STUN prior ABSORBS a drop that a ZERO STUN prior PROMOTES (two-validator quorum on a shared board)
[22m[39m{"timestamp":"2026-06-20T08:06:54.068Z","level":"INFO","source":"frontend","module":"webrtc/sframe-transform","message":"encrypted frame","context":{"kid":9,"ctr":0,"byteLength":62,"codecOffset":10}}

[90mstdout[2m | apps/validator-daemon/src/canary/__tests__/verify-loop.test.ts[2m > [22m[2mREQ-CFA-042 — state.relayStunLossBps is READ as the classifier stunPacketLossBps arg[2m > [22m[2ma HIGH STUN prior ABSORBS a drop that a ZERO STUN prior PROMOTES (two-validator quorum on a shared board)
[22m[39m{"timestamp":"2026-06-20T08:06:54.069Z","level":"INFO","source":"frontend","module":"webrtc/sframe-transform","message":"encrypted frame","context":{"kid":9,"ctr":1,"byteLength":62,"codecOffset":10}}

[90mstdout[2m | apps/validator-daemon/src/canary/__tests__/verify-loop.test.ts[2m > [22m[2mREQ-CFA-042 — state.relayStunLossBps is READ as the classifier stunPacketLossBps arg[2m > [22m[2ma HIGH STUN prior ABSORBS a drop that a ZERO STUN prior PROMOTES (two-validator quorum on a shared board)
[22m[39m{"timestamp":"2026-06-20T08:06:54.070Z","level":"INFO","source":"frontend","module":"webrtc/sframe-transform","message":"encrypted frame","context":{"kid":9,"ctr":2,"byteLength":62,"codecOffset":10}}

[90mstdout[2m | apps/validator-daemon/src/canary/__tests__/verify-loop.test.ts[2m > [22m[2mREQ-CFA-042 — state.relayStunLossBps is READ as the classifier stunPacketLossBps arg[2m > [22m[2ma HIGH STUN prior ABSORBS a drop that a ZERO STUN prior PROMOTES (two-validator quorum on a shared board)
[22m[39m{"timestamp":"2026-06-20T08:06:54.070Z","level":"INFO","source":"frontend","module":"webrtc/sframe-transform","message":"encrypted frame","context":{"kid":9,"ctr":3,"byteLength":62,"codecOffset":10}}

[90mstdout[2m | apps/validator-daemon/src/canary/__tests__/verify-loop.test.ts[2m > [22m[2mREQ-CFA-042 — state.relayStunLossBps is READ as the classifier stunPacketLossBps arg[2m > [22m[2ma HIGH STUN prior ABSORBS a drop that a ZERO STUN prior PROMOTES (two-validator quorum on a shared board)
[22m[39m{"timestamp":"2026-06-20T08:06:54.071Z","level":"INFO","source":"frontend","module":"webrtc/sframe-transform","message":"encrypted frame","context":{"kid":9,"ctr":4,"byteLength":62,"codecOffset":10}}

[90mstdout[2m | apps/validator-daemon/src/canary/__tests__/verify-loop.test.ts[2m > [22m[2mREQ-CFA-042 — state.relayStunLossBps is READ as the classifier stunPacketLossBps arg[2m > [22m[2ma HIGH STUN prior ABSORBS a drop that a ZERO STUN prior PROMOTES (two-validator quorum on a shared board)
[22m[39m{"timestamp":"2026-06-20T08:06:54.072Z","level":"INFO","source":"frontend","module":"webrtc/sframe-transform","message":"encrypted frame","context":{"kid":9,"ctr":5,"byteLength":62,"codecOffset":10}}

[90mstdout[2m | apps/validator-daemon/src/canary/__tests__/verify-loop.test.ts[2m > [22m[2mREQ-CFA-042 — state.relayStunLossBps is READ as the classifier stunPacketLossBps arg[2m > [22m[2ma HIGH STUN prior ABSORBS a drop that a ZERO STUN prior PROMOTES (two-validator quorum on a shared board)
[22m[39m{"timestamp":"2026-06-20T08:06:54.073Z","level":"INFO","source":"frontend","module":"webrtc/sframe-transform","message":"encrypted frame","context":{"kid":9,"ctr":6,"byteLength":62,"codecOffset":10}}

[90mstdout[2m | apps/validator-daemon/src/canary/__tests__/verify-loop.test.ts[2m > [22m[2mREQ-CFA-042 — state.relayStunLossBps is READ as the classifier stunPacketLossBps arg[2m > [22m[2ma HIGH STUN prior ABSORBS a drop that a ZERO STUN prior PROMOTES (two-validator quorum on a shared board)
[22m[39m{"timestamp":"2026-06-20T08:06:54.075Z","level":"INFO","source":"frontend","module":"webrtc/sframe-transform","message":"encrypted frame","context":{"kid":9,"ctr":7,"byteLength":62,"codecOffset":10}}

{"level":30,"time":1781942814075,"pid":39960,"hostname":"Quang","name":"canary/verifier","canaryKid":9,"mediaPackets":7,"byteIdentical":7,"divergences":1,"msg":"canary forwarding verified"}
{"level":30,"time":1781942814075,"pid":39960,"hostname":"Quang","name":"canary/loss-classifier","relayMinerId":"relay-under-audit","promoted":0,"absorbed":1,"tampers":0,"cumulativeCrossed":false,"msg":"canary divergences classified (drop gate / tamper p=1)"}
{"level":30,"time":1781942814075,"pid":39960,"hostname":"Quang","name":"canary/verify-loop","round":5,"relayMinerId":"relay-under-audit","roomId":"verify-loop-room","perReceiver":2,"promoted":0,"absorbed":1,"stunLossBps":"5000","msg":"canary verify round classified (hermetic half — synthetic capture, STUN read live)"}
[90mstdout[2m | apps/validator-daemon/src/canary/__tests__/verify-loop.test.ts[2m > [22m[2mREQ-CFA-042 — state.relayStunLossBps is READ as the classifier stunPacketLossBps arg[2m > [22m[2ma HIGH STUN prior ABSORBS a drop that a ZERO STUN prior PROMOTES (two-validator quorum on a shared board)
[22m[39m{"timestamp":"2026-06-20T08:06:54.076Z","level":"INFO","source":"frontend","module":"webrtc/sframe-transform","message":"encrypted frame","context":{"kid":9,"ctr":0,"byteLength":62,"codecOffset":10}}

[90mstdout[2m | apps/validator-daemon/src/canary/__tests__/verify-loop.test.ts[2m > [22m[2mREQ-CFA-042 — state.relayStunLossBps is READ as the classifier stunPacketLossBps arg[2m > [22m[2ma HIGH STUN prior ABSORBS a drop that a ZERO STUN prior PROMOTES (two-validator quorum on a shared board)
[22m[39m{"timestamp":"2026-06-20T08:06:54.077Z","level":"INFO","source":"frontend","module":"webrtc/sframe-transform","message":"encrypted frame","context":{"kid":9,"ctr":1,"byteLength":62,"codecOffset":10}}

[90mstdout[2m | apps/validator-daemon/src/canary/__tests__/verify-loop.test.ts[2m > [22m[2mREQ-CFA-042 — state.relayStunLossBps is READ as the classifier stunPacketLossBps arg[2m > [22m[2ma HIGH STUN prior ABSORBS a drop that a ZERO STUN prior PROMOTES (two-validator quorum on a shared board)
[22m[39m{"timestamp":"2026-06-20T08:06:54.078Z","level":"INFO","source":"frontend","module":"webrtc/sframe-transform","message":"encrypted frame","context":{"kid":9,"ctr":2,"byteLength":62,"codecOffset":10}}

[90mstdout[2m | apps/validator-daemon/src/canary/__tests__/verify-loop.test.ts[2m > [22m[2mREQ-CFA-042 — state.relayStunLossBps is READ as the classifier stunPacketLossBps arg[2m > [22m[2ma HIGH STUN prior ABSORBS a drop that a ZERO STUN prior PROMOTES (two-validator quorum on a shared board)
[22m[39m{"timestamp":"2026-06-20T08:06:54.079Z","level":"INFO","source":"frontend","module":"webrtc/sframe-transform","message":"encrypted frame","context":{"kid":9,"ctr":3,"byteLength":62,"codecOffset":10}}

[90mstdout[2m | apps/validator-daemon/src/canary/__tests__/verify-loop.test.ts[2m > [22m[2mREQ-CFA-042 — state.relayStunLossBps is READ as the classifier stunPacketLossBps arg[2m > [22m[2ma HIGH STUN prior ABSORBS a drop that a ZERO STUN prior PROMOTES (two-validator quorum on a shared board)
[22m[39m{"timestamp":"2026-06-20T08:06:54.080Z","level":"INFO","source":"frontend","module":"webrtc/sframe-transform","message":"encrypted frame","context":{"kid":9,"ctr":4,"byteLength":62,"codecOffset":10}}

[90mstdout[2m | apps/validator-daemon/src/canary/__tests__/verify-loop.test.ts[2m > [22m[2mREQ-CFA-042 — state.relayStunLossBps is READ as the classifier stunPacketLossBps arg[2m > [22m[2ma HIGH STUN prior ABSORBS a drop that a ZERO STUN prior PROMOTES (two-validator quorum on a shared board)
[22m[39m{"timestamp":"2026-06-20T08:06:54.080Z","level":"INFO","source":"frontend","module":"webrtc/sframe-transform","message":"encrypted frame","context":{"kid":9,"ctr":6,"byteLength":62,"codecOffset":10}}

[90mstdout[2m | apps/validator-daemon/src/canary/__tests__/verify-loop.test.ts[2m > [22m[2mREQ-CFA-042 — state.relayStunLossBps is READ as the classifier stunPacketLossBps arg[2m > [22m[2ma HIGH STUN prior ABSORBS a drop that a ZERO STUN prior PROMOTES (two-validator quorum on a shared board)
[22m[39m{"timestamp":"2026-06-20T08:06:54.081Z","level":"INFO","source":"frontend","module":"webrtc/sframe-transform","message":"encrypted frame","context":{"kid":9,"ctr":7,"byteLength":62,"codecOffset":10}}

[90mstdout[2m | apps/validator-daemon/src/canary/__tests__/verify-loop.test.ts[2m > [22m[2mREQ-CFA-042 — state.relayStunLossBps is READ as the classifier stunPacketLossBps arg[2m > [22m[2ma HIGH STUN prior ABSORBS a drop that a ZERO STUN prior PROMOTES (two-validator quorum on a shared board)
[22m[39m{"timestamp":"2026-06-20T08:06:54.082Z","level":"INFO","source":"frontend","module":"webrtc/sframe-transform","message":"encrypted frame","context":{"kid":9,"ctr":0,"byteLength":62,"codecOffset":10}}

[90mstdout[2m | apps/validator-daemon/src/canary/__tests__/verify-loop.test.ts[2m > [22m[2mREQ-CFA-042 — state.relayStunLossBps is READ as the classifier stunPacketLossBps arg[2m > [22m[2ma HIGH STUN prior ABSORBS a drop that a ZERO STUN prior PROMOTES (two-validator quorum on a shared board)
[22m[39m{"timestamp":"2026-06-20T08:06:54.082Z","level":"INFO","source":"frontend","module":"webrtc/sframe-transform","message":"encrypted frame","context":{"kid":9,"ctr":1,"byteLength":62,"codecOffset":10}}

[90mstdout[2m | apps/validator-daemon/src/canary/__tests__/verify-loop.test.ts[2m > [22m[2mREQ-CFA-042 — state.relayStunLossBps is READ as the classifier stunPacketLossBps arg[2m > [22m[2ma HIGH STUN prior ABSORBS a drop that a ZERO STUN prior PROMOTES (two-validator quorum on a shared board)
[22m[39m{"timestamp":"2026-06-20T08:06:54.083Z","level":"INFO","source":"frontend","module":"webrtc/sframe-transform","message":"encrypted frame","context":{"kid":9,"ctr":2,"byteLength":62,"codecOffset":10}}

[90mstdout[2m | apps/validator-daemon/src/canary/__tests__/verify-loop.test.ts[2m > [22m[2mREQ-CFA-042 — state.relayStunLossBps is READ as the classifier stunPacketLossBps arg[2m > [22m[2ma HIGH STUN prior ABSORBS a drop that a ZERO STUN prior PROMOTES (two-validator quorum on a shared board)
[22m[39m{"timestamp":"2026-06-20T08:06:54.084Z","level":"INFO","source":"frontend","module":"webrtc/sframe-transform","message":"encrypted frame","context":{"kid":9,"ctr":3,"byteLength":62,"codecOffset":10}}

[90mstdout[2m | apps/validator-daemon/src/canary/__tests__/verify-loop.test.ts[2m > [22m[2mREQ-CFA-042 — state.relayStunLossBps is READ as the classifier stunPacketLossBps arg[2m > [22m[2ma HIGH STUN prior ABSORBS a drop that a ZERO STUN prior PROMOTES (two-validator quorum on a shared board)
[22m[39m{"timestamp":"2026-06-20T08:06:54.085Z","level":"INFO","source":"frontend","module":"webrtc/sframe-transform","message":"encrypted frame","context":{"kid":9,"ctr":4,"byteLength":62,"codecOffset":10}}

[90mstdout[2m | apps/validator-daemon/src/canary/__tests__/verify-loop.test.ts[2m > [22m[2mREQ-CFA-042 — state.relayStunLossBps is READ as the classifier stunPacketLossBps arg[2m > [22m[2ma HIGH STUN prior ABSORBS a drop that a ZERO STUN prior PROMOTES (two-validator quorum on a shared board)
[22m[39m{"timestamp":"2026-06-20T08:06:54.085Z","level":"INFO","source":"frontend","module":"webrtc/sframe-transform","message":"encrypted frame","context":{"kid":9,"ctr":5,"byteLength":62,"codecOffset":10}}

[90mstdout[2m | apps/validator-daemon/src/canary/__tests__/verify-loop.test.ts[2m > [22m[2mREQ-CFA-042 — state.relayStunLossBps is READ as the classifier stunPacketLossBps arg[2m > [22m[2ma HIGH STUN prior ABSORBS a drop that a ZERO STUN prior PROMOTES (two-validator quorum on a shared board)
[22m[39m{"timestamp":"2026-06-20T08:06:54.086Z","level":"INFO","source":"frontend","module":"webrtc/sframe-transform","message":"encrypted frame","context":{"kid":9,"ctr":6,"byteLength":62,"codecOffset":10}}

[90mstdout[2m | apps/validator-daemon/src/canary/__tests__/verify-loop.test.ts[2m > [22m[2mREQ-CFA-042 — state.relayStunLossBps is READ as the classifier stunPacketLossBps arg[2m > [22m[2ma HIGH STUN prior ABSORBS a drop that a ZERO STUN prior PROMOTES (two-validator quorum on a shared board)
[22m[39m{"timestamp":"2026-06-20T08:06:54.086Z","level":"INFO","source":"frontend","module":"webrtc/sframe-transform","message":"encrypted frame","context":{"kid":9,"ctr":7,"byteLength":62,"codecOffset":10}}

{"level":30,"time":1781942814087,"pid":39960,"hostname":"Quang","name":"canary/verifier","canaryKid":9,"mediaPackets":7,"byteIdentical":7,"divergences":1,"msg":"canary forwarding verified"}
[90mstdout[2m | apps/validator-daemon/src/canary/__tests__/verify-loop.test.ts[2m > [22m[2mREQ-CFA-042 — state.relayStunLossBps is READ as the classifier stunPacketLossBps arg[2m > [22m[2ma HIGH STUN prior ABSORBS a drop that a ZERO STUN prior PROMOTES (two-validator quorum on a shared board)
[22m[39m{"timestamp":"2026-06-20T08:06:54.087Z","level":"INFO","source":"frontend","module":"webrtc/sframe-transform","message":"encrypted frame","context":{"kid":9,"ctr":0,"byteLength":62,"codecOffset":10}}

[90mstdout[2m | apps/validator-daemon/src/canary/__tests__/verify-loop.test.ts[2m > [22m[2mREQ-CFA-042 — state.relayStunLossBps is READ as the classifier stunPacketLossBps arg[2m > [22m[2ma HIGH STUN prior ABSORBS a drop that a ZERO STUN prior PROMOTES (two-validator quorum on a shared board)
[22m[39m{"timestamp":"2026-06-20T08:06:54.089Z","level":"INFO","source":"frontend","module":"webrtc/sframe-transform","message":"encrypted frame","context":{"kid":9,"ctr":1,"byteLength":62,"codecOffset":10}}

[90mstdout[2m | apps/validator-daemon/src/canary/__tests__/verify-loop.test.ts[2m > [22m[2mREQ-CFA-042 — state.relayStunLossBps is READ as the classifier stunPacketLossBps arg[2m > [22m[2ma HIGH STUN prior ABSORBS a drop that a ZERO STUN prior PROMOTES (two-validator quorum on a shared board)
[22m[39m{"timestamp":"2026-06-20T08:06:54.089Z","level":"INFO","source":"frontend","module":"webrtc/sframe-transform","message":"encrypted frame","context":{"kid":9,"ctr":2,"byteLength":62,"codecOffset":10}}

[90mstdout[2m | apps/validator-daemon/src/canary/__tests__/verify-loop.test.ts[2m > [22m[2mREQ-CFA-042 — state.relayStunLossBps is READ as the classifier stunPacketLossBps arg[2m > [22m[2ma HIGH STUN prior ABSORBS a drop that a ZERO STUN prior PROMOTES (two-validator quorum on a shared board)
[22m[39m{"timestamp":"2026-06-20T08:06:54.090Z","level":"INFO","source":"frontend","module":"webrtc/sframe-transform","message":"encrypted frame","context":{"kid":9,"ctr":3,"byteLength":62,"codecOffset":10}}

[90mstdout[2m | apps/validator-daemon/src/canary/__tests__/verify-loop.test.ts[2m > [22m[2mREQ-CFA-042 — state.relayStunLossBps is READ as the classifier stunPacketLossBps arg[2m > [22m[2ma HIGH STUN prior ABSORBS a drop that a ZERO STUN prior PROMOTES (two-validator quorum on a shared board)
[22m[39m{"timestamp":"2026-06-20T08:06:54.091Z","level":"INFO","source":"frontend","module":"webrtc/sframe-transform","message":"encrypted frame","context":{"kid":9,"ctr":4,"byteLength":62,"codecOffset":10}}

[90mstdout[2m | apps/validator-daemon/src/canary/__tests__/verify-loop.test.ts[2m > [22m[2mREQ-CFA-042 — state.relayStunLossBps is READ as the classifier stunPacketLossBps arg[2m > [22m[2ma HIGH STUN prior ABSORBS a drop that a ZERO STUN prior PROMOTES (two-validator quorum on a shared board)
[22m[39m{"timestamp":"2026-06-20T08:06:54.092Z","level":"INFO","source":"frontend","module":"webrtc/sframe-transform","message":"encrypted frame","context":{"kid":9,"ctr":5,"byteLength":62,"codecOffset":10}}

[90mstdout[2m | apps/validator-daemon/src/canary/__tests__/verify-loop.test.ts[2m > [22m[2mREQ-CFA-042 — state.relayStunLossBps is READ as the classifier stunPacketLossBps arg[2m > [22m[2ma HIGH STUN prior ABSORBS a drop that a ZERO STUN prior PROMOTES (two-validator quorum on a shared board)
[22m[39m{"timestamp":"2026-06-20T08:06:54.093Z","level":"INFO","source":"frontend","module":"webrtc/sframe-transform","message":"encrypted frame","context":{"kid":9,"ctr":6,"byteLength":62,"codecOffset":10}}

[90mstdout[2m | apps/validator-daemon/src/canary/__tests__/verify-loop.test.ts[2m > [22m[2mREQ-CFA-042 — state.relayStunLossBps is READ as the classifier stunPacketLossBps arg[2m > [22m[2ma HIGH STUN prior ABSORBS a drop that a ZERO STUN prior PROMOTES (two-validator quorum on a shared board)
[22m[39m{"timestamp":"2026-06-20T08:06:54.094Z","level":"INFO","source":"frontend","module":"webrtc/sframe-transform","message":"encrypted frame","context":{"kid":9,"ctr":7,"byteLength":62,"codecOffset":10}}

{"level":30,"time":1781942814094,"pid":39960,"hostname":"Quang","name":"canary/verifier","canaryKid":9,"mediaPackets":7,"byteIdentical":7,"divergences":1,"msg":"canary forwarding verified"}
{"level":30,"time":1781942814094,"pid":39960,"hostname":"Quang","name":"canary/loss-classifier","relayMinerId":"relay-under-audit","promoted":0,"absorbed":1,"tampers":0,"cumulativeCrossed":false,"msg":"canary divergences classified (drop gate / tamper p=1)"}
{"level":30,"time":1781942814094,"pid":39960,"hostname":"Quang","name":"canary/verify-loop","round":5,"relayMinerId":"relay-under-audit","roomId":"verify-loop-room","perReceiver":2,"promoted":0,"absorbed":1,"stunLossBps":"5000","msg":"canary verify round classified (hermetic half — synthetic capture, STUN read live)"}
[90mstdout[2m | apps/validator-daemon/src/canary/__tests__/verify-loop.test.ts[2m > [22m[2mREQ-CFA-042 — state.relayStunLossBps is READ as the classifier stunPacketLossBps arg[2m > [22m[2ma HIGH STUN prior ABSORBS a drop that a ZERO STUN prior PROMOTES (two-validator quorum on a shared board)
[22m[39m{"timestamp":"2026-06-20T08:06:54.095Z","level":"INFO","source":"frontend","module":"webrtc/sframe-transform","message":"encrypted frame","context":{"kid":9,"ctr":0,"byteLength":62,"codecOffset":10}}

[90mstdout[2m | apps/validator-daemon/src/canary/__tests__/verify-loop.test.ts[2m > [22m[2mREQ-CFA-042 — state.relayStunLossBps is READ as the classifier stunPacketLossBps arg[2m > [22m[2ma HIGH STUN prior ABSORBS a drop that a ZERO STUN prior PROMOTES (two-validator quorum on a shared board)
[22m[39m{"timestamp":"2026-06-20T08:06:54.096Z","level":"INFO","source":"frontend","module":"webrtc/sframe-transform","message":"encrypted frame","context":{"kid":9,"ctr":1,"byteLength":62,"codecOffset":10}}

[90mstdout[2m | apps/validator-daemon/src/canary/__tests__/verify-loop.test.ts[2m > [22m[2mREQ-CFA-042 — state.relayStunLossBps is READ as the classifier stunPacketLossBps arg[2m > [22m[2ma HIGH STUN prior ABSORBS a drop that a ZERO STUN prior PROMOTES (two-validator quorum on a shared board)
[22m[39m{"timestamp":"2026-06-20T08:06:54.097Z","level":"INFO","source":"frontend","module":"webrtc/sframe-transform","message":"encrypted frame","context":{"kid":9,"ctr":2,"byteLength":62,"codecOffset":10}}

[90mstdout[2m | apps/validator-daemon/src/canary/__tests__/verify-loop.test.ts[2m > [22m[2mREQ-CFA-042 — state.relayStunLossBps is READ as the classifier stunPacketLossBps arg[2m > [22m[2ma HIGH STUN prior ABSORBS a drop that a ZERO STUN prior PROMOTES (two-validator quorum on a shared board)
[22m[39m{"timestamp":"2026-06-20T08:06:54.100Z","level":"INFO","source":"frontend","module":"webrtc/sframe-transform","message":"encrypted frame","context":{"kid":9,"ctr":3,"byteLength":62,"codecOffset":10}}

[90mstdout[2m | apps/validator-daemon/src/canary/__tests__/verify-loop.test.ts[2m > [22m[2mREQ-CFA-042 — state.relayStunLossBps is READ as the classifier stunPacketLossBps arg[2m > [22m[2ma HIGH STUN prior ABSORBS a drop that a ZERO STUN prior PROMOTES (two-validator quorum on a shared board)
[22m[39m{"timestamp":"2026-06-20T08:06:54.101Z","level":"INFO","source":"frontend","module":"webrtc/sframe-transform","message":"encrypted frame","context":{"kid":9,"ctr":4,"byteLength":62,"codecOffset":10}}

[90mstdout[2m | apps/validator-daemon/src/canary/__tests__/verify-loop.test.ts[2m > [22m[2mREQ-CFA-042 — state.relayStunLossBps is READ as the classifier stunPacketLossBps arg[2m > [22m[2ma HIGH STUN prior ABSORBS a drop that a ZERO STUN prior PROMOTES (two-validator quorum on a shared board)
[22m[39m{"timestamp":"2026-06-20T08:06:54.102Z","level":"INFO","source":"frontend","module":"webrtc/sframe-transform","message":"encrypted frame","context":{"kid":9,"ctr":6,"byteLength":62,"codecOffset":10}}

[90mstdout[2m | apps/validator-daemon/src/canary/__tests__/verify-loop.test.ts[2m > [22m[2mREQ-CFA-042 — state.relayStunLossBps is READ as the classifier stunPacketLossBps arg[2m > [22m[2ma HIGH STUN prior ABSORBS a drop that a ZERO STUN prior PROMOTES (two-validator quorum on a shared board)
[22m[39m{"timestamp":"2026-06-20T08:06:54.102Z","level":"INFO","source":"frontend","module":"webrtc/sframe-transform","message":"encrypted frame","context":{"kid":9,"ctr":7,"byteLength":62,"codecOffset":10}}

[90mstdout[2m | apps/validator-daemon/src/canary/__tests__/verify-loop.test.ts[2m > [22m[2mREQ-CFA-042 — state.relayStunLossBps is READ as the classifier stunPacketLossBps arg[2m > [22m[2ma HIGH STUN prior ABSORBS a drop that a ZERO STUN prior PROMOTES (two-validator quorum on a shared board)
[22m[39m{"timestamp":"2026-06-20T08:06:54.103Z","level":"INFO","source":"frontend","module":"webrtc/sframe-transform","message":"encrypted frame","context":{"kid":9,"ctr":0,"byteLength":62,"codecOffset":10}}

[90mstdout[2m | apps/validator-daemon/src/canary/__tests__/verify-loop.test.ts[2m > [22m[2mREQ-CFA-042 — state.relayStunLossBps is READ as the classifier stunPacketLossBps arg[2m > [22m[2ma HIGH STUN prior ABSORBS a drop that a ZERO STUN prior PROMOTES (two-validator quorum on a shared board)
[22m[39m{"timestamp":"2026-06-20T08:06:54.104Z","level":"INFO","source":"frontend","module":"webrtc/sframe-transform","message":"encrypted frame","context":{"kid":9,"ctr":1,"byteLength":62,"codecOffset":10}}

[90mstdout[2m | apps/validator-daemon/src/canary/__tests__/verify-loop.test.ts[2m > [22m[2mREQ-CFA-042 — state.relayStunLossBps is READ as the classifier stunPacketLossBps arg[2m > [22m[2ma HIGH STUN prior ABSORBS a drop that a ZERO STUN prior PROMOTES (two-validator quorum on a shared board)
[22m[39m{"timestamp":"2026-06-20T08:06:54.105Z","level":"INFO","source":"frontend","module":"webrtc/sframe-transform","message":"encrypted frame","context":{"kid":9,"ctr":2,"byteLength":62,"codecOffset":10}}

[90mstdout[2m | apps/validator-daemon/src/canary/__tests__/verify-loop.test.ts[2m > [22m[2mREQ-CFA-042 — state.relayStunLossBps is READ as the classifier stunPacketLossBps arg[2m > [22m[2ma HIGH STUN prior ABSORBS a drop that a ZERO STUN prior PROMOTES (two-validator quorum on a shared board)
[22m[39m{"timestamp":"2026-06-20T08:06:54.105Z","level":"INFO","source":"frontend","module":"webrtc/sframe-transform","message":"encrypted frame","context":{"kid":9,"ctr":3,"byteLength":62,"codecOffset":10}}

[90mstdout[2m | apps/validator-daemon/src/canary/__tests__/verify-loop.test.ts[2m > [22m[2mREQ-CFA-042 — state.relayStunLossBps is READ as the classifier stunPacketLossBps arg[2m > [22m[2ma HIGH STUN prior ABSORBS a drop that a ZERO STUN prior PROMOTES (two-validator quorum on a shared board)
[22m[39m{"timestamp":"2026-06-20T08:06:54.106Z","level":"INFO","source":"frontend","module":"webrtc/sframe-transform","message":"encrypted frame","context":{"kid":9,"ctr":4,"byteLength":62,"codecOffset":10}}

[90mstdout[2m | apps/validator-daemon/src/canary/__tests__/verify-loop.test.ts[2m > [22m[2mREQ-CFA-042 — state.relayStunLossBps is READ as the classifier stunPacketLossBps arg[2m > [22m[2ma HIGH STUN prior ABSORBS a drop that a ZERO STUN prior PROMOTES (two-validator quorum on a shared board)
[22m[39m{"timestamp":"2026-06-20T08:06:54.106Z","level":"INFO","source":"frontend","module":"webrtc/sframe-transform","message":"encrypted frame","context":{"kid":9,"ctr":5,"byteLength":62,"codecOffset":10}}

[90mstdout[2m | apps/validator-daemon/src/canary/__tests__/verify-loop.test.ts[2m > [22m[2mREQ-CFA-042 — state.relayStunLossBps is READ as the classifier stunPacketLossBps arg[2m > [22m[2ma HIGH STUN prior ABSORBS a drop that a ZERO STUN prior PROMOTES (two-validator quorum on a shared board)
[22m[39m{"timestamp":"2026-06-20T08:06:54.107Z","level":"INFO","source":"frontend","module":"webrtc/sframe-transform","message":"encrypted frame","context":{"kid":9,"ctr":6,"byteLength":62,"codecOffset":10}}

[90mstdout[2m | apps/validator-daemon/src/canary/__tests__/verify-loop.test.ts[2m > [22m[2mREQ-CFA-042 — state.relayStunLossBps is READ as the classifier stunPacketLossBps arg[2m > [22m[2ma HIGH STUN prior ABSORBS a drop that a ZERO STUN prior PROMOTES (two-validator quorum on a shared board)
[22m[39m{"timestamp":"2026-06-20T08:06:54.111Z","level":"INFO","source":"frontend","module":"webrtc/sframe-transform","message":"encrypted frame","context":{"kid":9,"ctr":7,"byteLength":62,"codecOffset":10}}

{"level":30,"time":1781942814111,"pid":39960,"hostname":"Quang","name":"canary/verifier","canaryKid":9,"mediaPackets":7,"byteIdentical":7,"divergences":1,"msg":"canary forwarding verified"}
[90mstdout[2m | apps/validator-daemon/src/canary/__tests__/verify-loop.test.ts[2m > [22m[2mREQ-CFA-042 — state.relayStunLossBps is READ as the classifier stunPacketLossBps arg[2m > [22m[2ma HIGH STUN prior ABSORBS a drop that a ZERO STUN prior PROMOTES (two-validator quorum on a shared board)
[22m[39m{"timestamp":"2026-06-20T08:06:54.112Z","level":"INFO","source":"frontend","module":"webrtc/sframe-transform","message":"encrypted frame","context":{"kid":9,"ctr":0,"byteLength":62,"codecOffset":10}}

[90mstdout[2m | apps/validator-daemon/src/canary/__tests__/verify-loop.test.ts[2m > [22m[2mREQ-CFA-042 — state.relayStunLossBps is READ as the classifier stunPacketLossBps arg[2m > [22m[2ma HIGH STUN prior ABSORBS a drop that a ZERO STUN prior PROMOTES (two-validator quorum on a shared board)
[22m[39m{"timestamp":"2026-06-20T08:06:54.112Z","level":"INFO","source":"frontend","module":"webrtc/sframe-transform","message":"encrypted frame","context":{"kid":9,"ctr":1,"byteLength":62,"codecOffset":10}}

[90mstdout[2m | apps/validator-daemon/src/canary/__tests__/verify-loop.test.ts[2m > [22m[2mREQ-CFA-042 — state.relayStunLossBps is READ as the classifier stunPacketLossBps arg[2m > [22m[2ma HIGH STUN prior ABSORBS a drop that a ZERO STUN prior PROMOTES (two-validator quorum on a shared board)
[22m[39m{"timestamp":"2026-06-20T08:06:54.113Z","level":"INFO","source":"frontend","module":"webrtc/sframe-transform","message":"encrypted frame","context":{"kid":9,"ctr":2,"byteLength":62,"codecOffset":10}}

[90mstdout[2m | apps/validator-daemon/src/canary/__tests__/verify-loop.test.ts[2m > [22m[2mREQ-CFA-042 — state.relayStunLossBps is READ as the classifier stunPacketLossBps arg[2m > [22m[2ma HIGH STUN prior ABSORBS a drop that a ZERO STUN prior PROMOTES (two-validator quorum on a shared board)
[22m[39m{"timestamp":"2026-06-20T08:06:54.114Z","level":"INFO","source":"frontend","module":"webrtc/sframe-transform","message":"encrypted frame","context":{"kid":9,"ctr":3,"byteLength":62,"codecOffset":10}}

[90mstdout[2m | apps/validator-daemon/src/canary/__tests__/verify-loop.test.ts[2m > [22m[2mREQ-CFA-042 — state.relayStunLossBps is READ as the classifier stunPacketLossBps arg[2m > [22m[2ma HIGH STUN prior ABSORBS a drop that a ZERO STUN prior PROMOTES (two-validator quorum on a shared board)
[22m[39m{"timestamp":"2026-06-20T08:06:54.114Z","level":"INFO","source":"frontend","module":"webrtc/sframe-transform","message":"encrypted frame","context":{"kid":9,"ctr":4,"byteLength":62,"codecOffset":10}}

[90mstdout[2m | apps/validator-daemon/src/canary/__tests__/verify-loop.test.ts[2m > [22m[2mREQ-CFA-042 — state.relayStunLossBps is READ as the classifier stunPacketLossBps arg[2m > [22m[2ma HIGH STUN prior ABSORBS a drop that a ZERO STUN prior PROMOTES (two-validator quorum on a shared board)
[22m[39m{"timestamp":"2026-06-20T08:06:54.115Z","level":"INFO","source":"frontend","module":"webrtc/sframe-transform","message":"encrypted frame","context":{"kid":9,"ctr":5,"byteLength":62,"codecOffset":10}}

[90mstdout[2m | apps/validator-daemon/src/canary/__tests__/verify-loop.test.ts[2m > [22m[2mREQ-CFA-042 — state.relayStunLossBps is READ as the classifier stunPacketLossBps arg[2m > [22m[2ma HIGH STUN prior ABSORBS a drop that a ZERO STUN prior PROMOTES (two-validator quorum on a shared board)
[22m[39m{"timestamp":"2026-06-20T08:06:54.116Z","level":"INFO","source":"frontend","module":"webrtc/sframe-transform","message":"encrypted frame","context":{"kid":9,"ctr":6,"byteLength":62,"codecOffset":10}}

[90mstdout[2m | apps/validator-daemon/src/canary/__tests__/verify-loop.test.ts[2m > [22m[2mREQ-CFA-042 — state.relayStunLossBps is READ as the classifier stunPacketLossBps arg[2m > [22m[2ma HIGH STUN prior ABSORBS a drop that a ZERO STUN prior PROMOTES (two-validator quorum on a shared board)
[22m[39m{"timestamp":"2026-06-20T08:06:54.116Z","level":"INFO","source":"frontend","module":"webrtc/sframe-transform","message":"encrypted frame","context":{"kid":9,"ctr":7,"byteLength":62,"codecOffset":10}}

{"level":30,"time":1781942814116,"pid":39960,"hostname":"Quang","name":"canary/verifier","canaryKid":9,"mediaPackets":7,"byteIdentical":7,"divergences":1,"msg":"canary forwarding verified"}
{"level":30,"time":1781942814116,"pid":39960,"hostname":"Quang","name":"canary/loss-classifier","relayMinerId":"relay-under-audit","promoted":0,"absorbed":1,"tampers":0,"cumulativeCrossed":false,"msg":"canary divergences classified (drop gate / tamper p=1)"}
{"level":30,"time":1781942814116,"pid":39960,"hostname":"Quang","name":"canary/verify-loop","round":6,"relayMinerId":"relay-under-audit","roomId":"verify-loop-room","perReceiver":2,"promoted":0,"absorbed":1,"stunLossBps":"5000","msg":"canary verify round classified (hermetic half — synthetic capture, STUN read live)"}
[90mstdout[2m | apps/validator-daemon/src/canary/__tests__/verify-loop.test.ts[2m > [22m[2mREQ-CFA-042 — state.relayStunLossBps is READ as the classifier stunPacketLossBps arg[2m > [22m[2ma HIGH STUN prior ABSORBS a drop that a ZERO STUN prior PROMOTES (two-validator quorum on a shared board)
[22m[39m{"timestamp":"2026-06-20T08:06:54.117Z","level":"INFO","source":"frontend","module":"webrtc/sframe-transform","message":"encrypted frame","context":{"kid":9,"ctr":0,"byteLength":62,"codecOffset":10}}

[90mstdout[2m | apps/validator-daemon/src/canary/__tests__/verify-loop.test.ts[2m > [22m[2mREQ-CFA-042 — state.relayStunLossBps is READ as the classifier stunPacketLossBps arg[2m > [22m[2ma HIGH STUN prior ABSORBS a drop that a ZERO STUN prior PROMOTES (two-validator quorum on a shared board)
[22m[39m{"timestamp":"2026-06-20T08:06:54.118Z","level":"INFO","source":"frontend","module":"webrtc/sframe-transform","message":"encrypted frame","context":{"kid":9,"ctr":1,"byteLength":62,"codecOffset":10}}

[90mstdout[2m | apps/validator-daemon/src/canary/__tests__/verify-loop.test.ts[2m > [22m[2mREQ-CFA-042 — state.relayStunLossBps is READ as the classifier stunPacketLossBps arg[2m > [22m[2ma HIGH STUN prior ABSORBS a drop that a ZERO STUN prior PROMOTES (two-validator quorum on a shared board)
[22m[39m{"timestamp":"2026-06-20T08:06:54.119Z","level":"INFO","source":"frontend","module":"webrtc/sframe-transform","message":"encrypted frame","context":{"kid":9,"ctr":2,"byteLength":62,"codecOffset":10}}

[90mstdout[2m | apps/validator-daemon/src/canary/__tests__/verify-loop.test.ts[2m > [22m[2mREQ-CFA-042 — state.relayStunLossBps is READ as the classifier stunPacketLossBps arg[2m > [22m[2ma HIGH STUN prior ABSORBS a drop that a ZERO STUN prior PROMOTES (two-validator quorum on a shared board)
[22m[39m{"timestamp":"2026-06-20T08:06:54.119Z","level":"INFO","source":"frontend","module":"webrtc/sframe-transform","message":"encrypted frame","context":{"kid":9,"ctr":3,"byteLength":62,"codecOffset":10}}

[90mstdout[2m | apps/validator-daemon/src/canary/__tests__/verify-loop.test.ts[2m > [22m[2mREQ-CFA-042 — state.relayStunLossBps is READ as the classifier stunPacketLossBps arg[2m > [22m[2ma HIGH STUN prior ABSORBS a drop that a ZERO STUN prior PROMOTES (two-validator quorum on a shared board)
[22m[39m{"timestamp":"2026-06-20T08:06:54.120Z","level":"INFO","source":"frontend","module":"webrtc/sframe-transform","message":"encrypted frame","context":{"kid":9,"ctr":4,"byteLength":62,"codecOffset":10}}

[90mstdout[2m | apps/validator-daemon/src/canary/__tests__/verify-loop.test.ts[2m > [22m[2mREQ-CFA-042 — state.relayStunLossBps is READ as the classifier stunPacketLossBps arg[2m > [22m[2ma HIGH STUN prior ABSORBS a drop that a ZERO STUN prior PROMOTES (two-validator quorum on a shared board)
[22m[39m{"timestamp":"2026-06-20T08:06:54.120Z","level":"INFO","source":"frontend","module":"webrtc/sframe-transform","message":"encrypted frame","context":{"kid":9,"ctr":6,"byteLength":62,"codecOffset":10}}

[90mstdout[2m | apps/validator-daemon/src/canary/__tests__/verify-loop.test.ts[2m > [22m[2mREQ-CFA-042 — state.relayStunLossBps is READ as the classifier stunPacketLossBps arg[2m > [22m[2ma HIGH STUN prior ABSORBS a drop that a ZERO STUN prior PROMOTES (two-validator quorum on a shared board)
[22m[39m{"timestamp":"2026-06-20T08:06:54.120Z","level":"INFO","source":"frontend","module":"webrtc/sframe-transform","message":"encrypted frame","context":{"kid":9,"ctr":7,"byteLength":62,"codecOffset":10}}

[90mstdout[2m | apps/validator-daemon/src/canary/__tests__/verify-loop.test.ts[2m > [22m[2mREQ-CFA-042 — state.relayStunLossBps is READ as the classifier stunPacketLossBps arg[2m > [22m[2ma HIGH STUN prior ABSORBS a drop that a ZERO STUN prior PROMOTES (two-validator quorum on a shared board)
[22m[39m{"timestamp":"2026-06-20T08:06:54.121Z","level":"INFO","source":"frontend","module":"webrtc/sframe-transform","message":"encrypted frame","context":{"kid":9,"ctr":0,"byteLength":62,"codecOffset":10}}

[90mstdout[2m | apps/validator-daemon/src/canary/__tests__/verify-loop.test.ts[2m > [22m[2mREQ-CFA-042 — state.relayStunLossBps is READ as the classifier stunPacketLossBps arg[2m > [22m[2ma HIGH STUN prior ABSORBS a drop that a ZERO STUN prior PROMOTES (two-validator quorum on a shared board)
[22m[39m{"timestamp":"2026-06-20T08:06:54.121Z","level":"INFO","source":"frontend","module":"webrtc/sframe-transform","message":"encrypted frame","context":{"kid":9,"ctr":1,"byteLength":62,"codecOffset":10}}

[90mstdout[2m | apps/validator-daemon/src/canary/__tests__/verify-loop.test.ts[2m > [22m[2mREQ-CFA-042 — state.relayStunLossBps is READ as the classifier stunPacketLossBps arg[2m > [22m[2ma HIGH STUN prior ABSORBS a drop that a ZERO STUN prior PROMOTES (two-validator quorum on a shared board)
[22m[39m{"timestamp":"2026-06-20T08:06:54.122Z","level":"INFO","source":"frontend","module":"webrtc/sframe-transform","message":"encrypted frame","context":{"kid":9,"ctr":2,"byteLength":62,"codecOffset":10}}

[90mstdout[2m | apps/validator-daemon/src/canary/__tests__/verify-loop.test.ts[2m > [22m[2mREQ-CFA-042 — state.relayStunLossBps is READ as the classifier stunPacketLossBps arg[2m > [22m[2ma HIGH STUN prior ABSORBS a drop that a ZERO STUN prior PROMOTES (two-validator quorum on a shared board)
[22m[39m{"timestamp":"2026-06-20T08:06:54.123Z","level":"INFO","source":"frontend","module":"webrtc/sframe-transform","message":"encrypted frame","context":{"kid":9,"ctr":3,"byteLength":62,"codecOffset":10}}

[90mstdout[2m | apps/validator-daemon/src/canary/__tests__/verify-loop.test.ts[2m > [22m[2mREQ-CFA-042 — state.relayStunLossBps is READ as the classifier stunPacketLossBps arg[2m > [22m[2ma HIGH STUN prior ABSORBS a drop that a ZERO STUN prior PROMOTES (two-validator quorum on a shared board)
[22m[39m{"timestamp":"2026-06-20T08:06:54.123Z","level":"INFO","source":"frontend","module":"webrtc/sframe-transform","message":"encrypted frame","context":{"kid":9,"ctr":4,"byteLength":62,"codecOffset":10}}

[90mstdout[2m | apps/validator-daemon/src/canary/__tests__/verify-loop.test.ts[2m > [22m[2mREQ-CFA-042 — state.relayStunLossBps is READ as the classifier stunPacketLossBps arg[2m > [22m[2ma HIGH STUN prior ABSORBS a drop that a ZERO STUN prior PROMOTES (two-validator quorum on a shared board)
[22m[39m{"timestamp":"2026-06-20T08:06:54.124Z","level":"INFO","source":"frontend","module":"webrtc/sframe-transform","message":"encrypted frame","context":{"kid":9,"ctr":5,"byteLength":62,"codecOffset":10}}

[90mstdout[2m | apps/validator-daemon/src/canary/__tests__/verify-loop.test.ts[2m > [22m[2mREQ-CFA-042 — state.relayStunLossBps is READ as the classifier stunPacketLossBps arg[2m > [22m[2ma HIGH STUN prior ABSORBS a drop that a ZERO STUN prior PROMOTES (two-validator quorum on a shared board)
[22m[39m{"timestamp":"2026-06-20T08:06:54.126Z","level":"INFO","source":"frontend","module":"webrtc/sframe-transform","message":"encrypted frame","context":{"kid":9,"ctr":6,"byteLength":62,"codecOffset":10}}

[90mstdout[2m | apps/validator-daemon/src/canary/__tests__/verify-loop.test.ts[2m > [22m[2mREQ-CFA-042 — state.relayStunLossBps is READ as the classifier stunPacketLossBps arg[2m > [22m[2ma HIGH STUN prior ABSORBS a drop that a ZERO STUN prior PROMOTES (two-validator quorum on a shared board)
[22m[39m{"timestamp":"2026-06-20T08:06:54.126Z","level":"INFO","source":"frontend","module":"webrtc/sframe-transform","message":"encrypted frame","context":{"kid":9,"ctr":7,"byteLength":62,"codecOffset":10}}

{"level":30,"time":1781942814127,"pid":39960,"hostname":"Quang","name":"canary/verifier","canaryKid":9,"mediaPackets":7,"byteIdentical":7,"divergences":1,"msg":"canary forwarding verified"}
[90mstdout[2m | apps/validator-daemon/src/canary/__tests__/verify-loop.test.ts[2m > [22m[2mREQ-CFA-042 — state.relayStunLossBps is READ as the classifier stunPacketLossBps arg[2m > [22m[2ma HIGH STUN prior ABSORBS a drop that a ZERO STUN prior PROMOTES (two-validator quorum on a shared board)
[22m[39m{"timestamp":"2026-06-20T08:06:54.127Z","level":"INFO","source":"frontend","module":"webrtc/sframe-transform","message":"encrypted frame","context":{"kid":9,"ctr":0,"byteLength":62,"codecOffset":10}}

[90mstdout[2m | apps/validator-daemon/src/canary/__tests__/verify-loop.test.ts[2m > [22m[2mREQ-CFA-042 — state.relayStunLossBps is READ as the classifier stunPacketLossBps arg[2m > [22m[2ma HIGH STUN prior ABSORBS a drop that a ZERO STUN prior PROMOTES (two-validator quorum on a shared board)
[22m[39m{"timestamp":"2026-06-20T08:06:54.128Z","level":"INFO","source":"frontend","module":"webrtc/sframe-transform","message":"encrypted frame","context":{"kid":9,"ctr":1,"byteLength":62,"codecOffset":10}}

[90mstdout[2m | apps/validator-daemon/src/canary/__tests__/verify-loop.test.ts[2m > [22m[2mREQ-CFA-042 — state.relayStunLossBps is READ as the classifier stunPacketLossBps arg[2m > [22m[2ma HIGH STUN prior ABSORBS a drop that a ZERO STUN prior PROMOTES (two-validator quorum on a shared board)
[22m[39m{"timestamp":"2026-06-20T08:06:54.129Z","level":"INFO","source":"frontend","module":"webrtc/sframe-transform","message":"encrypted frame","context":{"kid":9,"ctr":2,"byteLength":62,"codecOffset":10}}

[90mstdout[2m | apps/validator-daemon/src/canary/__tests__/verify-loop.test.ts[2m > [22m[2mREQ-CFA-042 — state.relayStunLossBps is READ as the classifier stunPacketLossBps arg[2m > [22m[2ma HIGH STUN prior ABSORBS a drop that a ZERO STUN prior PROMOTES (two-validator quorum on a shared board)
[22m[39m{"timestamp":"2026-06-20T08:06:54.130Z","level":"INFO","source":"frontend","module":"webrtc/sframe-transform","message":"encrypted frame","context":{"kid":9,"ctr":3,"byteLength":62,"codecOffset":10}}

[90mstdout[2m | apps/validator-daemon/src/canary/__tests__/verify-loop.test.ts[2m > [22m[2mREQ-CFA-042 — state.relayStunLossBps is READ as the classifier stunPacketLossBps arg[2m > [22m[2ma HIGH STUN prior ABSORBS a drop that a ZERO STUN prior PROMOTES (two-validator quorum on a shared board)
[22m[39m{"timestamp":"2026-06-20T08:06:54.131Z","level":"INFO","source":"frontend","module":"webrtc/sframe-transform","message":"encrypted frame","context":{"kid":9,"ctr":4,"byteLength":62,"codecOffset":10}}

[90mstdout[2m | apps/validator-daemon/src/canary/__tests__/verify-loop.test.ts[2m > [22m[2mREQ-CFA-042 — state.relayStunLossBps is READ as the classifier stunPacketLossBps arg[2m > [22m[2ma HIGH STUN prior ABSORBS a drop that a ZERO STUN prior PROMOTES (two-validator quorum on a shared board)
[22m[39m{"timestamp":"2026-06-20T08:06:54.131Z","level":"INFO","source":"frontend","module":"webrtc/sframe-transform","message":"encrypted frame","context":{"kid":9,"ctr":5,"byteLength":62,"codecOffset":10}}

[90mstdout[2m | apps/validator-daemon/src/canary/__tests__/verify-loop.test.ts[2m > [22m[2mREQ-CFA-042 — state.relayStunLossBps is READ as the classifier stunPacketLossBps arg[2m > [22m[2ma HIGH STUN prior ABSORBS a drop that a ZERO STUN prior PROMOTES (two-validator quorum on a shared board)
[22m[39m{"timestamp":"2026-06-20T08:06:54.132Z","level":"INFO","source":"frontend","module":"webrtc/sframe-transform","message":"encrypted frame","context":{"kid":9,"ctr":6,"byteLength":62,"codecOffset":10}}

[90mstdout[2m | apps/validator-daemon/src/canary/__tests__/verify-loop.test.ts[2m > [22m[2mREQ-CFA-042 — state.relayStunLossBps is READ as the classifier stunPacketLossBps arg[2m > [22m[2ma HIGH STUN prior ABSORBS a drop that a ZERO STUN prior PROMOTES (two-validator quorum on a shared board)
[22m[39m{"timestamp":"2026-06-20T08:06:54.133Z","level":"INFO","source":"frontend","module":"webrtc/sframe-transform","message":"encrypted frame","context":{"kid":9,"ctr":7,"byteLength":62,"codecOffset":10}}

{"level":30,"time":1781942814133,"pid":39960,"hostname":"Quang","name":"canary/verifier","canaryKid":9,"mediaPackets":7,"byteIdentical":7,"divergences":1,"msg":"canary forwarding verified"}
{"level":30,"time":1781942814133,"pid":39960,"hostname":"Quang","name":"canary/loss-classifier","relayMinerId":"relay-under-audit","promoted":0,"absorbed":1,"tampers":0,"cumulativeCrossed":false,"msg":"canary divergences classified (drop gate / tamper p=1)"}
{"level":30,"time":1781942814133,"pid":39960,"hostname":"Quang","name":"canary/verify-loop","round":6,"relayMinerId":"relay-under-audit","roomId":"verify-loop-room","perReceiver":2,"promoted":0,"absorbed":1,"stunLossBps":"5000","msg":"canary verify round classified (hermetic half — synthetic capture, STUN read live)"}
[90mstdout[2m | apps/validator-daemon/src/canary/__tests__/verify-loop.test.ts[2m > [22m[2mREQ-CFA-042 — state.relayStunLossBps is READ as the classifier stunPacketLossBps arg[2m > [22m[2mthe submitted proof carries the audited relay + the diverged frameSeq + >=2 DISTINCT attesters
[22m[39m{"timestamp":"2026-06-20T08:06:54.137Z","level":"INFO","source":"frontend","module":"webrtc/sframe-transform","message":"encrypted frame","context":{"kid":9,"ctr":0,"byteLength":62,"codecOffset":10}}

[90mstdout[2m | apps/validator-daemon/src/canary/__tests__/verify-loop.test.ts[2m > [22m[2mREQ-CFA-042 — state.relayStunLossBps is READ as the classifier stunPacketLossBps arg[2m > [22m[2mthe submitted proof carries the audited relay + the diverged frameSeq + >=2 DISTINCT attesters
[22m[39m{"timestamp":"2026-06-20T08:06:54.138Z","level":"INFO","source":"frontend","module":"webrtc/sframe-transform","message":"encrypted frame","context":{"kid":9,"ctr":1,"byteLength":62,"codecOffset":10}}

[90mstdout[2m | apps/validator-daemon/src/canary/__tests__/verify-loop.test.ts[2m > [22m[2mREQ-CFA-042 — state.relayStunLossBps is READ as the classifier stunPacketLossBps arg[2m > [22m[2mthe submitted proof carries the audited relay + the diverged frameSeq + >=2 DISTINCT attesters
[22m[39m{"timestamp":"2026-06-20T08:06:54.139Z","level":"INFO","source":"frontend","module":"webrtc/sframe-transform","message":"encrypted frame","context":{"kid":9,"ctr":2,"byteLength":62,"codecOffset":10}}

[90mstdout[2m | apps/validator-daemon/src/canary/__tests__/verify-loop.test.ts[2m > [22m[2mREQ-CFA-042 — state.relayStunLossBps is READ as the classifier stunPacketLossBps arg[2m > [22m[2mthe submitted proof carries the audited relay + the diverged frameSeq + >=2 DISTINCT attesters
[22m[39m{"timestamp":"2026-06-20T08:06:54.140Z","level":"INFO","source":"frontend","module":"webrtc/sframe-transform","message":"encrypted frame","context":{"kid":9,"ctr":3,"byteLength":62,"codecOffset":10}}

[90mstdout[2m | apps/validator-daemon/src/canary/__tests__/verify-loop.test.ts[2m > [22m[2mREQ-CFA-042 — state.relayStunLossBps is READ as the classifier stunPacketLossBps arg[2m > [22m[2mthe submitted proof carries the audited relay + the diverged frameSeq + >=2 DISTINCT attesters
[22m[39m{"timestamp":"2026-06-20T08:06:54.140Z","level":"INFO","source":"frontend","module":"webrtc/sframe-transform","message":"encrypted frame","context":{"kid":9,"ctr":4,"byteLength":62,"codecOffset":10}}

[90mstdout[2m | apps/validator-daemon/src/canary/__tests__/verify-loop.test.ts[2m > [22m[2mREQ-CFA-042 — state.relayStunLossBps is READ as the classifier stunPacketLossBps arg[2m > [22m[2mthe submitted proof carries the audited relay + the diverged frameSeq + >=2 DISTINCT attesters
[22m[39m{"timestamp":"2026-06-20T08:06:54.141Z","level":"INFO","source":"frontend","module":"webrtc/sframe-transform","message":"encrypted frame","context":{"kid":9,"ctr":6,"byteLength":62,"codecOffset":10}}

[90mstdout[2m | apps/validator-daemon/src/canary/__tests__/verify-loop.test.ts[2m > [22m[2mREQ-CFA-042 — state.relayStunLossBps is READ as the classifier stunPacketLossBps arg[2m > [22m[2mthe submitted proof carries the audited relay + the diverged frameSeq + >=2 DISTINCT attesters
[22m[39m{"timestamp":"2026-06-20T08:06:54.141Z","level":"INFO","source":"frontend","module":"webrtc/sframe-transform","message":"encrypted frame","context":{"kid":9,"ctr":7,"byteLength":62,"codecOffset":10}}

[90mstdout[2m | apps/validator-daemon/src/canary/__tests__/verify-loop.test.ts[2m > [22m[2mREQ-CFA-042 — state.relayStunLossBps is READ as the classifier stunPacketLossBps arg[2m > [22m[2mthe submitted proof carries the audited relay + the diverged frameSeq + >=2 DISTINCT attesters
[22m[39m{"timestamp":"2026-06-20T08:06:54.142Z","level":"INFO","source":"frontend","module":"webrtc/sframe-transform","message":"encrypted frame","context":{"kid":9,"ctr":0,"byteLength":62,"codecOffset":10}}

[90mstdout[2m | apps/validator-daemon/src/canary/__tests__/verify-loop.test.ts[2m > [22m[2mREQ-CFA-042 — state.relayStunLossBps is READ as the classifier stunPacketLossBps arg[2m > [22m[2mthe submitted proof carries the audited relay + the diverged frameSeq + >=2 DISTINCT attesters
[22m[39m{"timestamp":"2026-06-20T08:06:54.143Z","level":"INFO","source":"frontend","module":"webrtc/sframe-transform","message":"encrypted frame","context":{"kid":9,"ctr":1,"byteLength":62,"codecOffset":10}}

[90mstdout[2m | apps/validator-daemon/src/canary/__tests__/verify-loop.test.ts[2m > [22m[2mREQ-CFA-042 — state.relayStunLossBps is READ as the classifier stunPacketLossBps arg[2m > [22m[2mthe submitted proof carries the audited relay + the diverged frameSeq + >=2 DISTINCT attesters
[22m[39m{"timestamp":"2026-06-20T08:06:54.143Z","level":"INFO","source":"frontend","module":"webrtc/sframe-transform","message":"encrypted frame","context":{"kid":9,"ctr":2,"byteLength":62,"codecOffset":10}}

[90mstdout[2m | apps/validator-daemon/src/canary/__tests__/verify-loop.test.ts[2m > [22m[2mREQ-CFA-042 — state.relayStunLossBps is READ as the classifier stunPacketLossBps arg[2m > [22m[2mthe submitted proof carries the audited relay + the diverged frameSeq + >=2 DISTINCT attesters
[22m[39m{"timestamp":"2026-06-20T08:06:54.144Z","level":"INFO","source":"frontend","module":"webrtc/sframe-transform","message":"encrypted frame","context":{"kid":9,"ctr":3,"byteLength":62,"codecOffset":10}}

[90mstdout[2m | apps/validator-daemon/src/canary/__tests__/verify-loop.test.ts[2m > [22m[2mREQ-CFA-042 — state.relayStunLossBps is READ as the classifier stunPacketLossBps arg[2m > [22m[2mthe submitted proof carries the audited relay + the diverged frameSeq + >=2 DISTINCT attesters
[22m[39m{"timestamp":"2026-06-20T08:06:54.144Z","level":"INFO","source":"frontend","module":"webrtc/sframe-transform","message":"encrypted frame","context":{"kid":9,"ctr":4,"byteLength":62,"codecOffset":10}}

[90mstdout[2m | apps/validator-daemon/src/canary/__tests__/verify-loop.test.ts[2m > [22m[2mREQ-CFA-042 — state.relayStunLossBps is READ as the classifier stunPacketLossBps arg[2m > [22m[2mthe submitted proof carries the audited relay + the diverged frameSeq + >=2 DISTINCT attesters
[22m[39m{"timestamp":"2026-06-20T08:06:54.145Z","level":"INFO","source":"frontend","module":"webrtc/sframe-transform","message":"encrypted frame","context":{"kid":9,"ctr":5,"byteLength":62,"codecOffset":10}}

[90mstdout[2m | apps/validator-daemon/src/canary/__tests__/verify-loop.test.ts[2m > [22m[2mREQ-CFA-042 — state.relayStunLossBps is READ as the classifier stunPacketLossBps arg[2m > [22m[2mthe submitted proof carries the audited relay + the diverged frameSeq + >=2 DISTINCT attesters
[22m[39m{"timestamp":"2026-06-20T08:06:54.146Z","level":"INFO","source":"frontend","module":"webrtc/sframe-transform","message":"encrypted frame","context":{"kid":9,"ctr":6,"byteLength":62,"codecOffset":10}}

[90mstdout[2m | apps/validator-daemon/src/canary/__tests__/verify-loop.test.ts[2m > [22m[2mREQ-CFA-042 — state.relayStunLossBps is READ as the classifier stunPacketLossBps arg[2m > [22m[2mthe submitted proof carries the audited relay + the diverged frameSeq + >=2 DISTINCT attesters
[22m[39m{"timestamp":"2026-06-20T08:06:54.147Z","level":"INFO","source":"frontend","module":"webrtc/sframe-transform","message":"encrypted frame","context":{"kid":9,"ctr":7,"byteLength":62,"codecOffset":10}}

{"level":30,"time":1781942814147,"pid":39960,"hostname":"Quang","name":"canary/verifier","canaryKid":9,"mediaPackets":7,"byteIdentical":7,"divergences":1,"msg":"canary forwarding verified"}
[90mstdout[2m | apps/validator-daemon/src/canary/__tests__/verify-loop.test.ts[2m > [22m[2mREQ-CFA-042 — state.relayStunLossBps is READ as the classifier stunPacketLossBps arg[2m > [22m[2mthe submitted proof carries the audited relay + the diverged frameSeq + >=2 DISTINCT attesters
[22m[39m{"timestamp":"2026-06-20T08:06:54.148Z","level":"INFO","source":"frontend","module":"webrtc/sframe-transform","message":"encrypted frame","context":{"kid":9,"ctr":0,"byteLength":62,"codecOffset":10}}

[90mstdout[2m | apps/validator-daemon/src/canary/__tests__/verify-loop.test.ts[2m > [22m[2mREQ-CFA-042 — state.relayStunLossBps is READ as the classifier stunPacketLossBps arg[2m > [22m[2mthe submitted proof carries the audited relay + the diverged frameSeq + >=2 DISTINCT attesters
[22m[39m{"timestamp":"2026-06-20T08:06:54.148Z","level":"INFO","source":"frontend","module":"webrtc/sframe-transform","message":"encrypted frame","context":{"kid":9,"ctr":1,"byteLength":62,"codecOffset":10}}

[90mstdout[2m | apps/validator-daemon/src/canary/__tests__/verify-loop.test.ts[2m > [22m[2mREQ-CFA-042 — state.relayStunLossBps is READ as the classifier stunPacketLossBps arg[2m > [22m[2mthe submitted proof carries the audited relay + the diverged frameSeq + >=2 DISTINCT attesters
[22m[39m{"timestamp":"2026-06-20T08:06:54.149Z","level":"INFO","source":"frontend","module":"webrtc/sframe-transform","message":"encrypted frame","context":{"kid":9,"ctr":2,"byteLength":62,"codecOffset":10}}

[90mstdout[2m | apps/validator-daemon/src/canary/__tests__/verify-loop.test.ts[2m > [22m[2mREQ-CFA-042 — state.relayStunLossBps is READ as the classifier stunPacketLossBps arg[2m > [22m[2mthe submitted proof carries the audited relay + the diverged frameSeq + >=2 DISTINCT attesters
[22m[39m{"timestamp":"2026-06-20T08:06:54.149Z","level":"INFO","source":"frontend","module":"webrtc/sframe-transform","message":"encrypted frame","context":{"kid":9,"ctr":3,"byteLength":62,"codecOffset":10}}

[90mstdout[2m | apps/validator-daemon/src/canary/__tests__/verify-loop.test.ts[2m > [22m[2mREQ-CFA-042 — state.relayStunLossBps is READ as the classifier stunPacketLossBps arg[2m > [22m[2mthe submitted proof carries the audited relay + the diverged frameSeq + >=2 DISTINCT attesters
[22m[39m{"timestamp":"2026-06-20T08:06:54.150Z","level":"INFO","source":"frontend","module":"webrtc/sframe-transform","message":"encrypted frame","context":{"kid":9,"ctr":4,"byteLength":62,"codecOffset":10}}

[90mstdout[2m | apps/validator-daemon/src/canary/__tests__/verify-loop.test.ts[2m > [22m[2mREQ-CFA-042 — state.relayStunLossBps is READ as the classifier stunPacketLossBps arg[2m > [22m[2mthe submitted proof carries the audited relay + the diverged frameSeq + >=2 DISTINCT attesters
[22m[39m{"timestamp":"2026-06-20T08:06:54.150Z","level":"INFO","source":"frontend","module":"webrtc/sframe-transform","message":"encrypted frame","context":{"kid":9,"ctr":5,"byteLength":62,"codecOffset":10}}

[90mstdout[2m | apps/validator-daemon/src/canary/__tests__/verify-loop.test.ts[2m > [22m[2mREQ-CFA-042 — state.relayStunLossBps is READ as the classifier stunPacketLossBps arg[2m > [22m[2mthe submitted proof carries the audited relay + the diverged frameSeq + >=2 DISTINCT attesters
[22m[39m{"timestamp":"2026-06-20T08:06:54.151Z","level":"INFO","source":"frontend","module":"webrtc/sframe-transform","message":"encrypted frame","context":{"kid":9,"ctr":6,"byteLength":62,"codecOffset":10}}

[90mstdout[2m | apps/validator-daemon/src/canary/__tests__/verify-loop.test.ts[2m > [22m[2mREQ-CFA-042 — state.relayStunLossBps is READ as the classifier stunPacketLossBps arg[2m > [22m[2mthe submitted proof carries the audited relay + the diverged frameSeq + >=2 DISTINCT attesters
[22m[39m{"timestamp":"2026-06-20T08:06:54.151Z","level":"INFO","source":"frontend","module":"webrtc/sframe-transform","message":"encrypted frame","context":{"kid":9,"ctr":7,"byteLength":62,"codecOffset":10}}

{"level":30,"time":1781942814152,"pid":39960,"hostname":"Quang","name":"canary/verifier","canaryKid":9,"mediaPackets":7,"byteIdentical":7,"divergences":1,"msg":"canary forwarding verified"}
{"level":30,"time":1781942814152,"pid":39960,"hostname":"Quang","name":"canary/loss-classifier","relayMinerId":"relay-under-audit","promoted":0,"absorbed":1,"tampers":0,"cumulativeCrossed":false,"msg":"canary divergences classified (drop gate / tamper p=1)"}
{"level":30,"time":1781942814152,"pid":39960,"hostname":"Quang","name":"canary/verify-loop","round":0,"relayMinerId":"relay-under-audit","roomId":"verify-loop-room","perReceiver":2,"promoted":0,"absorbed":1,"stunLossBps":"0","msg":"canary verify round classified (hermetic half — synthetic capture, STUN read live)"}
[90mstdout[2m | apps/validator-daemon/src/canary/__tests__/verify-loop.test.ts[2m > [22m[2mREQ-CFA-042 — state.relayStunLossBps is READ as the classifier stunPacketLossBps arg[2m > [22m[2mthe submitted proof carries the audited relay + the diverged frameSeq + >=2 DISTINCT attesters
[22m[39m{"timestamp":"2026-06-20T08:06:54.153Z","level":"INFO","source":"frontend","module":"webrtc/sframe-transform","message":"encrypted frame","context":{"kid":9,"ctr":0,"byteLength":62,"codecOffset":10}}

[90mstdout[2m | apps/validator-daemon/src/canary/__tests__/verify-loop.test.ts[2m > [22m[2mREQ-CFA-042 — state.relayStunLossBps is READ as the classifier stunPacketLossBps arg[2m > [22m[2mthe submitted proof carries the audited relay + the diverged frameSeq + >=2 DISTINCT attesters
[22m[39m{"timestamp":"2026-06-20T08:06:54.154Z","level":"INFO","source":"frontend","module":"webrtc/sframe-transform","message":"encrypted frame","context":{"kid":9,"ctr":1,"byteLength":62,"codecOffset":10}}

[90mstdout[2m | apps/validator-daemon/src/canary/__tests__/verify-loop.test.ts[2m > [22m[2mREQ-CFA-042 — state.relayStunLossBps is READ as the classifier stunPacketLossBps arg[2m > [22m[2mthe submitted proof carries the audited relay + the diverged frameSeq + >=2 DISTINCT attesters
[22m[39m{"timestamp":"2026-06-20T08:06:54.154Z","level":"INFO","source":"frontend","module":"webrtc/sframe-transform","message":"encrypted frame","context":{"kid":9,"ctr":2,"byteLength":62,"codecOffset":10}}

[90mstdout[2m | apps/validator-daemon/src/canary/__tests__/verify-loop.test.ts[2m > [22m[2mREQ-CFA-042 — state.relayStunLossBps is READ as the classifier stunPacketLossBps arg[2m > [22m[2mthe submitted proof carries the audited relay + the diverged frameSeq + >=2 DISTINCT attesters
[22m[39m{"timestamp":"2026-06-20T08:06:54.155Z","level":"INFO","source":"frontend","module":"webrtc/sframe-transform","message":"encrypted frame","context":{"kid":9,"ctr":3,"byteLength":62,"codecOffset":10}}

[90mstdout[2m | apps/validator-daemon/src/canary/__tests__/verify-loop.test.ts[2m > [22m[2mREQ-CFA-042 — state.relayStunLossBps is READ as the classifier stunPacketLossBps arg[2m > [22m[2mthe submitted proof carries the audited relay + the diverged frameSeq + >=2 DISTINCT attesters
[22m[39m{"timestamp":"2026-06-20T08:06:54.156Z","level":"INFO","source":"frontend","module":"webrtc/sframe-transform","message":"encrypted frame","context":{"kid":9,"ctr":4,"byteLength":62,"codecOffset":10}}

[90mstdout[2m | apps/validator-daemon/src/canary/__tests__/verify-loop.test.ts[2m > [22m[2mREQ-CFA-042 — state.relayStunLossBps is READ as the classifier stunPacketLossBps arg[2m > [22m[2mthe submitted proof carries the audited relay + the diverged frameSeq + >=2 DISTINCT attesters
[22m[39m{"timestamp":"2026-06-20T08:06:54.156Z","level":"INFO","source":"frontend","module":"webrtc/sframe-transform","message":"encrypted frame","context":{"kid":9,"ctr":6,"byteLength":62,"codecOffset":10}}

[90mstdout[2m | apps/validator-daemon/src/canary/__tests__/verify-loop.test.ts[2m > [22m[2mREQ-CFA-042 — state.relayStunLossBps is READ as the classifier stunPacketLossBps arg[2m > [22m[2mthe submitted proof carries the audited relay + the diverged frameSeq + >=2 DISTINCT attesters
[22m[39m{"timestamp":"2026-06-20T08:06:54.157Z","level":"INFO","source":"frontend","module":"webrtc/sframe-transform","message":"encrypted frame","context":{"kid":9,"ctr":7,"byteLength":62,"codecOffset":10}}

[90mstdout[2m | apps/validator-daemon/src/canary/__tests__/verify-loop.test.ts[2m > [22m[2mREQ-CFA-042 — state.relayStunLossBps is READ as the classifier stunPacketLossBps arg[2m > [22m[2mthe submitted proof carries the audited relay + the diverged frameSeq + >=2 DISTINCT attesters
[22m[39m{"timestamp":"2026-06-20T08:06:54.158Z","level":"INFO","source":"frontend","module":"webrtc/sframe-transform","message":"encrypted frame","context":{"kid":9,"ctr":0,"byteLength":62,"codecOffset":10}}

[90mstdout[2m | apps/validator-daemon/src/canary/__tests__/verify-loop.test.ts[2m > [22m[2mREQ-CFA-042 — state.relayStunLossBps is READ as the classifier stunPacketLossBps arg[2m > [22m[2mthe submitted proof carries the audited relay + the diverged frameSeq + >=2 DISTINCT attesters
[22m[39m{"timestamp":"2026-06-20T08:06:54.159Z","level":"INFO","source":"frontend","module":"webrtc/sframe-transform","message":"encrypted frame","context":{"kid":9,"ctr":1,"byteLength":62,"codecOffset":10}}

[90mstdout[2m | apps/validator-daemon/src/canary/__tests__/verify-loop.test.ts[2m > [22m[2mREQ-CFA-042 — state.relayStunLossBps is READ as the classifier stunPacketLossBps arg[2m > [22m[2mthe submitted proof carries the audited relay + the diverged frameSeq + >=2 DISTINCT attesters
[22m[39m{"timestamp":"2026-06-20T08:06:54.160Z","level":"INFO","source":"frontend","module":"webrtc/sframe-transform","message":"encrypted frame","context":{"kid":9,"ctr":2,"byteLength":62,"codecOffset":10}}

[90mstdout[2m | apps/validator-daemon/src/canary/__tests__/verify-loop.test.ts[2m > [22m[2mREQ-CFA-042 — state.relayStunLossBps is READ as the classifier stunPacketLossBps arg[2m > [22m[2mthe submitted proof carries the audited relay + the diverged frameSeq + >=2 DISTINCT attesters
[22m[39m{"timestamp":"2026-06-20T08:06:54.161Z","level":"INFO","source":"frontend","module":"webrtc/sframe-transform","message":"encrypted frame","context":{"kid":9,"ctr":3,"byteLength":62,"codecOffset":10}}

[90mstdout[2m | apps/validator-daemon/src/canary/__tests__/verify-loop.test.ts[2m > [22m[2mREQ-CFA-042 — state.relayStunLossBps is READ as the classifier stunPacketLossBps arg[2m > [22m[2mthe submitted proof carries the audited relay + the diverged frameSeq + >=2 DISTINCT attesters
[22m[39m{"timestamp":"2026-06-20T08:06:54.162Z","level":"INFO","source":"frontend","module":"webrtc/sframe-transform","message":"encrypted frame","context":{"kid":9,"ctr":4,"byteLength":62,"codecOffset":10}}

[90mstdout[2m | apps/validator-daemon/src/canary/__tests__/verify-loop.test.ts[2m > [22m[2mREQ-CFA-042 — state.relayStunLossBps is READ as the classifier stunPacketLossBps arg[2m > [22m[2mthe submitted proof carries the audited relay + the diverged frameSeq + >=2 DISTINCT attesters
[22m[39m{"timestamp":"2026-06-20T08:06:54.163Z","level":"INFO","source":"frontend","module":"webrtc/sframe-transform","message":"encrypted frame","context":{"kid":9,"ctr":5,"byteLength":62,"codecOffset":10}}

[90mstdout[2m | apps/validator-daemon/src/canary/__tests__/verify-loop.test.ts[2m > [22m[2mREQ-CFA-042 — state.relayStunLossBps is READ as the classifier stunPacketLossBps arg[2m > [22m[2mthe submitted proof carries the audited relay + the diverged frameSeq + >=2 DISTINCT attesters
[22m[39m{"timestamp":"2026-06-20T08:06:54.163Z","level":"INFO","source":"frontend","module":"webrtc/sframe-transform","message":"encrypted frame","context":{"kid":9,"ctr":6,"byteLength":62,"codecOffset":10}}

[90mstdout[2m | apps/validator-daemon/src/canary/__tests__/verify-loop.test.ts[2m > [22m[2mREQ-CFA-042 — state.relayStunLossBps is READ as the classifier stunPacketLossBps arg[2m > [22m[2mthe submitted proof carries the audited relay + the diverged frameSeq + >=2 DISTINCT attesters
[22m[39m{"timestamp":"2026-06-20T08:06:54.164Z","level":"INFO","source":"frontend","module":"webrtc/sframe-transform","message":"encrypted frame","context":{"kid":9,"ctr":7,"byteLength":62,"codecOffset":10}}

{"level":30,"time":1781942814164,"pid":39960,"hostname":"Quang","name":"canary/verifier","canaryKid":9,"mediaPackets":7,"byteIdentical":7,"divergences":1,"msg":"canary forwarding verified"}
[90mstdout[2m | apps/validator-daemon/src/canary/__tests__/verify-loop.test.ts[2m > [22m[2mREQ-CFA-042 — state.relayStunLossBps is READ as the classifier stunPacketLossBps arg[2m > [22m[2mthe submitted proof carries the audited relay + the diverged frameSeq + >=2 DISTINCT attesters
[22m[39m{"timestamp":"2026-06-20T08:06:54.164Z","level":"INFO","source":"frontend","module":"webrtc/sframe-transform","message":"encrypted frame","context":{"kid":9,"ctr":0,"byteLength":62,"codecOffset":10}}

[90mstdout[2m | apps/validator-daemon/src/canary/__tests__/verify-loop.test.ts[2m > [22m[2mREQ-CFA-042 — state.relayStunLossBps is READ as the classifier stunPacketLossBps arg[2m > [22m[2mthe submitted proof carries the audited relay + the diverged frameSeq + >=2 DISTINCT attesters
[22m[39m{"timestamp":"2026-06-20T08:06:54.165Z","level":"INFO","source":"frontend","module":"webrtc/sframe-transform","message":"encrypted frame","context":{"kid":9,"ctr":1,"byteLength":62,"codecOffset":10}}

[90mstdout[2m | apps/validator-daemon/src/canary/__tests__/verify-loop.test.ts[2m > [22m[2mREQ-CFA-042 — state.relayStunLossBps is READ as the classifier stunPacketLossBps arg[2m > [22m[2mthe submitted proof carries the audited relay + the diverged frameSeq + >=2 DISTINCT attesters
[22m[39m{"timestamp":"2026-06-20T08:06:54.166Z","level":"INFO","source":"frontend","module":"webrtc/sframe-transform","message":"encrypted frame","context":{"kid":9,"ctr":2,"byteLength":62,"codecOffset":10}}

[90mstdout[2m | apps/validator-daemon/src/canary/__tests__/verify-loop.test.ts[2m > [22m[2mREQ-CFA-042 — state.relayStunLossBps is READ as the classifier stunPacketLossBps arg[2m > [22m[2mthe submitted proof carries the audited relay + the diverged frameSeq + >=2 DISTINCT attesters
[22m[39m{"timestamp":"2026-06-20T08:06:54.167Z","level":"INFO","source":"frontend","module":"webrtc/sframe-transform","message":"encrypted frame","context":{"kid":9,"ctr":3,"byteLength":62,"codecOffset":10}}

[90mstdout[2m | apps/validator-daemon/src/canary/__tests__/verify-loop.test.ts[2m > [22m[2mREQ-CFA-042 — state.relayStunLossBps is READ as the classifier stunPacketLossBps arg[2m > [22m[2mthe submitted proof carries the audited relay + the diverged frameSeq + >=2 DISTINCT attesters
[22m[39m{"timestamp":"2026-06-20T08:06:54.167Z","level":"INFO","source":"frontend","module":"webrtc/sframe-transform","message":"encrypted frame","context":{"kid":9,"ctr":4,"byteLength":62,"codecOffset":10}}

[90mstdout[2m | apps/validator-daemon/src/canary/__tests__/verify-loop.test.ts[2m > [22m[2mREQ-CFA-042 — state.relayStunLossBps is READ as the classifier stunPacketLossBps arg[2m > [22m[2mthe submitted proof carries the audited relay + the diverged frameSeq + >=2 DISTINCT attesters
[22m[39m{"timestamp":"2026-06-20T08:06:54.168Z","level":"INFO","source":"frontend","module":"webrtc/sframe-transform","message":"encrypted frame","context":{"kid":9,"ctr":5,"byteLength":62,"codecOffset":10}}

[90mstdout[2m | apps/validator-daemon/src/canary/__tests__/verify-loop.test.ts[2m > [22m[2mREQ-CFA-042 — state.relayStunLossBps is READ as the classifier stunPacketLossBps arg[2m > [22m[2mthe submitted proof carries the audited relay + the diverged frameSeq + >=2 DISTINCT attesters
[22m[39m{"timestamp":"2026-06-20T08:06:54.169Z","level":"INFO","source":"frontend","module":"webrtc/sframe-transform","message":"encrypted frame","context":{"kid":9,"ctr":6,"byteLength":62,"codecOffset":10}}

[90mstdout[2m | apps/validator-daemon/src/canary/__tests__/verify-loop.test.ts[2m > [22m[2mREQ-CFA-042 — state.relayStunLossBps is READ as the classifier stunPacketLossBps arg[2m > [22m[2mthe submitted proof carries the audited relay + the diverged frameSeq + >=2 DISTINCT attesters
[22m[39m{"timestamp":"2026-06-20T08:06:54.170Z","level":"INFO","source":"frontend","module":"webrtc/sframe-transform","message":"encrypted frame","context":{"kid":9,"ctr":7,"byteLength":62,"codecOffset":10}}

{"level":30,"time":1781942814170,"pid":39960,"hostname":"Quang","name":"canary/verifier","canaryKid":9,"mediaPackets":7,"byteIdentical":7,"divergences":1,"msg":"canary forwarding verified"}
{"level":30,"time":1781942814170,"pid":39960,"hostname":"Quang","name":"canary/loss-classifier","relayMinerId":"relay-under-audit","promoted":0,"absorbed":1,"tampers":0,"cumulativeCrossed":false,"msg":"canary divergences classified (drop gate / tamper p=1)"}
{"level":30,"time":1781942814170,"pid":39960,"hostname":"Quang","name":"canary/verify-loop","round":0,"relayMinerId":"relay-under-audit","roomId":"verify-loop-room","perReceiver":2,"promoted":0,"absorbed":1,"stunLossBps":"0","msg":"canary verify round classified (hermetic half — synthetic capture, STUN read live)"}
[90mstdout[2m | apps/validator-daemon/src/canary/__tests__/verify-loop.test.ts[2m > [22m[2mREQ-CFA-042 — state.relayStunLossBps is READ as the classifier stunPacketLossBps arg[2m > [22m[2mthe submitted proof carries the audited relay + the diverged frameSeq + >=2 DISTINCT attesters
[22m[39m{"timestamp":"2026-06-20T08:06:54.171Z","level":"INFO","source":"frontend","module":"webrtc/sframe-transform","message":"encrypted frame","context":{"kid":9,"ctr":0,"byteLength":62,"codecOffset":10}}

[90mstdout[2m | apps/validator-daemon/src/canary/__tests__/verify-loop.test.ts[2m > [22m[2mREQ-CFA-042 — state.relayStunLossBps is READ as the classifier stunPacketLossBps arg[2m > [22m[2mthe submitted proof carries the audited relay + the diverged frameSeq + >=2 DISTINCT attesters
[22m[39m{"timestamp":"2026-06-20T08:06:54.172Z","level":"INFO","source":"frontend","module":"webrtc/sframe-transform","message":"encrypted frame","context":{"kid":9,"ctr":1,"byteLength":62,"codecOffset":10}}

[90mstdout[2m | apps/validator-daemon/src/canary/__tests__/verify-loop.test.ts[2m > [22m[2mREQ-CFA-042 — state.relayStunLossBps is READ as the classifier stunPacketLossBps arg[2m > [22m[2mthe submitted proof carries the audited relay + the diverged frameSeq + >=2 DISTINCT attesters
[22m[39m{"timestamp":"2026-06-20T08:06:54.173Z","level":"INFO","source":"frontend","module":"webrtc/sframe-transform","message":"encrypted frame","context":{"kid":9,"ctr":2,"byteLength":62,"codecOffset":10}}

[90mstdout[2m | apps/validator-daemon/src/canary/__tests__/verify-loop.test.ts[2m > [22m[2mREQ-CFA-042 — state.relayStunLossBps is READ as the classifier stunPacketLossBps arg[2m > [22m[2mthe submitted proof carries the audited relay + the diverged frameSeq + >=2 DISTINCT attesters
[22m[39m{"timestamp":"2026-06-20T08:06:54.174Z","level":"INFO","source":"frontend","module":"webrtc/sframe-transform","message":"encrypted frame","context":{"kid":9,"ctr":3,"byteLength":62,"codecOffset":10}}

[90mstdout[2m | apps/validator-daemon/src/canary/__tests__/verify-loop.test.ts[2m > [22m[2mREQ-CFA-042 — state.relayStunLossBps is READ as the classifier stunPacketLossBps arg[2m > [22m[2mthe submitted proof carries the audited relay + the diverged frameSeq + >=2 DISTINCT attesters
[22m[39m{"timestamp":"2026-06-20T08:06:54.175Z","level":"INFO","source":"frontend","module":"webrtc/sframe-transform","message":"encrypted frame","context":{"kid":9,"ctr":4,"byteLength":62,"codecOffset":10}}

[90mstdout[2m | apps/validator-daemon/src/canary/__tests__/verify-loop.test.ts[2m > [22m[2mREQ-CFA-042 — state.relayStunLossBps is READ as the classifier stunPacketLossBps arg[2m > [22m[2mthe submitted proof carries the audited relay + the diverged frameSeq + >=2 DISTINCT attesters
[22m[39m{"timestamp":"2026-06-20T08:06:54.175Z","level":"INFO","source":"frontend","module":"webrtc/sframe-transform","message":"encrypted frame","context":{"kid":9,"ctr":6,"byteLength":62,"codecOffset":10}}

[90mstdout[2m | apps/validator-daemon/src/canary/__tests__/verify-loop.test.ts[2m > [22m[2mREQ-CFA-042 — state.relayStunLossBps is READ as the classifier stunPacketLossBps arg[2m > [22m[2mthe submitted proof carries the audited relay + the diverged frameSeq + >=2 DISTINCT attesters
[22m[39m{"timestamp":"2026-06-20T08:06:54.176Z","level":"INFO","source":"frontend","module":"webrtc/sframe-transform","message":"encrypted frame","context":{"kid":9,"ctr":7,"byteLength":62,"codecOffset":10}}

[90mstdout[2m | apps/validator-daemon/src/canary/__tests__/verify-loop.test.ts[2m > [22m[2mREQ-CFA-042 — state.relayStunLossBps is READ as the classifier stunPacketLossBps arg[2m > [22m[2mthe submitted proof carries the audited relay + the diverged frameSeq + >=2 DISTINCT attesters
[22m[39m{"timestamp":"2026-06-20T08:06:54.177Z","level":"INFO","source":"frontend","module":"webrtc/sframe-transform","message":"encrypted frame","context":{"kid":9,"ctr":0,"byteLength":62,"codecOffset":10}}

[90mstdout[2m | apps/validator-daemon/src/canary/__tests__/verify-loop.test.ts[2m > [22m[2mREQ-CFA-042 — state.relayStunLossBps is READ as the classifier stunPacketLossBps arg[2m > [22m[2mthe submitted proof carries the audited relay + the diverged frameSeq + >=2 DISTINCT attesters
[22m[39m{"timestamp":"2026-06-20T08:06:54.178Z","level":"INFO","source":"frontend","module":"webrtc/sframe-transform","message":"encrypted frame","context":{"kid":9,"ctr":1,"byteLength":62,"codecOffset":10}}

[90mstdout[2m | apps/validator-daemon/src/canary/__tests__/verify-loop.test.ts[2m > [22m[2mREQ-CFA-042 — state.relayStunLossBps is READ as the classifier stunPacketLossBps arg[2m > [22m[2mthe submitted proof carries the audited relay + the diverged frameSeq + >=2 DISTINCT attesters
[22m[39m{"timestamp":"2026-06-20T08:06:54.179Z","level":"INFO","source":"frontend","module":"webrtc/sframe-transform","message":"encrypted frame","context":{"kid":9,"ctr":2,"byteLength":62,"codecOffset":10}}

[90mstdout[2m | apps/validator-daemon/src/canary/__tests__/verify-loop.test.ts[2m > [22m[2mREQ-CFA-042 — state.relayStunLossBps is READ as the classifier stunPacketLossBps arg[2m > [22m[2mthe submitted proof carries the audited relay + the diverged frameSeq + >=2 DISTINCT attesters
[22m[39m{"timestamp":"2026-06-20T08:06:54.180Z","level":"INFO","source":"frontend","module":"webrtc/sframe-transform","message":"encrypted frame","context":{"kid":9,"ctr":3,"byteLength":62,"codecOffset":10}}

[90mstdout[2m | apps/validator-daemon/src/canary/__tests__/verify-loop.test.ts[2m > [22m[2mREQ-CFA-042 — state.relayStunLossBps is READ as the classifier stunPacketLossBps arg[2m > [22m[2mthe submitted proof carries the audited relay + the diverged frameSeq + >=2 DISTINCT attesters
[22m[39m{"timestamp":"2026-06-20T08:06:54.180Z","level":"INFO","source":"frontend","module":"webrtc/sframe-transform","message":"encrypted frame","context":{"kid":9,"ctr":4,"byteLength":62,"codecOffset":10}}

[90mstdout[2m | apps/validator-daemon/src/canary/__tests__/verify-loop.test.ts[2m > [22m[2mREQ-CFA-042 — state.relayStunLossBps is READ as the classifier stunPacketLossBps arg[2m > [22m[2mthe submitted proof carries the audited relay + the diverged frameSeq + >=2 DISTINCT attesters
[22m[39m{"timestamp":"2026-06-20T08:06:54.181Z","level":"INFO","source":"frontend","module":"webrtc/sframe-transform","message":"encrypted frame","context":{"kid":9,"ctr":5,"byteLength":62,"codecOffset":10}}

[90mstdout[2m | apps/validator-daemon/src/canary/__tests__/verify-loop.test.ts[2m > [22m[2mREQ-CFA-042 — state.relayStunLossBps is READ as the classifier stunPacketLossBps arg[2m > [22m[2mthe submitted proof carries the audited relay + the diverged frameSeq + >=2 DISTINCT attesters
[22m[39m{"timestamp":"2026-06-20T08:06:54.182Z","level":"INFO","source":"frontend","module":"webrtc/sframe-transform","message":"encrypted frame","context":{"kid":9,"ctr":6,"byteLength":62,"codecOffset":10}}

[90mstdout[2m | apps/validator-daemon/src/canary/__tests__/verify-loop.test.ts[2m > [22m[2mREQ-CFA-042 — state.relayStunLossBps is READ as the classifier stunPacketLossBps arg[2m > [22m[2mthe submitted proof carries the audited relay + the diverged frameSeq + >=2 DISTINCT attesters
[22m[39m{"timestamp":"2026-06-20T08:06:54.183Z","level":"INFO","source":"frontend","module":"webrtc/sframe-transform","message":"encrypted frame","context":{"kid":9,"ctr":7,"byteLength":62,"codecOffset":10}}

{"level":30,"time":1781942814183,"pid":39960,"hostname":"Quang","name":"canary/verifier","canaryKid":9,"mediaPackets":7,"byteIdentical":7,"divergences":1,"msg":"canary forwarding verified"}
[90mstdout[2m | apps/validator-daemon/src/canary/__tests__/verify-loop.test.ts[2m > [22m[2mREQ-CFA-042 — state.relayStunLossBps is READ as the classifier stunPacketLossBps arg[2m > [22m[2mthe submitted proof carries the audited relay + the diverged frameSeq + >=2 DISTINCT attesters
[22m[39m{"timestamp":"2026-06-20T08:06:54.184Z","level":"INFO","source":"frontend","module":"webrtc/sframe-transform","message":"encrypted frame","context":{"kid":9,"ctr":0,"byteLength":62,"codecOffset":10}}

[90mstdout[2m | apps/validator-daemon/src/canary/__tests__/verify-loop.test.ts[2m > [22m[2mREQ-CFA-042 — state.relayStunLossBps is READ as the classifier stunPacketLossBps arg[2m > [22m[2mthe submitted proof carries the audited relay + the diverged frameSeq + >=2 DISTINCT attesters
[22m[39m{"timestamp":"2026-06-20T08:06:54.184Z","level":"INFO","source":"frontend","module":"webrtc/sframe-transform","message":"encrypted frame","context":{"kid":9,"ctr":1,"byteLength":62,"codecOffset":10}}

[90mstdout[2m | apps/validator-daemon/src/canary/__tests__/verify-loop.test.ts[2m > [22m[2mREQ-CFA-042 — state.relayStunLossBps is READ as the classifier stunPacketLossBps arg[2m > [22m[2mthe submitted proof carries the audited relay + the diverged frameSeq + >=2 DISTINCT attesters
[22m[39m{"timestamp":"2026-06-20T08:06:54.185Z","level":"INFO","source":"frontend","module":"webrtc/sframe-transform","message":"encrypted frame","context":{"kid":9,"ctr":2,"byteLength":62,"codecOffset":10}}

[90mstdout[2m | apps/validator-daemon/src/canary/__tests__/verify-loop.test.ts[2m > [22m[2mREQ-CFA-042 — state.relayStunLossBps is READ as the classifier stunPacketLossBps arg[2m > [22m[2mthe submitted proof carries the audited relay + the diverged frameSeq + >=2 DISTINCT attesters
[22m[39m{"timestamp":"2026-06-20T08:06:54.186Z","level":"INFO","source":"frontend","module":"webrtc/sframe-transform","message":"encrypted frame","context":{"kid":9,"ctr":3,"byteLength":62,"codecOffset":10}}

[90mstdout[2m | apps/validator-daemon/src/canary/__tests__/verify-loop.test.ts[2m > [22m[2mREQ-CFA-042 — state.relayStunLossBps is READ as the classifier stunPacketLossBps arg[2m > [22m[2mthe submitted proof carries the audited relay + the diverged frameSeq + >=2 DISTINCT attesters
[22m[39m{"timestamp":"2026-06-20T08:06:54.186Z","level":"INFO","source":"frontend","module":"webrtc/sframe-transform","message":"encrypted frame","context":{"kid":9,"ctr":4,"byteLength":62,"codecOffset":10}}

[90mstdout[2m | apps/validator-daemon/src/canary/__tests__/verify-loop.test.ts[2m > [22m[2mREQ-CFA-042 — state.relayStunLossBps is READ as the classifier stunPacketLossBps arg[2m > [22m[2mthe submitted proof carries the audited relay + the diverged frameSeq + >=2 DISTINCT attesters
[22m[39m{"timestamp":"2026-06-20T08:06:54.187Z","level":"INFO","source":"frontend","module":"webrtc/sframe-transform","message":"encrypted frame","context":{"kid":9,"ctr":5,"byteLength":62,"codecOffset":10}}

[90mstdout[2m | apps/validator-daemon/src/canary/__tests__/verify-loop.test.ts[2m > [22m[2mREQ-CFA-042 — state.relayStunLossBps is READ as the classifier stunPacketLossBps arg[2m > [22m[2mthe submitted proof carries the audited relay + the diverged frameSeq + >=2 DISTINCT attesters
[22m[39m{"timestamp":"2026-06-20T08:06:54.188Z","level":"INFO","source":"frontend","module":"webrtc/sframe-transform","message":"encrypted frame","context":{"kid":9,"ctr":6,"byteLength":62,"codecOffset":10}}

[90mstdout[2m | apps/validator-daemon/src/canary/__tests__/verify-loop.test.ts[2m > [22m[2mREQ-CFA-042 — state.relayStunLossBps is READ as the classifier stunPacketLossBps arg[2m > [22m[2mthe submitted proof carries the audited relay + the diverged frameSeq + >=2 DISTINCT attesters
[22m[39m{"timestamp":"2026-06-20T08:06:54.189Z","level":"INFO","source":"frontend","module":"webrtc/sframe-transform","message":"encrypted frame","context":{"kid":9,"ctr":7,"byteLength":62,"codecOffset":10}}

{"level":30,"time":1781942814190,"pid":39960,"hostname":"Quang","name":"canary/verifier","canaryKid":9,"mediaPackets":7,"byteIdentical":7,"divergences":1,"msg":"canary forwarding verified"}
{"level":30,"time":1781942814190,"pid":39960,"hostname":"Quang","name":"canary/loss-classifier","relayMinerId":"relay-under-audit","promoted":0,"absorbed":1,"tampers":0,"cumulativeCrossed":false,"msg":"canary divergences classified (drop gate / tamper p=1)"}
{"level":30,"time":1781942814190,"pid":39960,"hostname":"Quang","name":"canary/verify-loop","round":1,"relayMinerId":"relay-under-audit","roomId":"verify-loop-room","perReceiver":2,"promoted":0,"absorbed":1,"stunLossBps":"0","msg":"canary verify round classified (hermetic half — synthetic capture, STUN read live)"}
[90mstdout[2m | apps/validator-daemon/src/canary/__tests__/verify-loop.test.ts[2m > [22m[2mREQ-CFA-042 — state.relayStunLossBps is READ as the classifier stunPacketLossBps arg[2m > [22m[2mthe submitted proof carries the audited relay + the diverged frameSeq + >=2 DISTINCT attesters
[22m[39m{"timestamp":"2026-06-20T08:06:54.191Z","level":"INFO","source":"frontend","module":"webrtc/sframe-transform","message":"encrypted frame","context":{"kid":9,"ctr":0,"byteLength":62,"codecOffset":10}}

[90mstdout[2m | apps/validator-daemon/src/canary/__tests__/verify-loop.test.ts[2m > [22m[2mREQ-CFA-042 — state.relayStunLossBps is READ as the classifier stunPacketLossBps arg[2m > [22m[2mthe submitted proof carries the audited relay + the diverged frameSeq + >=2 DISTINCT attesters
[22m[39m{"timestamp":"2026-06-20T08:06:54.192Z","level":"INFO","source":"frontend","module":"webrtc/sframe-transform","message":"encrypted frame","context":{"kid":9,"ctr":1,"byteLength":62,"codecOffset":10}}

[90mstdout[2m | apps/validator-daemon/src/canary/__tests__/verify-loop.test.ts[2m > [22m[2mREQ-CFA-042 — state.relayStunLossBps is READ as the classifier stunPacketLossBps arg[2m > [22m[2mthe submitted proof carries the audited relay + the diverged frameSeq + >=2 DISTINCT attesters
[22m[39m{"timestamp":"2026-06-20T08:06:54.193Z","level":"INFO","source":"frontend","module":"webrtc/sframe-transform","message":"encrypted frame","context":{"kid":9,"ctr":2,"byteLength":62,"codecOffset":10}}

[90mstdout[2m | apps/validator-daemon/src/canary/__tests__/verify-loop.test.ts[2m > [22m[2mREQ-CFA-042 — state.relayStunLossBps is READ as the classifier stunPacketLossBps arg[2m > [22m[2mthe submitted proof carries the audited relay + the diverged frameSeq + >=2 DISTINCT attesters
[22m[39m{"timestamp":"2026-06-20T08:06:54.193Z","level":"INFO","source":"frontend","module":"webrtc/sframe-transform","message":"encrypted frame","context":{"kid":9,"ctr":3,"byteLength":62,"codecOffset":10}}

[90mstdout[2m | apps/validator-daemon/src/canary/__tests__/verify-loop.test.ts[2m > [22m[2mREQ-CFA-042 — state.relayStunLossBps is READ as the classifier stunPacketLossBps arg[2m > [22m[2mthe submitted proof carries the audited relay + the diverged frameSeq + >=2 DISTINCT attesters
[22m[39m{"timestamp":"2026-06-20T08:06:54.194Z","level":"INFO","source":"frontend","module":"webrtc/sframe-transform","message":"encrypted frame","context":{"kid":9,"ctr":4,"byteLength":62,"codecOffset":10}}

[90mstdout[2m | apps/validator-daemon/src/canary/__tests__/verify-loop.test.ts[2m > [22m[2mREQ-CFA-042 — state.relayStunLossBps is READ as the classifier stunPacketLossBps arg[2m > [22m[2mthe submitted proof carries the audited relay + the diverged frameSeq + >=2 DISTINCT attesters
[22m[39m{"timestamp":"2026-06-20T08:06:54.194Z","level":"INFO","source":"frontend","module":"webrtc/sframe-transform","message":"encrypted frame","context":{"kid":9,"ctr":6,"byteLength":62,"codecOffset":10}}

[90mstdout[2m | apps/validator-daemon/src/canary/__tests__/verify-loop.test.ts[2m > [22m[2mREQ-CFA-042 — state.relayStunLossBps is READ as the classifier stunPacketLossBps arg[2m > [22m[2mthe submitted proof carries the audited relay + the diverged frameSeq + >=2 DISTINCT attesters
[22m[39m{"timestamp":"2026-06-20T08:06:54.195Z","level":"INFO","source":"frontend","module":"webrtc/sframe-transform","message":"encrypted frame","context":{"kid":9,"ctr":7,"byteLength":62,"codecOffset":10}}

[90mstdout[2m | apps/validator-daemon/src/canary/__tests__/verify-loop.test.ts[2m > [22m[2mREQ-CFA-042 — state.relayStunLossBps is READ as the classifier stunPacketLossBps arg[2m > [22m[2mthe submitted proof carries the audited relay + the diverged frameSeq + >=2 DISTINCT attesters
[22m[39m{"timestamp":"2026-06-20T08:06:54.196Z","level":"INFO","source":"frontend","module":"webrtc/sframe-transform","message":"encrypted frame","context":{"kid":9,"ctr":0,"byteLength":62,"codecOffset":10}}

[90mstdout[2m | apps/validator-daemon/src/canary/__tests__/verify-loop.test.ts[2m > [22m[2mREQ-CFA-042 — state.relayStunLossBps is READ as the classifier stunPacketLossBps arg[2m > [22m[2mthe submitted proof carries the audited relay + the diverged frameSeq + >=2 DISTINCT attesters
[22m[39m{"timestamp":"2026-06-20T08:06:54.196Z","level":"INFO","source":"frontend","module":"webrtc/sframe-transform","message":"encrypted frame","context":{"kid":9,"ctr":1,"byteLength":62,"codecOffset":10}}

[90mstdout[2m | apps/validator-daemon/src/canary/__tests__/verify-loop.test.ts[2m > [22m[2mREQ-CFA-042 — state.relayStunLossBps is READ as the classifier stunPacketLossBps arg[2m > [22m[2mthe submitted proof carries the audited relay + the diverged frameSeq + >=2 DISTINCT attesters
[22m[39m{"timestamp":"2026-06-20T08:06:54.197Z","level":"INFO","source":"frontend","module":"webrtc/sframe-transform","message":"encrypted frame","context":{"kid":9,"ctr":2,"byteLength":62,"codecOffset":10}}

[90mstdout[2m | apps/validator-daemon/src/canary/__tests__/verify-loop.test.ts[2m > [22m[2mREQ-CFA-042 — state.relayStunLossBps is READ as the classifier stunPacketLossBps arg[2m > [22m[2mthe submitted proof carries the audited relay + the diverged frameSeq + >=2 DISTINCT attesters
[22m[39m{"timestamp":"2026-06-20T08:06:54.198Z","level":"INFO","source":"frontend","module":"webrtc/sframe-transform","message":"encrypted frame","context":{"kid":9,"ctr":3,"byteLength":62,"codecOffset":10}}

[90mstdout[2m | apps/validator-daemon/src/canary/__tests__/verify-loop.test.ts[2m > [22m[2mREQ-CFA-042 — state.relayStunLossBps is READ as the classifier stunPacketLossBps arg[2m > [22m[2mthe submitted proof carries the audited relay + the diverged frameSeq + >=2 DISTINCT attesters
[22m[39m{"timestamp":"2026-06-20T08:06:54.198Z","level":"INFO","source":"frontend","module":"webrtc/sframe-transform","message":"encrypted frame","context":{"kid":9,"ctr":4,"byteLength":62,"codecOffset":10}}

[90mstdout[2m | apps/validator-daemon/src/canary/__tests__/verify-loop.test.ts[2m > [22m[2mREQ-CFA-042 — state.relayStunLossBps is READ as the classifier stunPacketLossBps arg[2m > [22m[2mthe submitted proof carries the audited relay + the diverged frameSeq + >=2 DISTINCT attesters
[22m[39m{"timestamp":"2026-06-20T08:06:54.199Z","level":"INFO","source":"frontend","module":"webrtc/sframe-transform","message":"encrypted frame","context":{"kid":9,"ctr":5,"byteLength":62,"codecOffset":10}}

[90mstdout[2m | apps/validator-daemon/src/canary/__tests__/verify-loop.test.ts[2m > [22m[2mREQ-CFA-042 — state.relayStunLossBps is READ as the classifier stunPacketLossBps arg[2m > [22m[2mthe submitted proof carries the audited relay + the diverged frameSeq + >=2 DISTINCT attesters
[22m[39m{"timestamp":"2026-06-20T08:06:54.200Z","level":"INFO","source":"frontend","module":"webrtc/sframe-transform","message":"encrypted frame","context":{"kid":9,"ctr":6,"byteLength":62,"codecOffset":10}}

[90mstdout[2m | apps/validator-daemon/src/canary/__tests__/verify-loop.test.ts[2m > [22m[2mREQ-CFA-042 — state.relayStunLossBps is READ as the classifier stunPacketLossBps arg[2m > [22m[2mthe submitted proof carries the audited relay + the diverged frameSeq + >=2 DISTINCT attesters
[22m[39m{"timestamp":"2026-06-20T08:06:54.201Z","level":"INFO","source":"frontend","module":"webrtc/sframe-transform","message":"encrypted frame","context":{"kid":9,"ctr":7,"byteLength":62,"codecOffset":10}}

{"level":30,"time":1781942814201,"pid":39960,"hostname":"Quang","name":"canary/verifier","canaryKid":9,"mediaPackets":7,"byteIdentical":7,"divergences":1,"msg":"canary forwarding verified"}
[90mstdout[2m | apps/validator-daemon/src/canary/__tests__/verify-loop.test.ts[2m > [22m[2mREQ-CFA-042 — state.relayStunLossBps is READ as the classifier stunPacketLossBps arg[2m > [22m[2mthe submitted proof carries the audited relay + the diverged frameSeq + >=2 DISTINCT attesters
[22m[39m{"timestamp":"2026-06-20T08:06:54.202Z","level":"INFO","source":"frontend","module":"webrtc/sframe-transform","message":"encrypted frame","context":{"kid":9,"ctr":0,"byteLength":62,"codecOffset":10}}

[90mstdout[2m | apps/validator-daemon/src/canary/__tests__/verify-loop.test.ts[2m > [22m[2mREQ-CFA-042 — state.relayStunLossBps is READ as the classifier stunPacketLossBps arg[2m > [22m[2mthe submitted proof carries the audited relay + the diverged frameSeq + >=2 DISTINCT attesters
[22m[39m{"timestamp":"2026-06-20T08:06:54.203Z","level":"INFO","source":"frontend","module":"webrtc/sframe-transform","message":"encrypted frame","context":{"kid":9,"ctr":1,"byteLength":62,"codecOffset":10}}

[90mstdout[2m | apps/validator-daemon/src/canary/__tests__/verify-loop.test.ts[2m > [22m[2mREQ-CFA-042 — state.relayStunLossBps is READ as the classifier stunPacketLossBps arg[2m > [22m[2mthe submitted proof carries the audited relay + the diverged frameSeq + >=2 DISTINCT attesters
[22m[39m{"timestamp":"2026-06-20T08:06:54.203Z","level":"INFO","source":"frontend","module":"webrtc/sframe-transform","message":"encrypted frame","context":{"kid":9,"ctr":2,"byteLength":62,"codecOffset":10}}

[90mstdout[2m | apps/validator-daemon/src/canary/__tests__/verify-loop.test.ts[2m > [22m[2mREQ-CFA-042 — state.relayStunLossBps is READ as the classifier stunPacketLossBps arg[2m > [22m[2mthe submitted proof carries the audited relay + the diverged frameSeq + >=2 DISTINCT attesters
[22m[39m{"timestamp":"2026-06-20T08:06:54.204Z","level":"INFO","source":"frontend","module":"webrtc/sframe-transform","message":"encrypted frame","context":{"kid":9,"ctr":3,"byteLength":62,"codecOffset":10}}

[90mstdout[2m | apps/validator-daemon/src/canary/__tests__/verify-loop.test.ts[2m > [22m[2mREQ-CFA-042 — state.relayStunLossBps is READ as the classifier stunPacketLossBps arg[2m > [22m[2mthe submitted proof carries the audited relay + the diverged frameSeq + >=2 DISTINCT attesters
[22m[39m{"timestamp":"2026-06-20T08:06:54.204Z","level":"INFO","source":"frontend","module":"webrtc/sframe-transform","message":"encrypted frame","context":{"kid":9,"ctr":4,"byteLength":62,"codecOffset":10}}

[90mstdout[2m | apps/validator-daemon/src/canary/__tests__/verify-loop.test.ts[2m > [22m[2mREQ-CFA-042 — state.relayStunLossBps is READ as the classifier stunPacketLossBps arg[2m > [22m[2mthe submitted proof carries the audited relay + the diverged frameSeq + >=2 DISTINCT attesters
[22m[39m{"timestamp":"2026-06-20T08:06:54.205Z","level":"INFO","source":"frontend","module":"webrtc/sframe-transform","message":"encrypted frame","context":{"kid":9,"ctr":5,"byteLength":62,"codecOffset":10}}

[90mstdout[2m | apps/validator-daemon/src/canary/__tests__/verify-loop.test.ts[2m > [22m[2mREQ-CFA-042 — state.relayStunLossBps is READ as the classifier stunPacketLossBps arg[2m > [22m[2mthe submitted proof carries the audited relay + the diverged frameSeq + >=2 DISTINCT attesters
[22m[39m{"timestamp":"2026-06-20T08:06:54.205Z","level":"INFO","source":"frontend","module":"webrtc/sframe-transform","message":"encrypted frame","context":{"kid":9,"ctr":6,"byteLength":62,"codecOffset":10}}

[90mstdout[2m | apps/validator-daemon/src/canary/__tests__/verify-loop.test.ts[2m > [22m[2mREQ-CFA-042 — state.relayStunLossBps is READ as the classifier stunPacketLossBps arg[2m > [22m[2mthe submitted proof carries the audited relay + the diverged frameSeq + >=2 DISTINCT attesters
[22m[39m{"timestamp":"2026-06-20T08:06:54.206Z","level":"INFO","source":"frontend","module":"webrtc/sframe-transform","message":"encrypted frame","context":{"kid":9,"ctr":7,"byteLength":62,"codecOffset":10}}

{"level":30,"time":1781942814206,"pid":39960,"hostname":"Quang","name":"canary/verifier","canaryKid":9,"mediaPackets":7,"byteIdentical":7,"divergences":1,"msg":"canary forwarding verified"}
{"level":30,"time":1781942814207,"pid":39960,"hostname":"Quang","name":"canary/loss-classifier","relayMinerId":"relay-under-audit","promoted":0,"absorbed":1,"tampers":0,"cumulativeCrossed":false,"msg":"canary divergences classified (drop gate / tamper p=1)"}
{"level":30,"time":1781942814207,"pid":39960,"hostname":"Quang","name":"canary/verify-loop","round":1,"relayMinerId":"relay-under-audit","roomId":"verify-loop-room","perReceiver":2,"promoted":0,"absorbed":1,"stunLossBps":"0","msg":"canary verify round classified (hermetic half — synthetic capture, STUN read live)"}
[90mstdout[2m | apps/validator-daemon/src/canary/__tests__/verify-loop.test.ts[2m > [22m[2mREQ-CFA-042 — state.relayStunLossBps is READ as the classifier stunPacketLossBps arg[2m > [22m[2mthe submitted proof carries the audited relay + the diverged frameSeq + >=2 DISTINCT attesters
[22m[39m{"timestamp":"2026-06-20T08:06:54.208Z","level":"INFO","source":"frontend","module":"webrtc/sframe-transform","message":"encrypted frame","context":{"kid":9,"ctr":0,"byteLength":62,"codecOffset":10}}

[90mstdout[2m | apps/validator-daemon/src/canary/__tests__/verify-loop.test.ts[2m > [22m[2mREQ-CFA-042 — state.relayStunLossBps is READ as the classifier stunPacketLossBps arg[2m > [22m[2mthe submitted proof carries the audited relay + the diverged frameSeq + >=2 DISTINCT attesters
[22m[39m{"timestamp":"2026-06-20T08:06:54.208Z","level":"INFO","source":"frontend","module":"webrtc/sframe-transform","message":"encrypted frame","context":{"kid":9,"ctr":1,"byteLength":62,"codecOffset":10}}

[90mstdout[2m | apps/validator-daemon/src/canary/__tests__/verify-loop.test.ts[2m > [22m[2mREQ-CFA-042 — state.relayStunLossBps is READ as the classifier stunPacketLossBps arg[2m > [22m[2mthe submitted proof carries the audited relay + the diverged frameSeq + >=2 DISTINCT attesters
[22m[39m{"timestamp":"2026-06-20T08:06:54.209Z","level":"INFO","source":"frontend","module":"webrtc/sframe-transform","message":"encrypted frame","context":{"kid":9,"ctr":2,"byteLength":62,"codecOffset":10}}

[90mstdout[2m | apps/validator-daemon/src/canary/__tests__/verify-loop.test.ts[2m > [22m[2mREQ-CFA-042 — state.relayStunLossBps is READ as the classifier stunPacketLossBps arg[2m > [22m[2mthe submitted proof carries the audited relay + the diverged frameSeq + >=2 DISTINCT attesters
[22m[39m{"timestamp":"2026-06-20T08:06:54.210Z","level":"INFO","source":"frontend","module":"webrtc/sframe-transform","message":"encrypted frame","context":{"kid":9,"ctr":3,"byteLength":62,"codecOffset":10}}

[90mstdout[2m | apps/validator-daemon/src/canary/__tests__/verify-loop.test.ts[2m > [22m[2mREQ-CFA-042 — state.relayStunLossBps is READ as the classifier stunPacketLossBps arg[2m > [22m[2mthe submitted proof carries the audited relay + the diverged frameSeq + >=2 DISTINCT attesters
[22m[39m{"timestamp":"2026-06-20T08:06:54.210Z","level":"INFO","source":"frontend","module":"webrtc/sframe-transform","message":"encrypted frame","context":{"kid":9,"ctr":4,"byteLength":62,"codecOffset":10}}

[90mstdout[2m | apps/validator-daemon/src/canary/__tests__/verify-loop.test.ts[2m > [22m[2mREQ-CFA-042 — state.relayStunLossBps is READ as the classifier stunPacketLossBps arg[2m > [22m[2mthe submitted proof carries the audited relay + the diverged frameSeq + >=2 DISTINCT attesters
[22m[39m{"timestamp":"2026-06-20T08:06:54.211Z","level":"INFO","source":"frontend","module":"webrtc/sframe-transform","message":"encrypted frame","context":{"kid":9,"ctr":6,"byteLength":62,"codecOffset":10}}

[90mstdout[2m | apps/validator-daemon/src/canary/__tests__/verify-loop.test.ts[2m > [22m[2mREQ-CFA-042 — state.relayStunLossBps is READ as the classifier stunPacketLossBps arg[2m > [22m[2mthe submitted proof carries the audited relay + the diverged frameSeq + >=2 DISTINCT attesters
[22m[39m{"timestamp":"2026-06-20T08:06:54.212Z","level":"INFO","source":"frontend","module":"webrtc/sframe-transform","message":"encrypted frame","context":{"kid":9,"ctr":7,"byteLength":62,"codecOffset":10}}

[90mstdout[2m | apps/validator-daemon/src/canary/__tests__/verify-loop.test.ts[2m > [22m[2mREQ-CFA-042 — state.relayStunLossBps is READ as the classifier stunPacketLossBps arg[2m > [22m[2mthe submitted proof carries the audited relay + the diverged frameSeq + >=2 DISTINCT attesters
[22m[39m{"timestamp":"2026-06-20T08:06:54.212Z","level":"INFO","source":"frontend","module":"webrtc/sframe-transform","message":"encrypted frame","context":{"kid":9,"ctr":0,"byteLength":62,"codecOffset":10}}

[90mstdout[2m | apps/validator-daemon/src/canary/__tests__/verify-loop.test.ts[2m > [22m[2mREQ-CFA-042 — state.relayStunLossBps is READ as the classifier stunPacketLossBps arg[2m > [22m[2mthe submitted proof carries the audited relay + the diverged frameSeq + >=2 DISTINCT attesters
[22m[39m{"timestamp":"2026-06-20T08:06:54.213Z","level":"INFO","source":"frontend","module":"webrtc/sframe-transform","message":"encrypted frame","context":{"kid":9,"ctr":1,"byteLength":62,"codecOffset":10}}

[90mstdout[2m | apps/validator-daemon/src/canary/__tests__/verify-loop.test.ts[2m > [22m[2mREQ-CFA-042 — state.relayStunLossBps is READ as the classifier stunPacketLossBps arg[2m > [22m[2mthe submitted proof carries the audited relay + the diverged frameSeq + >=2 DISTINCT attesters
[22m[39m{"timestamp":"2026-06-20T08:06:54.213Z","level":"INFO","source":"frontend","module":"webrtc/sframe-transform","message":"encrypted frame","context":{"kid":9,"ctr":2,"byteLength":62,"codecOffset":10}}

[90mstdout[2m | apps/validator-daemon/src/canary/__tests__/verify-loop.test.ts[2m > [22m[2mREQ-CFA-042 — state.relayStunLossBps is READ as the classifier stunPacketLossBps arg[2m > [22m[2mthe submitted proof carries the audited relay + the diverged frameSeq + >=2 DISTINCT attesters
[22m[39m{"timestamp":"2026-06-20T08:06:54.214Z","level":"INFO","source":"frontend","module":"webrtc/sframe-transform","message":"encrypted frame","context":{"kid":9,"ctr":3,"byteLength":62,"codecOffset":10}}

[90mstdout[2m | apps/validator-daemon/src/canary/__tests__/verify-loop.test.ts[2m > [22m[2mREQ-CFA-042 — state.relayStunLossBps is READ as the classifier stunPacketLossBps arg[2m > [22m[2mthe submitted proof carries the audited relay + the diverged frameSeq + >=2 DISTINCT attesters
[22m[39m{"timestamp":"2026-06-20T08:06:54.214Z","level":"INFO","source":"frontend","module":"webrtc/sframe-transform","message":"encrypted frame","context":{"kid":9,"ctr":4,"byteLength":62,"codecOffset":10}}

[90mstdout[2m | apps/validator-daemon/src/canary/__tests__/verify-loop.test.ts[2m > [22m[2mREQ-CFA-042 — state.relayStunLossBps is READ as the classifier stunPacketLossBps arg[2m > [22m[2mthe submitted proof carries the audited relay + the diverged frameSeq + >=2 DISTINCT attesters
[22m[39m{"timestamp":"2026-06-20T08:06:54.215Z","level":"INFO","source":"frontend","module":"webrtc/sframe-transform","message":"encrypted frame","context":{"kid":9,"ctr":5,"byteLength":62,"codecOffset":10}}

[90mstdout[2m | apps/validator-daemon/src/canary/__tests__/verify-loop.test.ts[2m > [22m[2mREQ-CFA-042 — state.relayStunLossBps is READ as the classifier stunPacketLossBps arg[2m > [22m[2mthe submitted proof carries the audited relay + the diverged frameSeq + >=2 DISTINCT attesters
[22m[39m{"timestamp":"2026-06-20T08:06:54.215Z","level":"INFO","source":"frontend","module":"webrtc/sframe-transform","message":"encrypted frame","context":{"kid":9,"ctr":6,"byteLength":62,"codecOffset":10}}

[90mstdout[2m | apps/validator-daemon/src/canary/__tests__/verify-loop.test.ts[2m > [22m[2mREQ-CFA-042 — state.relayStunLossBps is READ as the classifier stunPacketLossBps arg[2m > [22m[2mthe submitted proof carries the audited relay + the diverged frameSeq + >=2 DISTINCT attesters
[22m[39m{"timestamp":"2026-06-20T08:06:54.216Z","level":"INFO","source":"frontend","module":"webrtc/sframe-transform","message":"encrypted frame","context":{"kid":9,"ctr":7,"byteLength":62,"codecOffset":10}}

{"level":30,"time":1781942814216,"pid":39960,"hostname":"Quang","name":"canary/verifier","canaryKid":9,"mediaPackets":7,"byteIdentical":7,"divergences":1,"msg":"canary forwarding verified"}
[90mstdout[2m | apps/validator-daemon/src/canary/__tests__/verify-loop.test.ts[2m > [22m[2mREQ-CFA-042 — state.relayStunLossBps is READ as the classifier stunPacketLossBps arg[2m > [22m[2mthe submitted proof carries the audited relay + the diverged frameSeq + >=2 DISTINCT attesters
[22m[39m{"timestamp":"2026-06-20T08:06:54.216Z","level":"INFO","source":"frontend","module":"webrtc/sframe-transform","message":"encrypted frame","context":{"kid":9,"ctr":0,"byteLength":62,"codecOffset":10}}

[90mstdout[2m | apps/validator-daemon/src/canary/__tests__/verify-loop.test.ts[2m > [22m[2mREQ-CFA-042 — state.relayStunLossBps is READ as the classifier stunPacketLossBps arg[2m > [22m[2mthe submitted proof carries the audited relay + the diverged frameSeq + >=2 DISTINCT attesters
[22m[39m{"timestamp":"2026-06-20T08:06:54.217Z","level":"INFO","source":"frontend","module":"webrtc/sframe-transform","message":"encrypted frame","context":{"kid":9,"ctr":1,"byteLength":62,"codecOffset":10}}

[90mstdout[2m | apps/validator-daemon/src/canary/__tests__/verify-loop.test.ts[2m > [22m[2mREQ-CFA-042 — state.relayStunLossBps is READ as the classifier stunPacketLossBps arg[2m > [22m[2mthe submitted proof carries the audited relay + the diverged frameSeq + >=2 DISTINCT attesters
[22m[39m{"timestamp":"2026-06-20T08:06:54.217Z","level":"INFO","source":"frontend","module":"webrtc/sframe-transform","message":"encrypted frame","context":{"kid":9,"ctr":2,"byteLength":62,"codecOffset":10}}

[90mstdout[2m | apps/validator-daemon/src/canary/__tests__/verify-loop.test.ts[2m > [22m[2mREQ-CFA-042 — state.relayStunLossBps is READ as the classifier stunPacketLossBps arg[2m > [22m[2mthe submitted proof carries the audited relay + the diverged frameSeq + >=2 DISTINCT attesters
[22m[39m{"timestamp":"2026-06-20T08:06:54.218Z","level":"INFO","source":"frontend","module":"webrtc/sframe-transform","message":"encrypted frame","context":{"kid":9,"ctr":3,"byteLength":62,"codecOffset":10}}

[90mstdout[2m | apps/validator-daemon/src/canary/__tests__/verify-loop.test.ts[2m > [22m[2mREQ-CFA-042 — state.relayStunLossBps is READ as the classifier stunPacketLossBps arg[2m > [22m[2mthe submitted proof carries the audited relay + the diverged frameSeq + >=2 DISTINCT attesters
[22m[39m{"timestamp":"2026-06-20T08:06:54.218Z","level":"INFO","source":"frontend","module":"webrtc/sframe-transform","message":"encrypted frame","context":{"kid":9,"ctr":4,"byteLength":62,"codecOffset":10}}

[90mstdout[2m | apps/validator-daemon/src/canary/__tests__/verify-loop.test.ts[2m > [22m[2mREQ-CFA-042 — state.relayStunLossBps is READ as the classifier stunPacketLossBps arg[2m > [22m[2mthe submitted proof carries the audited relay + the diverged frameSeq + >=2 DISTINCT attesters
[22m[39m{"timestamp":"2026-06-20T08:06:54.219Z","level":"INFO","source":"frontend","module":"webrtc/sframe-transform","message":"encrypted frame","context":{"kid":9,"ctr":5,"byteLength":62,"codecOffset":10}}

[90mstdout[2m | apps/validator-daemon/src/canary/__tests__/verify-loop.test.ts[2m > [22m[2mREQ-CFA-042 — state.relayStunLossBps is READ as the classifier stunPacketLossBps arg[2m > [22m[2mthe submitted proof carries the audited relay + the diverged frameSeq + >=2 DISTINCT attesters
[22m[39m{"timestamp":"2026-06-20T08:06:54.219Z","level":"INFO","source":"frontend","module":"webrtc/sframe-transform","message":"encrypted frame","context":{"kid":9,"ctr":6,"byteLength":62,"codecOffset":10}}

[90mstdout[2m | apps/validator-daemon/src/canary/__tests__/verify-loop.test.ts[2m > [22m[2mREQ-CFA-042 — state.relayStunLossBps is READ as the classifier stunPacketLossBps arg[2m > [22m[2mthe submitted proof carries the audited relay + the diverged frameSeq + >=2 DISTINCT attesters
[22m[39m{"timestamp":"2026-06-20T08:06:54.220Z","level":"INFO","source":"frontend","module":"webrtc/sframe-transform","message":"encrypted frame","context":{"kid":9,"ctr":7,"byteLength":62,"codecOffset":10}}

{"level":30,"time":1781942814220,"pid":39960,"hostname":"Quang","name":"canary/verifier","canaryKid":9,"mediaPackets":7,"byteIdentical":7,"divergences":1,"msg":"canary forwarding verified"}
{"level":30,"time":1781942814220,"pid":39960,"hostname":"Quang","name":"canary/loss-classifier","relayMinerId":"relay-under-audit","promoted":0,"absorbed":1,"tampers":0,"cumulativeCrossed":false,"msg":"canary divergences classified (drop gate / tamper p=1)"}
{"level":30,"time":1781942814220,"pid":39960,"hostname":"Quang","name":"canary/verify-loop","round":2,"relayMinerId":"relay-under-audit","roomId":"verify-loop-room","perReceiver":2,"promoted":0,"absorbed":1,"stunLossBps":"0","msg":"canary verify round classified (hermetic half — synthetic capture, STUN read live)"}
[90mstdout[2m | apps/validator-daemon/src/canary/__tests__/verify-loop.test.ts[2m > [22m[2mREQ-CFA-042 — state.relayStunLossBps is READ as the classifier stunPacketLossBps arg[2m > [22m[2mthe submitted proof carries the audited relay + the diverged frameSeq + >=2 DISTINCT attesters
[22m[39m{"timestamp":"2026-06-20T08:06:54.221Z","level":"INFO","source":"frontend","module":"webrtc/sframe-transform","message":"encrypted frame","context":{"kid":9,"ctr":0,"byteLength":62,"codecOffset":10}}

[90mstdout[2m | apps/validator-daemon/src/canary/__tests__/verify-loop.test.ts[2m > [22m[2mREQ-CFA-042 — state.relayStunLossBps is READ as the classifier stunPacketLossBps arg[2m > [22m[2mthe submitted proof carries the audited relay + the diverged frameSeq + >=2 DISTINCT attesters
[22m[39m{"timestamp":"2026-06-20T08:06:54.221Z","level":"INFO","source":"frontend","module":"webrtc/sframe-transform","message":"encrypted frame","context":{"kid":9,"ctr":1,"byteLength":62,"codecOffset":10}}

[90mstdout[2m | apps/validator-daemon/src/canary/__tests__/verify-loop.test.ts[2m > [22m[2mREQ-CFA-042 — state.relayStunLossBps is READ as the classifier stunPacketLossBps arg[2m > [22m[2mthe submitted proof carries the audited relay + the diverged frameSeq + >=2 DISTINCT attesters
[22m[39m{"timestamp":"2026-06-20T08:06:54.222Z","level":"INFO","source":"frontend","module":"webrtc/sframe-transform","message":"encrypted frame","context":{"kid":9,"ctr":2,"byteLength":62,"codecOffset":10}}

[90mstdout[2m | apps/validator-daemon/src/canary/__tests__/verify-loop.test.ts[2m > [22m[2mREQ-CFA-042 — state.relayStunLossBps is READ as the classifier stunPacketLossBps arg[2m > [22m[2mthe submitted proof carries the audited relay + the diverged frameSeq + >=2 DISTINCT attesters
[22m[39m{"timestamp":"2026-06-20T08:06:54.222Z","level":"INFO","source":"frontend","module":"webrtc/sframe-transform","message":"encrypted frame","context":{"kid":9,"ctr":3,"byteLength":62,"codecOffset":10}}

[90mstdout[2m | apps/validator-daemon/src/canary/__tests__/verify-loop.test.ts[2m > [22m[2mREQ-CFA-042 — state.relayStunLossBps is READ as the classifier stunPacketLossBps arg[2m > [22m[2mthe submitted proof carries the audited relay + the diverged frameSeq + >=2 DISTINCT attesters
[22m[39m{"timestamp":"2026-06-20T08:06:54.223Z","level":"INFO","source":"frontend","module":"webrtc/sframe-transform","message":"encrypted frame","context":{"kid":9,"ctr":4,"byteLength":62,"codecOffset":10}}

[90mstdout[2m | apps/validator-daemon/src/canary/__tests__/verify-loop.test.ts[2m > [22m[2mREQ-CFA-042 — state.relayStunLossBps is READ as the classifier stunPacketLossBps arg[2m > [22m[2mthe submitted proof carries the audited relay + the diverged frameSeq + >=2 DISTINCT attesters
[22m[39m{"timestamp":"2026-06-20T08:06:54.223Z","level":"INFO","source":"frontend","module":"webrtc/sframe-transform","message":"encrypted frame","context":{"kid":9,"ctr":6,"byteLength":62,"codecOffset":10}}

[90mstdout[2m | apps/validator-daemon/src/canary/__tests__/verify-loop.test.ts[2m > [22m[2mREQ-CFA-042 — state.relayStunLossBps is READ as the classifier stunPacketLossBps arg[2m > [22m[2mthe submitted proof carries the audited relay + the diverged frameSeq + >=2 DISTINCT attesters
[22m[39m{"timestamp":"2026-06-20T08:06:54.223Z","level":"INFO","source":"frontend","module":"webrtc/sframe-transform","message":"encrypted frame","context":{"kid":9,"ctr":7,"byteLength":62,"codecOffset":10}}

[90mstdout[2m | apps/validator-daemon/src/canary/__tests__/verify-loop.test.ts[2m > [22m[2mREQ-CFA-042 — state.relayStunLossBps is READ as the classifier stunPacketLossBps arg[2m > [22m[2mthe submitted proof carries the audited relay + the diverged frameSeq + >=2 DISTINCT attesters
[22m[39m{"timestamp":"2026-06-20T08:06:54.224Z","level":"INFO","source":"frontend","module":"webrtc/sframe-transform","message":"encrypted frame","context":{"kid":9,"ctr":0,"byteLength":62,"codecOffset":10}}

[90mstdout[2m | apps/validator-daemon/src/canary/__tests__/verify-loop.test.ts[2m > [22m[2mREQ-CFA-042 — state.relayStunLossBps is READ as the classifier stunPacketLossBps arg[2m > [22m[2mthe submitted proof carries the audited relay + the diverged frameSeq + >=2 DISTINCT attesters
[22m[39m{"timestamp":"2026-06-20T08:06:54.224Z","level":"INFO","source":"frontend","module":"webrtc/sframe-transform","message":"encrypted frame","context":{"kid":9,"ctr":1,"byteLength":62,"codecOffset":10}}

[90mstdout[2m | apps/validator-daemon/src/canary/__tests__/verify-loop.test.ts[2m > [22m[2mREQ-CFA-042 — state.relayStunLossBps is READ as the classifier stunPacketLossBps arg[2m > [22m[2mthe submitted proof carries the audited relay + the diverged frameSeq + >=2 DISTINCT attesters
[22m[39m{"timestamp":"2026-06-20T08:06:54.225Z","level":"INFO","source":"frontend","module":"webrtc/sframe-transform","message":"encrypted frame","context":{"kid":9,"ctr":2,"byteLength":62,"codecOffset":10}}

[90mstdout[2m | apps/validator-daemon/src/canary/__tests__/verify-loop.test.ts[2m > [22m[2mREQ-CFA-042 — state.relayStunLossBps is READ as the classifier stunPacketLossBps arg[2m > [22m[2mthe submitted proof carries the audited relay + the diverged frameSeq + >=2 DISTINCT attesters
[22m[39m{"timestamp":"2026-06-20T08:06:54.225Z","level":"INFO","source":"frontend","module":"webrtc/sframe-transform","message":"encrypted frame","context":{"kid":9,"ctr":3,"byteLength":62,"codecOffset":10}}

[90mstdout[2m | apps/validator-daemon/src/canary/__tests__/verify-loop.test.ts[2m > [22m[2mREQ-CFA-042 — state.relayStunLossBps is READ as the classifier stunPacketLossBps arg[2m > [22m[2mthe submitted proof carries the audited relay + the diverged frameSeq + >=2 DISTINCT attesters
[22m[39m{"timestamp":"2026-06-20T08:06:54.226Z","level":"INFO","source":"frontend","module":"webrtc/sframe-transform","message":"encrypted frame","context":{"kid":9,"ctr":4,"byteLength":62,"codecOffset":10}}

[90mstdout[2m | apps/validator-daemon/src/canary/__tests__/verify-loop.test.ts[2m > [22m[2mREQ-CFA-042 — state.relayStunLossBps is READ as the classifier stunPacketLossBps arg[2m > [22m[2mthe submitted proof carries the audited relay + the diverged frameSeq + >=2 DISTINCT attesters
[22m[39m{"timestamp":"2026-06-20T08:06:54.226Z","level":"INFO","source":"frontend","module":"webrtc/sframe-transform","message":"encrypted frame","context":{"kid":9,"ctr":5,"byteLength":62,"codecOffset":10}}

[90mstdout[2m | apps/validator-daemon/src/canary/__tests__/verify-loop.test.ts[2m > [22m[2mREQ-CFA-042 — state.relayStunLossBps is READ as the classifier stunPacketLossBps arg[2m > [22m[2mthe submitted proof carries the audited relay + the diverged frameSeq + >=2 DISTINCT attesters
[22m[39m{"timestamp":"2026-06-20T08:06:54.227Z","level":"INFO","source":"frontend","module":"webrtc/sframe-transform","message":"encrypted frame","context":{"kid":9,"ctr":6,"byteLength":62,"codecOffset":10}}

[90mstdout[2m | apps/validator-daemon/src/canary/__tests__/verify-loop.test.ts[2m > [22m[2mREQ-CFA-042 — state.relayStunLossBps is READ as the classifier stunPacketLossBps arg[2m > [22m[2mthe submitted proof carries the audited relay + the diverged frameSeq + >=2 DISTINCT attesters
[22m[39m{"timestamp":"2026-06-20T08:06:54.227Z","level":"INFO","source":"frontend","module":"webrtc/sframe-transform","message":"encrypted frame","context":{"kid":9,"ctr":7,"byteLength":62,"codecOffset":10}}

{"level":30,"time":1781942814227,"pid":39960,"hostname":"Quang","name":"canary/verifier","canaryKid":9,"mediaPackets":7,"byteIdentical":7,"divergences":1,"msg":"canary forwarding verified"}
[90mstdout[2m | apps/validator-daemon/src/canary/__tests__/verify-loop.test.ts[2m > [22m[2mREQ-CFA-042 — state.relayStunLossBps is READ as the classifier stunPacketLossBps arg[2m > [22m[2mthe submitted proof carries the audited relay + the diverged frameSeq + >=2 DISTINCT attesters
[22m[39m{"timestamp":"2026-06-20T08:06:54.228Z","level":"INFO","source":"frontend","module":"webrtc/sframe-transform","message":"encrypted frame","context":{"kid":9,"ctr":0,"byteLength":62,"codecOffset":10}}

[90mstdout[2m | apps/validator-daemon/src/canary/__tests__/verify-loop.test.ts[2m > [22m[2mREQ-CFA-042 — state.relayStunLossBps is READ as the classifier stunPacketLossBps arg[2m > [22m[2mthe submitted proof carries the audited relay + the diverged frameSeq + >=2 DISTINCT attesters
[22m[39m{"timestamp":"2026-06-20T08:06:54.228Z","level":"INFO","source":"frontend","module":"webrtc/sframe-transform","message":"encrypted frame","context":{"kid":9,"ctr":1,"byteLength":62,"codecOffset":10}}

[90mstdout[2m | apps/validator-daemon/src/canary/__tests__/verify-loop.test.ts[2m > [22m[2mREQ-CFA-042 — state.relayStunLossBps is READ as the classifier stunPacketLossBps arg[2m > [22m[2mthe submitted proof carries the audited relay + the diverged frameSeq + >=2 DISTINCT attesters
[22m[39m{"timestamp":"2026-06-20T08:06:54.229Z","level":"INFO","source":"frontend","module":"webrtc/sframe-transform","message":"encrypted frame","context":{"kid":9,"ctr":2,"byteLength":62,"codecOffset":10}}

[90mstdout[2m | apps/validator-daemon/src/canary/__tests__/verify-loop.test.ts[2m > [22m[2mREQ-CFA-042 — state.relayStunLossBps is READ as the classifier stunPacketLossBps arg[2m > [22m[2mthe submitted proof carries the audited relay + the diverged frameSeq + >=2 DISTINCT attesters
[22m[39m{"timestamp":"2026-06-20T08:06:54.229Z","level":"INFO","source":"frontend","module":"webrtc/sframe-transform","message":"encrypted frame","context":{"kid":9,"ctr":3,"byteLength":62,"codecOffset":10}}

[90mstdout[2m | apps/validator-daemon/src/canary/__tests__/verify-loop.test.ts[2m > [22m[2mREQ-CFA-042 — state.relayStunLossBps is READ as the classifier stunPacketLossBps arg[2m > [22m[2mthe submitted proof carries the audited relay + the diverged frameSeq + >=2 DISTINCT attesters
[22m[39m{"timestamp":"2026-06-20T08:06:54.230Z","level":"INFO","source":"frontend","module":"webrtc/sframe-transform","message":"encrypted frame","context":{"kid":9,"ctr":4,"byteLength":62,"codecOffset":10}}

[90mstdout[2m | apps/validator-daemon/src/canary/__tests__/verify-loop.test.ts[2m > [22m[2mREQ-CFA-042 — state.relayStunLossBps is READ as the classifier stunPacketLossBps arg[2m > [22m[2mthe submitted proof carries the audited relay + the diverged frameSeq + >=2 DISTINCT attesters
[22m[39m{"timestamp":"2026-06-20T08:06:54.230Z","level":"INFO","source":"frontend","module":"webrtc/sframe-transform","message":"encrypted frame","context":{"kid":9,"ctr":5,"byteLength":62,"codecOffset":10}}

[90mstdout[2m | apps/validator-daemon/src/canary/__tests__/verify-loop.test.ts[2m > [22m[2mREQ-CFA-042 — state.relayStunLossBps is READ as the classifier stunPacketLossBps arg[2m > [22m[2mthe submitted proof carries the audited relay + the diverged frameSeq + >=2 DISTINCT attesters
[22m[39m{"timestamp":"2026-06-20T08:06:54.230Z","level":"INFO","source":"frontend","module":"webrtc/sframe-transform","message":"encrypted frame","context":{"kid":9,"ctr":6,"byteLength":62,"codecOffset":10}}

[90mstdout[2m | apps/validator-daemon/src/canary/__tests__/verify-loop.test.ts[2m > [22m[2mREQ-CFA-042 — state.relayStunLossBps is READ as the classifier stunPacketLossBps arg[2m > [22m[2mthe submitted proof carries the audited relay + the diverged frameSeq + >=2 DISTINCT attesters
[22m[39m{"timestamp":"2026-06-20T08:06:54.231Z","level":"INFO","source":"frontend","module":"webrtc/sframe-transform","message":"encrypted frame","context":{"kid":9,"ctr":7,"byteLength":62,"codecOffset":10}}

{"level":30,"time":1781942814231,"pid":39960,"hostname":"Quang","name":"canary/verifier","canaryKid":9,"mediaPackets":7,"byteIdentical":7,"divergences":1,"msg":"canary forwarding verified"}
{"level":30,"time":1781942814231,"pid":39960,"hostname":"Quang","name":"canary/loss-classifier","relayMinerId":"relay-under-audit","promoted":0,"absorbed":1,"tampers":0,"cumulativeCrossed":false,"msg":"canary divergences classified (drop gate / tamper p=1)"}
{"level":30,"time":1781942814231,"pid":39960,"hostname":"Quang","name":"canary/verify-loop","round":2,"relayMinerId":"relay-under-audit","roomId":"verify-loop-room","perReceiver":2,"promoted":0,"absorbed":1,"stunLossBps":"0","msg":"canary verify round classified (hermetic half — synthetic capture, STUN read live)"}
[90mstdout[2m | apps/validator-daemon/src/canary/__tests__/verify-loop.test.ts[2m > [22m[2mREQ-CFA-042 — state.relayStunLossBps is READ as the classifier stunPacketLossBps arg[2m > [22m[2mthe submitted proof carries the audited relay + the diverged frameSeq + >=2 DISTINCT attesters
[22m[39m{"timestamp":"2026-06-20T08:06:54.232Z","level":"INFO","source":"frontend","module":"webrtc/sframe-transform","message":"encrypted frame","context":{"kid":9,"ctr":0,"byteLength":62,"codecOffset":10}}

[90mstdout[2m | apps/validator-daemon/src/canary/__tests__/verify-loop.test.ts[2m > [22m[2mREQ-CFA-042 — state.relayStunLossBps is READ as the classifier stunPacketLossBps arg[2m > [22m[2mthe submitted proof carries the audited relay + the diverged frameSeq + >=2 DISTINCT attesters
[22m[39m{"timestamp":"2026-06-20T08:06:54.232Z","level":"INFO","source":"frontend","module":"webrtc/sframe-transform","message":"encrypted frame","context":{"kid":9,"ctr":1,"byteLength":62,"codecOffset":10}}

[90mstdout[2m | apps/validator-daemon/src/canary/__tests__/verify-loop.test.ts[2m > [22m[2mREQ-CFA-042 — state.relayStunLossBps is READ as the classifier stunPacketLossBps arg[2m > [22m[2mthe submitted proof carries the audited relay + the diverged frameSeq + >=2 DISTINCT attesters
[22m[39m{"timestamp":"2026-06-20T08:06:54.233Z","level":"INFO","source":"frontend","module":"webrtc/sframe-transform","message":"encrypted frame","context":{"kid":9,"ctr":2,"byteLength":62,"codecOffset":10}}

[90mstdout[2m | apps/validator-daemon/src/canary/__tests__/verify-loop.test.ts[2m > [22m[2mREQ-CFA-042 — state.relayStunLossBps is READ as the classifier stunPacketLossBps arg[2m > [22m[2mthe submitted proof carries the audited relay + the diverged frameSeq + >=2 DISTINCT attesters
[22m[39m{"timestamp":"2026-06-20T08:06:54.233Z","level":"INFO","source":"frontend","module":"webrtc/sframe-transform","message":"encrypted frame","context":{"kid":9,"ctr":3,"byteLength":62,"codecOffset":10}}

[90mstdout[2m | apps/validator-daemon/src/canary/__tests__/verify-loop.test.ts[2m > [22m[2mREQ-CFA-042 — state.relayStunLossBps is READ as the classifier stunPacketLossBps arg[2m > [22m[2mthe submitted proof carries the audited relay + the diverged frameSeq + >=2 DISTINCT attesters
[22m[39m{"timestamp":"2026-06-20T08:06:54.233Z","level":"INFO","source":"frontend","module":"webrtc/sframe-transform","message":"encrypted frame","context":{"kid":9,"ctr":4,"byteLength":62,"codecOffset":10}}

[90mstdout[2m | apps/validator-daemon/src/canary/__tests__/verify-loop.test.ts[2m > [22m[2mREQ-CFA-042 — state.relayStunLossBps is READ as the classifier stunPacketLossBps arg[2m > [22m[2mthe submitted proof carries the audited relay + the diverged frameSeq + >=2 DISTINCT attesters
[22m[39m{"timestamp":"2026-06-20T08:06:54.234Z","level":"INFO","source":"frontend","module":"webrtc/sframe-transform","message":"encrypted frame","context":{"kid":9,"ctr":6,"byteLength":62,"codecOffset":10}}

[90mstdout[2m | apps/validator-daemon/src/canary/__tests__/verify-loop.test.ts[2m > [22m[2mREQ-CFA-042 — state.relayStunLossBps is READ as the classifier stunPacketLossBps arg[2m > [22m[2mthe submitted proof carries the audited relay + the diverged frameSeq + >=2 DISTINCT attesters
[22m[39m{"timestamp":"2026-06-20T08:06:54.234Z","level":"INFO","source":"frontend","module":"webrtc/sframe-transform","message":"encrypted frame","context":{"kid":9,"ctr":7,"byteLength":62,"codecOffset":10}}

[90mstdout[2m | apps/validator-daemon/src/canary/__tests__/verify-loop.test.ts[2m > [22m[2mREQ-CFA-042 — state.relayStunLossBps is READ as the classifier stunPacketLossBps arg[2m > [22m[2mthe submitted proof carries the audited relay + the diverged frameSeq + >=2 DISTINCT attesters
[22m[39m{"timestamp":"2026-06-20T08:06:54.235Z","level":"INFO","source":"frontend","module":"webrtc/sframe-transform","message":"encrypted frame","context":{"kid":9,"ctr":0,"byteLength":62,"codecOffset":10}}

[90mstdout[2m | apps/validator-daemon/src/canary/__tests__/verify-loop.test.ts[2m > [22m[2mREQ-CFA-042 — state.relayStunLossBps is READ as the classifier stunPacketLossBps arg[2m > [22m[2mthe submitted proof carries the audited relay + the diverged frameSeq + >=2 DISTINCT attesters
[22m[39m{"timestamp":"2026-06-20T08:06:54.235Z","level":"INFO","source":"frontend","module":"webrtc/sframe-transform","message":"encrypted frame","context":{"kid":9,"ctr":1,"byteLength":62,"codecOffset":10}}

[90mstdout[2m | apps/validator-daemon/src/canary/__tests__/verify-loop.test.ts[2m > [22m[2mREQ-CFA-042 — state.relayStunLossBps is READ as the classifier stunPacketLossBps arg[2m > [22m[2mthe submitted proof carries the audited relay + the diverged frameSeq + >=2 DISTINCT attesters
[22m[39m{"timestamp":"2026-06-20T08:06:54.235Z","level":"INFO","source":"frontend","module":"webrtc/sframe-transform","message":"encrypted frame","context":{"kid":9,"ctr":2,"byteLength":62,"codecOffset":10}}

[90mstdout[2m | apps/validator-daemon/src/canary/__tests__/verify-loop.test.ts[2m > [22m[2mREQ-CFA-042 — state.relayStunLossBps is READ as the classifier stunPacketLossBps arg[2m > [22m[2mthe submitted proof carries the audited relay + the diverged frameSeq + >=2 DISTINCT attesters
[22m[39m{"timestamp":"2026-06-20T08:06:54.236Z","level":"INFO","source":"frontend","module":"webrtc/sframe-transform","message":"encrypted frame","context":{"kid":9,"ctr":3,"byteLength":62,"codecOffset":10}}

[90mstdout[2m | apps/validator-daemon/src/canary/__tests__/verify-loop.test.ts[2m > [22m[2mREQ-CFA-042 — state.relayStunLossBps is READ as the classifier stunPacketLossBps arg[2m > [22m[2mthe submitted proof carries the audited relay + the diverged frameSeq + >=2 DISTINCT attesters
[22m[39m{"timestamp":"2026-06-20T08:06:54.236Z","level":"INFO","source":"frontend","module":"webrtc/sframe-transform","message":"encrypted frame","context":{"kid":9,"ctr":4,"byteLength":62,"codecOffset":10}}

[90mstdout[2m | apps/validator-daemon/src/canary/__tests__/verify-loop.test.ts[2m > [22m[2mREQ-CFA-042 — state.relayStunLossBps is READ as the classifier stunPacketLossBps arg[2m > [22m[2mthe submitted proof carries the audited relay + the diverged frameSeq + >=2 DISTINCT attesters
[22m[39m{"timestamp":"2026-06-20T08:06:54.236Z","level":"INFO","source":"frontend","module":"webrtc/sframe-transform","message":"encrypted frame","context":{"kid":9,"ctr":5,"byteLength":62,"codecOffset":10}}

[90mstdout[2m | apps/validator-daemon/src/canary/__tests__/verify-loop.test.ts[2m > [22m[2mREQ-CFA-042 — state.relayStunLossBps is READ as the classifier stunPacketLossBps arg[2m > [22m[2mthe submitted proof carries the audited relay + the diverged frameSeq + >=2 DISTINCT attesters
[22m[39m{"timestamp":"2026-06-20T08:06:54.237Z","level":"INFO","source":"frontend","module":"webrtc/sframe-transform","message":"encrypted frame","context":{"kid":9,"ctr":6,"byteLength":62,"codecOffset":10}}

[90mstdout[2m | apps/validator-daemon/src/canary/__tests__/verify-loop.test.ts[2m > [22m[2mREQ-CFA-042 — state.relayStunLossBps is READ as the classifier stunPacketLossBps arg[2m > [22m[2mthe submitted proof carries the audited relay + the diverged frameSeq + >=2 DISTINCT attesters
[22m[39m{"timestamp":"2026-06-20T08:06:54.237Z","level":"INFO","source":"frontend","module":"webrtc/sframe-transform","message":"encrypted frame","context":{"kid":9,"ctr":7,"byteLength":62,"codecOffset":10}}

{"level":30,"time":1781942814238,"pid":39960,"hostname":"Quang","name":"canary/verifier","canaryKid":9,"mediaPackets":7,"byteIdentical":7,"divergences":1,"msg":"canary forwarding verified"}
[90mstdout[2m | apps/validator-daemon/src/canary/__tests__/verify-loop.test.ts[2m > [22m[2mREQ-CFA-042 — state.relayStunLossBps is READ as the classifier stunPacketLossBps arg[2m > [22m[2mthe submitted proof carries the audited relay + the diverged frameSeq + >=2 DISTINCT attesters
[22m[39m{"timestamp":"2026-06-20T08:06:54.238Z","level":"INFO","source":"frontend","module":"webrtc/sframe-transform","message":"encrypted frame","context":{"kid":9,"ctr":0,"byteLength":62,"codecOffset":10}}

[90mstdout[2m | apps/validator-daemon/src/canary/__tests__/verify-loop.test.ts[2m > [22m[2mREQ-CFA-042 — state.relayStunLossBps is READ as the classifier stunPacketLossBps arg[2m > [22m[2mthe submitted proof carries the audited relay + the diverged frameSeq + >=2 DISTINCT attesters
[22m[39m{"timestamp":"2026-06-20T08:06:54.238Z","level":"INFO","source":"frontend","module":"webrtc/sframe-transform","message":"encrypted frame","context":{"kid":9,"ctr":1,"byteLength":62,"codecOffset":10}}

[90mstdout[2m | apps/validator-daemon/src/canary/__tests__/verify-loop.test.ts[2m > [22m[2mREQ-CFA-042 — state.relayStunLossBps is READ as the classifier stunPacketLossBps arg[2m > [22m[2mthe submitted proof carries the audited relay + the diverged frameSeq + >=2 DISTINCT attesters
[22m[39m{"timestamp":"2026-06-20T08:06:54.239Z","level":"INFO","source":"frontend","module":"webrtc/sframe-transform","message":"encrypted frame","context":{"kid":9,"ctr":2,"byteLength":62,"codecOffset":10}}

[90mstdout[2m | apps/validator-daemon/src/canary/__tests__/verify-loop.test.ts[2m > [22m[2mREQ-CFA-042 — state.relayStunLossBps is READ as the classifier stunPacketLossBps arg[2m > [22m[2mthe submitted proof carries the audited relay + the diverged frameSeq + >=2 DISTINCT attesters
[22m[39m{"timestamp":"2026-06-20T08:06:54.239Z","level":"INFO","source":"frontend","module":"webrtc/sframe-transform","message":"encrypted frame","context":{"kid":9,"ctr":3,"byteLength":62,"codecOffset":10}}

[90mstdout[2m | apps/validator-daemon/src/canary/__tests__/verify-loop.test.ts[2m > [22m[2mREQ-CFA-042 — state.relayStunLossBps is READ as the classifier stunPacketLossBps arg[2m > [22m[2mthe submitted proof carries the audited relay + the diverged frameSeq + >=2 DISTINCT attesters
[22m[39m{"timestamp":"2026-06-20T08:06:54.240Z","level":"INFO","source":"frontend","module":"webrtc/sframe-transform","message":"encrypted frame","context":{"kid":9,"ctr":4,"byteLength":62,"codecOffset":10}}

[90mstdout[2m | apps/validator-daemon/src/canary/__tests__/verify-loop.test.ts[2m > [22m[2mREQ-CFA-042 — state.relayStunLossBps is READ as the classifier stunPacketLossBps arg[2m > [22m[2mthe submitted proof carries the audited relay + the diverged frameSeq + >=2 DISTINCT attesters
[22m[39m{"timestamp":"2026-06-20T08:06:54.240Z","level":"INFO","source":"frontend","module":"webrtc/sframe-transform","message":"encrypted frame","context":{"kid":9,"ctr":5,"byteLength":62,"codecOffset":10}}

[90mstdout[2m | apps/validator-daemon/src/canary/__tests__/verify-loop.test.ts[2m > [22m[2mREQ-CFA-042 — state.relayStunLossBps is READ as the classifier stunPacketLossBps arg[2m > [22m[2mthe submitted proof carries the audited relay + the diverged frameSeq + >=2 DISTINCT attesters
[22m[39m{"timestamp":"2026-06-20T08:06:54.241Z","level":"INFO","source":"frontend","module":"webrtc/sframe-transform","message":"encrypted frame","context":{"kid":9,"ctr":6,"byteLength":62,"codecOffset":10}}

[90mstdout[2m | apps/validator-daemon/src/canary/__tests__/verify-loop.test.ts[2m > [22m[2mREQ-CFA-042 — state.relayStunLossBps is READ as the classifier stunPacketLossBps arg[2m > [22m[2mthe submitted proof carries the audited relay + the diverged frameSeq + >=2 DISTINCT attesters
[22m[39m{"timestamp":"2026-06-20T08:06:54.241Z","level":"INFO","source":"frontend","module":"webrtc/sframe-transform","message":"encrypted frame","context":{"kid":9,"ctr":7,"byteLength":62,"codecOffset":10}}

{"level":30,"time":1781942814242,"pid":39960,"hostname":"Quang","name":"canary/verifier","canaryKid":9,"mediaPackets":7,"byteIdentical":7,"divergences":1,"msg":"canary forwarding verified"}
{"level":30,"time":1781942814242,"pid":39960,"hostname":"Quang","name":"canary/loss-classifier","relayMinerId":"relay-under-audit","promoted":0,"absorbed":1,"tampers":0,"cumulativeCrossed":false,"msg":"canary divergences classified (drop gate / tamper p=1)"}
{"level":30,"time":1781942814242,"pid":39960,"hostname":"Quang","name":"canary/verify-loop","round":3,"relayMinerId":"relay-under-audit","roomId":"verify-loop-room","perReceiver":2,"promoted":0,"absorbed":1,"stunLossBps":"0","msg":"canary verify round classified (hermetic half — synthetic capture, STUN read live)"}
[90mstdout[2m | apps/validator-daemon/src/canary/__tests__/verify-loop.test.ts[2m > [22m[2mREQ-CFA-042 — state.relayStunLossBps is READ as the classifier stunPacketLossBps arg[2m > [22m[2mthe submitted proof carries the audited relay + the diverged frameSeq + >=2 DISTINCT attesters
[22m[39m{"timestamp":"2026-06-20T08:06:54.242Z","level":"INFO","source":"frontend","module":"webrtc/sframe-transform","message":"encrypted frame","context":{"kid":9,"ctr":0,"byteLength":62,"codecOffset":10}}

[90mstdout[2m | apps/validator-daemon/src/canary/__tests__/verify-loop.test.ts[2m > [22m[2mREQ-CFA-042 — state.relayStunLossBps is READ as the classifier stunPacketLossBps arg[2m > [22m[2mthe submitted proof carries the audited relay + the diverged frameSeq + >=2 DISTINCT attesters
[22m[39m{"timestamp":"2026-06-20T08:06:54.243Z","level":"INFO","source":"frontend","module":"webrtc/sframe-transform","message":"encrypted frame","context":{"kid":9,"ctr":1,"byteLength":62,"codecOffset":10}}

[90mstdout[2m | apps/validator-daemon/src/canary/__tests__/verify-loop.test.ts[2m > [22m[2mREQ-CFA-042 — state.relayStunLossBps is READ as the classifier stunPacketLossBps arg[2m > [22m[2mthe submitted proof carries the audited relay + the diverged frameSeq + >=2 DISTINCT attesters
[22m[39m{"timestamp":"2026-06-20T08:06:54.243Z","level":"INFO","source":"frontend","module":"webrtc/sframe-transform","message":"encrypted frame","context":{"kid":9,"ctr":2,"byteLength":62,"codecOffset":10}}

[90mstdout[2m | apps/validator-daemon/src/canary/__tests__/verify-loop.test.ts[2m > [22m[2mREQ-CFA-042 — state.relayStunLossBps is READ as the classifier stunPacketLossBps arg[2m > [22m[2mthe submitted proof carries the audited relay + the diverged frameSeq + >=2 DISTINCT attesters
[22m[39m{"timestamp":"2026-06-20T08:06:54.244Z","level":"INFO","source":"frontend","module":"webrtc/sframe-transform","message":"encrypted frame","context":{"kid":9,"ctr":3,"byteLength":62,"codecOffset":10}}

[90mstdout[2m | apps/validator-daemon/src/canary/__tests__/verify-loop.test.ts[2m > [22m[2mREQ-CFA-042 — state.relayStunLossBps is READ as the classifier stunPacketLossBps arg[2m > [22m[2mthe submitted proof carries the audited relay + the diverged frameSeq + >=2 DISTINCT attesters
[22m[39m{"timestamp":"2026-06-20T08:06:54.244Z","level":"INFO","source":"frontend","module":"webrtc/sframe-transform","message":"encrypted frame","context":{"kid":9,"ctr":4,"byteLength":62,"codecOffset":10}}

[90mstdout[2m | apps/validator-daemon/src/canary/__tests__/verify-loop.test.ts[2m > [22m[2mREQ-CFA-042 — state.relayStunLossBps is READ as the classifier stunPacketLossBps arg[2m > [22m[2mthe submitted proof carries the audited relay + the diverged frameSeq + >=2 DISTINCT attesters
[22m[39m{"timestamp":"2026-06-20T08:06:54.245Z","level":"INFO","source":"frontend","module":"webrtc/sframe-transform","message":"encrypted frame","context":{"kid":9,"ctr":6,"byteLength":62,"codecOffset":10}}

[90mstdout[2m | apps/validator-daemon/src/canary/__tests__/verify-loop.test.ts[2m > [22m[2mREQ-CFA-042 — state.relayStunLossBps is READ as the classifier stunPacketLossBps arg[2m > [22m[2mthe submitted proof carries the audited relay + the diverged frameSeq + >=2 DISTINCT attesters
[22m[39m{"timestamp":"2026-06-20T08:06:54.245Z","level":"INFO","source":"frontend","module":"webrtc/sframe-transform","message":"encrypted frame","context":{"kid":9,"ctr":7,"byteLength":62,"codecOffset":10}}

[90mstdout[2m | apps/validator-daemon/src/canary/__tests__/verify-loop.test.ts[2m > [22m[2mREQ-CFA-042 — state.relayStunLossBps is READ as the classifier stunPacketLossBps arg[2m > [22m[2mthe submitted proof carries the audited relay + the diverged frameSeq + >=2 DISTINCT attesters
[22m[39m{"timestamp":"2026-06-20T08:06:54.246Z","level":"INFO","source":"frontend","module":"webrtc/sframe-transform","message":"encrypted frame","context":{"kid":9,"ctr":0,"byteLength":62,"codecOffset":10}}

[90mstdout[2m | apps/validator-daemon/src/canary/__tests__/verify-loop.test.ts[2m > [22m[2mREQ-CFA-042 — state.relayStunLossBps is READ as the classifier stunPacketLossBps arg[2m > [22m[2mthe submitted proof carries the audited relay + the diverged frameSeq + >=2 DISTINCT attesters
[22m[39m{"timestamp":"2026-06-20T08:06:54.246Z","level":"INFO","source":"frontend","module":"webrtc/sframe-transform","message":"encrypted frame","context":{"kid":9,"ctr":1,"byteLength":62,"codecOffset":10}}

[90mstdout[2m | apps/validator-daemon/src/canary/__tests__/verify-loop.test.ts[2m > [22m[2mREQ-CFA-042 — state.relayStunLossBps is READ as the classifier stunPacketLossBps arg[2m > [22m[2mthe submitted proof carries the audited relay + the diverged frameSeq + >=2 DISTINCT attesters
[22m[39m{"timestamp":"2026-06-20T08:06:54.247Z","level":"INFO","source":"frontend","module":"webrtc/sframe-transform","message":"encrypted frame","context":{"kid":9,"ctr":2,"byteLength":62,"codecOffset":10}}

[90mstdout[2m | apps/validator-daemon/src/canary/__tests__/verify-loop.test.ts[2m > [22m[2mREQ-CFA-042 — state.relayStunLossBps is READ as the classifier stunPacketLossBps arg[2m > [22m[2mthe submitted proof carries the audited relay + the diverged frameSeq + >=2 DISTINCT attesters
[22m[39m{"timestamp":"2026-06-20T08:06:54.247Z","level":"INFO","source":"frontend","module":"webrtc/sframe-transform","message":"encrypted frame","context":{"kid":9,"ctr":3,"byteLength":62,"codecOffset":10}}

[90mstdout[2m | apps/validator-daemon/src/canary/__tests__/verify-loop.test.ts[2m > [22m[2mREQ-CFA-042 — state.relayStunLossBps is READ as the classifier stunPacketLossBps arg[2m > [22m[2mthe submitted proof carries the audited relay + the diverged frameSeq + >=2 DISTINCT attesters
[22m[39m{"timestamp":"2026-06-20T08:06:54.247Z","level":"INFO","source":"frontend","module":"webrtc/sframe-transform","message":"encrypted frame","context":{"kid":9,"ctr":4,"byteLength":62,"codecOffset":10}}

[90mstdout[2m | apps/validator-daemon/src/canary/__tests__/verify-loop.test.ts[2m > [22m[2mREQ-CFA-042 — state.relayStunLossBps is READ as the classifier stunPacketLossBps arg[2m > [22m[2mthe submitted proof carries the audited relay + the diverged frameSeq + >=2 DISTINCT attesters
[22m[39m{"timestamp":"2026-06-20T08:06:54.248Z","level":"INFO","source":"frontend","module":"webrtc/sframe-transform","message":"encrypted frame","context":{"kid":9,"ctr":5,"byteLength":62,"codecOffset":10}}

[90mstdout[2m | apps/validator-daemon/src/canary/__tests__/verify-loop.test.ts[2m > [22m[2mREQ-CFA-042 — state.relayStunLossBps is READ as the classifier stunPacketLossBps arg[2m > [22m[2mthe submitted proof carries the audited relay + the diverged frameSeq + >=2 DISTINCT attesters
[22m[39m{"timestamp":"2026-06-20T08:06:54.248Z","level":"INFO","source":"frontend","module":"webrtc/sframe-transform","message":"encrypted frame","context":{"kid":9,"ctr":6,"byteLength":62,"codecOffset":10}}

[90mstdout[2m | apps/validator-daemon/src/canary/__tests__/verify-loop.test.ts[2m > [22m[2mREQ-CFA-042 — state.relayStunLossBps is READ as the classifier stunPacketLossBps arg[2m > [22m[2mthe submitted proof carries the audited relay + the diverged frameSeq + >=2 DISTINCT attesters
[22m[39m{"timestamp":"2026-06-20T08:06:54.249Z","level":"INFO","source":"frontend","module":"webrtc/sframe-transform","message":"encrypted frame","context":{"kid":9,"ctr":7,"byteLength":62,"codecOffset":10}}

{"level":30,"time":1781942814249,"pid":39960,"hostname":"Quang","name":"canary/verifier","canaryKid":9,"mediaPackets":7,"byteIdentical":7,"divergences":1,"msg":"canary forwarding verified"}
[90mstdout[2m | apps/validator-daemon/src/canary/__tests__/verify-loop.test.ts[2m > [22m[2mREQ-CFA-042 — state.relayStunLossBps is READ as the classifier stunPacketLossBps arg[2m > [22m[2mthe submitted proof carries the audited relay + the diverged frameSeq + >=2 DISTINCT attesters
[22m[39m{"timestamp":"2026-06-20T08:06:54.249Z","level":"INFO","source":"frontend","module":"webrtc/sframe-transform","message":"encrypted frame","context":{"kid":9,"ctr":0,"byteLength":62,"codecOffset":10}}

[90mstdout[2m | apps/validator-daemon/src/canary/__tests__/verify-loop.test.ts[2m > [22m[2mREQ-CFA-042 — state.relayStunLossBps is READ as the classifier stunPacketLossBps arg[2m > [22m[2mthe submitted proof carries the audited relay + the diverged frameSeq + >=2 DISTINCT attesters
[22m[39m{"timestamp":"2026-06-20T08:06:54.250Z","level":"INFO","source":"frontend","module":"webrtc/sframe-transform","message":"encrypted frame","context":{"kid":9,"ctr":1,"byteLength":62,"codecOffset":10}}

[90mstdout[2m | apps/validator-daemon/src/canary/__tests__/verify-loop.test.ts[2m > [22m[2mREQ-CFA-042 — state.relayStunLossBps is READ as the classifier stunPacketLossBps arg[2m > [22m[2mthe submitted proof carries the audited relay + the diverged frameSeq + >=2 DISTINCT attesters
[22m[39m{"timestamp":"2026-06-20T08:06:54.250Z","level":"INFO","source":"frontend","module":"webrtc/sframe-transform","message":"encrypted frame","context":{"kid":9,"ctr":2,"byteLength":62,"codecOffset":10}}

[90mstdout[2m | apps/validator-daemon/src/canary/__tests__/verify-loop.test.ts[2m > [22m[2mREQ-CFA-042 — state.relayStunLossBps is READ as the classifier stunPacketLossBps arg[2m > [22m[2mthe submitted proof carries the audited relay + the diverged frameSeq + >=2 DISTINCT attesters
[22m[39m{"timestamp":"2026-06-20T08:06:54.250Z","level":"INFO","source":"frontend","module":"webrtc/sframe-transform","message":"encrypted frame","context":{"kid":9,"ctr":3,"byteLength":62,"codecOffset":10}}

[90mstdout[2m | apps/validator-daemon/src/canary/__tests__/verify-loop.test.ts[2m > [22m[2mREQ-CFA-042 — state.relayStunLossBps is READ as the classifier stunPacketLossBps arg[2m > [22m[2mthe submitted proof carries the audited relay + the diverged frameSeq + >=2 DISTINCT attesters
[22m[39m{"timestamp":"2026-06-20T08:06:54.251Z","level":"INFO","source":"frontend","module":"webrtc/sframe-transform","message":"encrypted frame","context":{"kid":9,"ctr":4,"byteLength":62,"codecOffset":10}}

[90mstdout[2m | apps/validator-daemon/src/canary/__tests__/verify-loop.test.ts[2m > [22m[2mREQ-CFA-042 — state.relayStunLossBps is READ as the classifier stunPacketLossBps arg[2m > [22m[2mthe submitted proof carries the audited relay + the diverged frameSeq + >=2 DISTINCT attesters
[22m[39m{"timestamp":"2026-06-20T08:06:54.251Z","level":"INFO","source":"frontend","module":"webrtc/sframe-transform","message":"encrypted frame","context":{"kid":9,"ctr":5,"byteLength":62,"codecOffset":10}}

[90mstdout[2m | apps/validator-daemon/src/canary/__tests__/verify-loop.test.ts[2m > [22m[2mREQ-CFA-042 — state.relayStunLossBps is READ as the classifier stunPacketLossBps arg[2m > [22m[2mthe submitted proof carries the audited relay + the diverged frameSeq + >=2 DISTINCT attesters
[22m[39m{"timestamp":"2026-06-20T08:06:54.252Z","level":"INFO","source":"frontend","module":"webrtc/sframe-transform","message":"encrypted frame","context":{"kid":9,"ctr":6,"byteLength":62,"codecOffset":10}}

[90mstdout[2m | apps/validator-daemon/src/canary/__tests__/verify-loop.test.ts[2m > [22m[2mREQ-CFA-042 — state.relayStunLossBps is READ as the classifier stunPacketLossBps arg[2m > [22m[2mthe submitted proof carries the audited relay + the diverged frameSeq + >=2 DISTINCT attesters
[22m[39m{"timestamp":"2026-06-20T08:06:54.252Z","level":"INFO","source":"frontend","module":"webrtc/sframe-transform","message":"encrypted frame","context":{"kid":9,"ctr":7,"byteLength":62,"codecOffset":10}}

{"level":30,"time":1781942814252,"pid":39960,"hostname":"Quang","name":"canary/verifier","canaryKid":9,"mediaPackets":7,"byteIdentical":7,"divergences":1,"msg":"canary forwarding verified"}
{"level":30,"time":1781942814252,"pid":39960,"hostname":"Quang","name":"canary/loss-classifier","relayMinerId":"relay-under-audit","promoted":0,"absorbed":1,"tampers":0,"cumulativeCrossed":false,"msg":"canary divergences classified (drop gate / tamper p=1)"}
{"level":30,"time":1781942814252,"pid":39960,"hostname":"Quang","name":"canary/verify-loop","round":3,"relayMinerId":"relay-under-audit","roomId":"verify-loop-room","perReceiver":2,"promoted":0,"absorbed":1,"stunLossBps":"0","msg":"canary verify round classified (hermetic half — synthetic capture, STUN read live)"}
[90mstdout[2m | apps/validator-daemon/src/canary/__tests__/verify-loop.test.ts[2m > [22m[2mREQ-CFA-042 — state.relayStunLossBps is READ as the classifier stunPacketLossBps arg[2m > [22m[2mthe submitted proof carries the audited relay + the diverged frameSeq + >=2 DISTINCT attesters
[22m[39m{"timestamp":"2026-06-20T08:06:54.253Z","level":"INFO","source":"frontend","module":"webrtc/sframe-transform","message":"encrypted frame","context":{"kid":9,"ctr":0,"byteLength":62,"codecOffset":10}}

[90mstdout[2m | apps/validator-daemon/src/canary/__tests__/verify-loop.test.ts[2m > [22m[2mREQ-CFA-042 — state.relayStunLossBps is READ as the classifier stunPacketLossBps arg[2m > [22m[2mthe submitted proof carries the audited relay + the diverged frameSeq + >=2 DISTINCT attesters
[22m[39m{"timestamp":"2026-06-20T08:06:54.253Z","level":"INFO","source":"frontend","module":"webrtc/sframe-transform","message":"encrypted frame","context":{"kid":9,"ctr":1,"byteLength":62,"codecOffset":10}}

[90mstdout[2m | apps/validator-daemon/src/canary/__tests__/verify-loop.test.ts[2m > [22m[2mREQ-CFA-042 — state.relayStunLossBps is READ as the classifier stunPacketLossBps arg[2m > [22m[2mthe submitted proof carries the audited relay + the diverged frameSeq + >=2 DISTINCT attesters
[22m[39m{"timestamp":"2026-06-20T08:06:54.254Z","level":"INFO","source":"frontend","module":"webrtc/sframe-transform","message":"encrypted frame","context":{"kid":9,"ctr":2,"byteLength":62,"codecOffset":10}}

[90mstdout[2m | apps/validator-daemon/src/canary/__tests__/verify-loop.test.ts[2m > [22m[2mREQ-CFA-042 — state.relayStunLossBps is READ as the classifier stunPacketLossBps arg[2m > [22m[2mthe submitted proof carries the audited relay + the diverged frameSeq + >=2 DISTINCT attesters
[22m[39m{"timestamp":"2026-06-20T08:06:54.254Z","level":"INFO","source":"frontend","module":"webrtc/sframe-transform","message":"encrypted frame","context":{"kid":9,"ctr":3,"byteLength":62,"codecOffset":10}}

[90mstdout[2m | apps/validator-daemon/src/canary/__tests__/verify-loop.test.ts[2m > [22m[2mREQ-CFA-042 — state.relayStunLossBps is READ as the classifier stunPacketLossBps arg[2m > [22m[2mthe submitted proof carries the audited relay + the diverged frameSeq + >=2 DISTINCT attesters
[22m[39m{"timestamp":"2026-06-20T08:06:54.255Z","level":"INFO","source":"frontend","module":"webrtc/sframe-transform","message":"encrypted frame","context":{"kid":9,"ctr":4,"byteLength":62,"codecOffset":10}}

[90mstdout[2m | apps/validator-daemon/src/canary/__tests__/verify-loop.test.ts[2m > [22m[2mREQ-CFA-042 — state.relayStunLossBps is READ as the classifier stunPacketLossBps arg[2m > [22m[2mthe submitted proof carries the audited relay + the diverged frameSeq + >=2 DISTINCT attesters
[22m[39m{"timestamp":"2026-06-20T08:06:54.256Z","level":"INFO","source":"frontend","module":"webrtc/sframe-transform","message":"encrypted frame","context":{"kid":9,"ctr":6,"byteLength":62,"codecOffset":10}}

[90mstdout[2m | apps/validator-daemon/src/canary/__tests__/verify-loop.test.ts[2m > [22m[2mREQ-CFA-042 — state.relayStunLossBps is READ as the classifier stunPacketLossBps arg[2m > [22m[2mthe submitted proof carries the audited relay + the diverged frameSeq + >=2 DISTINCT attesters
[22m[39m{"timestamp":"2026-06-20T08:06:54.256Z","level":"INFO","source":"frontend","module":"webrtc/sframe-transform","message":"encrypted frame","context":{"kid":9,"ctr":7,"byteLength":62,"codecOffset":10}}

[90mstdout[2m | apps/validator-daemon/src/canary/__tests__/verify-loop.test.ts[2m > [22m[2mREQ-CFA-042 — state.relayStunLossBps is READ as the classifier stunPacketLossBps arg[2m > [22m[2mthe submitted proof carries the audited relay + the diverged frameSeq + >=2 DISTINCT attesters
[22m[39m{"timestamp":"2026-06-20T08:06:54.256Z","level":"INFO","source":"frontend","module":"webrtc/sframe-transform","message":"encrypted frame","context":{"kid":9,"ctr":0,"byteLength":62,"codecOffset":10}}

[90mstdout[2m | apps/validator-daemon/src/canary/__tests__/verify-loop.test.ts[2m > [22m[2mREQ-CFA-042 — state.relayStunLossBps is READ as the classifier stunPacketLossBps arg[2m > [22m[2mthe submitted proof carries the audited relay + the diverged frameSeq + >=2 DISTINCT attesters
[22m[39m{"timestamp":"2026-06-20T08:06:54.257Z","level":"INFO","source":"frontend","module":"webrtc/sframe-transform","message":"encrypted frame","context":{"kid":9,"ctr":1,"byteLength":62,"codecOffset":10}}

[90mstdout[2m | apps/validator-daemon/src/canary/__tests__/verify-loop.test.ts[2m > [22m[2mREQ-CFA-042 — state.relayStunLossBps is READ as the classifier stunPacketLossBps arg[2m > [22m[2mthe submitted proof carries the audited relay + the diverged frameSeq + >=2 DISTINCT attesters
[22m[39m{"timestamp":"2026-06-20T08:06:54.258Z","level":"INFO","source":"frontend","module":"webrtc/sframe-transform","message":"encrypted frame","context":{"kid":9,"ctr":2,"byteLength":62,"codecOffset":10}}

[90mstdout[2m | apps/validator-daemon/src/canary/__tests__/verify-loop.test.ts[2m > [22m[2mREQ-CFA-042 — state.relayStunLossBps is READ as the classifier stunPacketLossBps arg[2m > [22m[2mthe submitted proof carries the audited relay + the diverged frameSeq + >=2 DISTINCT attesters
[22m[39m{"timestamp":"2026-06-20T08:06:54.258Z","level":"INFO","source":"frontend","module":"webrtc/sframe-transform","message":"encrypted frame","context":{"kid":9,"ctr":3,"byteLength":62,"codecOffset":10}}

[90mstdout[2m | apps/validator-daemon/src/canary/__tests__/verify-loop.test.ts[2m > [22m[2mREQ-CFA-042 — state.relayStunLossBps is READ as the classifier stunPacketLossBps arg[2m > [22m[2mthe submitted proof carries the audited relay + the diverged frameSeq + >=2 DISTINCT attesters
[22m[39m{"timestamp":"2026-06-20T08:06:54.258Z","level":"INFO","source":"frontend","module":"webrtc/sframe-transform","message":"encrypted frame","context":{"kid":9,"ctr":4,"byteLength":62,"codecOffset":10}}

[90mstdout[2m | apps/validator-daemon/src/canary/__tests__/verify-loop.test.ts[2m > [22m[2mREQ-CFA-042 — state.relayStunLossBps is READ as the classifier stunPacketLossBps arg[2m > [22m[2mthe submitted proof carries the audited relay + the diverged frameSeq + >=2 DISTINCT attesters
[22m[39m{"timestamp":"2026-06-20T08:06:54.259Z","level":"INFO","source":"frontend","module":"webrtc/sframe-transform","message":"encrypted frame","context":{"kid":9,"ctr":5,"byteLength":62,"codecOffset":10}}

[90mstdout[2m | apps/validator-daemon/src/canary/__tests__/verify-loop.test.ts[2m > [22m[2mREQ-CFA-042 — state.relayStunLossBps is READ as the classifier stunPacketLossBps arg[2m > [22m[2mthe submitted proof carries the audited relay + the diverged frameSeq + >=2 DISTINCT attesters
[22m[39m{"timestamp":"2026-06-20T08:06:54.259Z","level":"INFO","source":"frontend","module":"webrtc/sframe-transform","message":"encrypted frame","context":{"kid":9,"ctr":6,"byteLength":62,"codecOffset":10}}

[90mstdout[2m | apps/validator-daemon/src/canary/__tests__/verify-loop.test.ts[2m > [22m[2mREQ-CFA-042 — state.relayStunLossBps is READ as the classifier stunPacketLossBps arg[2m > [22m[2mthe submitted proof carries the audited relay + the diverged frameSeq + >=2 DISTINCT attesters
[22m[39m{"timestamp":"2026-06-20T08:06:54.260Z","level":"INFO","source":"frontend","module":"webrtc/sframe-transform","message":"encrypted frame","context":{"kid":9,"ctr":7,"byteLength":62,"codecOffset":10}}

{"level":30,"time":1781942814260,"pid":39960,"hostname":"Quang","name":"canary/verifier","canaryKid":9,"mediaPackets":7,"byteIdentical":7,"divergences":1,"msg":"canary forwarding verified"}
[90mstdout[2m | apps/validator-daemon/src/canary/__tests__/verify-loop.test.ts[2m > [22m[2mREQ-CFA-042 — state.relayStunLossBps is READ as the classifier stunPacketLossBps arg[2m > [22m[2mthe submitted proof carries the audited relay + the diverged frameSeq + >=2 DISTINCT attesters
[22m[39m{"timestamp":"2026-06-20T08:06:54.260Z","level":"INFO","source":"frontend","module":"webrtc/sframe-transform","message":"encrypted frame","context":{"kid":9,"ctr":0,"byteLength":62,"codecOffset":10}}

[90mstdout[2m | apps/validator-daemon/src/canary/__tests__/verify-loop.test.ts[2m > [22m[2mREQ-CFA-042 — state.relayStunLossBps is READ as the classifier stunPacketLossBps arg[2m > [22m[2mthe submitted proof carries the audited relay + the diverged frameSeq + >=2 DISTINCT attesters
[22m[39m{"timestamp":"2026-06-20T08:06:54.261Z","level":"INFO","source":"frontend","module":"webrtc/sframe-transform","message":"encrypted frame","context":{"kid":9,"ctr":1,"byteLength":62,"codecOffset":10}}

[90mstdout[2m | apps/validator-daemon/src/canary/__tests__/verify-loop.test.ts[2m > [22m[2mREQ-CFA-042 — state.relayStunLossBps is READ as the classifier stunPacketLossBps arg[2m > [22m[2mthe submitted proof carries the audited relay + the diverged frameSeq + >=2 DISTINCT attesters
[22m[39m{"timestamp":"2026-06-20T08:06:54.262Z","level":"INFO","source":"frontend","module":"webrtc/sframe-transform","message":"encrypted frame","context":{"kid":9,"ctr":2,"byteLength":62,"codecOffset":10}}

[90mstdout[2m | apps/validator-daemon/src/canary/__tests__/verify-loop.test.ts[2m > [22m[2mREQ-CFA-042 — state.relayStunLossBps is READ as the classifier stunPacketLossBps arg[2m > [22m[2mthe submitted proof carries the audited relay + the diverged frameSeq + >=2 DISTINCT attesters
[22m[39m{"timestamp":"2026-06-20T08:06:54.262Z","level":"INFO","source":"frontend","module":"webrtc/sframe-transform","message":"encrypted frame","context":{"kid":9,"ctr":3,"byteLength":62,"codecOffset":10}}

[90mstdout[2m | apps/validator-daemon/src/canary/__tests__/verify-loop.test.ts[2m > [22m[2mREQ-CFA-042 — state.relayStunLossBps is READ as the classifier stunPacketLossBps arg[2m > [22m[2mthe submitted proof carries the audited relay + the diverged frameSeq + >=2 DISTINCT attesters
[22m[39m{"timestamp":"2026-06-20T08:06:54.262Z","level":"INFO","source":"frontend","module":"webrtc/sframe-transform","message":"encrypted frame","context":{"kid":9,"ctr":4,"byteLength":62,"codecOffset":10}}

[90mstdout[2m | apps/validator-daemon/src/canary/__tests__/verify-loop.test.ts[2m > [22m[2mREQ-CFA-042 — state.relayStunLossBps is READ as the classifier stunPacketLossBps arg[2m > [22m[2mthe submitted proof carries the audited relay + the diverged frameSeq + >=2 DISTINCT attesters
[22m[39m{"timestamp":"2026-06-20T08:06:54.263Z","level":"INFO","source":"frontend","module":"webrtc/sframe-transform","message":"encrypted frame","context":{"kid":9,"ctr":5,"byteLength":62,"codecOffset":10}}

[90mstdout[2m | apps/validator-daemon/src/canary/__tests__/verify-loop.test.ts[2m > [22m[2mREQ-CFA-042 — state.relayStunLossBps is READ as the classifier stunPacketLossBps arg[2m > [22m[2mthe submitted proof carries the audited relay + the diverged frameSeq + >=2 DISTINCT attesters
[22m[39m{"timestamp":"2026-06-20T08:06:54.265Z","level":"INFO","source":"frontend","module":"webrtc/sframe-transform","message":"encrypted frame","context":{"kid":9,"ctr":6,"byteLength":62,"codecOffset":10}}

[90mstdout[2m | apps/validator-daemon/src/canary/__tests__/verify-loop.test.ts[2m > [22m[2mREQ-CFA-042 — state.relayStunLossBps is READ as the classifier stunPacketLossBps arg[2m > [22m[2mthe submitted proof carries the audited relay + the diverged frameSeq + >=2 DISTINCT attesters
[22m[39m{"timestamp":"2026-06-20T08:06:54.266Z","level":"INFO","source":"frontend","module":"webrtc/sframe-transform","message":"encrypted frame","context":{"kid":9,"ctr":7,"byteLength":62,"codecOffset":10}}

{"level":30,"time":1781942814266,"pid":39960,"hostname":"Quang","name":"canary/verifier","canaryKid":9,"mediaPackets":7,"byteIdentical":7,"divergences":1,"msg":"canary forwarding verified"}
{"level":30,"time":1781942814266,"pid":39960,"hostname":"Quang","name":"canary/loss-classifier","relayMinerId":"relay-under-audit","promoted":1,"absorbed":0,"tampers":0,"cumulativeCrossed":true,"msg":"canary divergences classified (drop gate / tamper p=1)"}
{"level":30,"time":1781942814267,"pid":39960,"hostname":"Quang","name":"canary/verify-loop","round":4,"relayMinerId":"relay-under-audit","roomId":"verify-loop-room","perReceiver":2,"promoted":1,"absorbed":0,"stunLossBps":"0","msg":"canary verify round classified (hermetic half — synthetic capture, STUN read live)"}
[90mstdout[2m | apps/validator-daemon/src/canary/__tests__/verify-loop.test.ts[2m > [22m[2mREQ-CFA-042 — state.relayStunLossBps is READ as the classifier stunPacketLossBps arg[2m > [22m[2mthe submitted proof carries the audited relay + the diverged frameSeq + >=2 DISTINCT attesters
[22m[39m{"timestamp":"2026-06-20T08:06:54.269Z","level":"INFO","source":"frontend","module":"webrtc/sframe-transform","message":"encrypted frame","context":{"kid":9,"ctr":0,"byteLength":62,"codecOffset":10}}

[90mstdout[2m | apps/validator-daemon/src/canary/__tests__/verify-loop.test.ts[2m > [22m[2mREQ-CFA-042 — state.relayStunLossBps is READ as the classifier stunPacketLossBps arg[2m > [22m[2mthe submitted proof carries the audited relay + the diverged frameSeq + >=2 DISTINCT attesters
[22m[39m{"timestamp":"2026-06-20T08:06:54.270Z","level":"INFO","source":"frontend","module":"webrtc/sframe-transform","message":"encrypted frame","context":{"kid":9,"ctr":1,"byteLength":62,"codecOffset":10}}

[90mstdout[2m | apps/validator-daemon/src/canary/__tests__/verify-loop.test.ts[2m > [22m[2mREQ-CFA-042 — state.relayStunLossBps is READ as the classifier stunPacketLossBps arg[2m > [22m[2mthe submitted proof carries the audited relay + the diverged frameSeq + >=2 DISTINCT attesters
[22m[39m{"timestamp":"2026-06-20T08:06:54.270Z","level":"INFO","source":"frontend","module":"webrtc/sframe-transform","message":"encrypted frame","context":{"kid":9,"ctr":2,"byteLength":62,"codecOffset":10}}

[90mstdout[2m | apps/validator-daemon/src/canary/__tests__/verify-loop.test.ts[2m > [22m[2mREQ-CFA-042 — state.relayStunLossBps is READ as the classifier stunPacketLossBps arg[2m > [22m[2mthe submitted proof carries the audited relay + the diverged frameSeq + >=2 DISTINCT attesters
[22m[39m{"timestamp":"2026-06-20T08:06:54.271Z","level":"INFO","source":"frontend","module":"webrtc/sframe-transform","message":"encrypted frame","context":{"kid":9,"ctr":3,"byteLength":62,"codecOffset":10}}

[90mstdout[2m | apps/validator-daemon/src/canary/__tests__/verify-loop.test.ts[2m > [22m[2mREQ-CFA-042 — state.relayStunLossBps is READ as the classifier stunPacketLossBps arg[2m > [22m[2mthe submitted proof carries the audited relay + the diverged frameSeq + >=2 DISTINCT attesters
[22m[39m{"timestamp":"2026-06-20T08:06:54.271Z","level":"INFO","source":"frontend","module":"webrtc/sframe-transform","message":"encrypted frame","context":{"kid":9,"ctr":4,"byteLength":62,"codecOffset":10}}

[90mstdout[2m | apps/validator-daemon/src/canary/__tests__/verify-loop.test.ts[2m > [22m[2mREQ-CFA-042 — state.relayStunLossBps is READ as the classifier stunPacketLossBps arg[2m > [22m[2mthe submitted proof carries the audited relay + the diverged frameSeq + >=2 DISTINCT attesters
[22m[39m{"timestamp":"2026-06-20T08:06:54.272Z","level":"INFO","source":"frontend","module":"webrtc/sframe-transform","message":"encrypted frame","context":{"kid":9,"ctr":6,"byteLength":62,"codecOffset":10}}

[90mstdout[2m | apps/validator-daemon/src/canary/__tests__/verify-loop.test.ts[2m > [22m[2mREQ-CFA-042 — state.relayStunLossBps is READ as the classifier stunPacketLossBps arg[2m > [22m[2mthe submitted proof carries the audited relay + the diverged frameSeq + >=2 DISTINCT attesters
[22m[39m{"timestamp":"2026-06-20T08:06:54.272Z","level":"INFO","source":"frontend","module":"webrtc/sframe-transform","message":"encrypted frame","context":{"kid":9,"ctr":7,"byteLength":62,"codecOffset":10}}

[90mstdout[2m | apps/validator-daemon/src/canary/__tests__/verify-loop.test.ts[2m > [22m[2mREQ-CFA-042 — state.relayStunLossBps is READ as the classifier stunPacketLossBps arg[2m > [22m[2mthe submitted proof carries the audited relay + the diverged frameSeq + >=2 DISTINCT attesters
[22m[39m{"timestamp":"2026-06-20T08:06:54.273Z","level":"INFO","source":"frontend","module":"webrtc/sframe-transform","message":"encrypted frame","context":{"kid":9,"ctr":0,"byteLength":62,"codecOffset":10}}

[90mstdout[2m | apps/validator-daemon/src/canary/__tests__/verify-loop.test.ts[2m > [22m[2mREQ-CFA-042 — state.relayStunLossBps is READ as the classifier stunPacketLossBps arg[2m > [22m[2mthe submitted proof carries the audited relay + the diverged frameSeq + >=2 DISTINCT attesters
[22m[39m{"timestamp":"2026-06-20T08:06:54.273Z","level":"INFO","source":"frontend","module":"webrtc/sframe-transform","message":"encrypted frame","context":{"kid":9,"ctr":1,"byteLength":62,"codecOffset":10}}

[90mstdout[2m | apps/validator-daemon/src/canary/__tests__/verify-loop.test.ts[2m > [22m[2mREQ-CFA-042 — state.relayStunLossBps is READ as the classifier stunPacketLossBps arg[2m > [22m[2mthe submitted proof carries the audited relay + the diverged frameSeq + >=2 DISTINCT attesters
[22m[39m{"timestamp":"2026-06-20T08:06:54.274Z","level":"INFO","source":"frontend","module":"webrtc/sframe-transform","message":"encrypted frame","context":{"kid":9,"ctr":2,"byteLength":62,"codecOffset":10}}

[90mstdout[2m | apps/validator-daemon/src/canary/__tests__/verify-loop.test.ts[2m > [22m[2mREQ-CFA-042 — state.relayStunLossBps is READ as the classifier stunPacketLossBps arg[2m > [22m[2mthe submitted proof carries the audited relay + the diverged frameSeq + >=2 DISTINCT attesters
[22m[39m{"timestamp":"2026-06-20T08:06:54.274Z","level":"INFO","source":"frontend","module":"webrtc/sframe-transform","message":"encrypted frame","context":{"kid":9,"ctr":3,"byteLength":62,"codecOffset":10}}

[90mstdout[2m | apps/validator-daemon/src/canary/__tests__/verify-loop.test.ts[2m > [22m[2mREQ-CFA-042 — state.relayStunLossBps is READ as the classifier stunPacketLossBps arg[2m > [22m[2mthe submitted proof carries the audited relay + the diverged frameSeq + >=2 DISTINCT attesters
[22m[39m{"timestamp":"2026-06-20T08:06:54.275Z","level":"INFO","source":"frontend","module":"webrtc/sframe-transform","message":"encrypted frame","context":{"kid":9,"ctr":4,"byteLength":62,"codecOffset":10}}

[90mstdout[2m | apps/validator-daemon/src/canary/__tests__/verify-loop.test.ts[2m > [22m[2mREQ-CFA-042 — state.relayStunLossBps is READ as the classifier stunPacketLossBps arg[2m > [22m[2mthe submitted proof carries the audited relay + the diverged frameSeq + >=2 DISTINCT attesters
[22m[39m{"timestamp":"2026-06-20T08:06:54.275Z","level":"INFO","source":"frontend","module":"webrtc/sframe-transform","message":"encrypted frame","context":{"kid":9,"ctr":5,"byteLength":62,"codecOffset":10}}

[90mstdout[2m | apps/validator-daemon/src/canary/__tests__/verify-loop.test.ts[2m > [22m[2mREQ-CFA-042 — state.relayStunLossBps is READ as the classifier stunPacketLossBps arg[2m > [22m[2mthe submitted proof carries the audited relay + the diverged frameSeq + >=2 DISTINCT attesters
[22m[39m{"timestamp":"2026-06-20T08:06:54.276Z","level":"INFO","source":"frontend","module":"webrtc/sframe-transform","message":"encrypted frame","context":{"kid":9,"ctr":6,"byteLength":62,"codecOffset":10}}

[90mstdout[2m | apps/validator-daemon/src/canary/__tests__/verify-loop.test.ts[2m > [22m[2mREQ-CFA-042 — state.relayStunLossBps is READ as the classifier stunPacketLossBps arg[2m > [22m[2mthe submitted proof carries the audited relay + the diverged frameSeq + >=2 DISTINCT attesters
[22m[39m{"timestamp":"2026-06-20T08:06:54.276Z","level":"INFO","source":"frontend","module":"webrtc/sframe-transform","message":"encrypted frame","context":{"kid":9,"ctr":7,"byteLength":62,"codecOffset":10}}

{"level":30,"time":1781942814276,"pid":39960,"hostname":"Quang","name":"canary/verifier","canaryKid":9,"mediaPackets":7,"byteIdentical":7,"divergences":1,"msg":"canary forwarding verified"}
[90mstdout[2m | apps/validator-daemon/src/canary/__tests__/verify-loop.test.ts[2m > [22m[2mREQ-CFA-042 — state.relayStunLossBps is READ as the classifier stunPacketLossBps arg[2m > [22m[2mthe submitted proof carries the audited relay + the diverged frameSeq + >=2 DISTINCT attesters
[22m[39m{"timestamp":"2026-06-20T08:06:54.277Z","level":"INFO","source":"frontend","module":"webrtc/sframe-transform","message":"encrypted frame","context":{"kid":9,"ctr":0,"byteLength":62,"codecOffset":10}}

[90mstdout[2m | apps/validator-daemon/src/canary/__tests__/verify-loop.test.ts[2m > [22m[2mREQ-CFA-042 — state.relayStunLossBps is READ as the classifier stunPacketLossBps arg[2m > [22m[2mthe submitted proof carries the audited relay + the diverged frameSeq + >=2 DISTINCT attesters
[22m[39m{"timestamp":"2026-06-20T08:06:54.277Z","level":"INFO","source":"frontend","module":"webrtc/sframe-transform","message":"encrypted frame","context":{"kid":9,"ctr":1,"byteLength":62,"codecOffset":10}}

[90mstdout[2m | apps/validator-daemon/src/canary/__tests__/verify-loop.test.ts[2m > [22m[2mREQ-CFA-042 — state.relayStunLossBps is READ as the classifier stunPacketLossBps arg[2m > [22m[2mthe submitted proof carries the audited relay + the diverged frameSeq + >=2 DISTINCT attesters
[22m[39m{"timestamp":"2026-06-20T08:06:54.278Z","level":"INFO","source":"frontend","module":"webrtc/sframe-transform","message":"encrypted frame","context":{"kid":9,"ctr":2,"byteLength":62,"codecOffset":10}}

[90mstdout[2m | apps/validator-daemon/src/canary/__tests__/verify-loop.test.ts[2m > [22m[2mREQ-CFA-042 — state.relayStunLossBps is READ as the classifier stunPacketLossBps arg[2m > [22m[2mthe submitted proof carries the audited relay + the diverged frameSeq + >=2 DISTINCT attesters
[22m[39m{"timestamp":"2026-06-20T08:06:54.278Z","level":"INFO","source":"frontend","module":"webrtc/sframe-transform","message":"encrypted frame","context":{"kid":9,"ctr":3,"byteLength":62,"codecOffset":10}}

[90mstdout[2m | apps/validator-daemon/src/canary/__tests__/verify-loop.test.ts[2m > [22m[2mREQ-CFA-042 — state.relayStunLossBps is READ as the classifier stunPacketLossBps arg[2m > [22m[2mthe submitted proof carries the audited relay + the diverged frameSeq + >=2 DISTINCT attesters
[22m[39m{"timestamp":"2026-06-20T08:06:54.279Z","level":"INFO","source":"frontend","module":"webrtc/sframe-transform","message":"encrypted frame","context":{"kid":9,"ctr":4,"byteLength":62,"codecOffset":10}}

[90mstdout[2m | apps/validator-daemon/src/canary/__tests__/verify-loop.test.ts[2m > [22m[2mREQ-CFA-042 — state.relayStunLossBps is READ as the classifier stunPacketLossBps arg[2m > [22m[2mthe submitted proof carries the audited relay + the diverged frameSeq + >=2 DISTINCT attesters
[22m[39m{"timestamp":"2026-06-20T08:06:54.279Z","level":"INFO","source":"frontend","module":"webrtc/sframe-transform","message":"encrypted frame","context":{"kid":9,"ctr":5,"byteLength":62,"codecOffset":10}}

[90mstdout[2m | apps/validator-daemon/src/canary/__tests__/verify-loop.test.ts[2m > [22m[2mREQ-CFA-042 — state.relayStunLossBps is READ as the classifier stunPacketLossBps arg[2m > [22m[2mthe submitted proof carries the audited relay + the diverged frameSeq + >=2 DISTINCT attesters
[22m[39m{"timestamp":"2026-06-20T08:06:54.280Z","level":"INFO","source":"frontend","module":"webrtc/sframe-transform","message":"encrypted frame","context":{"kid":9,"ctr":6,"byteLength":62,"codecOffset":10}}

[90mstdout[2m | apps/validator-daemon/src/canary/__tests__/verify-loop.test.ts[2m > [22m[2mREQ-CFA-042 — state.relayStunLossBps is READ as the classifier stunPacketLossBps arg[2m > [22m[2mthe submitted proof carries the audited relay + the diverged frameSeq + >=2 DISTINCT attesters
[22m[39m{"timestamp":"2026-06-20T08:06:54.280Z","level":"INFO","source":"frontend","module":"webrtc/sframe-transform","message":"encrypted frame","context":{"kid":9,"ctr":7,"byteLength":62,"codecOffset":10}}

{"level":30,"time":1781942814281,"pid":39960,"hostname":"Quang","name":"canary/verifier","canaryKid":9,"mediaPackets":7,"byteIdentical":7,"divergences":1,"msg":"canary forwarding verified"}
{"level":30,"time":1781942814281,"pid":39960,"hostname":"Quang","name":"canary/loss-classifier","relayMinerId":"relay-under-audit","promoted":1,"absorbed":0,"tampers":0,"cumulativeCrossed":true,"msg":"canary divergences classified (drop gate / tamper p=1)"}
{"level":30,"time":1781942814282,"pid":39960,"hostname":"Quang","name":"canary/verify-loop","round":4,"relayMinerId":"relay-under-audit","roomId":"verify-loop-room","perReceiver":2,"promoted":1,"absorbed":0,"stunLossBps":"0","msg":"canary verify round classified (hermetic half — synthetic capture, STUN read live)"}
{"level":30,"time":1781942814283,"pid":39960,"hostname":"Quang","name":"canary/proof","roomId":"verify-loop-room","relayMinerId":"relay-under-audit","canaryId":9,"frameSeq":5,"drop":true,"distinctAttesters":2,"totalAttestations":2,"msg":"canary divergence proof assembled from remote attestations (W-M4-COSIGN)"}
[90mstdout[2m | apps/validator-daemon/src/canary/__tests__/verify-loop.test.ts[2m > [22m[2mREQ-CFA-042 — state.relayStunLossBps is READ as the classifier stunPacketLossBps arg[2m > [22m[2mthe submitted proof carries the audited relay + the diverged frameSeq + >=2 DISTINCT attesters
[22m[39m{"timestamp":"2026-06-20T08:06:54.284Z","level":"INFO","source":"frontend","module":"webrtc/sframe-transform","message":"encrypted frame","context":{"kid":9,"ctr":0,"byteLength":62,"codecOffset":10}}

[90mstdout[2m | apps/validator-daemon/src/canary/__tests__/verify-loop.test.ts[2m > [22m[2mREQ-CFA-042 — state.relayStunLossBps is READ as the classifier stunPacketLossBps arg[2m > [22m[2mthe submitted proof carries the audited relay + the diverged frameSeq + >=2 DISTINCT attesters
[22m[39m{"timestamp":"2026-06-20T08:06:54.285Z","level":"INFO","source":"frontend","module":"webrtc/sframe-transform","message":"encrypted frame","context":{"kid":9,"ctr":1,"byteLength":62,"codecOffset":10}}

[90mstdout[2m | apps/validator-daemon/src/canary/__tests__/verify-loop.test.ts[2m > [22m[2mREQ-CFA-042 — state.relayStunLossBps is READ as the classifier stunPacketLossBps arg[2m > [22m[2mthe submitted proof carries the audited relay + the diverged frameSeq + >=2 DISTINCT attesters
[22m[39m{"timestamp":"2026-06-20T08:06:54.285Z","level":"INFO","source":"frontend","module":"webrtc/sframe-transform","message":"encrypted frame","context":{"kid":9,"ctr":2,"byteLength":62,"codecOffset":10}}

[90mstdout[2m | apps/validator-daemon/src/canary/__tests__/verify-loop.test.ts[2m > [22m[2mREQ-CFA-042 — state.relayStunLossBps is READ as the classifier stunPacketLossBps arg[2m > [22m[2mthe submitted proof carries the audited relay + the diverged frameSeq + >=2 DISTINCT attesters
[22m[39m{"timestamp":"2026-06-20T08:06:54.286Z","level":"INFO","source":"frontend","module":"webrtc/sframe-transform","message":"encrypted frame","context":{"kid":9,"ctr":3,"byteLength":62,"codecOffset":10}}

[90mstdout[2m | apps/validator-daemon/src/canary/__tests__/verify-loop.test.ts[2m > [22m[2mREQ-CFA-042 — state.relayStunLossBps is READ as the classifier stunPacketLossBps arg[2m > [22m[2mthe submitted proof carries the audited relay + the diverged frameSeq + >=2 DISTINCT attesters
[22m[39m{"timestamp":"2026-06-20T08:06:54.286Z","level":"INFO","source":"frontend","module":"webrtc/sframe-transform","message":"encrypted frame","context":{"kid":9,"ctr":4,"byteLength":62,"codecOffset":10}}

[90mstdout[2m | apps/validator-daemon/src/canary/__tests__/verify-loop.test.ts[2m > [22m[2mREQ-CFA-042 — state.relayStunLossBps is READ as the classifier stunPacketLossBps arg[2m > [22m[2mthe submitted proof carries the audited relay + the diverged frameSeq + >=2 DISTINCT attesters
[22m[39m{"timestamp":"2026-06-20T08:06:54.287Z","level":"INFO","source":"frontend","module":"webrtc/sframe-transform","message":"encrypted frame","context":{"kid":9,"ctr":6,"byteLength":62,"codecOffset":10}}

[90mstdout[2m | apps/validator-daemon/src/canary/__tests__/verify-loop.test.ts[2m > [22m[2mREQ-CFA-042 — state.relayStunLossBps is READ as the classifier stunPacketLossBps arg[2m > [22m[2mthe submitted proof carries the audited relay + the diverged frameSeq + >=2 DISTINCT attesters
[22m[39m{"timestamp":"2026-06-20T08:06:54.287Z","level":"INFO","source":"frontend","module":"webrtc/sframe-transform","message":"encrypted frame","context":{"kid":9,"ctr":7,"byteLength":62,"codecOffset":10}}

[90mstdout[2m | apps/validator-daemon/src/canary/__tests__/verify-loop.test.ts[2m > [22m[2mREQ-CFA-042 — state.relayStunLossBps is READ as the classifier stunPacketLossBps arg[2m > [22m[2mthe submitted proof carries the audited relay + the diverged frameSeq + >=2 DISTINCT attesters
[22m[39m{"timestamp":"2026-06-20T08:06:54.287Z","level":"INFO","source":"frontend","module":"webrtc/sframe-transform","message":"encrypted frame","context":{"kid":9,"ctr":0,"byteLength":62,"codecOffset":10}}

[90mstdout[2m | apps/validator-daemon/src/canary/__tests__/verify-loop.test.ts[2m > [22m[2mREQ-CFA-042 — state.relayStunLossBps is READ as the classifier stunPacketLossBps arg[2m > [22m[2mthe submitted proof carries the audited relay + the diverged frameSeq + >=2 DISTINCT attesters
[22m[39m{"timestamp":"2026-06-20T08:06:54.288Z","level":"INFO","source":"frontend","module":"webrtc/sframe-transform","message":"encrypted frame","context":{"kid":9,"ctr":1,"byteLength":62,"codecOffset":10}}

[90mstdout[2m | apps/validator-daemon/src/canary/__tests__/verify-loop.test.ts[2m > [22m[2mREQ-CFA-042 — state.relayStunLossBps is READ as the classifier stunPacketLossBps arg[2m > [22m[2mthe submitted proof carries the audited relay + the diverged frameSeq + >=2 DISTINCT attesters
[22m[39m{"timestamp":"2026-06-20T08:06:54.288Z","level":"INFO","source":"frontend","module":"webrtc/sframe-transform","message":"encrypted frame","context":{"kid":9,"ctr":2,"byteLength":62,"codecOffset":10}}

[90mstdout[2m | apps/validator-daemon/src/canary/__tests__/verify-loop.test.ts[2m > [22m[2mREQ-CFA-042 — state.relayStunLossBps is READ as the classifier stunPacketLossBps arg[2m > [22m[2mthe submitted proof carries the audited relay + the diverged frameSeq + >=2 DISTINCT attesters
[22m[39m{"timestamp":"2026-06-20T08:06:54.289Z","level":"INFO","source":"frontend","module":"webrtc/sframe-transform","message":"encrypted frame","context":{"kid":9,"ctr":3,"byteLength":62,"codecOffset":10}}

[90mstdout[2m | apps/validator-daemon/src/canary/__tests__/verify-loop.test.ts[2m > [22m[2mREQ-CFA-042 — state.relayStunLossBps is READ as the classifier stunPacketLossBps arg[2m > [22m[2mthe submitted proof carries the audited relay + the diverged frameSeq + >=2 DISTINCT attesters
[22m[39m{"timestamp":"2026-06-20T08:06:54.289Z","level":"INFO","source":"frontend","module":"webrtc/sframe-transform","message":"encrypted frame","context":{"kid":9,"ctr":4,"byteLength":62,"codecOffset":10}}

[90mstdout[2m | apps/validator-daemon/src/canary/__tests__/verify-loop.test.ts[2m > [22m[2mREQ-CFA-042 — state.relayStunLossBps is READ as the classifier stunPacketLossBps arg[2m > [22m[2mthe submitted proof carries the audited relay + the diverged frameSeq + >=2 DISTINCT attesters
[22m[39m{"timestamp":"2026-06-20T08:06:54.290Z","level":"INFO","source":"frontend","module":"webrtc/sframe-transform","message":"encrypted frame","context":{"kid":9,"ctr":5,"byteLength":62,"codecOffset":10}}

[90mstdout[2m | apps/validator-daemon/src/canary/__tests__/verify-loop.test.ts[2m > [22m[2mREQ-CFA-042 — state.relayStunLossBps is READ as the classifier stunPacketLossBps arg[2m > [22m[2mthe submitted proof carries the audited relay + the diverged frameSeq + >=2 DISTINCT attesters
[22m[39m{"timestamp":"2026-06-20T08:06:54.290Z","level":"INFO","source":"frontend","module":"webrtc/sframe-transform","message":"encrypted frame","context":{"kid":9,"ctr":6,"byteLength":62,"codecOffset":10}}

[90mstdout[2m | apps/validator-daemon/src/canary/__tests__/verify-loop.test.ts[2m > [22m[2mREQ-CFA-042 — state.relayStunLossBps is READ as the classifier stunPacketLossBps arg[2m > [22m[2mthe submitted proof carries the audited relay + the diverged frameSeq + >=2 DISTINCT attesters
[22m[39m{"timestamp":"2026-06-20T08:06:54.291Z","level":"INFO","source":"frontend","module":"webrtc/sframe-transform","message":"encrypted frame","context":{"kid":9,"ctr":7,"byteLength":62,"codecOffset":10}}

{"level":30,"time":1781942814291,"pid":39960,"hostname":"Quang","name":"canary/verifier","canaryKid":9,"mediaPackets":7,"byteIdentical":7,"divergences":1,"msg":"canary forwarding verified"}
[90mstdout[2m | apps/validator-daemon/src/canary/__tests__/verify-loop.test.ts[2m > [22m[2mREQ-CFA-042 — state.relayStunLossBps is READ as the classifier stunPacketLossBps arg[2m > [22m[2mthe submitted proof carries the audited relay + the diverged frameSeq + >=2 DISTINCT attesters
[22m[39m{"timestamp":"2026-06-20T08:06:54.292Z","level":"INFO","source":"frontend","module":"webrtc/sframe-transform","message":"encrypted frame","context":{"kid":9,"ctr":0,"byteLength":62,"codecOffset":10}}

[90mstdout[2m | apps/validator-daemon/src/canary/__tests__/verify-loop.test.ts[2m > [22m[2mREQ-CFA-042 — state.relayStunLossBps is READ as the classifier stunPacketLossBps arg[2m > [22m[2mthe submitted proof carries the audited relay + the diverged frameSeq + >=2 DISTINCT attesters
[22m[39m{"timestamp":"2026-06-20T08:06:54.293Z","level":"INFO","source":"frontend","module":"webrtc/sframe-transform","message":"encrypted frame","context":{"kid":9,"ctr":1,"byteLength":62,"codecOffset":10}}

[90mstdout[2m | apps/validator-daemon/src/canary/__tests__/verify-loop.test.ts[2m > [22m[2mREQ-CFA-042 — state.relayStunLossBps is READ as the classifier stunPacketLossBps arg[2m > [22m[2mthe submitted proof carries the audited relay + the diverged frameSeq + >=2 DISTINCT attesters
[22m[39m{"timestamp":"2026-06-20T08:06:54.293Z","level":"INFO","source":"frontend","module":"webrtc/sframe-transform","message":"encrypted frame","context":{"kid":9,"ctr":2,"byteLength":62,"codecOffset":10}}

[90mstdout[2m | apps/validator-daemon/src/canary/__tests__/verify-loop.test.ts[2m > [22m[2mREQ-CFA-042 — state.relayStunLossBps is READ as the classifier stunPacketLossBps arg[2m > [22m[2mthe submitted proof carries the audited relay + the diverged frameSeq + >=2 DISTINCT attesters
[22m[39m{"timestamp":"2026-06-20T08:06:54.293Z","level":"INFO","source":"frontend","module":"webrtc/sframe-transform","message":"encrypted frame","context":{"kid":9,"ctr":3,"byteLength":62,"codecOffset":10}}

[90mstdout[2m | apps/validator-daemon/src/canary/__tests__/verify-loop.test.ts[2m > [22m[2mREQ-CFA-042 — state.relayStunLossBps is READ as the classifier stunPacketLossBps arg[2m > [22m[2mthe submitted proof carries the audited relay + the diverged frameSeq + >=2 DISTINCT attesters
[22m[39m{"timestamp":"2026-06-20T08:06:54.294Z","level":"INFO","source":"frontend","module":"webrtc/sframe-transform","message":"encrypted frame","context":{"kid":9,"ctr":4,"byteLength":62,"codecOffset":10}}

[90mstdout[2m | apps/validator-daemon/src/canary/__tests__/verify-loop.test.ts[2m > [22m[2mREQ-CFA-042 — state.relayStunLossBps is READ as the classifier stunPacketLossBps arg[2m > [22m[2mthe submitted proof carries the audited relay + the diverged frameSeq + >=2 DISTINCT attesters
[22m[39m{"timestamp":"2026-06-20T08:06:54.294Z","level":"INFO","source":"frontend","module":"webrtc/sframe-transform","message":"encrypted frame","context":{"kid":9,"ctr":5,"byteLength":62,"codecOffset":10}}

[90mstdout[2m | apps/validator-daemon/src/canary/__tests__/verify-loop.test.ts[2m > [22m[2mREQ-CFA-042 — state.relayStunLossBps is READ as the classifier stunPacketLossBps arg[2m > [22m[2mthe submitted proof carries the audited relay + the diverged frameSeq + >=2 DISTINCT attesters
[22m[39m{"timestamp":"2026-06-20T08:06:54.295Z","level":"INFO","source":"frontend","module":"webrtc/sframe-transform","message":"encrypted frame","context":{"kid":9,"ctr":6,"byteLength":62,"codecOffset":10}}

[90mstdout[2m | apps/validator-daemon/src/canary/__tests__/verify-loop.test.ts[2m > [22m[2mREQ-CFA-042 — state.relayStunLossBps is READ as the classifier stunPacketLossBps arg[2m > [22m[2mthe submitted proof carries the audited relay + the diverged frameSeq + >=2 DISTINCT attesters
[22m[39m{"timestamp":"2026-06-20T08:06:54.295Z","level":"INFO","source":"frontend","module":"webrtc/sframe-transform","message":"encrypted frame","context":{"kid":9,"ctr":7,"byteLength":62,"codecOffset":10}}

{"level":30,"time":1781942814296,"pid":39960,"hostname":"Quang","name":"canary/verifier","canaryKid":9,"mediaPackets":7,"byteIdentical":7,"divergences":1,"msg":"canary forwarding verified"}
{"level":30,"time":1781942814296,"pid":39960,"hostname":"Quang","name":"canary/loss-classifier","relayMinerId":"relay-under-audit","promoted":1,"absorbed":0,"tampers":0,"cumulativeCrossed":true,"msg":"canary divergences classified (drop gate / tamper p=1)"}
{"level":30,"time":1781942814297,"pid":39960,"hostname":"Quang","name":"canary/verify-loop","round":5,"relayMinerId":"relay-under-audit","roomId":"verify-loop-room","perReceiver":2,"promoted":1,"absorbed":0,"stunLossBps":"0","msg":"canary verify round classified (hermetic half — synthetic capture, STUN read live)"}
[90mstdout[2m | apps/validator-daemon/src/canary/__tests__/verify-loop.test.ts[2m > [22m[2mREQ-CFA-042 — state.relayStunLossBps is READ as the classifier stunPacketLossBps arg[2m > [22m[2mthe submitted proof carries the audited relay + the diverged frameSeq + >=2 DISTINCT attesters
[22m[39m{"timestamp":"2026-06-20T08:06:54.298Z","level":"INFO","source":"frontend","module":"webrtc/sframe-transform","message":"encrypted frame","context":{"kid":9,"ctr":0,"byteLength":62,"codecOffset":10}}

[90mstdout[2m | apps/validator-daemon/src/canary/__tests__/verify-loop.test.ts[2m > [22m[2mREQ-CFA-042 — state.relayStunLossBps is READ as the classifier stunPacketLossBps arg[2m > [22m[2mthe submitted proof carries the audited relay + the diverged frameSeq + >=2 DISTINCT attesters
[22m[39m{"timestamp":"2026-06-20T08:06:54.298Z","level":"INFO","source":"frontend","module":"webrtc/sframe-transform","message":"encrypted frame","context":{"kid":9,"ctr":1,"byteLength":62,"codecOffset":10}}

[90mstdout[2m | apps/validator-daemon/src/canary/__tests__/verify-loop.test.ts[2m > [22m[2mREQ-CFA-042 — state.relayStunLossBps is READ as the classifier stunPacketLossBps arg[2m > [22m[2mthe submitted proof carries the audited relay + the diverged frameSeq + >=2 DISTINCT attesters
[22m[39m{"timestamp":"2026-06-20T08:06:54.299Z","level":"INFO","source":"frontend","module":"webrtc/sframe-transform","message":"encrypted frame","context":{"kid":9,"ctr":2,"byteLength":62,"codecOffset":10}}

[90mstdout[2m | apps/validator-daemon/src/canary/__tests__/verify-loop.test.ts[2m > [22m[2mREQ-CFA-042 — state.relayStunLossBps is READ as the classifier stunPacketLossBps arg[2m > [22m[2mthe submitted proof carries the audited relay + the diverged frameSeq + >=2 DISTINCT attesters
[22m[39m{"timestamp":"2026-06-20T08:06:54.299Z","level":"INFO","source":"frontend","module":"webrtc/sframe-transform","message":"encrypted frame","context":{"kid":9,"ctr":3,"byteLength":62,"codecOffset":10}}

[90mstdout[2m | apps/validator-daemon/src/canary/__tests__/verify-loop.test.ts[2m > [22m[2mREQ-CFA-042 — state.relayStunLossBps is READ as the classifier stunPacketLossBps arg[2m > [22m[2mthe submitted proof carries the audited relay + the diverged frameSeq + >=2 DISTINCT attesters
[22m[39m{"timestamp":"2026-06-20T08:06:54.300Z","level":"INFO","source":"frontend","module":"webrtc/sframe-transform","message":"encrypted frame","context":{"kid":9,"ctr":4,"byteLength":62,"codecOffset":10}}

[90mstdout[2m | apps/validator-daemon/src/canary/__tests__/verify-loop.test.ts[2m > [22m[2mREQ-CFA-042 — state.relayStunLossBps is READ as the classifier stunPacketLossBps arg[2m > [22m[2mthe submitted proof carries the audited relay + the diverged frameSeq + >=2 DISTINCT attesters
[22m[39m{"timestamp":"2026-06-20T08:06:54.300Z","level":"INFO","source":"frontend","module":"webrtc/sframe-transform","message":"encrypted frame","context":{"kid":9,"ctr":6,"byteLength":62,"codecOffset":10}}

[90mstdout[2m | apps/validator-daemon/src/canary/__tests__/verify-loop.test.ts[2m > [22m[2mREQ-CFA-042 — state.relayStunLossBps is READ as the classifier stunPacketLossBps arg[2m > [22m[2mthe submitted proof carries the audited relay + the diverged frameSeq + >=2 DISTINCT attesters
[22m[39m{"timestamp":"2026-06-20T08:06:54.301Z","level":"INFO","source":"frontend","module":"webrtc/sframe-transform","message":"encrypted frame","context":{"kid":9,"ctr":7,"byteLength":62,"codecOffset":10}}

[90mstdout[2m | apps/validator-daemon/src/canary/__tests__/verify-loop.test.ts[2m > [22m[2mREQ-CFA-042 — state.relayStunLossBps is READ as the classifier stunPacketLossBps arg[2m > [22m[2mthe submitted proof carries the audited relay + the diverged frameSeq + >=2 DISTINCT attesters
[22m[39m{"timestamp":"2026-06-20T08:06:54.302Z","level":"INFO","source":"frontend","module":"webrtc/sframe-transform","message":"encrypted frame","context":{"kid":9,"ctr":0,"byteLength":62,"codecOffset":10}}

[90mstdout[2m | apps/validator-daemon/src/canary/__tests__/verify-loop.test.ts[2m > [22m[2mREQ-CFA-042 — state.relayStunLossBps is READ as the classifier stunPacketLossBps arg[2m > [22m[2mthe submitted proof carries the audited relay + the diverged frameSeq + >=2 DISTINCT attesters
[22m[39m{"timestamp":"2026-06-20T08:06:54.302Z","level":"INFO","source":"frontend","module":"webrtc/sframe-transform","message":"encrypted frame","context":{"kid":9,"ctr":1,"byteLength":62,"codecOffset":10}}

[90mstdout[2m | apps/validator-daemon/src/canary/__tests__/verify-loop.test.ts[2m > [22m[2mREQ-CFA-042 — state.relayStunLossBps is READ as the classifier stunPacketLossBps arg[2m > [22m[2mthe submitted proof carries the audited relay + the diverged frameSeq + >=2 DISTINCT attesters
[22m[39m{"timestamp":"2026-06-20T08:06:54.303Z","level":"INFO","source":"frontend","module":"webrtc/sframe-transform","message":"encrypted frame","context":{"kid":9,"ctr":2,"byteLength":62,"codecOffset":10}}

[90mstdout[2m | apps/validator-daemon/src/canary/__tests__/verify-loop.test.ts[2m > [22m[2mREQ-CFA-042 — state.relayStunLossBps is READ as the classifier stunPacketLossBps arg[2m > [22m[2mthe submitted proof carries the audited relay + the diverged frameSeq + >=2 DISTINCT attesters
[22m[39m{"timestamp":"2026-06-20T08:06:54.303Z","level":"INFO","source":"frontend","module":"webrtc/sframe-transform","message":"encrypted frame","context":{"kid":9,"ctr":3,"byteLength":62,"codecOffset":10}}

[90mstdout[2m | apps/validator-daemon/src/canary/__tests__/verify-loop.test.ts[2m > [22m[2mREQ-CFA-042 — state.relayStunLossBps is READ as the classifier stunPacketLossBps arg[2m > [22m[2mthe submitted proof carries the audited relay + the diverged frameSeq + >=2 DISTINCT attesters
[22m[39m{"timestamp":"2026-06-20T08:06:54.304Z","level":"INFO","source":"frontend","module":"webrtc/sframe-transform","message":"encrypted frame","context":{"kid":9,"ctr":4,"byteLength":62,"codecOffset":10}}

[90mstdout[2m | apps/validator-daemon/src/canary/__tests__/verify-loop.test.ts[2m > [22m[2mREQ-CFA-042 — state.relayStunLossBps is READ as the classifier stunPacketLossBps arg[2m > [22m[2mthe submitted proof carries the audited relay + the diverged frameSeq + >=2 DISTINCT attesters
[22m[39m{"timestamp":"2026-06-20T08:06:54.304Z","level":"INFO","source":"frontend","module":"webrtc/sframe-transform","message":"encrypted frame","context":{"kid":9,"ctr":5,"byteLength":62,"codecOffset":10}}

[90mstdout[2m | apps/validator-daemon/src/canary/__tests__/verify-loop.test.ts[2m > [22m[2mREQ-CFA-042 — state.relayStunLossBps is READ as the classifier stunPacketLossBps arg[2m > [22m[2mthe submitted proof carries the audited relay + the diverged frameSeq + >=2 DISTINCT attesters
[22m[39m{"timestamp":"2026-06-20T08:06:54.305Z","level":"INFO","source":"frontend","module":"webrtc/sframe-transform","message":"encrypted frame","context":{"kid":9,"ctr":6,"byteLength":62,"codecOffset":10}}

[90mstdout[2m | apps/validator-daemon/src/canary/__tests__/verify-loop.test.ts[2m > [22m[2mREQ-CFA-042 — state.relayStunLossBps is READ as the classifier stunPacketLossBps arg[2m > [22m[2mthe submitted proof carries the audited relay + the diverged frameSeq + >=2 DISTINCT attesters
[22m[39m{"timestamp":"2026-06-20T08:06:54.305Z","level":"INFO","source":"frontend","module":"webrtc/sframe-transform","message":"encrypted frame","context":{"kid":9,"ctr":7,"byteLength":62,"codecOffset":10}}

{"level":30,"time":1781942814305,"pid":39960,"hostname":"Quang","name":"canary/verifier","canaryKid":9,"mediaPackets":7,"byteIdentical":7,"divergences":1,"msg":"canary forwarding verified"}
[90mstdout[2m | apps/validator-daemon/src/canary/__tests__/verify-loop.test.ts[2m > [22m[2mREQ-CFA-042 — state.relayStunLossBps is READ as the classifier stunPacketLossBps arg[2m > [22m[2mthe submitted proof carries the audited relay + the diverged frameSeq + >=2 DISTINCT attesters
[22m[39m{"timestamp":"2026-06-20T08:06:54.306Z","level":"INFO","source":"frontend","module":"webrtc/sframe-transform","message":"encrypted frame","context":{"kid":9,"ctr":0,"byteLength":62,"codecOffset":10}}

[90mstdout[2m | apps/validator-daemon/src/canary/__tests__/verify-loop.test.ts[2m > [22m[2mREQ-CFA-042 — state.relayStunLossBps is READ as the classifier stunPacketLossBps arg[2m > [22m[2mthe submitted proof carries the audited relay + the diverged frameSeq + >=2 DISTINCT attesters
[22m[39m{"timestamp":"2026-06-20T08:06:54.306Z","level":"INFO","source":"frontend","module":"webrtc/sframe-transform","message":"encrypted frame","context":{"kid":9,"ctr":1,"byteLength":62,"codecOffset":10}}

[90mstdout[2m | apps/validator-daemon/src/canary/__tests__/verify-loop.test.ts[2m > [22m[2mREQ-CFA-042 — state.relayStunLossBps is READ as the classifier stunPacketLossBps arg[2m > [22m[2mthe submitted proof carries the audited relay + the diverged frameSeq + >=2 DISTINCT attesters
[22m[39m{"timestamp":"2026-06-20T08:06:54.307Z","level":"INFO","source":"frontend","module":"webrtc/sframe-transform","message":"encrypted frame","context":{"kid":9,"ctr":2,"byteLength":62,"codecOffset":10}}

[90mstdout[2m | apps/validator-daemon/src/canary/__tests__/verify-loop.test.ts[2m > [22m[2mREQ-CFA-042 — state.relayStunLossBps is READ as the classifier stunPacketLossBps arg[2m > [22m[2mthe submitted proof carries the audited relay + the diverged frameSeq + >=2 DISTINCT attesters
[22m[39m{"timestamp":"2026-06-20T08:06:54.307Z","level":"INFO","source":"frontend","module":"webrtc/sframe-transform","message":"encrypted frame","context":{"kid":9,"ctr":3,"byteLength":62,"codecOffset":10}}

[90mstdout[2m | apps/validator-daemon/src/canary/__tests__/verify-loop.test.ts[2m > [22m[2mREQ-CFA-042 — state.relayStunLossBps is READ as the classifier stunPacketLossBps arg[2m > [22m[2mthe submitted proof carries the audited relay + the diverged frameSeq + >=2 DISTINCT attesters
[22m[39m{"timestamp":"2026-06-20T08:06:54.308Z","level":"INFO","source":"frontend","module":"webrtc/sframe-transform","message":"encrypted frame","context":{"kid":9,"ctr":4,"byteLength":62,"codecOffset":10}}

[90mstdout[2m | apps/validator-daemon/src/canary/__tests__/verify-loop.test.ts[2m > [22m[2mREQ-CFA-042 — state.relayStunLossBps is READ as the classifier stunPacketLossBps arg[2m > [22m[2mthe submitted proof carries the audited relay + the diverged frameSeq + >=2 DISTINCT attesters
[22m[39m{"timestamp":"2026-06-20T08:06:54.309Z","level":"INFO","source":"frontend","module":"webrtc/sframe-transform","message":"encrypted frame","context":{"kid":9,"ctr":5,"byteLength":62,"codecOffset":10}}

[90mstdout[2m | apps/validator-daemon/src/canary/__tests__/verify-loop.test.ts[2m > [22m[2mREQ-CFA-042 — state.relayStunLossBps is READ as the classifier stunPacketLossBps arg[2m > [22m[2mthe submitted proof carries the audited relay + the diverged frameSeq + >=2 DISTINCT attesters
[22m[39m{"timestamp":"2026-06-20T08:06:54.309Z","level":"INFO","source":"frontend","module":"webrtc/sframe-transform","message":"encrypted frame","context":{"kid":9,"ctr":6,"byteLength":62,"codecOffset":10}}

[90mstdout[2m | apps/validator-daemon/src/canary/__tests__/verify-loop.test.ts[2m > [22m[2mREQ-CFA-042 — state.relayStunLossBps is READ as the classifier stunPacketLossBps arg[2m > [22m[2mthe submitted proof carries the audited relay + the diverged frameSeq + >=2 DISTINCT attesters
[22m[39m{"timestamp":"2026-06-20T08:06:54.310Z","level":"INFO","source":"frontend","module":"webrtc/sframe-transform","message":"encrypted frame","context":{"kid":9,"ctr":7,"byteLength":62,"codecOffset":10}}

{"level":30,"time":1781942814310,"pid":39960,"hostname":"Quang","name":"canary/verifier","canaryKid":9,"mediaPackets":7,"byteIdentical":7,"divergences":1,"msg":"canary forwarding verified"}
{"level":30,"time":1781942814310,"pid":39960,"hostname":"Quang","name":"canary/loss-classifier","relayMinerId":"relay-under-audit","promoted":1,"absorbed":0,"tampers":0,"cumulativeCrossed":true,"msg":"canary divergences classified (drop gate / tamper p=1)"}
{"level":30,"time":1781942814311,"pid":39960,"hostname":"Quang","name":"canary/verify-loop","round":5,"relayMinerId":"relay-under-audit","roomId":"verify-loop-room","perReceiver":2,"promoted":1,"absorbed":0,"stunLossBps":"0","msg":"canary verify round classified (hermetic half — synthetic capture, STUN read live)"}
[90mstdout[2m | apps/validator-daemon/src/canary/__tests__/verify-loop.test.ts[2m > [22m[2mREQ-CFA-042 — state.relayStunLossBps is READ as the classifier stunPacketLossBps arg[2m > [22m[2mthe submitted proof carries the audited relay + the diverged frameSeq + >=2 DISTINCT attesters
[22m[39m{"timestamp":"2026-06-20T08:06:54.312Z","level":"INFO","source":"frontend","module":"webrtc/sframe-transform","message":"encrypted frame","context":{"kid":9,"ctr":0,"byteLength":62,"codecOffset":10}}

[90mstdout[2m | apps/validator-daemon/src/canary/__tests__/verify-loop.test.ts[2m > [22m[2mREQ-CFA-042 — state.relayStunLossBps is READ as the classifier stunPacketLossBps arg[2m > [22m[2mthe submitted proof carries the audited relay + the diverged frameSeq + >=2 DISTINCT attesters
[22m[39m{"timestamp":"2026-06-20T08:06:54.312Z","level":"INFO","source":"frontend","module":"webrtc/sframe-transform","message":"encrypted frame","context":{"kid":9,"ctr":1,"byteLength":62,"codecOffset":10}}

[90mstdout[2m | apps/validator-daemon/src/canary/__tests__/verify-loop.test.ts[2m > [22m[2mREQ-CFA-042 — state.relayStunLossBps is READ as the classifier stunPacketLossBps arg[2m > [22m[2mthe submitted proof carries the audited relay + the diverged frameSeq + >=2 DISTINCT attesters
[22m[39m{"timestamp":"2026-06-20T08:06:54.313Z","level":"INFO","source":"frontend","module":"webrtc/sframe-transform","message":"encrypted frame","context":{"kid":9,"ctr":2,"byteLength":62,"codecOffset":10}}

[90mstdout[2m | apps/validator-daemon/src/canary/__tests__/verify-loop.test.ts[2m > [22m[2mREQ-CFA-042 — state.relayStunLossBps is READ as the classifier stunPacketLossBps arg[2m > [22m[2mthe submitted proof carries the audited relay + the diverged frameSeq + >=2 DISTINCT attesters
[22m[39m{"timestamp":"2026-06-20T08:06:54.313Z","level":"INFO","source":"frontend","module":"webrtc/sframe-transform","message":"encrypted frame","context":{"kid":9,"ctr":3,"byteLength":62,"codecOffset":10}}

[90mstdout[2m | apps/validator-daemon/src/canary/__tests__/verify-loop.test.ts[2m > [22m[2mREQ-CFA-042 — state.relayStunLossBps is READ as the classifier stunPacketLossBps arg[2m > [22m[2mthe submitted proof carries the audited relay + the diverged frameSeq + >=2 DISTINCT attesters
[22m[39m{"timestamp":"2026-06-20T08:06:54.314Z","level":"INFO","source":"frontend","module":"webrtc/sframe-transform","message":"encrypted frame","context":{"kid":9,"ctr":4,"byteLength":62,"codecOffset":10}}

[90mstdout[2m | apps/validator-daemon/src/canary/__tests__/verify-loop.test.ts[2m > [22m[2mREQ-CFA-042 — state.relayStunLossBps is READ as the classifier stunPacketLossBps arg[2m > [22m[2mthe submitted proof carries the audited relay + the diverged frameSeq + >=2 DISTINCT attesters
[22m[39m{"timestamp":"2026-06-20T08:06:54.314Z","level":"INFO","source":"frontend","module":"webrtc/sframe-transform","message":"encrypted frame","context":{"kid":9,"ctr":6,"byteLength":62,"codecOffset":10}}

[90mstdout[2m | apps/validator-daemon/src/canary/__tests__/verify-loop.test.ts[2m > [22m[2mREQ-CFA-042 — state.relayStunLossBps is READ as the classifier stunPacketLossBps arg[2m > [22m[2mthe submitted proof carries the audited relay + the diverged frameSeq + >=2 DISTINCT attesters
[22m[39m{"timestamp":"2026-06-20T08:06:54.315Z","level":"INFO","source":"frontend","module":"webrtc/sframe-transform","message":"encrypted frame","context":{"kid":9,"ctr":7,"byteLength":62,"codecOffset":10}}

[90mstdout[2m | apps/validator-daemon/src/canary/__tests__/verify-loop.test.ts[2m > [22m[2mREQ-CFA-042 — state.relayStunLossBps is READ as the classifier stunPacketLossBps arg[2m > [22m[2mthe submitted proof carries the audited relay + the diverged frameSeq + >=2 DISTINCT attesters
[22m[39m{"timestamp":"2026-06-20T08:06:54.316Z","level":"INFO","source":"frontend","module":"webrtc/sframe-transform","message":"encrypted frame","context":{"kid":9,"ctr":0,"byteLength":62,"codecOffset":10}}

[90mstdout[2m | apps/validator-daemon/src/canary/__tests__/verify-loop.test.ts[2m > [22m[2mREQ-CFA-042 — state.relayStunLossBps is READ as the classifier stunPacketLossBps arg[2m > [22m[2mthe submitted proof carries the audited relay + the diverged frameSeq + >=2 DISTINCT attesters
[22m[39m{"timestamp":"2026-06-20T08:06:54.317Z","level":"INFO","source":"frontend","module":"webrtc/sframe-transform","message":"encrypted frame","context":{"kid":9,"ctr":1,"byteLength":62,"codecOffset":10}}

[90mstdout[2m | apps/validator-daemon/src/canary/__tests__/verify-loop.test.ts[2m > [22m[2mREQ-CFA-042 — state.relayStunLossBps is READ as the classifier stunPacketLossBps arg[2m > [22m[2mthe submitted proof carries the audited relay + the diverged frameSeq + >=2 DISTINCT attesters
[22m[39m{"timestamp":"2026-06-20T08:06:54.317Z","level":"INFO","source":"frontend","module":"webrtc/sframe-transform","message":"encrypted frame","context":{"kid":9,"ctr":2,"byteLength":62,"codecOffset":10}}

[90mstdout[2m | apps/validator-daemon/src/canary/__tests__/verify-loop.test.ts[2m > [22m[2mREQ-CFA-042 — state.relayStunLossBps is READ as the classifier stunPacketLossBps arg[2m > [22m[2mthe submitted proof carries the audited relay + the diverged frameSeq + >=2 DISTINCT attesters
[22m[39m{"timestamp":"2026-06-20T08:06:54.317Z","level":"INFO","source":"frontend","module":"webrtc/sframe-transform","message":"encrypted frame","context":{"kid":9,"ctr":3,"byteLength":62,"codecOffset":10}}

[90mstdout[2m | apps/validator-daemon/src/canary/__tests__/verify-loop.test.ts[2m > [22m[2mREQ-CFA-042 — state.relayStunLossBps is READ as the classifier stunPacketLossBps arg[2m > [22m[2mthe submitted proof carries the audited relay + the diverged frameSeq + >=2 DISTINCT attesters
[22m[39m{"timestamp":"2026-06-20T08:06:54.318Z","level":"INFO","source":"frontend","module":"webrtc/sframe-transform","message":"encrypted frame","context":{"kid":9,"ctr":4,"byteLength":62,"codecOffset":10}}

[90mstdout[2m | apps/validator-daemon/src/canary/__tests__/verify-loop.test.ts[2m > [22m[2mREQ-CFA-042 — state.relayStunLossBps is READ as the classifier stunPacketLossBps arg[2m > [22m[2mthe submitted proof carries the audited relay + the diverged frameSeq + >=2 DISTINCT attesters
[22m[39m{"timestamp":"2026-06-20T08:06:54.318Z","level":"INFO","source":"frontend","module":"webrtc/sframe-transform","message":"encrypted frame","context":{"kid":9,"ctr":5,"byteLength":62,"codecOffset":10}}

[90mstdout[2m | apps/validator-daemon/src/canary/__tests__/verify-loop.test.ts[2m > [22m[2mREQ-CFA-042 — state.relayStunLossBps is READ as the classifier stunPacketLossBps arg[2m > [22m[2mthe submitted proof carries the audited relay + the diverged frameSeq + >=2 DISTINCT attesters
[22m[39m{"timestamp":"2026-06-20T08:06:54.319Z","level":"INFO","source":"frontend","module":"webrtc/sframe-transform","message":"encrypted frame","context":{"kid":9,"ctr":6,"byteLength":62,"codecOffset":10}}

[90mstdout[2m | apps/validator-daemon/src/canary/__tests__/verify-loop.test.ts[2m > [22m[2mREQ-CFA-042 — state.relayStunLossBps is READ as the classifier stunPacketLossBps arg[2m > [22m[2mthe submitted proof carries the audited relay + the diverged frameSeq + >=2 DISTINCT attesters
[22m[39m{"timestamp":"2026-06-20T08:06:54.319Z","level":"INFO","source":"frontend","module":"webrtc/sframe-transform","message":"encrypted frame","context":{"kid":9,"ctr":7,"byteLength":62,"codecOffset":10}}

{"level":30,"time":1781942814319,"pid":39960,"hostname":"Quang","name":"canary/verifier","canaryKid":9,"mediaPackets":7,"byteIdentical":7,"divergences":1,"msg":"canary forwarding verified"}
[90mstdout[2m | apps/validator-daemon/src/canary/__tests__/verify-loop.test.ts[2m > [22m[2mREQ-CFA-042 — state.relayStunLossBps is READ as the classifier stunPacketLossBps arg[2m > [22m[2mthe submitted proof carries the audited relay + the diverged frameSeq + >=2 DISTINCT attesters
[22m[39m{"timestamp":"2026-06-20T08:06:54.319Z","level":"INFO","source":"frontend","module":"webrtc/sframe-transform","message":"encrypted frame","context":{"kid":9,"ctr":0,"byteLength":62,"codecOffset":10}}

[90mstdout[2m | apps/validator-daemon/src/canary/__tests__/verify-loop.test.ts[2m > [22m[2mREQ-CFA-042 — state.relayStunLossBps is READ as the classifier stunPacketLossBps arg[2m > [22m[2mthe submitted proof carries the audited relay + the diverged frameSeq + >=2 DISTINCT attesters
[22m[39m{"timestamp":"2026-06-20T08:06:54.320Z","level":"INFO","source":"frontend","module":"webrtc/sframe-transform","message":"encrypted frame","context":{"kid":9,"ctr":1,"byteLength":62,"codecOffset":10}}

[90mstdout[2m | apps/validator-daemon/src/canary/__tests__/verify-loop.test.ts[2m > [22m[2mREQ-CFA-042 — state.relayStunLossBps is READ as the classifier stunPacketLossBps arg[2m > [22m[2mthe submitted proof carries the audited relay + the diverged frameSeq + >=2 DISTINCT attesters
[22m[39m{"timestamp":"2026-06-20T08:06:54.321Z","level":"INFO","source":"frontend","module":"webrtc/sframe-transform","message":"encrypted frame","context":{"kid":9,"ctr":2,"byteLength":62,"codecOffset":10}}

[90mstdout[2m | apps/validator-daemon/src/canary/__tests__/verify-loop.test.ts[2m > [22m[2mREQ-CFA-042 — state.relayStunLossBps is READ as the classifier stunPacketLossBps arg[2m > [22m[2mthe submitted proof carries the audited relay + the diverged frameSeq + >=2 DISTINCT attesters
[22m[39m{"timestamp":"2026-06-20T08:06:54.321Z","level":"INFO","source":"frontend","module":"webrtc/sframe-transform","message":"encrypted frame","context":{"kid":9,"ctr":3,"byteLength":62,"codecOffset":10}}

[90mstdout[2m | apps/validator-daemon/src/canary/__tests__/verify-loop.test.ts[2m > [22m[2mREQ-CFA-042 — state.relayStunLossBps is READ as the classifier stunPacketLossBps arg[2m > [22m[2mthe submitted proof carries the audited relay + the diverged frameSeq + >=2 DISTINCT attesters
[22m[39m{"timestamp":"2026-06-20T08:06:54.322Z","level":"INFO","source":"frontend","module":"webrtc/sframe-transform","message":"encrypted frame","context":{"kid":9,"ctr":4,"byteLength":62,"codecOffset":10}}

[90mstdout[2m | apps/validator-daemon/src/canary/__tests__/verify-loop.test.ts[2m > [22m[2mREQ-CFA-042 — state.relayStunLossBps is READ as the classifier stunPacketLossBps arg[2m > [22m[2mthe submitted proof carries the audited relay + the diverged frameSeq + >=2 DISTINCT attesters
[22m[39m{"timestamp":"2026-06-20T08:06:54.322Z","level":"INFO","source":"frontend","module":"webrtc/sframe-transform","message":"encrypted frame","context":{"kid":9,"ctr":5,"byteLength":62,"codecOffset":10}}

[90mstdout[2m | apps/validator-daemon/src/canary/__tests__/verify-loop.test.ts[2m > [22m[2mREQ-CFA-042 — state.relayStunLossBps is READ as the classifier stunPacketLossBps arg[2m > [22m[2mthe submitted proof carries the audited relay + the diverged frameSeq + >=2 DISTINCT attesters
[22m[39m{"timestamp":"2026-06-20T08:06:54.323Z","level":"INFO","source":"frontend","module":"webrtc/sframe-transform","message":"encrypted frame","context":{"kid":9,"ctr":6,"byteLength":62,"codecOffset":10}}

[90mstdout[2m | apps/validator-daemon/src/canary/__tests__/verify-loop.test.ts[2m > [22m[2mREQ-CFA-042 — state.relayStunLossBps is READ as the classifier stunPacketLossBps arg[2m > [22m[2mthe submitted proof carries the audited relay + the diverged frameSeq + >=2 DISTINCT attesters
[22m[39m{"timestamp":"2026-06-20T08:06:54.323Z","level":"INFO","source":"frontend","module":"webrtc/sframe-transform","message":"encrypted frame","context":{"kid":9,"ctr":7,"byteLength":62,"codecOffset":10}}

{"level":30,"time":1781942814323,"pid":39960,"hostname":"Quang","name":"canary/verifier","canaryKid":9,"mediaPackets":7,"byteIdentical":7,"divergences":1,"msg":"canary forwarding verified"}
{"level":30,"time":1781942814323,"pid":39960,"hostname":"Quang","name":"canary/loss-classifier","relayMinerId":"relay-under-audit","promoted":1,"absorbed":0,"tampers":0,"cumulativeCrossed":true,"msg":"canary divergences classified (drop gate / tamper p=1)"}
{"level":30,"time":1781942814325,"pid":39960,"hostname":"Quang","name":"canary/verify-loop","round":6,"relayMinerId":"relay-under-audit","roomId":"verify-loop-room","perReceiver":2,"promoted":1,"absorbed":0,"stunLossBps":"0","msg":"canary verify round classified (hermetic half — synthetic capture, STUN read live)"}
[90mstdout[2m | apps/validator-daemon/src/canary/__tests__/verify-loop.test.ts[2m > [22m[2mREQ-CFA-042 — state.relayStunLossBps is READ as the classifier stunPacketLossBps arg[2m > [22m[2mthe submitted proof carries the audited relay + the diverged frameSeq + >=2 DISTINCT attesters
[22m[39m{"timestamp":"2026-06-20T08:06:54.325Z","level":"INFO","source":"frontend","module":"webrtc/sframe-transform","message":"encrypted frame","context":{"kid":9,"ctr":0,"byteLength":62,"codecOffset":10}}

[90mstdout[2m | apps/validator-daemon/src/canary/__tests__/verify-loop.test.ts[2m > [22m[2mREQ-CFA-042 — state.relayStunLossBps is READ as the classifier stunPacketLossBps arg[2m > [22m[2mthe submitted proof carries the audited relay + the diverged frameSeq + >=2 DISTINCT attesters
[22m[39m{"timestamp":"2026-06-20T08:06:54.326Z","level":"INFO","source":"frontend","module":"webrtc/sframe-transform","message":"encrypted frame","context":{"kid":9,"ctr":1,"byteLength":62,"codecOffset":10}}

[90mstdout[2m | apps/validator-daemon/src/canary/__tests__/verify-loop.test.ts[2m > [22m[2mREQ-CFA-042 — state.relayStunLossBps is READ as the classifier stunPacketLossBps arg[2m > [22m[2mthe submitted proof carries the audited relay + the diverged frameSeq + >=2 DISTINCT attesters
[22m[39m{"timestamp":"2026-06-20T08:06:54.327Z","level":"INFO","source":"frontend","module":"webrtc/sframe-transform","message":"encrypted frame","context":{"kid":9,"ctr":2,"byteLength":62,"codecOffset":10}}

[90mstdout[2m | apps/validator-daemon/src/canary/__tests__/verify-loop.test.ts[2m > [22m[2mREQ-CFA-042 — state.relayStunLossBps is READ as the classifier stunPacketLossBps arg[2m > [22m[2mthe submitted proof carries the audited relay + the diverged frameSeq + >=2 DISTINCT attesters
[22m[39m{"timestamp":"2026-06-20T08:06:54.327Z","level":"INFO","source":"frontend","module":"webrtc/sframe-transform","message":"encrypted frame","context":{"kid":9,"ctr":3,"byteLength":62,"codecOffset":10}}

[90mstdout[2m | apps/validator-daemon/src/canary/__tests__/verify-loop.test.ts[2m > [22m[2mREQ-CFA-042 — state.relayStunLossBps is READ as the classifier stunPacketLossBps arg[2m > [22m[2mthe submitted proof carries the audited relay + the diverged frameSeq + >=2 DISTINCT attesters
[22m[39m{"timestamp":"2026-06-20T08:06:54.328Z","level":"INFO","source":"frontend","module":"webrtc/sframe-transform","message":"encrypted frame","context":{"kid":9,"ctr":4,"byteLength":62,"codecOffset":10}}

[90mstdout[2m | apps/validator-daemon/src/canary/__tests__/verify-loop.test.ts[2m > [22m[2mREQ-CFA-042 — state.relayStunLossBps is READ as the classifier stunPacketLossBps arg[2m > [22m[2mthe submitted proof carries the audited relay + the diverged frameSeq + >=2 DISTINCT attesters
[22m[39m{"timestamp":"2026-06-20T08:06:54.328Z","level":"INFO","source":"frontend","module":"webrtc/sframe-transform","message":"encrypted frame","context":{"kid":9,"ctr":6,"byteLength":62,"codecOffset":10}}

[90mstdout[2m | apps/validator-daemon/src/canary/__tests__/verify-loop.test.ts[2m > [22m[2mREQ-CFA-042 — state.relayStunLossBps is READ as the classifier stunPacketLossBps arg[2m > [22m[2mthe submitted proof carries the audited relay + the diverged frameSeq + >=2 DISTINCT attesters
[22m[39m{"timestamp":"2026-06-20T08:06:54.328Z","level":"INFO","source":"frontend","module":"webrtc/sframe-transform","message":"encrypted frame","context":{"kid":9,"ctr":7,"byteLength":62,"codecOffset":10}}

[90mstdout[2m | apps/validator-daemon/src/canary/__tests__/verify-loop.test.ts[2m > [22m[2mREQ-CFA-042 — state.relayStunLossBps is READ as the classifier stunPacketLossBps arg[2m > [22m[2mthe submitted proof carries the audited relay + the diverged frameSeq + >=2 DISTINCT attesters
[22m[39m{"timestamp":"2026-06-20T08:06:54.329Z","level":"INFO","source":"frontend","module":"webrtc/sframe-transform","message":"encrypted frame","context":{"kid":9,"ctr":0,"byteLength":62,"codecOffset":10}}

[90mstdout[2m | apps/validator-daemon/src/canary/__tests__/verify-loop.test.ts[2m > [22m[2mREQ-CFA-042 — state.relayStunLossBps is READ as the classifier stunPacketLossBps arg[2m > [22m[2mthe submitted proof carries the audited relay + the diverged frameSeq + >=2 DISTINCT attesters
[22m[39m{"timestamp":"2026-06-20T08:06:54.330Z","level":"INFO","source":"frontend","module":"webrtc/sframe-transform","message":"encrypted frame","context":{"kid":9,"ctr":1,"byteLength":62,"codecOffset":10}}

[90mstdout[2m | apps/validator-daemon/src/canary/__tests__/verify-loop.test.ts[2m > [22m[2mREQ-CFA-042 — state.relayStunLossBps is READ as the classifier stunPacketLossBps arg[2m > [22m[2mthe submitted proof carries the audited relay + the diverged frameSeq + >=2 DISTINCT attesters
[22m[39m{"timestamp":"2026-06-20T08:06:54.330Z","level":"INFO","source":"frontend","module":"webrtc/sframe-transform","message":"encrypted frame","context":{"kid":9,"ctr":2,"byteLength":62,"codecOffset":10}}

[90mstdout[2m | apps/validator-daemon/src/canary/__tests__/verify-loop.test.ts[2m > [22m[2mREQ-CFA-042 — state.relayStunLossBps is READ as the classifier stunPacketLossBps arg[2m > [22m[2mthe submitted proof carries the audited relay + the diverged frameSeq + >=2 DISTINCT attesters
[22m[39m{"timestamp":"2026-06-20T08:06:54.331Z","level":"INFO","source":"frontend","module":"webrtc/sframe-transform","message":"encrypted frame","context":{"kid":9,"ctr":3,"byteLength":62,"codecOffset":10}}

[90mstdout[2m | apps/validator-daemon/src/canary/__tests__/verify-loop.test.ts[2m > [22m[2mREQ-CFA-042 — state.relayStunLossBps is READ as the classifier stunPacketLossBps arg[2m > [22m[2mthe submitted proof carries the audited relay + the diverged frameSeq + >=2 DISTINCT attesters
[22m[39m{"timestamp":"2026-06-20T08:06:54.331Z","level":"INFO","source":"frontend","module":"webrtc/sframe-transform","message":"encrypted frame","context":{"kid":9,"ctr":4,"byteLength":62,"codecOffset":10}}

[90mstdout[2m | apps/validator-daemon/src/canary/__tests__/verify-loop.test.ts[2m > [22m[2mREQ-CFA-042 — state.relayStunLossBps is READ as the classifier stunPacketLossBps arg[2m > [22m[2mthe submitted proof carries the audited relay + the diverged frameSeq + >=2 DISTINCT attesters
[22m[39m{"timestamp":"2026-06-20T08:06:54.332Z","level":"INFO","source":"frontend","module":"webrtc/sframe-transform","message":"encrypted frame","context":{"kid":9,"ctr":5,"byteLength":62,"codecOffset":10}}

[90mstdout[2m | apps/validator-daemon/src/canary/__tests__/verify-loop.test.ts[2m > [22m[2mREQ-CFA-042 — state.relayStunLossBps is READ as the classifier stunPacketLossBps arg[2m > [22m[2mthe submitted proof carries the audited relay + the diverged frameSeq + >=2 DISTINCT attesters
[22m[39m{"timestamp":"2026-06-20T08:06:54.332Z","level":"INFO","source":"frontend","module":"webrtc/sframe-transform","message":"encrypted frame","context":{"kid":9,"ctr":6,"byteLength":62,"codecOffset":10}}

[90mstdout[2m | apps/validator-daemon/src/canary/__tests__/verify-loop.test.ts[2m > [22m[2mREQ-CFA-042 — state.relayStunLossBps is READ as the classifier stunPacketLossBps arg[2m > [22m[2mthe submitted proof carries the audited relay + the diverged frameSeq + >=2 DISTINCT attesters
[22m[39m{"timestamp":"2026-06-20T08:06:54.332Z","level":"INFO","source":"frontend","module":"webrtc/sframe-transform","message":"encrypted frame","context":{"kid":9,"ctr":7,"byteLength":62,"codecOffset":10}}

{"level":30,"time":1781942814332,"pid":38788,"hostname":"Quang","name":"canary/loss-classifier","relayMinerId":"p11-relay-under-audit","promoted":0,"absorbed":1,"tampers":0,"cumulativeCrossed":false,"msg":"canary divergences classified (drop gate / tamper p=1)"}
{"level":30,"time":1781942814333,"pid":39960,"hostname":"Quang","name":"canary/verifier","canaryKid":9,"mediaPackets":7,"byteIdentical":7,"divergences":1,"msg":"canary forwarding verified"}
[90mstdout[2m | apps/validator-daemon/src/canary/__tests__/verify-loop.test.ts[2m > [22m[2mREQ-CFA-042 — state.relayStunLossBps is READ as the classifier stunPacketLossBps arg[2m > [22m[2mthe submitted proof carries the audited relay + the diverged frameSeq + >=2 DISTINCT attesters
[22m[39m{"timestamp":"2026-06-20T08:06:54.333Z","level":"INFO","source":"frontend","module":"webrtc/sframe-transform","message":"encrypted frame","context":{"kid":9,"ctr":0,"byteLength":62,"codecOffset":10}}

[90mstdout[2m | apps/validator-daemon/src/canary/__tests__/verify-loop.test.ts[2m > [22m[2mREQ-CFA-042 — state.relayStunLossBps is READ as the classifier stunPacketLossBps arg[2m > [22m[2mthe submitted proof carries the audited relay + the diverged frameSeq + >=2 DISTINCT attesters
[22m[39m{"timestamp":"2026-06-20T08:06:54.333Z","level":"INFO","source":"frontend","module":"webrtc/sframe-transform","message":"encrypted frame","context":{"kid":9,"ctr":1,"byteLength":62,"codecOffset":10}}

[90mstdout[2m | apps/validator-daemon/src/canary/__tests__/verify-loop.test.ts[2m > [22m[2mREQ-CFA-042 — state.relayStunLossBps is READ as the classifier stunPacketLossBps arg[2m > [22m[2mthe submitted proof carries the audited relay + the diverged frameSeq + >=2 DISTINCT attesters
[22m[39m{"timestamp":"2026-06-20T08:06:54.334Z","level":"INFO","source":"frontend","module":"webrtc/sframe-transform","message":"encrypted frame","context":{"kid":9,"ctr":2,"byteLength":62,"codecOffset":10}}

[90mstdout[2m | apps/validator-daemon/src/canary/__tests__/verify-loop.test.ts[2m > [22m[2mREQ-CFA-042 — state.relayStunLossBps is READ as the classifier stunPacketLossBps arg[2m > [22m[2mthe submitted proof carries the audited relay + the diverged frameSeq + >=2 DISTINCT attesters
[22m[39m{"timestamp":"2026-06-20T08:06:54.334Z","level":"INFO","source":"frontend","module":"webrtc/sframe-transform","message":"encrypted frame","context":{"kid":9,"ctr":3,"byteLength":62,"codecOffset":10}}

[90mstdout[2m | apps/validator-daemon/src/canary/__tests__/verify-loop.test.ts[2m > [22m[2mREQ-CFA-042 — state.relayStunLossBps is READ as the classifier stunPacketLossBps arg[2m > [22m[2mthe submitted proof carries the audited relay + the diverged frameSeq + >=2 DISTINCT attesters
[22m[39m{"timestamp":"2026-06-20T08:06:54.335Z","level":"INFO","source":"frontend","module":"webrtc/sframe-transform","message":"encrypted frame","context":{"kid":9,"ctr":4,"byteLength":62,"codecOffset":10}}

[90mstdout[2m | apps/validator-daemon/src/canary/__tests__/verify-loop.test.ts[2m > [22m[2mREQ-CFA-042 — state.relayStunLossBps is READ as the classifier stunPacketLossBps arg[2m > [22m[2mthe submitted proof carries the audited relay + the diverged frameSeq + >=2 DISTINCT attesters
[22m[39m{"timestamp":"2026-06-20T08:06:54.335Z","level":"INFO","source":"frontend","module":"webrtc/sframe-transform","message":"encrypted frame","context":{"kid":9,"ctr":5,"byteLength":62,"codecOffset":10}}

[90mstdout[2m | apps/validator-daemon/src/canary/__tests__/verify-loop.test.ts[2m > [22m[2mREQ-CFA-042 — state.relayStunLossBps is READ as the classifier stunPacketLossBps arg[2m > [22m[2mthe submitted proof carries the audited relay + the diverged frameSeq + >=2 DISTINCT attesters
[22m[39m{"timestamp":"2026-06-20T08:06:54.335Z","level":"INFO","source":"frontend","module":"webrtc/sframe-transform","message":"encrypted frame","context":{"kid":9,"ctr":6,"byteLength":62,"codecOffset":10}}

[90mstdout[2m | apps/validator-daemon/src/canary/__tests__/verify-loop.test.ts[2m > [22m[2mREQ-CFA-042 — state.relayStunLossBps is READ as the classifier stunPacketLossBps arg[2m > [22m[2mthe submitted proof carries the audited relay + the diverged frameSeq + >=2 DISTINCT attesters
[22m[39m{"timestamp":"2026-06-20T08:06:54.336Z","level":"INFO","source":"frontend","module":"webrtc/sframe-transform","message":"encrypted frame","context":{"kid":9,"ctr":7,"byteLength":62,"codecOffset":10}}

{"level":30,"time":1781942814336,"pid":39960,"hostname":"Quang","name":"canary/verifier","canaryKid":9,"mediaPackets":7,"byteIdentical":7,"divergences":1,"msg":"canary forwarding verified"}
{"level":30,"time":1781942814336,"pid":39960,"hostname":"Quang","name":"canary/loss-classifier","relayMinerId":"relay-under-audit","promoted":1,"absorbed":0,"tampers":0,"cumulativeCrossed":true,"msg":"canary divergences classified (drop gate / tamper p=1)"}
{"level":30,"time":1781942814337,"pid":39960,"hostname":"Quang","name":"canary/verify-loop","round":6,"relayMinerId":"relay-under-audit","roomId":"verify-loop-room","perReceiver":2,"promoted":1,"absorbed":0,"stunLossBps":"0","msg":"canary verify round classified (hermetic half — synthetic capture, STUN read live)"}
[90mstdout[2m | apps/validator-daemon/src/canary/__tests__/verify-loop.test.ts[2m > [22m[2mREQ-CFA-043 — per-receiver Map + persisted per-relay DropAccumulator across >=2 rounds[2m > [22m[2mthe accumulator persists drop history across rounds (cumulative state grows)
[22m[39m{"timestamp":"2026-06-20T08:06:54.339Z","level":"INFO","source":"frontend","module":"webrtc/sframe-transform","message":"encrypted frame","context":{"kid":9,"ctr":0,"byteLength":62,"codecOffset":10}}

[90mstdout[2m | apps/validator-daemon/src/canary/__tests__/verify-loop.test.ts[2m > [22m[2mREQ-CFA-043 — per-receiver Map + persisted per-relay DropAccumulator across >=2 rounds[2m > [22m[2mthe accumulator persists drop history across rounds (cumulative state grows)
[22m[39m{"timestamp":"2026-06-20T08:06:54.340Z","level":"INFO","source":"frontend","module":"webrtc/sframe-transform","message":"encrypted frame","context":{"kid":9,"ctr":1,"byteLength":62,"codecOffset":10}}

[90mstdout[2m | apps/validator-daemon/src/canary/__tests__/verify-loop.test.ts[2m > [22m[2mREQ-CFA-043 — per-receiver Map + persisted per-relay DropAccumulator across >=2 rounds[2m > [22m[2mthe accumulator persists drop history across rounds (cumulative state grows)
[22m[39m{"timestamp":"2026-06-20T08:06:54.341Z","level":"INFO","source":"frontend","module":"webrtc/sframe-transform","message":"encrypted frame","context":{"kid":9,"ctr":3,"byteLength":62,"codecOffset":10}}

[90mstdout[2m | apps/validator-daemon/src/canary/__tests__/verify-loop.test.ts[2m > [22m[2mREQ-CFA-043 — per-receiver Map + persisted per-relay DropAccumulator across >=2 rounds[2m > [22m[2mthe accumulator persists drop history across rounds (cumulative state grows)
[22m[39m{"timestamp":"2026-06-20T08:06:54.341Z","level":"INFO","source":"frontend","module":"webrtc/sframe-transform","message":"encrypted frame","context":{"kid":9,"ctr":0,"byteLength":62,"codecOffset":10}}

[90mstdout[2m | apps/validator-daemon/src/canary/__tests__/wan-harness-shape.test.ts[2m > [22m[2mREQ-CFA-041 — synthetic lossy/re-packetized chain: verifier -> runTailSanityGate -> classifier[2m > [22m[2mBENIGN absorbed: forwarded-intact canary frames pass the sanity gate and promote ZERO
[22m[39m{"timestamp":"2026-06-20T08:06:54.339Z","level":"INFO","source":"frontend","module":"webrtc/sframe-transform","message":"encrypted frame","context":{"kid":3,"ctr":0,"byteLength":62,"codecOffset":10}}

[90mstdout[2m | apps/validator-daemon/src/canary/__tests__/verify-loop.test.ts[2m > [22m[2mREQ-CFA-043 — per-receiver Map + persisted per-relay DropAccumulator across >=2 rounds[2m > [22m[2mthe accumulator persists drop history across rounds (cumulative state grows)
[22m[39m{"timestamp":"2026-06-20T08:06:54.341Z","level":"INFO","source":"frontend","module":"webrtc/sframe-transform","message":"encrypted frame","context":{"kid":9,"ctr":1,"byteLength":62,"codecOffset":10}}

[90mstdout[2m | apps/validator-daemon/src/canary/__tests__/verify-loop.test.ts[2m > [22m[2mREQ-CFA-043 — per-receiver Map + persisted per-relay DropAccumulator across >=2 rounds[2m > [22m[2mthe accumulator persists drop history across rounds (cumulative state grows)
[22m[39m{"timestamp":"2026-06-20T08:06:54.342Z","level":"INFO","source":"frontend","module":"webrtc/sframe-transform","message":"encrypted frame","context":{"kid":9,"ctr":2,"byteLength":62,"codecOffset":10}}

[90mstdout[2m | apps/validator-daemon/src/canary/__tests__/verify-loop.test.ts[2m > [22m[2mREQ-CFA-043 — per-receiver Map + persisted per-relay DropAccumulator across >=2 rounds[2m > [22m[2mthe accumulator persists drop history across rounds (cumulative state grows)
[22m[39m{"timestamp":"2026-06-20T08:06:54.342Z","level":"INFO","source":"frontend","module":"webrtc/sframe-transform","message":"encrypted frame","context":{"kid":9,"ctr":3,"byteLength":62,"codecOffset":10}}

{"level":30,"time":1781942814342,"pid":39960,"hostname":"Quang","name":"canary/verifier","canaryKid":9,"mediaPackets":3,"byteIdentical":3,"divergences":1,"msg":"canary forwarding verified"}
[90mstdout[2m | apps/validator-daemon/src/canary/__tests__/wan-harness-shape.test.ts[2m > [22m[2mREQ-CFA-041 — synthetic lossy/re-packetized chain: verifier -> runTailSanityGate -> classifier[2m > [22m[2mBENIGN absorbed: forwarded-intact canary frames pass the sanity gate and promote ZERO
[22m[39m{"timestamp":"2026-06-20T08:06:54.342Z","level":"INFO","source":"frontend","module":"webrtc/sframe-transform","message":"encrypted frame","context":{"kid":3,"ctr":1,"byteLength":62,"codecOffset":10}}

[90mstdout[2m | apps/validator-daemon/src/canary/__tests__/verify-loop.test.ts[2m > [22m[2mREQ-CFA-043 — per-receiver Map + persisted per-relay DropAccumulator across >=2 rounds[2m > [22m[2mthe accumulator persists drop history across rounds (cumulative state grows)
[22m[39m{"timestamp":"2026-06-20T08:06:54.343Z","level":"INFO","source":"frontend","module":"webrtc/sframe-transform","message":"encrypted frame","context":{"kid":9,"ctr":0,"byteLength":62,"codecOffset":10}}

[90mstdout[2m | apps/validator-daemon/src/canary/__tests__/verify-loop.test.ts[2m > [22m[2mREQ-CFA-043 — per-receiver Map + persisted per-relay DropAccumulator across >=2 rounds[2m > [22m[2mthe accumulator persists drop history across rounds (cumulative state grows)
[22m[39m{"timestamp":"2026-06-20T08:06:54.343Z","level":"INFO","source":"frontend","module":"webrtc/sframe-transform","message":"encrypted frame","context":{"kid":9,"ctr":1,"byteLength":62,"codecOffset":10}}

[90mstdout[2m | apps/validator-daemon/src/canary/__tests__/wan-harness-shape.test.ts[2m > [22m[2mREQ-CFA-041 — synthetic lossy/re-packetized chain: verifier -> runTailSanityGate -> classifier[2m > [22m[2mBENIGN absorbed: forwarded-intact canary frames pass the sanity gate and promote ZERO
[22m[39m{"timestamp":"2026-06-20T08:06:54.343Z","level":"INFO","source":"frontend","module":"webrtc/sframe-transform","message":"encrypted frame","context":{"kid":3,"ctr":2,"byteLength":62,"codecOffset":10}}

[90mstdout[2m | apps/validator-daemon/src/canary/__tests__/verify-loop.test.ts[2m > [22m[2mREQ-CFA-043 — per-receiver Map + persisted per-relay DropAccumulator across >=2 rounds[2m > [22m[2mthe accumulator persists drop history across rounds (cumulative state grows)
[22m[39m{"timestamp":"2026-06-20T08:06:54.343Z","level":"INFO","source":"frontend","module":"webrtc/sframe-transform","message":"encrypted frame","context":{"kid":9,"ctr":2,"byteLength":62,"codecOffset":10}}

[90mstdout[2m | apps/validator-daemon/src/canary/__tests__/verify-loop.test.ts[2m > [22m[2mREQ-CFA-043 — per-receiver Map + persisted per-relay DropAccumulator across >=2 rounds[2m > [22m[2mthe accumulator persists drop history across rounds (cumulative state grows)
[22m[39m{"timestamp":"2026-06-20T08:06:54.344Z","level":"INFO","source":"frontend","module":"webrtc/sframe-transform","message":"encrypted frame","context":{"kid":9,"ctr":3,"byteLength":62,"codecOffset":10}}

{"level":30,"time":1781942814344,"pid":39960,"hostname":"Quang","name":"canary/verifier","canaryKid":9,"mediaPackets":3,"byteIdentical":3,"divergences":1,"msg":"canary forwarding verified"}
[90mstdout[2m | apps/validator-daemon/src/canary/__tests__/wan-harness-shape.test.ts[2m > [22m[2mREQ-CFA-041 — synthetic lossy/re-packetized chain: verifier -> runTailSanityGate -> classifier[2m > [22m[2mBENIGN absorbed: forwarded-intact canary frames pass the sanity gate and promote ZERO
[22m[39m{"timestamp":"2026-06-20T08:06:54.343Z","level":"INFO","source":"frontend","module":"webrtc/sframe-transform","message":"encrypted frame","context":{"kid":3,"ctr":3,"byteLength":62,"codecOffset":10}}

{"level":30,"time":1781942814344,"pid":39960,"hostname":"Quang","name":"canary/loss-classifier","relayMinerId":"relay-under-audit","promoted":0,"absorbed":1,"tampers":0,"cumulativeCrossed":false,"msg":"canary divergences classified (drop gate / tamper p=1)"}
{"level":30,"time":1781942814344,"pid":39960,"hostname":"Quang","name":"canary/verify-loop","round":0,"relayMinerId":"relay-under-audit","roomId":"verify-loop-room","perReceiver":2,"promoted":0,"absorbed":1,"stunLossBps":"0","msg":"canary verify round classified (hermetic half — synthetic capture, STUN read live)"}
[90mstdout[2m | apps/validator-daemon/src/canary/__tests__/wan-harness-shape.test.ts[2m > [22m[2mREQ-CFA-041 — synthetic lossy/re-packetized chain: verifier -> runTailSanityGate -> classifier[2m > [22m[2mBENIGN absorbed: forwarded-intact canary frames pass the sanity gate and promote ZERO
[22m[39m{"timestamp":"2026-06-20T08:06:54.344Z","level":"INFO","source":"frontend","module":"webrtc/sframe-transform","message":"encrypted frame","context":{"kid":3,"ctr":4,"byteLength":62,"codecOffset":10}}

[90mstdout[2m | apps/validator-daemon/src/canary/__tests__/verify-loop.test.ts[2m > [22m[2mREQ-CFA-043 — per-receiver Map + persisted per-relay DropAccumulator across >=2 rounds[2m > [22m[2mthe accumulator persists drop history across rounds (cumulative state grows)
[22m[39m{"timestamp":"2026-06-20T08:06:54.345Z","level":"INFO","source":"frontend","module":"webrtc/sframe-transform","message":"encrypted frame","context":{"kid":9,"ctr":0,"byteLength":62,"codecOffset":10}}

[90mstdout[2m | apps/validator-daemon/src/canary/__tests__/verify-loop.test.ts[2m > [22m[2mREQ-CFA-043 — per-receiver Map + persisted per-relay DropAccumulator across >=2 rounds[2m > [22m[2mthe accumulator persists drop history across rounds (cumulative state grows)
[22m[39m{"timestamp":"2026-06-20T08:06:54.345Z","level":"INFO","source":"frontend","module":"webrtc/sframe-transform","message":"encrypted frame","context":{"kid":9,"ctr":1,"byteLength":62,"codecOffset":10}}

[90mstdout[2m | apps/validator-daemon/src/canary/__tests__/wan-harness-shape.test.ts[2m > [22m[2mREQ-CFA-041 — synthetic lossy/re-packetized chain: verifier -> runTailSanityGate -> classifier[2m > [22m[2mBENIGN absorbed: forwarded-intact canary frames pass the sanity gate and promote ZERO
[22m[39m{"timestamp":"2026-06-20T08:06:54.345Z","level":"INFO","source":"frontend","module":"webrtc/sframe-transform","message":"encrypted frame","context":{"kid":3,"ctr":5,"byteLength":62,"codecOffset":10}}

[90mstdout[2m | apps/validator-daemon/src/canary/__tests__/verify-loop.test.ts[2m > [22m[2mREQ-CFA-043 — per-receiver Map + persisted per-relay DropAccumulator across >=2 rounds[2m > [22m[2mthe accumulator persists drop history across rounds (cumulative state grows)
[22m[39m{"timestamp":"2026-06-20T08:06:54.345Z","level":"INFO","source":"frontend","module":"webrtc/sframe-transform","message":"encrypted frame","context":{"kid":9,"ctr":3,"byteLength":62,"codecOffset":10}}

[90mstdout[2m | apps/validator-daemon/src/canary/__tests__/verify-loop.test.ts[2m > [22m[2mREQ-CFA-043 — per-receiver Map + persisted per-relay DropAccumulator across >=2 rounds[2m > [22m[2mthe accumulator persists drop history across rounds (cumulative state grows)
[22m[39m{"timestamp":"2026-06-20T08:06:54.346Z","level":"INFO","source":"frontend","module":"webrtc/sframe-transform","message":"encrypted frame","context":{"kid":9,"ctr":0,"byteLength":62,"codecOffset":10}}

[90mstdout[2m | apps/validator-daemon/src/canary/__tests__/wan-harness-shape.test.ts[2m > [22m[2mREQ-CFA-041 — synthetic lossy/re-packetized chain: verifier -> runTailSanityGate -> classifier[2m > [22m[2mBENIGN absorbed: forwarded-intact canary frames pass the sanity gate and promote ZERO
[22m[39m{"timestamp":"2026-06-20T08:06:54.346Z","level":"INFO","source":"frontend","module":"webrtc/sframe-transform","message":"encrypted frame","context":{"kid":3,"ctr":0,"byteLength":62,"codecOffset":10}}

[90mstdout[2m | apps/validator-daemon/src/canary/__tests__/verify-loop.test.ts[2m > [22m[2mREQ-CFA-043 — per-receiver Map + persisted per-relay DropAccumulator across >=2 rounds[2m > [22m[2mthe accumulator persists drop history across rounds (cumulative state grows)
[22m[39m{"timestamp":"2026-06-20T08:06:54.346Z","level":"INFO","source":"frontend","module":"webrtc/sframe-transform","message":"encrypted frame","context":{"kid":9,"ctr":1,"byteLength":62,"codecOffset":10}}

[90mstdout[2m | apps/validator-daemon/src/canary/__tests__/verify-loop.test.ts[2m > [22m[2mREQ-CFA-043 — per-receiver Map + persisted per-relay DropAccumulator across >=2 rounds[2m > [22m[2mthe accumulator persists drop history across rounds (cumulative state grows)
[22m[39m{"timestamp":"2026-06-20T08:06:54.347Z","level":"INFO","source":"frontend","module":"webrtc/sframe-transform","message":"encrypted frame","context":{"kid":9,"ctr":2,"byteLength":62,"codecOffset":10}}

[90mstdout[2m | apps/validator-daemon/src/canary/__tests__/wan-harness-shape.test.ts[2m > [22m[2mREQ-CFA-041 — synthetic lossy/re-packetized chain: verifier -> runTailSanityGate -> classifier[2m > [22m[2mBENIGN absorbed: forwarded-intact canary frames pass the sanity gate and promote ZERO
[22m[39m{"timestamp":"2026-06-20T08:06:54.346Z","level":"INFO","source":"frontend","module":"webrtc/sframe-transform","message":"encrypted frame","context":{"kid":3,"ctr":1,"byteLength":62,"codecOffset":10}}

[90mstdout[2m | apps/validator-daemon/src/canary/__tests__/verify-loop.test.ts[2m > [22m[2mREQ-CFA-043 — per-receiver Map + persisted per-relay DropAccumulator across >=2 rounds[2m > [22m[2mthe accumulator persists drop history across rounds (cumulative state grows)
[22m[39m{"timestamp":"2026-06-20T08:06:54.347Z","level":"INFO","source":"frontend","module":"webrtc/sframe-transform","message":"encrypted frame","context":{"kid":9,"ctr":3,"byteLength":62,"codecOffset":10}}

{"level":30,"time":1781942814347,"pid":39960,"hostname":"Quang","name":"canary/verifier","canaryKid":9,"mediaPackets":3,"byteIdentical":3,"divergences":1,"msg":"canary forwarding verified"}
[90mstdout[2m | apps/validator-daemon/src/canary/__tests__/verify-loop.test.ts[2m > [22m[2mREQ-CFA-043 — per-receiver Map + persisted per-relay DropAccumulator across >=2 rounds[2m > [22m[2mthe accumulator persists drop history across rounds (cumulative state grows)
[22m[39m{"timestamp":"2026-06-20T08:06:54.347Z","level":"INFO","source":"frontend","module":"webrtc/sframe-transform","message":"encrypted frame","context":{"kid":9,"ctr":0,"byteLength":62,"codecOffset":10}}

[90mstdout[2m | apps/validator-daemon/src/canary/__tests__/wan-harness-shape.test.ts[2m > [22m[2mREQ-CFA-041 — synthetic lossy/re-packetized chain: verifier -> runTailSanityGate -> classifier[2m > [22m[2mBENIGN absorbed: forwarded-intact canary frames pass the sanity gate and promote ZERO
[22m[39m{"timestamp":"2026-06-20T08:06:54.347Z","level":"INFO","source":"frontend","module":"webrtc/sframe-transform","message":"encrypted frame","context":{"kid":3,"ctr":2,"byteLength":62,"codecOffset":10}}

[90mstdout[2m | apps/validator-daemon/src/canary/__tests__/verify-loop.test.ts[2m > [22m[2mREQ-CFA-043 — per-receiver Map + persisted per-relay DropAccumulator across >=2 rounds[2m > [22m[2mthe accumulator persists drop history across rounds (cumulative state grows)
[22m[39m{"timestamp":"2026-06-20T08:06:54.348Z","level":"INFO","source":"frontend","module":"webrtc/sframe-transform","message":"encrypted frame","context":{"kid":9,"ctr":1,"byteLength":62,"codecOffset":10}}

[90mstdout[2m | apps/validator-daemon/src/canary/__tests__/verify-loop.test.ts[2m > [22m[2mREQ-CFA-043 — per-receiver Map + persisted per-relay DropAccumulator across >=2 rounds[2m > [22m[2mthe accumulator persists drop history across rounds (cumulative state grows)
[22m[39m{"timestamp":"2026-06-20T08:06:54.348Z","level":"INFO","source":"frontend","module":"webrtc/sframe-transform","message":"encrypted frame","context":{"kid":9,"ctr":2,"byteLength":62,"codecOffset":10}}

[90mstdout[2m | apps/validator-daemon/src/canary/__tests__/wan-harness-shape.test.ts[2m > [22m[2mREQ-CFA-041 — synthetic lossy/re-packetized chain: verifier -> runTailSanityGate -> classifier[2m > [22m[2mBENIGN absorbed: forwarded-intact canary frames pass the sanity gate and promote ZERO
[22m[39m{"timestamp":"2026-06-20T08:06:54.348Z","level":"INFO","source":"frontend","module":"webrtc/sframe-transform","message":"encrypted frame","context":{"kid":3,"ctr":3,"byteLength":62,"codecOffset":10}}

[90mstdout[2m | apps/validator-daemon/src/canary/__tests__/verify-loop.test.ts[2m > [22m[2mREQ-CFA-043 — per-receiver Map + persisted per-relay DropAccumulator across >=2 rounds[2m > [22m[2mthe accumulator persists drop history across rounds (cumulative state grows)
[22m[39m{"timestamp":"2026-06-20T08:06:54.349Z","level":"INFO","source":"frontend","module":"webrtc/sframe-transform","message":"encrypted frame","context":{"kid":9,"ctr":3,"byteLength":62,"codecOffset":10}}

{"level":30,"time":1781942814349,"pid":39960,"hostname":"Quang","name":"canary/verifier","canaryKid":9,"mediaPackets":3,"byteIdentical":3,"divergences":1,"msg":"canary forwarding verified"}
{"level":30,"time":1781942814349,"pid":39960,"hostname":"Quang","name":"canary/loss-classifier","relayMinerId":"relay-under-audit","promoted":0,"absorbed":1,"tampers":0,"cumulativeCrossed":false,"msg":"canary divergences classified (drop gate / tamper p=1)"}
{"level":30,"time":1781942814349,"pid":39960,"hostname":"Quang","name":"canary/verify-loop","round":1,"relayMinerId":"relay-under-audit","roomId":"verify-loop-room","perReceiver":2,"promoted":0,"absorbed":1,"stunLossBps":"0","msg":"canary verify round classified (hermetic half — synthetic capture, STUN read live)"}
[90mstdout[2m | apps/validator-daemon/src/canary/__tests__/wan-harness-shape.test.ts[2m > [22m[2mREQ-CFA-041 — synthetic lossy/re-packetized chain: verifier -> runTailSanityGate -> classifier[2m > [22m[2mBENIGN absorbed: forwarded-intact canary frames pass the sanity gate and promote ZERO
[22m[39m{"timestamp":"2026-06-20T08:06:54.349Z","level":"INFO","source":"frontend","module":"webrtc/sframe-transform","message":"encrypted frame","context":{"kid":3,"ctr":4,"byteLength":62,"codecOffset":10}}

[90mstdout[2m | apps/validator-daemon/src/canary/__tests__/wan-harness-shape.test.ts[2m > [22m[2mREQ-CFA-041 — synthetic lossy/re-packetized chain: verifier -> runTailSanityGate -> classifier[2m > [22m[2mBENIGN absorbed: forwarded-intact canary frames pass the sanity gate and promote ZERO
[22m[39m{"timestamp":"2026-06-20T08:06:54.349Z","level":"INFO","source":"frontend","module":"webrtc/sframe-transform","message":"encrypted frame","context":{"kid":3,"ctr":5,"byteLength":62,"codecOffset":10}}

{"level":30,"time":1781942814350,"pid":38788,"hostname":"Quang","name":"canary/verifier","canaryKid":3,"mediaPackets":6,"byteIdentical":6,"divergences":0,"msg":"canary forwarding verified"}
[90mstdout[2m | apps/validator-daemon/src/canary/__tests__/verify-loop.test.ts[2m > [22m[2mREQ-CFA-043 — per-receiver Map + persisted per-relay DropAccumulator across >=2 rounds[2m > [22m[2massembles a real PerReceiverDivergences Map (>=2 distinct receivers feed the SECONDARY signal)
[22m[39m{"timestamp":"2026-06-20T08:06:54.350Z","level":"INFO","source":"frontend","module":"webrtc/sframe-transform","message":"encrypted frame","context":{"kid":9,"ctr":0,"byteLength":62,"codecOffset":10}}

{"level":30,"time":1781942814350,"pid":38788,"hostname":"Quang","name":"canary/loss-classifier","relayMinerId":"p11-relay-under-audit","promoted":0,"absorbed":0,"tampers":0,"cumulativeCrossed":false,"msg":"canary divergences classified (drop gate / tamper p=1)"}
[90mstdout[2m | apps/validator-daemon/src/canary/__tests__/verify-loop.test.ts[2m > [22m[2mREQ-CFA-043 — per-receiver Map + persisted per-relay DropAccumulator across >=2 rounds[2m > [22m[2massembles a real PerReceiverDivergences Map (>=2 distinct receivers feed the SECONDARY signal)
[22m[39m{"timestamp":"2026-06-20T08:06:54.351Z","level":"INFO","source":"frontend","module":"webrtc/sframe-transform","message":"encrypted frame","context":{"kid":9,"ctr":1,"byteLength":62,"codecOffset":10}}

[90mstdout[2m | apps/validator-daemon/src/canary/__tests__/verify-loop.test.ts[2m > [22m[2mREQ-CFA-043 — per-receiver Map + persisted per-relay DropAccumulator across >=2 rounds[2m > [22m[2massembles a real PerReceiverDivergences Map (>=2 distinct receivers feed the SECONDARY signal)
[22m[39m{"timestamp":"2026-06-20T08:06:54.351Z","level":"INFO","source":"frontend","module":"webrtc/sframe-transform","message":"encrypted frame","context":{"kid":9,"ctr":3,"byteLength":62,"codecOffset":10}}

[90mstdout[2m | apps/validator-daemon/src/canary/__tests__/verify-loop.test.ts[2m > [22m[2mREQ-CFA-043 — per-receiver Map + persisted per-relay DropAccumulator across >=2 rounds[2m > [22m[2massembles a real PerReceiverDivergences Map (>=2 distinct receivers feed the SECONDARY signal)
[22m[39m{"timestamp":"2026-06-20T08:06:54.351Z","level":"INFO","source":"frontend","module":"webrtc/sframe-transform","message":"encrypted frame","context":{"kid":9,"ctr":0,"byteLength":62,"codecOffset":10}}

[90mstdout[2m | apps/validator-daemon/src/canary/__tests__/wan-harness-shape.test.ts[2m > [22m[2mREQ-CFA-041 — synthetic lossy/re-packetized chain: verifier -> runTailSanityGate -> classifier[2m > [22m[2mW-M3-TAIL-ABORT: a re-packetized path (canary tail moved) → all-MISSING with broken extraction → gate ABORTS
[22m[39m{"timestamp":"2026-06-20T08:06:54.351Z","level":"INFO","source":"frontend","module":"webrtc/sframe-transform","message":"encrypted frame","context":{"kid":3,"ctr":0,"byteLength":62,"codecOffset":10}}

[90mstdout[2m | apps/validator-daemon/src/canary/__tests__/verify-loop.test.ts[2m > [22m[2mREQ-CFA-043 — per-receiver Map + persisted per-relay DropAccumulator across >=2 rounds[2m > [22m[2massembles a real PerReceiverDivergences Map (>=2 distinct receivers feed the SECONDARY signal)
[22m[39m{"timestamp":"2026-06-20T08:06:54.352Z","level":"INFO","source":"frontend","module":"webrtc/sframe-transform","message":"encrypted frame","context":{"kid":9,"ctr":1,"byteLength":62,"codecOffset":10}}

[90mstdout[2m | apps/validator-daemon/src/canary/__tests__/wan-harness-shape.test.ts[2m > [22m[2mREQ-CFA-041 — synthetic lossy/re-packetized chain: verifier -> runTailSanityGate -> classifier[2m > [22m[2mW-M3-TAIL-ABORT: a re-packetized path (canary tail moved) → all-MISSING with broken extraction → gate ABORTS
[22m[39m{"timestamp":"2026-06-20T08:06:54.352Z","level":"INFO","source":"frontend","module":"webrtc/sframe-transform","message":"encrypted frame","context":{"kid":3,"ctr":1,"byteLength":62,"codecOffset":10}}

[90mstdout[2m | apps/validator-daemon/src/canary/__tests__/verify-loop.test.ts[2m > [22m[2mREQ-CFA-043 — per-receiver Map + persisted per-relay DropAccumulator across >=2 rounds[2m > [22m[2massembles a real PerReceiverDivergences Map (>=2 distinct receivers feed the SECONDARY signal)
[22m[39m{"timestamp":"2026-06-20T08:06:54.353Z","level":"INFO","source":"frontend","module":"webrtc/sframe-transform","message":"encrypted frame","context":{"kid":9,"ctr":2,"byteLength":62,"codecOffset":10}}

[90mstdout[2m | apps/validator-daemon/src/canary/__tests__/verify-loop.test.ts[2m > [22m[2mREQ-CFA-043 — per-receiver Map + persisted per-relay DropAccumulator across >=2 rounds[2m > [22m[2massembles a real PerReceiverDivergences Map (>=2 distinct receivers feed the SECONDARY signal)
[22m[39m{"timestamp":"2026-06-20T08:06:54.353Z","level":"INFO","source":"frontend","module":"webrtc/sframe-transform","message":"encrypted frame","context":{"kid":9,"ctr":3,"byteLength":62,"codecOffset":10}}

{"level":30,"time":1781942814353,"pid":39960,"hostname":"Quang","name":"canary/verifier","canaryKid":9,"mediaPackets":3,"byteIdentical":3,"divergences":1,"msg":"canary forwarding verified"}
[90mstdout[2m | apps/validator-daemon/src/canary/__tests__/wan-harness-shape.test.ts[2m > [22m[2mREQ-CFA-041 — synthetic lossy/re-packetized chain: verifier -> runTailSanityGate -> classifier[2m > [22m[2mW-M3-TAIL-ABORT: a re-packetized path (canary tail moved) → all-MISSING with broken extraction → gate ABORTS
[22m[39m{"timestamp":"2026-06-20T08:06:54.353Z","level":"INFO","source":"frontend","module":"webrtc/sframe-transform","message":"encrypted frame","context":{"kid":3,"ctr":2,"byteLength":62,"codecOffset":10}}

[90mstdout[2m | apps/validator-daemon/src/canary/__tests__/verify-loop.test.ts[2m > [22m[2mREQ-CFA-043 — per-receiver Map + persisted per-relay DropAccumulator across >=2 rounds[2m > [22m[2massembles a real PerReceiverDivergences Map (>=2 distinct receivers feed the SECONDARY signal)
[22m[39m{"timestamp":"2026-06-20T08:06:54.354Z","level":"INFO","source":"frontend","module":"webrtc/sframe-transform","message":"encrypted frame","context":{"kid":9,"ctr":0,"byteLength":62,"codecOffset":10}}

[90mstdout[2m | apps/validator-daemon/src/canary/__tests__/wan-harness-shape.test.ts[2m > [22m[2mREQ-CFA-041 — synthetic lossy/re-packetized chain: verifier -> runTailSanityGate -> classifier[2m > [22m[2mW-M3-TAIL-ABORT: a re-packetized path (canary tail moved) → all-MISSING with broken extraction → gate ABORTS
[22m[39m{"timestamp":"2026-06-20T08:06:54.354Z","level":"INFO","source":"frontend","module":"webrtc/sframe-transform","message":"encrypted frame","context":{"kid":3,"ctr":3,"byteLength":62,"codecOffset":10}}

[90mstdout[2m | apps/validator-daemon/src/canary/__tests__/verify-loop.test.ts[2m > [22m[2mREQ-CFA-043 — per-receiver Map + persisted per-relay DropAccumulator across >=2 rounds[2m > [22m[2massembles a real PerReceiverDivergences Map (>=2 distinct receivers feed the SECONDARY signal)
[22m[39m{"timestamp":"2026-06-20T08:06:54.354Z","level":"INFO","source":"frontend","module":"webrtc/sframe-transform","message":"encrypted frame","context":{"kid":9,"ctr":1,"byteLength":62,"codecOffset":10}}

[90mstdout[2m | apps/validator-daemon/src/canary/__tests__/wan-harness-shape.test.ts[2m > [22m[2mREQ-CFA-041 — synthetic lossy/re-packetized chain: verifier -> runTailSanityGate -> classifier[2m > [22m[2mW-M3-TAIL-ABORT: a re-packetized path (canary tail moved) → all-MISSING with broken extraction → gate ABORTS
[22m[39m{"timestamp":"2026-06-20T08:06:54.354Z","level":"INFO","source":"frontend","module":"webrtc/sframe-transform","message":"encrypted frame","context":{"kid":3,"ctr":4,"byteLength":62,"codecOffset":10}}

[90mstdout[2m | apps/validator-daemon/src/canary/__tests__/verify-loop.test.ts[2m > [22m[2mREQ-CFA-043 — per-receiver Map + persisted per-relay DropAccumulator across >=2 rounds[2m > [22m[2massembles a real PerReceiverDivergences Map (>=2 distinct receivers feed the SECONDARY signal)
[22m[39m{"timestamp":"2026-06-20T08:06:54.355Z","level":"INFO","source":"frontend","module":"webrtc/sframe-transform","message":"encrypted frame","context":{"kid":9,"ctr":2,"byteLength":62,"codecOffset":10}}

[90mstdout[2m | apps/validator-daemon/src/canary/__tests__/verify-loop.test.ts[2m > [22m[2mREQ-CFA-043 — per-receiver Map + persisted per-relay DropAccumulator across >=2 rounds[2m > [22m[2massembles a real PerReceiverDivergences Map (>=2 distinct receivers feed the SECONDARY signal)
[22m[39m{"timestamp":"2026-06-20T08:06:54.355Z","level":"INFO","source":"frontend","module":"webrtc/sframe-transform","message":"encrypted frame","context":{"kid":9,"ctr":3,"byteLength":62,"codecOffset":10}}

{"level":30,"time":1781942814355,"pid":39960,"hostname":"Quang","name":"canary/verifier","canaryKid":9,"mediaPackets":3,"byteIdentical":3,"divergences":1,"msg":"canary forwarding verified"}
{"level":30,"time":1781942814355,"pid":39960,"hostname":"Quang","name":"canary/loss-classifier","relayMinerId":"relay-under-audit","promoted":0,"absorbed":1,"tampers":0,"cumulativeCrossed":false,"msg":"canary divergences classified (drop gate / tamper p=1)"}
{"level":30,"time":1781942814355,"pid":39960,"hostname":"Quang","name":"canary/verify-loop","round":0,"relayMinerId":"relay-under-audit","roomId":"verify-loop-room","perReceiver":2,"promoted":0,"absorbed":1,"stunLossBps":"0","msg":"canary verify round classified (hermetic half — synthetic capture, STUN read live)"}
[90mstdout[2m | apps/validator-daemon/src/canary/__tests__/wan-harness-shape.test.ts[2m > [22m[2mREQ-CFA-041 — synthetic lossy/re-packetized chain: verifier -> runTailSanityGate -> classifier[2m > [22m[2mW-M3-TAIL-ABORT: a re-packetized path (canary tail moved) → all-MISSING with broken extraction → gate ABORTS
[22m[39m{"timestamp":"2026-06-20T08:06:54.355Z","level":"INFO","source":"frontend","module":"webrtc/sframe-transform","message":"encrypted frame","context":{"kid":3,"ctr":5,"byteLength":62,"codecOffset":10}}

[90mstdout[2m | apps/validator-daemon/src/canary/__tests__/wan-harness-shape.test.ts[2m > [22m[2mREQ-CFA-041 — synthetic lossy/re-packetized chain: verifier -> runTailSanityGate -> classifier[2m > [22m[2mW-M3-TAIL-ABORT: a re-packetized path (canary tail moved) → all-MISSING with broken extraction → gate ABORTS
[22m[39m{"timestamp":"2026-06-20T08:06:54.356Z","level":"INFO","source":"frontend","module":"webrtc/sframe-transform","message":"encrypted frame","context":{"kid":3,"ctr":0,"byteLength":62,"codecOffset":10}}

[90mstdout[2m | apps/validator-daemon/src/canary/__tests__/wan-harness-shape.test.ts[2m > [22m[2mREQ-CFA-041 — synthetic lossy/re-packetized chain: verifier -> runTailSanityGate -> classifier[2m > [22m[2mW-M3-TAIL-ABORT: a re-packetized path (canary tail moved) → all-MISSING with broken extraction → gate ABORTS
[22m[39m{"timestamp":"2026-06-20T08:06:54.357Z","level":"INFO","source":"frontend","module":"webrtc/sframe-transform","message":"encrypted frame","context":{"kid":3,"ctr":1,"byteLength":62,"codecOffset":10}}

[90mstdout[2m | apps/validator-daemon/src/canary/__tests__/wan-harness-shape.test.ts[2m > [22m[2mREQ-CFA-041 — synthetic lossy/re-packetized chain: verifier -> runTailSanityGate -> classifier[2m > [22m[2mW-M3-TAIL-ABORT: a re-packetized path (canary tail moved) → all-MISSING with broken extraction → gate ABORTS
[22m[39m{"timestamp":"2026-06-20T08:06:54.357Z","level":"INFO","source":"frontend","module":"webrtc/sframe-transform","message":"encrypted frame","context":{"kid":3,"ctr":2,"byteLength":62,"codecOffset":10}}

[90mstdout[2m | apps/validator-daemon/src/canary/__tests__/wan-harness-shape.test.ts[2m > [22m[2mREQ-CFA-041 — synthetic lossy/re-packetized chain: verifier -> runTailSanityGate -> classifier[2m > [22m[2mW-M3-TAIL-ABORT: a re-packetized path (canary tail moved) → all-MISSING with broken extraction → gate ABORTS
[22m[39m{"timestamp":"2026-06-20T08:06:54.358Z","level":"INFO","source":"frontend","module":"webrtc/sframe-transform","message":"encrypted frame","context":{"kid":3,"ctr":3,"byteLength":62,"codecOffset":10}}

[90mstdout[2m | apps/validator-daemon/src/canary/__tests__/wan-harness-shape.test.ts[2m > [22m[2mREQ-CFA-041 — synthetic lossy/re-packetized chain: verifier -> runTailSanityGate -> classifier[2m > [22m[2mW-M3-TAIL-ABORT: a re-packetized path (canary tail moved) → all-MISSING with broken extraction → gate ABORTS
[22m[39m{"timestamp":"2026-06-20T08:06:54.358Z","level":"INFO","source":"frontend","module":"webrtc/sframe-transform","message":"encrypted frame","context":{"kid":3,"ctr":4,"byteLength":62,"codecOffset":10}}

[90mstdout[2m | apps/validator-daemon/src/canary/__tests__/verify-loop.test.ts[2m > [22m[2mREQ-CFA-052 — pull-corroboration claim board gates the slash on a >=2-distinct quorum[2m > [22m[2ma SELF-ONLY loop FAILS CLOSED: a sustained drop is published but never reaches >=2 distinct → NO submit
[22m[39m{"timestamp":"2026-06-20T08:06:54.358Z","level":"INFO","source":"frontend","module":"webrtc/sframe-transform","message":"encrypted frame","context":{"kid":9,"ctr":0,"byteLength":62,"codecOffset":10}}

[90mstdout[2m | apps/validator-daemon/src/canary/__tests__/verify-loop.test.ts[2m > [22m[2mREQ-CFA-052 — pull-corroboration claim board gates the slash on a >=2-distinct quorum[2m > [22m[2ma SELF-ONLY loop FAILS CLOSED: a sustained drop is published but never reaches >=2 distinct → NO submit
[22m[39m{"timestamp":"2026-06-20T08:06:54.359Z","level":"INFO","source":"frontend","module":"webrtc/sframe-transform","message":"encrypted frame","context":{"kid":9,"ctr":1,"byteLength":62,"codecOffset":10}}

[90mstdout[2m | apps/validator-daemon/src/canary/__tests__/verify-loop.test.ts[2m > [22m[2mREQ-CFA-052 — pull-corroboration claim board gates the slash on a >=2-distinct quorum[2m > [22m[2ma SELF-ONLY loop FAILS CLOSED: a sustained drop is published but never reaches >=2 distinct → NO submit
[22m[39m{"timestamp":"2026-06-20T08:06:54.360Z","level":"INFO","source":"frontend","module":"webrtc/sframe-transform","message":"encrypted frame","context":{"kid":9,"ctr":2,"byteLength":62,"codecOffset":10}}

[90mstdout[2m | apps/validator-daemon/src/canary/__tests__/verify-loop.test.ts[2m > [22m[2mREQ-CFA-052 — pull-corroboration claim board gates the slash on a >=2-distinct quorum[2m > [22m[2ma SELF-ONLY loop FAILS CLOSED: a sustained drop is published but never reaches >=2 distinct → NO submit
[22m[39m{"timestamp":"2026-06-20T08:06:54.360Z","level":"INFO","source":"frontend","module":"webrtc/sframe-transform","message":"encrypted frame","context":{"kid":9,"ctr":3,"byteLength":62,"codecOffset":10}}

[90mstdout[2m | apps/validator-daemon/src/canary/__tests__/wan-harness-shape.test.ts[2m > [22m[2mREQ-CFA-041 — synthetic lossy/re-packetized chain: verifier -> runTailSanityGate -> classifier[2m > [22m[2mW-M3-TAIL-ABORT: a re-packetized path (canary tail moved) → all-MISSING with broken extraction → gate ABORTS
[22m[39m{"timestamp":"2026-06-20T08:06:54.359Z","level":"INFO","source":"frontend","module":"webrtc/sframe-transform","message":"encrypted frame","context":{"kid":3,"ctr":5,"byteLength":62,"codecOffset":10}}

[90mstdout[2m | apps/validator-daemon/src/canary/__tests__/wan-harness-shape.test.ts[2m > [22m[2mREQ-CFA-041 — synthetic lossy/re-packetized chain: verifier -> runTailSanityGate -> classifier[2m > [22m[2mSUSTAINED-SUB-BUDGET-PROMOTED: a real DROP gap, gate healthy, cumulative crossed + >=k → promoted
[22m[39m{"timestamp":"2026-06-20T08:06:54.361Z","level":"INFO","source":"frontend","module":"webrtc/sframe-transform","message":"encrypted frame","context":{"kid":3,"ctr":0,"byteLength":62,"codecOffset":10}}

{"level":30,"time":1781942814359,"pid":38788,"hostname":"Quang","name":"canary/verifier","canaryKid":3,"mediaPackets":0,"byteIdentical":0,"divergences":6,"msg":"canary forwarding verified"}
[90mstdout[2m | apps/validator-daemon/src/canary/__tests__/verify-loop.test.ts[2m > [22m[2mREQ-CFA-052 — pull-corroboration claim board gates the slash on a >=2-distinct quorum[2m > [22m[2ma SELF-ONLY loop FAILS CLOSED: a sustained drop is published but never reaches >=2 distinct → NO submit
[22m[39m{"timestamp":"2026-06-20T08:06:54.361Z","level":"INFO","source":"frontend","module":"webrtc/sframe-transform","message":"encrypted frame","context":{"kid":9,"ctr":4,"byteLength":62,"codecOffset":10}}

[90mstdout[2m | apps/validator-daemon/src/canary/__tests__/verify-loop.test.ts[2m > [22m[2mREQ-CFA-052 — pull-corroboration claim board gates the slash on a >=2-distinct quorum[2m > [22m[2ma SELF-ONLY loop FAILS CLOSED: a sustained drop is published but never reaches >=2 distinct → NO submit
[22m[39m{"timestamp":"2026-06-20T08:06:54.362Z","level":"INFO","source":"frontend","module":"webrtc/sframe-transform","message":"encrypted frame","context":{"kid":9,"ctr":6,"byteLength":62,"codecOffset":10}}

[90mstdout[2m | apps/validator-daemon/src/canary/__tests__/wan-harness-shape.test.ts[2m > [22m[2mREQ-CFA-041 — synthetic lossy/re-packetized chain: verifier -> runTailSanityGate -> classifier[2m > [22m[2mSUSTAINED-SUB-BUDGET-PROMOTED: a real DROP gap, gate healthy, cumulative crossed + >=k → promoted
[22m[39m{"timestamp":"2026-06-20T08:06:54.361Z","level":"INFO","source":"frontend","module":"webrtc/sframe-transform","message":"encrypted frame","context":{"kid":3,"ctr":1,"byteLength":62,"codecOffset":10}}

[90mstdout[2m | apps/validator-daemon/src/canary/__tests__/verify-loop.test.ts[2m > [22m[2mREQ-CFA-052 — pull-corroboration claim board gates the slash on a >=2-distinct quorum[2m > [22m[2ma SELF-ONLY loop FAILS CLOSED: a sustained drop is published but never reaches >=2 distinct → NO submit
[22m[39m{"timestamp":"2026-06-20T08:06:54.362Z","level":"INFO","source":"frontend","module":"webrtc/sframe-transform","message":"encrypted frame","context":{"kid":9,"ctr":7,"byteLength":62,"codecOffset":10}}

[90mstdout[2m | apps/validator-daemon/src/canary/__tests__/wan-harness-shape.test.ts[2m > [22m[2mREQ-CFA-041 — synthetic lossy/re-packetized chain: verifier -> runTailSanityGate -> classifier[2m > [22m[2mSUSTAINED-SUB-BUDGET-PROMOTED: a real DROP gap, gate healthy, cumulative crossed + >=k → promoted
[22m[39m{"timestamp":"2026-06-20T08:06:54.362Z","level":"INFO","source":"frontend","module":"webrtc/sframe-transform","message":"encrypted frame","context":{"kid":3,"ctr":2,"byteLength":62,"codecOffset":10}}

[90mstdout[2m | apps/validator-daemon/src/canary/__tests__/wan-harness-shape.test.ts[2m > [22m[2mREQ-CFA-041 — synthetic lossy/re-packetized chain: verifier -> runTailSanityGate -> classifier[2m > [22m[2mSUSTAINED-SUB-BUDGET-PROMOTED: a real DROP gap, gate healthy, cumulative crossed + >=k → promoted
[22m[39m{"timestamp":"2026-06-20T08:06:54.363Z","level":"INFO","source":"frontend","module":"webrtc/sframe-transform","message":"encrypted frame","context":{"kid":3,"ctr":3,"byteLength":62,"codecOffset":10}}

[90mstdout[2m | apps/validator-daemon/src/canary/__tests__/verify-loop.test.ts[2m > [22m[2mREQ-CFA-052 — pull-corroboration claim board gates the slash on a >=2-distinct quorum[2m > [22m[2ma SELF-ONLY loop FAILS CLOSED: a sustained drop is published but never reaches >=2 distinct → NO submit
[22m[39m{"timestamp":"2026-06-20T08:06:54.363Z","level":"INFO","source":"frontend","module":"webrtc/sframe-transform","message":"encrypted frame","context":{"kid":9,"ctr":0,"byteLength":62,"codecOffset":10}}

[90mstdout[2m | apps/validator-daemon/src/canary/__tests__/wan-harness-shape.test.ts[2m > [22m[2mREQ-CFA-041 — synthetic lossy/re-packetized chain: verifier -> runTailSanityGate -> classifier[2m > [22m[2mSUSTAINED-SUB-BUDGET-PROMOTED: a real DROP gap, gate healthy, cumulative crossed + >=k → promoted
[22m[39m{"timestamp":"2026-06-20T08:06:54.363Z","level":"INFO","source":"frontend","module":"webrtc/sframe-transform","message":"encrypted frame","context":{"kid":3,"ctr":4,"byteLength":62,"codecOffset":10}}

[90mstdout[2m | apps/validator-daemon/src/canary/__tests__/verify-loop.test.ts[2m > [22m[2mREQ-CFA-052 — pull-corroboration claim board gates the slash on a >=2-distinct quorum[2m > [22m[2ma SELF-ONLY loop FAILS CLOSED: a sustained drop is published but never reaches >=2 distinct → NO submit
[22m[39m{"timestamp":"2026-06-20T08:06:54.363Z","level":"INFO","source":"frontend","module":"webrtc/sframe-transform","message":"encrypted frame","context":{"kid":9,"ctr":1,"byteLength":62,"codecOffset":10}}

[90mstdout[2m | apps/validator-daemon/src/canary/__tests__/wan-harness-shape.test.ts[2m > [22m[2mREQ-CFA-041 — synthetic lossy/re-packetized chain: verifier -> runTailSanityGate -> classifier[2m > [22m[2mSUSTAINED-SUB-BUDGET-PROMOTED: a real DROP gap, gate healthy, cumulative crossed + >=k → promoted
[22m[39m{"timestamp":"2026-06-20T08:06:54.364Z","level":"INFO","source":"frontend","module":"webrtc/sframe-transform","message":"encrypted frame","context":{"kid":3,"ctr":6,"byteLength":62,"codecOffset":10}}

[90mstdout[2m | apps/validator-daemon/src/canary/__tests__/verify-loop.test.ts[2m > [22m[2mREQ-CFA-052 — pull-corroboration claim board gates the slash on a >=2-distinct quorum[2m > [22m[2ma SELF-ONLY loop FAILS CLOSED: a sustained drop is published but never reaches >=2 distinct → NO submit
[22m[39m{"timestamp":"2026-06-20T08:06:54.364Z","level":"INFO","source":"frontend","module":"webrtc/sframe-transform","message":"encrypted frame","context":{"kid":9,"ctr":2,"byteLength":62,"codecOffset":10}}

[90mstdout[2m | apps/validator-daemon/src/canary/__tests__/verify-loop.test.ts[2m > [22m[2mREQ-CFA-052 — pull-corroboration claim board gates the slash on a >=2-distinct quorum[2m > [22m[2ma SELF-ONLY loop FAILS CLOSED: a sustained drop is published but never reaches >=2 distinct → NO submit
[22m[39m{"timestamp":"2026-06-20T08:06:54.364Z","level":"INFO","source":"frontend","module":"webrtc/sframe-transform","message":"encrypted frame","context":{"kid":9,"ctr":3,"byteLength":62,"codecOffset":10}}

[90mstdout[2m | apps/validator-daemon/src/canary/__tests__/wan-harness-shape.test.ts[2m > [22m[2mREQ-CFA-041 — synthetic lossy/re-packetized chain: verifier -> runTailSanityGate -> classifier[2m > [22m[2mSUSTAINED-SUB-BUDGET-PROMOTED: a real DROP gap, gate healthy, cumulative crossed + >=k → promoted
[22m[39m{"timestamp":"2026-06-20T08:06:54.364Z","level":"INFO","source":"frontend","module":"webrtc/sframe-transform","message":"encrypted frame","context":{"kid":3,"ctr":7,"byteLength":62,"codecOffset":10}}

[90mstdout[2m | apps/validator-daemon/src/canary/__tests__/verify-loop.test.ts[2m > [22m[2mREQ-CFA-052 — pull-corroboration claim board gates the slash on a >=2-distinct quorum[2m > [22m[2ma SELF-ONLY loop FAILS CLOSED: a sustained drop is published but never reaches >=2 distinct → NO submit
[22m[39m{"timestamp":"2026-06-20T08:06:54.365Z","level":"INFO","source":"frontend","module":"webrtc/sframe-transform","message":"encrypted frame","context":{"kid":9,"ctr":4,"byteLength":62,"codecOffset":10}}

[90mstdout[2m | apps/validator-daemon/src/canary/__tests__/wan-harness-shape.test.ts[2m > [22m[2mREQ-CFA-041 — synthetic lossy/re-packetized chain: verifier -> runTailSanityGate -> classifier[2m > [22m[2mSUSTAINED-SUB-BUDGET-PROMOTED: a real DROP gap, gate healthy, cumulative crossed + >=k → promoted
[22m[39m{"timestamp":"2026-06-20T08:06:54.365Z","level":"INFO","source":"frontend","module":"webrtc/sframe-transform","message":"encrypted frame","context":{"kid":3,"ctr":0,"byteLength":62,"codecOffset":10}}

[90mstdout[2m | apps/validator-daemon/src/canary/__tests__/verify-loop.test.ts[2m > [22m[2mREQ-CFA-052 — pull-corroboration claim board gates the slash on a >=2-distinct quorum[2m > [22m[2ma SELF-ONLY loop FAILS CLOSED: a sustained drop is published but never reaches >=2 distinct → NO submit
[22m[39m{"timestamp":"2026-06-20T08:06:54.365Z","level":"INFO","source":"frontend","module":"webrtc/sframe-transform","message":"encrypted frame","context":{"kid":9,"ctr":5,"byteLength":62,"codecOffset":10}}

[90mstdout[2m | apps/validator-daemon/src/canary/__tests__/verify-loop.test.ts[2m > [22m[2mREQ-CFA-052 — pull-corroboration claim board gates the slash on a >=2-distinct quorum[2m > [22m[2ma SELF-ONLY loop FAILS CLOSED: a sustained drop is published but never reaches >=2 distinct → NO submit
[22m[39m{"timestamp":"2026-06-20T08:06:54.365Z","level":"INFO","source":"frontend","module":"webrtc/sframe-transform","message":"encrypted frame","context":{"kid":9,"ctr":6,"byteLength":62,"codecOffset":10}}

[90mstdout[2m | apps/validator-daemon/src/canary/__tests__/wan-harness-shape.test.ts[2m > [22m[2mREQ-CFA-041 — synthetic lossy/re-packetized chain: verifier -> runTailSanityGate -> classifier[2m > [22m[2mSUSTAINED-SUB-BUDGET-PROMOTED: a real DROP gap, gate healthy, cumulative crossed + >=k → promoted
[22m[39m{"timestamp":"2026-06-20T08:06:54.365Z","level":"INFO","source":"frontend","module":"webrtc/sframe-transform","message":"encrypted frame","context":{"kid":3,"ctr":1,"byteLength":62,"codecOffset":10}}

[90mstdout[2m | apps/validator-daemon/src/canary/__tests__/verify-loop.test.ts[2m > [22m[2mREQ-CFA-052 — pull-corroboration claim board gates the slash on a >=2-distinct quorum[2m > [22m[2ma SELF-ONLY loop FAILS CLOSED: a sustained drop is published but never reaches >=2 distinct → NO submit
[22m[39m{"timestamp":"2026-06-20T08:06:54.366Z","level":"INFO","source":"frontend","module":"webrtc/sframe-transform","message":"encrypted frame","context":{"kid":9,"ctr":7,"byteLength":62,"codecOffset":10}}

{"level":30,"time":1781942814366,"pid":39960,"hostname":"Quang","name":"canary/verifier","canaryKid":9,"mediaPackets":7,"byteIdentical":7,"divergences":1,"msg":"canary forwarding verified"}
[90mstdout[2m | apps/validator-daemon/src/canary/__tests__/wan-harness-shape.test.ts[2m > [22m[2mREQ-CFA-041 — synthetic lossy/re-packetized chain: verifier -> runTailSanityGate -> classifier[2m > [22m[2mSUSTAINED-SUB-BUDGET-PROMOTED: a real DROP gap, gate healthy, cumulative crossed + >=k → promoted
[22m[39m{"timestamp":"2026-06-20T08:06:54.366Z","level":"INFO","source":"frontend","module":"webrtc/sframe-transform","message":"encrypted frame","context":{"kid":3,"ctr":2,"byteLength":62,"codecOffset":10}}

[90mstdout[2m | apps/validator-daemon/src/canary/__tests__/verify-loop.test.ts[2m > [22m[2mREQ-CFA-052 — pull-corroboration claim board gates the slash on a >=2-distinct quorum[2m > [22m[2ma SELF-ONLY loop FAILS CLOSED: a sustained drop is published but never reaches >=2 distinct → NO submit
[22m[39m{"timestamp":"2026-06-20T08:06:54.366Z","level":"INFO","source":"frontend","module":"webrtc/sframe-transform","message":"encrypted frame","context":{"kid":9,"ctr":0,"byteLength":62,"codecOffset":10}}

[90mstdout[2m | apps/validator-daemon/src/canary/__tests__/wan-harness-shape.test.ts[2m > [22m[2mREQ-CFA-041 — synthetic lossy/re-packetized chain: verifier -> runTailSanityGate -> classifier[2m > [22m[2mSUSTAINED-SUB-BUDGET-PROMOTED: a real DROP gap, gate healthy, cumulative crossed + >=k → promoted
[22m[39m{"timestamp":"2026-06-20T08:06:54.366Z","level":"INFO","source":"frontend","module":"webrtc/sframe-transform","message":"encrypted frame","context":{"kid":3,"ctr":3,"byteLength":62,"codecOffset":10}}

[90mstdout[2m | apps/validator-daemon/src/canary/__tests__/verify-loop.test.ts[2m > [22m[2mREQ-CFA-052 — pull-corroboration claim board gates the slash on a >=2-distinct quorum[2m > [22m[2ma SELF-ONLY loop FAILS CLOSED: a sustained drop is published but never reaches >=2 distinct → NO submit
[22m[39m{"timestamp":"2026-06-20T08:06:54.367Z","level":"INFO","source":"frontend","module":"webrtc/sframe-transform","message":"encrypted frame","context":{"kid":9,"ctr":1,"byteLength":62,"codecOffset":10}}

[90mstdout[2m | apps/validator-daemon/src/canary/__tests__/verify-loop.test.ts[2m > [22m[2mREQ-CFA-052 — pull-corroboration claim board gates the slash on a >=2-distinct quorum[2m > [22m[2ma SELF-ONLY loop FAILS CLOSED: a sustained drop is published but never reaches >=2 distinct → NO submit
[22m[39m{"timestamp":"2026-06-20T08:06:54.367Z","level":"INFO","source":"frontend","module":"webrtc/sframe-transform","message":"encrypted frame","context":{"kid":9,"ctr":2,"byteLength":62,"codecOffset":10}}

[90mstdout[2m | apps/validator-daemon/src/canary/__tests__/wan-harness-shape.test.ts[2m > [22m[2mREQ-CFA-041 — synthetic lossy/re-packetized chain: verifier -> runTailSanityGate -> classifier[2m > [22m[2mSUSTAINED-SUB-BUDGET-PROMOTED: a real DROP gap, gate healthy, cumulative crossed + >=k → promoted
[22m[39m{"timestamp":"2026-06-20T08:06:54.367Z","level":"INFO","source":"frontend","module":"webrtc/sframe-transform","message":"encrypted frame","context":{"kid":3,"ctr":4,"byteLength":62,"codecOffset":10}}

[90mstdout[2m | apps/validator-daemon/src/canary/__tests__/verify-loop.test.ts[2m > [22m[2mREQ-CFA-052 — pull-corroboration claim board gates the slash on a >=2-distinct quorum[2m > [22m[2ma SELF-ONLY loop FAILS CLOSED: a sustained drop is published but never reaches >=2 distinct → NO submit
[22m[39m{"timestamp":"2026-06-20T08:06:54.368Z","level":"INFO","source":"frontend","module":"webrtc/sframe-transform","message":"encrypted frame","context":{"kid":9,"ctr":3,"byteLength":62,"codecOffset":10}}

[90mstdout[2m | apps/validator-daemon/src/canary/__tests__/wan-harness-shape.test.ts[2m > [22m[2mREQ-CFA-041 — synthetic lossy/re-packetized chain: verifier -> runTailSanityGate -> classifier[2m > [22m[2mSUSTAINED-SUB-BUDGET-PROMOTED: a real DROP gap, gate healthy, cumulative crossed + >=k → promoted
[22m[39m{"timestamp":"2026-06-20T08:06:54.368Z","level":"INFO","source":"frontend","module":"webrtc/sframe-transform","message":"encrypted frame","context":{"kid":3,"ctr":5,"byteLength":62,"codecOffset":10}}

[90mstdout[2m | apps/validator-daemon/src/canary/__tests__/verify-loop.test.ts[2m > [22m[2mREQ-CFA-052 — pull-corroboration claim board gates the slash on a >=2-distinct quorum[2m > [22m[2ma SELF-ONLY loop FAILS CLOSED: a sustained drop is published but never reaches >=2 distinct → NO submit
[22m[39m{"timestamp":"2026-06-20T08:06:54.368Z","level":"INFO","source":"frontend","module":"webrtc/sframe-transform","message":"encrypted frame","context":{"kid":9,"ctr":4,"byteLength":62,"codecOffset":10}}

[90mstdout[2m | apps/validator-daemon/src/canary/__tests__/wan-harness-shape.test.ts[2m > [22m[2mREQ-CFA-041 — synthetic lossy/re-packetized chain: verifier -> runTailSanityGate -> classifier[2m > [22m[2mSUSTAINED-SUB-BUDGET-PROMOTED: a real DROP gap, gate healthy, cumulative crossed + >=k → promoted
[22m[39m{"timestamp":"2026-06-20T08:06:54.368Z","level":"INFO","source":"frontend","module":"webrtc/sframe-transform","message":"encrypted frame","context":{"kid":3,"ctr":6,"byteLength":62,"codecOffset":10}}

[90mstdout[2m | apps/validator-daemon/src/canary/__tests__/verify-loop.test.ts[2m > [22m[2mREQ-CFA-052 — pull-corroboration claim board gates the slash on a >=2-distinct quorum[2m > [22m[2ma SELF-ONLY loop FAILS CLOSED: a sustained drop is published but never reaches >=2 distinct → NO submit
[22m[39m{"timestamp":"2026-06-20T08:06:54.369Z","level":"INFO","source":"frontend","module":"webrtc/sframe-transform","message":"encrypted frame","context":{"kid":9,"ctr":5,"byteLength":62,"codecOffset":10}}

[90mstdout[2m | apps/validator-daemon/src/canary/__tests__/verify-loop.test.ts[2m > [22m[2mREQ-CFA-052 — pull-corroboration claim board gates the slash on a >=2-distinct quorum[2m > [22m[2ma SELF-ONLY loop FAILS CLOSED: a sustained drop is published but never reaches >=2 distinct → NO submit
[22m[39m{"timestamp":"2026-06-20T08:06:54.369Z","level":"INFO","source":"frontend","module":"webrtc/sframe-transform","message":"encrypted frame","context":{"kid":9,"ctr":6,"byteLength":62,"codecOffset":10}}

[90mstdout[2m | apps/validator-daemon/src/canary/__tests__/wan-harness-shape.test.ts[2m > [22m[2mREQ-CFA-041 — synthetic lossy/re-packetized chain: verifier -> runTailSanityGate -> classifier[2m > [22m[2mSUSTAINED-SUB-BUDGET-PROMOTED: a real DROP gap, gate healthy, cumulative crossed + >=k → promoted
[22m[39m{"timestamp":"2026-06-20T08:06:54.369Z","level":"INFO","source":"frontend","module":"webrtc/sframe-transform","message":"encrypted frame","context":{"kid":3,"ctr":7,"byteLength":62,"codecOffset":10}}

[90mstdout[2m | apps/validator-daemon/src/canary/__tests__/verify-loop.test.ts[2m > [22m[2mREQ-CFA-052 — pull-corroboration claim board gates the slash on a >=2-distinct quorum[2m > [22m[2ma SELF-ONLY loop FAILS CLOSED: a sustained drop is published but never reaches >=2 distinct → NO submit
[22m[39m{"timestamp":"2026-06-20T08:06:54.370Z","level":"INFO","source":"frontend","module":"webrtc/sframe-transform","message":"encrypted frame","context":{"kid":9,"ctr":7,"byteLength":62,"codecOffset":10}}

{"level":30,"time":1781942814369,"pid":38788,"hostname":"Quang","name":"canary/verifier","canaryKid":3,"mediaPackets":7,"byteIdentical":7,"divergences":1,"msg":"canary forwarding verified"}
{"level":30,"time":1781942814370,"pid":39960,"hostname":"Quang","name":"canary/verifier","canaryKid":9,"mediaPackets":7,"byteIdentical":7,"divergences":1,"msg":"canary forwarding verified"}
{"level":30,"time":1781942814370,"pid":39960,"hostname":"Quang","name":"canary/loss-classifier","relayMinerId":"relay-under-audit","promoted":0,"absorbed":1,"tampers":0,"cumulativeCrossed":false,"msg":"canary divergences classified (drop gate / tamper p=1)"}
{"level":30,"time":1781942814370,"pid":39960,"hostname":"Quang","name":"canary/verify-loop","round":0,"relayMinerId":"relay-under-audit","roomId":"verify-loop-room","perReceiver":2,"promoted":0,"absorbed":1,"stunLossBps":"0","msg":"canary verify round classified (hermetic half — synthetic capture, STUN read live)"}
{"level":30,"time":1781942814370,"pid":38788,"hostname":"Quang","name":"canary/loss-classifier","relayMinerId":"p11-relay-under-audit","promoted":1,"absorbed":0,"tampers":0,"cumulativeCrossed":true,"msg":"canary divergences classified (drop gate / tamper p=1)"}
[90mstdout[2m | apps/validator-daemon/src/canary/__tests__/verify-loop.test.ts[2m > [22m[2mREQ-CFA-052 — pull-corroboration claim board gates the slash on a >=2-distinct quorum[2m > [22m[2ma SELF-ONLY loop FAILS CLOSED: a sustained drop is published but never reaches >=2 distinct → NO submit
[22m[39m{"timestamp":"2026-06-20T08:06:54.371Z","level":"INFO","source":"frontend","module":"webrtc/sframe-transform","message":"encrypted frame","context":{"kid":9,"ctr":0,"byteLength":62,"codecOffset":10}}

[90mstdout[2m | apps/validator-daemon/src/canary/__tests__/verify-loop.test.ts[2m > [22m[2mREQ-CFA-052 — pull-corroboration claim board gates the slash on a >=2-distinct quorum[2m > [22m[2ma SELF-ONLY loop FAILS CLOSED: a sustained drop is published but never reaches >=2 distinct → NO submit
[22m[39m{"timestamp":"2026-06-20T08:06:54.371Z","level":"INFO","source":"frontend","module":"webrtc/sframe-transform","message":"encrypted frame","context":{"kid":9,"ctr":1,"byteLength":62,"codecOffset":10}}

[90mstdout[2m | apps/validator-daemon/src/canary/__tests__/verify-loop.test.ts[2m > [22m[2mREQ-CFA-052 — pull-corroboration claim board gates the slash on a >=2-distinct quorum[2m > [22m[2ma SELF-ONLY loop FAILS CLOSED: a sustained drop is published but never reaches >=2 distinct → NO submit
[22m[39m{"timestamp":"2026-06-20T08:06:54.372Z","level":"INFO","source":"frontend","module":"webrtc/sframe-transform","message":"encrypted frame","context":{"kid":9,"ctr":2,"byteLength":62,"codecOffset":10}}

{"level":30,"time":1781942814371,"pid":38788,"hostname":"Quang","name":"canary/verifier","canaryKid":3,"mediaPackets":0,"byteIdentical":0,"divergences":0,"msg":"canary forwarding verified"}
[90mstdout[2m | apps/validator-daemon/src/canary/__tests__/verify-loop.test.ts[2m > [22m[2mREQ-CFA-052 — pull-corroboration claim board gates the slash on a >=2-distinct quorum[2m > [22m[2ma SELF-ONLY loop FAILS CLOSED: a sustained drop is published but never reaches >=2 distinct → NO submit
[22m[39m{"timestamp":"2026-06-20T08:06:54.372Z","level":"INFO","source":"frontend","module":"webrtc/sframe-transform","message":"encrypted frame","context":{"kid":9,"ctr":3,"byteLength":62,"codecOffset":10}}

[90mstdout[2m | apps/validator-daemon/src/canary/__tests__/verify-loop.test.ts[2m > [22m[2mREQ-CFA-052 — pull-corroboration claim board gates the slash on a >=2-distinct quorum[2m > [22m[2ma SELF-ONLY loop FAILS CLOSED: a sustained drop is published but never reaches >=2 distinct → NO submit
[22m[39m{"timestamp":"2026-06-20T08:06:54.373Z","level":"INFO","source":"frontend","module":"webrtc/sframe-transform","message":"encrypted frame","context":{"kid":9,"ctr":4,"byteLength":62,"codecOffset":10}}

 [32m✓[39m apps/validator-daemon/src/canary/__tests__/wan-harness-shape.test.ts [2m([22m[2m8 tests[22m[2m)[22m[32m 45[2mms[22m[39m
[90mstdout[2m | apps/validator-daemon/src/canary/__tests__/verify-loop.test.ts[2m > [22m[2mREQ-CFA-052 — pull-corroboration claim board gates the slash on a >=2-distinct quorum[2m > [22m[2ma SELF-ONLY loop FAILS CLOSED: a sustained drop is published but never reaches >=2 distinct → NO submit
[22m[39m{"timestamp":"2026-06-20T08:06:54.373Z","level":"INFO","source":"frontend","module":"webrtc/sframe-transform","message":"encrypted frame","context":{"kid":9,"ctr":6,"byteLength":62,"codecOffset":10}}

[90mstdout[2m | apps/validator-daemon/src/canary/__tests__/verify-loop.test.ts[2m > [22m[2mREQ-CFA-052 — pull-corroboration claim board gates the slash on a >=2-distinct quorum[2m > [22m[2ma SELF-ONLY loop FAILS CLOSED: a sustained drop is published but never reaches >=2 distinct → NO submit
[22m[39m{"timestamp":"2026-06-20T08:06:54.373Z","level":"INFO","source":"frontend","module":"webrtc/sframe-transform","message":"encrypted frame","context":{"kid":9,"ctr":7,"byteLength":62,"codecOffset":10}}

[90mstdout[2m | apps/validator-daemon/src/canary/__tests__/verify-loop.test.ts[2m > [22m[2mREQ-CFA-052 — pull-corroboration claim board gates the slash on a >=2-distinct quorum[2m > [22m[2ma SELF-ONLY loop FAILS CLOSED: a sustained drop is published but never reaches >=2 distinct → NO submit
[22m[39m{"timestamp":"2026-06-20T08:06:54.374Z","level":"INFO","source":"frontend","module":"webrtc/sframe-transform","message":"encrypted frame","context":{"kid":9,"ctr":0,"byteLength":62,"codecOffset":10}}

[90mstdout[2m | apps/validator-daemon/src/canary/__tests__/verify-loop.test.ts[2m > [22m[2mREQ-CFA-052 — pull-corroboration claim board gates the slash on a >=2-distinct quorum[2m > [22m[2ma SELF-ONLY loop FAILS CLOSED: a sustained drop is published but never reaches >=2 distinct → NO submit
[22m[39m{"timestamp":"2026-06-20T08:06:54.374Z","level":"INFO","source":"frontend","module":"webrtc/sframe-transform","message":"encrypted frame","context":{"kid":9,"ctr":1,"byteLength":62,"codecOffset":10}}

[90mstdout[2m | apps/validator-daemon/src/canary/__tests__/verify-loop.test.ts[2m > [22m[2mREQ-CFA-052 — pull-corroboration claim board gates the slash on a >=2-distinct quorum[2m > [22m[2ma SELF-ONLY loop FAILS CLOSED: a sustained drop is published but never reaches >=2 distinct → NO submit
[22m[39m{"timestamp":"2026-06-20T08:06:54.375Z","level":"INFO","source":"frontend","module":"webrtc/sframe-transform","message":"encrypted frame","context":{"kid":9,"ctr":2,"byteLength":62,"codecOffset":10}}

[90mstdout[2m | apps/validator-daemon/src/canary/__tests__/verify-loop.test.ts[2m > [22m[2mREQ-CFA-052 — pull-corroboration claim board gates the slash on a >=2-distinct quorum[2m > [22m[2ma SELF-ONLY loop FAILS CLOSED: a sustained drop is published but never reaches >=2 distinct → NO submit
[22m[39m{"timestamp":"2026-06-20T08:06:54.375Z","level":"INFO","source":"frontend","module":"webrtc/sframe-transform","message":"encrypted frame","context":{"kid":9,"ctr":3,"byteLength":62,"codecOffset":10}}

[90mstdout[2m | apps/validator-daemon/src/canary/__tests__/verify-loop.test.ts[2m > [22m[2mREQ-CFA-052 — pull-corroboration claim board gates the slash on a >=2-distinct quorum[2m > [22m[2ma SELF-ONLY loop FAILS CLOSED: a sustained drop is published but never reaches >=2 distinct → NO submit
[22m[39m{"timestamp":"2026-06-20T08:06:54.375Z","level":"INFO","source":"frontend","module":"webrtc/sframe-transform","message":"encrypted frame","context":{"kid":9,"ctr":4,"byteLength":62,"codecOffset":10}}

[90mstdout[2m | apps/validator-daemon/src/canary/__tests__/verify-loop.test.ts[2m > [22m[2mREQ-CFA-052 — pull-corroboration claim board gates the slash on a >=2-distinct quorum[2m > [22m[2ma SELF-ONLY loop FAILS CLOSED: a sustained drop is published but never reaches >=2 distinct → NO submit
[22m[39m{"timestamp":"2026-06-20T08:06:54.376Z","level":"INFO","source":"frontend","module":"webrtc/sframe-transform","message":"encrypted frame","context":{"kid":9,"ctr":5,"byteLength":62,"codecOffset":10}}

[90mstdout[2m | apps/validator-daemon/src/canary/__tests__/verify-loop.test.ts[2m > [22m[2mREQ-CFA-052 — pull-corroboration claim board gates the slash on a >=2-distinct quorum[2m > [22m[2ma SELF-ONLY loop FAILS CLOSED: a sustained drop is published but never reaches >=2 distinct → NO submit
[22m[39m{"timestamp":"2026-06-20T08:06:54.376Z","level":"INFO","source":"frontend","module":"webrtc/sframe-transform","message":"encrypted frame","context":{"kid":9,"ctr":6,"byteLength":62,"codecOffset":10}}

[90mstdout[2m | apps/validator-daemon/src/canary/__tests__/verify-loop.test.ts[2m > [22m[2mREQ-CFA-052 — pull-corroboration claim board gates the slash on a >=2-distinct quorum[2m > [22m[2ma SELF-ONLY loop FAILS CLOSED: a sustained drop is published but never reaches >=2 distinct → NO submit
[22m[39m{"timestamp":"2026-06-20T08:06:54.377Z","level":"INFO","source":"frontend","module":"webrtc/sframe-transform","message":"encrypted frame","context":{"kid":9,"ctr":7,"byteLength":62,"codecOffset":10}}

{"level":30,"time":1781942814377,"pid":39960,"hostname":"Quang","name":"canary/verifier","canaryKid":9,"mediaPackets":7,"byteIdentical":7,"divergences":1,"msg":"canary forwarding verified"}
[90mstdout[2m | apps/validator-daemon/src/canary/__tests__/verify-loop.test.ts[2m > [22m[2mREQ-CFA-052 — pull-corroboration claim board gates the slash on a >=2-distinct quorum[2m > [22m[2ma SELF-ONLY loop FAILS CLOSED: a sustained drop is published but never reaches >=2 distinct → NO submit
[22m[39m{"timestamp":"2026-06-20T08:06:54.377Z","level":"INFO","source":"frontend","module":"webrtc/sframe-transform","message":"encrypted frame","context":{"kid":9,"ctr":0,"byteLength":62,"codecOffset":10}}

[90mstdout[2m | apps/validator-daemon/src/canary/__tests__/verify-loop.test.ts[2m > [22m[2mREQ-CFA-052 — pull-corroboration claim board gates the slash on a >=2-distinct quorum[2m > [22m[2ma SELF-ONLY loop FAILS CLOSED: a sustained drop is published but never reaches >=2 distinct → NO submit
[22m[39m{"timestamp":"2026-06-20T08:06:54.377Z","level":"INFO","source":"frontend","module":"webrtc/sframe-transform","message":"encrypted frame","context":{"kid":9,"ctr":1,"byteLength":62,"codecOffset":10}}

[90mstdout[2m | apps/validator-daemon/src/canary/__tests__/verify-loop.test.ts[2m > [22m[2mREQ-CFA-052 — pull-corroboration claim board gates the slash on a >=2-distinct quorum[2m > [22m[2ma SELF-ONLY loop FAILS CLOSED: a sustained drop is published but never reaches >=2 distinct → NO submit
[22m[39m{"timestamp":"2026-06-20T08:06:54.378Z","level":"INFO","source":"frontend","module":"webrtc/sframe-transform","message":"encrypted frame","context":{"kid":9,"ctr":2,"byteLength":62,"codecOffset":10}}

[90mstdout[2m | apps/validator-daemon/src/canary/__tests__/verify-loop.test.ts[2m > [22m[2mREQ-CFA-052 — pull-corroboration claim board gates the slash on a >=2-distinct quorum[2m > [22m[2ma SELF-ONLY loop FAILS CLOSED: a sustained drop is published but never reaches >=2 distinct → NO submit
[22m[39m{"timestamp":"2026-06-20T08:06:54.378Z","level":"INFO","source":"frontend","module":"webrtc/sframe-transform","message":"encrypted frame","context":{"kid":9,"ctr":3,"byteLength":62,"codecOffset":10}}

[90mstdout[2m | apps/validator-daemon/src/canary/__tests__/verify-loop.test.ts[2m > [22m[2mREQ-CFA-052 — pull-corroboration claim board gates the slash on a >=2-distinct quorum[2m > [22m[2ma SELF-ONLY loop FAILS CLOSED: a sustained drop is published but never reaches >=2 distinct → NO submit
[22m[39m{"timestamp":"2026-06-20T08:06:54.379Z","level":"INFO","source":"frontend","module":"webrtc/sframe-transform","message":"encrypted frame","context":{"kid":9,"ctr":4,"byteLength":62,"codecOffset":10}}

[90mstdout[2m | apps/validator-daemon/src/canary/__tests__/verify-loop.test.ts[2m > [22m[2mREQ-CFA-052 — pull-corroboration claim board gates the slash on a >=2-distinct quorum[2m > [22m[2ma SELF-ONLY loop FAILS CLOSED: a sustained drop is published but never reaches >=2 distinct → NO submit
[22m[39m{"timestamp":"2026-06-20T08:06:54.379Z","level":"INFO","source":"frontend","module":"webrtc/sframe-transform","message":"encrypted frame","context":{"kid":9,"ctr":5,"byteLength":62,"codecOffset":10}}

[90mstdout[2m | apps/validator-daemon/src/canary/__tests__/verify-loop.test.ts[2m > [22m[2mREQ-CFA-052 — pull-corroboration claim board gates the slash on a >=2-distinct quorum[2m > [22m[2ma SELF-ONLY loop FAILS CLOSED: a sustained drop is published but never reaches >=2 distinct → NO submit
[22m[39m{"timestamp":"2026-06-20T08:06:54.379Z","level":"INFO","source":"frontend","module":"webrtc/sframe-transform","message":"encrypted frame","context":{"kid":9,"ctr":6,"byteLength":62,"codecOffset":10}}

[90mstdout[2m | apps/validator-daemon/src/canary/__tests__/verify-loop.test.ts[2m > [22m[2mREQ-CFA-052 — pull-corroboration claim board gates the slash on a >=2-distinct quorum[2m > [22m[2ma SELF-ONLY loop FAILS CLOSED: a sustained drop is published but never reaches >=2 distinct → NO submit
[22m[39m{"timestamp":"2026-06-20T08:06:54.380Z","level":"INFO","source":"frontend","module":"webrtc/sframe-transform","message":"encrypted frame","context":{"kid":9,"ctr":7,"byteLength":62,"codecOffset":10}}

{"level":30,"time":1781942814380,"pid":39960,"hostname":"Quang","name":"canary/verifier","canaryKid":9,"mediaPackets":7,"byteIdentical":7,"divergences":1,"msg":"canary forwarding verified"}
{"level":30,"time":1781942814380,"pid":39960,"hostname":"Quang","name":"canary/loss-classifier","relayMinerId":"relay-under-audit","promoted":0,"absorbed":1,"tampers":0,"cumulativeCrossed":false,"msg":"canary divergences classified (drop gate / tamper p=1)"}
{"level":30,"time":1781942814380,"pid":39960,"hostname":"Quang","name":"canary/verify-loop","round":1,"relayMinerId":"relay-under-audit","roomId":"verify-loop-room","perReceiver":2,"promoted":0,"absorbed":1,"stunLossBps":"0","msg":"canary verify round classified (hermetic half — synthetic capture, STUN read live)"}
[90mstdout[2m | apps/validator-daemon/src/canary/__tests__/verify-loop.test.ts[2m > [22m[2mREQ-CFA-052 — pull-corroboration claim board gates the slash on a >=2-distinct quorum[2m > [22m[2ma SELF-ONLY loop FAILS CLOSED: a sustained drop is published but never reaches >=2 distinct → NO submit
[22m[39m{"timestamp":"2026-06-20T08:06:54.381Z","level":"INFO","source":"frontend","module":"webrtc/sframe-transform","message":"encrypted frame","context":{"kid":9,"ctr":0,"byteLength":62,"codecOffset":10}}

[90mstdout[2m | apps/validator-daemon/src/canary/__tests__/verify-loop.test.ts[2m > [22m[2mREQ-CFA-052 — pull-corroboration claim board gates the slash on a >=2-distinct quorum[2m > [22m[2ma SELF-ONLY loop FAILS CLOSED: a sustained drop is published but never reaches >=2 distinct → NO submit
[22m[39m{"timestamp":"2026-06-20T08:06:54.381Z","level":"INFO","source":"frontend","module":"webrtc/sframe-transform","message":"encrypted frame","context":{"kid":9,"ctr":1,"byteLength":62,"codecOffset":10}}

[90mstdout[2m | apps/validator-daemon/src/canary/__tests__/verify-loop.test.ts[2m > [22m[2mREQ-CFA-052 — pull-corroboration claim board gates the slash on a >=2-distinct quorum[2m > [22m[2ma SELF-ONLY loop FAILS CLOSED: a sustained drop is published but never reaches >=2 distinct → NO submit
[22m[39m{"timestamp":"2026-06-20T08:06:54.381Z","level":"INFO","source":"frontend","module":"webrtc/sframe-transform","message":"encrypted frame","context":{"kid":9,"ctr":2,"byteLength":62,"codecOffset":10}}

[90mstdout[2m | apps/validator-daemon/src/canary/__tests__/verify-loop.test.ts[2m > [22m[2mREQ-CFA-052 — pull-corroboration claim board gates the slash on a >=2-distinct quorum[2m > [22m[2ma SELF-ONLY loop FAILS CLOSED: a sustained drop is published but never reaches >=2 distinct → NO submit
[22m[39m{"timestamp":"2026-06-20T08:06:54.382Z","level":"INFO","source":"frontend","module":"webrtc/sframe-transform","message":"encrypted frame","context":{"kid":9,"ctr":3,"byteLength":62,"codecOffset":10}}

[90mstdout[2m | apps/validator-daemon/src/canary/__tests__/verify-loop.test.ts[2m > [22m[2mREQ-CFA-052 — pull-corroboration claim board gates the slash on a >=2-distinct quorum[2m > [22m[2ma SELF-ONLY loop FAILS CLOSED: a sustained drop is published but never reaches >=2 distinct → NO submit
[22m[39m{"timestamp":"2026-06-20T08:06:54.382Z","level":"INFO","source":"frontend","module":"webrtc/sframe-transform","message":"encrypted frame","context":{"kid":9,"ctr":4,"byteLength":62,"codecOffset":10}}

[90mstdout[2m | apps/validator-daemon/src/canary/__tests__/verify-loop.test.ts[2m > [22m[2mREQ-CFA-052 — pull-corroboration claim board gates the slash on a >=2-distinct quorum[2m > [22m[2ma SELF-ONLY loop FAILS CLOSED: a sustained drop is published but never reaches >=2 distinct → NO submit
[22m[39m{"timestamp":"2026-06-20T08:06:54.382Z","level":"INFO","source":"frontend","module":"webrtc/sframe-transform","message":"encrypted frame","context":{"kid":9,"ctr":6,"byteLength":62,"codecOffset":10}}

[90mstdout[2m | apps/validator-daemon/src/canary/__tests__/verify-loop.test.ts[2m > [22m[2mREQ-CFA-052 — pull-corroboration claim board gates the slash on a >=2-distinct quorum[2m > [22m[2ma SELF-ONLY loop FAILS CLOSED: a sustained drop is published but never reaches >=2 distinct → NO submit
[22m[39m{"timestamp":"2026-06-20T08:06:54.383Z","level":"INFO","source":"frontend","module":"webrtc/sframe-transform","message":"encrypted frame","context":{"kid":9,"ctr":7,"byteLength":62,"codecOffset":10}}

[90mstdout[2m | apps/validator-daemon/src/canary/__tests__/verify-loop.test.ts[2m > [22m[2mREQ-CFA-052 — pull-corroboration claim board gates the slash on a >=2-distinct quorum[2m > [22m[2ma SELF-ONLY loop FAILS CLOSED: a sustained drop is published but never reaches >=2 distinct → NO submit
[22m[39m{"timestamp":"2026-06-20T08:06:54.383Z","level":"INFO","source":"frontend","module":"webrtc/sframe-transform","message":"encrypted frame","context":{"kid":9,"ctr":0,"byteLength":62,"codecOffset":10}}

[90mstdout[2m | apps/validator-daemon/src/canary/__tests__/verify-loop.test.ts[2m > [22m[2mREQ-CFA-052 — pull-corroboration claim board gates the slash on a >=2-distinct quorum[2m > [22m[2ma SELF-ONLY loop FAILS CLOSED: a sustained drop is published but never reaches >=2 distinct → NO submit
[22m[39m{"timestamp":"2026-06-20T08:06:54.384Z","level":"INFO","source":"frontend","module":"webrtc/sframe-transform","message":"encrypted frame","context":{"kid":9,"ctr":1,"byteLength":62,"codecOffset":10}}

[90mstdout[2m | apps/validator-daemon/src/canary/__tests__/verify-loop.test.ts[2m > [22m[2mREQ-CFA-052 — pull-corroboration claim board gates the slash on a >=2-distinct quorum[2m > [22m[2ma SELF-ONLY loop FAILS CLOSED: a sustained drop is published but never reaches >=2 distinct → NO submit
[22m[39m{"timestamp":"2026-06-20T08:06:54.385Z","level":"INFO","source":"frontend","module":"webrtc/sframe-transform","message":"encrypted frame","context":{"kid":9,"ctr":2,"byteLength":62,"codecOffset":10}}

[90mstdout[2m | apps/validator-daemon/src/canary/__tests__/verify-loop.test.ts[2m > [22m[2mREQ-CFA-052 — pull-corroboration claim board gates the slash on a >=2-distinct quorum[2m > [22m[2ma SELF-ONLY loop FAILS CLOSED: a sustained drop is published but never reaches >=2 distinct → NO submit
[22m[39m{"timestamp":"2026-06-20T08:06:54.385Z","level":"INFO","source":"frontend","module":"webrtc/sframe-transform","message":"encrypted frame","context":{"kid":9,"ctr":3,"byteLength":62,"codecOffset":10}}

[90mstdout[2m | apps/validator-daemon/src/canary/__tests__/verify-loop.test.ts[2m > [22m[2mREQ-CFA-052 — pull-corroboration claim board gates the slash on a >=2-distinct quorum[2m > [22m[2ma SELF-ONLY loop FAILS CLOSED: a sustained drop is published but never reaches >=2 distinct → NO submit
[22m[39m{"timestamp":"2026-06-20T08:06:54.385Z","level":"INFO","source":"frontend","module":"webrtc/sframe-transform","message":"encrypted frame","context":{"kid":9,"ctr":4,"byteLength":62,"codecOffset":10}}

[90mstdout[2m | apps/validator-daemon/src/canary/__tests__/verify-loop.test.ts[2m > [22m[2mREQ-CFA-052 — pull-corroboration claim board gates the slash on a >=2-distinct quorum[2m > [22m[2ma SELF-ONLY loop FAILS CLOSED: a sustained drop is published but never reaches >=2 distinct → NO submit
[22m[39m{"timestamp":"2026-06-20T08:06:54.386Z","level":"INFO","source":"frontend","module":"webrtc/sframe-transform","message":"encrypted frame","context":{"kid":9,"ctr":5,"byteLength":62,"codecOffset":10}}

[90mstdout[2m | apps/validator-daemon/src/canary/__tests__/verify-loop.test.ts[2m > [22m[2mREQ-CFA-052 — pull-corroboration claim board gates the slash on a >=2-distinct quorum[2m > [22m[2ma SELF-ONLY loop FAILS CLOSED: a sustained drop is published but never reaches >=2 distinct → NO submit
[22m[39m{"timestamp":"2026-06-20T08:06:54.387Z","level":"INFO","source":"frontend","module":"webrtc/sframe-transform","message":"encrypted frame","context":{"kid":9,"ctr":6,"byteLength":62,"codecOffset":10}}

[90mstdout[2m | apps/validator-daemon/src/canary/__tests__/verify-loop.test.ts[2m > [22m[2mREQ-CFA-052 — pull-corroboration claim board gates the slash on a >=2-distinct quorum[2m > [22m[2ma SELF-ONLY loop FAILS CLOSED: a sustained drop is published but never reaches >=2 distinct → NO submit
[22m[39m{"timestamp":"2026-06-20T08:06:54.390Z","level":"INFO","source":"frontend","module":"webrtc/sframe-transform","message":"encrypted frame","context":{"kid":9,"ctr":7,"byteLength":62,"codecOffset":10}}

{"level":30,"time":1781942814390,"pid":39960,"hostname":"Quang","name":"canary/verifier","canaryKid":9,"mediaPackets":7,"byteIdentical":7,"divergences":1,"msg":"canary forwarding verified"}
[90mstdout[2m | apps/validator-daemon/src/canary/__tests__/verify-loop.test.ts[2m > [22m[2mREQ-CFA-052 — pull-corroboration claim board gates the slash on a >=2-distinct quorum[2m > [22m[2ma SELF-ONLY loop FAILS CLOSED: a sustained drop is published but never reaches >=2 distinct → NO submit
[22m[39m{"timestamp":"2026-06-20T08:06:54.390Z","level":"INFO","source":"frontend","module":"webrtc/sframe-transform","message":"encrypted frame","context":{"kid":9,"ctr":0,"byteLength":62,"codecOffset":10}}

[90mstdout[2m | apps/validator-daemon/src/canary/__tests__/verify-loop.test.ts[2m > [22m[2mREQ-CFA-052 — pull-corroboration claim board gates the slash on a >=2-distinct quorum[2m > [22m[2ma SELF-ONLY loop FAILS CLOSED: a sustained drop is published but never reaches >=2 distinct → NO submit
[22m[39m{"timestamp":"2026-06-20T08:06:54.391Z","level":"INFO","source":"frontend","module":"webrtc/sframe-transform","message":"encrypted frame","context":{"kid":9,"ctr":1,"byteLength":62,"codecOffset":10}}

[90mstdout[2m | apps/validator-daemon/src/canary/__tests__/verify-loop.test.ts[2m > [22m[2mREQ-CFA-052 — pull-corroboration claim board gates the slash on a >=2-distinct quorum[2m > [22m[2ma SELF-ONLY loop FAILS CLOSED: a sustained drop is published but never reaches >=2 distinct → NO submit
[22m[39m{"timestamp":"2026-06-20T08:06:54.391Z","level":"INFO","source":"frontend","module":"webrtc/sframe-transform","message":"encrypted frame","context":{"kid":9,"ctr":2,"byteLength":62,"codecOffset":10}}

[90mstdout[2m | apps/validator-daemon/src/canary/__tests__/verify-loop.test.ts[2m > [22m[2mREQ-CFA-052 — pull-corroboration claim board gates the slash on a >=2-distinct quorum[2m > [22m[2ma SELF-ONLY loop FAILS CLOSED: a sustained drop is published but never reaches >=2 distinct → NO submit
[22m[39m{"timestamp":"2026-06-20T08:06:54.392Z","level":"INFO","source":"frontend","module":"webrtc/sframe-transform","message":"encrypted frame","context":{"kid":9,"ctr":3,"byteLength":62,"codecOffset":10}}

[90mstdout[2m | apps/validator-daemon/src/canary/__tests__/verify-loop.test.ts[2m > [22m[2mREQ-CFA-052 — pull-corroboration claim board gates the slash on a >=2-distinct quorum[2m > [22m[2ma SELF-ONLY loop FAILS CLOSED: a sustained drop is published but never reaches >=2 distinct → NO submit
[22m[39m{"timestamp":"2026-06-20T08:06:54.393Z","level":"INFO","source":"frontend","module":"webrtc/sframe-transform","message":"encrypted frame","context":{"kid":9,"ctr":4,"byteLength":62,"codecOffset":10}}

[90mstdout[2m | apps/validator-daemon/src/canary/__tests__/verify-loop.test.ts[2m > [22m[2mREQ-CFA-052 — pull-corroboration claim board gates the slash on a >=2-distinct quorum[2m > [22m[2ma SELF-ONLY loop FAILS CLOSED: a sustained drop is published but never reaches >=2 distinct → NO submit
[22m[39m{"timestamp":"2026-06-20T08:06:54.393Z","level":"INFO","source":"frontend","module":"webrtc/sframe-transform","message":"encrypted frame","context":{"kid":9,"ctr":5,"byteLength":62,"codecOffset":10}}

[90mstdout[2m | apps/validator-daemon/src/canary/__tests__/verify-loop.test.ts[2m > [22m[2mREQ-CFA-052 — pull-corroboration claim board gates the slash on a >=2-distinct quorum[2m > [22m[2ma SELF-ONLY loop FAILS CLOSED: a sustained drop is published but never reaches >=2 distinct → NO submit
[22m[39m{"timestamp":"2026-06-20T08:06:54.394Z","level":"INFO","source":"frontend","module":"webrtc/sframe-transform","message":"encrypted frame","context":{"kid":9,"ctr":6,"byteLength":62,"codecOffset":10}}

[90mstdout[2m | apps/validator-daemon/src/canary/__tests__/verify-loop.test.ts[2m > [22m[2mREQ-CFA-052 — pull-corroboration claim board gates the slash on a >=2-distinct quorum[2m > [22m[2ma SELF-ONLY loop FAILS CLOSED: a sustained drop is published but never reaches >=2 distinct → NO submit
[22m[39m{"timestamp":"2026-06-20T08:06:54.394Z","level":"INFO","source":"frontend","module":"webrtc/sframe-transform","message":"encrypted frame","context":{"kid":9,"ctr":7,"byteLength":62,"codecOffset":10}}

{"level":30,"time":1781942814395,"pid":39960,"hostname":"Quang","name":"canary/verifier","canaryKid":9,"mediaPackets":7,"byteIdentical":7,"divergences":1,"msg":"canary forwarding verified"}
{"level":30,"time":1781942814395,"pid":39960,"hostname":"Quang","name":"canary/loss-classifier","relayMinerId":"relay-under-audit","promoted":0,"absorbed":1,"tampers":0,"cumulativeCrossed":false,"msg":"canary divergences classified (drop gate / tamper p=1)"}
{"level":30,"time":1781942814395,"pid":39960,"hostname":"Quang","name":"canary/verify-loop","round":2,"relayMinerId":"relay-under-audit","roomId":"verify-loop-room","perReceiver":2,"promoted":0,"absorbed":1,"stunLossBps":"0","msg":"canary verify round classified (hermetic half — synthetic capture, STUN read live)"}
[90mstdout[2m | apps/validator-daemon/src/canary/__tests__/verify-loop.test.ts[2m > [22m[2mREQ-CFA-052 — pull-corroboration claim board gates the slash on a >=2-distinct quorum[2m > [22m[2ma SELF-ONLY loop FAILS CLOSED: a sustained drop is published but never reaches >=2 distinct → NO submit
[22m[39m{"timestamp":"2026-06-20T08:06:54.395Z","level":"INFO","source":"frontend","module":"webrtc/sframe-transform","message":"encrypted frame","context":{"kid":9,"ctr":0,"byteLength":62,"codecOffset":10}}

[90mstdout[2m | apps/validator-daemon/src/canary/__tests__/verify-loop.test.ts[2m > [22m[2mREQ-CFA-052 — pull-corroboration claim board gates the slash on a >=2-distinct quorum[2m > [22m[2ma SELF-ONLY loop FAILS CLOSED: a sustained drop is published but never reaches >=2 distinct → NO submit
[22m[39m{"timestamp":"2026-06-20T08:06:54.396Z","level":"INFO","source":"frontend","module":"webrtc/sframe-transform","message":"encrypted frame","context":{"kid":9,"ctr":1,"byteLength":62,"codecOffset":10}}

[90mstdout[2m | apps/validator-daemon/src/canary/__tests__/verify-loop.test.ts[2m > [22m[2mREQ-CFA-052 — pull-corroboration claim board gates the slash on a >=2-distinct quorum[2m > [22m[2ma SELF-ONLY loop FAILS CLOSED: a sustained drop is published but never reaches >=2 distinct → NO submit
[22m[39m{"timestamp":"2026-06-20T08:06:54.396Z","level":"INFO","source":"frontend","module":"webrtc/sframe-transform","message":"encrypted frame","context":{"kid":9,"ctr":2,"byteLength":62,"codecOffset":10}}

[90mstdout[2m | apps/validator-daemon/src/canary/__tests__/verify-loop.test.ts[2m > [22m[2mREQ-CFA-052 — pull-corroboration claim board gates the slash on a >=2-distinct quorum[2m > [22m[2ma SELF-ONLY loop FAILS CLOSED: a sustained drop is published but never reaches >=2 distinct → NO submit
[22m[39m{"timestamp":"2026-06-20T08:06:54.396Z","level":"INFO","source":"frontend","module":"webrtc/sframe-transform","message":"encrypted frame","context":{"kid":9,"ctr":3,"byteLength":62,"codecOffset":10}}

[90mstdout[2m | apps/validator-daemon/src/canary/__tests__/verify-loop.test.ts[2m > [22m[2mREQ-CFA-052 — pull-corroboration claim board gates the slash on a >=2-distinct quorum[2m > [22m[2ma SELF-ONLY loop FAILS CLOSED: a sustained drop is published but never reaches >=2 distinct → NO submit
[22m[39m{"timestamp":"2026-06-20T08:06:54.397Z","level":"INFO","source":"frontend","module":"webrtc/sframe-transform","message":"encrypted frame","context":{"kid":9,"ctr":4,"byteLength":62,"codecOffset":10}}

[90mstdout[2m | apps/validator-daemon/src/canary/__tests__/verify-loop.test.ts[2m > [22m[2mREQ-CFA-052 — pull-corroboration claim board gates the slash on a >=2-distinct quorum[2m > [22m[2ma SELF-ONLY loop FAILS CLOSED: a sustained drop is published but never reaches >=2 distinct → NO submit
[22m[39m{"timestamp":"2026-06-20T08:06:54.397Z","level":"INFO","source":"frontend","module":"webrtc/sframe-transform","message":"encrypted frame","context":{"kid":9,"ctr":6,"byteLength":62,"codecOffset":10}}

[90mstdout[2m | apps/validator-daemon/src/canary/__tests__/verify-loop.test.ts[2m > [22m[2mREQ-CFA-052 — pull-corroboration claim board gates the slash on a >=2-distinct quorum[2m > [22m[2ma SELF-ONLY loop FAILS CLOSED: a sustained drop is published but never reaches >=2 distinct → NO submit
[22m[39m{"timestamp":"2026-06-20T08:06:54.397Z","level":"INFO","source":"frontend","module":"webrtc/sframe-transform","message":"encrypted frame","context":{"kid":9,"ctr":7,"byteLength":62,"codecOffset":10}}

[90mstdout[2m | apps/validator-daemon/src/canary/__tests__/verify-loop.test.ts[2m > [22m[2mREQ-CFA-052 — pull-corroboration claim board gates the slash on a >=2-distinct quorum[2m > [22m[2ma SELF-ONLY loop FAILS CLOSED: a sustained drop is published but never reaches >=2 distinct → NO submit
[22m[39m{"timestamp":"2026-06-20T08:06:54.397Z","level":"INFO","source":"frontend","module":"webrtc/sframe-transform","message":"encrypted frame","context":{"kid":9,"ctr":0,"byteLength":62,"codecOffset":10}}

[90mstdout[2m | apps/validator-daemon/src/canary/__tests__/verify-loop.test.ts[2m > [22m[2mREQ-CFA-052 — pull-corroboration claim board gates the slash on a >=2-distinct quorum[2m > [22m[2ma SELF-ONLY loop FAILS CLOSED: a sustained drop is published but never reaches >=2 distinct → NO submit
[22m[39m{"timestamp":"2026-06-20T08:06:54.398Z","level":"INFO","source":"frontend","module":"webrtc/sframe-transform","message":"encrypted frame","context":{"kid":9,"ctr":1,"byteLength":62,"codecOffset":10}}

[90mstdout[2m | apps/validator-daemon/src/canary/__tests__/verify-loop.test.ts[2m > [22m[2mREQ-CFA-052 — pull-corroboration claim board gates the slash on a >=2-distinct quorum[2m > [22m[2ma SELF-ONLY loop FAILS CLOSED: a sustained drop is published but never reaches >=2 distinct → NO submit
[22m[39m{"timestamp":"2026-06-20T08:06:54.398Z","level":"INFO","source":"frontend","module":"webrtc/sframe-transform","message":"encrypted frame","context":{"kid":9,"ctr":2,"byteLength":62,"codecOffset":10}}

[90mstdout[2m | apps/validator-daemon/src/canary/__tests__/verify-loop.test.ts[2m > [22m[2mREQ-CFA-052 — pull-corroboration claim board gates the slash on a >=2-distinct quorum[2m > [22m[2ma SELF-ONLY loop FAILS CLOSED: a sustained drop is published but never reaches >=2 distinct → NO submit
[22m[39m{"timestamp":"2026-06-20T08:06:54.399Z","level":"INFO","source":"frontend","module":"webrtc/sframe-transform","message":"encrypted frame","context":{"kid":9,"ctr":3,"byteLength":62,"codecOffset":10}}

[90mstdout[2m | apps/validator-daemon/src/canary/__tests__/verify-loop.test.ts[2m > [22m[2mREQ-CFA-052 — pull-corroboration claim board gates the slash on a >=2-distinct quorum[2m > [22m[2ma SELF-ONLY loop FAILS CLOSED: a sustained drop is published but never reaches >=2 distinct → NO submit
[22m[39m{"timestamp":"2026-06-20T08:06:54.400Z","level":"INFO","source":"frontend","module":"webrtc/sframe-transform","message":"encrypted frame","context":{"kid":9,"ctr":4,"byteLength":62,"codecOffset":10}}

[90mstdout[2m | apps/validator-daemon/src/canary/__tests__/verify-loop.test.ts[2m > [22m[2mREQ-CFA-052 — pull-corroboration claim board gates the slash on a >=2-distinct quorum[2m > [22m[2ma SELF-ONLY loop FAILS CLOSED: a sustained drop is published but never reaches >=2 distinct → NO submit
[22m[39m{"timestamp":"2026-06-20T08:06:54.400Z","level":"INFO","source":"frontend","module":"webrtc/sframe-transform","message":"encrypted frame","context":{"kid":9,"ctr":5,"byteLength":62,"codecOffset":10}}

[90mstdout[2m | apps/validator-daemon/src/canary/__tests__/verify-loop.test.ts[2m > [22m[2mREQ-CFA-052 — pull-corroboration claim board gates the slash on a >=2-distinct quorum[2m > [22m[2ma SELF-ONLY loop FAILS CLOSED: a sustained drop is published but never reaches >=2 distinct → NO submit
[22m[39m{"timestamp":"2026-06-20T08:06:54.400Z","level":"INFO","source":"frontend","module":"webrtc/sframe-transform","message":"encrypted frame","context":{"kid":9,"ctr":6,"byteLength":62,"codecOffset":10}}

[90mstdout[2m | apps/validator-daemon/src/canary/__tests__/verify-loop.test.ts[2m > [22m[2mREQ-CFA-052 — pull-corroboration claim board gates the slash on a >=2-distinct quorum[2m > [22m[2ma SELF-ONLY loop FAILS CLOSED: a sustained drop is published but never reaches >=2 distinct → NO submit
[22m[39m{"timestamp":"2026-06-20T08:06:54.401Z","level":"INFO","source":"frontend","module":"webrtc/sframe-transform","message":"encrypted frame","context":{"kid":9,"ctr":7,"byteLength":62,"codecOffset":10}}

[90mstdout[2m | apps/validator-daemon/src/canary/__tests__/verify-loop.test.ts[2m > [22m[2mREQ-CFA-052 — pull-corroboration claim board gates the slash on a >=2-distinct quorum[2m > [22m[2ma SELF-ONLY loop FAILS CLOSED: a sustained drop is published but never reaches >=2 distinct → NO submit
[22m[39m{"timestamp":"2026-06-20T08:06:54.402Z","level":"INFO","source":"frontend","module":"webrtc/sframe-transform","message":"encrypted frame","context":{"kid":9,"ctr":0,"byteLength":62,"codecOffset":10}}

[90mstdout[2m | apps/validator-daemon/src/canary/__tests__/verify-loop.test.ts[2m > [22m[2mREQ-CFA-052 — pull-corroboration claim board gates the slash on a >=2-distinct quorum[2m > [22m[2ma SELF-ONLY loop FAILS CLOSED: a sustained drop is published but never reaches >=2 distinct → NO submit
[22m[39m{"timestamp":"2026-06-20T08:06:54.402Z","level":"INFO","source":"frontend","module":"webrtc/sframe-transform","message":"encrypted frame","context":{"kid":9,"ctr":1,"byteLength":62,"codecOffset":10}}

[90mstdout[2m | apps/validator-daemon/src/canary/__tests__/verify-loop.test.ts[2m > [22m[2mREQ-CFA-052 — pull-corroboration claim board gates the slash on a >=2-distinct quorum[2m > [22m[2ma SELF-ONLY loop FAILS CLOSED: a sustained drop is published but never reaches >=2 distinct → NO submit
[22m[39m{"timestamp":"2026-06-20T08:06:54.403Z","level":"INFO","source":"frontend","module":"webrtc/sframe-transform","message":"encrypted frame","context":{"kid":9,"ctr":2,"byteLength":62,"codecOffset":10}}

[90mstdout[2m | apps/validator-daemon/src/canary/__tests__/verify-loop.test.ts[2m > [22m[2mREQ-CFA-052 — pull-corroboration claim board gates the slash on a >=2-distinct quorum[2m > [22m[2ma SELF-ONLY loop FAILS CLOSED: a sustained drop is published but never reaches >=2 distinct → NO submit
[22m[39m{"timestamp":"2026-06-20T08:06:54.403Z","level":"INFO","source":"frontend","module":"webrtc/sframe-transform","message":"encrypted frame","context":{"kid":9,"ctr":3,"byteLength":62,"codecOffset":10}}

[90mstdout[2m | apps/validator-daemon/src/canary/__tests__/verify-loop.test.ts[2m > [22m[2mREQ-CFA-052 — pull-corroboration claim board gates the slash on a >=2-distinct quorum[2m > [22m[2ma SELF-ONLY loop FAILS CLOSED: a sustained drop is published but never reaches >=2 distinct → NO submit
[22m[39m{"timestamp":"2026-06-20T08:06:54.404Z","level":"INFO","source":"frontend","module":"webrtc/sframe-transform","message":"encrypted frame","context":{"kid":9,"ctr":4,"byteLength":62,"codecOffset":10}}

[90mstdout[2m | apps/validator-daemon/src/canary/__tests__/verify-loop.test.ts[2m > [22m[2mREQ-CFA-052 — pull-corroboration claim board gates the slash on a >=2-distinct quorum[2m > [22m[2ma SELF-ONLY loop FAILS CLOSED: a sustained drop is published but never reaches >=2 distinct → NO submit
[22m[39m{"timestamp":"2026-06-20T08:06:54.404Z","level":"INFO","source":"frontend","module":"webrtc/sframe-transform","message":"encrypted frame","context":{"kid":9,"ctr":5,"byteLength":62,"codecOffset":10}}

[90mstdout[2m | apps/validator-daemon/src/canary/__tests__/verify-loop.test.ts[2m > [22m[2mREQ-CFA-052 — pull-corroboration claim board gates the slash on a >=2-distinct quorum[2m > [22m[2ma SELF-ONLY loop FAILS CLOSED: a sustained drop is published but never reaches >=2 distinct → NO submit
[22m[39m{"timestamp":"2026-06-20T08:06:54.405Z","level":"INFO","source":"frontend","module":"webrtc/sframe-transform","message":"encrypted frame","context":{"kid":9,"ctr":6,"byteLength":62,"codecOffset":10}}

{"level":30,"time":1781942814401,"pid":39960,"hostname":"Quang","name":"canary/verifier","canaryKid":9,"mediaPackets":7,"byteIdentical":7,"divergences":1,"msg":"canary forwarding verified"}
{"level":30,"time":1781942814406,"pid":39960,"hostname":"Quang","name":"canary/verifier","canaryKid":9,"mediaPackets":7,"byteIdentical":7,"divergences":1,"msg":"canary forwarding verified"}
{"level":30,"time":1781942814406,"pid":39960,"hostname":"Quang","name":"canary/loss-classifier","relayMinerId":"relay-under-audit","promoted":0,"absorbed":1,"tampers":0,"cumulativeCrossed":false,"msg":"canary divergences classified (drop gate / tamper p=1)"}
{"level":30,"time":1781942814406,"pid":39960,"hostname":"Quang","name":"canary/verify-loop","round":3,"relayMinerId":"relay-under-audit","roomId":"verify-loop-room","perReceiver":2,"promoted":0,"absorbed":1,"stunLossBps":"0","msg":"canary verify round classified (hermetic half — synthetic capture, STUN read live)"}
[90mstdout[2m | apps/validator-daemon/src/canary/__tests__/verify-loop.test.ts[2m > [22m[2mREQ-CFA-052 — pull-corroboration claim board gates the slash on a >=2-distinct quorum[2m > [22m[2ma SELF-ONLY loop FAILS CLOSED: a sustained drop is published but never reaches >=2 distinct → NO submit
[22m[39m{"timestamp":"2026-06-20T08:06:54.405Z","level":"INFO","source":"frontend","module":"webrtc/sframe-transform","message":"encrypted frame","context":{"kid":9,"ctr":7,"byteLength":62,"codecOffset":10}}

[90mstdout[2m | apps/validator-daemon/src/canary/__tests__/verify-loop.test.ts[2m > [22m[2mREQ-CFA-052 — pull-corroboration claim board gates the slash on a >=2-distinct quorum[2m > [22m[2ma SELF-ONLY loop FAILS CLOSED: a sustained drop is published but never reaches >=2 distinct → NO submit
[22m[39m{"timestamp":"2026-06-20T08:06:54.406Z","level":"INFO","source":"frontend","module":"webrtc/sframe-transform","message":"encrypted frame","context":{"kid":9,"ctr":0,"byteLength":62,"codecOffset":10}}

[90mstdout[2m | apps/validator-daemon/src/canary/__tests__/verify-loop.test.ts[2m > [22m[2mREQ-CFA-052 — pull-corroboration claim board gates the slash on a >=2-distinct quorum[2m > [22m[2ma SELF-ONLY loop FAILS CLOSED: a sustained drop is published but never reaches >=2 distinct → NO submit
[22m[39m{"timestamp":"2026-06-20T08:06:54.407Z","level":"INFO","source":"frontend","module":"webrtc/sframe-transform","message":"encrypted frame","context":{"kid":9,"ctr":1,"byteLength":62,"codecOffset":10}}

[90mstdout[2m | apps/validator-daemon/src/canary/__tests__/verify-loop.test.ts[2m > [22m[2mREQ-CFA-052 — pull-corroboration claim board gates the slash on a >=2-distinct quorum[2m > [22m[2ma SELF-ONLY loop FAILS CLOSED: a sustained drop is published but never reaches >=2 distinct → NO submit
[22m[39m{"timestamp":"2026-06-20T08:06:54.407Z","level":"INFO","source":"frontend","module":"webrtc/sframe-transform","message":"encrypted frame","context":{"kid":9,"ctr":2,"byteLength":62,"codecOffset":10}}

[90mstdout[2m | apps/validator-daemon/src/canary/__tests__/verify-loop.test.ts[2m > [22m[2mREQ-CFA-052 — pull-corroboration claim board gates the slash on a >=2-distinct quorum[2m > [22m[2ma SELF-ONLY loop FAILS CLOSED: a sustained drop is published but never reaches >=2 distinct → NO submit
[22m[39m{"timestamp":"2026-06-20T08:06:54.408Z","level":"INFO","source":"frontend","module":"webrtc/sframe-transform","message":"encrypted frame","context":{"kid":9,"ctr":3,"byteLength":62,"codecOffset":10}}

[90mstdout[2m | apps/validator-daemon/src/canary/__tests__/verify-loop.test.ts[2m > [22m[2mREQ-CFA-052 — pull-corroboration claim board gates the slash on a >=2-distinct quorum[2m > [22m[2ma SELF-ONLY loop FAILS CLOSED: a sustained drop is published but never reaches >=2 distinct → NO submit
[22m[39m{"timestamp":"2026-06-20T08:06:54.408Z","level":"INFO","source":"frontend","module":"webrtc/sframe-transform","message":"encrypted frame","context":{"kid":9,"ctr":4,"byteLength":62,"codecOffset":10}}

[90mstdout[2m | apps/validator-daemon/src/canary/__tests__/verify-loop.test.ts[2m > [22m[2mREQ-CFA-052 — pull-corroboration claim board gates the slash on a >=2-distinct quorum[2m > [22m[2ma SELF-ONLY loop FAILS CLOSED: a sustained drop is published but never reaches >=2 distinct → NO submit
[22m[39m{"timestamp":"2026-06-20T08:06:54.408Z","level":"INFO","source":"frontend","module":"webrtc/sframe-transform","message":"encrypted frame","context":{"kid":9,"ctr":6,"byteLength":62,"codecOffset":10}}

[90mstdout[2m | apps/validator-daemon/src/canary/__tests__/verify-loop.test.ts[2m > [22m[2mREQ-CFA-052 — pull-corroboration claim board gates the slash on a >=2-distinct quorum[2m > [22m[2ma SELF-ONLY loop FAILS CLOSED: a sustained drop is published but never reaches >=2 distinct → NO submit
[22m[39m{"timestamp":"2026-06-20T08:06:54.409Z","level":"INFO","source":"frontend","module":"webrtc/sframe-transform","message":"encrypted frame","context":{"kid":9,"ctr":7,"byteLength":62,"codecOffset":10}}

[90mstdout[2m | apps/validator-daemon/src/canary/__tests__/verify-loop.test.ts[2m > [22m[2mREQ-CFA-052 — pull-corroboration claim board gates the slash on a >=2-distinct quorum[2m > [22m[2ma SELF-ONLY loop FAILS CLOSED: a sustained drop is published but never reaches >=2 distinct → NO submit
[22m[39m{"timestamp":"2026-06-20T08:06:54.409Z","level":"INFO","source":"frontend","module":"webrtc/sframe-transform","message":"encrypted frame","context":{"kid":9,"ctr":0,"byteLength":62,"codecOffset":10}}

[90mstdout[2m | apps/validator-daemon/src/canary/__tests__/verify-loop.test.ts[2m > [22m[2mREQ-CFA-052 — pull-corroboration claim board gates the slash on a >=2-distinct quorum[2m > [22m[2ma SELF-ONLY loop FAILS CLOSED: a sustained drop is published but never reaches >=2 distinct → NO submit
[22m[39m{"timestamp":"2026-06-20T08:06:54.410Z","level":"INFO","source":"frontend","module":"webrtc/sframe-transform","message":"encrypted frame","context":{"kid":9,"ctr":1,"byteLength":62,"codecOffset":10}}

[90mstdout[2m | apps/validator-daemon/src/canary/__tests__/verify-loop.test.ts[2m > [22m[2mREQ-CFA-052 — pull-corroboration claim board gates the slash on a >=2-distinct quorum[2m > [22m[2ma SELF-ONLY loop FAILS CLOSED: a sustained drop is published but never reaches >=2 distinct → NO submit
[22m[39m{"timestamp":"2026-06-20T08:06:54.410Z","level":"INFO","source":"frontend","module":"webrtc/sframe-transform","message":"encrypted frame","context":{"kid":9,"ctr":2,"byteLength":62,"codecOffset":10}}

[90mstdout[2m | apps/validator-daemon/src/canary/__tests__/verify-loop.test.ts[2m > [22m[2mREQ-CFA-052 — pull-corroboration claim board gates the slash on a >=2-distinct quorum[2m > [22m[2ma SELF-ONLY loop FAILS CLOSED: a sustained drop is published but never reaches >=2 distinct → NO submit
[22m[39m{"timestamp":"2026-06-20T08:06:54.411Z","level":"INFO","source":"frontend","module":"webrtc/sframe-transform","message":"encrypted frame","context":{"kid":9,"ctr":3,"byteLength":62,"codecOffset":10}}

[90mstdout[2m | apps/validator-daemon/src/canary/__tests__/verify-loop.test.ts[2m > [22m[2mREQ-CFA-052 — pull-corroboration claim board gates the slash on a >=2-distinct quorum[2m > [22m[2ma SELF-ONLY loop FAILS CLOSED: a sustained drop is published but never reaches >=2 distinct → NO submit
[22m[39m{"timestamp":"2026-06-20T08:06:54.411Z","level":"INFO","source":"frontend","module":"webrtc/sframe-transform","message":"encrypted frame","context":{"kid":9,"ctr":4,"byteLength":62,"codecOffset":10}}

[90mstdout[2m | apps/validator-daemon/src/canary/__tests__/verify-loop.test.ts[2m > [22m[2mREQ-CFA-052 — pull-corroboration claim board gates the slash on a >=2-distinct quorum[2m > [22m[2ma SELF-ONLY loop FAILS CLOSED: a sustained drop is published but never reaches >=2 distinct → NO submit
[22m[39m{"timestamp":"2026-06-20T08:06:54.412Z","level":"INFO","source":"frontend","module":"webrtc/sframe-transform","message":"encrypted frame","context":{"kid":9,"ctr":5,"byteLength":62,"codecOffset":10}}

[90mstdout[2m | apps/validator-daemon/src/canary/__tests__/verify-loop.test.ts[2m > [22m[2mREQ-CFA-052 — pull-corroboration claim board gates the slash on a >=2-distinct quorum[2m > [22m[2ma SELF-ONLY loop FAILS CLOSED: a sustained drop is published but never reaches >=2 distinct → NO submit
[22m[39m{"timestamp":"2026-06-20T08:06:54.412Z","level":"INFO","source":"frontend","module":"webrtc/sframe-transform","message":"encrypted frame","context":{"kid":9,"ctr":6,"byteLength":62,"codecOffset":10}}

[90mstdout[2m | apps/validator-daemon/src/canary/__tests__/verify-loop.test.ts[2m > [22m[2mREQ-CFA-052 — pull-corroboration claim board gates the slash on a >=2-distinct quorum[2m > [22m[2ma SELF-ONLY loop FAILS CLOSED: a sustained drop is published but never reaches >=2 distinct → NO submit
[22m[39m{"timestamp":"2026-06-20T08:06:54.413Z","level":"INFO","source":"frontend","module":"webrtc/sframe-transform","message":"encrypted frame","context":{"kid":9,"ctr":7,"byteLength":62,"codecOffset":10}}

{"level":30,"time":1781942814413,"pid":39960,"hostname":"Quang","name":"canary/verifier","canaryKid":9,"mediaPackets":7,"byteIdentical":7,"divergences":1,"msg":"canary forwarding verified"}
[90mstdout[2m | apps/validator-daemon/src/canary/__tests__/verify-loop.test.ts[2m > [22m[2mREQ-CFA-052 — pull-corroboration claim board gates the slash on a >=2-distinct quorum[2m > [22m[2ma SELF-ONLY loop FAILS CLOSED: a sustained drop is published but never reaches >=2 distinct → NO submit
[22m[39m{"timestamp":"2026-06-20T08:06:54.413Z","level":"INFO","source":"frontend","module":"webrtc/sframe-transform","message":"encrypted frame","context":{"kid":9,"ctr":0,"byteLength":62,"codecOffset":10}}

[90mstdout[2m | apps/validator-daemon/src/canary/__tests__/verify-loop.test.ts[2m > [22m[2mREQ-CFA-052 — pull-corroboration claim board gates the slash on a >=2-distinct quorum[2m > [22m[2ma SELF-ONLY loop FAILS CLOSED: a sustained drop is published but never reaches >=2 distinct → NO submit
[22m[39m{"timestamp":"2026-06-20T08:06:54.414Z","level":"INFO","source":"frontend","module":"webrtc/sframe-transform","message":"encrypted frame","context":{"kid":9,"ctr":1,"byteLength":62,"codecOffset":10}}

[90mstdout[2m | apps/validator-daemon/src/canary/__tests__/verify-loop.test.ts[2m > [22m[2mREQ-CFA-052 — pull-corroboration claim board gates the slash on a >=2-distinct quorum[2m > [22m[2ma SELF-ONLY loop FAILS CLOSED: a sustained drop is published but never reaches >=2 distinct → NO submit
[22m[39m{"timestamp":"2026-06-20T08:06:54.414Z","level":"INFO","source":"frontend","module":"webrtc/sframe-transform","message":"encrypted frame","context":{"kid":9,"ctr":2,"byteLength":62,"codecOffset":10}}

[90mstdout[2m | apps/validator-daemon/src/canary/__tests__/verify-loop.test.ts[2m > [22m[2mREQ-CFA-052 — pull-corroboration claim board gates the slash on a >=2-distinct quorum[2m > [22m[2ma SELF-ONLY loop FAILS CLOSED: a sustained drop is published but never reaches >=2 distinct → NO submit
[22m[39m{"timestamp":"2026-06-20T08:06:54.415Z","level":"INFO","source":"frontend","module":"webrtc/sframe-transform","message":"encrypted frame","context":{"kid":9,"ctr":3,"byteLength":62,"codecOffset":10}}

[90mstdout[2m | apps/validator-daemon/src/canary/__tests__/verify-loop.test.ts[2m > [22m[2mREQ-CFA-052 — pull-corroboration claim board gates the slash on a >=2-distinct quorum[2m > [22m[2ma SELF-ONLY loop FAILS CLOSED: a sustained drop is published but never reaches >=2 distinct → NO submit
[22m[39m{"timestamp":"2026-06-20T08:06:54.415Z","level":"INFO","source":"frontend","module":"webrtc/sframe-transform","message":"encrypted frame","context":{"kid":9,"ctr":4,"byteLength":62,"codecOffset":10}}

[90mstdout[2m | apps/validator-daemon/src/canary/__tests__/verify-loop.test.ts[2m > [22m[2mREQ-CFA-052 — pull-corroboration claim board gates the slash on a >=2-distinct quorum[2m > [22m[2ma SELF-ONLY loop FAILS CLOSED: a sustained drop is published but never reaches >=2 distinct → NO submit
[22m[39m{"timestamp":"2026-06-20T08:06:54.416Z","level":"INFO","source":"frontend","module":"webrtc/sframe-transform","message":"encrypted frame","context":{"kid":9,"ctr":5,"byteLength":62,"codecOffset":10}}

[90mstdout[2m | apps/validator-daemon/src/canary/__tests__/verify-loop.test.ts[2m > [22m[2mREQ-CFA-052 — pull-corroboration claim board gates the slash on a >=2-distinct quorum[2m > [22m[2ma SELF-ONLY loop FAILS CLOSED: a sustained drop is published but never reaches >=2 distinct → NO submit
[22m[39m{"timestamp":"2026-06-20T08:06:54.416Z","level":"INFO","source":"frontend","module":"webrtc/sframe-transform","message":"encrypted frame","context":{"kid":9,"ctr":6,"byteLength":62,"codecOffset":10}}

[90mstdout[2m | apps/validator-daemon/src/canary/__tests__/verify-loop.test.ts[2m > [22m[2mREQ-CFA-052 — pull-corroboration claim board gates the slash on a >=2-distinct quorum[2m > [22m[2ma SELF-ONLY loop FAILS CLOSED: a sustained drop is published but never reaches >=2 distinct → NO submit
[22m[39m{"timestamp":"2026-06-20T08:06:54.417Z","level":"INFO","source":"frontend","module":"webrtc/sframe-transform","message":"encrypted frame","context":{"kid":9,"ctr":7,"byteLength":62,"codecOffset":10}}

{"level":30,"time":1781942814417,"pid":39960,"hostname":"Quang","name":"canary/verifier","canaryKid":9,"mediaPackets":7,"byteIdentical":7,"divergences":1,"msg":"canary forwarding verified"}
{"level":30,"time":1781942814417,"pid":39960,"hostname":"Quang","name":"canary/loss-classifier","relayMinerId":"relay-under-audit","promoted":1,"absorbed":0,"tampers":0,"cumulativeCrossed":true,"msg":"canary divergences classified (drop gate / tamper p=1)"}
{"level":30,"time":1781942814418,"pid":39960,"hostname":"Quang","name":"canary/verify-loop","round":4,"relayMinerId":"relay-under-audit","roomId":"verify-loop-room","perReceiver":2,"promoted":1,"absorbed":0,"stunLossBps":"0","msg":"canary verify round classified (hermetic half — synthetic capture, STUN read live)"}
[90mstdout[2m | apps/validator-daemon/src/canary/__tests__/verify-loop.test.ts[2m > [22m[2mREQ-CFA-052 — pull-corroboration claim board gates the slash on a >=2-distinct quorum[2m > [22m[2ma SELF-ONLY loop FAILS CLOSED: a sustained drop is published but never reaches >=2 distinct → NO submit
[22m[39m{"timestamp":"2026-06-20T08:06:54.420Z","level":"INFO","source":"frontend","module":"webrtc/sframe-transform","message":"encrypted frame","context":{"kid":9,"ctr":0,"byteLength":62,"codecOffset":10}}

[90mstdout[2m | apps/validator-daemon/src/canary/__tests__/verify-loop.test.ts[2m > [22m[2mREQ-CFA-052 — pull-corroboration claim board gates the slash on a >=2-distinct quorum[2m > [22m[2ma SELF-ONLY loop FAILS CLOSED: a sustained drop is published but never reaches >=2 distinct → NO submit
[22m[39m{"timestamp":"2026-06-20T08:06:54.420Z","level":"INFO","source":"frontend","module":"webrtc/sframe-transform","message":"encrypted frame","context":{"kid":9,"ctr":1,"byteLength":62,"codecOffset":10}}

[90mstdout[2m | apps/validator-daemon/src/canary/__tests__/verify-loop.test.ts[2m > [22m[2mREQ-CFA-052 — pull-corroboration claim board gates the slash on a >=2-distinct quorum[2m > [22m[2ma SELF-ONLY loop FAILS CLOSED: a sustained drop is published but never reaches >=2 distinct → NO submit
[22m[39m{"timestamp":"2026-06-20T08:06:54.421Z","level":"INFO","source":"frontend","module":"webrtc/sframe-transform","message":"encrypted frame","context":{"kid":9,"ctr":2,"byteLength":62,"codecOffset":10}}

[90mstdout[2m | apps/validator-daemon/src/canary/__tests__/verify-loop.test.ts[2m > [22m[2mREQ-CFA-052 — pull-corroboration claim board gates the slash on a >=2-distinct quorum[2m > [22m[2ma SELF-ONLY loop FAILS CLOSED: a sustained drop is published but never reaches >=2 distinct → NO submit
[22m[39m{"timestamp":"2026-06-20T08:06:54.421Z","level":"INFO","source":"frontend","module":"webrtc/sframe-transform","message":"encrypted frame","context":{"kid":9,"ctr":3,"byteLength":62,"codecOffset":10}}

[90mstdout[2m | apps/validator-daemon/src/canary/__tests__/verify-loop.test.ts[2m > [22m[2mREQ-CFA-052 — pull-corroboration claim board gates the slash on a >=2-distinct quorum[2m > [22m[2ma SELF-ONLY loop FAILS CLOSED: a sustained drop is published but never reaches >=2 distinct → NO submit
[22m[39m{"timestamp":"2026-06-20T08:06:54.421Z","level":"INFO","source":"frontend","module":"webrtc/sframe-transform","message":"encrypted frame","context":{"kid":9,"ctr":4,"byteLength":62,"codecOffset":10}}

[90mstdout[2m | apps/validator-daemon/src/canary/__tests__/verify-loop.test.ts[2m > [22m[2mREQ-CFA-052 — pull-corroboration claim board gates the slash on a >=2-distinct quorum[2m > [22m[2ma SELF-ONLY loop FAILS CLOSED: a sustained drop is published but never reaches >=2 distinct → NO submit
[22m[39m{"timestamp":"2026-06-20T08:06:54.422Z","level":"INFO","source":"frontend","module":"webrtc/sframe-transform","message":"encrypted frame","context":{"kid":9,"ctr":6,"byteLength":62,"codecOffset":10}}

[90mstdout[2m | apps/validator-daemon/src/canary/__tests__/verify-loop.test.ts[2m > [22m[2mREQ-CFA-052 — pull-corroboration claim board gates the slash on a >=2-distinct quorum[2m > [22m[2ma SELF-ONLY loop FAILS CLOSED: a sustained drop is published but never reaches >=2 distinct → NO submit
[22m[39m{"timestamp":"2026-06-20T08:06:54.422Z","level":"INFO","source":"frontend","module":"webrtc/sframe-transform","message":"encrypted frame","context":{"kid":9,"ctr":7,"byteLength":62,"codecOffset":10}}

[90mstdout[2m | apps/validator-daemon/src/canary/__tests__/verify-loop.test.ts[2m > [22m[2mREQ-CFA-052 — pull-corroboration claim board gates the slash on a >=2-distinct quorum[2m > [22m[2ma SELF-ONLY loop FAILS CLOSED: a sustained drop is published but never reaches >=2 distinct → NO submit
[22m[39m{"timestamp":"2026-06-20T08:06:54.423Z","level":"INFO","source":"frontend","module":"webrtc/sframe-transform","message":"encrypted frame","context":{"kid":9,"ctr":0,"byteLength":62,"codecOffset":10}}

[90mstdout[2m | apps/validator-daemon/src/canary/__tests__/verify-loop.test.ts[2m > [22m[2mREQ-CFA-052 — pull-corroboration claim board gates the slash on a >=2-distinct quorum[2m > [22m[2ma SELF-ONLY loop FAILS CLOSED: a sustained drop is published but never reaches >=2 distinct → NO submit
[22m[39m{"timestamp":"2026-06-20T08:06:54.423Z","level":"INFO","source":"frontend","module":"webrtc/sframe-transform","message":"encrypted frame","context":{"kid":9,"ctr":1,"byteLength":62,"codecOffset":10}}

[90mstdout[2m | apps/validator-daemon/src/canary/__tests__/verify-loop.test.ts[2m > [22m[2mREQ-CFA-052 — pull-corroboration claim board gates the slash on a >=2-distinct quorum[2m > [22m[2ma SELF-ONLY loop FAILS CLOSED: a sustained drop is published but never reaches >=2 distinct → NO submit
[22m[39m{"timestamp":"2026-06-20T08:06:54.424Z","level":"INFO","source":"frontend","module":"webrtc/sframe-transform","message":"encrypted frame","context":{"kid":9,"ctr":2,"byteLength":62,"codecOffset":10}}

[90mstdout[2m | apps/validator-daemon/src/canary/__tests__/verify-loop.test.ts[2m > [22m[2mREQ-CFA-052 — pull-corroboration claim board gates the slash on a >=2-distinct quorum[2m > [22m[2ma SELF-ONLY loop FAILS CLOSED: a sustained drop is published but never reaches >=2 distinct → NO submit
[22m[39m{"timestamp":"2026-06-20T08:06:54.424Z","level":"INFO","source":"frontend","module":"webrtc/sframe-transform","message":"encrypted frame","context":{"kid":9,"ctr":3,"byteLength":62,"codecOffset":10}}

[90mstdout[2m | apps/validator-daemon/src/canary/__tests__/verify-loop.test.ts[2m > [22m[2mREQ-CFA-052 — pull-corroboration claim board gates the slash on a >=2-distinct quorum[2m > [22m[2ma SELF-ONLY loop FAILS CLOSED: a sustained drop is published but never reaches >=2 distinct → NO submit
[22m[39m{"timestamp":"2026-06-20T08:06:54.424Z","level":"INFO","source":"frontend","module":"webrtc/sframe-transform","message":"encrypted frame","context":{"kid":9,"ctr":4,"byteLength":62,"codecOffset":10}}

[90mstdout[2m | apps/validator-daemon/src/canary/__tests__/verify-loop.test.ts[2m > [22m[2mREQ-CFA-052 — pull-corroboration claim board gates the slash on a >=2-distinct quorum[2m > [22m[2ma SELF-ONLY loop FAILS CLOSED: a sustained drop is published but never reaches >=2 distinct → NO submit
[22m[39m{"timestamp":"2026-06-20T08:06:54.425Z","level":"INFO","source":"frontend","module":"webrtc/sframe-transform","message":"encrypted frame","context":{"kid":9,"ctr":5,"byteLength":62,"codecOffset":10}}

[90mstdout[2m | apps/validator-daemon/src/canary/__tests__/verify-loop.test.ts[2m > [22m[2mREQ-CFA-052 — pull-corroboration claim board gates the slash on a >=2-distinct quorum[2m > [22m[2ma SELF-ONLY loop FAILS CLOSED: a sustained drop is published but never reaches >=2 distinct → NO submit
[22m[39m{"timestamp":"2026-06-20T08:06:54.425Z","level":"INFO","source":"frontend","module":"webrtc/sframe-transform","message":"encrypted frame","context":{"kid":9,"ctr":6,"byteLength":62,"codecOffset":10}}

[90mstdout[2m | apps/validator-daemon/src/canary/__tests__/verify-loop.test.ts[2m > [22m[2mREQ-CFA-052 — pull-corroboration claim board gates the slash on a >=2-distinct quorum[2m > [22m[2ma SELF-ONLY loop FAILS CLOSED: a sustained drop is published but never reaches >=2 distinct → NO submit
[22m[39m{"timestamp":"2026-06-20T08:06:54.426Z","level":"INFO","source":"frontend","module":"webrtc/sframe-transform","message":"encrypted frame","context":{"kid":9,"ctr":7,"byteLength":62,"codecOffset":10}}

{"level":30,"time":1781942814426,"pid":39960,"hostname":"Quang","name":"canary/verifier","canaryKid":9,"mediaPackets":7,"byteIdentical":7,"divergences":1,"msg":"canary forwarding verified"}
[90mstdout[2m | apps/validator-daemon/src/canary/__tests__/verify-loop.test.ts[2m > [22m[2mREQ-CFA-052 — pull-corroboration claim board gates the slash on a >=2-distinct quorum[2m > [22m[2ma SELF-ONLY loop FAILS CLOSED: a sustained drop is published but never reaches >=2 distinct → NO submit
[22m[39m{"timestamp":"2026-06-20T08:06:54.427Z","level":"INFO","source":"frontend","module":"webrtc/sframe-transform","message":"encrypted frame","context":{"kid":9,"ctr":0,"byteLength":62,"codecOffset":10}}

[90mstdout[2m | apps/validator-daemon/src/canary/__tests__/verify-loop.test.ts[2m > [22m[2mREQ-CFA-052 — pull-corroboration claim board gates the slash on a >=2-distinct quorum[2m > [22m[2ma SELF-ONLY loop FAILS CLOSED: a sustained drop is published but never reaches >=2 distinct → NO submit
[22m[39m{"timestamp":"2026-06-20T08:06:54.427Z","level":"INFO","source":"frontend","module":"webrtc/sframe-transform","message":"encrypted frame","context":{"kid":9,"ctr":1,"byteLength":62,"codecOffset":10}}

[90mstdout[2m | apps/validator-daemon/src/canary/__tests__/verify-loop.test.ts[2m > [22m[2mREQ-CFA-052 — pull-corroboration claim board gates the slash on a >=2-distinct quorum[2m > [22m[2ma SELF-ONLY loop FAILS CLOSED: a sustained drop is published but never reaches >=2 distinct → NO submit
[22m[39m{"timestamp":"2026-06-20T08:06:54.427Z","level":"INFO","source":"frontend","module":"webrtc/sframe-transform","message":"encrypted frame","context":{"kid":9,"ctr":2,"byteLength":62,"codecOffset":10}}

[90mstdout[2m | apps/validator-daemon/src/canary/__tests__/verify-loop.test.ts[2m > [22m[2mREQ-CFA-052 — pull-corroboration claim board gates the slash on a >=2-distinct quorum[2m > [22m[2ma SELF-ONLY loop FAILS CLOSED: a sustained drop is published but never reaches >=2 distinct → NO submit
[22m[39m{"timestamp":"2026-06-20T08:06:54.428Z","level":"INFO","source":"frontend","module":"webrtc/sframe-transform","message":"encrypted frame","context":{"kid":9,"ctr":3,"byteLength":62,"codecOffset":10}}

[90mstdout[2m | apps/validator-daemon/src/canary/__tests__/verify-loop.test.ts[2m > [22m[2mREQ-CFA-052 — pull-corroboration claim board gates the slash on a >=2-distinct quorum[2m > [22m[2ma SELF-ONLY loop FAILS CLOSED: a sustained drop is published but never reaches >=2 distinct → NO submit
[22m[39m{"timestamp":"2026-06-20T08:06:54.428Z","level":"INFO","source":"frontend","module":"webrtc/sframe-transform","message":"encrypted frame","context":{"kid":9,"ctr":4,"byteLength":62,"codecOffset":10}}

[90mstdout[2m | apps/validator-daemon/src/canary/__tests__/verify-loop.test.ts[2m > [22m[2mREQ-CFA-052 — pull-corroboration claim board gates the slash on a >=2-distinct quorum[2m > [22m[2ma SELF-ONLY loop FAILS CLOSED: a sustained drop is published but never reaches >=2 distinct → NO submit
[22m[39m{"timestamp":"2026-06-20T08:06:54.429Z","level":"INFO","source":"frontend","module":"webrtc/sframe-transform","message":"encrypted frame","context":{"kid":9,"ctr":5,"byteLength":62,"codecOffset":10}}

[90mstdout[2m | apps/validator-daemon/src/canary/__tests__/verify-loop.test.ts[2m > [22m[2mREQ-CFA-052 — pull-corroboration claim board gates the slash on a >=2-distinct quorum[2m > [22m[2ma SELF-ONLY loop FAILS CLOSED: a sustained drop is published but never reaches >=2 distinct → NO submit
[22m[39m{"timestamp":"2026-06-20T08:06:54.429Z","level":"INFO","source":"frontend","module":"webrtc/sframe-transform","message":"encrypted frame","context":{"kid":9,"ctr":6,"byteLength":62,"codecOffset":10}}

[90mstdout[2m | apps/validator-daemon/src/canary/__tests__/verify-loop.test.ts[2m > [22m[2mREQ-CFA-052 — pull-corroboration claim board gates the slash on a >=2-distinct quorum[2m > [22m[2ma SELF-ONLY loop FAILS CLOSED: a sustained drop is published but never reaches >=2 distinct → NO submit
[22m[39m{"timestamp":"2026-06-20T08:06:54.430Z","level":"INFO","source":"frontend","module":"webrtc/sframe-transform","message":"encrypted frame","context":{"kid":9,"ctr":7,"byteLength":62,"codecOffset":10}}

{"level":30,"time":1781942814430,"pid":39960,"hostname":"Quang","name":"canary/verifier","canaryKid":9,"mediaPackets":7,"byteIdentical":7,"divergences":1,"msg":"canary forwarding verified"}
{"level":30,"time":1781942814430,"pid":39960,"hostname":"Quang","name":"canary/loss-classifier","relayMinerId":"relay-under-audit","promoted":1,"absorbed":0,"tampers":0,"cumulativeCrossed":true,"msg":"canary divergences classified (drop gate / tamper p=1)"}
{"level":30,"time":1781942814431,"pid":39960,"hostname":"Quang","name":"canary/verify-loop","round":5,"relayMinerId":"relay-under-audit","roomId":"verify-loop-room","perReceiver":2,"promoted":1,"absorbed":0,"stunLossBps":"0","msg":"canary verify round classified (hermetic half — synthetic capture, STUN read live)"}
[90mstdout[2m | apps/validator-daemon/src/canary/__tests__/verify-loop.test.ts[2m > [22m[2mREQ-CFA-052 — pull-corroboration claim board gates the slash on a >=2-distinct quorum[2m > [22m[2ma SELF-ONLY loop FAILS CLOSED: a sustained drop is published but never reaches >=2 distinct → NO submit
[22m[39m{"timestamp":"2026-06-20T08:06:54.433Z","level":"INFO","source":"frontend","module":"webrtc/sframe-transform","message":"encrypted frame","context":{"kid":9,"ctr":0,"byteLength":62,"codecOffset":10}}

[90mstdout[2m | apps/validator-daemon/src/canary/__tests__/verify-loop.test.ts[2m > [22m[2mREQ-CFA-052 — pull-corroboration claim board gates the slash on a >=2-distinct quorum[2m > [22m[2ma SELF-ONLY loop FAILS CLOSED: a sustained drop is published but never reaches >=2 distinct → NO submit
[22m[39m{"timestamp":"2026-06-20T08:06:54.434Z","level":"INFO","source":"frontend","module":"webrtc/sframe-transform","message":"encrypted frame","context":{"kid":9,"ctr":1,"byteLength":62,"codecOffset":10}}

[90mstdout[2m | apps/validator-daemon/src/canary/__tests__/verify-loop.test.ts[2m > [22m[2mREQ-CFA-052 — pull-corroboration claim board gates the slash on a >=2-distinct quorum[2m > [22m[2ma SELF-ONLY loop FAILS CLOSED: a sustained drop is published but never reaches >=2 distinct → NO submit
[22m[39m{"timestamp":"2026-06-20T08:06:54.434Z","level":"INFO","source":"frontend","module":"webrtc/sframe-transform","message":"encrypted frame","context":{"kid":9,"ctr":2,"byteLength":62,"codecOffset":10}}

[90mstdout[2m | apps/validator-daemon/src/canary/__tests__/verify-loop.test.ts[2m > [22m[2mREQ-CFA-052 — pull-corroboration claim board gates the slash on a >=2-distinct quorum[2m > [22m[2ma SELF-ONLY loop FAILS CLOSED: a sustained drop is published but never reaches >=2 distinct → NO submit
[22m[39m{"timestamp":"2026-06-20T08:06:54.434Z","level":"INFO","source":"frontend","module":"webrtc/sframe-transform","message":"encrypted frame","context":{"kid":9,"ctr":3,"byteLength":62,"codecOffset":10}}

[90mstdout[2m | apps/validator-daemon/src/canary/__tests__/verify-loop.test.ts[2m > [22m[2mREQ-CFA-052 — pull-corroboration claim board gates the slash on a >=2-distinct quorum[2m > [22m[2ma SELF-ONLY loop FAILS CLOSED: a sustained drop is published but never reaches >=2 distinct → NO submit
[22m[39m{"timestamp":"2026-06-20T08:06:54.435Z","level":"INFO","source":"frontend","module":"webrtc/sframe-transform","message":"encrypted frame","context":{"kid":9,"ctr":4,"byteLength":62,"codecOffset":10}}

[90mstdout[2m | apps/validator-daemon/src/canary/__tests__/verify-loop.test.ts[2m > [22m[2mREQ-CFA-052 — pull-corroboration claim board gates the slash on a >=2-distinct quorum[2m > [22m[2ma SELF-ONLY loop FAILS CLOSED: a sustained drop is published but never reaches >=2 distinct → NO submit
[22m[39m{"timestamp":"2026-06-20T08:06:54.435Z","level":"INFO","source":"frontend","module":"webrtc/sframe-transform","message":"encrypted frame","context":{"kid":9,"ctr":6,"byteLength":62,"codecOffset":10}}

[90mstdout[2m | apps/validator-daemon/src/canary/__tests__/verify-loop.test.ts[2m > [22m[2mREQ-CFA-052 — pull-corroboration claim board gates the slash on a >=2-distinct quorum[2m > [22m[2ma SELF-ONLY loop FAILS CLOSED: a sustained drop is published but never reaches >=2 distinct → NO submit
[22m[39m{"timestamp":"2026-06-20T08:06:54.435Z","level":"INFO","source":"frontend","module":"webrtc/sframe-transform","message":"encrypted frame","context":{"kid":9,"ctr":7,"byteLength":62,"codecOffset":10}}

[90mstdout[2m | apps/validator-daemon/src/canary/__tests__/verify-loop.test.ts[2m > [22m[2mREQ-CFA-052 — pull-corroboration claim board gates the slash on a >=2-distinct quorum[2m > [22m[2ma SELF-ONLY loop FAILS CLOSED: a sustained drop is published but never reaches >=2 distinct → NO submit
[22m[39m{"timestamp":"2026-06-20T08:06:54.436Z","level":"INFO","source":"frontend","module":"webrtc/sframe-transform","message":"encrypted frame","context":{"kid":9,"ctr":0,"byteLength":62,"codecOffset":10}}

[90mstdout[2m | apps/validator-daemon/src/canary/__tests__/verify-loop.test.ts[2m > [22m[2mREQ-CFA-052 — pull-corroboration claim board gates the slash on a >=2-distinct quorum[2m > [22m[2ma SELF-ONLY loop FAILS CLOSED: a sustained drop is published but never reaches >=2 distinct → NO submit
[22m[39m{"timestamp":"2026-06-20T08:06:54.436Z","level":"INFO","source":"frontend","module":"webrtc/sframe-transform","message":"encrypted frame","context":{"kid":9,"ctr":1,"byteLength":62,"codecOffset":10}}

[90mstdout[2m | apps/validator-daemon/src/canary/__tests__/verify-loop.test.ts[2m > [22m[2mREQ-CFA-052 — pull-corroboration claim board gates the slash on a >=2-distinct quorum[2m > [22m[2ma SELF-ONLY loop FAILS CLOSED: a sustained drop is published but never reaches >=2 distinct → NO submit
[22m[39m{"timestamp":"2026-06-20T08:06:54.437Z","level":"INFO","source":"frontend","module":"webrtc/sframe-transform","message":"encrypted frame","context":{"kid":9,"ctr":2,"byteLength":62,"codecOffset":10}}

[90mstdout[2m | apps/validator-daemon/src/canary/__tests__/verify-loop.test.ts[2m > [22m[2mREQ-CFA-052 — pull-corroboration claim board gates the slash on a >=2-distinct quorum[2m > [22m[2ma SELF-ONLY loop FAILS CLOSED: a sustained drop is published but never reaches >=2 distinct → NO submit
[22m[39m{"timestamp":"2026-06-20T08:06:54.437Z","level":"INFO","source":"frontend","module":"webrtc/sframe-transform","message":"encrypted frame","context":{"kid":9,"ctr":3,"byteLength":62,"codecOffset":10}}

[90mstdout[2m | apps/validator-daemon/src/canary/__tests__/verify-loop.test.ts[2m > [22m[2mREQ-CFA-052 — pull-corroboration claim board gates the slash on a >=2-distinct quorum[2m > [22m[2ma SELF-ONLY loop FAILS CLOSED: a sustained drop is published but never reaches >=2 distinct → NO submit
[22m[39m{"timestamp":"2026-06-20T08:06:54.437Z","level":"INFO","source":"frontend","module":"webrtc/sframe-transform","message":"encrypted frame","context":{"kid":9,"ctr":4,"byteLength":62,"codecOffset":10}}

[90mstdout[2m | apps/validator-daemon/src/canary/__tests__/verify-loop.test.ts[2m > [22m[2mREQ-CFA-052 — pull-corroboration claim board gates the slash on a >=2-distinct quorum[2m > [22m[2ma SELF-ONLY loop FAILS CLOSED: a sustained drop is published but never reaches >=2 distinct → NO submit
[22m[39m{"timestamp":"2026-06-20T08:06:54.438Z","level":"INFO","source":"frontend","module":"webrtc/sframe-transform","message":"encrypted frame","context":{"kid":9,"ctr":5,"byteLength":62,"codecOffset":10}}

[90mstdout[2m | apps/validator-daemon/src/canary/__tests__/verify-loop.test.ts[2m > [22m[2mREQ-CFA-052 — pull-corroboration claim board gates the slash on a >=2-distinct quorum[2m > [22m[2ma SELF-ONLY loop FAILS CLOSED: a sustained drop is published but never reaches >=2 distinct → NO submit
[22m[39m{"timestamp":"2026-06-20T08:06:54.438Z","level":"INFO","source":"frontend","module":"webrtc/sframe-transform","message":"encrypted frame","context":{"kid":9,"ctr":6,"byteLength":62,"codecOffset":10}}

[90mstdout[2m | apps/validator-daemon/src/canary/__tests__/verify-loop.test.ts[2m > [22m[2mREQ-CFA-052 — pull-corroboration claim board gates the slash on a >=2-distinct quorum[2m > [22m[2ma SELF-ONLY loop FAILS CLOSED: a sustained drop is published but never reaches >=2 distinct → NO submit
[22m[39m{"timestamp":"2026-06-20T08:06:54.438Z","level":"INFO","source":"frontend","module":"webrtc/sframe-transform","message":"encrypted frame","context":{"kid":9,"ctr":7,"byteLength":62,"codecOffset":10}}

{"level":30,"time":1781942814439,"pid":39960,"hostname":"Quang","name":"canary/verifier","canaryKid":9,"mediaPackets":7,"byteIdentical":7,"divergences":1,"msg":"canary forwarding verified"}
[90mstdout[2m | apps/validator-daemon/src/canary/__tests__/verify-loop.test.ts[2m > [22m[2mREQ-CFA-052 — pull-corroboration claim board gates the slash on a >=2-distinct quorum[2m > [22m[2ma SELF-ONLY loop FAILS CLOSED: a sustained drop is published but never reaches >=2 distinct → NO submit
[22m[39m{"timestamp":"2026-06-20T08:06:54.439Z","level":"INFO","source":"frontend","module":"webrtc/sframe-transform","message":"encrypted frame","context":{"kid":9,"ctr":0,"byteLength":62,"codecOffset":10}}

[90mstdout[2m | apps/validator-daemon/src/canary/__tests__/verify-loop.test.ts[2m > [22m[2mREQ-CFA-052 — pull-corroboration claim board gates the slash on a >=2-distinct quorum[2m > [22m[2ma SELF-ONLY loop FAILS CLOSED: a sustained drop is published but never reaches >=2 distinct → NO submit
[22m[39m{"timestamp":"2026-06-20T08:06:54.439Z","level":"INFO","source":"frontend","module":"webrtc/sframe-transform","message":"encrypted frame","context":{"kid":9,"ctr":1,"byteLength":62,"codecOffset":10}}

[90mstdout[2m | apps/validator-daemon/src/canary/__tests__/verify-loop.test.ts[2m > [22m[2mREQ-CFA-052 — pull-corroboration claim board gates the slash on a >=2-distinct quorum[2m > [22m[2ma SELF-ONLY loop FAILS CLOSED: a sustained drop is published but never reaches >=2 distinct → NO submit
[22m[39m{"timestamp":"2026-06-20T08:06:54.440Z","level":"INFO","source":"frontend","module":"webrtc/sframe-transform","message":"encrypted frame","context":{"kid":9,"ctr":2,"byteLength":62,"codecOffset":10}}

[90mstdout[2m | apps/validator-daemon/src/canary/__tests__/verify-loop.test.ts[2m > [22m[2mREQ-CFA-052 — pull-corroboration claim board gates the slash on a >=2-distinct quorum[2m > [22m[2ma SELF-ONLY loop FAILS CLOSED: a sustained drop is published but never reaches >=2 distinct → NO submit
[22m[39m{"timestamp":"2026-06-20T08:06:54.440Z","level":"INFO","source":"frontend","module":"webrtc/sframe-transform","message":"encrypted frame","context":{"kid":9,"ctr":3,"byteLength":62,"codecOffset":10}}

[90mstdout[2m | apps/validator-daemon/src/canary/__tests__/verify-loop.test.ts[2m > [22m[2mREQ-CFA-052 — pull-corroboration claim board gates the slash on a >=2-distinct quorum[2m > [22m[2ma SELF-ONLY loop FAILS CLOSED: a sustained drop is published but never reaches >=2 distinct → NO submit
[22m[39m{"timestamp":"2026-06-20T08:06:54.440Z","level":"INFO","source":"frontend","module":"webrtc/sframe-transform","message":"encrypted frame","context":{"kid":9,"ctr":4,"byteLength":62,"codecOffset":10}}

[90mstdout[2m | apps/validator-daemon/src/canary/__tests__/verify-loop.test.ts[2m > [22m[2mREQ-CFA-052 — pull-corroboration claim board gates the slash on a >=2-distinct quorum[2m > [22m[2ma SELF-ONLY loop FAILS CLOSED: a sustained drop is published but never reaches >=2 distinct → NO submit
[22m[39m{"timestamp":"2026-06-20T08:06:54.441Z","level":"INFO","source":"frontend","module":"webrtc/sframe-transform","message":"encrypted frame","context":{"kid":9,"ctr":5,"byteLength":62,"codecOffset":10}}

[90mstdout[2m | apps/validator-daemon/src/canary/__tests__/verify-loop.test.ts[2m > [22m[2mREQ-CFA-052 — pull-corroboration claim board gates the slash on a >=2-distinct quorum[2m > [22m[2ma SELF-ONLY loop FAILS CLOSED: a sustained drop is published but never reaches >=2 distinct → NO submit
[22m[39m{"timestamp":"2026-06-20T08:06:54.441Z","level":"INFO","source":"frontend","module":"webrtc/sframe-transform","message":"encrypted frame","context":{"kid":9,"ctr":6,"byteLength":62,"codecOffset":10}}

[90mstdout[2m | apps/validator-daemon/src/canary/__tests__/verify-loop.test.ts[2m > [22m[2mREQ-CFA-052 — pull-corroboration claim board gates the slash on a >=2-distinct quorum[2m > [22m[2ma SELF-ONLY loop FAILS CLOSED: a sustained drop is published but never reaches >=2 distinct → NO submit
[22m[39m{"timestamp":"2026-06-20T08:06:54.442Z","level":"INFO","source":"frontend","module":"webrtc/sframe-transform","message":"encrypted frame","context":{"kid":9,"ctr":7,"byteLength":62,"codecOffset":10}}

{"level":30,"time":1781942814442,"pid":39960,"hostname":"Quang","name":"canary/verifier","canaryKid":9,"mediaPackets":7,"byteIdentical":7,"divergences":1,"msg":"canary forwarding verified"}
{"level":30,"time":1781942814442,"pid":39960,"hostname":"Quang","name":"canary/loss-classifier","relayMinerId":"relay-under-audit","promoted":1,"absorbed":0,"tampers":0,"cumulativeCrossed":true,"msg":"canary divergences classified (drop gate / tamper p=1)"}
{"level":30,"time":1781942814443,"pid":39960,"hostname":"Quang","name":"canary/verify-loop","round":6,"relayMinerId":"relay-under-audit","roomId":"verify-loop-room","perReceiver":2,"promoted":1,"absorbed":0,"stunLossBps":"0","msg":"canary verify round classified (hermetic half — synthetic capture, STUN read live)"}
[90mstdout[2m | apps/validator-daemon/src/canary/__tests__/verify-loop.test.ts[2m > [22m[2mREQ-CFA-052 — pull-corroboration claim board gates the slash on a >=2-distinct quorum[2m > [22m[2ma SINGLE-receiver drop is NOT correlated (k=2 SECONDARY not met) → never even promoted
[22m[39m{"timestamp":"2026-06-20T08:06:54.446Z","level":"INFO","source":"frontend","module":"webrtc/sframe-transform","message":"encrypted frame","context":{"kid":9,"ctr":0,"byteLength":62,"codecOffset":10}}

[90mstdout[2m | apps/validator-daemon/src/canary/__tests__/verify-loop.test.ts[2m > [22m[2mREQ-CFA-052 — pull-corroboration claim board gates the slash on a >=2-distinct quorum[2m > [22m[2ma SINGLE-receiver drop is NOT correlated (k=2 SECONDARY not met) → never even promoted
[22m[39m{"timestamp":"2026-06-20T08:06:54.446Z","level":"INFO","source":"frontend","module":"webrtc/sframe-transform","message":"encrypted frame","context":{"kid":9,"ctr":1,"byteLength":62,"codecOffset":10}}

[90mstdout[2m | apps/validator-daemon/src/canary/__tests__/verify-loop.test.ts[2m > [22m[2mREQ-CFA-052 — pull-corroboration claim board gates the slash on a >=2-distinct quorum[2m > [22m[2ma SINGLE-receiver drop is NOT correlated (k=2 SECONDARY not met) → never even promoted
[22m[39m{"timestamp":"2026-06-20T08:06:54.447Z","level":"INFO","source":"frontend","module":"webrtc/sframe-transform","message":"encrypted frame","context":{"kid":9,"ctr":2,"byteLength":62,"codecOffset":10}}

[90mstdout[2m | apps/validator-daemon/src/canary/__tests__/verify-loop.test.ts[2m > [22m[2mREQ-CFA-052 — pull-corroboration claim board gates the slash on a >=2-distinct quorum[2m > [22m[2ma SINGLE-receiver drop is NOT correlated (k=2 SECONDARY not met) → never even promoted
[22m[39m{"timestamp":"2026-06-20T08:06:54.447Z","level":"INFO","source":"frontend","module":"webrtc/sframe-transform","message":"encrypted frame","context":{"kid":9,"ctr":3,"byteLength":62,"codecOffset":10}}

[90mstdout[2m | apps/validator-daemon/src/canary/__tests__/verify-loop.test.ts[2m > [22m[2mREQ-CFA-052 — pull-corroboration claim board gates the slash on a >=2-distinct quorum[2m > [22m[2ma SINGLE-receiver drop is NOT correlated (k=2 SECONDARY not met) → never even promoted
[22m[39m{"timestamp":"2026-06-20T08:06:54.447Z","level":"INFO","source":"frontend","module":"webrtc/sframe-transform","message":"encrypted frame","context":{"kid":9,"ctr":4,"byteLength":62,"codecOffset":10}}

[90mstdout[2m | apps/validator-daemon/src/canary/__tests__/verify-loop.test.ts[2m > [22m[2mREQ-CFA-052 — pull-corroboration claim board gates the slash on a >=2-distinct quorum[2m > [22m[2ma SINGLE-receiver drop is NOT correlated (k=2 SECONDARY not met) → never even promoted
[22m[39m{"timestamp":"2026-06-20T08:06:54.448Z","level":"INFO","source":"frontend","module":"webrtc/sframe-transform","message":"encrypted frame","context":{"kid":9,"ctr":6,"byteLength":62,"codecOffset":10}}

[90mstdout[2m | apps/validator-daemon/src/canary/__tests__/verify-loop.test.ts[2m > [22m[2mREQ-CFA-052 — pull-corroboration claim board gates the slash on a >=2-distinct quorum[2m > [22m[2ma SINGLE-receiver drop is NOT correlated (k=2 SECONDARY not met) → never even promoted
[22m[39m{"timestamp":"2026-06-20T08:06:54.448Z","level":"INFO","source":"frontend","module":"webrtc/sframe-transform","message":"encrypted frame","context":{"kid":9,"ctr":7,"byteLength":62,"codecOffset":10}}

[90mstdout[2m | apps/validator-daemon/src/canary/__tests__/verify-loop.test.ts[2m > [22m[2mREQ-CFA-052 — pull-corroboration claim board gates the slash on a >=2-distinct quorum[2m > [22m[2ma SINGLE-receiver drop is NOT correlated (k=2 SECONDARY not met) → never even promoted
[22m[39m{"timestamp":"2026-06-20T08:06:54.448Z","level":"INFO","source":"frontend","module":"webrtc/sframe-transform","message":"encrypted frame","context":{"kid":9,"ctr":0,"byteLength":62,"codecOffset":10}}

[90mstdout[2m | apps/validator-daemon/src/canary/__tests__/verify-loop.test.ts[2m > [22m[2mREQ-CFA-052 — pull-corroboration claim board gates the slash on a >=2-distinct quorum[2m > [22m[2ma SINGLE-receiver drop is NOT correlated (k=2 SECONDARY not met) → never even promoted
[22m[39m{"timestamp":"2026-06-20T08:06:54.449Z","level":"INFO","source":"frontend","module":"webrtc/sframe-transform","message":"encrypted frame","context":{"kid":9,"ctr":1,"byteLength":62,"codecOffset":10}}

[90mstdout[2m | apps/validator-daemon/src/canary/__tests__/verify-loop.test.ts[2m > [22m[2mREQ-CFA-052 — pull-corroboration claim board gates the slash on a >=2-distinct quorum[2m > [22m[2ma SINGLE-receiver drop is NOT correlated (k=2 SECONDARY not met) → never even promoted
[22m[39m{"timestamp":"2026-06-20T08:06:54.449Z","level":"INFO","source":"frontend","module":"webrtc/sframe-transform","message":"encrypted frame","context":{"kid":9,"ctr":2,"byteLength":62,"codecOffset":10}}

[90mstdout[2m | apps/validator-daemon/src/canary/__tests__/verify-loop.test.ts[2m > [22m[2mREQ-CFA-052 — pull-corroboration claim board gates the slash on a >=2-distinct quorum[2m > [22m[2ma SINGLE-receiver drop is NOT correlated (k=2 SECONDARY not met) → never even promoted
[22m[39m{"timestamp":"2026-06-20T08:06:54.449Z","level":"INFO","source":"frontend","module":"webrtc/sframe-transform","message":"encrypted frame","context":{"kid":9,"ctr":3,"byteLength":62,"codecOffset":10}}

[90mstdout[2m | apps/validator-daemon/src/canary/__tests__/verify-loop.test.ts[2m > [22m[2mREQ-CFA-052 — pull-corroboration claim board gates the slash on a >=2-distinct quorum[2m > [22m[2ma SINGLE-receiver drop is NOT correlated (k=2 SECONDARY not met) → never even promoted
[22m[39m{"timestamp":"2026-06-20T08:06:54.450Z","level":"INFO","source":"frontend","module":"webrtc/sframe-transform","message":"encrypted frame","context":{"kid":9,"ctr":4,"byteLength":62,"codecOffset":10}}

[90mstdout[2m | apps/validator-daemon/src/canary/__tests__/verify-loop.test.ts[2m > [22m[2mREQ-CFA-052 — pull-corroboration claim board gates the slash on a >=2-distinct quorum[2m > [22m[2ma SINGLE-receiver drop is NOT correlated (k=2 SECONDARY not met) → never even promoted
[22m[39m{"timestamp":"2026-06-20T08:06:54.450Z","level":"INFO","source":"frontend","module":"webrtc/sframe-transform","message":"encrypted frame","context":{"kid":9,"ctr":5,"byteLength":62,"codecOffset":10}}

[90mstdout[2m | apps/validator-daemon/src/canary/__tests__/verify-loop.test.ts[2m > [22m[2mREQ-CFA-052 — pull-corroboration claim board gates the slash on a >=2-distinct quorum[2m > [22m[2ma SINGLE-receiver drop is NOT correlated (k=2 SECONDARY not met) → never even promoted
[22m[39m{"timestamp":"2026-06-20T08:06:54.451Z","level":"INFO","source":"frontend","module":"webrtc/sframe-transform","message":"encrypted frame","context":{"kid":9,"ctr":6,"byteLength":62,"codecOffset":10}}

[90mstdout[2m | apps/validator-daemon/src/canary/__tests__/verify-loop.test.ts[2m > [22m[2mREQ-CFA-052 — pull-corroboration claim board gates the slash on a >=2-distinct quorum[2m > [22m[2ma SINGLE-receiver drop is NOT correlated (k=2 SECONDARY not met) → never even promoted
[22m[39m{"timestamp":"2026-06-20T08:06:54.451Z","level":"INFO","source":"frontend","module":"webrtc/sframe-transform","message":"encrypted frame","context":{"kid":9,"ctr":7,"byteLength":62,"codecOffset":10}}

[90mstdout[2m | apps/validator-daemon/src/canary/__tests__/verify-loop.test.ts[2m > [22m[2mREQ-CFA-052 — pull-corroboration claim board gates the slash on a >=2-distinct quorum[2m > [22m[2ma SINGLE-receiver drop is NOT correlated (k=2 SECONDARY not met) → never even promoted
[22m[39m{"timestamp":"2026-06-20T08:06:54.451Z","level":"INFO","source":"frontend","module":"webrtc/sframe-transform","message":"encrypted frame","context":{"kid":9,"ctr":0,"byteLength":62,"codecOffset":10}}

[90mstdout[2m | apps/validator-daemon/src/canary/__tests__/verify-loop.test.ts[2m > [22m[2mREQ-CFA-052 — pull-corroboration claim board gates the slash on a >=2-distinct quorum[2m > [22m[2ma SINGLE-receiver drop is NOT correlated (k=2 SECONDARY not met) → never even promoted
[22m[39m{"timestamp":"2026-06-20T08:06:54.452Z","level":"INFO","source":"frontend","module":"webrtc/sframe-transform","message":"encrypted frame","context":{"kid":9,"ctr":1,"byteLength":62,"codecOffset":10}}

[90mstdout[2m | apps/validator-daemon/src/canary/__tests__/verify-loop.test.ts[2m > [22m[2mREQ-CFA-052 — pull-corroboration claim board gates the slash on a >=2-distinct quorum[2m > [22m[2ma SINGLE-receiver drop is NOT correlated (k=2 SECONDARY not met) → never even promoted
[22m[39m{"timestamp":"2026-06-20T08:06:54.452Z","level":"INFO","source":"frontend","module":"webrtc/sframe-transform","message":"encrypted frame","context":{"kid":9,"ctr":2,"byteLength":62,"codecOffset":10}}

[90mstdout[2m | apps/validator-daemon/src/canary/__tests__/verify-loop.test.ts[2m > [22m[2mREQ-CFA-052 — pull-corroboration claim board gates the slash on a >=2-distinct quorum[2m > [22m[2ma SINGLE-receiver drop is NOT correlated (k=2 SECONDARY not met) → never even promoted
[22m[39m{"timestamp":"2026-06-20T08:06:54.452Z","level":"INFO","source":"frontend","module":"webrtc/sframe-transform","message":"encrypted frame","context":{"kid":9,"ctr":3,"byteLength":62,"codecOffset":10}}

[90mstdout[2m | apps/validator-daemon/src/canary/__tests__/verify-loop.test.ts[2m > [22m[2mREQ-CFA-052 — pull-corroboration claim board gates the slash on a >=2-distinct quorum[2m > [22m[2ma SINGLE-receiver drop is NOT correlated (k=2 SECONDARY not met) → never even promoted
[22m[39m{"timestamp":"2026-06-20T08:06:54.453Z","level":"INFO","source":"frontend","module":"webrtc/sframe-transform","message":"encrypted frame","context":{"kid":9,"ctr":4,"byteLength":62,"codecOffset":10}}

[90mstdout[2m | apps/validator-daemon/src/canary/__tests__/verify-loop.test.ts[2m > [22m[2mREQ-CFA-052 — pull-corroboration claim board gates the slash on a >=2-distinct quorum[2m > [22m[2ma SINGLE-receiver drop is NOT correlated (k=2 SECONDARY not met) → never even promoted
[22m[39m{"timestamp":"2026-06-20T08:06:54.453Z","level":"INFO","source":"frontend","module":"webrtc/sframe-transform","message":"encrypted frame","context":{"kid":9,"ctr":5,"byteLength":62,"codecOffset":10}}

[90mstdout[2m | apps/validator-daemon/src/canary/__tests__/verify-loop.test.ts[2m > [22m[2mREQ-CFA-052 — pull-corroboration claim board gates the slash on a >=2-distinct quorum[2m > [22m[2ma SINGLE-receiver drop is NOT correlated (k=2 SECONDARY not met) → never even promoted
[22m[39m{"timestamp":"2026-06-20T08:06:54.454Z","level":"INFO","source":"frontend","module":"webrtc/sframe-transform","message":"encrypted frame","context":{"kid":9,"ctr":6,"byteLength":62,"codecOffset":10}}

[90mstdout[2m | apps/validator-daemon/src/canary/__tests__/verify-loop.test.ts[2m > [22m[2mREQ-CFA-052 — pull-corroboration claim board gates the slash on a >=2-distinct quorum[2m > [22m[2ma SINGLE-receiver drop is NOT correlated (k=2 SECONDARY not met) → never even promoted
[22m[39m{"timestamp":"2026-06-20T08:06:54.454Z","level":"INFO","source":"frontend","module":"webrtc/sframe-transform","message":"encrypted frame","context":{"kid":9,"ctr":7,"byteLength":62,"codecOffset":10}}

{"level":30,"time":1781942814454,"pid":39960,"hostname":"Quang","name":"canary/verifier","canaryKid":9,"mediaPackets":7,"byteIdentical":7,"divergences":1,"msg":"canary forwarding verified"}
[90mstdout[2m | apps/validator-daemon/src/canary/__tests__/verify-loop.test.ts[2m > [22m[2mREQ-CFA-052 — pull-corroboration claim board gates the slash on a >=2-distinct quorum[2m > [22m[2ma SINGLE-receiver drop is NOT correlated (k=2 SECONDARY not met) → never even promoted
[22m[39m{"timestamp":"2026-06-20T08:06:54.455Z","level":"INFO","source":"frontend","module":"webrtc/sframe-transform","message":"encrypted frame","context":{"kid":9,"ctr":0,"byteLength":62,"codecOffset":10}}

[90mstdout[2m | apps/validator-daemon/src/canary/__tests__/verify-loop.test.ts[2m > [22m[2mREQ-CFA-052 — pull-corroboration claim board gates the slash on a >=2-distinct quorum[2m > [22m[2ma SINGLE-receiver drop is NOT correlated (k=2 SECONDARY not met) → never even promoted
[22m[39m{"timestamp":"2026-06-20T08:06:54.455Z","level":"INFO","source":"frontend","module":"webrtc/sframe-transform","message":"encrypted frame","context":{"kid":9,"ctr":1,"byteLength":62,"codecOffset":10}}

[90mstdout[2m | apps/validator-daemon/src/canary/__tests__/verify-loop.test.ts[2m > [22m[2mREQ-CFA-052 — pull-corroboration claim board gates the slash on a >=2-distinct quorum[2m > [22m[2ma SINGLE-receiver drop is NOT correlated (k=2 SECONDARY not met) → never even promoted
[22m[39m{"timestamp":"2026-06-20T08:06:54.455Z","level":"INFO","source":"frontend","module":"webrtc/sframe-transform","message":"encrypted frame","context":{"kid":9,"ctr":2,"byteLength":62,"codecOffset":10}}

[90mstdout[2m | apps/validator-daemon/src/canary/__tests__/verify-loop.test.ts[2m > [22m[2mREQ-CFA-052 — pull-corroboration claim board gates the slash on a >=2-distinct quorum[2m > [22m[2ma SINGLE-receiver drop is NOT correlated (k=2 SECONDARY not met) → never even promoted
[22m[39m{"timestamp":"2026-06-20T08:06:54.456Z","level":"INFO","source":"frontend","module":"webrtc/sframe-transform","message":"encrypted frame","context":{"kid":9,"ctr":3,"byteLength":62,"codecOffset":10}}

[90mstdout[2m | apps/validator-daemon/src/canary/__tests__/verify-loop.test.ts[2m > [22m[2mREQ-CFA-052 — pull-corroboration claim board gates the slash on a >=2-distinct quorum[2m > [22m[2ma SINGLE-receiver drop is NOT correlated (k=2 SECONDARY not met) → never even promoted
[22m[39m{"timestamp":"2026-06-20T08:06:54.456Z","level":"INFO","source":"frontend","module":"webrtc/sframe-transform","message":"encrypted frame","context":{"kid":9,"ctr":4,"byteLength":62,"codecOffset":10}}

[90mstdout[2m | apps/validator-daemon/src/canary/__tests__/verify-loop.test.ts[2m > [22m[2mREQ-CFA-052 — pull-corroboration claim board gates the slash on a >=2-distinct quorum[2m > [22m[2ma SINGLE-receiver drop is NOT correlated (k=2 SECONDARY not met) → never even promoted
[22m[39m{"timestamp":"2026-06-20T08:06:54.457Z","level":"INFO","source":"frontend","module":"webrtc/sframe-transform","message":"encrypted frame","context":{"kid":9,"ctr":5,"byteLength":62,"codecOffset":10}}

[90mstdout[2m | apps/validator-daemon/src/canary/__tests__/verify-loop.test.ts[2m > [22m[2mREQ-CFA-052 — pull-corroboration claim board gates the slash on a >=2-distinct quorum[2m > [22m[2ma SINGLE-receiver drop is NOT correlated (k=2 SECONDARY not met) → never even promoted
[22m[39m{"timestamp":"2026-06-20T08:06:54.458Z","level":"INFO","source":"frontend","module":"webrtc/sframe-transform","message":"encrypted frame","context":{"kid":9,"ctr":6,"byteLength":62,"codecOffset":10}}

[90mstdout[2m | apps/validator-daemon/src/canary/__tests__/verify-loop.test.ts[2m > [22m[2mREQ-CFA-052 — pull-corroboration claim board gates the slash on a >=2-distinct quorum[2m > [22m[2ma SINGLE-receiver drop is NOT correlated (k=2 SECONDARY not met) → never even promoted
[22m[39m{"timestamp":"2026-06-20T08:06:54.458Z","level":"INFO","source":"frontend","module":"webrtc/sframe-transform","message":"encrypted frame","context":{"kid":9,"ctr":7,"byteLength":62,"codecOffset":10}}

{"level":30,"time":1781942814458,"pid":39960,"hostname":"Quang","name":"canary/verifier","canaryKid":9,"mediaPackets":8,"byteIdentical":8,"divergences":0,"msg":"canary forwarding verified"}
{"level":30,"time":1781942814458,"pid":39960,"hostname":"Quang","name":"canary/verify-loop","round":0,"relayMinerId":"relay-under-audit","roomId":"verify-loop-room","perReceiver":2,"promoted":0,"absorbed":1,"stunLossBps":"0","msg":"canary verify round classified (hermetic half — synthetic capture, STUN read live)"}
{"level":30,"time":1781942814458,"pid":39960,"hostname":"Quang","name":"canary/loss-classifier","relayMinerId":"relay-under-audit","promoted":0,"absorbed":1,"tampers":0,"cumulativeCrossed":false,"msg":"canary divergences classified (drop gate / tamper p=1)"}
 [32m✓[39m apps/validator-daemon/src/__tests__/graceful-shutdown-wiring.test.ts [2m([22m[2m7 tests[22m[2m)[22m[32m 11[2mms[22m[39m
[90mstdout[2m | apps/validator-daemon/src/canary/__tests__/verify-loop.test.ts[2m > [22m[2mREQ-CFA-052 — pull-corroboration claim board gates the slash on a >=2-distinct quorum[2m > [22m[2ma SINGLE-receiver drop is NOT correlated (k=2 SECONDARY not met) → never even promoted
[22m[39m{"timestamp":"2026-06-20T08:06:54.459Z","level":"INFO","source":"frontend","module":"webrtc/sframe-transform","message":"encrypted frame","context":{"kid":9,"ctr":0,"byteLength":62,"codecOffset":10}}

[90mstdout[2m | apps/validator-daemon/src/canary/__tests__/verify-loop.test.ts[2m > [22m[2mREQ-CFA-052 — pull-corroboration claim board gates the slash on a >=2-distinct quorum[2m > [22m[2ma SINGLE-receiver drop is NOT correlated (k=2 SECONDARY not met) → never even promoted
[22m[39m{"timestamp":"2026-06-20T08:06:54.460Z","level":"INFO","source":"frontend","module":"webrtc/sframe-transform","message":"encrypted frame","context":{"kid":9,"ctr":1,"byteLength":62,"codecOffset":10}}

[90mstdout[2m | apps/validator-daemon/src/canary/__tests__/verify-loop.test.ts[2m > [22m[2mREQ-CFA-052 — pull-corroboration claim board gates the slash on a >=2-distinct quorum[2m > [22m[2ma SINGLE-receiver drop is NOT correlated (k=2 SECONDARY not met) → never even promoted
[22m[39m{"timestamp":"2026-06-20T08:06:54.460Z","level":"INFO","source":"frontend","module":"webrtc/sframe-transform","message":"encrypted frame","context":{"kid":9,"ctr":2,"byteLength":62,"codecOffset":10}}

[90mstdout[2m | apps/validator-daemon/src/canary/__tests__/verify-loop.test.ts[2m > [22m[2mREQ-CFA-052 — pull-corroboration claim board gates the slash on a >=2-distinct quorum[2m > [22m[2ma SINGLE-receiver drop is NOT correlated (k=2 SECONDARY not met) → never even promoted
[22m[39m{"timestamp":"2026-06-20T08:06:54.460Z","level":"INFO","source":"frontend","module":"webrtc/sframe-transform","message":"encrypted frame","context":{"kid":9,"ctr":3,"byteLength":62,"codecOffset":10}}

[90mstdout[2m | apps/validator-daemon/src/canary/__tests__/verify-loop.test.ts[2m > [22m[2mREQ-CFA-052 — pull-corroboration claim board gates the slash on a >=2-distinct quorum[2m > [22m[2ma SINGLE-receiver drop is NOT correlated (k=2 SECONDARY not met) → never even promoted
[22m[39m{"timestamp":"2026-06-20T08:06:54.461Z","level":"INFO","source":"frontend","module":"webrtc/sframe-transform","message":"encrypted frame","context":{"kid":9,"ctr":4,"byteLength":62,"codecOffset":10}}

[90mstdout[2m | apps/validator-daemon/src/canary/__tests__/verify-loop.test.ts[2m > [22m[2mREQ-CFA-052 — pull-corroboration claim board gates the slash on a >=2-distinct quorum[2m > [22m[2ma SINGLE-receiver drop is NOT correlated (k=2 SECONDARY not met) → never even promoted
[22m[39m{"timestamp":"2026-06-20T08:06:54.461Z","level":"INFO","source":"frontend","module":"webrtc/sframe-transform","message":"encrypted frame","context":{"kid":9,"ctr":6,"byteLength":62,"codecOffset":10}}

[90mstdout[2m | apps/validator-daemon/src/canary/__tests__/verify-loop.test.ts[2m > [22m[2mREQ-CFA-052 — pull-corroboration claim board gates the slash on a >=2-distinct quorum[2m > [22m[2ma SINGLE-receiver drop is NOT correlated (k=2 SECONDARY not met) → never even promoted
[22m[39m{"timestamp":"2026-06-20T08:06:54.461Z","level":"INFO","source":"frontend","module":"webrtc/sframe-transform","message":"encrypted frame","context":{"kid":9,"ctr":7,"byteLength":62,"codecOffset":10}}

[90mstdout[2m | apps/validator-daemon/src/canary/__tests__/verify-loop.test.ts[2m > [22m[2mREQ-CFA-052 — pull-corroboration claim board gates the slash on a >=2-distinct quorum[2m > [22m[2ma SINGLE-receiver drop is NOT correlated (k=2 SECONDARY not met) → never even promoted
[22m[39m{"timestamp":"2026-06-20T08:06:54.462Z","level":"INFO","source":"frontend","module":"webrtc/sframe-transform","message":"encrypted frame","context":{"kid":9,"ctr":0,"byteLength":62,"codecOffset":10}}

[90mstdout[2m | apps/validator-daemon/src/canary/__tests__/verify-loop.test.ts[2m > [22m[2mREQ-CFA-052 — pull-corroboration claim board gates the slash on a >=2-distinct quorum[2m > [22m[2ma SINGLE-receiver drop is NOT correlated (k=2 SECONDARY not met) → never even promoted
[22m[39m{"timestamp":"2026-06-20T08:06:54.462Z","level":"INFO","source":"frontend","module":"webrtc/sframe-transform","message":"encrypted frame","context":{"kid":9,"ctr":1,"byteLength":62,"codecOffset":10}}

[90mstdout[2m | apps/validator-daemon/src/canary/__tests__/verify-loop.test.ts[2m > [22m[2mREQ-CFA-052 — pull-corroboration claim board gates the slash on a >=2-distinct quorum[2m > [22m[2ma SINGLE-receiver drop is NOT correlated (k=2 SECONDARY not met) → never even promoted
[22m[39m{"timestamp":"2026-06-20T08:06:54.462Z","level":"INFO","source":"frontend","module":"webrtc/sframe-transform","message":"encrypted frame","context":{"kid":9,"ctr":2,"byteLength":62,"codecOffset":10}}

[90mstdout[2m | apps/validator-daemon/src/canary/__tests__/verify-loop.test.ts[2m > [22m[2mREQ-CFA-052 — pull-corroboration claim board gates the slash on a >=2-distinct quorum[2m > [22m[2ma SINGLE-receiver drop is NOT correlated (k=2 SECONDARY not met) → never even promoted
[22m[39m{"timestamp":"2026-06-20T08:06:54.463Z","level":"INFO","source":"frontend","module":"webrtc/sframe-transform","message":"encrypted frame","context":{"kid":9,"ctr":3,"byteLength":62,"codecOffset":10}}

[90mstdout[2m | apps/validator-daemon/src/canary/__tests__/verify-loop.test.ts[2m > [22m[2mREQ-CFA-052 — pull-corroboration claim board gates the slash on a >=2-distinct quorum[2m > [22m[2ma SINGLE-receiver drop is NOT correlated (k=2 SECONDARY not met) → never even promoted
[22m[39m{"timestamp":"2026-06-20T08:06:54.463Z","level":"INFO","source":"frontend","module":"webrtc/sframe-transform","message":"encrypted frame","context":{"kid":9,"ctr":4,"byteLength":62,"codecOffset":10}}

[90mstdout[2m | apps/validator-daemon/src/canary/__tests__/verify-loop.test.ts[2m > [22m[2mREQ-CFA-052 — pull-corroboration claim board gates the slash on a >=2-distinct quorum[2m > [22m[2ma SINGLE-receiver drop is NOT correlated (k=2 SECONDARY not met) → never even promoted
[22m[39m{"timestamp":"2026-06-20T08:06:54.463Z","level":"INFO","source":"frontend","module":"webrtc/sframe-transform","message":"encrypted frame","context":{"kid":9,"ctr":5,"byteLength":62,"codecOffset":10}}

[90mstdout[2m | apps/validator-daemon/src/canary/__tests__/verify-loop.test.ts[2m > [22m[2mREQ-CFA-052 — pull-corroboration claim board gates the slash on a >=2-distinct quorum[2m > [22m[2ma SINGLE-receiver drop is NOT correlated (k=2 SECONDARY not met) → never even promoted
[22m[39m{"timestamp":"2026-06-20T08:06:54.464Z","level":"INFO","source":"frontend","module":"webrtc/sframe-transform","message":"encrypted frame","context":{"kid":9,"ctr":6,"byteLength":62,"codecOffset":10}}

[90mstdout[2m | apps/validator-daemon/src/canary/__tests__/verify-loop.test.ts[2m > [22m[2mREQ-CFA-052 — pull-corroboration claim board gates the slash on a >=2-distinct quorum[2m > [22m[2ma SINGLE-receiver drop is NOT correlated (k=2 SECONDARY not met) → never even promoted
[22m[39m{"timestamp":"2026-06-20T08:06:54.464Z","level":"INFO","source":"frontend","module":"webrtc/sframe-transform","message":"encrypted frame","context":{"kid":9,"ctr":7,"byteLength":62,"codecOffset":10}}

[90mstdout[2m | apps/validator-daemon/src/canary/__tests__/verify-loop.test.ts[2m > [22m[2mREQ-CFA-052 — pull-corroboration claim board gates the slash on a >=2-distinct quorum[2m > [22m[2ma SINGLE-receiver drop is NOT correlated (k=2 SECONDARY not met) → never even promoted
[22m[39m{"timestamp":"2026-06-20T08:06:54.465Z","level":"INFO","source":"frontend","module":"webrtc/sframe-transform","message":"encrypted frame","context":{"kid":9,"ctr":0,"byteLength":62,"codecOffset":10}}

[90mstdout[2m | apps/validator-daemon/src/canary/__tests__/verify-loop.test.ts[2m > [22m[2mREQ-CFA-052 — pull-corroboration claim board gates the slash on a >=2-distinct quorum[2m > [22m[2ma SINGLE-receiver drop is NOT correlated (k=2 SECONDARY not met) → never even promoted
[22m[39m{"timestamp":"2026-06-20T08:06:54.465Z","level":"INFO","source":"frontend","module":"webrtc/sframe-transform","message":"encrypted frame","context":{"kid":9,"ctr":1,"byteLength":62,"codecOffset":10}}

[90mstdout[2m | apps/validator-daemon/src/canary/__tests__/verify-loop.test.ts[2m > [22m[2mREQ-CFA-052 — pull-corroboration claim board gates the slash on a >=2-distinct quorum[2m > [22m[2ma SINGLE-receiver drop is NOT correlated (k=2 SECONDARY not met) → never even promoted
[22m[39m{"timestamp":"2026-06-20T08:06:54.466Z","level":"INFO","source":"frontend","module":"webrtc/sframe-transform","message":"encrypted frame","context":{"kid":9,"ctr":2,"byteLength":62,"codecOffset":10}}

[90mstdout[2m | apps/validator-daemon/src/canary/__tests__/verify-loop.test.ts[2m > [22m[2mREQ-CFA-052 — pull-corroboration claim board gates the slash on a >=2-distinct quorum[2m > [22m[2ma SINGLE-receiver drop is NOT correlated (k=2 SECONDARY not met) → never even promoted
[22m[39m{"timestamp":"2026-06-20T08:06:54.466Z","level":"INFO","source":"frontend","module":"webrtc/sframe-transform","message":"encrypted frame","context":{"kid":9,"ctr":3,"byteLength":62,"codecOffset":10}}

[90mstdout[2m | apps/validator-daemon/src/canary/__tests__/verify-loop.test.ts[2m > [22m[2mREQ-CFA-052 — pull-corroboration claim board gates the slash on a >=2-distinct quorum[2m > [22m[2ma SINGLE-receiver drop is NOT correlated (k=2 SECONDARY not met) → never even promoted
[22m[39m{"timestamp":"2026-06-20T08:06:54.467Z","level":"INFO","source":"frontend","module":"webrtc/sframe-transform","message":"encrypted frame","context":{"kid":9,"ctr":4,"byteLength":62,"codecOffset":10}}

[90mstdout[2m | apps/validator-daemon/src/canary/__tests__/verify-loop.test.ts[2m > [22m[2mREQ-CFA-052 — pull-corroboration claim board gates the slash on a >=2-distinct quorum[2m > [22m[2ma SINGLE-receiver drop is NOT correlated (k=2 SECONDARY not met) → never even promoted
[22m[39m{"timestamp":"2026-06-20T08:06:54.467Z","level":"INFO","source":"frontend","module":"webrtc/sframe-transform","message":"encrypted frame","context":{"kid":9,"ctr":5,"byteLength":62,"codecOffset":10}}

[90mstdout[2m | apps/validator-daemon/src/canary/__tests__/verify-loop.test.ts[2m > [22m[2mREQ-CFA-052 — pull-corroboration claim board gates the slash on a >=2-distinct quorum[2m > [22m[2ma SINGLE-receiver drop is NOT correlated (k=2 SECONDARY not met) → never even promoted
[22m[39m{"timestamp":"2026-06-20T08:06:54.467Z","level":"INFO","source":"frontend","module":"webrtc/sframe-transform","message":"encrypted frame","context":{"kid":9,"ctr":6,"byteLength":62,"codecOffset":10}}

[90mstdout[2m | apps/validator-daemon/src/canary/__tests__/verify-loop.test.ts[2m > [22m[2mREQ-CFA-052 — pull-corroboration claim board gates the slash on a >=2-distinct quorum[2m > [22m[2ma SINGLE-receiver drop is NOT correlated (k=2 SECONDARY not met) → never even promoted
[22m[39m{"timestamp":"2026-06-20T08:06:54.468Z","level":"INFO","source":"frontend","module":"webrtc/sframe-transform","message":"encrypted frame","context":{"kid":9,"ctr":7,"byteLength":62,"codecOffset":10}}

{"level":30,"time":1781942814468,"pid":39960,"hostname":"Quang","name":"canary/verifier","canaryKid":9,"mediaPackets":7,"byteIdentical":7,"divergences":1,"msg":"canary forwarding verified"}
[90mstdout[2m | apps/validator-daemon/src/canary/__tests__/verify-loop.test.ts[2m > [22m[2mREQ-CFA-052 — pull-corroboration claim board gates the slash on a >=2-distinct quorum[2m > [22m[2ma SINGLE-receiver drop is NOT correlated (k=2 SECONDARY not met) → never even promoted
[22m[39m{"timestamp":"2026-06-20T08:06:54.468Z","level":"INFO","source":"frontend","module":"webrtc/sframe-transform","message":"encrypted frame","context":{"kid":9,"ctr":0,"byteLength":62,"codecOffset":10}}

[90mstdout[2m | apps/validator-daemon/src/canary/__tests__/verify-loop.test.ts[2m > [22m[2mREQ-CFA-052 — pull-corroboration claim board gates the slash on a >=2-distinct quorum[2m > [22m[2ma SINGLE-receiver drop is NOT correlated (k=2 SECONDARY not met) → never even promoted
[22m[39m{"timestamp":"2026-06-20T08:06:54.469Z","level":"INFO","source":"frontend","module":"webrtc/sframe-transform","message":"encrypted frame","context":{"kid":9,"ctr":1,"byteLength":62,"codecOffset":10}}

[90mstdout[2m | apps/validator-daemon/src/canary/__tests__/verify-loop.test.ts[2m > [22m[2mREQ-CFA-052 — pull-corroboration claim board gates the slash on a >=2-distinct quorum[2m > [22m[2ma SINGLE-receiver drop is NOT correlated (k=2 SECONDARY not met) → never even promoted
[22m[39m{"timestamp":"2026-06-20T08:06:54.469Z","level":"INFO","source":"frontend","module":"webrtc/sframe-transform","message":"encrypted frame","context":{"kid":9,"ctr":2,"byteLength":62,"codecOffset":10}}

[90mstdout[2m | apps/validator-daemon/src/canary/__tests__/verify-loop.test.ts[2m > [22m[2mREQ-CFA-052 — pull-corroboration claim board gates the slash on a >=2-distinct quorum[2m > [22m[2ma SINGLE-receiver drop is NOT correlated (k=2 SECONDARY not met) → never even promoted
[22m[39m{"timestamp":"2026-06-20T08:06:54.470Z","level":"INFO","source":"frontend","module":"webrtc/sframe-transform","message":"encrypted frame","context":{"kid":9,"ctr":3,"byteLength":62,"codecOffset":10}}

[90mstdout[2m | apps/validator-daemon/src/canary/__tests__/verify-loop.test.ts[2m > [22m[2mREQ-CFA-052 — pull-corroboration claim board gates the slash on a >=2-distinct quorum[2m > [22m[2ma SINGLE-receiver drop is NOT correlated (k=2 SECONDARY not met) → never even promoted
[22m[39m{"timestamp":"2026-06-20T08:06:54.470Z","level":"INFO","source":"frontend","module":"webrtc/sframe-transform","message":"encrypted frame","context":{"kid":9,"ctr":4,"byteLength":62,"codecOffset":10}}

[90mstdout[2m | apps/validator-daemon/src/canary/__tests__/verify-loop.test.ts[2m > [22m[2mREQ-CFA-052 — pull-corroboration claim board gates the slash on a >=2-distinct quorum[2m > [22m[2ma SINGLE-receiver drop is NOT correlated (k=2 SECONDARY not met) → never even promoted
[22m[39m{"timestamp":"2026-06-20T08:06:54.471Z","level":"INFO","source":"frontend","module":"webrtc/sframe-transform","message":"encrypted frame","context":{"kid":9,"ctr":5,"byteLength":62,"codecOffset":10}}

[90mstdout[2m | apps/validator-daemon/src/canary/__tests__/verify-loop.test.ts[2m > [22m[2mREQ-CFA-052 — pull-corroboration claim board gates the slash on a >=2-distinct quorum[2m > [22m[2ma SINGLE-receiver drop is NOT correlated (k=2 SECONDARY not met) → never even promoted
[22m[39m{"timestamp":"2026-06-20T08:06:54.471Z","level":"INFO","source":"frontend","module":"webrtc/sframe-transform","message":"encrypted frame","context":{"kid":9,"ctr":6,"byteLength":62,"codecOffset":10}}

[90mstdout[2m | apps/validator-daemon/src/canary/__tests__/verify-loop.test.ts[2m > [22m[2mREQ-CFA-052 — pull-corroboration claim board gates the slash on a >=2-distinct quorum[2m > [22m[2ma SINGLE-receiver drop is NOT correlated (k=2 SECONDARY not met) → never even promoted
[22m[39m{"timestamp":"2026-06-20T08:06:54.472Z","level":"INFO","source":"frontend","module":"webrtc/sframe-transform","message":"encrypted frame","context":{"kid":9,"ctr":7,"byteLength":62,"codecOffset":10}}

{"level":30,"time":1781942814472,"pid":39960,"hostname":"Quang","name":"canary/verifier","canaryKid":9,"mediaPackets":8,"byteIdentical":8,"divergences":0,"msg":"canary forwarding verified"}
{"level":30,"time":1781942814472,"pid":39960,"hostname":"Quang","name":"canary/loss-classifier","relayMinerId":"relay-under-audit","promoted":0,"absorbed":1,"tampers":0,"cumulativeCrossed":false,"msg":"canary divergences classified (drop gate / tamper p=1)"}
{"level":30,"time":1781942814472,"pid":39960,"hostname":"Quang","name":"canary/verify-loop","round":1,"relayMinerId":"relay-under-audit","roomId":"verify-loop-room","perReceiver":2,"promoted":0,"absorbed":1,"stunLossBps":"0","msg":"canary verify round classified (hermetic half — synthetic capture, STUN read live)"}
[90mstdout[2m | apps/validator-daemon/src/canary/__tests__/verify-loop.test.ts[2m > [22m[2mREQ-CFA-052 — pull-corroboration claim board gates the slash on a >=2-distinct quorum[2m > [22m[2ma SINGLE-receiver drop is NOT correlated (k=2 SECONDARY not met) → never even promoted
[22m[39m{"timestamp":"2026-06-20T08:06:54.473Z","level":"INFO","source":"frontend","module":"webrtc/sframe-transform","message":"encrypted frame","context":{"kid":9,"ctr":0,"byteLength":62,"codecOffset":10}}

[90mstdout[2m | apps/validator-daemon/src/canary/__tests__/verify-loop.test.ts[2m > [22m[2mREQ-CFA-052 — pull-corroboration claim board gates the slash on a >=2-distinct quorum[2m > [22m[2ma SINGLE-receiver drop is NOT correlated (k=2 SECONDARY not met) → never even promoted
[22m[39m{"timestamp":"2026-06-20T08:06:54.473Z","level":"INFO","source":"frontend","module":"webrtc/sframe-transform","message":"encrypted frame","context":{"kid":9,"ctr":1,"byteLength":62,"codecOffset":10}}

[90mstdout[2m | apps/validator-daemon/src/canary/__tests__/verify-loop.test.ts[2m > [22m[2mREQ-CFA-052 — pull-corroboration claim board gates the slash on a >=2-distinct quorum[2m > [22m[2ma SINGLE-receiver drop is NOT correlated (k=2 SECONDARY not met) → never even promoted
[22m[39m{"timestamp":"2026-06-20T08:06:54.474Z","level":"INFO","source":"frontend","module":"webrtc/sframe-transform","message":"encrypted frame","context":{"kid":9,"ctr":2,"byteLength":62,"codecOffset":10}}

[90mstdout[2m | apps/validator-daemon/src/canary/__tests__/verify-loop.test.ts[2m > [22m[2mREQ-CFA-052 — pull-corroboration claim board gates the slash on a >=2-distinct quorum[2m > [22m[2ma SINGLE-receiver drop is NOT correlated (k=2 SECONDARY not met) → never even promoted
[22m[39m{"timestamp":"2026-06-20T08:06:54.474Z","level":"INFO","source":"frontend","module":"webrtc/sframe-transform","message":"encrypted frame","context":{"kid":9,"ctr":3,"byteLength":62,"codecOffset":10}}

[90mstdout[2m | apps/validator-daemon/src/canary/__tests__/verify-loop.test.ts[2m > [22m[2mREQ-CFA-052 — pull-corroboration claim board gates the slash on a >=2-distinct quorum[2m > [22m[2ma SINGLE-receiver drop is NOT correlated (k=2 SECONDARY not met) → never even promoted
[22m[39m{"timestamp":"2026-06-20T08:06:54.474Z","level":"INFO","source":"frontend","module":"webrtc/sframe-transform","message":"encrypted frame","context":{"kid":9,"ctr":4,"byteLength":62,"codecOffset":10}}

[90mstdout[2m | apps/validator-daemon/src/canary/__tests__/verify-loop.test.ts[2m > [22m[2mREQ-CFA-052 — pull-corroboration claim board gates the slash on a >=2-distinct quorum[2m > [22m[2ma SINGLE-receiver drop is NOT correlated (k=2 SECONDARY not met) → never even promoted
[22m[39m{"timestamp":"2026-06-20T08:06:54.474Z","level":"INFO","source":"frontend","module":"webrtc/sframe-transform","message":"encrypted frame","context":{"kid":9,"ctr":6,"byteLength":62,"codecOffset":10}}

[90mstdout[2m | apps/validator-daemon/src/canary/__tests__/verify-loop.test.ts[2m > [22m[2mREQ-CFA-052 — pull-corroboration claim board gates the slash on a >=2-distinct quorum[2m > [22m[2ma SINGLE-receiver drop is NOT correlated (k=2 SECONDARY not met) → never even promoted
[22m[39m{"timestamp":"2026-06-20T08:06:54.475Z","level":"INFO","source":"frontend","module":"webrtc/sframe-transform","message":"encrypted frame","context":{"kid":9,"ctr":7,"byteLength":62,"codecOffset":10}}

[90mstdout[2m | apps/validator-daemon/src/canary/__tests__/verify-loop.test.ts[2m > [22m[2mREQ-CFA-052 — pull-corroboration claim board gates the slash on a >=2-distinct quorum[2m > [22m[2ma SINGLE-receiver drop is NOT correlated (k=2 SECONDARY not met) → never even promoted
[22m[39m{"timestamp":"2026-06-20T08:06:54.475Z","level":"INFO","source":"frontend","module":"webrtc/sframe-transform","message":"encrypted frame","context":{"kid":9,"ctr":0,"byteLength":62,"codecOffset":10}}

[90mstdout[2m | apps/validator-daemon/src/canary/__tests__/verify-loop.test.ts[2m > [22m[2mREQ-CFA-052 — pull-corroboration claim board gates the slash on a >=2-distinct quorum[2m > [22m[2ma SINGLE-receiver drop is NOT correlated (k=2 SECONDARY not met) → never even promoted
[22m[39m{"timestamp":"2026-06-20T08:06:54.475Z","level":"INFO","source":"frontend","module":"webrtc/sframe-transform","message":"encrypted frame","context":{"kid":9,"ctr":1,"byteLength":62,"codecOffset":10}}

[90mstdout[2m | apps/validator-daemon/src/canary/__tests__/verify-loop.test.ts[2m > [22m[2mREQ-CFA-052 — pull-corroboration claim board gates the slash on a >=2-distinct quorum[2m > [22m[2ma SINGLE-receiver drop is NOT correlated (k=2 SECONDARY not met) → never even promoted
[22m[39m{"timestamp":"2026-06-20T08:06:54.476Z","level":"INFO","source":"frontend","module":"webrtc/sframe-transform","message":"encrypted frame","context":{"kid":9,"ctr":2,"byteLength":62,"codecOffset":10}}

[90mstdout[2m | apps/validator-daemon/src/canary/__tests__/verify-loop.test.ts[2m > [22m[2mREQ-CFA-052 — pull-corroboration claim board gates the slash on a >=2-distinct quorum[2m > [22m[2ma SINGLE-receiver drop is NOT correlated (k=2 SECONDARY not met) → never even promoted
[22m[39m{"timestamp":"2026-06-20T08:06:54.476Z","level":"INFO","source":"frontend","module":"webrtc/sframe-transform","message":"encrypted frame","context":{"kid":9,"ctr":3,"byteLength":62,"codecOffset":10}}

[90mstdout[2m | apps/validator-daemon/src/canary/__tests__/verify-loop.test.ts[2m > [22m[2mREQ-CFA-052 — pull-corroboration claim board gates the slash on a >=2-distinct quorum[2m > [22m[2ma SINGLE-receiver drop is NOT correlated (k=2 SECONDARY not met) → never even promoted
[22m[39m{"timestamp":"2026-06-20T08:06:54.476Z","level":"INFO","source":"frontend","module":"webrtc/sframe-transform","message":"encrypted frame","context":{"kid":9,"ctr":4,"byteLength":62,"codecOffset":10}}

[90mstdout[2m | apps/validator-daemon/src/canary/__tests__/verify-loop.test.ts[2m > [22m[2mREQ-CFA-052 — pull-corroboration claim board gates the slash on a >=2-distinct quorum[2m > [22m[2ma SINGLE-receiver drop is NOT correlated (k=2 SECONDARY not met) → never even promoted
[22m[39m{"timestamp":"2026-06-20T08:06:54.476Z","level":"INFO","source":"frontend","module":"webrtc/sframe-transform","message":"encrypted frame","context":{"kid":9,"ctr":5,"byteLength":62,"codecOffset":10}}

[90mstdout[2m | apps/validator-daemon/src/canary/__tests__/verify-loop.test.ts[2m > [22m[2mREQ-CFA-052 — pull-corroboration claim board gates the slash on a >=2-distinct quorum[2m > [22m[2ma SINGLE-receiver drop is NOT correlated (k=2 SECONDARY not met) → never even promoted
[22m[39m{"timestamp":"2026-06-20T08:06:54.477Z","level":"INFO","source":"frontend","module":"webrtc/sframe-transform","message":"encrypted frame","context":{"kid":9,"ctr":6,"byteLength":62,"codecOffset":10}}

[90mstdout[2m | apps/validator-daemon/src/canary/__tests__/verify-loop.test.ts[2m > [22m[2mREQ-CFA-052 — pull-corroboration claim board gates the slash on a >=2-distinct quorum[2m > [22m[2ma SINGLE-receiver drop is NOT correlated (k=2 SECONDARY not met) → never even promoted
[22m[39m{"timestamp":"2026-06-20T08:06:54.477Z","level":"INFO","source":"frontend","module":"webrtc/sframe-transform","message":"encrypted frame","context":{"kid":9,"ctr":7,"byteLength":62,"codecOffset":10}}

[90mstdout[2m | apps/validator-daemon/src/canary/__tests__/verify-loop.test.ts[2m > [22m[2mREQ-CFA-052 — pull-corroboration claim board gates the slash on a >=2-distinct quorum[2m > [22m[2ma SINGLE-receiver drop is NOT correlated (k=2 SECONDARY not met) → never even promoted
[22m[39m{"timestamp":"2026-06-20T08:06:54.477Z","level":"INFO","source":"frontend","module":"webrtc/sframe-transform","message":"encrypted frame","context":{"kid":9,"ctr":0,"byteLength":62,"codecOffset":10}}

[90mstdout[2m | apps/validator-daemon/src/canary/__tests__/verify-loop.test.ts[2m > [22m[2mREQ-CFA-052 — pull-corroboration claim board gates the slash on a >=2-distinct quorum[2m > [22m[2ma SINGLE-receiver drop is NOT correlated (k=2 SECONDARY not met) → never even promoted
[22m[39m{"timestamp":"2026-06-20T08:06:54.478Z","level":"INFO","source":"frontend","module":"webrtc/sframe-transform","message":"encrypted frame","context":{"kid":9,"ctr":1,"byteLength":62,"codecOffset":10}}

[90mstdout[2m | apps/validator-daemon/src/canary/__tests__/verify-loop.test.ts[2m > [22m[2mREQ-CFA-052 — pull-corroboration claim board gates the slash on a >=2-distinct quorum[2m > [22m[2ma SINGLE-receiver drop is NOT correlated (k=2 SECONDARY not met) → never even promoted
[22m[39m{"timestamp":"2026-06-20T08:06:54.478Z","level":"INFO","source":"frontend","module":"webrtc/sframe-transform","message":"encrypted frame","context":{"kid":9,"ctr":2,"byteLength":62,"codecOffset":10}}

[90mstdout[2m | apps/validator-daemon/src/canary/__tests__/verify-loop.test.ts[2m > [22m[2mREQ-CFA-052 — pull-corroboration claim board gates the slash on a >=2-distinct quorum[2m > [22m[2ma SINGLE-receiver drop is NOT correlated (k=2 SECONDARY not met) → never even promoted
[22m[39m{"timestamp":"2026-06-20T08:06:54.479Z","level":"INFO","source":"frontend","module":"webrtc/sframe-transform","message":"encrypted frame","context":{"kid":9,"ctr":3,"byteLength":62,"codecOffset":10}}

[90mstdout[2m | apps/validator-daemon/src/canary/__tests__/verify-loop.test.ts[2m > [22m[2mREQ-CFA-052 — pull-corroboration claim board gates the slash on a >=2-distinct quorum[2m > [22m[2ma SINGLE-receiver drop is NOT correlated (k=2 SECONDARY not met) → never even promoted
[22m[39m{"timestamp":"2026-06-20T08:06:54.479Z","level":"INFO","source":"frontend","module":"webrtc/sframe-transform","message":"encrypted frame","context":{"kid":9,"ctr":4,"byteLength":62,"codecOffset":10}}

[90mstdout[2m | apps/validator-daemon/src/canary/__tests__/verify-loop.test.ts[2m > [22m[2mREQ-CFA-052 — pull-corroboration claim board gates the slash on a >=2-distinct quorum[2m > [22m[2ma SINGLE-receiver drop is NOT correlated (k=2 SECONDARY not met) → never even promoted
[22m[39m{"timestamp":"2026-06-20T08:06:54.480Z","level":"INFO","source":"frontend","module":"webrtc/sframe-transform","message":"encrypted frame","context":{"kid":9,"ctr":5,"byteLength":62,"codecOffset":10}}

[90mstdout[2m | apps/validator-daemon/src/canary/__tests__/verify-loop.test.ts[2m > [22m[2mREQ-CFA-052 — pull-corroboration claim board gates the slash on a >=2-distinct quorum[2m > [22m[2ma SINGLE-receiver drop is NOT correlated (k=2 SECONDARY not met) → never even promoted
[22m[39m{"timestamp":"2026-06-20T08:06:54.481Z","level":"INFO","source":"frontend","module":"webrtc/sframe-transform","message":"encrypted frame","context":{"kid":9,"ctr":6,"byteLength":62,"codecOffset":10}}

[90mstdout[2m | apps/validator-daemon/src/canary/__tests__/verify-loop.test.ts[2m > [22m[2mREQ-CFA-052 — pull-corroboration claim board gates the slash on a >=2-distinct quorum[2m > [22m[2ma SINGLE-receiver drop is NOT correlated (k=2 SECONDARY not met) → never even promoted
[22m[39m{"timestamp":"2026-06-20T08:06:54.481Z","level":"INFO","source":"frontend","module":"webrtc/sframe-transform","message":"encrypted frame","context":{"kid":9,"ctr":7,"byteLength":62,"codecOffset":10}}

{"level":30,"time":1781942814481,"pid":39960,"hostname":"Quang","name":"canary/verifier","canaryKid":9,"mediaPackets":7,"byteIdentical":7,"divergences":1,"msg":"canary forwarding verified"}
[90mstdout[2m | apps/validator-daemon/src/canary/__tests__/verify-loop.test.ts[2m > [22m[2mREQ-CFA-052 — pull-corroboration claim board gates the slash on a >=2-distinct quorum[2m > [22m[2ma SINGLE-receiver drop is NOT correlated (k=2 SECONDARY not met) → never even promoted
[22m[39m{"timestamp":"2026-06-20T08:06:54.482Z","level":"INFO","source":"frontend","module":"webrtc/sframe-transform","message":"encrypted frame","context":{"kid":9,"ctr":0,"byteLength":62,"codecOffset":10}}

[90mstdout[2m | apps/validator-daemon/src/canary/__tests__/verify-loop.test.ts[2m > [22m[2mREQ-CFA-052 — pull-corroboration claim board gates the slash on a >=2-distinct quorum[2m > [22m[2ma SINGLE-receiver drop is NOT correlated (k=2 SECONDARY not met) → never even promoted
[22m[39m{"timestamp":"2026-06-20T08:06:54.482Z","level":"INFO","source":"frontend","module":"webrtc/sframe-transform","message":"encrypted frame","context":{"kid":9,"ctr":1,"byteLength":62,"codecOffset":10}}

[90mstdout[2m | apps/validator-daemon/src/canary/__tests__/verify-loop.test.ts[2m > [22m[2mREQ-CFA-052 — pull-corroboration claim board gates the slash on a >=2-distinct quorum[2m > [22m[2ma SINGLE-receiver drop is NOT correlated (k=2 SECONDARY not met) → never even promoted
[22m[39m{"timestamp":"2026-06-20T08:06:54.483Z","level":"INFO","source":"frontend","module":"webrtc/sframe-transform","message":"encrypted frame","context":{"kid":9,"ctr":2,"byteLength":62,"codecOffset":10}}

[90mstdout[2m | apps/validator-daemon/src/canary/__tests__/verify-loop.test.ts[2m > [22m[2mREQ-CFA-052 — pull-corroboration claim board gates the slash on a >=2-distinct quorum[2m > [22m[2ma SINGLE-receiver drop is NOT correlated (k=2 SECONDARY not met) → never even promoted
[22m[39m{"timestamp":"2026-06-20T08:06:54.483Z","level":"INFO","source":"frontend","module":"webrtc/sframe-transform","message":"encrypted frame","context":{"kid":9,"ctr":3,"byteLength":62,"codecOffset":10}}

[90mstdout[2m | apps/validator-daemon/src/canary/__tests__/verify-loop.test.ts[2m > [22m[2mREQ-CFA-052 — pull-corroboration claim board gates the slash on a >=2-distinct quorum[2m > [22m[2ma SINGLE-receiver drop is NOT correlated (k=2 SECONDARY not met) → never even promoted
[22m[39m{"timestamp":"2026-06-20T08:06:54.484Z","level":"INFO","source":"frontend","module":"webrtc/sframe-transform","message":"encrypted frame","context":{"kid":9,"ctr":4,"byteLength":62,"codecOffset":10}}

[90mstdout[2m | apps/validator-daemon/src/canary/__tests__/verify-loop.test.ts[2m > [22m[2mREQ-CFA-052 — pull-corroboration claim board gates the slash on a >=2-distinct quorum[2m > [22m[2ma SINGLE-receiver drop is NOT correlated (k=2 SECONDARY not met) → never even promoted
[22m[39m{"timestamp":"2026-06-20T08:06:54.484Z","level":"INFO","source":"frontend","module":"webrtc/sframe-transform","message":"encrypted frame","context":{"kid":9,"ctr":5,"byteLength":62,"codecOffset":10}}

[90mstdout[2m | apps/validator-daemon/src/canary/__tests__/verify-loop.test.ts[2m > [22m[2mREQ-CFA-052 — pull-corroboration claim board gates the slash on a >=2-distinct quorum[2m > [22m[2ma SINGLE-receiver drop is NOT correlated (k=2 SECONDARY not met) → never even promoted
[22m[39m{"timestamp":"2026-06-20T08:06:54.484Z","level":"INFO","source":"frontend","module":"webrtc/sframe-transform","message":"encrypted frame","context":{"kid":9,"ctr":6,"byteLength":62,"codecOffset":10}}

[90mstdout[2m | apps/validator-daemon/src/canary/__tests__/verify-loop.test.ts[2m > [22m[2mREQ-CFA-052 — pull-corroboration claim board gates the slash on a >=2-distinct quorum[2m > [22m[2ma SINGLE-receiver drop is NOT correlated (k=2 SECONDARY not met) → never even promoted
[22m[39m{"timestamp":"2026-06-20T08:06:54.485Z","level":"INFO","source":"frontend","module":"webrtc/sframe-transform","message":"encrypted frame","context":{"kid":9,"ctr":7,"byteLength":62,"codecOffset":10}}

{"level":30,"time":1781942814485,"pid":39960,"hostname":"Quang","name":"canary/verifier","canaryKid":9,"mediaPackets":8,"byteIdentical":8,"divergences":0,"msg":"canary forwarding verified"}
{"level":30,"time":1781942814485,"pid":39960,"hostname":"Quang","name":"canary/loss-classifier","relayMinerId":"relay-under-audit","promoted":0,"absorbed":1,"tampers":0,"cumulativeCrossed":false,"msg":"canary divergences classified (drop gate / tamper p=1)"}
{"level":30,"time":1781942814485,"pid":39960,"hostname":"Quang","name":"canary/verify-loop","round":2,"relayMinerId":"relay-under-audit","roomId":"verify-loop-room","perReceiver":2,"promoted":0,"absorbed":1,"stunLossBps":"0","msg":"canary verify round classified (hermetic half — synthetic capture, STUN read live)"}
[90mstdout[2m | apps/validator-daemon/src/canary/__tests__/verify-loop.test.ts[2m > [22m[2mREQ-CFA-052 — pull-corroboration claim board gates the slash on a >=2-distinct quorum[2m > [22m[2ma SINGLE-receiver drop is NOT correlated (k=2 SECONDARY not met) → never even promoted
[22m[39m{"timestamp":"2026-06-20T08:06:54.485Z","level":"INFO","source":"frontend","module":"webrtc/sframe-transform","message":"encrypted frame","context":{"kid":9,"ctr":0,"byteLength":62,"codecOffset":10}}

[90mstdout[2m | apps/validator-daemon/src/canary/__tests__/verify-loop.test.ts[2m > [22m[2mREQ-CFA-052 — pull-corroboration claim board gates the slash on a >=2-distinct quorum[2m > [22m[2ma SINGLE-receiver drop is NOT correlated (k=2 SECONDARY not met) → never even promoted
[22m[39m{"timestamp":"2026-06-20T08:06:54.486Z","level":"INFO","source":"frontend","module":"webrtc/sframe-transform","message":"encrypted frame","context":{"kid":9,"ctr":1,"byteLength":62,"codecOffset":10}}

[90mstdout[2m | apps/validator-daemon/src/canary/__tests__/verify-loop.test.ts[2m > [22m[2mREQ-CFA-052 — pull-corroboration claim board gates the slash on a >=2-distinct quorum[2m > [22m[2ma SINGLE-receiver drop is NOT correlated (k=2 SECONDARY not met) → never even promoted
[22m[39m{"timestamp":"2026-06-20T08:06:54.486Z","level":"INFO","source":"frontend","module":"webrtc/sframe-transform","message":"encrypted frame","context":{"kid":9,"ctr":2,"byteLength":62,"codecOffset":10}}

[90mstdout[2m | apps/validator-daemon/src/canary/__tests__/verify-loop.test.ts[2m > [22m[2mREQ-CFA-052 — pull-corroboration claim board gates the slash on a >=2-distinct quorum[2m > [22m[2ma SINGLE-receiver drop is NOT correlated (k=2 SECONDARY not met) → never even promoted
[22m[39m{"timestamp":"2026-06-20T08:06:54.487Z","level":"INFO","source":"frontend","module":"webrtc/sframe-transform","message":"encrypted frame","context":{"kid":9,"ctr":3,"byteLength":62,"codecOffset":10}}

[90mstdout[2m | apps/validator-daemon/src/canary/__tests__/verify-loop.test.ts[2m > [22m[2mREQ-CFA-052 — pull-corroboration claim board gates the slash on a >=2-distinct quorum[2m > [22m[2ma SINGLE-receiver drop is NOT correlated (k=2 SECONDARY not met) → never even promoted
[22m[39m{"timestamp":"2026-06-20T08:06:54.487Z","level":"INFO","source":"frontend","module":"webrtc/sframe-transform","message":"encrypted frame","context":{"kid":9,"ctr":4,"byteLength":62,"codecOffset":10}}

[90mstdout[2m | apps/validator-daemon/src/canary/__tests__/verify-loop.test.ts[2m > [22m[2mREQ-CFA-052 — pull-corroboration claim board gates the slash on a >=2-distinct quorum[2m > [22m[2ma SINGLE-receiver drop is NOT correlated (k=2 SECONDARY not met) → never even promoted
[22m[39m{"timestamp":"2026-06-20T08:06:54.487Z","level":"INFO","source":"frontend","module":"webrtc/sframe-transform","message":"encrypted frame","context":{"kid":9,"ctr":6,"byteLength":62,"codecOffset":10}}

[90mstdout[2m | apps/validator-daemon/src/canary/__tests__/verify-loop.test.ts[2m > [22m[2mREQ-CFA-052 — pull-corroboration claim board gates the slash on a >=2-distinct quorum[2m > [22m[2ma SINGLE-receiver drop is NOT correlated (k=2 SECONDARY not met) → never even promoted
[22m[39m{"timestamp":"2026-06-20T08:06:54.488Z","level":"INFO","source":"frontend","module":"webrtc/sframe-transform","message":"encrypted frame","context":{"kid":9,"ctr":7,"byteLength":62,"codecOffset":10}}

[90mstdout[2m | apps/validator-daemon/src/canary/__tests__/verify-loop.test.ts[2m > [22m[2mREQ-CFA-052 — pull-corroboration claim board gates the slash on a >=2-distinct quorum[2m > [22m[2ma SINGLE-receiver drop is NOT correlated (k=2 SECONDARY not met) → never even promoted
[22m[39m{"timestamp":"2026-06-20T08:06:54.488Z","level":"INFO","source":"frontend","module":"webrtc/sframe-transform","message":"encrypted frame","context":{"kid":9,"ctr":0,"byteLength":62,"codecOffset":10}}

[90mstdout[2m | apps/validator-daemon/src/canary/__tests__/verify-loop.test.ts[2m > [22m[2mREQ-CFA-052 — pull-corroboration claim board gates the slash on a >=2-distinct quorum[2m > [22m[2ma SINGLE-receiver drop is NOT correlated (k=2 SECONDARY not met) → never even promoted
[22m[39m{"timestamp":"2026-06-20T08:06:54.488Z","level":"INFO","source":"frontend","module":"webrtc/sframe-transform","message":"encrypted frame","context":{"kid":9,"ctr":1,"byteLength":62,"codecOffset":10}}

[90mstdout[2m | apps/validator-daemon/src/canary/__tests__/verify-loop.test.ts[2m > [22m[2mREQ-CFA-052 — pull-corroboration claim board gates the slash on a >=2-distinct quorum[2m > [22m[2ma SINGLE-receiver drop is NOT correlated (k=2 SECONDARY not met) → never even promoted
[22m[39m{"timestamp":"2026-06-20T08:06:54.489Z","level":"INFO","source":"frontend","module":"webrtc/sframe-transform","message":"encrypted frame","context":{"kid":9,"ctr":2,"byteLength":62,"codecOffset":10}}

[90mstdout[2m | apps/validator-daemon/src/canary/__tests__/verify-loop.test.ts[2m > [22m[2mREQ-CFA-052 — pull-corroboration claim board gates the slash on a >=2-distinct quorum[2m > [22m[2ma SINGLE-receiver drop is NOT correlated (k=2 SECONDARY not met) → never even promoted
[22m[39m{"timestamp":"2026-06-20T08:06:54.489Z","level":"INFO","source":"frontend","module":"webrtc/sframe-transform","message":"encrypted frame","context":{"kid":9,"ctr":3,"byteLength":62,"codecOffset":10}}

[90mstdout[2m | apps/validator-daemon/src/canary/__tests__/verify-loop.test.ts[2m > [22m[2mREQ-CFA-052 — pull-corroboration claim board gates the slash on a >=2-distinct quorum[2m > [22m[2ma SINGLE-receiver drop is NOT correlated (k=2 SECONDARY not met) → never even promoted
[22m[39m{"timestamp":"2026-06-20T08:06:54.489Z","level":"INFO","source":"frontend","module":"webrtc/sframe-transform","message":"encrypted frame","context":{"kid":9,"ctr":4,"byteLength":62,"codecOffset":10}}

[90mstdout[2m | apps/validator-daemon/src/canary/__tests__/verify-loop.test.ts[2m > [22m[2mREQ-CFA-052 — pull-corroboration claim board gates the slash on a >=2-distinct quorum[2m > [22m[2ma SINGLE-receiver drop is NOT correlated (k=2 SECONDARY not met) → never even promoted
[22m[39m{"timestamp":"2026-06-20T08:06:54.489Z","level":"INFO","source":"frontend","module":"webrtc/sframe-transform","message":"encrypted frame","context":{"kid":9,"ctr":5,"byteLength":62,"codecOffset":10}}

[90mstdout[2m | apps/validator-daemon/src/canary/__tests__/verify-loop.test.ts[2m > [22m[2mREQ-CFA-052 — pull-corroboration claim board gates the slash on a >=2-distinct quorum[2m > [22m[2ma SINGLE-receiver drop is NOT correlated (k=2 SECONDARY not met) → never even promoted
[22m[39m{"timestamp":"2026-06-20T08:06:54.490Z","level":"INFO","source":"frontend","module":"webrtc/sframe-transform","message":"encrypted frame","context":{"kid":9,"ctr":6,"byteLength":62,"codecOffset":10}}

[90mstdout[2m | apps/validator-daemon/src/canary/__tests__/verify-loop.test.ts[2m > [22m[2mREQ-CFA-052 — pull-corroboration claim board gates the slash on a >=2-distinct quorum[2m > [22m[2ma SINGLE-receiver drop is NOT correlated (k=2 SECONDARY not met) → never even promoted
[22m[39m{"timestamp":"2026-06-20T08:06:54.492Z","level":"INFO","source":"frontend","module":"webrtc/sframe-transform","message":"encrypted frame","context":{"kid":9,"ctr":7,"byteLength":62,"codecOffset":10}}

[90mstdout[2m | apps/validator-daemon/src/canary/__tests__/verify-loop.test.ts[2m > [22m[2mREQ-CFA-052 — pull-corroboration claim board gates the slash on a >=2-distinct quorum[2m > [22m[2ma SINGLE-receiver drop is NOT correlated (k=2 SECONDARY not met) → never even promoted
[22m[39m{"timestamp":"2026-06-20T08:06:54.493Z","level":"INFO","source":"frontend","module":"webrtc/sframe-transform","message":"encrypted frame","context":{"kid":9,"ctr":0,"byteLength":62,"codecOffset":10}}

[90mstdout[2m | apps/validator-daemon/src/canary/__tests__/verify-loop.test.ts[2m > [22m[2mREQ-CFA-052 — pull-corroboration claim board gates the slash on a >=2-distinct quorum[2m > [22m[2ma SINGLE-receiver drop is NOT correlated (k=2 SECONDARY not met) → never even promoted
[22m[39m{"timestamp":"2026-06-20T08:06:54.493Z","level":"INFO","source":"frontend","module":"webrtc/sframe-transform","message":"encrypted frame","context":{"kid":9,"ctr":1,"byteLength":62,"codecOffset":10}}

[90mstdout[2m | apps/validator-daemon/src/canary/__tests__/verify-loop.test.ts[2m > [22m[2mREQ-CFA-052 — pull-corroboration claim board gates the slash on a >=2-distinct quorum[2m > [22m[2ma SINGLE-receiver drop is NOT correlated (k=2 SECONDARY not met) → never even promoted
[22m[39m{"timestamp":"2026-06-20T08:06:54.494Z","level":"INFO","source":"frontend","module":"webrtc/sframe-transform","message":"encrypted frame","context":{"kid":9,"ctr":2,"byteLength":62,"codecOffset":10}}

[90mstdout[2m | apps/validator-daemon/src/canary/__tests__/verify-loop.test.ts[2m > [22m[2mREQ-CFA-052 — pull-corroboration claim board gates the slash on a >=2-distinct quorum[2m > [22m[2ma SINGLE-receiver drop is NOT correlated (k=2 SECONDARY not met) → never even promoted
[22m[39m{"timestamp":"2026-06-20T08:06:54.494Z","level":"INFO","source":"frontend","module":"webrtc/sframe-transform","message":"encrypted frame","context":{"kid":9,"ctr":3,"byteLength":62,"codecOffset":10}}

[90mstdout[2m | apps/validator-daemon/src/canary/__tests__/verify-loop.test.ts[2m > [22m[2mREQ-CFA-052 — pull-corroboration claim board gates the slash on a >=2-distinct quorum[2m > [22m[2ma SINGLE-receiver drop is NOT correlated (k=2 SECONDARY not met) → never even promoted
[22m[39m{"timestamp":"2026-06-20T08:06:54.494Z","level":"INFO","source":"frontend","module":"webrtc/sframe-transform","message":"encrypted frame","context":{"kid":9,"ctr":4,"byteLength":62,"codecOffset":10}}

[90mstdout[2m | apps/validator-daemon/src/canary/__tests__/verify-loop.test.ts[2m > [22m[2mREQ-CFA-052 — pull-corroboration claim board gates the slash on a >=2-distinct quorum[2m > [22m[2ma SINGLE-receiver drop is NOT correlated (k=2 SECONDARY not met) → never even promoted
[22m[39m{"timestamp":"2026-06-20T08:06:54.495Z","level":"INFO","source":"frontend","module":"webrtc/sframe-transform","message":"encrypted frame","context":{"kid":9,"ctr":5,"byteLength":62,"codecOffset":10}}

[90mstdout[2m | apps/validator-daemon/src/canary/__tests__/verify-loop.test.ts[2m > [22m[2mREQ-CFA-052 — pull-corroboration claim board gates the slash on a >=2-distinct quorum[2m > [22m[2ma SINGLE-receiver drop is NOT correlated (k=2 SECONDARY not met) → never even promoted
[22m[39m{"timestamp":"2026-06-20T08:06:54.495Z","level":"INFO","source":"frontend","module":"webrtc/sframe-transform","message":"encrypted frame","context":{"kid":9,"ctr":6,"byteLength":62,"codecOffset":10}}

[90mstdout[2m | apps/validator-daemon/src/canary/__tests__/verify-loop.test.ts[2m > [22m[2mREQ-CFA-052 — pull-corroboration claim board gates the slash on a >=2-distinct quorum[2m > [22m[2ma SINGLE-receiver drop is NOT correlated (k=2 SECONDARY not met) → never even promoted
[22m[39m{"timestamp":"2026-06-20T08:06:54.496Z","level":"INFO","source":"frontend","module":"webrtc/sframe-transform","message":"encrypted frame","context":{"kid":9,"ctr":7,"byteLength":62,"codecOffset":10}}

{"level":30,"time":1781942814496,"pid":39960,"hostname":"Quang","name":"canary/verifier","canaryKid":9,"mediaPackets":7,"byteIdentical":7,"divergences":1,"msg":"canary forwarding verified"}
[90mstdout[2m | apps/validator-daemon/src/canary/__tests__/verify-loop.test.ts[2m > [22m[2mREQ-CFA-052 — pull-corroboration claim board gates the slash on a >=2-distinct quorum[2m > [22m[2ma SINGLE-receiver drop is NOT correlated (k=2 SECONDARY not met) → never even promoted
[22m[39m{"timestamp":"2026-06-20T08:06:54.496Z","level":"INFO","source":"frontend","module":"webrtc/sframe-transform","message":"encrypted frame","context":{"kid":9,"ctr":0,"byteLength":62,"codecOffset":10}}

[90mstdout[2m | apps/validator-daemon/src/canary/__tests__/verify-loop.test.ts[2m > [22m[2mREQ-CFA-052 — pull-corroboration claim board gates the slash on a >=2-distinct quorum[2m > [22m[2ma SINGLE-receiver drop is NOT correlated (k=2 SECONDARY not met) → never even promoted
[22m[39m{"timestamp":"2026-06-20T08:06:54.497Z","level":"INFO","source":"frontend","module":"webrtc/sframe-transform","message":"encrypted frame","context":{"kid":9,"ctr":1,"byteLength":62,"codecOffset":10}}

[90mstdout[2m | apps/validator-daemon/src/canary/__tests__/verify-loop.test.ts[2m > [22m[2mREQ-CFA-052 — pull-corroboration claim board gates the slash on a >=2-distinct quorum[2m > [22m[2ma SINGLE-receiver drop is NOT correlated (k=2 SECONDARY not met) → never even promoted
[22m[39m{"timestamp":"2026-06-20T08:06:54.497Z","level":"INFO","source":"frontend","module":"webrtc/sframe-transform","message":"encrypted frame","context":{"kid":9,"ctr":2,"byteLength":62,"codecOffset":10}}

[90mstdout[2m | apps/validator-daemon/src/canary/__tests__/verify-loop.test.ts[2m > [22m[2mREQ-CFA-052 — pull-corroboration claim board gates the slash on a >=2-distinct quorum[2m > [22m[2ma SINGLE-receiver drop is NOT correlated (k=2 SECONDARY not met) → never even promoted
[22m[39m{"timestamp":"2026-06-20T08:06:54.498Z","level":"INFO","source":"frontend","module":"webrtc/sframe-transform","message":"encrypted frame","context":{"kid":9,"ctr":3,"byteLength":62,"codecOffset":10}}

[90mstdout[2m | apps/validator-daemon/src/canary/__tests__/verify-loop.test.ts[2m > [22m[2mREQ-CFA-052 — pull-corroboration claim board gates the slash on a >=2-distinct quorum[2m > [22m[2ma SINGLE-receiver drop is NOT correlated (k=2 SECONDARY not met) → never even promoted
[22m[39m{"timestamp":"2026-06-20T08:06:54.498Z","level":"INFO","source":"frontend","module":"webrtc/sframe-transform","message":"encrypted frame","context":{"kid":9,"ctr":4,"byteLength":62,"codecOffset":10}}

[90mstdout[2m | apps/validator-daemon/src/canary/__tests__/verify-loop.test.ts[2m > [22m[2mREQ-CFA-052 — pull-corroboration claim board gates the slash on a >=2-distinct quorum[2m > [22m[2ma SINGLE-receiver drop is NOT correlated (k=2 SECONDARY not met) → never even promoted
[22m[39m{"timestamp":"2026-06-20T08:06:54.499Z","level":"INFO","source":"frontend","module":"webrtc/sframe-transform","message":"encrypted frame","context":{"kid":9,"ctr":5,"byteLength":62,"codecOffset":10}}

[90mstdout[2m | apps/validator-daemon/src/canary/__tests__/verify-loop.test.ts[2m > [22m[2mREQ-CFA-052 — pull-corroboration claim board gates the slash on a >=2-distinct quorum[2m > [22m[2ma SINGLE-receiver drop is NOT correlated (k=2 SECONDARY not met) → never even promoted
[22m[39m{"timestamp":"2026-06-20T08:06:54.499Z","level":"INFO","source":"frontend","module":"webrtc/sframe-transform","message":"encrypted frame","context":{"kid":9,"ctr":6,"byteLength":62,"codecOffset":10}}

[90mstdout[2m | apps/validator-daemon/src/canary/__tests__/verify-loop.test.ts[2m > [22m[2mREQ-CFA-052 — pull-corroboration claim board gates the slash on a >=2-distinct quorum[2m > [22m[2ma SINGLE-receiver drop is NOT correlated (k=2 SECONDARY not met) → never even promoted
[22m[39m{"timestamp":"2026-06-20T08:06:54.500Z","level":"INFO","source":"frontend","module":"webrtc/sframe-transform","message":"encrypted frame","context":{"kid":9,"ctr":7,"byteLength":62,"codecOffset":10}}

{"level":30,"time":1781942814500,"pid":39960,"hostname":"Quang","name":"canary/verifier","canaryKid":9,"mediaPackets":8,"byteIdentical":8,"divergences":0,"msg":"canary forwarding verified"}
{"level":30,"time":1781942814500,"pid":39960,"hostname":"Quang","name":"canary/loss-classifier","relayMinerId":"relay-under-audit","promoted":0,"absorbed":1,"tampers":0,"cumulativeCrossed":false,"msg":"canary divergences classified (drop gate / tamper p=1)"}
{"level":30,"time":1781942814500,"pid":39960,"hostname":"Quang","name":"canary/verify-loop","round":3,"relayMinerId":"relay-under-audit","roomId":"verify-loop-room","perReceiver":2,"promoted":0,"absorbed":1,"stunLossBps":"0","msg":"canary verify round classified (hermetic half — synthetic capture, STUN read live)"}
[90mstdout[2m | apps/validator-daemon/src/canary/__tests__/verify-loop.test.ts[2m > [22m[2mREQ-CFA-052 — pull-corroboration claim board gates the slash on a >=2-distinct quorum[2m > [22m[2ma SINGLE-receiver drop is NOT correlated (k=2 SECONDARY not met) → never even promoted
[22m[39m{"timestamp":"2026-06-20T08:06:54.500Z","level":"INFO","source":"frontend","module":"webrtc/sframe-transform","message":"encrypted frame","context":{"kid":9,"ctr":0,"byteLength":62,"codecOffset":10}}

[90mstdout[2m | apps/validator-daemon/src/canary/__tests__/verify-loop.test.ts[2m > [22m[2mREQ-CFA-052 — pull-corroboration claim board gates the slash on a >=2-distinct quorum[2m > [22m[2ma SINGLE-receiver drop is NOT correlated (k=2 SECONDARY not met) → never even promoted
[22m[39m{"timestamp":"2026-06-20T08:06:54.501Z","level":"INFO","source":"frontend","module":"webrtc/sframe-transform","message":"encrypted frame","context":{"kid":9,"ctr":1,"byteLength":62,"codecOffset":10}}

[90mstdout[2m | apps/validator-daemon/src/canary/__tests__/verify-loop.test.ts[2m > [22m[2mREQ-CFA-052 — pull-corroboration claim board gates the slash on a >=2-distinct quorum[2m > [22m[2ma SINGLE-receiver drop is NOT correlated (k=2 SECONDARY not met) → never even promoted
[22m[39m{"timestamp":"2026-06-20T08:06:54.501Z","level":"INFO","source":"frontend","module":"webrtc/sframe-transform","message":"encrypted frame","context":{"kid":9,"ctr":2,"byteLength":62,"codecOffset":10}}

[90mstdout[2m | apps/validator-daemon/src/canary/__tests__/verify-loop.test.ts[2m > [22m[2mREQ-CFA-052 — pull-corroboration claim board gates the slash on a >=2-distinct quorum[2m > [22m[2ma SINGLE-receiver drop is NOT correlated (k=2 SECONDARY not met) → never even promoted
[22m[39m{"timestamp":"2026-06-20T08:06:54.502Z","level":"INFO","source":"frontend","module":"webrtc/sframe-transform","message":"encrypted frame","context":{"kid":9,"ctr":3,"byteLength":62,"codecOffset":10}}

[90mstdout[2m | apps/validator-daemon/src/canary/__tests__/verify-loop.test.ts[2m > [22m[2mREQ-CFA-052 — pull-corroboration claim board gates the slash on a >=2-distinct quorum[2m > [22m[2ma SINGLE-receiver drop is NOT correlated (k=2 SECONDARY not met) → never even promoted
[22m[39m{"timestamp":"2026-06-20T08:06:54.502Z","level":"INFO","source":"frontend","module":"webrtc/sframe-transform","message":"encrypted frame","context":{"kid":9,"ctr":4,"byteLength":62,"codecOffset":10}}

[90mstdout[2m | apps/validator-daemon/src/canary/__tests__/verify-loop.test.ts[2m > [22m[2mREQ-CFA-052 — pull-corroboration claim board gates the slash on a >=2-distinct quorum[2m > [22m[2ma SINGLE-receiver drop is NOT correlated (k=2 SECONDARY not met) → never even promoted
[22m[39m{"timestamp":"2026-06-20T08:06:54.502Z","level":"INFO","source":"frontend","module":"webrtc/sframe-transform","message":"encrypted frame","context":{"kid":9,"ctr":6,"byteLength":62,"codecOffset":10}}

[90mstdout[2m | apps/validator-daemon/src/canary/__tests__/verify-loop.test.ts[2m > [22m[2mREQ-CFA-052 — pull-corroboration claim board gates the slash on a >=2-distinct quorum[2m > [22m[2ma SINGLE-receiver drop is NOT correlated (k=2 SECONDARY not met) → never even promoted
[22m[39m{"timestamp":"2026-06-20T08:06:54.503Z","level":"INFO","source":"frontend","module":"webrtc/sframe-transform","message":"encrypted frame","context":{"kid":9,"ctr":7,"byteLength":62,"codecOffset":10}}

[90mstdout[2m | apps/validator-daemon/src/canary/__tests__/verify-loop.test.ts[2m > [22m[2mREQ-CFA-052 — pull-corroboration claim board gates the slash on a >=2-distinct quorum[2m > [22m[2ma SINGLE-receiver drop is NOT correlated (k=2 SECONDARY not met) → never even promoted
[22m[39m{"timestamp":"2026-06-20T08:06:54.503Z","level":"INFO","source":"frontend","module":"webrtc/sframe-transform","message":"encrypted frame","context":{"kid":9,"ctr":0,"byteLength":62,"codecOffset":10}}

[90mstdout[2m | apps/validator-daemon/src/canary/__tests__/verify-loop.test.ts[2m > [22m[2mREQ-CFA-052 — pull-corroboration claim board gates the slash on a >=2-distinct quorum[2m > [22m[2ma SINGLE-receiver drop is NOT correlated (k=2 SECONDARY not met) → never even promoted
[22m[39m{"timestamp":"2026-06-20T08:06:54.504Z","level":"INFO","source":"frontend","module":"webrtc/sframe-transform","message":"encrypted frame","context":{"kid":9,"ctr":1,"byteLength":62,"codecOffset":10}}

[90mstdout[2m | apps/validator-daemon/src/canary/__tests__/verify-loop.test.ts[2m > [22m[2mREQ-CFA-052 — pull-corroboration claim board gates the slash on a >=2-distinct quorum[2m > [22m[2ma SINGLE-receiver drop is NOT correlated (k=2 SECONDARY not met) → never even promoted
[22m[39m{"timestamp":"2026-06-20T08:06:54.504Z","level":"INFO","source":"frontend","module":"webrtc/sframe-transform","message":"encrypted frame","context":{"kid":9,"ctr":2,"byteLength":62,"codecOffset":10}}

[90mstdout[2m | apps/validator-daemon/src/canary/__tests__/verify-loop.test.ts[2m > [22m[2mREQ-CFA-052 — pull-corroboration claim board gates the slash on a >=2-distinct quorum[2m > [22m[2ma SINGLE-receiver drop is NOT correlated (k=2 SECONDARY not met) → never even promoted
[22m[39m{"timestamp":"2026-06-20T08:06:54.504Z","level":"INFO","source":"frontend","module":"webrtc/sframe-transform","message":"encrypted frame","context":{"kid":9,"ctr":3,"byteLength":62,"codecOffset":10}}

[90mstdout[2m | apps/validator-daemon/src/canary/__tests__/verify-loop.test.ts[2m > [22m[2mREQ-CFA-052 — pull-corroboration claim board gates the slash on a >=2-distinct quorum[2m > [22m[2ma SINGLE-receiver drop is NOT correlated (k=2 SECONDARY not met) → never even promoted
[22m[39m{"timestamp":"2026-06-20T08:06:54.505Z","level":"INFO","source":"frontend","module":"webrtc/sframe-transform","message":"encrypted frame","context":{"kid":9,"ctr":4,"byteLength":62,"codecOffset":10}}

[90mstdout[2m | apps/validator-daemon/src/canary/__tests__/verify-loop.test.ts[2m > [22m[2mREQ-CFA-052 — pull-corroboration claim board gates the slash on a >=2-distinct quorum[2m > [22m[2ma SINGLE-receiver drop is NOT correlated (k=2 SECONDARY not met) → never even promoted
[22m[39m{"timestamp":"2026-06-20T08:06:54.505Z","level":"INFO","source":"frontend","module":"webrtc/sframe-transform","message":"encrypted frame","context":{"kid":9,"ctr":5,"byteLength":62,"codecOffset":10}}

[90mstdout[2m | apps/validator-daemon/src/canary/__tests__/verify-loop.test.ts[2m > [22m[2mREQ-CFA-052 — pull-corroboration claim board gates the slash on a >=2-distinct quorum[2m > [22m[2ma SINGLE-receiver drop is NOT correlated (k=2 SECONDARY not met) → never even promoted
[22m[39m{"timestamp":"2026-06-20T08:06:54.506Z","level":"INFO","source":"frontend","module":"webrtc/sframe-transform","message":"encrypted frame","context":{"kid":9,"ctr":6,"byteLength":62,"codecOffset":10}}

[90mstdout[2m | apps/validator-daemon/src/canary/__tests__/verify-loop.test.ts[2m > [22m[2mREQ-CFA-052 — pull-corroboration claim board gates the slash on a >=2-distinct quorum[2m > [22m[2ma SINGLE-receiver drop is NOT correlated (k=2 SECONDARY not met) → never even promoted
[22m[39m{"timestamp":"2026-06-20T08:06:54.506Z","level":"INFO","source":"frontend","module":"webrtc/sframe-transform","message":"encrypted frame","context":{"kid":9,"ctr":7,"byteLength":62,"codecOffset":10}}

[90mstdout[2m | apps/validator-daemon/src/canary/__tests__/verify-loop.test.ts[2m > [22m[2mREQ-CFA-052 — pull-corroboration claim board gates the slash on a >=2-distinct quorum[2m > [22m[2ma SINGLE-receiver drop is NOT correlated (k=2 SECONDARY not met) → never even promoted
[22m[39m{"timestamp":"2026-06-20T08:06:54.506Z","level":"INFO","source":"frontend","module":"webrtc/sframe-transform","message":"encrypted frame","context":{"kid":9,"ctr":0,"byteLength":62,"codecOffset":10}}

[90mstdout[2m | apps/validator-daemon/src/canary/__tests__/verify-loop.test.ts[2m > [22m[2mREQ-CFA-052 — pull-corroboration claim board gates the slash on a >=2-distinct quorum[2m > [22m[2ma SINGLE-receiver drop is NOT correlated (k=2 SECONDARY not met) → never even promoted
[22m[39m{"timestamp":"2026-06-20T08:06:54.507Z","level":"INFO","source":"frontend","module":"webrtc/sframe-transform","message":"encrypted frame","context":{"kid":9,"ctr":1,"byteLength":62,"codecOffset":10}}

[90mstdout[2m | apps/validator-daemon/src/canary/__tests__/verify-loop.test.ts[2m > [22m[2mREQ-CFA-052 — pull-corroboration claim board gates the slash on a >=2-distinct quorum[2m > [22m[2ma SINGLE-receiver drop is NOT correlated (k=2 SECONDARY not met) → never even promoted
[22m[39m{"timestamp":"2026-06-20T08:06:54.507Z","level":"INFO","source":"frontend","module":"webrtc/sframe-transform","message":"encrypted frame","context":{"kid":9,"ctr":2,"byteLength":62,"codecOffset":10}}

[90mstdout[2m | apps/validator-daemon/src/canary/__tests__/verify-loop.test.ts[2m > [22m[2mREQ-CFA-052 — pull-corroboration claim board gates the slash on a >=2-distinct quorum[2m > [22m[2ma SINGLE-receiver drop is NOT correlated (k=2 SECONDARY not met) → never even promoted
[22m[39m{"timestamp":"2026-06-20T08:06:54.507Z","level":"INFO","source":"frontend","module":"webrtc/sframe-transform","message":"encrypted frame","context":{"kid":9,"ctr":3,"byteLength":62,"codecOffset":10}}

[90mstdout[2m | apps/validator-daemon/src/canary/__tests__/verify-loop.test.ts[2m > [22m[2mREQ-CFA-052 — pull-corroboration claim board gates the slash on a >=2-distinct quorum[2m > [22m[2ma SINGLE-receiver drop is NOT correlated (k=2 SECONDARY not met) → never even promoted
[22m[39m{"timestamp":"2026-06-20T08:06:54.508Z","level":"INFO","source":"frontend","module":"webrtc/sframe-transform","message":"encrypted frame","context":{"kid":9,"ctr":4,"byteLength":62,"codecOffset":10}}

[90mstdout[2m | apps/validator-daemon/src/canary/__tests__/verify-loop.test.ts[2m > [22m[2mREQ-CFA-052 — pull-corroboration claim board gates the slash on a >=2-distinct quorum[2m > [22m[2ma SINGLE-receiver drop is NOT correlated (k=2 SECONDARY not met) → never even promoted
[22m[39m{"timestamp":"2026-06-20T08:06:54.508Z","level":"INFO","source":"frontend","module":"webrtc/sframe-transform","message":"encrypted frame","context":{"kid":9,"ctr":5,"byteLength":62,"codecOffset":10}}

[90mstdout[2m | apps/validator-daemon/src/canary/__tests__/verify-loop.test.ts[2m > [22m[2mREQ-CFA-052 — pull-corroboration claim board gates the slash on a >=2-distinct quorum[2m > [22m[2ma SINGLE-receiver drop is NOT correlated (k=2 SECONDARY not met) → never even promoted
[22m[39m{"timestamp":"2026-06-20T08:06:54.509Z","level":"INFO","source":"frontend","module":"webrtc/sframe-transform","message":"encrypted frame","context":{"kid":9,"ctr":6,"byteLength":62,"codecOffset":10}}

[90mstdout[2m | apps/validator-daemon/src/canary/__tests__/verify-loop.test.ts[2m > [22m[2mREQ-CFA-052 — pull-corroboration claim board gates the slash on a >=2-distinct quorum[2m > [22m[2ma SINGLE-receiver drop is NOT correlated (k=2 SECONDARY not met) → never even promoted
[22m[39m{"timestamp":"2026-06-20T08:06:54.509Z","level":"INFO","source":"frontend","module":"webrtc/sframe-transform","message":"encrypted frame","context":{"kid":9,"ctr":7,"byteLength":62,"codecOffset":10}}

{"level":30,"time":1781942814509,"pid":39960,"hostname":"Quang","name":"canary/verifier","canaryKid":9,"mediaPackets":7,"byteIdentical":7,"divergences":1,"msg":"canary forwarding verified"}
[90mstdout[2m | apps/validator-daemon/src/canary/__tests__/verify-loop.test.ts[2m > [22m[2mREQ-CFA-052 — pull-corroboration claim board gates the slash on a >=2-distinct quorum[2m > [22m[2ma SINGLE-receiver drop is NOT correlated (k=2 SECONDARY not met) → never even promoted
[22m[39m{"timestamp":"2026-06-20T08:06:54.510Z","level":"INFO","source":"frontend","module":"webrtc/sframe-transform","message":"encrypted frame","context":{"kid":9,"ctr":0,"byteLength":62,"codecOffset":10}}

[90mstdout[2m | apps/validator-daemon/src/canary/__tests__/verify-loop.test.ts[2m > [22m[2mREQ-CFA-052 — pull-corroboration claim board gates the slash on a >=2-distinct quorum[2m > [22m[2ma SINGLE-receiver drop is NOT correlated (k=2 SECONDARY not met) → never even promoted
[22m[39m{"timestamp":"2026-06-20T08:06:54.510Z","level":"INFO","source":"frontend","module":"webrtc/sframe-transform","message":"encrypted frame","context":{"kid":9,"ctr":1,"byteLength":62,"codecOffset":10}}

[90mstdout[2m | apps/validator-daemon/src/canary/__tests__/verify-loop.test.ts[2m > [22m[2mREQ-CFA-052 — pull-corroboration claim board gates the slash on a >=2-distinct quorum[2m > [22m[2ma SINGLE-receiver drop is NOT correlated (k=2 SECONDARY not met) → never even promoted
[22m[39m{"timestamp":"2026-06-20T08:06:54.510Z","level":"INFO","source":"frontend","module":"webrtc/sframe-transform","message":"encrypted frame","context":{"kid":9,"ctr":2,"byteLength":62,"codecOffset":10}}

[90mstdout[2m | apps/validator-daemon/src/canary/__tests__/verify-loop.test.ts[2m > [22m[2mREQ-CFA-052 — pull-corroboration claim board gates the slash on a >=2-distinct quorum[2m > [22m[2ma SINGLE-receiver drop is NOT correlated (k=2 SECONDARY not met) → never even promoted
[22m[39m{"timestamp":"2026-06-20T08:06:54.511Z","level":"INFO","source":"frontend","module":"webrtc/sframe-transform","message":"encrypted frame","context":{"kid":9,"ctr":3,"byteLength":62,"codecOffset":10}}

[90mstdout[2m | apps/validator-daemon/src/canary/__tests__/verify-loop.test.ts[2m > [22m[2mREQ-CFA-052 — pull-corroboration claim board gates the slash on a >=2-distinct quorum[2m > [22m[2ma SINGLE-receiver drop is NOT correlated (k=2 SECONDARY not met) → never even promoted
[22m[39m{"timestamp":"2026-06-20T08:06:54.511Z","level":"INFO","source":"frontend","module":"webrtc/sframe-transform","message":"encrypted frame","context":{"kid":9,"ctr":4,"byteLength":62,"codecOffset":10}}

[90mstdout[2m | apps/validator-daemon/src/canary/__tests__/verify-loop.test.ts[2m > [22m[2mREQ-CFA-052 — pull-corroboration claim board gates the slash on a >=2-distinct quorum[2m > [22m[2ma SINGLE-receiver drop is NOT correlated (k=2 SECONDARY not met) → never even promoted
[22m[39m{"timestamp":"2026-06-20T08:06:54.511Z","level":"INFO","source":"frontend","module":"webrtc/sframe-transform","message":"encrypted frame","context":{"kid":9,"ctr":5,"byteLength":62,"codecOffset":10}}

[90mstdout[2m | apps/validator-daemon/src/canary/__tests__/verify-loop.test.ts[2m > [22m[2mREQ-CFA-052 — pull-corroboration claim board gates the slash on a >=2-distinct quorum[2m > [22m[2ma SINGLE-receiver drop is NOT correlated (k=2 SECONDARY not met) → never even promoted
[22m[39m{"timestamp":"2026-06-20T08:06:54.512Z","level":"INFO","source":"frontend","module":"webrtc/sframe-transform","message":"encrypted frame","context":{"kid":9,"ctr":6,"byteLength":62,"codecOffset":10}}

[90mstdout[2m | apps/validator-daemon/src/canary/__tests__/verify-loop.test.ts[2m > [22m[2mREQ-CFA-052 — pull-corroboration claim board gates the slash on a >=2-distinct quorum[2m > [22m[2ma SINGLE-receiver drop is NOT correlated (k=2 SECONDARY not met) → never even promoted
[22m[39m{"timestamp":"2026-06-20T08:06:54.512Z","level":"INFO","source":"frontend","module":"webrtc/sframe-transform","message":"encrypted frame","context":{"kid":9,"ctr":7,"byteLength":62,"codecOffset":10}}

{"level":30,"time":1781942814512,"pid":39960,"hostname":"Quang","name":"canary/verifier","canaryKid":9,"mediaPackets":8,"byteIdentical":8,"divergences":0,"msg":"canary forwarding verified"}
{"level":30,"time":1781942814512,"pid":39960,"hostname":"Quang","name":"canary/loss-classifier","relayMinerId":"relay-under-audit","promoted":0,"absorbed":1,"tampers":0,"cumulativeCrossed":true,"msg":"canary divergences classified (drop gate / tamper p=1)"}
{"level":30,"time":1781942814512,"pid":39960,"hostname":"Quang","name":"canary/verify-loop","round":4,"relayMinerId":"relay-under-audit","roomId":"verify-loop-room","perReceiver":2,"promoted":0,"absorbed":1,"stunLossBps":"0","msg":"canary verify round classified (hermetic half — synthetic capture, STUN read live)"}
[90mstdout[2m | apps/validator-daemon/src/canary/__tests__/verify-loop.test.ts[2m > [22m[2mREQ-CFA-052 — pull-corroboration claim board gates the slash on a >=2-distinct quorum[2m > [22m[2ma SINGLE-receiver drop is NOT correlated (k=2 SECONDARY not met) → never even promoted
[22m[39m{"timestamp":"2026-06-20T08:06:54.513Z","level":"INFO","source":"frontend","module":"webrtc/sframe-transform","message":"encrypted frame","context":{"kid":9,"ctr":0,"byteLength":62,"codecOffset":10}}

[90mstdout[2m | apps/validator-daemon/src/canary/__tests__/verify-loop.test.ts[2m > [22m[2mREQ-CFA-052 — pull-corroboration claim board gates the slash on a >=2-distinct quorum[2m > [22m[2ma SINGLE-receiver drop is NOT correlated (k=2 SECONDARY not met) → never even promoted
[22m[39m{"timestamp":"2026-06-20T08:06:54.513Z","level":"INFO","source":"frontend","module":"webrtc/sframe-transform","message":"encrypted frame","context":{"kid":9,"ctr":1,"byteLength":62,"codecOffset":10}}

[90mstdout[2m | apps/validator-daemon/src/canary/__tests__/verify-loop.test.ts[2m > [22m[2mREQ-CFA-052 — pull-corroboration claim board gates the slash on a >=2-distinct quorum[2m > [22m[2ma SINGLE-receiver drop is NOT correlated (k=2 SECONDARY not met) → never even promoted
[22m[39m{"timestamp":"2026-06-20T08:06:54.513Z","level":"INFO","source":"frontend","module":"webrtc/sframe-transform","message":"encrypted frame","context":{"kid":9,"ctr":2,"byteLength":62,"codecOffset":10}}

[90mstdout[2m | apps/validator-daemon/src/canary/__tests__/verify-loop.test.ts[2m > [22m[2mREQ-CFA-052 — pull-corroboration claim board gates the slash on a >=2-distinct quorum[2m > [22m[2ma SINGLE-receiver drop is NOT correlated (k=2 SECONDARY not met) → never even promoted
[22m[39m{"timestamp":"2026-06-20T08:06:54.514Z","level":"INFO","source":"frontend","module":"webrtc/sframe-transform","message":"encrypted frame","context":{"kid":9,"ctr":3,"byteLength":62,"codecOffset":10}}

[90mstdout[2m | apps/validator-daemon/src/canary/__tests__/verify-loop.test.ts[2m > [22m[2mREQ-CFA-052 — pull-corroboration claim board gates the slash on a >=2-distinct quorum[2m > [22m[2ma SINGLE-receiver drop is NOT correlated (k=2 SECONDARY not met) → never even promoted
[22m[39m{"timestamp":"2026-06-20T08:06:54.514Z","level":"INFO","source":"frontend","module":"webrtc/sframe-transform","message":"encrypted frame","context":{"kid":9,"ctr":4,"byteLength":62,"codecOffset":10}}

[90mstdout[2m | apps/validator-daemon/src/canary/__tests__/verify-loop.test.ts[2m > [22m[2mREQ-CFA-052 — pull-corroboration claim board gates the slash on a >=2-distinct quorum[2m > [22m[2ma SINGLE-receiver drop is NOT correlated (k=2 SECONDARY not met) → never even promoted
[22m[39m{"timestamp":"2026-06-20T08:06:54.514Z","level":"INFO","source":"frontend","module":"webrtc/sframe-transform","message":"encrypted frame","context":{"kid":9,"ctr":6,"byteLength":62,"codecOffset":10}}

[90mstdout[2m | apps/validator-daemon/src/canary/__tests__/verify-loop.test.ts[2m > [22m[2mREQ-CFA-052 — pull-corroboration claim board gates the slash on a >=2-distinct quorum[2m > [22m[2ma SINGLE-receiver drop is NOT correlated (k=2 SECONDARY not met) → never even promoted
[22m[39m{"timestamp":"2026-06-20T08:06:54.515Z","level":"INFO","source":"frontend","module":"webrtc/sframe-transform","message":"encrypted frame","context":{"kid":9,"ctr":7,"byteLength":62,"codecOffset":10}}

[90mstdout[2m | apps/validator-daemon/src/canary/__tests__/verify-loop.test.ts[2m > [22m[2mREQ-CFA-052 — pull-corroboration claim board gates the slash on a >=2-distinct quorum[2m > [22m[2ma SINGLE-receiver drop is NOT correlated (k=2 SECONDARY not met) → never even promoted
[22m[39m{"timestamp":"2026-06-20T08:06:54.515Z","level":"INFO","source":"frontend","module":"webrtc/sframe-transform","message":"encrypted frame","context":{"kid":9,"ctr":0,"byteLength":62,"codecOffset":10}}

[90mstdout[2m | apps/validator-daemon/src/canary/__tests__/verify-loop.test.ts[2m > [22m[2mREQ-CFA-052 — pull-corroboration claim board gates the slash on a >=2-distinct quorum[2m > [22m[2ma SINGLE-receiver drop is NOT correlated (k=2 SECONDARY not met) → never even promoted
[22m[39m{"timestamp":"2026-06-20T08:06:54.515Z","level":"INFO","source":"frontend","module":"webrtc/sframe-transform","message":"encrypted frame","context":{"kid":9,"ctr":1,"byteLength":62,"codecOffset":10}}

[90mstdout[2m | apps/validator-daemon/src/canary/__tests__/verify-loop.test.ts[2m > [22m[2mREQ-CFA-052 — pull-corroboration claim board gates the slash on a >=2-distinct quorum[2m > [22m[2ma SINGLE-receiver drop is NOT correlated (k=2 SECONDARY not met) → never even promoted
[22m[39m{"timestamp":"2026-06-20T08:06:54.515Z","level":"INFO","source":"frontend","module":"webrtc/sframe-transform","message":"encrypted frame","context":{"kid":9,"ctr":2,"byteLength":62,"codecOffset":10}}

[90mstdout[2m | apps/validator-daemon/src/canary/__tests__/verify-loop.test.ts[2m > [22m[2mREQ-CFA-052 — pull-corroboration claim board gates the slash on a >=2-distinct quorum[2m > [22m[2ma SINGLE-receiver drop is NOT correlated (k=2 SECONDARY not met) → never even promoted
[22m[39m{"timestamp":"2026-06-20T08:06:54.516Z","level":"INFO","source":"frontend","module":"webrtc/sframe-transform","message":"encrypted frame","context":{"kid":9,"ctr":3,"byteLength":62,"codecOffset":10}}

[90mstdout[2m | apps/validator-daemon/src/canary/__tests__/verify-loop.test.ts[2m > [22m[2mREQ-CFA-052 — pull-corroboration claim board gates the slash on a >=2-distinct quorum[2m > [22m[2ma SINGLE-receiver drop is NOT correlated (k=2 SECONDARY not met) → never even promoted
[22m[39m{"timestamp":"2026-06-20T08:06:54.516Z","level":"INFO","source":"frontend","module":"webrtc/sframe-transform","message":"encrypted frame","context":{"kid":9,"ctr":4,"byteLength":62,"codecOffset":10}}

[90mstdout[2m | apps/validator-daemon/src/canary/__tests__/verify-loop.test.ts[2m > [22m[2mREQ-CFA-052 — pull-corroboration claim board gates the slash on a >=2-distinct quorum[2m > [22m[2ma SINGLE-receiver drop is NOT correlated (k=2 SECONDARY not met) → never even promoted
[22m[39m{"timestamp":"2026-06-20T08:06:54.516Z","level":"INFO","source":"frontend","module":"webrtc/sframe-transform","message":"encrypted frame","context":{"kid":9,"ctr":5,"byteLength":62,"codecOffset":10}}

[90mstdout[2m | apps/validator-daemon/src/canary/__tests__/verify-loop.test.ts[2m > [22m[2mREQ-CFA-052 — pull-corroboration claim board gates the slash on a >=2-distinct quorum[2m > [22m[2ma SINGLE-receiver drop is NOT correlated (k=2 SECONDARY not met) → never even promoted
[22m[39m{"timestamp":"2026-06-20T08:06:54.517Z","level":"INFO","source":"frontend","module":"webrtc/sframe-transform","message":"encrypted frame","context":{"kid":9,"ctr":6,"byteLength":62,"codecOffset":10}}

[90mstdout[2m | apps/validator-daemon/src/canary/__tests__/verify-loop.test.ts[2m > [22m[2mREQ-CFA-052 — pull-corroboration claim board gates the slash on a >=2-distinct quorum[2m > [22m[2ma SINGLE-receiver drop is NOT correlated (k=2 SECONDARY not met) → never even promoted
[22m[39m{"timestamp":"2026-06-20T08:06:54.517Z","level":"INFO","source":"frontend","module":"webrtc/sframe-transform","message":"encrypted frame","context":{"kid":9,"ctr":7,"byteLength":62,"codecOffset":10}}

[90mstdout[2m | apps/validator-daemon/src/canary/__tests__/verify-loop.test.ts[2m > [22m[2mREQ-CFA-052 — pull-corroboration claim board gates the slash on a >=2-distinct quorum[2m > [22m[2ma SINGLE-receiver drop is NOT correlated (k=2 SECONDARY not met) → never even promoted
[22m[39m{"timestamp":"2026-06-20T08:06:54.517Z","level":"INFO","source":"frontend","module":"webrtc/sframe-transform","message":"encrypted frame","context":{"kid":9,"ctr":0,"byteLength":62,"codecOffset":10}}

[90mstdout[2m | apps/validator-daemon/src/canary/__tests__/verify-loop.test.ts[2m > [22m[2mREQ-CFA-052 — pull-corroboration claim board gates the slash on a >=2-distinct quorum[2m > [22m[2ma SINGLE-receiver drop is NOT correlated (k=2 SECONDARY not met) → never even promoted
[22m[39m{"timestamp":"2026-06-20T08:06:54.518Z","level":"INFO","source":"frontend","module":"webrtc/sframe-transform","message":"encrypted frame","context":{"kid":9,"ctr":1,"byteLength":62,"codecOffset":10}}

[90mstdout[2m | apps/validator-daemon/src/canary/__tests__/verify-loop.test.ts[2m > [22m[2mREQ-CFA-052 — pull-corroboration claim board gates the slash on a >=2-distinct quorum[2m > [22m[2ma SINGLE-receiver drop is NOT correlated (k=2 SECONDARY not met) → never even promoted
[22m[39m{"timestamp":"2026-06-20T08:06:54.518Z","level":"INFO","source":"frontend","module":"webrtc/sframe-transform","message":"encrypted frame","context":{"kid":9,"ctr":2,"byteLength":62,"codecOffset":10}}

[90mstdout[2m | apps/validator-daemon/src/canary/__tests__/verify-loop.test.ts[2m > [22m[2mREQ-CFA-052 — pull-corroboration claim board gates the slash on a >=2-distinct quorum[2m > [22m[2ma SINGLE-receiver drop is NOT correlated (k=2 SECONDARY not met) → never even promoted
[22m[39m{"timestamp":"2026-06-20T08:06:54.518Z","level":"INFO","source":"frontend","module":"webrtc/sframe-transform","message":"encrypted frame","context":{"kid":9,"ctr":3,"byteLength":62,"codecOffset":10}}

[90mstdout[2m | apps/validator-daemon/src/canary/__tests__/verify-loop.test.ts[2m > [22m[2mREQ-CFA-052 — pull-corroboration claim board gates the slash on a >=2-distinct quorum[2m > [22m[2ma SINGLE-receiver drop is NOT correlated (k=2 SECONDARY not met) → never even promoted
[22m[39m{"timestamp":"2026-06-20T08:06:54.518Z","level":"INFO","source":"frontend","module":"webrtc/sframe-transform","message":"encrypted frame","context":{"kid":9,"ctr":4,"byteLength":62,"codecOffset":10}}

[90mstdout[2m | apps/validator-daemon/src/canary/__tests__/verify-loop.test.ts[2m > [22m[2mREQ-CFA-052 — pull-corroboration claim board gates the slash on a >=2-distinct quorum[2m > [22m[2ma SINGLE-receiver drop is NOT correlated (k=2 SECONDARY not met) → never even promoted
[22m[39m{"timestamp":"2026-06-20T08:06:54.519Z","level":"INFO","source":"frontend","module":"webrtc/sframe-transform","message":"encrypted frame","context":{"kid":9,"ctr":5,"byteLength":62,"codecOffset":10}}

[90mstdout[2m | apps/validator-daemon/src/canary/__tests__/verify-loop.test.ts[2m > [22m[2mREQ-CFA-052 — pull-corroboration claim board gates the slash on a >=2-distinct quorum[2m > [22m[2ma SINGLE-receiver drop is NOT correlated (k=2 SECONDARY not met) → never even promoted
[22m[39m{"timestamp":"2026-06-20T08:06:54.519Z","level":"INFO","source":"frontend","module":"webrtc/sframe-transform","message":"encrypted frame","context":{"kid":9,"ctr":6,"byteLength":62,"codecOffset":10}}

[90mstdout[2m | apps/validator-daemon/src/canary/__tests__/verify-loop.test.ts[2m > [22m[2mREQ-CFA-052 — pull-corroboration claim board gates the slash on a >=2-distinct quorum[2m > [22m[2ma SINGLE-receiver drop is NOT correlated (k=2 SECONDARY not met) → never even promoted
[22m[39m{"timestamp":"2026-06-20T08:06:54.519Z","level":"INFO","source":"frontend","module":"webrtc/sframe-transform","message":"encrypted frame","context":{"kid":9,"ctr":7,"byteLength":62,"codecOffset":10}}

{"level":30,"time":1781942814519,"pid":39960,"hostname":"Quang","name":"canary/verifier","canaryKid":9,"mediaPackets":7,"byteIdentical":7,"divergences":1,"msg":"canary forwarding verified"}
[90mstdout[2m | apps/validator-daemon/src/canary/__tests__/verify-loop.test.ts[2m > [22m[2mREQ-CFA-052 — pull-corroboration claim board gates the slash on a >=2-distinct quorum[2m > [22m[2ma SINGLE-receiver drop is NOT correlated (k=2 SECONDARY not met) → never even promoted
[22m[39m{"timestamp":"2026-06-20T08:06:54.520Z","level":"INFO","source":"frontend","module":"webrtc/sframe-transform","message":"encrypted frame","context":{"kid":9,"ctr":0,"byteLength":62,"codecOffset":10}}

[90mstdout[2m | apps/validator-daemon/src/canary/__tests__/verify-loop.test.ts[2m > [22m[2mREQ-CFA-052 — pull-corroboration claim board gates the slash on a >=2-distinct quorum[2m > [22m[2ma SINGLE-receiver drop is NOT correlated (k=2 SECONDARY not met) → never even promoted
[22m[39m{"timestamp":"2026-06-20T08:06:54.520Z","level":"INFO","source":"frontend","module":"webrtc/sframe-transform","message":"encrypted frame","context":{"kid":9,"ctr":1,"byteLength":62,"codecOffset":10}}

[90mstdout[2m | apps/validator-daemon/src/canary/__tests__/verify-loop.test.ts[2m > [22m[2mREQ-CFA-052 — pull-corroboration claim board gates the slash on a >=2-distinct quorum[2m > [22m[2ma SINGLE-receiver drop is NOT correlated (k=2 SECONDARY not met) → never even promoted
[22m[39m{"timestamp":"2026-06-20T08:06:54.520Z","level":"INFO","source":"frontend","module":"webrtc/sframe-transform","message":"encrypted frame","context":{"kid":9,"ctr":2,"byteLength":62,"codecOffset":10}}

[90mstdout[2m | apps/validator-daemon/src/canary/__tests__/verify-loop.test.ts[2m > [22m[2mREQ-CFA-052 — pull-corroboration claim board gates the slash on a >=2-distinct quorum[2m > [22m[2ma SINGLE-receiver drop is NOT correlated (k=2 SECONDARY not met) → never even promoted
[22m[39m{"timestamp":"2026-06-20T08:06:54.521Z","level":"INFO","source":"frontend","module":"webrtc/sframe-transform","message":"encrypted frame","context":{"kid":9,"ctr":3,"byteLength":62,"codecOffset":10}}

[90mstdout[2m | apps/validator-daemon/src/canary/__tests__/verify-loop.test.ts[2m > [22m[2mREQ-CFA-052 — pull-corroboration claim board gates the slash on a >=2-distinct quorum[2m > [22m[2ma SINGLE-receiver drop is NOT correlated (k=2 SECONDARY not met) → never even promoted
[22m[39m{"timestamp":"2026-06-20T08:06:54.521Z","level":"INFO","source":"frontend","module":"webrtc/sframe-transform","message":"encrypted frame","context":{"kid":9,"ctr":4,"byteLength":62,"codecOffset":10}}

[90mstdout[2m | apps/validator-daemon/src/canary/__tests__/verify-loop.test.ts[2m > [22m[2mREQ-CFA-052 — pull-corroboration claim board gates the slash on a >=2-distinct quorum[2m > [22m[2ma SINGLE-receiver drop is NOT correlated (k=2 SECONDARY not met) → never even promoted
[22m[39m{"timestamp":"2026-06-20T08:06:54.521Z","level":"INFO","source":"frontend","module":"webrtc/sframe-transform","message":"encrypted frame","context":{"kid":9,"ctr":5,"byteLength":62,"codecOffset":10}}

[90mstdout[2m | apps/validator-daemon/src/canary/__tests__/verify-loop.test.ts[2m > [22m[2mREQ-CFA-052 — pull-corroboration claim board gates the slash on a >=2-distinct quorum[2m > [22m[2ma SINGLE-receiver drop is NOT correlated (k=2 SECONDARY not met) → never even promoted
[22m[39m{"timestamp":"2026-06-20T08:06:54.522Z","level":"INFO","source":"frontend","module":"webrtc/sframe-transform","message":"encrypted frame","context":{"kid":9,"ctr":6,"byteLength":62,"codecOffset":10}}

[90mstdout[2m | apps/validator-daemon/src/canary/__tests__/verify-loop.test.ts[2m > [22m[2mREQ-CFA-052 — pull-corroboration claim board gates the slash on a >=2-distinct quorum[2m > [22m[2ma SINGLE-receiver drop is NOT correlated (k=2 SECONDARY not met) → never even promoted
[22m[39m{"timestamp":"2026-06-20T08:06:54.522Z","level":"INFO","source":"frontend","module":"webrtc/sframe-transform","message":"encrypted frame","context":{"kid":9,"ctr":7,"byteLength":62,"codecOffset":10}}

{"level":30,"time":1781942814522,"pid":39960,"hostname":"Quang","name":"canary/verifier","canaryKid":9,"mediaPackets":8,"byteIdentical":8,"divergences":0,"msg":"canary forwarding verified"}
{"level":30,"time":1781942814522,"pid":39960,"hostname":"Quang","name":"canary/loss-classifier","relayMinerId":"relay-under-audit","promoted":0,"absorbed":1,"tampers":0,"cumulativeCrossed":true,"msg":"canary divergences classified (drop gate / tamper p=1)"}
{"level":30,"time":1781942814522,"pid":39960,"hostname":"Quang","name":"canary/verify-loop","round":5,"relayMinerId":"relay-under-audit","roomId":"verify-loop-room","perReceiver":2,"promoted":0,"absorbed":1,"stunLossBps":"0","msg":"canary verify round classified (hermetic half — synthetic capture, STUN read live)"}
[90mstdout[2m | apps/validator-daemon/src/canary/__tests__/verify-loop.test.ts[2m > [22m[2mREQ-CFA-052 — pull-corroboration claim board gates the slash on a >=2-distinct quorum[2m > [22m[2ma SINGLE-receiver drop is NOT correlated (k=2 SECONDARY not met) → never even promoted
[22m[39m{"timestamp":"2026-06-20T08:06:54.523Z","level":"INFO","source":"frontend","module":"webrtc/sframe-transform","message":"encrypted frame","context":{"kid":9,"ctr":0,"byteLength":62,"codecOffset":10}}

[90mstdout[2m | apps/validator-daemon/src/canary/__tests__/verify-loop.test.ts[2m > [22m[2mREQ-CFA-052 — pull-corroboration claim board gates the slash on a >=2-distinct quorum[2m > [22m[2ma SINGLE-receiver drop is NOT correlated (k=2 SECONDARY not met) → never even promoted
[22m[39m{"timestamp":"2026-06-20T08:06:54.523Z","level":"INFO","source":"frontend","module":"webrtc/sframe-transform","message":"encrypted frame","context":{"kid":9,"ctr":1,"byteLength":62,"codecOffset":10}}

[90mstdout[2m | apps/validator-daemon/src/canary/__tests__/verify-loop.test.ts[2m > [22m[2mREQ-CFA-052 — pull-corroboration claim board gates the slash on a >=2-distinct quorum[2m > [22m[2ma SINGLE-receiver drop is NOT correlated (k=2 SECONDARY not met) → never even promoted
[22m[39m{"timestamp":"2026-06-20T08:06:54.523Z","level":"INFO","source":"frontend","module":"webrtc/sframe-transform","message":"encrypted frame","context":{"kid":9,"ctr":2,"byteLength":62,"codecOffset":10}}

[90mstdout[2m | apps/validator-daemon/src/canary/__tests__/verify-loop.test.ts[2m > [22m[2mREQ-CFA-052 — pull-corroboration claim board gates the slash on a >=2-distinct quorum[2m > [22m[2ma SINGLE-receiver drop is NOT correlated (k=2 SECONDARY not met) → never even promoted
[22m[39m{"timestamp":"2026-06-20T08:06:54.524Z","level":"INFO","source":"frontend","module":"webrtc/sframe-transform","message":"encrypted frame","context":{"kid":9,"ctr":3,"byteLength":62,"codecOffset":10}}

[90mstdout[2m | apps/validator-daemon/src/canary/__tests__/verify-loop.test.ts[2m > [22m[2mREQ-CFA-052 — pull-corroboration claim board gates the slash on a >=2-distinct quorum[2m > [22m[2ma SINGLE-receiver drop is NOT correlated (k=2 SECONDARY not met) → never even promoted
[22m[39m{"timestamp":"2026-06-20T08:06:54.524Z","level":"INFO","source":"frontend","module":"webrtc/sframe-transform","message":"encrypted frame","context":{"kid":9,"ctr":4,"byteLength":62,"codecOffset":10}}

[90mstdout[2m | apps/validator-daemon/src/canary/__tests__/verify-loop.test.ts[2m > [22m[2mREQ-CFA-052 — pull-corroboration claim board gates the slash on a >=2-distinct quorum[2m > [22m[2ma SINGLE-receiver drop is NOT correlated (k=2 SECONDARY not met) → never even promoted
[22m[39m{"timestamp":"2026-06-20T08:06:54.524Z","level":"INFO","source":"frontend","module":"webrtc/sframe-transform","message":"encrypted frame","context":{"kid":9,"ctr":6,"byteLength":62,"codecOffset":10}}

[90mstdout[2m | apps/validator-daemon/src/canary/__tests__/verify-loop.test.ts[2m > [22m[2mREQ-CFA-052 — pull-corroboration claim board gates the slash on a >=2-distinct quorum[2m > [22m[2ma SINGLE-receiver drop is NOT correlated (k=2 SECONDARY not met) → never even promoted
[22m[39m{"timestamp":"2026-06-20T08:06:54.525Z","level":"INFO","source":"frontend","module":"webrtc/sframe-transform","message":"encrypted frame","context":{"kid":9,"ctr":7,"byteLength":62,"codecOffset":10}}

[90mstdout[2m | apps/validator-daemon/src/canary/__tests__/verify-loop.test.ts[2m > [22m[2mREQ-CFA-052 — pull-corroboration claim board gates the slash on a >=2-distinct quorum[2m > [22m[2ma SINGLE-receiver drop is NOT correlated (k=2 SECONDARY not met) → never even promoted
[22m[39m{"timestamp":"2026-06-20T08:06:54.525Z","level":"INFO","source":"frontend","module":"webrtc/sframe-transform","message":"encrypted frame","context":{"kid":9,"ctr":0,"byteLength":62,"codecOffset":10}}

[90mstdout[2m | apps/validator-daemon/src/canary/__tests__/verify-loop.test.ts[2m > [22m[2mREQ-CFA-052 — pull-corroboration claim board gates the slash on a >=2-distinct quorum[2m > [22m[2ma SINGLE-receiver drop is NOT correlated (k=2 SECONDARY not met) → never even promoted
[22m[39m{"timestamp":"2026-06-20T08:06:54.525Z","level":"INFO","source":"frontend","module":"webrtc/sframe-transform","message":"encrypted frame","context":{"kid":9,"ctr":1,"byteLength":62,"codecOffset":10}}

[90mstdout[2m | apps/validator-daemon/src/canary/__tests__/verify-loop.test.ts[2m > [22m[2mREQ-CFA-052 — pull-corroboration claim board gates the slash on a >=2-distinct quorum[2m > [22m[2ma SINGLE-receiver drop is NOT correlated (k=2 SECONDARY not met) → never even promoted
[22m[39m{"timestamp":"2026-06-20T08:06:54.526Z","level":"INFO","source":"frontend","module":"webrtc/sframe-transform","message":"encrypted frame","context":{"kid":9,"ctr":2,"byteLength":62,"codecOffset":10}}

[90mstdout[2m | apps/validator-daemon/src/canary/__tests__/verify-loop.test.ts[2m > [22m[2mREQ-CFA-052 — pull-corroboration claim board gates the slash on a >=2-distinct quorum[2m > [22m[2ma SINGLE-receiver drop is NOT correlated (k=2 SECONDARY not met) → never even promoted
[22m[39m{"timestamp":"2026-06-20T08:06:54.526Z","level":"INFO","source":"frontend","module":"webrtc/sframe-transform","message":"encrypted frame","context":{"kid":9,"ctr":3,"byteLength":62,"codecOffset":10}}

[90mstdout[2m | apps/validator-daemon/src/canary/__tests__/verify-loop.test.ts[2m > [22m[2mREQ-CFA-052 — pull-corroboration claim board gates the slash on a >=2-distinct quorum[2m > [22m[2ma SINGLE-receiver drop is NOT correlated (k=2 SECONDARY not met) → never even promoted
[22m[39m{"timestamp":"2026-06-20T08:06:54.526Z","level":"INFO","source":"frontend","module":"webrtc/sframe-transform","message":"encrypted frame","context":{"kid":9,"ctr":4,"byteLength":62,"codecOffset":10}}

[90mstdout[2m | apps/validator-daemon/src/canary/__tests__/verify-loop.test.ts[2m > [22m[2mREQ-CFA-052 — pull-corroboration claim board gates the slash on a >=2-distinct quorum[2m > [22m[2ma SINGLE-receiver drop is NOT correlated (k=2 SECONDARY not met) → never even promoted
[22m[39m{"timestamp":"2026-06-20T08:06:54.527Z","level":"INFO","source":"frontend","module":"webrtc/sframe-transform","message":"encrypted frame","context":{"kid":9,"ctr":5,"byteLength":62,"codecOffset":10}}

[90mstdout[2m | apps/validator-daemon/src/canary/__tests__/verify-loop.test.ts[2m > [22m[2mREQ-CFA-052 — pull-corroboration claim board gates the slash on a >=2-distinct quorum[2m > [22m[2ma SINGLE-receiver drop is NOT correlated (k=2 SECONDARY not met) → never even promoted
[22m[39m{"timestamp":"2026-06-20T08:06:54.527Z","level":"INFO","source":"frontend","module":"webrtc/sframe-transform","message":"encrypted frame","context":{"kid":9,"ctr":6,"byteLength":62,"codecOffset":10}}

[90mstdout[2m | apps/validator-daemon/src/canary/__tests__/verify-loop.test.ts[2m > [22m[2mREQ-CFA-052 — pull-corroboration claim board gates the slash on a >=2-distinct quorum[2m > [22m[2ma SINGLE-receiver drop is NOT correlated (k=2 SECONDARY not met) → never even promoted
[22m[39m{"timestamp":"2026-06-20T08:06:54.527Z","level":"INFO","source":"frontend","module":"webrtc/sframe-transform","message":"encrypted frame","context":{"kid":9,"ctr":7,"byteLength":62,"codecOffset":10}}

[90mstdout[2m | apps/validator-daemon/src/canary/__tests__/verify-loop.test.ts[2m > [22m[2mREQ-CFA-052 — pull-corroboration claim board gates the slash on a >=2-distinct quorum[2m > [22m[2ma SINGLE-receiver drop is NOT correlated (k=2 SECONDARY not met) → never even promoted
[22m[39m{"timestamp":"2026-06-20T08:06:54.527Z","level":"INFO","source":"frontend","module":"webrtc/sframe-transform","message":"encrypted frame","context":{"kid":9,"ctr":0,"byteLength":62,"codecOffset":10}}

[90mstdout[2m | apps/validator-daemon/src/canary/__tests__/verify-loop.test.ts[2m > [22m[2mREQ-CFA-052 — pull-corroboration claim board gates the slash on a >=2-distinct quorum[2m > [22m[2ma SINGLE-receiver drop is NOT correlated (k=2 SECONDARY not met) → never even promoted
[22m[39m{"timestamp":"2026-06-20T08:06:54.528Z","level":"INFO","source":"frontend","module":"webrtc/sframe-transform","message":"encrypted frame","context":{"kid":9,"ctr":1,"byteLength":62,"codecOffset":10}}

[90mstdout[2m | apps/validator-daemon/src/canary/__tests__/verify-loop.test.ts[2m > [22m[2mREQ-CFA-052 — pull-corroboration claim board gates the slash on a >=2-distinct quorum[2m > [22m[2ma SINGLE-receiver drop is NOT correlated (k=2 SECONDARY not met) → never even promoted
[22m[39m{"timestamp":"2026-06-20T08:06:54.528Z","level":"INFO","source":"frontend","module":"webrtc/sframe-transform","message":"encrypted frame","context":{"kid":9,"ctr":2,"byteLength":62,"codecOffset":10}}

[90mstdout[2m | apps/validator-daemon/src/canary/__tests__/verify-loop.test.ts[2m > [22m[2mREQ-CFA-052 — pull-corroboration claim board gates the slash on a >=2-distinct quorum[2m > [22m[2ma SINGLE-receiver drop is NOT correlated (k=2 SECONDARY not met) → never even promoted
[22m[39m{"timestamp":"2026-06-20T08:06:54.529Z","level":"INFO","source":"frontend","module":"webrtc/sframe-transform","message":"encrypted frame","context":{"kid":9,"ctr":3,"byteLength":62,"codecOffset":10}}

[90mstdout[2m | apps/validator-daemon/src/canary/__tests__/verify-loop.test.ts[2m > [22m[2mREQ-CFA-052 — pull-corroboration claim board gates the slash on a >=2-distinct quorum[2m > [22m[2ma SINGLE-receiver drop is NOT correlated (k=2 SECONDARY not met) → never even promoted
[22m[39m{"timestamp":"2026-06-20T08:06:54.529Z","level":"INFO","source":"frontend","module":"webrtc/sframe-transform","message":"encrypted frame","context":{"kid":9,"ctr":4,"byteLength":62,"codecOffset":10}}

[90mstdout[2m | apps/validator-daemon/src/canary/__tests__/verify-loop.test.ts[2m > [22m[2mREQ-CFA-052 — pull-corroboration claim board gates the slash on a >=2-distinct quorum[2m > [22m[2ma SINGLE-receiver drop is NOT correlated (k=2 SECONDARY not met) → never even promoted
[22m[39m{"timestamp":"2026-06-20T08:06:54.530Z","level":"INFO","source":"frontend","module":"webrtc/sframe-transform","message":"encrypted frame","context":{"kid":9,"ctr":5,"byteLength":62,"codecOffset":10}}

[90mstdout[2m | apps/validator-daemon/src/canary/__tests__/verify-loop.test.ts[2m > [22m[2mREQ-CFA-052 — pull-corroboration claim board gates the slash on a >=2-distinct quorum[2m > [22m[2ma SINGLE-receiver drop is NOT correlated (k=2 SECONDARY not met) → never even promoted
[22m[39m{"timestamp":"2026-06-20T08:06:54.530Z","level":"INFO","source":"frontend","module":"webrtc/sframe-transform","message":"encrypted frame","context":{"kid":9,"ctr":6,"byteLength":62,"codecOffset":10}}

[90mstdout[2m | apps/validator-daemon/src/canary/__tests__/verify-loop.test.ts[2m > [22m[2mREQ-CFA-052 — pull-corroboration claim board gates the slash on a >=2-distinct quorum[2m > [22m[2ma SINGLE-receiver drop is NOT correlated (k=2 SECONDARY not met) → never even promoted
[22m[39m{"timestamp":"2026-06-20T08:06:54.531Z","level":"INFO","source":"frontend","module":"webrtc/sframe-transform","message":"encrypted frame","context":{"kid":9,"ctr":7,"byteLength":62,"codecOffset":10}}

{"level":30,"time":1781942814531,"pid":39960,"hostname":"Quang","name":"canary/verifier","canaryKid":9,"mediaPackets":7,"byteIdentical":7,"divergences":1,"msg":"canary forwarding verified"}
[90mstdout[2m | apps/validator-daemon/src/canary/__tests__/verify-loop.test.ts[2m > [22m[2mREQ-CFA-052 — pull-corroboration claim board gates the slash on a >=2-distinct quorum[2m > [22m[2ma SINGLE-receiver drop is NOT correlated (k=2 SECONDARY not met) → never even promoted
[22m[39m{"timestamp":"2026-06-20T08:06:54.531Z","level":"INFO","source":"frontend","module":"webrtc/sframe-transform","message":"encrypted frame","context":{"kid":9,"ctr":0,"byteLength":62,"codecOffset":10}}

[90mstdout[2m | apps/validator-daemon/src/canary/__tests__/verify-loop.test.ts[2m > [22m[2mREQ-CFA-052 — pull-corroboration claim board gates the slash on a >=2-distinct quorum[2m > [22m[2ma SINGLE-receiver drop is NOT correlated (k=2 SECONDARY not met) → never even promoted
[22m[39m{"timestamp":"2026-06-20T08:06:54.532Z","level":"INFO","source":"frontend","module":"webrtc/sframe-transform","message":"encrypted frame","context":{"kid":9,"ctr":1,"byteLength":62,"codecOffset":10}}

[90mstdout[2m | apps/validator-daemon/src/canary/__tests__/verify-loop.test.ts[2m > [22m[2mREQ-CFA-052 — pull-corroboration claim board gates the slash on a >=2-distinct quorum[2m > [22m[2ma SINGLE-receiver drop is NOT correlated (k=2 SECONDARY not met) → never even promoted
[22m[39m{"timestamp":"2026-06-20T08:06:54.532Z","level":"INFO","source":"frontend","module":"webrtc/sframe-transform","message":"encrypted frame","context":{"kid":9,"ctr":2,"byteLength":62,"codecOffset":10}}

[90mstdout[2m | apps/validator-daemon/src/canary/__tests__/verify-loop.test.ts[2m > [22m[2mREQ-CFA-052 — pull-corroboration claim board gates the slash on a >=2-distinct quorum[2m > [22m[2ma SINGLE-receiver drop is NOT correlated (k=2 SECONDARY not met) → never even promoted
[22m[39m{"timestamp":"2026-06-20T08:06:54.532Z","level":"INFO","source":"frontend","module":"webrtc/sframe-transform","message":"encrypted frame","context":{"kid":9,"ctr":3,"byteLength":62,"codecOffset":10}}

[90mstdout[2m | apps/validator-daemon/src/canary/__tests__/verify-loop.test.ts[2m > [22m[2mREQ-CFA-052 — pull-corroboration claim board gates the slash on a >=2-distinct quorum[2m > [22m[2ma SINGLE-receiver drop is NOT correlated (k=2 SECONDARY not met) → never even promoted
[22m[39m{"timestamp":"2026-06-20T08:06:54.533Z","level":"INFO","source":"frontend","module":"webrtc/sframe-transform","message":"encrypted frame","context":{"kid":9,"ctr":4,"byteLength":62,"codecOffset":10}}

[90mstdout[2m | apps/validator-daemon/src/canary/__tests__/verify-loop.test.ts[2m > [22m[2mREQ-CFA-052 — pull-corroboration claim board gates the slash on a >=2-distinct quorum[2m > [22m[2ma SINGLE-receiver drop is NOT correlated (k=2 SECONDARY not met) → never even promoted
[22m[39m{"timestamp":"2026-06-20T08:06:54.533Z","level":"INFO","source":"frontend","module":"webrtc/sframe-transform","message":"encrypted frame","context":{"kid":9,"ctr":5,"byteLength":62,"codecOffset":10}}

[90mstdout[2m | apps/validator-daemon/src/canary/__tests__/verify-loop.test.ts[2m > [22m[2mREQ-CFA-052 — pull-corroboration claim board gates the slash on a >=2-distinct quorum[2m > [22m[2ma SINGLE-receiver drop is NOT correlated (k=2 SECONDARY not met) → never even promoted
[22m[39m{"timestamp":"2026-06-20T08:06:54.533Z","level":"INFO","source":"frontend","module":"webrtc/sframe-transform","message":"encrypted frame","context":{"kid":9,"ctr":6,"byteLength":62,"codecOffset":10}}

[90mstdout[2m | apps/validator-daemon/src/canary/__tests__/verify-loop.test.ts[2m > [22m[2mREQ-CFA-052 — pull-corroboration claim board gates the slash on a >=2-distinct quorum[2m > [22m[2ma SINGLE-receiver drop is NOT correlated (k=2 SECONDARY not met) → never even promoted
[22m[39m{"timestamp":"2026-06-20T08:06:54.534Z","level":"INFO","source":"frontend","module":"webrtc/sframe-transform","message":"encrypted frame","context":{"kid":9,"ctr":7,"byteLength":62,"codecOffset":10}}

{"level":30,"time":1781942814534,"pid":39960,"hostname":"Quang","name":"canary/verifier","canaryKid":9,"mediaPackets":8,"byteIdentical":8,"divergences":0,"msg":"canary forwarding verified"}
{"level":30,"time":1781942814534,"pid":39960,"hostname":"Quang","name":"canary/loss-classifier","relayMinerId":"relay-under-audit","promoted":0,"absorbed":1,"tampers":0,"cumulativeCrossed":true,"msg":"canary divergences classified (drop gate / tamper p=1)"}
{"level":30,"time":1781942814534,"pid":39960,"hostname":"Quang","name":"canary/verify-loop","round":6,"relayMinerId":"relay-under-audit","roomId":"verify-loop-room","perReceiver":2,"promoted":0,"absorbed":1,"stunLossBps":"0","msg":"canary verify round classified (hermetic half — synthetic capture, STUN read live)"}
{"level":30,"time":1781942814536,"pid":39960,"hostname":"Quang","name":"canary/verify-loop","intervalMs":1000000,"msg":"canary verify loop started (hermetic half)"}
{"level":50,"time":1781942814536,"pid":39960,"hostname":"Quang","name":"canary/verify-loop","err":{"type":"Error","message":"synthetic capture failure (first round)","stack":"Error: synthetic capture failure (first round)\n    at Object.capture (C:\\Thesis\\dvconf\\dvconf-daemons\\apps\\validator-daemon\\src\\canary\\__tests__\\verify-loop.test.ts:309:32)\n    at runCanaryVerifyRound (C:\\Thesis\\dvconf\\dvconf-daemons\\apps\\validator-daemon\\src\\canary\\verify-loop.ts:209:28)\n    at runOnce (C:\\Thesis\\dvconf\\dvconf-daemons\\apps\\validator-daemon\\src\\canary\\verify-loop.ts:346:25)\n    at tick (C:\\Thesis\\dvconf\\dvconf-daemons\\apps\\validator-daemon\\src\\canary\\verify-loop.ts:362:16)\n    at startCanaryVerifyLoop (C:\\Thesis\\dvconf\\dvconf-daemons\\apps\\validator-daemon\\src\\canary\\verify-loop.ts:368:3)\n    at C:\\Thesis\\dvconf\\dvconf-daemons\\apps\\validator-daemon\\src\\canary\\__tests__\\verify-loop.test.ts:336:20\n    at file:///C:/Thesis/dvconf/dvconf-daemons/node_modules/.pnpm/@vitest+runner@3.2.4/node_modules/@vitest/runner/dist/chunk-hooks.js:155:11\n    at file:///C:/Thesis/dvconf/dvconf-daemons/node_modules/.pnpm/@vitest+runner@3.2.4/node_modules/@vitest/runner/dist/chunk-hooks.js:752:26\n    at file:///C:/Thesis/dvconf/dvconf-daemons/node_modules/.pnpm/@vitest+runner@3.2.4/node_modules/@vitest/runner/dist/chunk-hooks.js:1897:20\n    at new Promise (<anonymous>)"},"round":0,"msg":"canary verify round failed (loop continues)"}
[90mstdout[2m | apps/validator-daemon/src/canary/__tests__/verify-loop.test.ts[2m > [22m[2mREQ-CFA-042 — startCanaryVerifyLoop survives a thrown round (crash-safe)[2m > [22m[2ma capture that throws on the FIRST round does NOT stop the next round from running
[22m[39m{"timestamp":"2026-06-20T08:06:54.542Z","level":"INFO","source":"frontend","module":"webrtc/sframe-transform","message":"encrypted frame","context":{"kid":9,"ctr":0,"byteLength":62,"codecOffset":10}}

[90mstdout[2m | apps/validator-daemon/src/canary/__tests__/verify-loop.test.ts[2m > [22m[2mREQ-CFA-042 — startCanaryVerifyLoop survives a thrown round (crash-safe)[2m > [22m[2ma capture that throws on the FIRST round does NOT stop the next round from running
[22m[39m{"timestamp":"2026-06-20T08:06:54.542Z","level":"INFO","source":"frontend","module":"webrtc/sframe-transform","message":"encrypted frame","context":{"kid":9,"ctr":1,"byteLength":62,"codecOffset":10}}

[90mstdout[2m | apps/validator-daemon/src/canary/__tests__/verify-loop.test.ts[2m > [22m[2mREQ-CFA-042 — startCanaryVerifyLoop survives a thrown round (crash-safe)[2m > [22m[2ma capture that throws on the FIRST round does NOT stop the next round from running
[22m[39m{"timestamp":"2026-06-20T08:06:54.543Z","level":"INFO","source":"frontend","module":"webrtc/sframe-transform","message":"encrypted frame","context":{"kid":9,"ctr":3,"byteLength":62,"codecOffset":10}}

[90mstdout[2m | apps/validator-daemon/src/canary/__tests__/verify-loop.test.ts[2m > [22m[2mREQ-CFA-042 — startCanaryVerifyLoop survives a thrown round (crash-safe)[2m > [22m[2ma capture that throws on the FIRST round does NOT stop the next round from running
[22m[39m{"timestamp":"2026-06-20T08:06:54.543Z","level":"INFO","source":"frontend","module":"webrtc/sframe-transform","message":"encrypted frame","context":{"kid":9,"ctr":0,"byteLength":62,"codecOffset":10}}

[90mstdout[2m | apps/validator-daemon/src/canary/__tests__/verify-loop.test.ts[2m > [22m[2mREQ-CFA-042 — startCanaryVerifyLoop survives a thrown round (crash-safe)[2m > [22m[2ma capture that throws on the FIRST round does NOT stop the next round from running
[22m[39m{"timestamp":"2026-06-20T08:06:54.544Z","level":"INFO","source":"frontend","module":"webrtc/sframe-transform","message":"encrypted frame","context":{"kid":9,"ctr":1,"byteLength":62,"codecOffset":10}}

[90mstdout[2m | apps/validator-daemon/src/canary/__tests__/verify-loop.test.ts[2m > [22m[2mREQ-CFA-042 — startCanaryVerifyLoop survives a thrown round (crash-safe)[2m > [22m[2ma capture that throws on the FIRST round does NOT stop the next round from running
[22m[39m{"timestamp":"2026-06-20T08:06:54.544Z","level":"INFO","source":"frontend","module":"webrtc/sframe-transform","message":"encrypted frame","context":{"kid":9,"ctr":2,"byteLength":62,"codecOffset":10}}

[90mstdout[2m | apps/validator-daemon/src/canary/__tests__/verify-loop.test.ts[2m > [22m[2mREQ-CFA-042 — startCanaryVerifyLoop survives a thrown round (crash-safe)[2m > [22m[2ma capture that throws on the FIRST round does NOT stop the next round from running
[22m[39m{"timestamp":"2026-06-20T08:06:54.545Z","level":"INFO","source":"frontend","module":"webrtc/sframe-transform","message":"encrypted frame","context":{"kid":9,"ctr":3,"byteLength":62,"codecOffset":10}}

{"level":30,"time":1781942814545,"pid":39960,"hostname":"Quang","name":"canary/verifier","canaryKid":9,"mediaPackets":3,"byteIdentical":3,"divergences":1,"msg":"canary forwarding verified"}
{"level":30,"time":1781942814545,"pid":39960,"hostname":"Quang","name":"canary/loss-classifier","relayMinerId":"relay-under-audit","promoted":0,"absorbed":1,"tampers":0,"cumulativeCrossed":false,"msg":"canary divergences classified (drop gate / tamper p=1)"}
{"level":30,"time":1781942814545,"pid":39960,"hostname":"Quang","name":"canary/verify-loop","round":1,"relayMinerId":"relay-under-audit","roomId":"verify-loop-room","perReceiver":1,"promoted":0,"absorbed":1,"stunLossBps":"0","msg":"canary verify round classified (hermetic half — synthetic capture, STUN read live)"}
[90mstdout[2m | apps/validator-daemon/src/canary/__tests__/verify-loop.test.ts[2m > [22m[2mREQ-CFA-042 — startCanaryVerifyLoop survives a thrown round (crash-safe)[2m > [22m[2ma capture that throws on the FIRST round does NOT stop the next round from running
[22m[39m{"timestamp":"2026-06-20T08:06:54.545Z","level":"INFO","source":"frontend","module":"webrtc/sframe-transform","message":"encrypted frame","context":{"kid":9,"ctr":0,"byteLength":62,"codecOffset":10}}

[90mstdout[2m | apps/validator-daemon/src/canary/__tests__/verify-loop.test.ts[2m > [22m[2mREQ-CFA-042 — startCanaryVerifyLoop survives a thrown round (crash-safe)[2m > [22m[2ma capture that throws on the FIRST round does NOT stop the next round from running
[22m[39m{"timestamp":"2026-06-20T08:06:54.546Z","level":"INFO","source":"frontend","module":"webrtc/sframe-transform","message":"encrypted frame","context":{"kid":9,"ctr":1,"byteLength":62,"codecOffset":10}}

[90mstdout[2m | apps/validator-daemon/src/canary/__tests__/verify-loop.test.ts[2m > [22m[2mREQ-CFA-042 — startCanaryVerifyLoop survives a thrown round (crash-safe)[2m > [22m[2ma capture that throws on the FIRST round does NOT stop the next round from running
[22m[39m{"timestamp":"2026-06-20T08:06:54.546Z","level":"INFO","source":"frontend","module":"webrtc/sframe-transform","message":"encrypted frame","context":{"kid":9,"ctr":3,"byteLength":62,"codecOffset":10}}

[90mstdout[2m | apps/validator-daemon/src/canary/__tests__/verify-loop.test.ts[2m > [22m[2mREQ-CFA-042 — startCanaryVerifyLoop survives a thrown round (crash-safe)[2m > [22m[2ma capture that throws on the FIRST round does NOT stop the next round from running
[22m[39m{"timestamp":"2026-06-20T08:06:54.546Z","level":"INFO","source":"frontend","module":"webrtc/sframe-transform","message":"encrypted frame","context":{"kid":9,"ctr":0,"byteLength":62,"codecOffset":10}}

[90mstdout[2m | apps/validator-daemon/src/canary/__tests__/verify-loop.test.ts[2m > [22m[2mREQ-CFA-042 — startCanaryVerifyLoop survives a thrown round (crash-safe)[2m > [22m[2ma capture that throws on the FIRST round does NOT stop the next round from running
[22m[39m{"timestamp":"2026-06-20T08:06:54.547Z","level":"INFO","source":"frontend","module":"webrtc/sframe-transform","message":"encrypted frame","context":{"kid":9,"ctr":1,"byteLength":62,"codecOffset":10}}

[90mstdout[2m | apps/validator-daemon/src/canary/__tests__/verify-loop.test.ts[2m > [22m[2mREQ-CFA-042 — startCanaryVerifyLoop survives a thrown round (crash-safe)[2m > [22m[2ma capture that throws on the FIRST round does NOT stop the next round from running
[22m[39m{"timestamp":"2026-06-20T08:06:54.547Z","level":"INFO","source":"frontend","module":"webrtc/sframe-transform","message":"encrypted frame","context":{"kid":9,"ctr":2,"byteLength":62,"codecOffset":10}}

[90mstdout[2m | apps/validator-daemon/src/canary/__tests__/verify-loop.test.ts[2m > [22m[2mREQ-CFA-042 — startCanaryVerifyLoop survives a thrown round (crash-safe)[2m > [22m[2ma capture that throws on the FIRST round does NOT stop the next round from running
[22m[39m{"timestamp":"2026-06-20T08:06:54.547Z","level":"INFO","source":"frontend","module":"webrtc/sframe-transform","message":"encrypted frame","context":{"kid":9,"ctr":3,"byteLength":62,"codecOffset":10}}

{"level":30,"time":1781942814548,"pid":39960,"hostname":"Quang","name":"canary/verifier","canaryKid":9,"mediaPackets":3,"byteIdentical":3,"divergences":1,"msg":"canary forwarding verified"}
{"level":30,"time":1781942814548,"pid":39960,"hostname":"Quang","name":"canary/loss-classifier","relayMinerId":"relay-under-audit","promoted":0,"absorbed":1,"tampers":0,"cumulativeCrossed":false,"msg":"canary divergences classified (drop gate / tamper p=1)"}
{"level":30,"time":1781942814548,"pid":39960,"hostname":"Quang","name":"canary/verify-loop","round":2,"relayMinerId":"relay-under-audit","roomId":"verify-loop-room","perReceiver":1,"promoted":0,"absorbed":1,"stunLossBps":"0","msg":"canary verify round classified (hermetic half — synthetic capture, STUN read live)"}
{"level":30,"time":1781942814548,"pid":39960,"hostname":"Quang","name":"canary/verify-loop","msg":"canary verify loop stopped"}
 [32m✓[39m apps/validator-daemon/src/canary/__tests__/verify-loop.test.ts [2m([22m[2m7 tests[22m[2m)[22m[33m 1567[2mms[22m[39m
   [33m[2m✓[22m[39m REQ-CFA-042 — state.relayStunLossBps is READ as the classifier stunPacketLossBps arg[2m > [22ma HIGH STUN prior ABSORBS a drop that a ZERO STUN prior PROMOTES (two-validator quorum on a shared board) [33m 1152[2mms[22m[39m

[2m Test Files [22m [1m[32m28 passed[39m[22m[90m (28)[39m
[2m      Tests [22m [1m[32m189 passed[39m[22m[90m (189)[39m
[2m   Start at [22m 15:06:48
[2m   Duration [22m 5.70s[2m (transform 4.13s, setup 0ms, collect 57.36s, tests 4.00s, environment 11ms, prepare 9.87s)[22m

