
[1m[46m RUN [49m[22m [36mv3.2.4 [39m[90mC:/Thesis/dvconf/dvconf-daemons[39m

[90mstdout[2m | apps/validator-daemon/src/canary/__tests__/mesh-byzantine.test.ts[2m > [22m[2mREQ-RMS-017 — Byzantine under-server attributed to R via the SHIPPED canary pipeline[2m > [22m[2mR (overclaim->under-serve) is slashed pinned to its miner_id; honest R2 is never slashed
[22m[39m{"timestamp":"2026-06-22T06:19:18.700Z","level":"INFO","source":"frontend","module":"webrtc/sframe-transform","message":"encrypted frame","context":{"kid":9,"ctr":0,"byteLength":62,"codecOffset":10}}

[90mstdout[2m | apps/validator-daemon/src/canary/__tests__/mesh-byzantine.test.ts[2m > [22m[2mREQ-RMS-017 — Byzantine under-server attributed to R via the SHIPPED canary pipeline[2m > [22m[2mR (overclaim->under-serve) is slashed pinned to its miner_id; honest R2 is never slashed
[22m[39m{"timestamp":"2026-06-22T06:19:18.703Z","level":"INFO","source":"frontend","module":"webrtc/sframe-transform","message":"encrypted frame","context":{"kid":9,"ctr":1,"byteLength":62,"codecOffset":10}}

[90mstdout[2m | apps/validator-daemon/src/canary/__tests__/mesh-byzantine.test.ts[2m > [22m[2mREQ-RMS-017 — Byzantine under-server attributed to R via the SHIPPED canary pipeline[2m > [22m[2mR (overclaim->under-serve) is slashed pinned to its miner_id; honest R2 is never slashed
[22m[39m{"timestamp":"2026-06-22T06:19:18.703Z","level":"INFO","source":"frontend","module":"webrtc/sframe-transform","message":"encrypted frame","context":{"kid":9,"ctr":2,"byteLength":62,"codecOffset":10}}

[90mstdout[2m | apps/validator-daemon/src/canary/__tests__/mesh-byzantine.test.ts[2m > [22m[2mREQ-RMS-017 — Byzantine under-server attributed to R via the SHIPPED canary pipeline[2m > [22m[2mR (overclaim->under-serve) is slashed pinned to its miner_id; honest R2 is never slashed
[22m[39m{"timestamp":"2026-06-22T06:19:18.704Z","level":"INFO","source":"frontend","module":"webrtc/sframe-transform","message":"encrypted frame","context":{"kid":9,"ctr":3,"byteLength":62,"codecOffset":10}}

[90mstdout[2m | apps/validator-daemon/src/canary/__tests__/mesh-byzantine.test.ts[2m > [22m[2mREQ-RMS-017 — Byzantine under-server attributed to R via the SHIPPED canary pipeline[2m > [22m[2mR (overclaim->under-serve) is slashed pinned to its miner_id; honest R2 is never slashed
[22m[39m{"timestamp":"2026-06-22T06:19:18.705Z","level":"INFO","source":"frontend","module":"webrtc/sframe-transform","message":"encrypted frame","context":{"kid":9,"ctr":4,"byteLength":62,"codecOffset":10}}

[90mstdout[2m | apps/validator-daemon/src/canary/__tests__/mesh-byzantine.test.ts[2m > [22m[2mREQ-RMS-017 — Byzantine under-server attributed to R via the SHIPPED canary pipeline[2m > [22m[2mR (overclaim->under-serve) is slashed pinned to its miner_id; honest R2 is never slashed
[22m[39m{"timestamp":"2026-06-22T06:19:18.705Z","level":"INFO","source":"frontend","module":"webrtc/sframe-transform","message":"encrypted frame","context":{"kid":9,"ctr":6,"byteLength":62,"codecOffset":10}}

[90mstdout[2m | apps/validator-daemon/src/canary/__tests__/mesh-byzantine.test.ts[2m > [22m[2mREQ-RMS-017 — Byzantine under-server attributed to R via the SHIPPED canary pipeline[2m > [22m[2mR (overclaim->under-serve) is slashed pinned to its miner_id; honest R2 is never slashed
[22m[39m{"timestamp":"2026-06-22T06:19:18.706Z","level":"INFO","source":"frontend","module":"webrtc/sframe-transform","message":"encrypted frame","context":{"kid":9,"ctr":7,"byteLength":62,"codecOffset":10}}

[90mstdout[2m | apps/validator-daemon/src/canary/__tests__/mesh-byzantine.test.ts[2m > [22m[2mREQ-RMS-017 — Byzantine under-server attributed to R via the SHIPPED canary pipeline[2m > [22m[2mR (overclaim->under-serve) is slashed pinned to its miner_id; honest R2 is never slashed
[22m[39m{"timestamp":"2026-06-22T06:19:18.707Z","level":"INFO","source":"frontend","module":"webrtc/sframe-transform","message":"encrypted frame","context":{"kid":9,"ctr":0,"byteLength":62,"codecOffset":10}}

[90mstdout[2m | apps/validator-daemon/src/canary/__tests__/mesh-byzantine.test.ts[2m > [22m[2mREQ-RMS-017 — Byzantine under-server attributed to R via the SHIPPED canary pipeline[2m > [22m[2mR (overclaim->under-serve) is slashed pinned to its miner_id; honest R2 is never slashed
[22m[39m{"timestamp":"2026-06-22T06:19:18.708Z","level":"INFO","source":"frontend","module":"webrtc/sframe-transform","message":"encrypted frame","context":{"kid":9,"ctr":1,"byteLength":62,"codecOffset":10}}

[90mstdout[2m | apps/validator-daemon/src/canary/__tests__/mesh-byzantine.test.ts[2m > [22m[2mREQ-RMS-017 — Byzantine under-server attributed to R via the SHIPPED canary pipeline[2m > [22m[2mR (overclaim->under-serve) is slashed pinned to its miner_id; honest R2 is never slashed
[22m[39m{"timestamp":"2026-06-22T06:19:18.708Z","level":"INFO","source":"frontend","module":"webrtc/sframe-transform","message":"encrypted frame","context":{"kid":9,"ctr":2,"byteLength":62,"codecOffset":10}}

[90mstdout[2m | apps/validator-daemon/src/canary/__tests__/mesh-byzantine.test.ts[2m > [22m[2mREQ-RMS-017 — Byzantine under-server attributed to R via the SHIPPED canary pipeline[2m > [22m[2mR (overclaim->under-serve) is slashed pinned to its miner_id; honest R2 is never slashed
[22m[39m{"timestamp":"2026-06-22T06:19:18.709Z","level":"INFO","source":"frontend","module":"webrtc/sframe-transform","message":"encrypted frame","context":{"kid":9,"ctr":3,"byteLength":62,"codecOffset":10}}

[90mstdout[2m | apps/validator-daemon/src/canary/__tests__/mesh-byzantine.test.ts[2m > [22m[2mREQ-RMS-017 — Byzantine under-server attributed to R via the SHIPPED canary pipeline[2m > [22m[2mR (overclaim->under-serve) is slashed pinned to its miner_id; honest R2 is never slashed
[22m[39m{"timestamp":"2026-06-22T06:19:18.710Z","level":"INFO","source":"frontend","module":"webrtc/sframe-transform","message":"encrypted frame","context":{"kid":9,"ctr":4,"byteLength":62,"codecOffset":10}}

[90mstdout[2m | apps/validator-daemon/src/canary/__tests__/mesh-byzantine.test.ts[2m > [22m[2mREQ-RMS-017 — Byzantine under-server attributed to R via the SHIPPED canary pipeline[2m > [22m[2mR (overclaim->under-serve) is slashed pinned to its miner_id; honest R2 is never slashed
[22m[39m{"timestamp":"2026-06-22T06:19:18.710Z","level":"INFO","source":"frontend","module":"webrtc/sframe-transform","message":"encrypted frame","context":{"kid":9,"ctr":5,"byteLength":62,"codecOffset":10}}

[90mstdout[2m | apps/validator-daemon/src/canary/__tests__/mesh-byzantine.test.ts[2m > [22m[2mREQ-RMS-017 — Byzantine under-server attributed to R via the SHIPPED canary pipeline[2m > [22m[2mR (overclaim->under-serve) is slashed pinned to its miner_id; honest R2 is never slashed
[22m[39m{"timestamp":"2026-06-22T06:19:18.711Z","level":"INFO","source":"frontend","module":"webrtc/sframe-transform","message":"encrypted frame","context":{"kid":9,"ctr":6,"byteLength":62,"codecOffset":10}}

[90mstdout[2m | apps/validator-daemon/src/canary/__tests__/mesh-byzantine.test.ts[2m > [22m[2mREQ-RMS-017 — Byzantine under-server attributed to R via the SHIPPED canary pipeline[2m > [22m[2mR (overclaim->under-serve) is slashed pinned to its miner_id; honest R2 is never slashed
[22m[39m{"timestamp":"2026-06-22T06:19:18.712Z","level":"INFO","source":"frontend","module":"webrtc/sframe-transform","message":"encrypted frame","context":{"kid":9,"ctr":7,"byteLength":62,"codecOffset":10}}

{"level":30,"time":1782109158713,"pid":29576,"hostname":"Quang","name":"canary/verifier","canaryKid":9,"mediaPackets":7,"byteIdentical":7,"divergences":1,"msg":"canary forwarding verified"}
[90mstdout[2m | apps/validator-daemon/src/canary/__tests__/mesh-byzantine.test.ts[2m > [22m[2mREQ-RMS-017 — Byzantine under-server attributed to R via the SHIPPED canary pipeline[2m > [22m[2mR (overclaim->under-serve) is slashed pinned to its miner_id; honest R2 is never slashed
[22m[39m{"timestamp":"2026-06-22T06:19:18.714Z","level":"INFO","source":"frontend","module":"webrtc/sframe-transform","message":"encrypted frame","context":{"kid":9,"ctr":0,"byteLength":62,"codecOffset":10}}

[90mstdout[2m | apps/validator-daemon/src/canary/__tests__/mesh-byzantine.test.ts[2m > [22m[2mREQ-RMS-017 — Byzantine under-server attributed to R via the SHIPPED canary pipeline[2m > [22m[2mR (overclaim->under-serve) is slashed pinned to its miner_id; honest R2 is never slashed
[22m[39m{"timestamp":"2026-06-22T06:19:18.714Z","level":"INFO","source":"frontend","module":"webrtc/sframe-transform","message":"encrypted frame","context":{"kid":9,"ctr":1,"byteLength":62,"codecOffset":10}}

[90mstdout[2m | apps/validator-daemon/src/canary/__tests__/mesh-byzantine.test.ts[2m > [22m[2mREQ-RMS-017 — Byzantine under-server attributed to R via the SHIPPED canary pipeline[2m > [22m[2mR (overclaim->under-serve) is slashed pinned to its miner_id; honest R2 is never slashed
[22m[39m{"timestamp":"2026-06-22T06:19:18.715Z","level":"INFO","source":"frontend","module":"webrtc/sframe-transform","message":"encrypted frame","context":{"kid":9,"ctr":2,"byteLength":62,"codecOffset":10}}

[90mstdout[2m | apps/validator-daemon/src/canary/__tests__/mesh-byzantine.test.ts[2m > [22m[2mREQ-RMS-017 — Byzantine under-server attributed to R via the SHIPPED canary pipeline[2m > [22m[2mR (overclaim->under-serve) is slashed pinned to its miner_id; honest R2 is never slashed
[22m[39m{"timestamp":"2026-06-22T06:19:18.715Z","level":"INFO","source":"frontend","module":"webrtc/sframe-transform","message":"encrypted frame","context":{"kid":9,"ctr":3,"byteLength":62,"codecOffset":10}}

[90mstdout[2m | apps/validator-daemon/src/canary/__tests__/mesh-byzantine.test.ts[2m > [22m[2mREQ-RMS-017 — Byzantine under-server attributed to R via the SHIPPED canary pipeline[2m > [22m[2mR (overclaim->under-serve) is slashed pinned to its miner_id; honest R2 is never slashed
[22m[39m{"timestamp":"2026-06-22T06:19:18.716Z","level":"INFO","source":"frontend","module":"webrtc/sframe-transform","message":"encrypted frame","context":{"kid":9,"ctr":4,"byteLength":62,"codecOffset":10}}

[90mstdout[2m | apps/validator-daemon/src/canary/__tests__/mesh-byzantine.test.ts[2m > [22m[2mREQ-RMS-017 — Byzantine under-server attributed to R via the SHIPPED canary pipeline[2m > [22m[2mR (overclaim->under-serve) is slashed pinned to its miner_id; honest R2 is never slashed
[22m[39m{"timestamp":"2026-06-22T06:19:18.716Z","level":"INFO","source":"frontend","module":"webrtc/sframe-transform","message":"encrypted frame","context":{"kid":9,"ctr":5,"byteLength":62,"codecOffset":10}}

[90mstdout[2m | apps/validator-daemon/src/canary/__tests__/mesh-byzantine.test.ts[2m > [22m[2mREQ-RMS-017 — Byzantine under-server attributed to R via the SHIPPED canary pipeline[2m > [22m[2mR (overclaim->under-serve) is slashed pinned to its miner_id; honest R2 is never slashed
[22m[39m{"timestamp":"2026-06-22T06:19:18.717Z","level":"INFO","source":"frontend","module":"webrtc/sframe-transform","message":"encrypted frame","context":{"kid":9,"ctr":6,"byteLength":62,"codecOffset":10}}

[90mstdout[2m | apps/validator-daemon/src/canary/__tests__/mesh-byzantine.test.ts[2m > [22m[2mREQ-RMS-017 — Byzantine under-server attributed to R via the SHIPPED canary pipeline[2m > [22m[2mR (overclaim->under-serve) is slashed pinned to its miner_id; honest R2 is never slashed
[22m[39m{"timestamp":"2026-06-22T06:19:18.717Z","level":"INFO","source":"frontend","module":"webrtc/sframe-transform","message":"encrypted frame","context":{"kid":9,"ctr":7,"byteLength":62,"codecOffset":10}}

{"level":30,"time":1782109158718,"pid":29576,"hostname":"Quang","name":"canary/verifier","canaryKid":9,"mediaPackets":7,"byteIdentical":7,"divergences":1,"msg":"canary forwarding verified"}
{"level":30,"time":1782109158718,"pid":29576,"hostname":"Quang","name":"canary/loss-classifier","relayMinerId":"relay-byzantine-R","promoted":0,"absorbed":1,"tampers":0,"cumulativeCrossed":false,"msg":"canary divergences classified (drop gate / tamper p=1)"}
{"level":30,"time":1782109158718,"pid":29576,"hostname":"Quang","name":"canary/verify-loop","round":0,"relayMinerId":"relay-byzantine-R","roomId":"mesh-room","perReceiver":2,"promoted":0,"absorbed":1,"stunLossBps":"0","msg":"canary verify round classified (hermetic half — synthetic capture, STUN read live)"}
[90mstdout[2m | apps/validator-daemon/src/canary/__tests__/mesh-byzantine.test.ts[2m > [22m[2mREQ-RMS-017 — Byzantine under-server attributed to R via the SHIPPED canary pipeline[2m > [22m[2mR (overclaim->under-serve) is slashed pinned to its miner_id; honest R2 is never slashed
[22m[39m{"timestamp":"2026-06-22T06:19:18.719Z","level":"INFO","source":"frontend","module":"webrtc/sframe-transform","message":"encrypted frame","context":{"kid":9,"ctr":0,"byteLength":62,"codecOffset":10}}

[90mstdout[2m | apps/validator-daemon/src/canary/__tests__/mesh-byzantine.test.ts[2m > [22m[2mREQ-RMS-017 — Byzantine under-server attributed to R via the SHIPPED canary pipeline[2m > [22m[2mR (overclaim->under-serve) is slashed pinned to its miner_id; honest R2 is never slashed
[22m[39m{"timestamp":"2026-06-22T06:19:18.719Z","level":"INFO","source":"frontend","module":"webrtc/sframe-transform","message":"encrypted frame","context":{"kid":9,"ctr":1,"byteLength":62,"codecOffset":10}}

[90mstdout[2m | apps/validator-daemon/src/canary/__tests__/mesh-byzantine.test.ts[2m > [22m[2mREQ-RMS-017 — Byzantine under-server attributed to R via the SHIPPED canary pipeline[2m > [22m[2mR (overclaim->under-serve) is slashed pinned to its miner_id; honest R2 is never slashed
[22m[39m{"timestamp":"2026-06-22T06:19:18.720Z","level":"INFO","source":"frontend","module":"webrtc/sframe-transform","message":"encrypted frame","context":{"kid":9,"ctr":2,"byteLength":62,"codecOffset":10}}

[90mstdout[2m | apps/validator-daemon/src/canary/__tests__/mesh-byzantine.test.ts[2m > [22m[2mREQ-RMS-017 — Byzantine under-server attributed to R via the SHIPPED canary pipeline[2m > [22m[2mR (overclaim->under-serve) is slashed pinned to its miner_id; honest R2 is never slashed
[22m[39m{"timestamp":"2026-06-22T06:19:18.720Z","level":"INFO","source":"frontend","module":"webrtc/sframe-transform","message":"encrypted frame","context":{"kid":9,"ctr":3,"byteLength":62,"codecOffset":10}}

[90mstdout[2m | apps/validator-daemon/src/canary/__tests__/mesh-byzantine.test.ts[2m > [22m[2mREQ-RMS-017 — Byzantine under-server attributed to R via the SHIPPED canary pipeline[2m > [22m[2mR (overclaim->under-serve) is slashed pinned to its miner_id; honest R2 is never slashed
[22m[39m{"timestamp":"2026-06-22T06:19:18.721Z","level":"INFO","source":"frontend","module":"webrtc/sframe-transform","message":"encrypted frame","context":{"kid":9,"ctr":4,"byteLength":62,"codecOffset":10}}

[90mstdout[2m | apps/validator-daemon/src/canary/__tests__/mesh-byzantine.test.ts[2m > [22m[2mREQ-RMS-017 — Byzantine under-server attributed to R via the SHIPPED canary pipeline[2m > [22m[2mR (overclaim->under-serve) is slashed pinned to its miner_id; honest R2 is never slashed
[22m[39m{"timestamp":"2026-06-22T06:19:18.721Z","level":"INFO","source":"frontend","module":"webrtc/sframe-transform","message":"encrypted frame","context":{"kid":9,"ctr":5,"byteLength":62,"codecOffset":10}}

[90mstdout[2m | apps/validator-daemon/src/canary/__tests__/mesh-byzantine.test.ts[2m > [22m[2mREQ-RMS-017 — Byzantine under-server attributed to R via the SHIPPED canary pipeline[2m > [22m[2mR (overclaim->under-serve) is slashed pinned to its miner_id; honest R2 is never slashed
[22m[39m{"timestamp":"2026-06-22T06:19:18.721Z","level":"INFO","source":"frontend","module":"webrtc/sframe-transform","message":"encrypted frame","context":{"kid":9,"ctr":6,"byteLength":62,"codecOffset":10}}

[90mstdout[2m | apps/validator-daemon/src/canary/__tests__/mesh-byzantine.test.ts[2m > [22m[2mREQ-RMS-017 — Byzantine under-server attributed to R via the SHIPPED canary pipeline[2m > [22m[2mR (overclaim->under-serve) is slashed pinned to its miner_id; honest R2 is never slashed
[22m[39m{"timestamp":"2026-06-22T06:19:18.722Z","level":"INFO","source":"frontend","module":"webrtc/sframe-transform","message":"encrypted frame","context":{"kid":9,"ctr":7,"byteLength":62,"codecOffset":10}}

[90mstdout[2m | apps/validator-daemon/src/canary/__tests__/mesh-byzantine.test.ts[2m > [22m[2mREQ-RMS-017 — Byzantine under-server attributed to R via the SHIPPED canary pipeline[2m > [22m[2mR (overclaim->under-serve) is slashed pinned to its miner_id; honest R2 is never slashed
[22m[39m{"timestamp":"2026-06-22T06:19:18.723Z","level":"INFO","source":"frontend","module":"webrtc/sframe-transform","message":"encrypted frame","context":{"kid":9,"ctr":0,"byteLength":62,"codecOffset":10}}

[90mstdout[2m | apps/validator-daemon/src/canary/__tests__/mesh-byzantine.test.ts[2m > [22m[2mREQ-RMS-017 — Byzantine under-server attributed to R via the SHIPPED canary pipeline[2m > [22m[2mR (overclaim->under-serve) is slashed pinned to its miner_id; honest R2 is never slashed
[22m[39m{"timestamp":"2026-06-22T06:19:18.723Z","level":"INFO","source":"frontend","module":"webrtc/sframe-transform","message":"encrypted frame","context":{"kid":9,"ctr":1,"byteLength":62,"codecOffset":10}}

[90mstdout[2m | apps/validator-daemon/src/canary/__tests__/mesh-byzantine.test.ts[2m > [22m[2mREQ-RMS-017 — Byzantine under-server attributed to R via the SHIPPED canary pipeline[2m > [22m[2mR (overclaim->under-serve) is slashed pinned to its miner_id; honest R2 is never slashed
[22m[39m{"timestamp":"2026-06-22T06:19:18.724Z","level":"INFO","source":"frontend","module":"webrtc/sframe-transform","message":"encrypted frame","context":{"kid":9,"ctr":2,"byteLength":62,"codecOffset":10}}

[90mstdout[2m | apps/validator-daemon/src/canary/__tests__/mesh-byzantine.test.ts[2m > [22m[2mREQ-RMS-017 — Byzantine under-server attributed to R via the SHIPPED canary pipeline[2m > [22m[2mR (overclaim->under-serve) is slashed pinned to its miner_id; honest R2 is never slashed
[22m[39m{"timestamp":"2026-06-22T06:19:18.725Z","level":"INFO","source":"frontend","module":"webrtc/sframe-transform","message":"encrypted frame","context":{"kid":9,"ctr":3,"byteLength":62,"codecOffset":10}}

[90mstdout[2m | apps/validator-daemon/src/canary/__tests__/mesh-byzantine.test.ts[2m > [22m[2mREQ-RMS-017 — Byzantine under-server attributed to R via the SHIPPED canary pipeline[2m > [22m[2mR (overclaim->under-serve) is slashed pinned to its miner_id; honest R2 is never slashed
[22m[39m{"timestamp":"2026-06-22T06:19:18.725Z","level":"INFO","source":"frontend","module":"webrtc/sframe-transform","message":"encrypted frame","context":{"kid":9,"ctr":4,"byteLength":62,"codecOffset":10}}

[90mstdout[2m | apps/validator-daemon/src/canary/__tests__/mesh-byzantine.test.ts[2m > [22m[2mREQ-RMS-017 — Byzantine under-server attributed to R via the SHIPPED canary pipeline[2m > [22m[2mR (overclaim->under-serve) is slashed pinned to its miner_id; honest R2 is never slashed
[22m[39m{"timestamp":"2026-06-22T06:19:18.726Z","level":"INFO","source":"frontend","module":"webrtc/sframe-transform","message":"encrypted frame","context":{"kid":9,"ctr":5,"byteLength":62,"codecOffset":10}}

[90mstdout[2m | apps/validator-daemon/src/canary/__tests__/mesh-byzantine.test.ts[2m > [22m[2mREQ-RMS-017 — Byzantine under-server attributed to R via the SHIPPED canary pipeline[2m > [22m[2mR (overclaim->under-serve) is slashed pinned to its miner_id; honest R2 is never slashed
[22m[39m{"timestamp":"2026-06-22T06:19:18.726Z","level":"INFO","source":"frontend","module":"webrtc/sframe-transform","message":"encrypted frame","context":{"kid":9,"ctr":6,"byteLength":62,"codecOffset":10}}

[90mstdout[2m | apps/validator-daemon/src/canary/__tests__/mesh-byzantine.test.ts[2m > [22m[2mREQ-RMS-017 — Byzantine under-server attributed to R via the SHIPPED canary pipeline[2m > [22m[2mR (overclaim->under-serve) is slashed pinned to its miner_id; honest R2 is never slashed
[22m[39m{"timestamp":"2026-06-22T06:19:18.727Z","level":"INFO","source":"frontend","module":"webrtc/sframe-transform","message":"encrypted frame","context":{"kid":9,"ctr":7,"byteLength":62,"codecOffset":10}}

{"level":30,"time":1782109158727,"pid":29576,"hostname":"Quang","name":"canary/verifier","canaryKid":9,"mediaPackets":8,"byteIdentical":8,"divergences":0,"msg":"canary forwarding verified"}
[90mstdout[2m | apps/validator-daemon/src/canary/__tests__/mesh-byzantine.test.ts[2m > [22m[2mREQ-RMS-017 — Byzantine under-server attributed to R via the SHIPPED canary pipeline[2m > [22m[2mR (overclaim->under-serve) is slashed pinned to its miner_id; honest R2 is never slashed
[22m[39m{"timestamp":"2026-06-22T06:19:18.728Z","level":"INFO","source":"frontend","module":"webrtc/sframe-transform","message":"encrypted frame","context":{"kid":9,"ctr":0,"byteLength":62,"codecOffset":10}}

[90mstdout[2m | apps/validator-daemon/src/canary/__tests__/mesh-byzantine.test.ts[2m > [22m[2mREQ-RMS-017 — Byzantine under-server attributed to R via the SHIPPED canary pipeline[2m > [22m[2mR (overclaim->under-serve) is slashed pinned to its miner_id; honest R2 is never slashed
[22m[39m{"timestamp":"2026-06-22T06:19:18.729Z","level":"INFO","source":"frontend","module":"webrtc/sframe-transform","message":"encrypted frame","context":{"kid":9,"ctr":1,"byteLength":62,"codecOffset":10}}

[90mstdout[2m | apps/validator-daemon/src/canary/__tests__/mesh-byzantine.test.ts[2m > [22m[2mREQ-RMS-017 — Byzantine under-server attributed to R via the SHIPPED canary pipeline[2m > [22m[2mR (overclaim->under-serve) is slashed pinned to its miner_id; honest R2 is never slashed
[22m[39m{"timestamp":"2026-06-22T06:19:18.729Z","level":"INFO","source":"frontend","module":"webrtc/sframe-transform","message":"encrypted frame","context":{"kid":9,"ctr":2,"byteLength":62,"codecOffset":10}}

[90mstdout[2m | apps/validator-daemon/src/canary/__tests__/mesh-byzantine.test.ts[2m > [22m[2mREQ-RMS-017 — Byzantine under-server attributed to R via the SHIPPED canary pipeline[2m > [22m[2mR (overclaim->under-serve) is slashed pinned to its miner_id; honest R2 is never slashed
[22m[39m{"timestamp":"2026-06-22T06:19:18.730Z","level":"INFO","source":"frontend","module":"webrtc/sframe-transform","message":"encrypted frame","context":{"kid":9,"ctr":3,"byteLength":62,"codecOffset":10}}

[90mstdout[2m | apps/validator-daemon/src/canary/__tests__/mesh-byzantine.test.ts[2m > [22m[2mREQ-RMS-017 — Byzantine under-server attributed to R via the SHIPPED canary pipeline[2m > [22m[2mR (overclaim->under-serve) is slashed pinned to its miner_id; honest R2 is never slashed
[22m[39m{"timestamp":"2026-06-22T06:19:18.730Z","level":"INFO","source":"frontend","module":"webrtc/sframe-transform","message":"encrypted frame","context":{"kid":9,"ctr":4,"byteLength":62,"codecOffset":10}}

[90mstdout[2m | apps/validator-daemon/src/canary/__tests__/mesh-byzantine.test.ts[2m > [22m[2mREQ-RMS-017 — Byzantine under-server attributed to R via the SHIPPED canary pipeline[2m > [22m[2mR (overclaim->under-serve) is slashed pinned to its miner_id; honest R2 is never slashed
[22m[39m{"timestamp":"2026-06-22T06:19:18.731Z","level":"INFO","source":"frontend","module":"webrtc/sframe-transform","message":"encrypted frame","context":{"kid":9,"ctr":5,"byteLength":62,"codecOffset":10}}

[90mstdout[2m | apps/validator-daemon/src/canary/__tests__/mesh-byzantine.test.ts[2m > [22m[2mREQ-RMS-017 — Byzantine under-server attributed to R via the SHIPPED canary pipeline[2m > [22m[2mR (overclaim->under-serve) is slashed pinned to its miner_id; honest R2 is never slashed
[22m[39m{"timestamp":"2026-06-22T06:19:18.731Z","level":"INFO","source":"frontend","module":"webrtc/sframe-transform","message":"encrypted frame","context":{"kid":9,"ctr":6,"byteLength":62,"codecOffset":10}}

[90mstdout[2m | apps/validator-daemon/src/canary/__tests__/mesh-byzantine.test.ts[2m > [22m[2mREQ-RMS-017 — Byzantine under-server attributed to R via the SHIPPED canary pipeline[2m > [22m[2mR (overclaim->under-serve) is slashed pinned to its miner_id; honest R2 is never slashed
[22m[39m{"timestamp":"2026-06-22T06:19:18.732Z","level":"INFO","source":"frontend","module":"webrtc/sframe-transform","message":"encrypted frame","context":{"kid":9,"ctr":7,"byteLength":62,"codecOffset":10}}

{"level":30,"time":1782109158732,"pid":29576,"hostname":"Quang","name":"canary/verifier","canaryKid":9,"mediaPackets":8,"byteIdentical":8,"divergences":0,"msg":"canary forwarding verified"}
{"level":30,"time":1782109158732,"pid":29576,"hostname":"Quang","name":"canary/loss-classifier","relayMinerId":"relay-honest-R2","promoted":0,"absorbed":0,"tampers":0,"cumulativeCrossed":false,"msg":"canary divergences classified (drop gate / tamper p=1)"}
{"level":30,"time":1782109158733,"pid":29576,"hostname":"Quang","name":"canary/verify-loop","round":0,"relayMinerId":"relay-honest-R2","roomId":"mesh-room","perReceiver":2,"promoted":0,"absorbed":0,"stunLossBps":"0","msg":"canary verify round classified (hermetic half — synthetic capture, STUN read live)"}
[90mstdout[2m | apps/validator-daemon/src/canary/__tests__/mesh-byzantine.test.ts[2m > [22m[2mREQ-RMS-017 — Byzantine under-server attributed to R via the SHIPPED canary pipeline[2m > [22m[2mR (overclaim->under-serve) is slashed pinned to its miner_id; honest R2 is never slashed
[22m[39m{"timestamp":"2026-06-22T06:19:18.733Z","level":"INFO","source":"frontend","module":"webrtc/sframe-transform","message":"encrypted frame","context":{"kid":9,"ctr":0,"byteLength":62,"codecOffset":10}}

[90mstdout[2m | apps/validator-daemon/src/canary/__tests__/mesh-byzantine.test.ts[2m > [22m[2mREQ-RMS-017 — Byzantine under-server attributed to R via the SHIPPED canary pipeline[2m > [22m[2mR (overclaim->under-serve) is slashed pinned to its miner_id; honest R2 is never slashed
[22m[39m{"timestamp":"2026-06-22T06:19:18.734Z","level":"INFO","source":"frontend","module":"webrtc/sframe-transform","message":"encrypted frame","context":{"kid":9,"ctr":1,"byteLength":62,"codecOffset":10}}

[90mstdout[2m | apps/validator-daemon/src/canary/__tests__/mesh-byzantine.test.ts[2m > [22m[2mREQ-RMS-017 — Byzantine under-server attributed to R via the SHIPPED canary pipeline[2m > [22m[2mR (overclaim->under-serve) is slashed pinned to its miner_id; honest R2 is never slashed
[22m[39m{"timestamp":"2026-06-22T06:19:18.735Z","level":"INFO","source":"frontend","module":"webrtc/sframe-transform","message":"encrypted frame","context":{"kid":9,"ctr":2,"byteLength":62,"codecOffset":10}}

[90mstdout[2m | apps/validator-daemon/src/canary/__tests__/mesh-byzantine.test.ts[2m > [22m[2mREQ-RMS-017 — Byzantine under-server attributed to R via the SHIPPED canary pipeline[2m > [22m[2mR (overclaim->under-serve) is slashed pinned to its miner_id; honest R2 is never slashed
[22m[39m{"timestamp":"2026-06-22T06:19:18.735Z","level":"INFO","source":"frontend","module":"webrtc/sframe-transform","message":"encrypted frame","context":{"kid":9,"ctr":3,"byteLength":62,"codecOffset":10}}

[90mstdout[2m | apps/validator-daemon/src/canary/__tests__/mesh-byzantine.test.ts[2m > [22m[2mREQ-RMS-017 — Byzantine under-server attributed to R via the SHIPPED canary pipeline[2m > [22m[2mR (overclaim->under-serve) is slashed pinned to its miner_id; honest R2 is never slashed
[22m[39m{"timestamp":"2026-06-22T06:19:18.736Z","level":"INFO","source":"frontend","module":"webrtc/sframe-transform","message":"encrypted frame","context":{"kid":9,"ctr":4,"byteLength":62,"codecOffset":10}}

[90mstdout[2m | apps/validator-daemon/src/canary/__tests__/mesh-byzantine.test.ts[2m > [22m[2mREQ-RMS-017 — Byzantine under-server attributed to R via the SHIPPED canary pipeline[2m > [22m[2mR (overclaim->under-serve) is slashed pinned to its miner_id; honest R2 is never slashed
[22m[39m{"timestamp":"2026-06-22T06:19:18.736Z","level":"INFO","source":"frontend","module":"webrtc/sframe-transform","message":"encrypted frame","context":{"kid":9,"ctr":6,"byteLength":62,"codecOffset":10}}

[90mstdout[2m | apps/validator-daemon/src/canary/__tests__/mesh-byzantine.test.ts[2m > [22m[2mREQ-RMS-017 — Byzantine under-server attributed to R via the SHIPPED canary pipeline[2m > [22m[2mR (overclaim->under-serve) is slashed pinned to its miner_id; honest R2 is never slashed
[22m[39m{"timestamp":"2026-06-22T06:19:18.737Z","level":"INFO","source":"frontend","module":"webrtc/sframe-transform","message":"encrypted frame","context":{"kid":9,"ctr":7,"byteLength":62,"codecOffset":10}}

[90mstdout[2m | apps/validator-daemon/src/canary/__tests__/mesh-byzantine.test.ts[2m > [22m[2mREQ-RMS-017 — Byzantine under-server attributed to R via the SHIPPED canary pipeline[2m > [22m[2mR (overclaim->under-serve) is slashed pinned to its miner_id; honest R2 is never slashed
[22m[39m{"timestamp":"2026-06-22T06:19:18.737Z","level":"INFO","source":"frontend","module":"webrtc/sframe-transform","message":"encrypted frame","context":{"kid":9,"ctr":0,"byteLength":62,"codecOffset":10}}

[90mstdout[2m | apps/validator-daemon/src/canary/__tests__/mesh-byzantine.test.ts[2m > [22m[2mREQ-RMS-017 — Byzantine under-server attributed to R via the SHIPPED canary pipeline[2m > [22m[2mR (overclaim->under-serve) is slashed pinned to its miner_id; honest R2 is never slashed
[22m[39m{"timestamp":"2026-06-22T06:19:18.738Z","level":"INFO","source":"frontend","module":"webrtc/sframe-transform","message":"encrypted frame","context":{"kid":9,"ctr":1,"byteLength":62,"codecOffset":10}}

[90mstdout[2m | apps/validator-daemon/src/canary/__tests__/mesh-byzantine.test.ts[2m > [22m[2mREQ-RMS-017 — Byzantine under-server attributed to R via the SHIPPED canary pipeline[2m > [22m[2mR (overclaim->under-serve) is slashed pinned to its miner_id; honest R2 is never slashed
[22m[39m{"timestamp":"2026-06-22T06:19:18.739Z","level":"INFO","source":"frontend","module":"webrtc/sframe-transform","message":"encrypted frame","context":{"kid":9,"ctr":2,"byteLength":62,"codecOffset":10}}

[90mstdout[2m | apps/validator-daemon/src/canary/__tests__/mesh-byzantine.test.ts[2m > [22m[2mREQ-RMS-017 — Byzantine under-server attributed to R via the SHIPPED canary pipeline[2m > [22m[2mR (overclaim->under-serve) is slashed pinned to its miner_id; honest R2 is never slashed
[22m[39m{"timestamp":"2026-06-22T06:19:18.739Z","level":"INFO","source":"frontend","module":"webrtc/sframe-transform","message":"encrypted frame","context":{"kid":9,"ctr":3,"byteLength":62,"codecOffset":10}}

[90mstdout[2m | apps/validator-daemon/src/canary/__tests__/mesh-byzantine.test.ts[2m > [22m[2mREQ-RMS-017 — Byzantine under-server attributed to R via the SHIPPED canary pipeline[2m > [22m[2mR (overclaim->under-serve) is slashed pinned to its miner_id; honest R2 is never slashed
[22m[39m{"timestamp":"2026-06-22T06:19:18.739Z","level":"INFO","source":"frontend","module":"webrtc/sframe-transform","message":"encrypted frame","context":{"kid":9,"ctr":4,"byteLength":62,"codecOffset":10}}

[90mstdout[2m | apps/validator-daemon/src/canary/__tests__/mesh-byzantine.test.ts[2m > [22m[2mREQ-RMS-017 — Byzantine under-server attributed to R via the SHIPPED canary pipeline[2m > [22m[2mR (overclaim->under-serve) is slashed pinned to its miner_id; honest R2 is never slashed
[22m[39m{"timestamp":"2026-06-22T06:19:18.740Z","level":"INFO","source":"frontend","module":"webrtc/sframe-transform","message":"encrypted frame","context":{"kid":9,"ctr":5,"byteLength":62,"codecOffset":10}}

[90mstdout[2m | apps/validator-daemon/src/canary/__tests__/mesh-byzantine.test.ts[2m > [22m[2mREQ-RMS-017 — Byzantine under-server attributed to R via the SHIPPED canary pipeline[2m > [22m[2mR (overclaim->under-serve) is slashed pinned to its miner_id; honest R2 is never slashed
[22m[39m{"timestamp":"2026-06-22T06:19:18.740Z","level":"INFO","source":"frontend","module":"webrtc/sframe-transform","message":"encrypted frame","context":{"kid":9,"ctr":6,"byteLength":62,"codecOffset":10}}

[90mstdout[2m | apps/validator-daemon/src/canary/__tests__/mesh-byzantine.test.ts[2m > [22m[2mREQ-RMS-017 — Byzantine under-server attributed to R via the SHIPPED canary pipeline[2m > [22m[2mR (overclaim->under-serve) is slashed pinned to its miner_id; honest R2 is never slashed
[22m[39m{"timestamp":"2026-06-22T06:19:18.741Z","level":"INFO","source":"frontend","module":"webrtc/sframe-transform","message":"encrypted frame","context":{"kid":9,"ctr":7,"byteLength":62,"codecOffset":10}}

{"level":30,"time":1782109158741,"pid":29576,"hostname":"Quang","name":"canary/verifier","canaryKid":9,"mediaPackets":7,"byteIdentical":7,"divergences":1,"msg":"canary forwarding verified"}
[90mstdout[2m | apps/validator-daemon/src/canary/__tests__/mesh-byzantine.test.ts[2m > [22m[2mREQ-RMS-017 — Byzantine under-server attributed to R via the SHIPPED canary pipeline[2m > [22m[2mR (overclaim->under-serve) is slashed pinned to its miner_id; honest R2 is never slashed
[22m[39m{"timestamp":"2026-06-22T06:19:18.742Z","level":"INFO","source":"frontend","module":"webrtc/sframe-transform","message":"encrypted frame","context":{"kid":9,"ctr":0,"byteLength":62,"codecOffset":10}}

[90mstdout[2m | apps/validator-daemon/src/canary/__tests__/mesh-byzantine.test.ts[2m > [22m[2mREQ-RMS-017 — Byzantine under-server attributed to R via the SHIPPED canary pipeline[2m > [22m[2mR (overclaim->under-serve) is slashed pinned to its miner_id; honest R2 is never slashed
[22m[39m{"timestamp":"2026-06-22T06:19:18.742Z","level":"INFO","source":"frontend","module":"webrtc/sframe-transform","message":"encrypted frame","context":{"kid":9,"ctr":1,"byteLength":62,"codecOffset":10}}

[90mstdout[2m | apps/validator-daemon/src/canary/__tests__/mesh-byzantine.test.ts[2m > [22m[2mREQ-RMS-017 — Byzantine under-server attributed to R via the SHIPPED canary pipeline[2m > [22m[2mR (overclaim->under-serve) is slashed pinned to its miner_id; honest R2 is never slashed
[22m[39m{"timestamp":"2026-06-22T06:19:18.743Z","level":"INFO","source":"frontend","module":"webrtc/sframe-transform","message":"encrypted frame","context":{"kid":9,"ctr":2,"byteLength":62,"codecOffset":10}}

[90mstdout[2m | apps/validator-daemon/src/canary/__tests__/mesh-byzantine.test.ts[2m > [22m[2mREQ-RMS-017 — Byzantine under-server attributed to R via the SHIPPED canary pipeline[2m > [22m[2mR (overclaim->under-serve) is slashed pinned to its miner_id; honest R2 is never slashed
[22m[39m{"timestamp":"2026-06-22T06:19:18.743Z","level":"INFO","source":"frontend","module":"webrtc/sframe-transform","message":"encrypted frame","context":{"kid":9,"ctr":3,"byteLength":62,"codecOffset":10}}

[90mstdout[2m | apps/validator-daemon/src/canary/__tests__/mesh-byzantine.test.ts[2m > [22m[2mREQ-RMS-017 — Byzantine under-server attributed to R via the SHIPPED canary pipeline[2m > [22m[2mR (overclaim->under-serve) is slashed pinned to its miner_id; honest R2 is never slashed
[22m[39m{"timestamp":"2026-06-22T06:19:18.744Z","level":"INFO","source":"frontend","module":"webrtc/sframe-transform","message":"encrypted frame","context":{"kid":9,"ctr":4,"byteLength":62,"codecOffset":10}}

[90mstdout[2m | apps/validator-daemon/src/canary/__tests__/mesh-byzantine.test.ts[2m > [22m[2mREQ-RMS-017 — Byzantine under-server attributed to R via the SHIPPED canary pipeline[2m > [22m[2mR (overclaim->under-serve) is slashed pinned to its miner_id; honest R2 is never slashed
[22m[39m{"timestamp":"2026-06-22T06:19:18.749Z","level":"INFO","source":"frontend","module":"webrtc/sframe-transform","message":"encrypted frame","context":{"kid":9,"ctr":5,"byteLength":62,"codecOffset":10}}

[90mstdout[2m | apps/validator-daemon/src/canary/__tests__/mesh-byzantine.test.ts[2m > [22m[2mREQ-RMS-017 — Byzantine under-server attributed to R via the SHIPPED canary pipeline[2m > [22m[2mR (overclaim->under-serve) is slashed pinned to its miner_id; honest R2 is never slashed
[22m[39m{"timestamp":"2026-06-22T06:19:18.750Z","level":"INFO","source":"frontend","module":"webrtc/sframe-transform","message":"encrypted frame","context":{"kid":9,"ctr":6,"byteLength":62,"codecOffset":10}}

[90mstdout[2m | apps/validator-daemon/src/canary/__tests__/mesh-byzantine.test.ts[2m > [22m[2mREQ-RMS-017 — Byzantine under-server attributed to R via the SHIPPED canary pipeline[2m > [22m[2mR (overclaim->under-serve) is slashed pinned to its miner_id; honest R2 is never slashed
[22m[39m{"timestamp":"2026-06-22T06:19:18.751Z","level":"INFO","source":"frontend","module":"webrtc/sframe-transform","message":"encrypted frame","context":{"kid":9,"ctr":7,"byteLength":62,"codecOffset":10}}

{"level":30,"time":1782109158751,"pid":29576,"hostname":"Quang","name":"canary/verifier","canaryKid":9,"mediaPackets":7,"byteIdentical":7,"divergences":1,"msg":"canary forwarding verified"}
{"level":30,"time":1782109158751,"pid":29576,"hostname":"Quang","name":"canary/loss-classifier","relayMinerId":"relay-byzantine-R","promoted":0,"absorbed":1,"tampers":0,"cumulativeCrossed":false,"msg":"canary divergences classified (drop gate / tamper p=1)"}
{"level":30,"time":1782109158751,"pid":29576,"hostname":"Quang","name":"canary/verify-loop","round":0,"relayMinerId":"relay-byzantine-R","roomId":"mesh-room","perReceiver":2,"promoted":0,"absorbed":1,"stunLossBps":"0","msg":"canary verify round classified (hermetic half — synthetic capture, STUN read live)"}
[90mstdout[2m | apps/validator-daemon/src/canary/__tests__/mesh-byzantine.test.ts[2m > [22m[2mREQ-RMS-017 — Byzantine under-server attributed to R via the SHIPPED canary pipeline[2m > [22m[2mR (overclaim->under-serve) is slashed pinned to its miner_id; honest R2 is never slashed
[22m[39m{"timestamp":"2026-06-22T06:19:18.752Z","level":"INFO","source":"frontend","module":"webrtc/sframe-transform","message":"encrypted frame","context":{"kid":9,"ctr":0,"byteLength":62,"codecOffset":10}}

[90mstdout[2m | apps/validator-daemon/src/canary/__tests__/mesh-byzantine.test.ts[2m > [22m[2mREQ-RMS-017 — Byzantine under-server attributed to R via the SHIPPED canary pipeline[2m > [22m[2mR (overclaim->under-serve) is slashed pinned to its miner_id; honest R2 is never slashed
[22m[39m{"timestamp":"2026-06-22T06:19:18.752Z","level":"INFO","source":"frontend","module":"webrtc/sframe-transform","message":"encrypted frame","context":{"kid":9,"ctr":1,"byteLength":62,"codecOffset":10}}

[90mstdout[2m | apps/validator-daemon/src/canary/__tests__/mesh-byzantine.test.ts[2m > [22m[2mREQ-RMS-017 — Byzantine under-server attributed to R via the SHIPPED canary pipeline[2m > [22m[2mR (overclaim->under-serve) is slashed pinned to its miner_id; honest R2 is never slashed
[22m[39m{"timestamp":"2026-06-22T06:19:18.753Z","level":"INFO","source":"frontend","module":"webrtc/sframe-transform","message":"encrypted frame","context":{"kid":9,"ctr":2,"byteLength":62,"codecOffset":10}}

[90mstdout[2m | apps/validator-daemon/src/canary/__tests__/mesh-byzantine.test.ts[2m > [22m[2mREQ-RMS-017 — Byzantine under-server attributed to R via the SHIPPED canary pipeline[2m > [22m[2mR (overclaim->under-serve) is slashed pinned to its miner_id; honest R2 is never slashed
[22m[39m{"timestamp":"2026-06-22T06:19:18.754Z","level":"INFO","source":"frontend","module":"webrtc/sframe-transform","message":"encrypted frame","context":{"kid":9,"ctr":3,"byteLength":62,"codecOffset":10}}

[90mstdout[2m | apps/validator-daemon/src/canary/__tests__/mesh-byzantine.test.ts[2m > [22m[2mREQ-RMS-017 — Byzantine under-server attributed to R via the SHIPPED canary pipeline[2m > [22m[2mR (overclaim->under-serve) is slashed pinned to its miner_id; honest R2 is never slashed
[22m[39m{"timestamp":"2026-06-22T06:19:18.754Z","level":"INFO","source":"frontend","module":"webrtc/sframe-transform","message":"encrypted frame","context":{"kid":9,"ctr":4,"byteLength":62,"codecOffset":10}}

[90mstdout[2m | apps/validator-daemon/src/canary/__tests__/mesh-byzantine.test.ts[2m > [22m[2mREQ-RMS-017 — Byzantine under-server attributed to R via the SHIPPED canary pipeline[2m > [22m[2mR (overclaim->under-serve) is slashed pinned to its miner_id; honest R2 is never slashed
[22m[39m{"timestamp":"2026-06-22T06:19:18.754Z","level":"INFO","source":"frontend","module":"webrtc/sframe-transform","message":"encrypted frame","context":{"kid":9,"ctr":5,"byteLength":62,"codecOffset":10}}

[90mstdout[2m | apps/validator-daemon/src/canary/__tests__/mesh-byzantine.test.ts[2m > [22m[2mREQ-RMS-017 — Byzantine under-server attributed to R via the SHIPPED canary pipeline[2m > [22m[2mR (overclaim->under-serve) is slashed pinned to its miner_id; honest R2 is never slashed
[22m[39m{"timestamp":"2026-06-22T06:19:18.755Z","level":"INFO","source":"frontend","module":"webrtc/sframe-transform","message":"encrypted frame","context":{"kid":9,"ctr":6,"byteLength":62,"codecOffset":10}}

[90mstdout[2m | apps/validator-daemon/src/canary/__tests__/mesh-byzantine.test.ts[2m > [22m[2mREQ-RMS-017 — Byzantine under-server attributed to R via the SHIPPED canary pipeline[2m > [22m[2mR (overclaim->under-serve) is slashed pinned to its miner_id; honest R2 is never slashed
[22m[39m{"timestamp":"2026-06-22T06:19:18.755Z","level":"INFO","source":"frontend","module":"webrtc/sframe-transform","message":"encrypted frame","context":{"kid":9,"ctr":7,"byteLength":62,"codecOffset":10}}

[90mstdout[2m | apps/validator-daemon/src/canary/__tests__/mesh-byzantine.test.ts[2m > [22m[2mREQ-RMS-017 — Byzantine under-server attributed to R via the SHIPPED canary pipeline[2m > [22m[2mR (overclaim->under-serve) is slashed pinned to its miner_id; honest R2 is never slashed
[22m[39m{"timestamp":"2026-06-22T06:19:18.756Z","level":"INFO","source":"frontend","module":"webrtc/sframe-transform","message":"encrypted frame","context":{"kid":9,"ctr":0,"byteLength":62,"codecOffset":10}}

[90mstdout[2m | apps/validator-daemon/src/canary/__tests__/mesh-byzantine.test.ts[2m > [22m[2mREQ-RMS-017 — Byzantine under-server attributed to R via the SHIPPED canary pipeline[2m > [22m[2mR (overclaim->under-serve) is slashed pinned to its miner_id; honest R2 is never slashed
[22m[39m{"timestamp":"2026-06-22T06:19:18.756Z","level":"INFO","source":"frontend","module":"webrtc/sframe-transform","message":"encrypted frame","context":{"kid":9,"ctr":1,"byteLength":62,"codecOffset":10}}

[90mstdout[2m | apps/validator-daemon/src/canary/__tests__/mesh-byzantine.test.ts[2m > [22m[2mREQ-RMS-017 — Byzantine under-server attributed to R via the SHIPPED canary pipeline[2m > [22m[2mR (overclaim->under-serve) is slashed pinned to its miner_id; honest R2 is never slashed
[22m[39m{"timestamp":"2026-06-22T06:19:18.756Z","level":"INFO","source":"frontend","module":"webrtc/sframe-transform","message":"encrypted frame","context":{"kid":9,"ctr":2,"byteLength":62,"codecOffset":10}}

[90mstdout[2m | apps/validator-daemon/src/canary/__tests__/mesh-byzantine.test.ts[2m > [22m[2mREQ-RMS-017 — Byzantine under-server attributed to R via the SHIPPED canary pipeline[2m > [22m[2mR (overclaim->under-serve) is slashed pinned to its miner_id; honest R2 is never slashed
[22m[39m{"timestamp":"2026-06-22T06:19:18.757Z","level":"INFO","source":"frontend","module":"webrtc/sframe-transform","message":"encrypted frame","context":{"kid":9,"ctr":3,"byteLength":62,"codecOffset":10}}

[90mstdout[2m | apps/validator-daemon/src/canary/__tests__/mesh-byzantine.test.ts[2m > [22m[2mREQ-RMS-017 — Byzantine under-server attributed to R via the SHIPPED canary pipeline[2m > [22m[2mR (overclaim->under-serve) is slashed pinned to its miner_id; honest R2 is never slashed
[22m[39m{"timestamp":"2026-06-22T06:19:18.757Z","level":"INFO","source":"frontend","module":"webrtc/sframe-transform","message":"encrypted frame","context":{"kid":9,"ctr":4,"byteLength":62,"codecOffset":10}}

[90mstdout[2m | apps/validator-daemon/src/canary/__tests__/mesh-byzantine.test.ts[2m > [22m[2mREQ-RMS-017 — Byzantine under-server attributed to R via the SHIPPED canary pipeline[2m > [22m[2mR (overclaim->under-serve) is slashed pinned to its miner_id; honest R2 is never slashed
[22m[39m{"timestamp":"2026-06-22T06:19:18.758Z","level":"INFO","source":"frontend","module":"webrtc/sframe-transform","message":"encrypted frame","context":{"kid":9,"ctr":5,"byteLength":62,"codecOffset":10}}

[90mstdout[2m | apps/validator-daemon/src/canary/__tests__/mesh-byzantine.test.ts[2m > [22m[2mREQ-RMS-017 — Byzantine under-server attributed to R via the SHIPPED canary pipeline[2m > [22m[2mR (overclaim->under-serve) is slashed pinned to its miner_id; honest R2 is never slashed
[22m[39m{"timestamp":"2026-06-22T06:19:18.758Z","level":"INFO","source":"frontend","module":"webrtc/sframe-transform","message":"encrypted frame","context":{"kid":9,"ctr":6,"byteLength":62,"codecOffset":10}}

[90mstdout[2m | apps/validator-daemon/src/canary/__tests__/mesh-byzantine.test.ts[2m > [22m[2mREQ-RMS-017 — Byzantine under-server attributed to R via the SHIPPED canary pipeline[2m > [22m[2mR (overclaim->under-serve) is slashed pinned to its miner_id; honest R2 is never slashed
[22m[39m{"timestamp":"2026-06-22T06:19:18.759Z","level":"INFO","source":"frontend","module":"webrtc/sframe-transform","message":"encrypted frame","context":{"kid":9,"ctr":7,"byteLength":62,"codecOffset":10}}

{"level":30,"time":1782109158759,"pid":29576,"hostname":"Quang","name":"canary/verifier","canaryKid":9,"mediaPackets":8,"byteIdentical":8,"divergences":0,"msg":"canary forwarding verified"}
[90mstdout[2m | apps/validator-daemon/src/canary/__tests__/mesh-byzantine.test.ts[2m > [22m[2mREQ-RMS-017 — Byzantine under-server attributed to R via the SHIPPED canary pipeline[2m > [22m[2mR (overclaim->under-serve) is slashed pinned to its miner_id; honest R2 is never slashed
[22m[39m{"timestamp":"2026-06-22T06:19:18.759Z","level":"INFO","source":"frontend","module":"webrtc/sframe-transform","message":"encrypted frame","context":{"kid":9,"ctr":0,"byteLength":62,"codecOffset":10}}

[90mstdout[2m | apps/validator-daemon/src/canary/__tests__/mesh-byzantine.test.ts[2m > [22m[2mREQ-RMS-017 — Byzantine under-server attributed to R via the SHIPPED canary pipeline[2m > [22m[2mR (overclaim->under-serve) is slashed pinned to its miner_id; honest R2 is never slashed
[22m[39m{"timestamp":"2026-06-22T06:19:18.760Z","level":"INFO","source":"frontend","module":"webrtc/sframe-transform","message":"encrypted frame","context":{"kid":9,"ctr":1,"byteLength":62,"codecOffset":10}}

[90mstdout[2m | apps/validator-daemon/src/canary/__tests__/mesh-byzantine.test.ts[2m > [22m[2mREQ-RMS-017 — Byzantine under-server attributed to R via the SHIPPED canary pipeline[2m > [22m[2mR (overclaim->under-serve) is slashed pinned to its miner_id; honest R2 is never slashed
[22m[39m{"timestamp":"2026-06-22T06:19:18.760Z","level":"INFO","source":"frontend","module":"webrtc/sframe-transform","message":"encrypted frame","context":{"kid":9,"ctr":2,"byteLength":62,"codecOffset":10}}

[90mstdout[2m | apps/validator-daemon/src/canary/__tests__/mesh-byzantine.test.ts[2m > [22m[2mREQ-RMS-017 — Byzantine under-server attributed to R via the SHIPPED canary pipeline[2m > [22m[2mR (overclaim->under-serve) is slashed pinned to its miner_id; honest R2 is never slashed
[22m[39m{"timestamp":"2026-06-22T06:19:18.761Z","level":"INFO","source":"frontend","module":"webrtc/sframe-transform","message":"encrypted frame","context":{"kid":9,"ctr":3,"byteLength":62,"codecOffset":10}}

[90mstdout[2m | apps/validator-daemon/src/canary/__tests__/mesh-byzantine.test.ts[2m > [22m[2mREQ-RMS-017 — Byzantine under-server attributed to R via the SHIPPED canary pipeline[2m > [22m[2mR (overclaim->under-serve) is slashed pinned to its miner_id; honest R2 is never slashed
[22m[39m{"timestamp":"2026-06-22T06:19:18.761Z","level":"INFO","source":"frontend","module":"webrtc/sframe-transform","message":"encrypted frame","context":{"kid":9,"ctr":4,"byteLength":62,"codecOffset":10}}

[90mstdout[2m | apps/validator-daemon/src/canary/__tests__/mesh-byzantine.test.ts[2m > [22m[2mREQ-RMS-017 — Byzantine under-server attributed to R via the SHIPPED canary pipeline[2m > [22m[2mR (overclaim->under-serve) is slashed pinned to its miner_id; honest R2 is never slashed
[22m[39m{"timestamp":"2026-06-22T06:19:18.761Z","level":"INFO","source":"frontend","module":"webrtc/sframe-transform","message":"encrypted frame","context":{"kid":9,"ctr":5,"byteLength":62,"codecOffset":10}}

[90mstdout[2m | apps/validator-daemon/src/canary/__tests__/mesh-byzantine.test.ts[2m > [22m[2mREQ-RMS-017 — Byzantine under-server attributed to R via the SHIPPED canary pipeline[2m > [22m[2mR (overclaim->under-serve) is slashed pinned to its miner_id; honest R2 is never slashed
[22m[39m{"timestamp":"2026-06-22T06:19:18.762Z","level":"INFO","source":"frontend","module":"webrtc/sframe-transform","message":"encrypted frame","context":{"kid":9,"ctr":6,"byteLength":62,"codecOffset":10}}

[90mstdout[2m | apps/validator-daemon/src/canary/__tests__/mesh-byzantine.test.ts[2m > [22m[2mREQ-RMS-017 — Byzantine under-server attributed to R via the SHIPPED canary pipeline[2m > [22m[2mR (overclaim->under-serve) is slashed pinned to its miner_id; honest R2 is never slashed
[22m[39m{"timestamp":"2026-06-22T06:19:18.762Z","level":"INFO","source":"frontend","module":"webrtc/sframe-transform","message":"encrypted frame","context":{"kid":9,"ctr":7,"byteLength":62,"codecOffset":10}}

{"level":30,"time":1782109158762,"pid":29576,"hostname":"Quang","name":"canary/verifier","canaryKid":9,"mediaPackets":8,"byteIdentical":8,"divergences":0,"msg":"canary forwarding verified"}
{"level":30,"time":1782109158763,"pid":29576,"hostname":"Quang","name":"canary/loss-classifier","relayMinerId":"relay-honest-R2","promoted":0,"absorbed":0,"tampers":0,"cumulativeCrossed":false,"msg":"canary divergences classified (drop gate / tamper p=1)"}
{"level":30,"time":1782109158763,"pid":29576,"hostname":"Quang","name":"canary/verify-loop","round":0,"relayMinerId":"relay-honest-R2","roomId":"mesh-room","perReceiver":2,"promoted":0,"absorbed":0,"stunLossBps":"0","msg":"canary verify round classified (hermetic half — synthetic capture, STUN read live)"}
[90mstdout[2m | apps/validator-daemon/src/canary/__tests__/mesh-byzantine.test.ts[2m > [22m[2mREQ-RMS-017 — Byzantine under-server attributed to R via the SHIPPED canary pipeline[2m > [22m[2mR (overclaim->under-serve) is slashed pinned to its miner_id; honest R2 is never slashed
[22m[39m{"timestamp":"2026-06-22T06:19:18.763Z","level":"INFO","source":"frontend","module":"webrtc/sframe-transform","message":"encrypted frame","context":{"kid":9,"ctr":0,"byteLength":62,"codecOffset":10}}

[90mstdout[2m | apps/validator-daemon/src/canary/__tests__/mesh-byzantine.test.ts[2m > [22m[2mREQ-RMS-017 — Byzantine under-server attributed to R via the SHIPPED canary pipeline[2m > [22m[2mR (overclaim->under-serve) is slashed pinned to its miner_id; honest R2 is never slashed
[22m[39m{"timestamp":"2026-06-22T06:19:18.764Z","level":"INFO","source":"frontend","module":"webrtc/sframe-transform","message":"encrypted frame","context":{"kid":9,"ctr":1,"byteLength":62,"codecOffset":10}}

[90mstdout[2m | apps/validator-daemon/src/canary/__tests__/mesh-byzantine.test.ts[2m > [22m[2mREQ-RMS-017 — Byzantine under-server attributed to R via the SHIPPED canary pipeline[2m > [22m[2mR (overclaim->under-serve) is slashed pinned to its miner_id; honest R2 is never slashed
[22m[39m{"timestamp":"2026-06-22T06:19:18.764Z","level":"INFO","source":"frontend","module":"webrtc/sframe-transform","message":"encrypted frame","context":{"kid":9,"ctr":2,"byteLength":62,"codecOffset":10}}

[90mstdout[2m | apps/validator-daemon/src/canary/__tests__/mesh-byzantine.test.ts[2m > [22m[2mREQ-RMS-017 — Byzantine under-server attributed to R via the SHIPPED canary pipeline[2m > [22m[2mR (overclaim->under-serve) is slashed pinned to its miner_id; honest R2 is never slashed
[22m[39m{"timestamp":"2026-06-22T06:19:18.765Z","level":"INFO","source":"frontend","module":"webrtc/sframe-transform","message":"encrypted frame","context":{"kid":9,"ctr":3,"byteLength":62,"codecOffset":10}}

[90mstdout[2m | apps/validator-daemon/src/canary/__tests__/mesh-byzantine.test.ts[2m > [22m[2mREQ-RMS-017 — Byzantine under-server attributed to R via the SHIPPED canary pipeline[2m > [22m[2mR (overclaim->under-serve) is slashed pinned to its miner_id; honest R2 is never slashed
[22m[39m{"timestamp":"2026-06-22T06:19:18.765Z","level":"INFO","source":"frontend","module":"webrtc/sframe-transform","message":"encrypted frame","context":{"kid":9,"ctr":4,"byteLength":62,"codecOffset":10}}

[90mstdout[2m | apps/validator-daemon/src/canary/__tests__/mesh-byzantine.test.ts[2m > [22m[2mREQ-RMS-017 — Byzantine under-server attributed to R via the SHIPPED canary pipeline[2m > [22m[2mR (overclaim->under-serve) is slashed pinned to its miner_id; honest R2 is never slashed
[22m[39m{"timestamp":"2026-06-22T06:19:18.766Z","level":"INFO","source":"frontend","module":"webrtc/sframe-transform","message":"encrypted frame","context":{"kid":9,"ctr":6,"byteLength":62,"codecOffset":10}}

[90mstdout[2m | apps/validator-daemon/src/canary/__tests__/mesh-byzantine.test.ts[2m > [22m[2mREQ-RMS-017 — Byzantine under-server attributed to R via the SHIPPED canary pipeline[2m > [22m[2mR (overclaim->under-serve) is slashed pinned to its miner_id; honest R2 is never slashed
[22m[39m{"timestamp":"2026-06-22T06:19:18.766Z","level":"INFO","source":"frontend","module":"webrtc/sframe-transform","message":"encrypted frame","context":{"kid":9,"ctr":7,"byteLength":62,"codecOffset":10}}

[90mstdout[2m | apps/validator-daemon/src/canary/__tests__/mesh-byzantine.test.ts[2m > [22m[2mREQ-RMS-017 — Byzantine under-server attributed to R via the SHIPPED canary pipeline[2m > [22m[2mR (overclaim->under-serve) is slashed pinned to its miner_id; honest R2 is never slashed
[22m[39m{"timestamp":"2026-06-22T06:19:18.766Z","level":"INFO","source":"frontend","module":"webrtc/sframe-transform","message":"encrypted frame","context":{"kid":9,"ctr":0,"byteLength":62,"codecOffset":10}}

[90mstdout[2m | apps/validator-daemon/src/canary/__tests__/mesh-byzantine.test.ts[2m > [22m[2mREQ-RMS-017 — Byzantine under-server attributed to R via the SHIPPED canary pipeline[2m > [22m[2mR (overclaim->under-serve) is slashed pinned to its miner_id; honest R2 is never slashed
[22m[39m{"timestamp":"2026-06-22T06:19:18.767Z","level":"INFO","source":"frontend","module":"webrtc/sframe-transform","message":"encrypted frame","context":{"kid":9,"ctr":1,"byteLength":62,"codecOffset":10}}

[90mstdout[2m | apps/validator-daemon/src/canary/__tests__/mesh-byzantine.test.ts[2m > [22m[2mREQ-RMS-017 — Byzantine under-server attributed to R via the SHIPPED canary pipeline[2m > [22m[2mR (overclaim->under-serve) is slashed pinned to its miner_id; honest R2 is never slashed
[22m[39m{"timestamp":"2026-06-22T06:19:18.767Z","level":"INFO","source":"frontend","module":"webrtc/sframe-transform","message":"encrypted frame","context":{"kid":9,"ctr":2,"byteLength":62,"codecOffset":10}}

[90mstdout[2m | apps/validator-daemon/src/canary/__tests__/mesh-byzantine.test.ts[2m > [22m[2mREQ-RMS-017 — Byzantine under-server attributed to R via the SHIPPED canary pipeline[2m > [22m[2mR (overclaim->under-serve) is slashed pinned to its miner_id; honest R2 is never slashed
[22m[39m{"timestamp":"2026-06-22T06:19:18.768Z","level":"INFO","source":"frontend","module":"webrtc/sframe-transform","message":"encrypted frame","context":{"kid":9,"ctr":3,"byteLength":62,"codecOffset":10}}

[90mstdout[2m | apps/validator-daemon/src/canary/__tests__/mesh-byzantine.test.ts[2m > [22m[2mREQ-RMS-017 — Byzantine under-server attributed to R via the SHIPPED canary pipeline[2m > [22m[2mR (overclaim->under-serve) is slashed pinned to its miner_id; honest R2 is never slashed
[22m[39m{"timestamp":"2026-06-22T06:19:18.768Z","level":"INFO","source":"frontend","module":"webrtc/sframe-transform","message":"encrypted frame","context":{"kid":9,"ctr":4,"byteLength":62,"codecOffset":10}}

[90mstdout[2m | apps/validator-daemon/src/canary/__tests__/mesh-byzantine.test.ts[2m > [22m[2mREQ-RMS-017 — Byzantine under-server attributed to R via the SHIPPED canary pipeline[2m > [22m[2mR (overclaim->under-serve) is slashed pinned to its miner_id; honest R2 is never slashed
[22m[39m{"timestamp":"2026-06-22T06:19:18.768Z","level":"INFO","source":"frontend","module":"webrtc/sframe-transform","message":"encrypted frame","context":{"kid":9,"ctr":5,"byteLength":62,"codecOffset":10}}

[90mstdout[2m | apps/validator-daemon/src/canary/__tests__/mesh-byzantine.test.ts[2m > [22m[2mREQ-RMS-017 — Byzantine under-server attributed to R via the SHIPPED canary pipeline[2m > [22m[2mR (overclaim->under-serve) is slashed pinned to its miner_id; honest R2 is never slashed
[22m[39m{"timestamp":"2026-06-22T06:19:18.769Z","level":"INFO","source":"frontend","module":"webrtc/sframe-transform","message":"encrypted frame","context":{"kid":9,"ctr":6,"byteLength":62,"codecOffset":10}}

[90mstdout[2m | apps/validator-daemon/src/canary/__tests__/mesh-byzantine.test.ts[2m > [22m[2mREQ-RMS-017 — Byzantine under-server attributed to R via the SHIPPED canary pipeline[2m > [22m[2mR (overclaim->under-serve) is slashed pinned to its miner_id; honest R2 is never slashed
[22m[39m{"timestamp":"2026-06-22T06:19:18.769Z","level":"INFO","source":"frontend","module":"webrtc/sframe-transform","message":"encrypted frame","context":{"kid":9,"ctr":7,"byteLength":62,"codecOffset":10}}

{"level":30,"time":1782109158769,"pid":29576,"hostname":"Quang","name":"canary/verifier","canaryKid":9,"mediaPackets":7,"byteIdentical":7,"divergences":1,"msg":"canary forwarding verified"}
[90mstdout[2m | apps/validator-daemon/src/canary/__tests__/mesh-byzantine.test.ts[2m > [22m[2mREQ-RMS-017 — Byzantine under-server attributed to R via the SHIPPED canary pipeline[2m > [22m[2mR (overclaim->under-serve) is slashed pinned to its miner_id; honest R2 is never slashed
[22m[39m{"timestamp":"2026-06-22T06:19:18.770Z","level":"INFO","source":"frontend","module":"webrtc/sframe-transform","message":"encrypted frame","context":{"kid":9,"ctr":0,"byteLength":62,"codecOffset":10}}

[90mstdout[2m | apps/validator-daemon/src/canary/__tests__/mesh-byzantine.test.ts[2m > [22m[2mREQ-RMS-017 — Byzantine under-server attributed to R via the SHIPPED canary pipeline[2m > [22m[2mR (overclaim->under-serve) is slashed pinned to its miner_id; honest R2 is never slashed
[22m[39m{"timestamp":"2026-06-22T06:19:18.770Z","level":"INFO","source":"frontend","module":"webrtc/sframe-transform","message":"encrypted frame","context":{"kid":9,"ctr":1,"byteLength":62,"codecOffset":10}}

[90mstdout[2m | apps/validator-daemon/src/canary/__tests__/mesh-byzantine.test.ts[2m > [22m[2mREQ-RMS-017 — Byzantine under-server attributed to R via the SHIPPED canary pipeline[2m > [22m[2mR (overclaim->under-serve) is slashed pinned to its miner_id; honest R2 is never slashed
[22m[39m{"timestamp":"2026-06-22T06:19:18.770Z","level":"INFO","source":"frontend","module":"webrtc/sframe-transform","message":"encrypted frame","context":{"kid":9,"ctr":2,"byteLength":62,"codecOffset":10}}

[90mstdout[2m | apps/validator-daemon/src/canary/__tests__/mesh-byzantine.test.ts[2m > [22m[2mREQ-RMS-017 — Byzantine under-server attributed to R via the SHIPPED canary pipeline[2m > [22m[2mR (overclaim->under-serve) is slashed pinned to its miner_id; honest R2 is never slashed
[22m[39m{"timestamp":"2026-06-22T06:19:18.771Z","level":"INFO","source":"frontend","module":"webrtc/sframe-transform","message":"encrypted frame","context":{"kid":9,"ctr":3,"byteLength":62,"codecOffset":10}}

[90mstdout[2m | apps/validator-daemon/src/canary/__tests__/mesh-byzantine.test.ts[2m > [22m[2mREQ-RMS-017 — Byzantine under-server attributed to R via the SHIPPED canary pipeline[2m > [22m[2mR (overclaim->under-serve) is slashed pinned to its miner_id; honest R2 is never slashed
[22m[39m{"timestamp":"2026-06-22T06:19:18.771Z","level":"INFO","source":"frontend","module":"webrtc/sframe-transform","message":"encrypted frame","context":{"kid":9,"ctr":4,"byteLength":62,"codecOffset":10}}

[90mstdout[2m | apps/validator-daemon/src/canary/__tests__/mesh-byzantine.test.ts[2m > [22m[2mREQ-RMS-017 — Byzantine under-server attributed to R via the SHIPPED canary pipeline[2m > [22m[2mR (overclaim->under-serve) is slashed pinned to its miner_id; honest R2 is never slashed
[22m[39m{"timestamp":"2026-06-22T06:19:18.772Z","level":"INFO","source":"frontend","module":"webrtc/sframe-transform","message":"encrypted frame","context":{"kid":9,"ctr":5,"byteLength":62,"codecOffset":10}}

[90mstdout[2m | apps/validator-daemon/src/canary/__tests__/mesh-byzantine.test.ts[2m > [22m[2mREQ-RMS-017 — Byzantine under-server attributed to R via the SHIPPED canary pipeline[2m > [22m[2mR (overclaim->under-serve) is slashed pinned to its miner_id; honest R2 is never slashed
[22m[39m{"timestamp":"2026-06-22T06:19:18.772Z","level":"INFO","source":"frontend","module":"webrtc/sframe-transform","message":"encrypted frame","context":{"kid":9,"ctr":6,"byteLength":62,"codecOffset":10}}

[90mstdout[2m | apps/validator-daemon/src/canary/__tests__/mesh-byzantine.test.ts[2m > [22m[2mREQ-RMS-017 — Byzantine under-server attributed to R via the SHIPPED canary pipeline[2m > [22m[2mR (overclaim->under-serve) is slashed pinned to its miner_id; honest R2 is never slashed
[22m[39m{"timestamp":"2026-06-22T06:19:18.772Z","level":"INFO","source":"frontend","module":"webrtc/sframe-transform","message":"encrypted frame","context":{"kid":9,"ctr":7,"byteLength":62,"codecOffset":10}}

{"level":30,"time":1782109158773,"pid":29576,"hostname":"Quang","name":"canary/verifier","canaryKid":9,"mediaPackets":7,"byteIdentical":7,"divergences":1,"msg":"canary forwarding verified"}
{"level":30,"time":1782109158773,"pid":29576,"hostname":"Quang","name":"canary/loss-classifier","relayMinerId":"relay-byzantine-R","promoted":0,"absorbed":1,"tampers":0,"cumulativeCrossed":false,"msg":"canary divergences classified (drop gate / tamper p=1)"}
{"level":30,"time":1782109158773,"pid":29576,"hostname":"Quang","name":"canary/verify-loop","round":1,"relayMinerId":"relay-byzantine-R","roomId":"mesh-room","perReceiver":2,"promoted":0,"absorbed":1,"stunLossBps":"0","msg":"canary verify round classified (hermetic half — synthetic capture, STUN read live)"}
[90mstdout[2m | apps/validator-daemon/src/canary/__tests__/mesh-byzantine.test.ts[2m > [22m[2mREQ-RMS-017 — Byzantine under-server attributed to R via the SHIPPED canary pipeline[2m > [22m[2mR (overclaim->under-serve) is slashed pinned to its miner_id; honest R2 is never slashed
[22m[39m{"timestamp":"2026-06-22T06:19:18.773Z","level":"INFO","source":"frontend","module":"webrtc/sframe-transform","message":"encrypted frame","context":{"kid":9,"ctr":0,"byteLength":62,"codecOffset":10}}

[90mstdout[2m | apps/validator-daemon/src/canary/__tests__/mesh-byzantine.test.ts[2m > [22m[2mREQ-RMS-017 — Byzantine under-server attributed to R via the SHIPPED canary pipeline[2m > [22m[2mR (overclaim->under-serve) is slashed pinned to its miner_id; honest R2 is never slashed
[22m[39m{"timestamp":"2026-06-22T06:19:18.774Z","level":"INFO","source":"frontend","module":"webrtc/sframe-transform","message":"encrypted frame","context":{"kid":9,"ctr":1,"byteLength":62,"codecOffset":10}}

[90mstdout[2m | apps/validator-daemon/src/canary/__tests__/mesh-byzantine.test.ts[2m > [22m[2mREQ-RMS-017 — Byzantine under-server attributed to R via the SHIPPED canary pipeline[2m > [22m[2mR (overclaim->under-serve) is slashed pinned to its miner_id; honest R2 is never slashed
[22m[39m{"timestamp":"2026-06-22T06:19:18.774Z","level":"INFO","source":"frontend","module":"webrtc/sframe-transform","message":"encrypted frame","context":{"kid":9,"ctr":2,"byteLength":62,"codecOffset":10}}

[90mstdout[2m | apps/validator-daemon/src/canary/__tests__/mesh-byzantine.test.ts[2m > [22m[2mREQ-RMS-017 — Byzantine under-server attributed to R via the SHIPPED canary pipeline[2m > [22m[2mR (overclaim->under-serve) is slashed pinned to its miner_id; honest R2 is never slashed
[22m[39m{"timestamp":"2026-06-22T06:19:18.775Z","level":"INFO","source":"frontend","module":"webrtc/sframe-transform","message":"encrypted frame","context":{"kid":9,"ctr":3,"byteLength":62,"codecOffset":10}}

[90mstdout[2m | apps/validator-daemon/src/canary/__tests__/mesh-byzantine.test.ts[2m > [22m[2mREQ-RMS-017 — Byzantine under-server attributed to R via the SHIPPED canary pipeline[2m > [22m[2mR (overclaim->under-serve) is slashed pinned to its miner_id; honest R2 is never slashed
[22m[39m{"timestamp":"2026-06-22T06:19:18.775Z","level":"INFO","source":"frontend","module":"webrtc/sframe-transform","message":"encrypted frame","context":{"kid":9,"ctr":4,"byteLength":62,"codecOffset":10}}

[90mstdout[2m | apps/validator-daemon/src/canary/__tests__/mesh-byzantine.test.ts[2m > [22m[2mREQ-RMS-017 — Byzantine under-server attributed to R via the SHIPPED canary pipeline[2m > [22m[2mR (overclaim->under-serve) is slashed pinned to its miner_id; honest R2 is never slashed
[22m[39m{"timestamp":"2026-06-22T06:19:18.776Z","level":"INFO","source":"frontend","module":"webrtc/sframe-transform","message":"encrypted frame","context":{"kid":9,"ctr":5,"byteLength":62,"codecOffset":10}}

[90mstdout[2m | apps/validator-daemon/src/canary/__tests__/mesh-byzantine.test.ts[2m > [22m[2mREQ-RMS-017 — Byzantine under-server attributed to R via the SHIPPED canary pipeline[2m > [22m[2mR (overclaim->under-serve) is slashed pinned to its miner_id; honest R2 is never slashed
[22m[39m{"timestamp":"2026-06-22T06:19:18.776Z","level":"INFO","source":"frontend","module":"webrtc/sframe-transform","message":"encrypted frame","context":{"kid":9,"ctr":6,"byteLength":62,"codecOffset":10}}

[90mstdout[2m | apps/validator-daemon/src/canary/__tests__/mesh-byzantine.test.ts[2m > [22m[2mREQ-RMS-017 — Byzantine under-server attributed to R via the SHIPPED canary pipeline[2m > [22m[2mR (overclaim->under-serve) is slashed pinned to its miner_id; honest R2 is never slashed
[22m[39m{"timestamp":"2026-06-22T06:19:18.776Z","level":"INFO","source":"frontend","module":"webrtc/sframe-transform","message":"encrypted frame","context":{"kid":9,"ctr":7,"byteLength":62,"codecOffset":10}}

[90mstdout[2m | apps/validator-daemon/src/canary/__tests__/mesh-byzantine.test.ts[2m > [22m[2mREQ-RMS-017 — Byzantine under-server attributed to R via the SHIPPED canary pipeline[2m > [22m[2mR (overclaim->under-serve) is slashed pinned to its miner_id; honest R2 is never slashed
[22m[39m{"timestamp":"2026-06-22T06:19:18.777Z","level":"INFO","source":"frontend","module":"webrtc/sframe-transform","message":"encrypted frame","context":{"kid":9,"ctr":0,"byteLength":62,"codecOffset":10}}

[90mstdout[2m | apps/validator-daemon/src/canary/__tests__/mesh-byzantine.test.ts[2m > [22m[2mREQ-RMS-017 — Byzantine under-server attributed to R via the SHIPPED canary pipeline[2m > [22m[2mR (overclaim->under-serve) is slashed pinned to its miner_id; honest R2 is never slashed
[22m[39m{"timestamp":"2026-06-22T06:19:18.777Z","level":"INFO","source":"frontend","module":"webrtc/sframe-transform","message":"encrypted frame","context":{"kid":9,"ctr":1,"byteLength":62,"codecOffset":10}}

[90mstdout[2m | apps/validator-daemon/src/canary/__tests__/mesh-byzantine.test.ts[2m > [22m[2mREQ-RMS-017 — Byzantine under-server attributed to R via the SHIPPED canary pipeline[2m > [22m[2mR (overclaim->under-serve) is slashed pinned to its miner_id; honest R2 is never slashed
[22m[39m{"timestamp":"2026-06-22T06:19:18.777Z","level":"INFO","source":"frontend","module":"webrtc/sframe-transform","message":"encrypted frame","context":{"kid":9,"ctr":2,"byteLength":62,"codecOffset":10}}

[90mstdout[2m | apps/validator-daemon/src/canary/__tests__/mesh-byzantine.test.ts[2m > [22m[2mREQ-RMS-017 — Byzantine under-server attributed to R via the SHIPPED canary pipeline[2m > [22m[2mR (overclaim->under-serve) is slashed pinned to its miner_id; honest R2 is never slashed
[22m[39m{"timestamp":"2026-06-22T06:19:18.778Z","level":"INFO","source":"frontend","module":"webrtc/sframe-transform","message":"encrypted frame","context":{"kid":9,"ctr":3,"byteLength":62,"codecOffset":10}}

[90mstdout[2m | apps/validator-daemon/src/canary/__tests__/mesh-byzantine.test.ts[2m > [22m[2mREQ-RMS-017 — Byzantine under-server attributed to R via the SHIPPED canary pipeline[2m > [22m[2mR (overclaim->under-serve) is slashed pinned to its miner_id; honest R2 is never slashed
[22m[39m{"timestamp":"2026-06-22T06:19:18.778Z","level":"INFO","source":"frontend","module":"webrtc/sframe-transform","message":"encrypted frame","context":{"kid":9,"ctr":4,"byteLength":62,"codecOffset":10}}

[90mstdout[2m | apps/validator-daemon/src/canary/__tests__/mesh-byzantine.test.ts[2m > [22m[2mREQ-RMS-017 — Byzantine under-server attributed to R via the SHIPPED canary pipeline[2m > [22m[2mR (overclaim->under-serve) is slashed pinned to its miner_id; honest R2 is never slashed
[22m[39m{"timestamp":"2026-06-22T06:19:18.779Z","level":"INFO","source":"frontend","module":"webrtc/sframe-transform","message":"encrypted frame","context":{"kid":9,"ctr":5,"byteLength":62,"codecOffset":10}}

[90mstdout[2m | apps/validator-daemon/src/canary/__tests__/mesh-byzantine.test.ts[2m > [22m[2mREQ-RMS-017 — Byzantine under-server attributed to R via the SHIPPED canary pipeline[2m > [22m[2mR (overclaim->under-serve) is slashed pinned to its miner_id; honest R2 is never slashed
[22m[39m{"timestamp":"2026-06-22T06:19:18.779Z","level":"INFO","source":"frontend","module":"webrtc/sframe-transform","message":"encrypted frame","context":{"kid":9,"ctr":6,"byteLength":62,"codecOffset":10}}

[90mstdout[2m | apps/validator-daemon/src/canary/__tests__/mesh-byzantine.test.ts[2m > [22m[2mREQ-RMS-017 — Byzantine under-server attributed to R via the SHIPPED canary pipeline[2m > [22m[2mR (overclaim->under-serve) is slashed pinned to its miner_id; honest R2 is never slashed
[22m[39m{"timestamp":"2026-06-22T06:19:18.779Z","level":"INFO","source":"frontend","module":"webrtc/sframe-transform","message":"encrypted frame","context":{"kid":9,"ctr":7,"byteLength":62,"codecOffset":10}}

{"level":30,"time":1782109158780,"pid":29576,"hostname":"Quang","name":"canary/verifier","canaryKid":9,"mediaPackets":8,"byteIdentical":8,"divergences":0,"msg":"canary forwarding verified"}
[90mstdout[2m | apps/validator-daemon/src/canary/__tests__/mesh-byzantine.test.ts[2m > [22m[2mREQ-RMS-017 — Byzantine under-server attributed to R via the SHIPPED canary pipeline[2m > [22m[2mR (overclaim->under-serve) is slashed pinned to its miner_id; honest R2 is never slashed
[22m[39m{"timestamp":"2026-06-22T06:19:18.780Z","level":"INFO","source":"frontend","module":"webrtc/sframe-transform","message":"encrypted frame","context":{"kid":9,"ctr":0,"byteLength":62,"codecOffset":10}}

[90mstdout[2m | apps/validator-daemon/src/canary/__tests__/mesh-byzantine.test.ts[2m > [22m[2mREQ-RMS-017 — Byzantine under-server attributed to R via the SHIPPED canary pipeline[2m > [22m[2mR (overclaim->under-serve) is slashed pinned to its miner_id; honest R2 is never slashed
[22m[39m{"timestamp":"2026-06-22T06:19:18.780Z","level":"INFO","source":"frontend","module":"webrtc/sframe-transform","message":"encrypted frame","context":{"kid":9,"ctr":1,"byteLength":62,"codecOffset":10}}

[90mstdout[2m | apps/validator-daemon/src/canary/__tests__/mesh-byzantine.test.ts[2m > [22m[2mREQ-RMS-017 — Byzantine under-server attributed to R via the SHIPPED canary pipeline[2m > [22m[2mR (overclaim->under-serve) is slashed pinned to its miner_id; honest R2 is never slashed
[22m[39m{"timestamp":"2026-06-22T06:19:18.781Z","level":"INFO","source":"frontend","module":"webrtc/sframe-transform","message":"encrypted frame","context":{"kid":9,"ctr":2,"byteLength":62,"codecOffset":10}}

[90mstdout[2m | apps/validator-daemon/src/canary/__tests__/mesh-byzantine.test.ts[2m > [22m[2mREQ-RMS-017 — Byzantine under-server attributed to R via the SHIPPED canary pipeline[2m > [22m[2mR (overclaim->under-serve) is slashed pinned to its miner_id; honest R2 is never slashed
[22m[39m{"timestamp":"2026-06-22T06:19:18.781Z","level":"INFO","source":"frontend","module":"webrtc/sframe-transform","message":"encrypted frame","context":{"kid":9,"ctr":3,"byteLength":62,"codecOffset":10}}

[90mstdout[2m | apps/validator-daemon/src/canary/__tests__/mesh-byzantine.test.ts[2m > [22m[2mREQ-RMS-017 — Byzantine under-server attributed to R via the SHIPPED canary pipeline[2m > [22m[2mR (overclaim->under-serve) is slashed pinned to its miner_id; honest R2 is never slashed
[22m[39m{"timestamp":"2026-06-22T06:19:18.781Z","level":"INFO","source":"frontend","module":"webrtc/sframe-transform","message":"encrypted frame","context":{"kid":9,"ctr":4,"byteLength":62,"codecOffset":10}}

[90mstdout[2m | apps/validator-daemon/src/canary/__tests__/mesh-byzantine.test.ts[2m > [22m[2mREQ-RMS-017 — Byzantine under-server attributed to R via the SHIPPED canary pipeline[2m > [22m[2mR (overclaim->under-serve) is slashed pinned to its miner_id; honest R2 is never slashed
[22m[39m{"timestamp":"2026-06-22T06:19:18.782Z","level":"INFO","source":"frontend","module":"webrtc/sframe-transform","message":"encrypted frame","context":{"kid":9,"ctr":5,"byteLength":62,"codecOffset":10}}

[90mstdout[2m | apps/validator-daemon/src/canary/__tests__/mesh-byzantine.test.ts[2m > [22m[2mREQ-RMS-017 — Byzantine under-server attributed to R via the SHIPPED canary pipeline[2m > [22m[2mR (overclaim->under-serve) is slashed pinned to its miner_id; honest R2 is never slashed
[22m[39m{"timestamp":"2026-06-22T06:19:18.782Z","level":"INFO","source":"frontend","module":"webrtc/sframe-transform","message":"encrypted frame","context":{"kid":9,"ctr":6,"byteLength":62,"codecOffset":10}}

[90mstdout[2m | apps/validator-daemon/src/canary/__tests__/mesh-byzantine.test.ts[2m > [22m[2mREQ-RMS-017 — Byzantine under-server attributed to R via the SHIPPED canary pipeline[2m > [22m[2mR (overclaim->under-serve) is slashed pinned to its miner_id; honest R2 is never slashed
[22m[39m{"timestamp":"2026-06-22T06:19:18.783Z","level":"INFO","source":"frontend","module":"webrtc/sframe-transform","message":"encrypted frame","context":{"kid":9,"ctr":7,"byteLength":62,"codecOffset":10}}

{"level":30,"time":1782109158783,"pid":29576,"hostname":"Quang","name":"canary/verifier","canaryKid":9,"mediaPackets":8,"byteIdentical":8,"divergences":0,"msg":"canary forwarding verified"}
{"level":30,"time":1782109158783,"pid":29576,"hostname":"Quang","name":"canary/loss-classifier","relayMinerId":"relay-honest-R2","promoted":0,"absorbed":0,"tampers":0,"cumulativeCrossed":false,"msg":"canary divergences classified (drop gate / tamper p=1)"}
{"level":30,"time":1782109158783,"pid":29576,"hostname":"Quang","name":"canary/verify-loop","round":1,"relayMinerId":"relay-honest-R2","roomId":"mesh-room","perReceiver":2,"promoted":0,"absorbed":0,"stunLossBps":"0","msg":"canary verify round classified (hermetic half — synthetic capture, STUN read live)"}
[90mstdout[2m | apps/validator-daemon/src/canary/__tests__/mesh-byzantine.test.ts[2m > [22m[2mREQ-RMS-017 — Byzantine under-server attributed to R via the SHIPPED canary pipeline[2m > [22m[2mR (overclaim->under-serve) is slashed pinned to its miner_id; honest R2 is never slashed
[22m[39m{"timestamp":"2026-06-22T06:19:18.783Z","level":"INFO","source":"frontend","module":"webrtc/sframe-transform","message":"encrypted frame","context":{"kid":9,"ctr":0,"byteLength":62,"codecOffset":10}}

[90mstdout[2m | apps/validator-daemon/src/canary/__tests__/mesh-byzantine.test.ts[2m > [22m[2mREQ-RMS-017 — Byzantine under-server attributed to R via the SHIPPED canary pipeline[2m > [22m[2mR (overclaim->under-serve) is slashed pinned to its miner_id; honest R2 is never slashed
[22m[39m{"timestamp":"2026-06-22T06:19:18.784Z","level":"INFO","source":"frontend","module":"webrtc/sframe-transform","message":"encrypted frame","context":{"kid":9,"ctr":1,"byteLength":62,"codecOffset":10}}

[90mstdout[2m | apps/validator-daemon/src/canary/__tests__/mesh-byzantine.test.ts[2m > [22m[2mREQ-RMS-017 — Byzantine under-server attributed to R via the SHIPPED canary pipeline[2m > [22m[2mR (overclaim->under-serve) is slashed pinned to its miner_id; honest R2 is never slashed
[22m[39m{"timestamp":"2026-06-22T06:19:18.784Z","level":"INFO","source":"frontend","module":"webrtc/sframe-transform","message":"encrypted frame","context":{"kid":9,"ctr":2,"byteLength":62,"codecOffset":10}}

[90mstdout[2m | apps/validator-daemon/src/canary/__tests__/mesh-byzantine.test.ts[2m > [22m[2mREQ-RMS-017 — Byzantine under-server attributed to R via the SHIPPED canary pipeline[2m > [22m[2mR (overclaim->under-serve) is slashed pinned to its miner_id; honest R2 is never slashed
[22m[39m{"timestamp":"2026-06-22T06:19:18.784Z","level":"INFO","source":"frontend","module":"webrtc/sframe-transform","message":"encrypted frame","context":{"kid":9,"ctr":3,"byteLength":62,"codecOffset":10}}

[90mstdout[2m | apps/validator-daemon/src/canary/__tests__/mesh-byzantine.test.ts[2m > [22m[2mREQ-RMS-017 — Byzantine under-server attributed to R via the SHIPPED canary pipeline[2m > [22m[2mR (overclaim->under-serve) is slashed pinned to its miner_id; honest R2 is never slashed
[22m[39m{"timestamp":"2026-06-22T06:19:18.785Z","level":"INFO","source":"frontend","module":"webrtc/sframe-transform","message":"encrypted frame","context":{"kid":9,"ctr":4,"byteLength":62,"codecOffset":10}}

[90mstdout[2m | apps/validator-daemon/src/canary/__tests__/mesh-byzantine.test.ts[2m > [22m[2mREQ-RMS-017 — Byzantine under-server attributed to R via the SHIPPED canary pipeline[2m > [22m[2mR (overclaim->under-serve) is slashed pinned to its miner_id; honest R2 is never slashed
[22m[39m{"timestamp":"2026-06-22T06:19:18.785Z","level":"INFO","source":"frontend","module":"webrtc/sframe-transform","message":"encrypted frame","context":{"kid":9,"ctr":6,"byteLength":62,"codecOffset":10}}

[90mstdout[2m | apps/validator-daemon/src/canary/__tests__/mesh-byzantine.test.ts[2m > [22m[2mREQ-RMS-017 — Byzantine under-server attributed to R via the SHIPPED canary pipeline[2m > [22m[2mR (overclaim->under-serve) is slashed pinned to its miner_id; honest R2 is never slashed
[22m[39m{"timestamp":"2026-06-22T06:19:18.785Z","level":"INFO","source":"frontend","module":"webrtc/sframe-transform","message":"encrypted frame","context":{"kid":9,"ctr":7,"byteLength":62,"codecOffset":10}}

[90mstdout[2m | apps/validator-daemon/src/canary/__tests__/mesh-byzantine.test.ts[2m > [22m[2mREQ-RMS-017 — Byzantine under-server attributed to R via the SHIPPED canary pipeline[2m > [22m[2mR (overclaim->under-serve) is slashed pinned to its miner_id; honest R2 is never slashed
[22m[39m{"timestamp":"2026-06-22T06:19:18.786Z","level":"INFO","source":"frontend","module":"webrtc/sframe-transform","message":"encrypted frame","context":{"kid":9,"ctr":0,"byteLength":62,"codecOffset":10}}

[90mstdout[2m | apps/validator-daemon/src/canary/__tests__/mesh-byzantine.test.ts[2m > [22m[2mREQ-RMS-017 — Byzantine under-server attributed to R via the SHIPPED canary pipeline[2m > [22m[2mR (overclaim->under-serve) is slashed pinned to its miner_id; honest R2 is never slashed
[22m[39m{"timestamp":"2026-06-22T06:19:18.786Z","level":"INFO","source":"frontend","module":"webrtc/sframe-transform","message":"encrypted frame","context":{"kid":9,"ctr":1,"byteLength":62,"codecOffset":10}}

[90mstdout[2m | apps/validator-daemon/src/canary/__tests__/mesh-byzantine.test.ts[2m > [22m[2mREQ-RMS-017 — Byzantine under-server attributed to R via the SHIPPED canary pipeline[2m > [22m[2mR (overclaim->under-serve) is slashed pinned to its miner_id; honest R2 is never slashed
[22m[39m{"timestamp":"2026-06-22T06:19:18.787Z","level":"INFO","source":"frontend","module":"webrtc/sframe-transform","message":"encrypted frame","context":{"kid":9,"ctr":2,"byteLength":62,"codecOffset":10}}

[90mstdout[2m | apps/validator-daemon/src/canary/__tests__/mesh-byzantine.test.ts[2m > [22m[2mREQ-RMS-017 — Byzantine under-server attributed to R via the SHIPPED canary pipeline[2m > [22m[2mR (overclaim->under-serve) is slashed pinned to its miner_id; honest R2 is never slashed
[22m[39m{"timestamp":"2026-06-22T06:19:18.787Z","level":"INFO","source":"frontend","module":"webrtc/sframe-transform","message":"encrypted frame","context":{"kid":9,"ctr":3,"byteLength":62,"codecOffset":10}}

[90mstdout[2m | apps/validator-daemon/src/canary/__tests__/mesh-byzantine.test.ts[2m > [22m[2mREQ-RMS-017 — Byzantine under-server attributed to R via the SHIPPED canary pipeline[2m > [22m[2mR (overclaim->under-serve) is slashed pinned to its miner_id; honest R2 is never slashed
[22m[39m{"timestamp":"2026-06-22T06:19:18.788Z","level":"INFO","source":"frontend","module":"webrtc/sframe-transform","message":"encrypted frame","context":{"kid":9,"ctr":4,"byteLength":62,"codecOffset":10}}

[90mstdout[2m | apps/validator-daemon/src/canary/__tests__/mesh-byzantine.test.ts[2m > [22m[2mREQ-RMS-017 — Byzantine under-server attributed to R via the SHIPPED canary pipeline[2m > [22m[2mR (overclaim->under-serve) is slashed pinned to its miner_id; honest R2 is never slashed
[22m[39m{"timestamp":"2026-06-22T06:19:18.788Z","level":"INFO","source":"frontend","module":"webrtc/sframe-transform","message":"encrypted frame","context":{"kid":9,"ctr":5,"byteLength":62,"codecOffset":10}}

[90mstdout[2m | apps/validator-daemon/src/canary/__tests__/mesh-byzantine.test.ts[2m > [22m[2mREQ-RMS-017 — Byzantine under-server attributed to R via the SHIPPED canary pipeline[2m > [22m[2mR (overclaim->under-serve) is slashed pinned to its miner_id; honest R2 is never slashed
[22m[39m{"timestamp":"2026-06-22T06:19:18.788Z","level":"INFO","source":"frontend","module":"webrtc/sframe-transform","message":"encrypted frame","context":{"kid":9,"ctr":6,"byteLength":62,"codecOffset":10}}

[90mstdout[2m | apps/validator-daemon/src/canary/__tests__/mesh-byzantine.test.ts[2m > [22m[2mREQ-RMS-017 — Byzantine under-server attributed to R via the SHIPPED canary pipeline[2m > [22m[2mR (overclaim->under-serve) is slashed pinned to its miner_id; honest R2 is never slashed
[22m[39m{"timestamp":"2026-06-22T06:19:18.789Z","level":"INFO","source":"frontend","module":"webrtc/sframe-transform","message":"encrypted frame","context":{"kid":9,"ctr":7,"byteLength":62,"codecOffset":10}}

{"level":30,"time":1782109158789,"pid":29576,"hostname":"Quang","name":"canary/verifier","canaryKid":9,"mediaPackets":7,"byteIdentical":7,"divergences":1,"msg":"canary forwarding verified"}
[90mstdout[2m | apps/validator-daemon/src/canary/__tests__/mesh-byzantine.test.ts[2m > [22m[2mREQ-RMS-017 — Byzantine under-server attributed to R via the SHIPPED canary pipeline[2m > [22m[2mR (overclaim->under-serve) is slashed pinned to its miner_id; honest R2 is never slashed
[22m[39m{"timestamp":"2026-06-22T06:19:18.789Z","level":"INFO","source":"frontend","module":"webrtc/sframe-transform","message":"encrypted frame","context":{"kid":9,"ctr":0,"byteLength":62,"codecOffset":10}}

[90mstdout[2m | apps/validator-daemon/src/canary/__tests__/mesh-byzantine.test.ts[2m > [22m[2mREQ-RMS-017 — Byzantine under-server attributed to R via the SHIPPED canary pipeline[2m > [22m[2mR (overclaim->under-serve) is slashed pinned to its miner_id; honest R2 is never slashed
[22m[39m{"timestamp":"2026-06-22T06:19:18.789Z","level":"INFO","source":"frontend","module":"webrtc/sframe-transform","message":"encrypted frame","context":{"kid":9,"ctr":1,"byteLength":62,"codecOffset":10}}

[90mstdout[2m | apps/validator-daemon/src/canary/__tests__/mesh-byzantine.test.ts[2m > [22m[2mREQ-RMS-017 — Byzantine under-server attributed to R via the SHIPPED canary pipeline[2m > [22m[2mR (overclaim->under-serve) is slashed pinned to its miner_id; honest R2 is never slashed
[22m[39m{"timestamp":"2026-06-22T06:19:18.790Z","level":"INFO","source":"frontend","module":"webrtc/sframe-transform","message":"encrypted frame","context":{"kid":9,"ctr":2,"byteLength":62,"codecOffset":10}}

[90mstdout[2m | apps/validator-daemon/src/canary/__tests__/mesh-byzantine.test.ts[2m > [22m[2mREQ-RMS-017 — Byzantine under-server attributed to R via the SHIPPED canary pipeline[2m > [22m[2mR (overclaim->under-serve) is slashed pinned to its miner_id; honest R2 is never slashed
[22m[39m{"timestamp":"2026-06-22T06:19:18.790Z","level":"INFO","source":"frontend","module":"webrtc/sframe-transform","message":"encrypted frame","context":{"kid":9,"ctr":3,"byteLength":62,"codecOffset":10}}

[90mstdout[2m | apps/validator-daemon/src/canary/__tests__/mesh-byzantine.test.ts[2m > [22m[2mREQ-RMS-017 — Byzantine under-server attributed to R via the SHIPPED canary pipeline[2m > [22m[2mR (overclaim->under-serve) is slashed pinned to its miner_id; honest R2 is never slashed
[22m[39m{"timestamp":"2026-06-22T06:19:18.790Z","level":"INFO","source":"frontend","module":"webrtc/sframe-transform","message":"encrypted frame","context":{"kid":9,"ctr":4,"byteLength":62,"codecOffset":10}}

[90mstdout[2m | apps/validator-daemon/src/canary/__tests__/mesh-byzantine.test.ts[2m > [22m[2mREQ-RMS-017 — Byzantine under-server attributed to R via the SHIPPED canary pipeline[2m > [22m[2mR (overclaim->under-serve) is slashed pinned to its miner_id; honest R2 is never slashed
[22m[39m{"timestamp":"2026-06-22T06:19:18.791Z","level":"INFO","source":"frontend","module":"webrtc/sframe-transform","message":"encrypted frame","context":{"kid":9,"ctr":5,"byteLength":62,"codecOffset":10}}

[90mstdout[2m | apps/validator-daemon/src/canary/__tests__/mesh-byzantine.test.ts[2m > [22m[2mREQ-RMS-017 — Byzantine under-server attributed to R via the SHIPPED canary pipeline[2m > [22m[2mR (overclaim->under-serve) is slashed pinned to its miner_id; honest R2 is never slashed
[22m[39m{"timestamp":"2026-06-22T06:19:18.791Z","level":"INFO","source":"frontend","module":"webrtc/sframe-transform","message":"encrypted frame","context":{"kid":9,"ctr":6,"byteLength":62,"codecOffset":10}}

[90mstdout[2m | apps/validator-daemon/src/canary/__tests__/mesh-byzantine.test.ts[2m > [22m[2mREQ-RMS-017 — Byzantine under-server attributed to R via the SHIPPED canary pipeline[2m > [22m[2mR (overclaim->under-serve) is slashed pinned to its miner_id; honest R2 is never slashed
[22m[39m{"timestamp":"2026-06-22T06:19:18.792Z","level":"INFO","source":"frontend","module":"webrtc/sframe-transform","message":"encrypted frame","context":{"kid":9,"ctr":7,"byteLength":62,"codecOffset":10}}

{"level":30,"time":1782109158792,"pid":29576,"hostname":"Quang","name":"canary/verifier","canaryKid":9,"mediaPackets":7,"byteIdentical":7,"divergences":1,"msg":"canary forwarding verified"}
{"level":30,"time":1782109158792,"pid":29576,"hostname":"Quang","name":"canary/loss-classifier","relayMinerId":"relay-byzantine-R","promoted":0,"absorbed":1,"tampers":0,"cumulativeCrossed":false,"msg":"canary divergences classified (drop gate / tamper p=1)"}
{"level":30,"time":1782109158792,"pid":29576,"hostname":"Quang","name":"canary/verify-loop","round":1,"relayMinerId":"relay-byzantine-R","roomId":"mesh-room","perReceiver":2,"promoted":0,"absorbed":1,"stunLossBps":"0","msg":"canary verify round classified (hermetic half — synthetic capture, STUN read live)"}
[90mstdout[2m | apps/validator-daemon/src/canary/__tests__/mesh-byzantine.test.ts[2m > [22m[2mREQ-RMS-017 — Byzantine under-server attributed to R via the SHIPPED canary pipeline[2m > [22m[2mR (overclaim->under-serve) is slashed pinned to its miner_id; honest R2 is never slashed
[22m[39m{"timestamp":"2026-06-22T06:19:18.792Z","level":"INFO","source":"frontend","module":"webrtc/sframe-transform","message":"encrypted frame","context":{"kid":9,"ctr":0,"byteLength":62,"codecOffset":10}}

[90mstdout[2m | apps/validator-daemon/src/canary/__tests__/mesh-byzantine.test.ts[2m > [22m[2mREQ-RMS-017 — Byzantine under-server attributed to R via the SHIPPED canary pipeline[2m > [22m[2mR (overclaim->under-serve) is slashed pinned to its miner_id; honest R2 is never slashed
[22m[39m{"timestamp":"2026-06-22T06:19:18.793Z","level":"INFO","source":"frontend","module":"webrtc/sframe-transform","message":"encrypted frame","context":{"kid":9,"ctr":1,"byteLength":62,"codecOffset":10}}

[90mstdout[2m | apps/validator-daemon/src/canary/__tests__/mesh-byzantine.test.ts[2m > [22m[2mREQ-RMS-017 — Byzantine under-server attributed to R via the SHIPPED canary pipeline[2m > [22m[2mR (overclaim->under-serve) is slashed pinned to its miner_id; honest R2 is never slashed
[22m[39m{"timestamp":"2026-06-22T06:19:18.793Z","level":"INFO","source":"frontend","module":"webrtc/sframe-transform","message":"encrypted frame","context":{"kid":9,"ctr":2,"byteLength":62,"codecOffset":10}}

[90mstdout[2m | apps/validator-daemon/src/canary/__tests__/mesh-byzantine.test.ts[2m > [22m[2mREQ-RMS-017 — Byzantine under-server attributed to R via the SHIPPED canary pipeline[2m > [22m[2mR (overclaim->under-serve) is slashed pinned to its miner_id; honest R2 is never slashed
[22m[39m{"timestamp":"2026-06-22T06:19:18.794Z","level":"INFO","source":"frontend","module":"webrtc/sframe-transform","message":"encrypted frame","context":{"kid":9,"ctr":3,"byteLength":62,"codecOffset":10}}

[90mstdout[2m | apps/validator-daemon/src/canary/__tests__/mesh-byzantine.test.ts[2m > [22m[2mREQ-RMS-017 — Byzantine under-server attributed to R via the SHIPPED canary pipeline[2m > [22m[2mR (overclaim->under-serve) is slashed pinned to its miner_id; honest R2 is never slashed
[22m[39m{"timestamp":"2026-06-22T06:19:18.794Z","level":"INFO","source":"frontend","module":"webrtc/sframe-transform","message":"encrypted frame","context":{"kid":9,"ctr":4,"byteLength":62,"codecOffset":10}}

[90mstdout[2m | apps/validator-daemon/src/canary/__tests__/mesh-byzantine.test.ts[2m > [22m[2mREQ-RMS-017 — Byzantine under-server attributed to R via the SHIPPED canary pipeline[2m > [22m[2mR (overclaim->under-serve) is slashed pinned to its miner_id; honest R2 is never slashed
[22m[39m{"timestamp":"2026-06-22T06:19:18.794Z","level":"INFO","source":"frontend","module":"webrtc/sframe-transform","message":"encrypted frame","context":{"kid":9,"ctr":5,"byteLength":62,"codecOffset":10}}

[90mstdout[2m | apps/validator-daemon/src/canary/__tests__/mesh-byzantine.test.ts[2m > [22m[2mREQ-RMS-017 — Byzantine under-server attributed to R via the SHIPPED canary pipeline[2m > [22m[2mR (overclaim->under-serve) is slashed pinned to its miner_id; honest R2 is never slashed
[22m[39m{"timestamp":"2026-06-22T06:19:18.794Z","level":"INFO","source":"frontend","module":"webrtc/sframe-transform","message":"encrypted frame","context":{"kid":9,"ctr":6,"byteLength":62,"codecOffset":10}}

[90mstdout[2m | apps/validator-daemon/src/canary/__tests__/mesh-byzantine.test.ts[2m > [22m[2mREQ-RMS-017 — Byzantine under-server attributed to R via the SHIPPED canary pipeline[2m > [22m[2mR (overclaim->under-serve) is slashed pinned to its miner_id; honest R2 is never slashed
[22m[39m{"timestamp":"2026-06-22T06:19:18.795Z","level":"INFO","source":"frontend","module":"webrtc/sframe-transform","message":"encrypted frame","context":{"kid":9,"ctr":7,"byteLength":62,"codecOffset":10}}

[90mstdout[2m | apps/validator-daemon/src/canary/__tests__/mesh-byzantine.test.ts[2m > [22m[2mREQ-RMS-017 — Byzantine under-server attributed to R via the SHIPPED canary pipeline[2m > [22m[2mR (overclaim->under-serve) is slashed pinned to its miner_id; honest R2 is never slashed
[22m[39m{"timestamp":"2026-06-22T06:19:18.795Z","level":"INFO","source":"frontend","module":"webrtc/sframe-transform","message":"encrypted frame","context":{"kid":9,"ctr":0,"byteLength":62,"codecOffset":10}}

[90mstdout[2m | apps/validator-daemon/src/canary/__tests__/mesh-byzantine.test.ts[2m > [22m[2mREQ-RMS-017 — Byzantine under-server attributed to R via the SHIPPED canary pipeline[2m > [22m[2mR (overclaim->under-serve) is slashed pinned to its miner_id; honest R2 is never slashed
[22m[39m{"timestamp":"2026-06-22T06:19:18.795Z","level":"INFO","source":"frontend","module":"webrtc/sframe-transform","message":"encrypted frame","context":{"kid":9,"ctr":1,"byteLength":62,"codecOffset":10}}

[90mstdout[2m | apps/validator-daemon/src/canary/__tests__/mesh-byzantine.test.ts[2m > [22m[2mREQ-RMS-017 — Byzantine under-server attributed to R via the SHIPPED canary pipeline[2m > [22m[2mR (overclaim->under-serve) is slashed pinned to its miner_id; honest R2 is never slashed
[22m[39m{"timestamp":"2026-06-22T06:19:18.796Z","level":"INFO","source":"frontend","module":"webrtc/sframe-transform","message":"encrypted frame","context":{"kid":9,"ctr":2,"byteLength":62,"codecOffset":10}}

[90mstdout[2m | apps/validator-daemon/src/canary/__tests__/mesh-byzantine.test.ts[2m > [22m[2mREQ-RMS-017 — Byzantine under-server attributed to R via the SHIPPED canary pipeline[2m > [22m[2mR (overclaim->under-serve) is slashed pinned to its miner_id; honest R2 is never slashed
[22m[39m{"timestamp":"2026-06-22T06:19:18.796Z","level":"INFO","source":"frontend","module":"webrtc/sframe-transform","message":"encrypted frame","context":{"kid":9,"ctr":3,"byteLength":62,"codecOffset":10}}

[90mstdout[2m | apps/validator-daemon/src/canary/__tests__/mesh-byzantine.test.ts[2m > [22m[2mREQ-RMS-017 — Byzantine under-server attributed to R via the SHIPPED canary pipeline[2m > [22m[2mR (overclaim->under-serve) is slashed pinned to its miner_id; honest R2 is never slashed
[22m[39m{"timestamp":"2026-06-22T06:19:18.797Z","level":"INFO","source":"frontend","module":"webrtc/sframe-transform","message":"encrypted frame","context":{"kid":9,"ctr":4,"byteLength":62,"codecOffset":10}}

[90mstdout[2m | apps/validator-daemon/src/canary/__tests__/mesh-byzantine.test.ts[2m > [22m[2mREQ-RMS-017 — Byzantine under-server attributed to R via the SHIPPED canary pipeline[2m > [22m[2mR (overclaim->under-serve) is slashed pinned to its miner_id; honest R2 is never slashed
[22m[39m{"timestamp":"2026-06-22T06:19:18.797Z","level":"INFO","source":"frontend","module":"webrtc/sframe-transform","message":"encrypted frame","context":{"kid":9,"ctr":5,"byteLength":62,"codecOffset":10}}

[90mstdout[2m | apps/validator-daemon/src/canary/__tests__/mesh-byzantine.test.ts[2m > [22m[2mREQ-RMS-017 — Byzantine under-server attributed to R via the SHIPPED canary pipeline[2m > [22m[2mR (overclaim->under-serve) is slashed pinned to its miner_id; honest R2 is never slashed
[22m[39m{"timestamp":"2026-06-22T06:19:18.797Z","level":"INFO","source":"frontend","module":"webrtc/sframe-transform","message":"encrypted frame","context":{"kid":9,"ctr":6,"byteLength":62,"codecOffset":10}}

[90mstdout[2m | apps/validator-daemon/src/canary/__tests__/mesh-byzantine.test.ts[2m > [22m[2mREQ-RMS-017 — Byzantine under-server attributed to R via the SHIPPED canary pipeline[2m > [22m[2mR (overclaim->under-serve) is slashed pinned to its miner_id; honest R2 is never slashed
[22m[39m{"timestamp":"2026-06-22T06:19:18.798Z","level":"INFO","source":"frontend","module":"webrtc/sframe-transform","message":"encrypted frame","context":{"kid":9,"ctr":7,"byteLength":62,"codecOffset":10}}

{"level":30,"time":1782109158798,"pid":29576,"hostname":"Quang","name":"canary/verifier","canaryKid":9,"mediaPackets":8,"byteIdentical":8,"divergences":0,"msg":"canary forwarding verified"}
[90mstdout[2m | apps/validator-daemon/src/canary/__tests__/mesh-byzantine.test.ts[2m > [22m[2mREQ-RMS-017 — Byzantine under-server attributed to R via the SHIPPED canary pipeline[2m > [22m[2mR (overclaim->under-serve) is slashed pinned to its miner_id; honest R2 is never slashed
[22m[39m{"timestamp":"2026-06-22T06:19:18.798Z","level":"INFO","source":"frontend","module":"webrtc/sframe-transform","message":"encrypted frame","context":{"kid":9,"ctr":0,"byteLength":62,"codecOffset":10}}

[90mstdout[2m | apps/validator-daemon/src/canary/__tests__/mesh-byzantine.test.ts[2m > [22m[2mREQ-RMS-017 — Byzantine under-server attributed to R via the SHIPPED canary pipeline[2m > [22m[2mR (overclaim->under-serve) is slashed pinned to its miner_id; honest R2 is never slashed
[22m[39m{"timestamp":"2026-06-22T06:19:18.799Z","level":"INFO","source":"frontend","module":"webrtc/sframe-transform","message":"encrypted frame","context":{"kid":9,"ctr":1,"byteLength":62,"codecOffset":10}}

[90mstdout[2m | apps/validator-daemon/src/canary/__tests__/mesh-byzantine.test.ts[2m > [22m[2mREQ-RMS-017 — Byzantine under-server attributed to R via the SHIPPED canary pipeline[2m > [22m[2mR (overclaim->under-serve) is slashed pinned to its miner_id; honest R2 is never slashed
[22m[39m{"timestamp":"2026-06-22T06:19:18.799Z","level":"INFO","source":"frontend","module":"webrtc/sframe-transform","message":"encrypted frame","context":{"kid":9,"ctr":2,"byteLength":62,"codecOffset":10}}

[90mstdout[2m | apps/validator-daemon/src/canary/__tests__/mesh-byzantine.test.ts[2m > [22m[2mREQ-RMS-017 — Byzantine under-server attributed to R via the SHIPPED canary pipeline[2m > [22m[2mR (overclaim->under-serve) is slashed pinned to its miner_id; honest R2 is never slashed
[22m[39m{"timestamp":"2026-06-22T06:19:18.799Z","level":"INFO","source":"frontend","module":"webrtc/sframe-transform","message":"encrypted frame","context":{"kid":9,"ctr":3,"byteLength":62,"codecOffset":10}}

[90mstdout[2m | apps/validator-daemon/src/canary/__tests__/mesh-byzantine.test.ts[2m > [22m[2mREQ-RMS-017 — Byzantine under-server attributed to R via the SHIPPED canary pipeline[2m > [22m[2mR (overclaim->under-serve) is slashed pinned to its miner_id; honest R2 is never slashed
[22m[39m{"timestamp":"2026-06-22T06:19:18.800Z","level":"INFO","source":"frontend","module":"webrtc/sframe-transform","message":"encrypted frame","context":{"kid":9,"ctr":4,"byteLength":62,"codecOffset":10}}

[90mstdout[2m | apps/validator-daemon/src/canary/__tests__/mesh-byzantine.test.ts[2m > [22m[2mREQ-RMS-017 — Byzantine under-server attributed to R via the SHIPPED canary pipeline[2m > [22m[2mR (overclaim->under-serve) is slashed pinned to its miner_id; honest R2 is never slashed
[22m[39m{"timestamp":"2026-06-22T06:19:18.800Z","level":"INFO","source":"frontend","module":"webrtc/sframe-transform","message":"encrypted frame","context":{"kid":9,"ctr":5,"byteLength":62,"codecOffset":10}}

[90mstdout[2m | apps/validator-daemon/src/canary/__tests__/mesh-byzantine.test.ts[2m > [22m[2mREQ-RMS-017 — Byzantine under-server attributed to R via the SHIPPED canary pipeline[2m > [22m[2mR (overclaim->under-serve) is slashed pinned to its miner_id; honest R2 is never slashed
[22m[39m{"timestamp":"2026-06-22T06:19:18.801Z","level":"INFO","source":"frontend","module":"webrtc/sframe-transform","message":"encrypted frame","context":{"kid":9,"ctr":6,"byteLength":62,"codecOffset":10}}

[90mstdout[2m | apps/validator-daemon/src/canary/__tests__/mesh-byzantine.test.ts[2m > [22m[2mREQ-RMS-017 — Byzantine under-server attributed to R via the SHIPPED canary pipeline[2m > [22m[2mR (overclaim->under-serve) is slashed pinned to its miner_id; honest R2 is never slashed
[22m[39m{"timestamp":"2026-06-22T06:19:18.801Z","level":"INFO","source":"frontend","module":"webrtc/sframe-transform","message":"encrypted frame","context":{"kid":9,"ctr":7,"byteLength":62,"codecOffset":10}}

{"level":30,"time":1782109158801,"pid":29576,"hostname":"Quang","name":"canary/verifier","canaryKid":9,"mediaPackets":8,"byteIdentical":8,"divergences":0,"msg":"canary forwarding verified"}
{"level":30,"time":1782109158801,"pid":29576,"hostname":"Quang","name":"canary/loss-classifier","relayMinerId":"relay-honest-R2","promoted":0,"absorbed":0,"tampers":0,"cumulativeCrossed":false,"msg":"canary divergences classified (drop gate / tamper p=1)"}
{"level":30,"time":1782109158801,"pid":29576,"hostname":"Quang","name":"canary/verify-loop","round":1,"relayMinerId":"relay-honest-R2","roomId":"mesh-room","perReceiver":2,"promoted":0,"absorbed":0,"stunLossBps":"0","msg":"canary verify round classified (hermetic half — synthetic capture, STUN read live)"}
[90mstdout[2m | apps/validator-daemon/src/canary/__tests__/mesh-byzantine.test.ts[2m > [22m[2mREQ-RMS-017 — Byzantine under-server attributed to R via the SHIPPED canary pipeline[2m > [22m[2mR (overclaim->under-serve) is slashed pinned to its miner_id; honest R2 is never slashed
[22m[39m{"timestamp":"2026-06-22T06:19:18.802Z","level":"INFO","source":"frontend","module":"webrtc/sframe-transform","message":"encrypted frame","context":{"kid":9,"ctr":0,"byteLength":62,"codecOffset":10}}

[90mstdout[2m | apps/validator-daemon/src/canary/__tests__/mesh-byzantine.test.ts[2m > [22m[2mREQ-RMS-017 — Byzantine under-server attributed to R via the SHIPPED canary pipeline[2m > [22m[2mR (overclaim->under-serve) is slashed pinned to its miner_id; honest R2 is never slashed
[22m[39m{"timestamp":"2026-06-22T06:19:18.802Z","level":"INFO","source":"frontend","module":"webrtc/sframe-transform","message":"encrypted frame","context":{"kid":9,"ctr":1,"byteLength":62,"codecOffset":10}}

[90mstdout[2m | apps/validator-daemon/src/canary/__tests__/mesh-byzantine.test.ts[2m > [22m[2mREQ-RMS-017 — Byzantine under-server attributed to R via the SHIPPED canary pipeline[2m > [22m[2mR (overclaim->under-serve) is slashed pinned to its miner_id; honest R2 is never slashed
[22m[39m{"timestamp":"2026-06-22T06:19:18.803Z","level":"INFO","source":"frontend","module":"webrtc/sframe-transform","message":"encrypted frame","context":{"kid":9,"ctr":2,"byteLength":62,"codecOffset":10}}

[90mstdout[2m | apps/validator-daemon/src/canary/__tests__/mesh-byzantine.test.ts[2m > [22m[2mREQ-RMS-017 — Byzantine under-server attributed to R via the SHIPPED canary pipeline[2m > [22m[2mR (overclaim->under-serve) is slashed pinned to its miner_id; honest R2 is never slashed
[22m[39m{"timestamp":"2026-06-22T06:19:18.803Z","level":"INFO","source":"frontend","module":"webrtc/sframe-transform","message":"encrypted frame","context":{"kid":9,"ctr":3,"byteLength":62,"codecOffset":10}}

[90mstdout[2m | apps/validator-daemon/src/canary/__tests__/mesh-byzantine.test.ts[2m > [22m[2mREQ-RMS-017 — Byzantine under-server attributed to R via the SHIPPED canary pipeline[2m > [22m[2mR (overclaim->under-serve) is slashed pinned to its miner_id; honest R2 is never slashed
[22m[39m{"timestamp":"2026-06-22T06:19:18.804Z","level":"INFO","source":"frontend","module":"webrtc/sframe-transform","message":"encrypted frame","context":{"kid":9,"ctr":4,"byteLength":62,"codecOffset":10}}

[90mstdout[2m | apps/validator-daemon/src/canary/__tests__/mesh-byzantine.test.ts[2m > [22m[2mREQ-RMS-017 — Byzantine under-server attributed to R via the SHIPPED canary pipeline[2m > [22m[2mR (overclaim->under-serve) is slashed pinned to its miner_id; honest R2 is never slashed
[22m[39m{"timestamp":"2026-06-22T06:19:18.804Z","level":"INFO","source":"frontend","module":"webrtc/sframe-transform","message":"encrypted frame","context":{"kid":9,"ctr":6,"byteLength":62,"codecOffset":10}}

[90mstdout[2m | apps/validator-daemon/src/canary/__tests__/mesh-byzantine.test.ts[2m > [22m[2mREQ-RMS-017 — Byzantine under-server attributed to R via the SHIPPED canary pipeline[2m > [22m[2mR (overclaim->under-serve) is slashed pinned to its miner_id; honest R2 is never slashed
[22m[39m{"timestamp":"2026-06-22T06:19:18.804Z","level":"INFO","source":"frontend","module":"webrtc/sframe-transform","message":"encrypted frame","context":{"kid":9,"ctr":7,"byteLength":62,"codecOffset":10}}

[90mstdout[2m | apps/validator-daemon/src/canary/__tests__/mesh-byzantine.test.ts[2m > [22m[2mREQ-RMS-017 — Byzantine under-server attributed to R via the SHIPPED canary pipeline[2m > [22m[2mR (overclaim->under-serve) is slashed pinned to its miner_id; honest R2 is never slashed
[22m[39m{"timestamp":"2026-06-22T06:19:18.805Z","level":"INFO","source":"frontend","module":"webrtc/sframe-transform","message":"encrypted frame","context":{"kid":9,"ctr":0,"byteLength":62,"codecOffset":10}}

[90mstdout[2m | apps/validator-daemon/src/canary/__tests__/mesh-byzantine.test.ts[2m > [22m[2mREQ-RMS-017 — Byzantine under-server attributed to R via the SHIPPED canary pipeline[2m > [22m[2mR (overclaim->under-serve) is slashed pinned to its miner_id; honest R2 is never slashed
[22m[39m{"timestamp":"2026-06-22T06:19:18.805Z","level":"INFO","source":"frontend","module":"webrtc/sframe-transform","message":"encrypted frame","context":{"kid":9,"ctr":1,"byteLength":62,"codecOffset":10}}

[90mstdout[2m | apps/validator-daemon/src/canary/__tests__/mesh-byzantine.test.ts[2m > [22m[2mREQ-RMS-017 — Byzantine under-server attributed to R via the SHIPPED canary pipeline[2m > [22m[2mR (overclaim->under-serve) is slashed pinned to its miner_id; honest R2 is never slashed
[22m[39m{"timestamp":"2026-06-22T06:19:18.806Z","level":"INFO","source":"frontend","module":"webrtc/sframe-transform","message":"encrypted frame","context":{"kid":9,"ctr":2,"byteLength":62,"codecOffset":10}}

[90mstdout[2m | apps/validator-daemon/src/canary/__tests__/mesh-byzantine.test.ts[2m > [22m[2mREQ-RMS-017 — Byzantine under-server attributed to R via the SHIPPED canary pipeline[2m > [22m[2mR (overclaim->under-serve) is slashed pinned to its miner_id; honest R2 is never slashed
[22m[39m{"timestamp":"2026-06-22T06:19:18.806Z","level":"INFO","source":"frontend","module":"webrtc/sframe-transform","message":"encrypted frame","context":{"kid":9,"ctr":3,"byteLength":62,"codecOffset":10}}

[90mstdout[2m | apps/validator-daemon/src/canary/__tests__/mesh-byzantine.test.ts[2m > [22m[2mREQ-RMS-017 — Byzantine under-server attributed to R via the SHIPPED canary pipeline[2m > [22m[2mR (overclaim->under-serve) is slashed pinned to its miner_id; honest R2 is never slashed
[22m[39m{"timestamp":"2026-06-22T06:19:18.806Z","level":"INFO","source":"frontend","module":"webrtc/sframe-transform","message":"encrypted frame","context":{"kid":9,"ctr":4,"byteLength":62,"codecOffset":10}}

[90mstdout[2m | apps/validator-daemon/src/canary/__tests__/mesh-byzantine.test.ts[2m > [22m[2mREQ-RMS-017 — Byzantine under-server attributed to R via the SHIPPED canary pipeline[2m > [22m[2mR (overclaim->under-serve) is slashed pinned to its miner_id; honest R2 is never slashed
[22m[39m{"timestamp":"2026-06-22T06:19:18.807Z","level":"INFO","source":"frontend","module":"webrtc/sframe-transform","message":"encrypted frame","context":{"kid":9,"ctr":5,"byteLength":62,"codecOffset":10}}

[90mstdout[2m | apps/validator-daemon/src/canary/__tests__/mesh-byzantine.test.ts[2m > [22m[2mREQ-RMS-017 — Byzantine under-server attributed to R via the SHIPPED canary pipeline[2m > [22m[2mR (overclaim->under-serve) is slashed pinned to its miner_id; honest R2 is never slashed
[22m[39m{"timestamp":"2026-06-22T06:19:18.807Z","level":"INFO","source":"frontend","module":"webrtc/sframe-transform","message":"encrypted frame","context":{"kid":9,"ctr":6,"byteLength":62,"codecOffset":10}}

[90mstdout[2m | apps/validator-daemon/src/canary/__tests__/mesh-byzantine.test.ts[2m > [22m[2mREQ-RMS-017 — Byzantine under-server attributed to R via the SHIPPED canary pipeline[2m > [22m[2mR (overclaim->under-serve) is slashed pinned to its miner_id; honest R2 is never slashed
[22m[39m{"timestamp":"2026-06-22T06:19:18.807Z","level":"INFO","source":"frontend","module":"webrtc/sframe-transform","message":"encrypted frame","context":{"kid":9,"ctr":7,"byteLength":62,"codecOffset":10}}

{"level":30,"time":1782109158808,"pid":29576,"hostname":"Quang","name":"canary/verifier","canaryKid":9,"mediaPackets":7,"byteIdentical":7,"divergences":1,"msg":"canary forwarding verified"}
[90mstdout[2m | apps/validator-daemon/src/canary/__tests__/mesh-byzantine.test.ts[2m > [22m[2mREQ-RMS-017 — Byzantine under-server attributed to R via the SHIPPED canary pipeline[2m > [22m[2mR (overclaim->under-serve) is slashed pinned to its miner_id; honest R2 is never slashed
[22m[39m{"timestamp":"2026-06-22T06:19:18.808Z","level":"INFO","source":"frontend","module":"webrtc/sframe-transform","message":"encrypted frame","context":{"kid":9,"ctr":0,"byteLength":62,"codecOffset":10}}

[90mstdout[2m | apps/validator-daemon/src/canary/__tests__/mesh-byzantine.test.ts[2m > [22m[2mREQ-RMS-017 — Byzantine under-server attributed to R via the SHIPPED canary pipeline[2m > [22m[2mR (overclaim->under-serve) is slashed pinned to its miner_id; honest R2 is never slashed
[22m[39m{"timestamp":"2026-06-22T06:19:18.808Z","level":"INFO","source":"frontend","module":"webrtc/sframe-transform","message":"encrypted frame","context":{"kid":9,"ctr":1,"byteLength":62,"codecOffset":10}}

[90mstdout[2m | apps/validator-daemon/src/canary/__tests__/mesh-byzantine.test.ts[2m > [22m[2mREQ-RMS-017 — Byzantine under-server attributed to R via the SHIPPED canary pipeline[2m > [22m[2mR (overclaim->under-serve) is slashed pinned to its miner_id; honest R2 is never slashed
[22m[39m{"timestamp":"2026-06-22T06:19:18.808Z","level":"INFO","source":"frontend","module":"webrtc/sframe-transform","message":"encrypted frame","context":{"kid":9,"ctr":2,"byteLength":62,"codecOffset":10}}

[90mstdout[2m | apps/validator-daemon/src/canary/__tests__/mesh-byzantine.test.ts[2m > [22m[2mREQ-RMS-017 — Byzantine under-server attributed to R via the SHIPPED canary pipeline[2m > [22m[2mR (overclaim->under-serve) is slashed pinned to its miner_id; honest R2 is never slashed
[22m[39m{"timestamp":"2026-06-22T06:19:18.809Z","level":"INFO","source":"frontend","module":"webrtc/sframe-transform","message":"encrypted frame","context":{"kid":9,"ctr":3,"byteLength":62,"codecOffset":10}}

[90mstdout[2m | apps/validator-daemon/src/canary/__tests__/mesh-byzantine.test.ts[2m > [22m[2mREQ-RMS-017 — Byzantine under-server attributed to R via the SHIPPED canary pipeline[2m > [22m[2mR (overclaim->under-serve) is slashed pinned to its miner_id; honest R2 is never slashed
[22m[39m{"timestamp":"2026-06-22T06:19:18.809Z","level":"INFO","source":"frontend","module":"webrtc/sframe-transform","message":"encrypted frame","context":{"kid":9,"ctr":4,"byteLength":62,"codecOffset":10}}

[90mstdout[2m | apps/validator-daemon/src/canary/__tests__/mesh-byzantine.test.ts[2m > [22m[2mREQ-RMS-017 — Byzantine under-server attributed to R via the SHIPPED canary pipeline[2m > [22m[2mR (overclaim->under-serve) is slashed pinned to its miner_id; honest R2 is never slashed
[22m[39m{"timestamp":"2026-06-22T06:19:18.809Z","level":"INFO","source":"frontend","module":"webrtc/sframe-transform","message":"encrypted frame","context":{"kid":9,"ctr":5,"byteLength":62,"codecOffset":10}}

[90mstdout[2m | apps/validator-daemon/src/canary/__tests__/mesh-byzantine.test.ts[2m > [22m[2mREQ-RMS-017 — Byzantine under-server attributed to R via the SHIPPED canary pipeline[2m > [22m[2mR (overclaim->under-serve) is slashed pinned to its miner_id; honest R2 is never slashed
[22m[39m{"timestamp":"2026-06-22T06:19:18.810Z","level":"INFO","source":"frontend","module":"webrtc/sframe-transform","message":"encrypted frame","context":{"kid":9,"ctr":6,"byteLength":62,"codecOffset":10}}

[90mstdout[2m | apps/validator-daemon/src/canary/__tests__/mesh-byzantine.test.ts[2m > [22m[2mREQ-RMS-017 — Byzantine under-server attributed to R via the SHIPPED canary pipeline[2m > [22m[2mR (overclaim->under-serve) is slashed pinned to its miner_id; honest R2 is never slashed
[22m[39m{"timestamp":"2026-06-22T06:19:18.810Z","level":"INFO","source":"frontend","module":"webrtc/sframe-transform","message":"encrypted frame","context":{"kid":9,"ctr":7,"byteLength":62,"codecOffset":10}}

{"level":30,"time":1782109158810,"pid":29576,"hostname":"Quang","name":"canary/verifier","canaryKid":9,"mediaPackets":7,"byteIdentical":7,"divergences":1,"msg":"canary forwarding verified"}
{"level":30,"time":1782109158810,"pid":29576,"hostname":"Quang","name":"canary/loss-classifier","relayMinerId":"relay-byzantine-R","promoted":0,"absorbed":1,"tampers":0,"cumulativeCrossed":false,"msg":"canary divergences classified (drop gate / tamper p=1)"}
{"level":30,"time":1782109158811,"pid":29576,"hostname":"Quang","name":"canary/verify-loop","round":2,"relayMinerId":"relay-byzantine-R","roomId":"mesh-room","perReceiver":2,"promoted":0,"absorbed":1,"stunLossBps":"0","msg":"canary verify round classified (hermetic half — synthetic capture, STUN read live)"}
[90mstdout[2m | apps/validator-daemon/src/canary/__tests__/mesh-byzantine.test.ts[2m > [22m[2mREQ-RMS-017 — Byzantine under-server attributed to R via the SHIPPED canary pipeline[2m > [22m[2mR (overclaim->under-serve) is slashed pinned to its miner_id; honest R2 is never slashed
[22m[39m{"timestamp":"2026-06-22T06:19:18.811Z","level":"INFO","source":"frontend","module":"webrtc/sframe-transform","message":"encrypted frame","context":{"kid":9,"ctr":0,"byteLength":62,"codecOffset":10}}

[90mstdout[2m | apps/validator-daemon/src/canary/__tests__/mesh-byzantine.test.ts[2m > [22m[2mREQ-RMS-017 — Byzantine under-server attributed to R via the SHIPPED canary pipeline[2m > [22m[2mR (overclaim->under-serve) is slashed pinned to its miner_id; honest R2 is never slashed
[22m[39m{"timestamp":"2026-06-22T06:19:18.811Z","level":"INFO","source":"frontend","module":"webrtc/sframe-transform","message":"encrypted frame","context":{"kid":9,"ctr":1,"byteLength":62,"codecOffset":10}}

[90mstdout[2m | apps/validator-daemon/src/canary/__tests__/mesh-byzantine.test.ts[2m > [22m[2mREQ-RMS-017 — Byzantine under-server attributed to R via the SHIPPED canary pipeline[2m > [22m[2mR (overclaim->under-serve) is slashed pinned to its miner_id; honest R2 is never slashed
[22m[39m{"timestamp":"2026-06-22T06:19:18.812Z","level":"INFO","source":"frontend","module":"webrtc/sframe-transform","message":"encrypted frame","context":{"kid":9,"ctr":2,"byteLength":62,"codecOffset":10}}

[90mstdout[2m | apps/validator-daemon/src/canary/__tests__/mesh-byzantine.test.ts[2m > [22m[2mREQ-RMS-017 — Byzantine under-server attributed to R via the SHIPPED canary pipeline[2m > [22m[2mR (overclaim->under-serve) is slashed pinned to its miner_id; honest R2 is never slashed
[22m[39m{"timestamp":"2026-06-22T06:19:18.812Z","level":"INFO","source":"frontend","module":"webrtc/sframe-transform","message":"encrypted frame","context":{"kid":9,"ctr":3,"byteLength":62,"codecOffset":10}}

[90mstdout[2m | apps/validator-daemon/src/canary/__tests__/mesh-byzantine.test.ts[2m > [22m[2mREQ-RMS-017 — Byzantine under-server attributed to R via the SHIPPED canary pipeline[2m > [22m[2mR (overclaim->under-serve) is slashed pinned to its miner_id; honest R2 is never slashed
[22m[39m{"timestamp":"2026-06-22T06:19:18.813Z","level":"INFO","source":"frontend","module":"webrtc/sframe-transform","message":"encrypted frame","context":{"kid":9,"ctr":4,"byteLength":62,"codecOffset":10}}

[90mstdout[2m | apps/validator-daemon/src/canary/__tests__/mesh-byzantine.test.ts[2m > [22m[2mREQ-RMS-017 — Byzantine under-server attributed to R via the SHIPPED canary pipeline[2m > [22m[2mR (overclaim->under-serve) is slashed pinned to its miner_id; honest R2 is never slashed
[22m[39m{"timestamp":"2026-06-22T06:19:18.813Z","level":"INFO","source":"frontend","module":"webrtc/sframe-transform","message":"encrypted frame","context":{"kid":9,"ctr":5,"byteLength":62,"codecOffset":10}}

[90mstdout[2m | apps/validator-daemon/src/canary/__tests__/mesh-byzantine.test.ts[2m > [22m[2mREQ-RMS-017 — Byzantine under-server attributed to R via the SHIPPED canary pipeline[2m > [22m[2mR (overclaim->under-serve) is slashed pinned to its miner_id; honest R2 is never slashed
[22m[39m{"timestamp":"2026-06-22T06:19:18.814Z","level":"INFO","source":"frontend","module":"webrtc/sframe-transform","message":"encrypted frame","context":{"kid":9,"ctr":6,"byteLength":62,"codecOffset":10}}

[90mstdout[2m | apps/validator-daemon/src/canary/__tests__/mesh-byzantine.test.ts[2m > [22m[2mREQ-RMS-017 — Byzantine under-server attributed to R via the SHIPPED canary pipeline[2m > [22m[2mR (overclaim->under-serve) is slashed pinned to its miner_id; honest R2 is never slashed
[22m[39m{"timestamp":"2026-06-22T06:19:18.814Z","level":"INFO","source":"frontend","module":"webrtc/sframe-transform","message":"encrypted frame","context":{"kid":9,"ctr":7,"byteLength":62,"codecOffset":10}}

[90mstdout[2m | apps/validator-daemon/src/canary/__tests__/mesh-byzantine.test.ts[2m > [22m[2mREQ-RMS-017 — Byzantine under-server attributed to R via the SHIPPED canary pipeline[2m > [22m[2mR (overclaim->under-serve) is slashed pinned to its miner_id; honest R2 is never slashed
[22m[39m{"timestamp":"2026-06-22T06:19:18.814Z","level":"INFO","source":"frontend","module":"webrtc/sframe-transform","message":"encrypted frame","context":{"kid":9,"ctr":0,"byteLength":62,"codecOffset":10}}

[90mstdout[2m | apps/validator-daemon/src/canary/__tests__/mesh-byzantine.test.ts[2m > [22m[2mREQ-RMS-017 — Byzantine under-server attributed to R via the SHIPPED canary pipeline[2m > [22m[2mR (overclaim->under-serve) is slashed pinned to its miner_id; honest R2 is never slashed
[22m[39m{"timestamp":"2026-06-22T06:19:18.815Z","level":"INFO","source":"frontend","module":"webrtc/sframe-transform","message":"encrypted frame","context":{"kid":9,"ctr":1,"byteLength":62,"codecOffset":10}}

[90mstdout[2m | apps/validator-daemon/src/canary/__tests__/mesh-byzantine.test.ts[2m > [22m[2mREQ-RMS-017 — Byzantine under-server attributed to R via the SHIPPED canary pipeline[2m > [22m[2mR (overclaim->under-serve) is slashed pinned to its miner_id; honest R2 is never slashed
[22m[39m{"timestamp":"2026-06-22T06:19:18.815Z","level":"INFO","source":"frontend","module":"webrtc/sframe-transform","message":"encrypted frame","context":{"kid":9,"ctr":2,"byteLength":62,"codecOffset":10}}

[90mstdout[2m | apps/validator-daemon/src/canary/__tests__/mesh-byzantine.test.ts[2m > [22m[2mREQ-RMS-017 — Byzantine under-server attributed to R via the SHIPPED canary pipeline[2m > [22m[2mR (overclaim->under-serve) is slashed pinned to its miner_id; honest R2 is never slashed
[22m[39m{"timestamp":"2026-06-22T06:19:18.815Z","level":"INFO","source":"frontend","module":"webrtc/sframe-transform","message":"encrypted frame","context":{"kid":9,"ctr":3,"byteLength":62,"codecOffset":10}}

[90mstdout[2m | apps/validator-daemon/src/canary/__tests__/mesh-byzantine.test.ts[2m > [22m[2mREQ-RMS-017 — Byzantine under-server attributed to R via the SHIPPED canary pipeline[2m > [22m[2mR (overclaim->under-serve) is slashed pinned to its miner_id; honest R2 is never slashed
[22m[39m{"timestamp":"2026-06-22T06:19:18.816Z","level":"INFO","source":"frontend","module":"webrtc/sframe-transform","message":"encrypted frame","context":{"kid":9,"ctr":4,"byteLength":62,"codecOffset":10}}

[90mstdout[2m | apps/validator-daemon/src/canary/__tests__/mesh-byzantine.test.ts[2m > [22m[2mREQ-RMS-017 — Byzantine under-server attributed to R via the SHIPPED canary pipeline[2m > [22m[2mR (overclaim->under-serve) is slashed pinned to its miner_id; honest R2 is never slashed
[22m[39m{"timestamp":"2026-06-22T06:19:18.816Z","level":"INFO","source":"frontend","module":"webrtc/sframe-transform","message":"encrypted frame","context":{"kid":9,"ctr":5,"byteLength":62,"codecOffset":10}}

[90mstdout[2m | apps/validator-daemon/src/canary/__tests__/mesh-byzantine.test.ts[2m > [22m[2mREQ-RMS-017 — Byzantine under-server attributed to R via the SHIPPED canary pipeline[2m > [22m[2mR (overclaim->under-serve) is slashed pinned to its miner_id; honest R2 is never slashed
[22m[39m{"timestamp":"2026-06-22T06:19:18.817Z","level":"INFO","source":"frontend","module":"webrtc/sframe-transform","message":"encrypted frame","context":{"kid":9,"ctr":6,"byteLength":62,"codecOffset":10}}

[90mstdout[2m | apps/validator-daemon/src/canary/__tests__/mesh-byzantine.test.ts[2m > [22m[2mREQ-RMS-017 — Byzantine under-server attributed to R via the SHIPPED canary pipeline[2m > [22m[2mR (overclaim->under-serve) is slashed pinned to its miner_id; honest R2 is never slashed
[22m[39m{"timestamp":"2026-06-22T06:19:18.817Z","level":"INFO","source":"frontend","module":"webrtc/sframe-transform","message":"encrypted frame","context":{"kid":9,"ctr":7,"byteLength":62,"codecOffset":10}}

{"level":30,"time":1782109158817,"pid":29576,"hostname":"Quang","name":"canary/verifier","canaryKid":9,"mediaPackets":8,"byteIdentical":8,"divergences":0,"msg":"canary forwarding verified"}
[90mstdout[2m | apps/validator-daemon/src/canary/__tests__/mesh-byzantine.test.ts[2m > [22m[2mREQ-RMS-017 — Byzantine under-server attributed to R via the SHIPPED canary pipeline[2m > [22m[2mR (overclaim->under-serve) is slashed pinned to its miner_id; honest R2 is never slashed
[22m[39m{"timestamp":"2026-06-22T06:19:18.817Z","level":"INFO","source":"frontend","module":"webrtc/sframe-transform","message":"encrypted frame","context":{"kid":9,"ctr":0,"byteLength":62,"codecOffset":10}}

[90mstdout[2m | apps/validator-daemon/src/canary/__tests__/mesh-byzantine.test.ts[2m > [22m[2mREQ-RMS-017 — Byzantine under-server attributed to R via the SHIPPED canary pipeline[2m > [22m[2mR (overclaim->under-serve) is slashed pinned to its miner_id; honest R2 is never slashed
[22m[39m{"timestamp":"2026-06-22T06:19:18.818Z","level":"INFO","source":"frontend","module":"webrtc/sframe-transform","message":"encrypted frame","context":{"kid":9,"ctr":1,"byteLength":62,"codecOffset":10}}

[90mstdout[2m | apps/validator-daemon/src/canary/__tests__/mesh-byzantine.test.ts[2m > [22m[2mREQ-RMS-017 — Byzantine under-server attributed to R via the SHIPPED canary pipeline[2m > [22m[2mR (overclaim->under-serve) is slashed pinned to its miner_id; honest R2 is never slashed
[22m[39m{"timestamp":"2026-06-22T06:19:18.818Z","level":"INFO","source":"frontend","module":"webrtc/sframe-transform","message":"encrypted frame","context":{"kid":9,"ctr":2,"byteLength":62,"codecOffset":10}}

[90mstdout[2m | apps/validator-daemon/src/canary/__tests__/mesh-byzantine.test.ts[2m > [22m[2mREQ-RMS-017 — Byzantine under-server attributed to R via the SHIPPED canary pipeline[2m > [22m[2mR (overclaim->under-serve) is slashed pinned to its miner_id; honest R2 is never slashed
[22m[39m{"timestamp":"2026-06-22T06:19:18.819Z","level":"INFO","source":"frontend","module":"webrtc/sframe-transform","message":"encrypted frame","context":{"kid":9,"ctr":3,"byteLength":62,"codecOffset":10}}

[90mstdout[2m | apps/validator-daemon/src/canary/__tests__/mesh-byzantine.test.ts[2m > [22m[2mREQ-RMS-017 — Byzantine under-server attributed to R via the SHIPPED canary pipeline[2m > [22m[2mR (overclaim->under-serve) is slashed pinned to its miner_id; honest R2 is never slashed
[22m[39m{"timestamp":"2026-06-22T06:19:18.819Z","level":"INFO","source":"frontend","module":"webrtc/sframe-transform","message":"encrypted frame","context":{"kid":9,"ctr":4,"byteLength":62,"codecOffset":10}}

[90mstdout[2m | apps/validator-daemon/src/canary/__tests__/mesh-byzantine.test.ts[2m > [22m[2mREQ-RMS-017 — Byzantine under-server attributed to R via the SHIPPED canary pipeline[2m > [22m[2mR (overclaim->under-serve) is slashed pinned to its miner_id; honest R2 is never slashed
[22m[39m{"timestamp":"2026-06-22T06:19:18.820Z","level":"INFO","source":"frontend","module":"webrtc/sframe-transform","message":"encrypted frame","context":{"kid":9,"ctr":5,"byteLength":62,"codecOffset":10}}

[90mstdout[2m | apps/validator-daemon/src/canary/__tests__/mesh-byzantine.test.ts[2m > [22m[2mREQ-RMS-017 — Byzantine under-server attributed to R via the SHIPPED canary pipeline[2m > [22m[2mR (overclaim->under-serve) is slashed pinned to its miner_id; honest R2 is never slashed
[22m[39m{"timestamp":"2026-06-22T06:19:18.820Z","level":"INFO","source":"frontend","module":"webrtc/sframe-transform","message":"encrypted frame","context":{"kid":9,"ctr":6,"byteLength":62,"codecOffset":10}}

[90mstdout[2m | apps/validator-daemon/src/canary/__tests__/mesh-byzantine.test.ts[2m > [22m[2mREQ-RMS-017 — Byzantine under-server attributed to R via the SHIPPED canary pipeline[2m > [22m[2mR (overclaim->under-serve) is slashed pinned to its miner_id; honest R2 is never slashed
[22m[39m{"timestamp":"2026-06-22T06:19:18.820Z","level":"INFO","source":"frontend","module":"webrtc/sframe-transform","message":"encrypted frame","context":{"kid":9,"ctr":7,"byteLength":62,"codecOffset":10}}

{"level":30,"time":1782109158820,"pid":29576,"hostname":"Quang","name":"canary/verifier","canaryKid":9,"mediaPackets":8,"byteIdentical":8,"divergences":0,"msg":"canary forwarding verified"}
{"level":30,"time":1782109158820,"pid":29576,"hostname":"Quang","name":"canary/loss-classifier","relayMinerId":"relay-honest-R2","promoted":0,"absorbed":0,"tampers":0,"cumulativeCrossed":false,"msg":"canary divergences classified (drop gate / tamper p=1)"}
{"level":30,"time":1782109158820,"pid":29576,"hostname":"Quang","name":"canary/verify-loop","round":2,"relayMinerId":"relay-honest-R2","roomId":"mesh-room","perReceiver":2,"promoted":0,"absorbed":0,"stunLossBps":"0","msg":"canary verify round classified (hermetic half — synthetic capture, STUN read live)"}
[90mstdout[2m | apps/validator-daemon/src/canary/__tests__/mesh-byzantine.test.ts[2m > [22m[2mREQ-RMS-017 — Byzantine under-server attributed to R via the SHIPPED canary pipeline[2m > [22m[2mR (overclaim->under-serve) is slashed pinned to its miner_id; honest R2 is never slashed
[22m[39m{"timestamp":"2026-06-22T06:19:18.821Z","level":"INFO","source":"frontend","module":"webrtc/sframe-transform","message":"encrypted frame","context":{"kid":9,"ctr":0,"byteLength":62,"codecOffset":10}}

[90mstdout[2m | apps/validator-daemon/src/canary/__tests__/mesh-byzantine.test.ts[2m > [22m[2mREQ-RMS-017 — Byzantine under-server attributed to R via the SHIPPED canary pipeline[2m > [22m[2mR (overclaim->under-serve) is slashed pinned to its miner_id; honest R2 is never slashed
[22m[39m{"timestamp":"2026-06-22T06:19:18.822Z","level":"INFO","source":"frontend","module":"webrtc/sframe-transform","message":"encrypted frame","context":{"kid":9,"ctr":1,"byteLength":62,"codecOffset":10}}

[90mstdout[2m | apps/validator-daemon/src/canary/__tests__/mesh-byzantine.test.ts[2m > [22m[2mREQ-RMS-017 — Byzantine under-server attributed to R via the SHIPPED canary pipeline[2m > [22m[2mR (overclaim->under-serve) is slashed pinned to its miner_id; honest R2 is never slashed
[22m[39m{"timestamp":"2026-06-22T06:19:18.822Z","level":"INFO","source":"frontend","module":"webrtc/sframe-transform","message":"encrypted frame","context":{"kid":9,"ctr":2,"byteLength":62,"codecOffset":10}}

[90mstdout[2m | apps/validator-daemon/src/canary/__tests__/mesh-byzantine.test.ts[2m > [22m[2mREQ-RMS-017 — Byzantine under-server attributed to R via the SHIPPED canary pipeline[2m > [22m[2mR (overclaim->under-serve) is slashed pinned to its miner_id; honest R2 is never slashed
[22m[39m{"timestamp":"2026-06-22T06:19:18.822Z","level":"INFO","source":"frontend","module":"webrtc/sframe-transform","message":"encrypted frame","context":{"kid":9,"ctr":3,"byteLength":62,"codecOffset":10}}

[90mstdout[2m | apps/validator-daemon/src/canary/__tests__/mesh-byzantine.test.ts[2m > [22m[2mREQ-RMS-017 — Byzantine under-server attributed to R via the SHIPPED canary pipeline[2m > [22m[2mR (overclaim->under-serve) is slashed pinned to its miner_id; honest R2 is never slashed
[22m[39m{"timestamp":"2026-06-22T06:19:18.823Z","level":"INFO","source":"frontend","module":"webrtc/sframe-transform","message":"encrypted frame","context":{"kid":9,"ctr":4,"byteLength":62,"codecOffset":10}}

[90mstdout[2m | apps/validator-daemon/src/canary/__tests__/mesh-byzantine.test.ts[2m > [22m[2mREQ-RMS-017 — Byzantine under-server attributed to R via the SHIPPED canary pipeline[2m > [22m[2mR (overclaim->under-serve) is slashed pinned to its miner_id; honest R2 is never slashed
[22m[39m{"timestamp":"2026-06-22T06:19:18.823Z","level":"INFO","source":"frontend","module":"webrtc/sframe-transform","message":"encrypted frame","context":{"kid":9,"ctr":6,"byteLength":62,"codecOffset":10}}

[90mstdout[2m | apps/validator-daemon/src/canary/__tests__/mesh-byzantine.test.ts[2m > [22m[2mREQ-RMS-017 — Byzantine under-server attributed to R via the SHIPPED canary pipeline[2m > [22m[2mR (overclaim->under-serve) is slashed pinned to its miner_id; honest R2 is never slashed
[22m[39m{"timestamp":"2026-06-22T06:19:18.823Z","level":"INFO","source":"frontend","module":"webrtc/sframe-transform","message":"encrypted frame","context":{"kid":9,"ctr":7,"byteLength":62,"codecOffset":10}}

[90mstdout[2m | apps/validator-daemon/src/canary/__tests__/mesh-byzantine.test.ts[2m > [22m[2mREQ-RMS-017 — Byzantine under-server attributed to R via the SHIPPED canary pipeline[2m > [22m[2mR (overclaim->under-serve) is slashed pinned to its miner_id; honest R2 is never slashed
[22m[39m{"timestamp":"2026-06-22T06:19:18.824Z","level":"INFO","source":"frontend","module":"webrtc/sframe-transform","message":"encrypted frame","context":{"kid":9,"ctr":0,"byteLength":62,"codecOffset":10}}

[90mstdout[2m | apps/validator-daemon/src/canary/__tests__/mesh-byzantine.test.ts[2m > [22m[2mREQ-RMS-017 — Byzantine under-server attributed to R via the SHIPPED canary pipeline[2m > [22m[2mR (overclaim->under-serve) is slashed pinned to its miner_id; honest R2 is never slashed
[22m[39m{"timestamp":"2026-06-22T06:19:18.824Z","level":"INFO","source":"frontend","module":"webrtc/sframe-transform","message":"encrypted frame","context":{"kid":9,"ctr":1,"byteLength":62,"codecOffset":10}}

[90mstdout[2m | apps/validator-daemon/src/canary/__tests__/mesh-byzantine.test.ts[2m > [22m[2mREQ-RMS-017 — Byzantine under-server attributed to R via the SHIPPED canary pipeline[2m > [22m[2mR (overclaim->under-serve) is slashed pinned to its miner_id; honest R2 is never slashed
[22m[39m{"timestamp":"2026-06-22T06:19:18.824Z","level":"INFO","source":"frontend","module":"webrtc/sframe-transform","message":"encrypted frame","context":{"kid":9,"ctr":2,"byteLength":62,"codecOffset":10}}

[90mstdout[2m | apps/validator-daemon/src/canary/__tests__/mesh-byzantine.test.ts[2m > [22m[2mREQ-RMS-017 — Byzantine under-server attributed to R via the SHIPPED canary pipeline[2m > [22m[2mR (overclaim->under-serve) is slashed pinned to its miner_id; honest R2 is never slashed
[22m[39m{"timestamp":"2026-06-22T06:19:18.825Z","level":"INFO","source":"frontend","module":"webrtc/sframe-transform","message":"encrypted frame","context":{"kid":9,"ctr":3,"byteLength":62,"codecOffset":10}}

[90mstdout[2m | apps/validator-daemon/src/canary/__tests__/mesh-byzantine.test.ts[2m > [22m[2mREQ-RMS-017 — Byzantine under-server attributed to R via the SHIPPED canary pipeline[2m > [22m[2mR (overclaim->under-serve) is slashed pinned to its miner_id; honest R2 is never slashed
[22m[39m{"timestamp":"2026-06-22T06:19:18.825Z","level":"INFO","source":"frontend","module":"webrtc/sframe-transform","message":"encrypted frame","context":{"kid":9,"ctr":4,"byteLength":62,"codecOffset":10}}

[90mstdout[2m | apps/validator-daemon/src/canary/__tests__/mesh-byzantine.test.ts[2m > [22m[2mREQ-RMS-017 — Byzantine under-server attributed to R via the SHIPPED canary pipeline[2m > [22m[2mR (overclaim->under-serve) is slashed pinned to its miner_id; honest R2 is never slashed
[22m[39m{"timestamp":"2026-06-22T06:19:18.826Z","level":"INFO","source":"frontend","module":"webrtc/sframe-transform","message":"encrypted frame","context":{"kid":9,"ctr":5,"byteLength":62,"codecOffset":10}}

[90mstdout[2m | apps/validator-daemon/src/canary/__tests__/mesh-byzantine.test.ts[2m > [22m[2mREQ-RMS-017 — Byzantine under-server attributed to R via the SHIPPED canary pipeline[2m > [22m[2mR (overclaim->under-serve) is slashed pinned to its miner_id; honest R2 is never slashed
[22m[39m{"timestamp":"2026-06-22T06:19:18.826Z","level":"INFO","source":"frontend","module":"webrtc/sframe-transform","message":"encrypted frame","context":{"kid":9,"ctr":6,"byteLength":62,"codecOffset":10}}

[90mstdout[2m | apps/validator-daemon/src/canary/__tests__/mesh-byzantine.test.ts[2m > [22m[2mREQ-RMS-017 — Byzantine under-server attributed to R via the SHIPPED canary pipeline[2m > [22m[2mR (overclaim->under-serve) is slashed pinned to its miner_id; honest R2 is never slashed
[22m[39m{"timestamp":"2026-06-22T06:19:18.827Z","level":"INFO","source":"frontend","module":"webrtc/sframe-transform","message":"encrypted frame","context":{"kid":9,"ctr":7,"byteLength":62,"codecOffset":10}}

{"level":30,"time":1782109158827,"pid":29576,"hostname":"Quang","name":"canary/verifier","canaryKid":9,"mediaPackets":7,"byteIdentical":7,"divergences":1,"msg":"canary forwarding verified"}
[90mstdout[2m | apps/validator-daemon/src/canary/__tests__/mesh-byzantine.test.ts[2m > [22m[2mREQ-RMS-017 — Byzantine under-server attributed to R via the SHIPPED canary pipeline[2m > [22m[2mR (overclaim->under-serve) is slashed pinned to its miner_id; honest R2 is never slashed
[22m[39m{"timestamp":"2026-06-22T06:19:18.827Z","level":"INFO","source":"frontend","module":"webrtc/sframe-transform","message":"encrypted frame","context":{"kid":9,"ctr":0,"byteLength":62,"codecOffset":10}}

[90mstdout[2m | apps/validator-daemon/src/canary/__tests__/mesh-byzantine.test.ts[2m > [22m[2mREQ-RMS-017 — Byzantine under-server attributed to R via the SHIPPED canary pipeline[2m > [22m[2mR (overclaim->under-serve) is slashed pinned to its miner_id; honest R2 is never slashed
[22m[39m{"timestamp":"2026-06-22T06:19:18.827Z","level":"INFO","source":"frontend","module":"webrtc/sframe-transform","message":"encrypted frame","context":{"kid":9,"ctr":1,"byteLength":62,"codecOffset":10}}

[90mstdout[2m | apps/validator-daemon/src/canary/__tests__/mesh-byzantine.test.ts[2m > [22m[2mREQ-RMS-017 — Byzantine under-server attributed to R via the SHIPPED canary pipeline[2m > [22m[2mR (overclaim->under-serve) is slashed pinned to its miner_id; honest R2 is never slashed
[22m[39m{"timestamp":"2026-06-22T06:19:18.828Z","level":"INFO","source":"frontend","module":"webrtc/sframe-transform","message":"encrypted frame","context":{"kid":9,"ctr":2,"byteLength":62,"codecOffset":10}}

[90mstdout[2m | apps/validator-daemon/src/canary/__tests__/mesh-byzantine.test.ts[2m > [22m[2mREQ-RMS-017 — Byzantine under-server attributed to R via the SHIPPED canary pipeline[2m > [22m[2mR (overclaim->under-serve) is slashed pinned to its miner_id; honest R2 is never slashed
[22m[39m{"timestamp":"2026-06-22T06:19:18.828Z","level":"INFO","source":"frontend","module":"webrtc/sframe-transform","message":"encrypted frame","context":{"kid":9,"ctr":3,"byteLength":62,"codecOffset":10}}

[90mstdout[2m | apps/validator-daemon/src/canary/__tests__/mesh-byzantine.test.ts[2m > [22m[2mREQ-RMS-017 — Byzantine under-server attributed to R via the SHIPPED canary pipeline[2m > [22m[2mR (overclaim->under-serve) is slashed pinned to its miner_id; honest R2 is never slashed
[22m[39m{"timestamp":"2026-06-22T06:19:18.828Z","level":"INFO","source":"frontend","module":"webrtc/sframe-transform","message":"encrypted frame","context":{"kid":9,"ctr":4,"byteLength":62,"codecOffset":10}}

[90mstdout[2m | apps/validator-daemon/src/canary/__tests__/mesh-byzantine.test.ts[2m > [22m[2mREQ-RMS-017 — Byzantine under-server attributed to R via the SHIPPED canary pipeline[2m > [22m[2mR (overclaim->under-serve) is slashed pinned to its miner_id; honest R2 is never slashed
[22m[39m{"timestamp":"2026-06-22T06:19:18.829Z","level":"INFO","source":"frontend","module":"webrtc/sframe-transform","message":"encrypted frame","context":{"kid":9,"ctr":5,"byteLength":62,"codecOffset":10}}

[90mstdout[2m | apps/validator-daemon/src/canary/__tests__/mesh-byzantine.test.ts[2m > [22m[2mREQ-RMS-017 — Byzantine under-server attributed to R via the SHIPPED canary pipeline[2m > [22m[2mR (overclaim->under-serve) is slashed pinned to its miner_id; honest R2 is never slashed
[22m[39m{"timestamp":"2026-06-22T06:19:18.829Z","level":"INFO","source":"frontend","module":"webrtc/sframe-transform","message":"encrypted frame","context":{"kid":9,"ctr":6,"byteLength":62,"codecOffset":10}}

[90mstdout[2m | apps/validator-daemon/src/canary/__tests__/mesh-byzantine.test.ts[2m > [22m[2mREQ-RMS-017 — Byzantine under-server attributed to R via the SHIPPED canary pipeline[2m > [22m[2mR (overclaim->under-serve) is slashed pinned to its miner_id; honest R2 is never slashed
[22m[39m{"timestamp":"2026-06-22T06:19:18.829Z","level":"INFO","source":"frontend","module":"webrtc/sframe-transform","message":"encrypted frame","context":{"kid":9,"ctr":7,"byteLength":62,"codecOffset":10}}

{"level":30,"time":1782109158829,"pid":29576,"hostname":"Quang","name":"canary/verifier","canaryKid":9,"mediaPackets":7,"byteIdentical":7,"divergences":1,"msg":"canary forwarding verified"}
{"level":30,"time":1782109158830,"pid":29576,"hostname":"Quang","name":"canary/loss-classifier","relayMinerId":"relay-byzantine-R","promoted":0,"absorbed":1,"tampers":0,"cumulativeCrossed":false,"msg":"canary divergences classified (drop gate / tamper p=1)"}
{"level":30,"time":1782109158830,"pid":29576,"hostname":"Quang","name":"canary/verify-loop","round":2,"relayMinerId":"relay-byzantine-R","roomId":"mesh-room","perReceiver":2,"promoted":0,"absorbed":1,"stunLossBps":"0","msg":"canary verify round classified (hermetic half — synthetic capture, STUN read live)"}
[90mstdout[2m | apps/validator-daemon/src/canary/__tests__/mesh-byzantine.test.ts[2m > [22m[2mREQ-RMS-017 — Byzantine under-server attributed to R via the SHIPPED canary pipeline[2m > [22m[2mR (overclaim->under-serve) is slashed pinned to its miner_id; honest R2 is never slashed
[22m[39m{"timestamp":"2026-06-22T06:19:18.830Z","level":"INFO","source":"frontend","module":"webrtc/sframe-transform","message":"encrypted frame","context":{"kid":9,"ctr":0,"byteLength":62,"codecOffset":10}}

[90mstdout[2m | apps/validator-daemon/src/canary/__tests__/mesh-byzantine.test.ts[2m > [22m[2mREQ-RMS-017 — Byzantine under-server attributed to R via the SHIPPED canary pipeline[2m > [22m[2mR (overclaim->under-serve) is slashed pinned to its miner_id; honest R2 is never slashed
[22m[39m{"timestamp":"2026-06-22T06:19:18.830Z","level":"INFO","source":"frontend","module":"webrtc/sframe-transform","message":"encrypted frame","context":{"kid":9,"ctr":1,"byteLength":62,"codecOffset":10}}

[90mstdout[2m | apps/validator-daemon/src/canary/__tests__/mesh-byzantine.test.ts[2m > [22m[2mREQ-RMS-017 — Byzantine under-server attributed to R via the SHIPPED canary pipeline[2m > [22m[2mR (overclaim->under-serve) is slashed pinned to its miner_id; honest R2 is never slashed
[22m[39m{"timestamp":"2026-06-22T06:19:18.831Z","level":"INFO","source":"frontend","module":"webrtc/sframe-transform","message":"encrypted frame","context":{"kid":9,"ctr":2,"byteLength":62,"codecOffset":10}}

[90mstdout[2m | apps/validator-daemon/src/canary/__tests__/mesh-byzantine.test.ts[2m > [22m[2mREQ-RMS-017 — Byzantine under-server attributed to R via the SHIPPED canary pipeline[2m > [22m[2mR (overclaim->under-serve) is slashed pinned to its miner_id; honest R2 is never slashed
[22m[39m{"timestamp":"2026-06-22T06:19:18.831Z","level":"INFO","source":"frontend","module":"webrtc/sframe-transform","message":"encrypted frame","context":{"kid":9,"ctr":3,"byteLength":62,"codecOffset":10}}

[90mstdout[2m | apps/validator-daemon/src/canary/__tests__/mesh-byzantine.test.ts[2m > [22m[2mREQ-RMS-017 — Byzantine under-server attributed to R via the SHIPPED canary pipeline[2m > [22m[2mR (overclaim->under-serve) is slashed pinned to its miner_id; honest R2 is never slashed
[22m[39m{"timestamp":"2026-06-22T06:19:18.831Z","level":"INFO","source":"frontend","module":"webrtc/sframe-transform","message":"encrypted frame","context":{"kid":9,"ctr":4,"byteLength":62,"codecOffset":10}}

[90mstdout[2m | apps/validator-daemon/src/canary/__tests__/mesh-byzantine.test.ts[2m > [22m[2mREQ-RMS-017 — Byzantine under-server attributed to R via the SHIPPED canary pipeline[2m > [22m[2mR (overclaim->under-serve) is slashed pinned to its miner_id; honest R2 is never slashed
[22m[39m{"timestamp":"2026-06-22T06:19:18.832Z","level":"INFO","source":"frontend","module":"webrtc/sframe-transform","message":"encrypted frame","context":{"kid":9,"ctr":5,"byteLength":62,"codecOffset":10}}

[90mstdout[2m | apps/validator-daemon/src/canary/__tests__/mesh-byzantine.test.ts[2m > [22m[2mREQ-RMS-017 — Byzantine under-server attributed to R via the SHIPPED canary pipeline[2m > [22m[2mR (overclaim->under-serve) is slashed pinned to its miner_id; honest R2 is never slashed
[22m[39m{"timestamp":"2026-06-22T06:19:18.832Z","level":"INFO","source":"frontend","module":"webrtc/sframe-transform","message":"encrypted frame","context":{"kid":9,"ctr":6,"byteLength":62,"codecOffset":10}}

[90mstdout[2m | apps/validator-daemon/src/canary/__tests__/mesh-byzantine.test.ts[2m > [22m[2mREQ-RMS-017 — Byzantine under-server attributed to R via the SHIPPED canary pipeline[2m > [22m[2mR (overclaim->under-serve) is slashed pinned to its miner_id; honest R2 is never slashed
[22m[39m{"timestamp":"2026-06-22T06:19:18.833Z","level":"INFO","source":"frontend","module":"webrtc/sframe-transform","message":"encrypted frame","context":{"kid":9,"ctr":7,"byteLength":62,"codecOffset":10}}

[90mstdout[2m | apps/validator-daemon/src/canary/__tests__/mesh-byzantine.test.ts[2m > [22m[2mREQ-RMS-017 — Byzantine under-server attributed to R via the SHIPPED canary pipeline[2m > [22m[2mR (overclaim->under-serve) is slashed pinned to its miner_id; honest R2 is never slashed
[22m[39m{"timestamp":"2026-06-22T06:19:18.833Z","level":"INFO","source":"frontend","module":"webrtc/sframe-transform","message":"encrypted frame","context":{"kid":9,"ctr":0,"byteLength":62,"codecOffset":10}}

[90mstdout[2m | apps/validator-daemon/src/canary/__tests__/mesh-byzantine.test.ts[2m > [22m[2mREQ-RMS-017 — Byzantine under-server attributed to R via the SHIPPED canary pipeline[2m > [22m[2mR (overclaim->under-serve) is slashed pinned to its miner_id; honest R2 is never slashed
[22m[39m{"timestamp":"2026-06-22T06:19:18.833Z","level":"INFO","source":"frontend","module":"webrtc/sframe-transform","message":"encrypted frame","context":{"kid":9,"ctr":1,"byteLength":62,"codecOffset":10}}

[90mstdout[2m | apps/validator-daemon/src/canary/__tests__/mesh-byzantine.test.ts[2m > [22m[2mREQ-RMS-017 — Byzantine under-server attributed to R via the SHIPPED canary pipeline[2m > [22m[2mR (overclaim->under-serve) is slashed pinned to its miner_id; honest R2 is never slashed
[22m[39m{"timestamp":"2026-06-22T06:19:18.834Z","level":"INFO","source":"frontend","module":"webrtc/sframe-transform","message":"encrypted frame","context":{"kid":9,"ctr":2,"byteLength":62,"codecOffset":10}}

[90mstdout[2m | apps/validator-daemon/src/canary/__tests__/mesh-byzantine.test.ts[2m > [22m[2mREQ-RMS-017 — Byzantine under-server attributed to R via the SHIPPED canary pipeline[2m > [22m[2mR (overclaim->under-serve) is slashed pinned to its miner_id; honest R2 is never slashed
[22m[39m{"timestamp":"2026-06-22T06:19:18.834Z","level":"INFO","source":"frontend","module":"webrtc/sframe-transform","message":"encrypted frame","context":{"kid":9,"ctr":3,"byteLength":62,"codecOffset":10}}

[90mstdout[2m | apps/validator-daemon/src/canary/__tests__/mesh-byzantine.test.ts[2m > [22m[2mREQ-RMS-017 — Byzantine under-server attributed to R via the SHIPPED canary pipeline[2m > [22m[2mR (overclaim->under-serve) is slashed pinned to its miner_id; honest R2 is never slashed
[22m[39m{"timestamp":"2026-06-22T06:19:18.835Z","level":"INFO","source":"frontend","module":"webrtc/sframe-transform","message":"encrypted frame","context":{"kid":9,"ctr":4,"byteLength":62,"codecOffset":10}}

[90mstdout[2m | apps/validator-daemon/src/canary/__tests__/mesh-byzantine.test.ts[2m > [22m[2mREQ-RMS-017 — Byzantine under-server attributed to R via the SHIPPED canary pipeline[2m > [22m[2mR (overclaim->under-serve) is slashed pinned to its miner_id; honest R2 is never slashed
[22m[39m{"timestamp":"2026-06-22T06:19:18.837Z","level":"INFO","source":"frontend","module":"webrtc/sframe-transform","message":"encrypted frame","context":{"kid":9,"ctr":5,"byteLength":62,"codecOffset":10}}

[90mstdout[2m | apps/validator-daemon/src/canary/__tests__/mesh-byzantine.test.ts[2m > [22m[2mREQ-RMS-017 — Byzantine under-server attributed to R via the SHIPPED canary pipeline[2m > [22m[2mR (overclaim->under-serve) is slashed pinned to its miner_id; honest R2 is never slashed
[22m[39m{"timestamp":"2026-06-22T06:19:18.838Z","level":"INFO","source":"frontend","module":"webrtc/sframe-transform","message":"encrypted frame","context":{"kid":9,"ctr":6,"byteLength":62,"codecOffset":10}}

[90mstdout[2m | apps/validator-daemon/src/canary/__tests__/mesh-byzantine.test.ts[2m > [22m[2mREQ-RMS-017 — Byzantine under-server attributed to R via the SHIPPED canary pipeline[2m > [22m[2mR (overclaim->under-serve) is slashed pinned to its miner_id; honest R2 is never slashed
[22m[39m{"timestamp":"2026-06-22T06:19:18.838Z","level":"INFO","source":"frontend","module":"webrtc/sframe-transform","message":"encrypted frame","context":{"kid":9,"ctr":7,"byteLength":62,"codecOffset":10}}

{"level":30,"time":1782109158838,"pid":29576,"hostname":"Quang","name":"canary/verifier","canaryKid":9,"mediaPackets":8,"byteIdentical":8,"divergences":0,"msg":"canary forwarding verified"}
[90mstdout[2m | apps/validator-daemon/src/canary/__tests__/mesh-byzantine.test.ts[2m > [22m[2mREQ-RMS-017 — Byzantine under-server attributed to R via the SHIPPED canary pipeline[2m > [22m[2mR (overclaim->under-serve) is slashed pinned to its miner_id; honest R2 is never slashed
[22m[39m{"timestamp":"2026-06-22T06:19:18.838Z","level":"INFO","source":"frontend","module":"webrtc/sframe-transform","message":"encrypted frame","context":{"kid":9,"ctr":0,"byteLength":62,"codecOffset":10}}

[90mstdout[2m | apps/validator-daemon/src/canary/__tests__/mesh-byzantine.test.ts[2m > [22m[2mREQ-RMS-017 — Byzantine under-server attributed to R via the SHIPPED canary pipeline[2m > [22m[2mR (overclaim->under-serve) is slashed pinned to its miner_id; honest R2 is never slashed
[22m[39m{"timestamp":"2026-06-22T06:19:18.839Z","level":"INFO","source":"frontend","module":"webrtc/sframe-transform","message":"encrypted frame","context":{"kid":9,"ctr":1,"byteLength":62,"codecOffset":10}}

[90mstdout[2m | apps/validator-daemon/src/canary/__tests__/mesh-byzantine.test.ts[2m > [22m[2mREQ-RMS-017 — Byzantine under-server attributed to R via the SHIPPED canary pipeline[2m > [22m[2mR (overclaim->under-serve) is slashed pinned to its miner_id; honest R2 is never slashed
[22m[39m{"timestamp":"2026-06-22T06:19:18.839Z","level":"INFO","source":"frontend","module":"webrtc/sframe-transform","message":"encrypted frame","context":{"kid":9,"ctr":2,"byteLength":62,"codecOffset":10}}

[90mstdout[2m | apps/validator-daemon/src/canary/__tests__/mesh-byzantine.test.ts[2m > [22m[2mREQ-RMS-017 — Byzantine under-server attributed to R via the SHIPPED canary pipeline[2m > [22m[2mR (overclaim->under-serve) is slashed pinned to its miner_id; honest R2 is never slashed
[22m[39m{"timestamp":"2026-06-22T06:19:18.839Z","level":"INFO","source":"frontend","module":"webrtc/sframe-transform","message":"encrypted frame","context":{"kid":9,"ctr":3,"byteLength":62,"codecOffset":10}}

[90mstdout[2m | apps/validator-daemon/src/canary/__tests__/mesh-byzantine.test.ts[2m > [22m[2mREQ-RMS-017 — Byzantine under-server attributed to R via the SHIPPED canary pipeline[2m > [22m[2mR (overclaim->under-serve) is slashed pinned to its miner_id; honest R2 is never slashed
[22m[39m{"timestamp":"2026-06-22T06:19:18.840Z","level":"INFO","source":"frontend","module":"webrtc/sframe-transform","message":"encrypted frame","context":{"kid":9,"ctr":4,"byteLength":62,"codecOffset":10}}

[90mstdout[2m | apps/validator-daemon/src/canary/__tests__/mesh-byzantine.test.ts[2m > [22m[2mREQ-RMS-017 — Byzantine under-server attributed to R via the SHIPPED canary pipeline[2m > [22m[2mR (overclaim->under-serve) is slashed pinned to its miner_id; honest R2 is never slashed
[22m[39m{"timestamp":"2026-06-22T06:19:18.840Z","level":"INFO","source":"frontend","module":"webrtc/sframe-transform","message":"encrypted frame","context":{"kid":9,"ctr":5,"byteLength":62,"codecOffset":10}}

[90mstdout[2m | apps/validator-daemon/src/canary/__tests__/mesh-byzantine.test.ts[2m > [22m[2mREQ-RMS-017 — Byzantine under-server attributed to R via the SHIPPED canary pipeline[2m > [22m[2mR (overclaim->under-serve) is slashed pinned to its miner_id; honest R2 is never slashed
[22m[39m{"timestamp":"2026-06-22T06:19:18.840Z","level":"INFO","source":"frontend","module":"webrtc/sframe-transform","message":"encrypted frame","context":{"kid":9,"ctr":6,"byteLength":62,"codecOffset":10}}

[90mstdout[2m | apps/validator-daemon/src/canary/__tests__/mesh-byzantine.test.ts[2m > [22m[2mREQ-RMS-017 — Byzantine under-server attributed to R via the SHIPPED canary pipeline[2m > [22m[2mR (overclaim->under-serve) is slashed pinned to its miner_id; honest R2 is never slashed
[22m[39m{"timestamp":"2026-06-22T06:19:18.841Z","level":"INFO","source":"frontend","module":"webrtc/sframe-transform","message":"encrypted frame","context":{"kid":9,"ctr":7,"byteLength":62,"codecOffset":10}}

{"level":30,"time":1782109158841,"pid":29576,"hostname":"Quang","name":"canary/verifier","canaryKid":9,"mediaPackets":8,"byteIdentical":8,"divergences":0,"msg":"canary forwarding verified"}
{"level":30,"time":1782109158841,"pid":29576,"hostname":"Quang","name":"canary/loss-classifier","relayMinerId":"relay-honest-R2","promoted":0,"absorbed":0,"tampers":0,"cumulativeCrossed":false,"msg":"canary divergences classified (drop gate / tamper p=1)"}
{"level":30,"time":1782109158841,"pid":29576,"hostname":"Quang","name":"canary/verify-loop","round":2,"relayMinerId":"relay-honest-R2","roomId":"mesh-room","perReceiver":2,"promoted":0,"absorbed":0,"stunLossBps":"0","msg":"canary verify round classified (hermetic half — synthetic capture, STUN read live)"}
[90mstdout[2m | apps/validator-daemon/src/canary/__tests__/mesh-byzantine.test.ts[2m > [22m[2mREQ-RMS-017 — Byzantine under-server attributed to R via the SHIPPED canary pipeline[2m > [22m[2mR (overclaim->under-serve) is slashed pinned to its miner_id; honest R2 is never slashed
[22m[39m{"timestamp":"2026-06-22T06:19:18.841Z","level":"INFO","source":"frontend","module":"webrtc/sframe-transform","message":"encrypted frame","context":{"kid":9,"ctr":0,"byteLength":62,"codecOffset":10}}

[90mstdout[2m | apps/validator-daemon/src/canary/__tests__/mesh-byzantine.test.ts[2m > [22m[2mREQ-RMS-017 — Byzantine under-server attributed to R via the SHIPPED canary pipeline[2m > [22m[2mR (overclaim->under-serve) is slashed pinned to its miner_id; honest R2 is never slashed
[22m[39m{"timestamp":"2026-06-22T06:19:18.842Z","level":"INFO","source":"frontend","module":"webrtc/sframe-transform","message":"encrypted frame","context":{"kid":9,"ctr":1,"byteLength":62,"codecOffset":10}}

[90mstdout[2m | apps/validator-daemon/src/canary/__tests__/mesh-byzantine.test.ts[2m > [22m[2mREQ-RMS-017 — Byzantine under-server attributed to R via the SHIPPED canary pipeline[2m > [22m[2mR (overclaim->under-serve) is slashed pinned to its miner_id; honest R2 is never slashed
[22m[39m{"timestamp":"2026-06-22T06:19:18.842Z","level":"INFO","source":"frontend","module":"webrtc/sframe-transform","message":"encrypted frame","context":{"kid":9,"ctr":2,"byteLength":62,"codecOffset":10}}

[90mstdout[2m | apps/validator-daemon/src/canary/__tests__/mesh-byzantine.test.ts[2m > [22m[2mREQ-RMS-017 — Byzantine under-server attributed to R via the SHIPPED canary pipeline[2m > [22m[2mR (overclaim->under-serve) is slashed pinned to its miner_id; honest R2 is never slashed
[22m[39m{"timestamp":"2026-06-22T06:19:18.842Z","level":"INFO","source":"frontend","module":"webrtc/sframe-transform","message":"encrypted frame","context":{"kid":9,"ctr":3,"byteLength":62,"codecOffset":10}}

[90mstdout[2m | apps/validator-daemon/src/canary/__tests__/mesh-byzantine.test.ts[2m > [22m[2mREQ-RMS-017 — Byzantine under-server attributed to R via the SHIPPED canary pipeline[2m > [22m[2mR (overclaim->under-serve) is slashed pinned to its miner_id; honest R2 is never slashed
[22m[39m{"timestamp":"2026-06-22T06:19:18.843Z","level":"INFO","source":"frontend","module":"webrtc/sframe-transform","message":"encrypted frame","context":{"kid":9,"ctr":4,"byteLength":62,"codecOffset":10}}

[90mstdout[2m | apps/validator-daemon/src/canary/__tests__/mesh-byzantine.test.ts[2m > [22m[2mREQ-RMS-017 — Byzantine under-server attributed to R via the SHIPPED canary pipeline[2m > [22m[2mR (overclaim->under-serve) is slashed pinned to its miner_id; honest R2 is never slashed
[22m[39m{"timestamp":"2026-06-22T06:19:18.843Z","level":"INFO","source":"frontend","module":"webrtc/sframe-transform","message":"encrypted frame","context":{"kid":9,"ctr":6,"byteLength":62,"codecOffset":10}}

[90mstdout[2m | apps/validator-daemon/src/canary/__tests__/mesh-byzantine.test.ts[2m > [22m[2mREQ-RMS-017 — Byzantine under-server attributed to R via the SHIPPED canary pipeline[2m > [22m[2mR (overclaim->under-serve) is slashed pinned to its miner_id; honest R2 is never slashed
[22m[39m{"timestamp":"2026-06-22T06:19:18.843Z","level":"INFO","source":"frontend","module":"webrtc/sframe-transform","message":"encrypted frame","context":{"kid":9,"ctr":7,"byteLength":62,"codecOffset":10}}

[90mstdout[2m | apps/validator-daemon/src/canary/__tests__/mesh-byzantine.test.ts[2m > [22m[2mREQ-RMS-017 — Byzantine under-server attributed to R via the SHIPPED canary pipeline[2m > [22m[2mR (overclaim->under-serve) is slashed pinned to its miner_id; honest R2 is never slashed
[22m[39m{"timestamp":"2026-06-22T06:19:18.844Z","level":"INFO","source":"frontend","module":"webrtc/sframe-transform","message":"encrypted frame","context":{"kid":9,"ctr":0,"byteLength":62,"codecOffset":10}}

[90mstdout[2m | apps/validator-daemon/src/canary/__tests__/mesh-byzantine.test.ts[2m > [22m[2mREQ-RMS-017 — Byzantine under-server attributed to R via the SHIPPED canary pipeline[2m > [22m[2mR (overclaim->under-serve) is slashed pinned to its miner_id; honest R2 is never slashed
[22m[39m{"timestamp":"2026-06-22T06:19:18.844Z","level":"INFO","source":"frontend","module":"webrtc/sframe-transform","message":"encrypted frame","context":{"kid":9,"ctr":1,"byteLength":62,"codecOffset":10}}

[90mstdout[2m | apps/validator-daemon/src/canary/__tests__/mesh-byzantine.test.ts[2m > [22m[2mREQ-RMS-017 — Byzantine under-server attributed to R via the SHIPPED canary pipeline[2m > [22m[2mR (overclaim->under-serve) is slashed pinned to its miner_id; honest R2 is never slashed
[22m[39m{"timestamp":"2026-06-22T06:19:18.844Z","level":"INFO","source":"frontend","module":"webrtc/sframe-transform","message":"encrypted frame","context":{"kid":9,"ctr":2,"byteLength":62,"codecOffset":10}}

[90mstdout[2m | apps/validator-daemon/src/canary/__tests__/mesh-byzantine.test.ts[2m > [22m[2mREQ-RMS-017 — Byzantine under-server attributed to R via the SHIPPED canary pipeline[2m > [22m[2mR (overclaim->under-serve) is slashed pinned to its miner_id; honest R2 is never slashed
[22m[39m{"timestamp":"2026-06-22T06:19:18.845Z","level":"INFO","source":"frontend","module":"webrtc/sframe-transform","message":"encrypted frame","context":{"kid":9,"ctr":3,"byteLength":62,"codecOffset":10}}

[90mstdout[2m | apps/validator-daemon/src/canary/__tests__/mesh-byzantine.test.ts[2m > [22m[2mREQ-RMS-017 — Byzantine under-server attributed to R via the SHIPPED canary pipeline[2m > [22m[2mR (overclaim->under-serve) is slashed pinned to its miner_id; honest R2 is never slashed
[22m[39m{"timestamp":"2026-06-22T06:19:18.845Z","level":"INFO","source":"frontend","module":"webrtc/sframe-transform","message":"encrypted frame","context":{"kid":9,"ctr":4,"byteLength":62,"codecOffset":10}}

[90mstdout[2m | apps/validator-daemon/src/canary/__tests__/mesh-byzantine.test.ts[2m > [22m[2mREQ-RMS-017 — Byzantine under-server attributed to R via the SHIPPED canary pipeline[2m > [22m[2mR (overclaim->under-serve) is slashed pinned to its miner_id; honest R2 is never slashed
[22m[39m{"timestamp":"2026-06-22T06:19:18.846Z","level":"INFO","source":"frontend","module":"webrtc/sframe-transform","message":"encrypted frame","context":{"kid":9,"ctr":5,"byteLength":62,"codecOffset":10}}

[90mstdout[2m | apps/validator-daemon/src/canary/__tests__/mesh-byzantine.test.ts[2m > [22m[2mREQ-RMS-017 — Byzantine under-server attributed to R via the SHIPPED canary pipeline[2m > [22m[2mR (overclaim->under-serve) is slashed pinned to its miner_id; honest R2 is never slashed
[22m[39m{"timestamp":"2026-06-22T06:19:18.846Z","level":"INFO","source":"frontend","module":"webrtc/sframe-transform","message":"encrypted frame","context":{"kid":9,"ctr":6,"byteLength":62,"codecOffset":10}}

[90mstdout[2m | apps/validator-daemon/src/canary/__tests__/mesh-byzantine.test.ts[2m > [22m[2mREQ-RMS-017 — Byzantine under-server attributed to R via the SHIPPED canary pipeline[2m > [22m[2mR (overclaim->under-serve) is slashed pinned to its miner_id; honest R2 is never slashed
[22m[39m{"timestamp":"2026-06-22T06:19:18.846Z","level":"INFO","source":"frontend","module":"webrtc/sframe-transform","message":"encrypted frame","context":{"kid":9,"ctr":7,"byteLength":62,"codecOffset":10}}

{"level":30,"time":1782109158847,"pid":29576,"hostname":"Quang","name":"canary/verifier","canaryKid":9,"mediaPackets":7,"byteIdentical":7,"divergences":1,"msg":"canary forwarding verified"}
[90mstdout[2m | apps/validator-daemon/src/canary/__tests__/mesh-byzantine.test.ts[2m > [22m[2mREQ-RMS-017 — Byzantine under-server attributed to R via the SHIPPED canary pipeline[2m > [22m[2mR (overclaim->under-serve) is slashed pinned to its miner_id; honest R2 is never slashed
[22m[39m{"timestamp":"2026-06-22T06:19:18.847Z","level":"INFO","source":"frontend","module":"webrtc/sframe-transform","message":"encrypted frame","context":{"kid":9,"ctr":0,"byteLength":62,"codecOffset":10}}

[90mstdout[2m | apps/validator-daemon/src/canary/__tests__/mesh-byzantine.test.ts[2m > [22m[2mREQ-RMS-017 — Byzantine under-server attributed to R via the SHIPPED canary pipeline[2m > [22m[2mR (overclaim->under-serve) is slashed pinned to its miner_id; honest R2 is never slashed
[22m[39m{"timestamp":"2026-06-22T06:19:18.848Z","level":"INFO","source":"frontend","module":"webrtc/sframe-transform","message":"encrypted frame","context":{"kid":9,"ctr":1,"byteLength":62,"codecOffset":10}}

[90mstdout[2m | apps/validator-daemon/src/canary/__tests__/mesh-byzantine.test.ts[2m > [22m[2mREQ-RMS-017 — Byzantine under-server attributed to R via the SHIPPED canary pipeline[2m > [22m[2mR (overclaim->under-serve) is slashed pinned to its miner_id; honest R2 is never slashed
[22m[39m{"timestamp":"2026-06-22T06:19:18.848Z","level":"INFO","source":"frontend","module":"webrtc/sframe-transform","message":"encrypted frame","context":{"kid":9,"ctr":2,"byteLength":62,"codecOffset":10}}

[90mstdout[2m | apps/validator-daemon/src/canary/__tests__/mesh-byzantine.test.ts[2m > [22m[2mREQ-RMS-017 — Byzantine under-server attributed to R via the SHIPPED canary pipeline[2m > [22m[2mR (overclaim->under-serve) is slashed pinned to its miner_id; honest R2 is never slashed
[22m[39m{"timestamp":"2026-06-22T06:19:18.849Z","level":"INFO","source":"frontend","module":"webrtc/sframe-transform","message":"encrypted frame","context":{"kid":9,"ctr":3,"byteLength":62,"codecOffset":10}}

[90mstdout[2m | apps/validator-daemon/src/canary/__tests__/mesh-byzantine.test.ts[2m > [22m[2mREQ-RMS-017 — Byzantine under-server attributed to R via the SHIPPED canary pipeline[2m > [22m[2mR (overclaim->under-serve) is slashed pinned to its miner_id; honest R2 is never slashed
[22m[39m{"timestamp":"2026-06-22T06:19:18.849Z","level":"INFO","source":"frontend","module":"webrtc/sframe-transform","message":"encrypted frame","context":{"kid":9,"ctr":4,"byteLength":62,"codecOffset":10}}

[90mstdout[2m | apps/validator-daemon/src/canary/__tests__/mesh-byzantine.test.ts[2m > [22m[2mREQ-RMS-017 — Byzantine under-server attributed to R via the SHIPPED canary pipeline[2m > [22m[2mR (overclaim->under-serve) is slashed pinned to its miner_id; honest R2 is never slashed
[22m[39m{"timestamp":"2026-06-22T06:19:18.849Z","level":"INFO","source":"frontend","module":"webrtc/sframe-transform","message":"encrypted frame","context":{"kid":9,"ctr":5,"byteLength":62,"codecOffset":10}}

[90mstdout[2m | apps/validator-daemon/src/canary/__tests__/mesh-byzantine.test.ts[2m > [22m[2mREQ-RMS-017 — Byzantine under-server attributed to R via the SHIPPED canary pipeline[2m > [22m[2mR (overclaim->under-serve) is slashed pinned to its miner_id; honest R2 is never slashed
[22m[39m{"timestamp":"2026-06-22T06:19:18.850Z","level":"INFO","source":"frontend","module":"webrtc/sframe-transform","message":"encrypted frame","context":{"kid":9,"ctr":6,"byteLength":62,"codecOffset":10}}

[90mstdout[2m | apps/validator-daemon/src/canary/__tests__/mesh-byzantine.test.ts[2m > [22m[2mREQ-RMS-017 — Byzantine under-server attributed to R via the SHIPPED canary pipeline[2m > [22m[2mR (overclaim->under-serve) is slashed pinned to its miner_id; honest R2 is never slashed
[22m[39m{"timestamp":"2026-06-22T06:19:18.850Z","level":"INFO","source":"frontend","module":"webrtc/sframe-transform","message":"encrypted frame","context":{"kid":9,"ctr":7,"byteLength":62,"codecOffset":10}}

{"level":30,"time":1782109158850,"pid":29576,"hostname":"Quang","name":"canary/verifier","canaryKid":9,"mediaPackets":7,"byteIdentical":7,"divergences":1,"msg":"canary forwarding verified"}
{"level":30,"time":1782109158850,"pid":29576,"hostname":"Quang","name":"canary/loss-classifier","relayMinerId":"relay-byzantine-R","promoted":0,"absorbed":1,"tampers":0,"cumulativeCrossed":false,"msg":"canary divergences classified (drop gate / tamper p=1)"}
{"level":30,"time":1782109158851,"pid":29576,"hostname":"Quang","name":"canary/verify-loop","round":3,"relayMinerId":"relay-byzantine-R","roomId":"mesh-room","perReceiver":2,"promoted":0,"absorbed":1,"stunLossBps":"0","msg":"canary verify round classified (hermetic half — synthetic capture, STUN read live)"}
[90mstdout[2m | apps/validator-daemon/src/canary/__tests__/mesh-byzantine.test.ts[2m > [22m[2mREQ-RMS-017 — Byzantine under-server attributed to R via the SHIPPED canary pipeline[2m > [22m[2mR (overclaim->under-serve) is slashed pinned to its miner_id; honest R2 is never slashed
[22m[39m{"timestamp":"2026-06-22T06:19:18.851Z","level":"INFO","source":"frontend","module":"webrtc/sframe-transform","message":"encrypted frame","context":{"kid":9,"ctr":0,"byteLength":62,"codecOffset":10}}

[90mstdout[2m | apps/validator-daemon/src/canary/__tests__/mesh-byzantine.test.ts[2m > [22m[2mREQ-RMS-017 — Byzantine under-server attributed to R via the SHIPPED canary pipeline[2m > [22m[2mR (overclaim->under-serve) is slashed pinned to its miner_id; honest R2 is never slashed
[22m[39m{"timestamp":"2026-06-22T06:19:18.851Z","level":"INFO","source":"frontend","module":"webrtc/sframe-transform","message":"encrypted frame","context":{"kid":9,"ctr":1,"byteLength":62,"codecOffset":10}}

[90mstdout[2m | apps/validator-daemon/src/canary/__tests__/mesh-byzantine.test.ts[2m > [22m[2mREQ-RMS-017 — Byzantine under-server attributed to R via the SHIPPED canary pipeline[2m > [22m[2mR (overclaim->under-serve) is slashed pinned to its miner_id; honest R2 is never slashed
[22m[39m{"timestamp":"2026-06-22T06:19:18.852Z","level":"INFO","source":"frontend","module":"webrtc/sframe-transform","message":"encrypted frame","context":{"kid":9,"ctr":2,"byteLength":62,"codecOffset":10}}

[90mstdout[2m | apps/validator-daemon/src/canary/__tests__/mesh-byzantine.test.ts[2m > [22m[2mREQ-RMS-017 — Byzantine under-server attributed to R via the SHIPPED canary pipeline[2m > [22m[2mR (overclaim->under-serve) is slashed pinned to its miner_id; honest R2 is never slashed
[22m[39m{"timestamp":"2026-06-22T06:19:18.852Z","level":"INFO","source":"frontend","module":"webrtc/sframe-transform","message":"encrypted frame","context":{"kid":9,"ctr":3,"byteLength":62,"codecOffset":10}}

[90mstdout[2m | apps/validator-daemon/src/canary/__tests__/mesh-byzantine.test.ts[2m > [22m[2mREQ-RMS-017 — Byzantine under-server attributed to R via the SHIPPED canary pipeline[2m > [22m[2mR (overclaim->under-serve) is slashed pinned to its miner_id; honest R2 is never slashed
[22m[39m{"timestamp":"2026-06-22T06:19:18.852Z","level":"INFO","source":"frontend","module":"webrtc/sframe-transform","message":"encrypted frame","context":{"kid":9,"ctr":4,"byteLength":62,"codecOffset":10}}

[90mstdout[2m | apps/validator-daemon/src/canary/__tests__/mesh-byzantine.test.ts[2m > [22m[2mREQ-RMS-017 — Byzantine under-server attributed to R via the SHIPPED canary pipeline[2m > [22m[2mR (overclaim->under-serve) is slashed pinned to its miner_id; honest R2 is never slashed
[22m[39m{"timestamp":"2026-06-22T06:19:18.853Z","level":"INFO","source":"frontend","module":"webrtc/sframe-transform","message":"encrypted frame","context":{"kid":9,"ctr":5,"byteLength":62,"codecOffset":10}}

[90mstdout[2m | apps/validator-daemon/src/canary/__tests__/mesh-byzantine.test.ts[2m > [22m[2mREQ-RMS-017 — Byzantine under-server attributed to R via the SHIPPED canary pipeline[2m > [22m[2mR (overclaim->under-serve) is slashed pinned to its miner_id; honest R2 is never slashed
[22m[39m{"timestamp":"2026-06-22T06:19:18.853Z","level":"INFO","source":"frontend","module":"webrtc/sframe-transform","message":"encrypted frame","context":{"kid":9,"ctr":6,"byteLength":62,"codecOffset":10}}

[90mstdout[2m | apps/validator-daemon/src/canary/__tests__/mesh-byzantine.test.ts[2m > [22m[2mREQ-RMS-017 — Byzantine under-server attributed to R via the SHIPPED canary pipeline[2m > [22m[2mR (overclaim->under-serve) is slashed pinned to its miner_id; honest R2 is never slashed
[22m[39m{"timestamp":"2026-06-22T06:19:18.854Z","level":"INFO","source":"frontend","module":"webrtc/sframe-transform","message":"encrypted frame","context":{"kid":9,"ctr":7,"byteLength":62,"codecOffset":10}}

[90mstdout[2m | apps/validator-daemon/src/canary/__tests__/mesh-byzantine.test.ts[2m > [22m[2mREQ-RMS-017 — Byzantine under-server attributed to R via the SHIPPED canary pipeline[2m > [22m[2mR (overclaim->under-serve) is slashed pinned to its miner_id; honest R2 is never slashed
[22m[39m{"timestamp":"2026-06-22T06:19:18.854Z","level":"INFO","source":"frontend","module":"webrtc/sframe-transform","message":"encrypted frame","context":{"kid":9,"ctr":0,"byteLength":62,"codecOffset":10}}

[90mstdout[2m | apps/validator-daemon/src/canary/__tests__/mesh-byzantine.test.ts[2m > [22m[2mREQ-RMS-017 — Byzantine under-server attributed to R via the SHIPPED canary pipeline[2m > [22m[2mR (overclaim->under-serve) is slashed pinned to its miner_id; honest R2 is never slashed
[22m[39m{"timestamp":"2026-06-22T06:19:18.854Z","level":"INFO","source":"frontend","module":"webrtc/sframe-transform","message":"encrypted frame","context":{"kid":9,"ctr":1,"byteLength":62,"codecOffset":10}}

[90mstdout[2m | apps/validator-daemon/src/canary/__tests__/mesh-byzantine.test.ts[2m > [22m[2mREQ-RMS-017 — Byzantine under-server attributed to R via the SHIPPED canary pipeline[2m > [22m[2mR (overclaim->under-serve) is slashed pinned to its miner_id; honest R2 is never slashed
[22m[39m{"timestamp":"2026-06-22T06:19:18.855Z","level":"INFO","source":"frontend","module":"webrtc/sframe-transform","message":"encrypted frame","context":{"kid":9,"ctr":2,"byteLength":62,"codecOffset":10}}

[90mstdout[2m | apps/validator-daemon/src/canary/__tests__/mesh-byzantine.test.ts[2m > [22m[2mREQ-RMS-017 — Byzantine under-server attributed to R via the SHIPPED canary pipeline[2m > [22m[2mR (overclaim->under-serve) is slashed pinned to its miner_id; honest R2 is never slashed
[22m[39m{"timestamp":"2026-06-22T06:19:18.855Z","level":"INFO","source":"frontend","module":"webrtc/sframe-transform","message":"encrypted frame","context":{"kid":9,"ctr":3,"byteLength":62,"codecOffset":10}}

[90mstdout[2m | apps/validator-daemon/src/canary/__tests__/mesh-byzantine.test.ts[2m > [22m[2mREQ-RMS-017 — Byzantine under-server attributed to R via the SHIPPED canary pipeline[2m > [22m[2mR (overclaim->under-serve) is slashed pinned to its miner_id; honest R2 is never slashed
[22m[39m{"timestamp":"2026-06-22T06:19:18.856Z","level":"INFO","source":"frontend","module":"webrtc/sframe-transform","message":"encrypted frame","context":{"kid":9,"ctr":4,"byteLength":62,"codecOffset":10}}

[90mstdout[2m | apps/validator-daemon/src/canary/__tests__/mesh-byzantine.test.ts[2m > [22m[2mREQ-RMS-017 — Byzantine under-server attributed to R via the SHIPPED canary pipeline[2m > [22m[2mR (overclaim->under-serve) is slashed pinned to its miner_id; honest R2 is never slashed
[22m[39m{"timestamp":"2026-06-22T06:19:18.856Z","level":"INFO","source":"frontend","module":"webrtc/sframe-transform","message":"encrypted frame","context":{"kid":9,"ctr":5,"byteLength":62,"codecOffset":10}}

[90mstdout[2m | apps/validator-daemon/src/canary/__tests__/mesh-byzantine.test.ts[2m > [22m[2mREQ-RMS-017 — Byzantine under-server attributed to R via the SHIPPED canary pipeline[2m > [22m[2mR (overclaim->under-serve) is slashed pinned to its miner_id; honest R2 is never slashed
[22m[39m{"timestamp":"2026-06-22T06:19:18.856Z","level":"INFO","source":"frontend","module":"webrtc/sframe-transform","message":"encrypted frame","context":{"kid":9,"ctr":6,"byteLength":62,"codecOffset":10}}

[90mstdout[2m | apps/validator-daemon/src/canary/__tests__/mesh-byzantine.test.ts[2m > [22m[2mREQ-RMS-017 — Byzantine under-server attributed to R via the SHIPPED canary pipeline[2m > [22m[2mR (overclaim->under-serve) is slashed pinned to its miner_id; honest R2 is never slashed
[22m[39m{"timestamp":"2026-06-22T06:19:18.857Z","level":"INFO","source":"frontend","module":"webrtc/sframe-transform","message":"encrypted frame","context":{"kid":9,"ctr":7,"byteLength":62,"codecOffset":10}}

{"level":30,"time":1782109158857,"pid":29576,"hostname":"Quang","name":"canary/verifier","canaryKid":9,"mediaPackets":8,"byteIdentical":8,"divergences":0,"msg":"canary forwarding verified"}
[90mstdout[2m | apps/validator-daemon/src/canary/__tests__/mesh-byzantine.test.ts[2m > [22m[2mREQ-RMS-017 — Byzantine under-server attributed to R via the SHIPPED canary pipeline[2m > [22m[2mR (overclaim->under-serve) is slashed pinned to its miner_id; honest R2 is never slashed
[22m[39m{"timestamp":"2026-06-22T06:19:18.857Z","level":"INFO","source":"frontend","module":"webrtc/sframe-transform","message":"encrypted frame","context":{"kid":9,"ctr":0,"byteLength":62,"codecOffset":10}}

[90mstdout[2m | apps/validator-daemon/src/canary/__tests__/mesh-byzantine.test.ts[2m > [22m[2mREQ-RMS-017 — Byzantine under-server attributed to R via the SHIPPED canary pipeline[2m > [22m[2mR (overclaim->under-serve) is slashed pinned to its miner_id; honest R2 is never slashed
[22m[39m{"timestamp":"2026-06-22T06:19:18.857Z","level":"INFO","source":"frontend","module":"webrtc/sframe-transform","message":"encrypted frame","context":{"kid":9,"ctr":1,"byteLength":62,"codecOffset":10}}

[90mstdout[2m | apps/validator-daemon/src/canary/__tests__/mesh-byzantine.test.ts[2m > [22m[2mREQ-RMS-017 — Byzantine under-server attributed to R via the SHIPPED canary pipeline[2m > [22m[2mR (overclaim->under-serve) is slashed pinned to its miner_id; honest R2 is never slashed
[22m[39m{"timestamp":"2026-06-22T06:19:18.858Z","level":"INFO","source":"frontend","module":"webrtc/sframe-transform","message":"encrypted frame","context":{"kid":9,"ctr":2,"byteLength":62,"codecOffset":10}}

[90mstdout[2m | apps/validator-daemon/src/canary/__tests__/mesh-byzantine.test.ts[2m > [22m[2mREQ-RMS-017 — Byzantine under-server attributed to R via the SHIPPED canary pipeline[2m > [22m[2mR (overclaim->under-serve) is slashed pinned to its miner_id; honest R2 is never slashed
[22m[39m{"timestamp":"2026-06-22T06:19:18.858Z","level":"INFO","source":"frontend","module":"webrtc/sframe-transform","message":"encrypted frame","context":{"kid":9,"ctr":3,"byteLength":62,"codecOffset":10}}

[90mstdout[2m | apps/validator-daemon/src/canary/__tests__/mesh-byzantine.test.ts[2m > [22m[2mREQ-RMS-017 — Byzantine under-server attributed to R via the SHIPPED canary pipeline[2m > [22m[2mR (overclaim->under-serve) is slashed pinned to its miner_id; honest R2 is never slashed
[22m[39m{"timestamp":"2026-06-22T06:19:18.858Z","level":"INFO","source":"frontend","module":"webrtc/sframe-transform","message":"encrypted frame","context":{"kid":9,"ctr":4,"byteLength":62,"codecOffset":10}}

[90mstdout[2m | apps/validator-daemon/src/canary/__tests__/mesh-byzantine.test.ts[2m > [22m[2mREQ-RMS-017 — Byzantine under-server attributed to R via the SHIPPED canary pipeline[2m > [22m[2mR (overclaim->under-serve) is slashed pinned to its miner_id; honest R2 is never slashed
[22m[39m{"timestamp":"2026-06-22T06:19:18.859Z","level":"INFO","source":"frontend","module":"webrtc/sframe-transform","message":"encrypted frame","context":{"kid":9,"ctr":5,"byteLength":62,"codecOffset":10}}

[90mstdout[2m | apps/validator-daemon/src/canary/__tests__/mesh-byzantine.test.ts[2m > [22m[2mREQ-RMS-017 — Byzantine under-server attributed to R via the SHIPPED canary pipeline[2m > [22m[2mR (overclaim->under-serve) is slashed pinned to its miner_id; honest R2 is never slashed
[22m[39m{"timestamp":"2026-06-22T06:19:18.859Z","level":"INFO","source":"frontend","module":"webrtc/sframe-transform","message":"encrypted frame","context":{"kid":9,"ctr":6,"byteLength":62,"codecOffset":10}}

[90mstdout[2m | apps/validator-daemon/src/canary/__tests__/mesh-byzantine.test.ts[2m > [22m[2mREQ-RMS-017 — Byzantine under-server attributed to R via the SHIPPED canary pipeline[2m > [22m[2mR (overclaim->under-serve) is slashed pinned to its miner_id; honest R2 is never slashed
[22m[39m{"timestamp":"2026-06-22T06:19:18.860Z","level":"INFO","source":"frontend","module":"webrtc/sframe-transform","message":"encrypted frame","context":{"kid":9,"ctr":7,"byteLength":62,"codecOffset":10}}

{"level":30,"time":1782109158860,"pid":29576,"hostname":"Quang","name":"canary/verifier","canaryKid":9,"mediaPackets":8,"byteIdentical":8,"divergences":0,"msg":"canary forwarding verified"}
{"level":30,"time":1782109158860,"pid":29576,"hostname":"Quang","name":"canary/loss-classifier","relayMinerId":"relay-honest-R2","promoted":0,"absorbed":0,"tampers":0,"cumulativeCrossed":false,"msg":"canary divergences classified (drop gate / tamper p=1)"}
{"level":30,"time":1782109158860,"pid":29576,"hostname":"Quang","name":"canary/verify-loop","round":3,"relayMinerId":"relay-honest-R2","roomId":"mesh-room","perReceiver":2,"promoted":0,"absorbed":0,"stunLossBps":"0","msg":"canary verify round classified (hermetic half — synthetic capture, STUN read live)"}
[90mstdout[2m | apps/validator-daemon/src/canary/__tests__/mesh-byzantine.test.ts[2m > [22m[2mREQ-RMS-017 — Byzantine under-server attributed to R via the SHIPPED canary pipeline[2m > [22m[2mR (overclaim->under-serve) is slashed pinned to its miner_id; honest R2 is never slashed
[22m[39m{"timestamp":"2026-06-22T06:19:18.861Z","level":"INFO","source":"frontend","module":"webrtc/sframe-transform","message":"encrypted frame","context":{"kid":9,"ctr":0,"byteLength":62,"codecOffset":10}}

[90mstdout[2m | apps/validator-daemon/src/canary/__tests__/mesh-byzantine.test.ts[2m > [22m[2mREQ-RMS-017 — Byzantine under-server attributed to R via the SHIPPED canary pipeline[2m > [22m[2mR (overclaim->under-serve) is slashed pinned to its miner_id; honest R2 is never slashed
[22m[39m{"timestamp":"2026-06-22T06:19:18.861Z","level":"INFO","source":"frontend","module":"webrtc/sframe-transform","message":"encrypted frame","context":{"kid":9,"ctr":1,"byteLength":62,"codecOffset":10}}

[90mstdout[2m | apps/validator-daemon/src/canary/__tests__/mesh-byzantine.test.ts[2m > [22m[2mREQ-RMS-017 — Byzantine under-server attributed to R via the SHIPPED canary pipeline[2m > [22m[2mR (overclaim->under-serve) is slashed pinned to its miner_id; honest R2 is never slashed
[22m[39m{"timestamp":"2026-06-22T06:19:18.861Z","level":"INFO","source":"frontend","module":"webrtc/sframe-transform","message":"encrypted frame","context":{"kid":9,"ctr":2,"byteLength":62,"codecOffset":10}}

[90mstdout[2m | apps/validator-daemon/src/canary/__tests__/mesh-byzantine.test.ts[2m > [22m[2mREQ-RMS-017 — Byzantine under-server attributed to R via the SHIPPED canary pipeline[2m > [22m[2mR (overclaim->under-serve) is slashed pinned to its miner_id; honest R2 is never slashed
[22m[39m{"timestamp":"2026-06-22T06:19:18.862Z","level":"INFO","source":"frontend","module":"webrtc/sframe-transform","message":"encrypted frame","context":{"kid":9,"ctr":3,"byteLength":62,"codecOffset":10}}

[90mstdout[2m | apps/validator-daemon/src/canary/__tests__/mesh-byzantine.test.ts[2m > [22m[2mREQ-RMS-017 — Byzantine under-server attributed to R via the SHIPPED canary pipeline[2m > [22m[2mR (overclaim->under-serve) is slashed pinned to its miner_id; honest R2 is never slashed
[22m[39m{"timestamp":"2026-06-22T06:19:18.862Z","level":"INFO","source":"frontend","module":"webrtc/sframe-transform","message":"encrypted frame","context":{"kid":9,"ctr":4,"byteLength":62,"codecOffset":10}}

[90mstdout[2m | apps/validator-daemon/src/canary/__tests__/mesh-byzantine.test.ts[2m > [22m[2mREQ-RMS-017 — Byzantine under-server attributed to R via the SHIPPED canary pipeline[2m > [22m[2mR (overclaim->under-serve) is slashed pinned to its miner_id; honest R2 is never slashed
[22m[39m{"timestamp":"2026-06-22T06:19:18.862Z","level":"INFO","source":"frontend","module":"webrtc/sframe-transform","message":"encrypted frame","context":{"kid":9,"ctr":6,"byteLength":62,"codecOffset":10}}

[90mstdout[2m | apps/validator-daemon/src/canary/__tests__/mesh-byzantine.test.ts[2m > [22m[2mREQ-RMS-017 — Byzantine under-server attributed to R via the SHIPPED canary pipeline[2m > [22m[2mR (overclaim->under-serve) is slashed pinned to its miner_id; honest R2 is never slashed
[22m[39m{"timestamp":"2026-06-22T06:19:18.862Z","level":"INFO","source":"frontend","module":"webrtc/sframe-transform","message":"encrypted frame","context":{"kid":9,"ctr":7,"byteLength":62,"codecOffset":10}}

[90mstdout[2m | apps/validator-daemon/src/canary/__tests__/mesh-byzantine.test.ts[2m > [22m[2mREQ-RMS-017 — Byzantine under-server attributed to R via the SHIPPED canary pipeline[2m > [22m[2mR (overclaim->under-serve) is slashed pinned to its miner_id; honest R2 is never slashed
[22m[39m{"timestamp":"2026-06-22T06:19:18.863Z","level":"INFO","source":"frontend","module":"webrtc/sframe-transform","message":"encrypted frame","context":{"kid":9,"ctr":0,"byteLength":62,"codecOffset":10}}

[90mstdout[2m | apps/validator-daemon/src/canary/__tests__/mesh-byzantine.test.ts[2m > [22m[2mREQ-RMS-017 — Byzantine under-server attributed to R via the SHIPPED canary pipeline[2m > [22m[2mR (overclaim->under-serve) is slashed pinned to its miner_id; honest R2 is never slashed
[22m[39m{"timestamp":"2026-06-22T06:19:18.863Z","level":"INFO","source":"frontend","module":"webrtc/sframe-transform","message":"encrypted frame","context":{"kid":9,"ctr":1,"byteLength":62,"codecOffset":10}}

[90mstdout[2m | apps/validator-daemon/src/canary/__tests__/mesh-byzantine.test.ts[2m > [22m[2mREQ-RMS-017 — Byzantine under-server attributed to R via the SHIPPED canary pipeline[2m > [22m[2mR (overclaim->under-serve) is slashed pinned to its miner_id; honest R2 is never slashed
[22m[39m{"timestamp":"2026-06-22T06:19:18.863Z","level":"INFO","source":"frontend","module":"webrtc/sframe-transform","message":"encrypted frame","context":{"kid":9,"ctr":2,"byteLength":62,"codecOffset":10}}

[90mstdout[2m | apps/validator-daemon/src/canary/__tests__/mesh-byzantine.test.ts[2m > [22m[2mREQ-RMS-017 — Byzantine under-server attributed to R via the SHIPPED canary pipeline[2m > [22m[2mR (overclaim->under-serve) is slashed pinned to its miner_id; honest R2 is never slashed
[22m[39m{"timestamp":"2026-06-22T06:19:18.864Z","level":"INFO","source":"frontend","module":"webrtc/sframe-transform","message":"encrypted frame","context":{"kid":9,"ctr":3,"byteLength":62,"codecOffset":10}}

[90mstdout[2m | apps/validator-daemon/src/canary/__tests__/mesh-byzantine.test.ts[2m > [22m[2mREQ-RMS-017 — Byzantine under-server attributed to R via the SHIPPED canary pipeline[2m > [22m[2mR (overclaim->under-serve) is slashed pinned to its miner_id; honest R2 is never slashed
[22m[39m{"timestamp":"2026-06-22T06:19:18.864Z","level":"INFO","source":"frontend","module":"webrtc/sframe-transform","message":"encrypted frame","context":{"kid":9,"ctr":4,"byteLength":62,"codecOffset":10}}

[90mstdout[2m | apps/validator-daemon/src/canary/__tests__/mesh-byzantine.test.ts[2m > [22m[2mREQ-RMS-017 — Byzantine under-server attributed to R via the SHIPPED canary pipeline[2m > [22m[2mR (overclaim->under-serve) is slashed pinned to its miner_id; honest R2 is never slashed
[22m[39m{"timestamp":"2026-06-22T06:19:18.865Z","level":"INFO","source":"frontend","module":"webrtc/sframe-transform","message":"encrypted frame","context":{"kid":9,"ctr":5,"byteLength":62,"codecOffset":10}}

[90mstdout[2m | apps/validator-daemon/src/canary/__tests__/mesh-byzantine.test.ts[2m > [22m[2mREQ-RMS-017 — Byzantine under-server attributed to R via the SHIPPED canary pipeline[2m > [22m[2mR (overclaim->under-serve) is slashed pinned to its miner_id; honest R2 is never slashed
[22m[39m{"timestamp":"2026-06-22T06:19:18.865Z","level":"INFO","source":"frontend","module":"webrtc/sframe-transform","message":"encrypted frame","context":{"kid":9,"ctr":6,"byteLength":62,"codecOffset":10}}

[90mstdout[2m | apps/validator-daemon/src/canary/__tests__/mesh-byzantine.test.ts[2m > [22m[2mREQ-RMS-017 — Byzantine under-server attributed to R via the SHIPPED canary pipeline[2m > [22m[2mR (overclaim->under-serve) is slashed pinned to its miner_id; honest R2 is never slashed
[22m[39m{"timestamp":"2026-06-22T06:19:18.865Z","level":"INFO","source":"frontend","module":"webrtc/sframe-transform","message":"encrypted frame","context":{"kid":9,"ctr":7,"byteLength":62,"codecOffset":10}}

{"level":30,"time":1782109158866,"pid":29576,"hostname":"Quang","name":"canary/verifier","canaryKid":9,"mediaPackets":7,"byteIdentical":7,"divergences":1,"msg":"canary forwarding verified"}
[90mstdout[2m | apps/validator-daemon/src/canary/__tests__/mesh-byzantine.test.ts[2m > [22m[2mREQ-RMS-017 — Byzantine under-server attributed to R via the SHIPPED canary pipeline[2m > [22m[2mR (overclaim->under-serve) is slashed pinned to its miner_id; honest R2 is never slashed
[22m[39m{"timestamp":"2026-06-22T06:19:18.866Z","level":"INFO","source":"frontend","module":"webrtc/sframe-transform","message":"encrypted frame","context":{"kid":9,"ctr":0,"byteLength":62,"codecOffset":10}}

[90mstdout[2m | apps/validator-daemon/src/canary/__tests__/mesh-byzantine.test.ts[2m > [22m[2mREQ-RMS-017 — Byzantine under-server attributed to R via the SHIPPED canary pipeline[2m > [22m[2mR (overclaim->under-serve) is slashed pinned to its miner_id; honest R2 is never slashed
[22m[39m{"timestamp":"2026-06-22T06:19:18.867Z","level":"INFO","source":"frontend","module":"webrtc/sframe-transform","message":"encrypted frame","context":{"kid":9,"ctr":1,"byteLength":62,"codecOffset":10}}

[90mstdout[2m | apps/validator-daemon/src/canary/__tests__/mesh-byzantine.test.ts[2m > [22m[2mREQ-RMS-017 — Byzantine under-server attributed to R via the SHIPPED canary pipeline[2m > [22m[2mR (overclaim->under-serve) is slashed pinned to its miner_id; honest R2 is never slashed
[22m[39m{"timestamp":"2026-06-22T06:19:18.867Z","level":"INFO","source":"frontend","module":"webrtc/sframe-transform","message":"encrypted frame","context":{"kid":9,"ctr":2,"byteLength":62,"codecOffset":10}}

[90mstdout[2m | apps/validator-daemon/src/canary/__tests__/mesh-byzantine.test.ts[2m > [22m[2mREQ-RMS-017 — Byzantine under-server attributed to R via the SHIPPED canary pipeline[2m > [22m[2mR (overclaim->under-serve) is slashed pinned to its miner_id; honest R2 is never slashed
[22m[39m{"timestamp":"2026-06-22T06:19:18.867Z","level":"INFO","source":"frontend","module":"webrtc/sframe-transform","message":"encrypted frame","context":{"kid":9,"ctr":3,"byteLength":62,"codecOffset":10}}

[90mstdout[2m | apps/validator-daemon/src/canary/__tests__/mesh-byzantine.test.ts[2m > [22m[2mREQ-RMS-017 — Byzantine under-server attributed to R via the SHIPPED canary pipeline[2m > [22m[2mR (overclaim->under-serve) is slashed pinned to its miner_id; honest R2 is never slashed
[22m[39m{"timestamp":"2026-06-22T06:19:18.868Z","level":"INFO","source":"frontend","module":"webrtc/sframe-transform","message":"encrypted frame","context":{"kid":9,"ctr":4,"byteLength":62,"codecOffset":10}}

[90mstdout[2m | apps/validator-daemon/src/canary/__tests__/mesh-byzantine.test.ts[2m > [22m[2mREQ-RMS-017 — Byzantine under-server attributed to R via the SHIPPED canary pipeline[2m > [22m[2mR (overclaim->under-serve) is slashed pinned to its miner_id; honest R2 is never slashed
[22m[39m{"timestamp":"2026-06-22T06:19:18.868Z","level":"INFO","source":"frontend","module":"webrtc/sframe-transform","message":"encrypted frame","context":{"kid":9,"ctr":5,"byteLength":62,"codecOffset":10}}

[90mstdout[2m | apps/validator-daemon/src/canary/__tests__/mesh-byzantine.test.ts[2m > [22m[2mREQ-RMS-017 — Byzantine under-server attributed to R via the SHIPPED canary pipeline[2m > [22m[2mR (overclaim->under-serve) is slashed pinned to its miner_id; honest R2 is never slashed
[22m[39m{"timestamp":"2026-06-22T06:19:18.869Z","level":"INFO","source":"frontend","module":"webrtc/sframe-transform","message":"encrypted frame","context":{"kid":9,"ctr":6,"byteLength":62,"codecOffset":10}}

[90mstdout[2m | apps/validator-daemon/src/canary/__tests__/mesh-byzantine.test.ts[2m > [22m[2mREQ-RMS-017 — Byzantine under-server attributed to R via the SHIPPED canary pipeline[2m > [22m[2mR (overclaim->under-serve) is slashed pinned to its miner_id; honest R2 is never slashed
[22m[39m{"timestamp":"2026-06-22T06:19:18.869Z","level":"INFO","source":"frontend","module":"webrtc/sframe-transform","message":"encrypted frame","context":{"kid":9,"ctr":7,"byteLength":62,"codecOffset":10}}

{"level":30,"time":1782109158869,"pid":29576,"hostname":"Quang","name":"canary/verifier","canaryKid":9,"mediaPackets":7,"byteIdentical":7,"divergences":1,"msg":"canary forwarding verified"}
{"level":30,"time":1782109158869,"pid":29576,"hostname":"Quang","name":"canary/loss-classifier","relayMinerId":"relay-byzantine-R","promoted":0,"absorbed":1,"tampers":0,"cumulativeCrossed":false,"msg":"canary divergences classified (drop gate / tamper p=1)"}
{"level":30,"time":1782109158869,"pid":29576,"hostname":"Quang","name":"canary/verify-loop","round":3,"relayMinerId":"relay-byzantine-R","roomId":"mesh-room","perReceiver":2,"promoted":0,"absorbed":1,"stunLossBps":"0","msg":"canary verify round classified (hermetic half — synthetic capture, STUN read live)"}
[90mstdout[2m | apps/validator-daemon/src/canary/__tests__/mesh-byzantine.test.ts[2m > [22m[2mREQ-RMS-017 — Byzantine under-server attributed to R via the SHIPPED canary pipeline[2m > [22m[2mR (overclaim->under-serve) is slashed pinned to its miner_id; honest R2 is never slashed
[22m[39m{"timestamp":"2026-06-22T06:19:18.870Z","level":"INFO","source":"frontend","module":"webrtc/sframe-transform","message":"encrypted frame","context":{"kid":9,"ctr":0,"byteLength":62,"codecOffset":10}}

[90mstdout[2m | apps/validator-daemon/src/canary/__tests__/mesh-byzantine.test.ts[2m > [22m[2mREQ-RMS-017 — Byzantine under-server attributed to R via the SHIPPED canary pipeline[2m > [22m[2mR (overclaim->under-serve) is slashed pinned to its miner_id; honest R2 is never slashed
[22m[39m{"timestamp":"2026-06-22T06:19:18.871Z","level":"INFO","source":"frontend","module":"webrtc/sframe-transform","message":"encrypted frame","context":{"kid":9,"ctr":1,"byteLength":62,"codecOffset":10}}

[90mstdout[2m | apps/validator-daemon/src/canary/__tests__/mesh-byzantine.test.ts[2m > [22m[2mREQ-RMS-017 — Byzantine under-server attributed to R via the SHIPPED canary pipeline[2m > [22m[2mR (overclaim->under-serve) is slashed pinned to its miner_id; honest R2 is never slashed
[22m[39m{"timestamp":"2026-06-22T06:19:18.871Z","level":"INFO","source":"frontend","module":"webrtc/sframe-transform","message":"encrypted frame","context":{"kid":9,"ctr":2,"byteLength":62,"codecOffset":10}}

[90mstdout[2m | apps/validator-daemon/src/canary/__tests__/mesh-byzantine.test.ts[2m > [22m[2mREQ-RMS-017 — Byzantine under-server attributed to R via the SHIPPED canary pipeline[2m > [22m[2mR (overclaim->under-serve) is slashed pinned to its miner_id; honest R2 is never slashed
[22m[39m{"timestamp":"2026-06-22T06:19:18.872Z","level":"INFO","source":"frontend","module":"webrtc/sframe-transform","message":"encrypted frame","context":{"kid":9,"ctr":3,"byteLength":62,"codecOffset":10}}

[90mstdout[2m | apps/validator-daemon/src/canary/__tests__/mesh-byzantine.test.ts[2m > [22m[2mREQ-RMS-017 — Byzantine under-server attributed to R via the SHIPPED canary pipeline[2m > [22m[2mR (overclaim->under-serve) is slashed pinned to its miner_id; honest R2 is never slashed
[22m[39m{"timestamp":"2026-06-22T06:19:18.873Z","level":"INFO","source":"frontend","module":"webrtc/sframe-transform","message":"encrypted frame","context":{"kid":9,"ctr":4,"byteLength":62,"codecOffset":10}}

[90mstdout[2m | apps/validator-daemon/src/canary/__tests__/mesh-byzantine.test.ts[2m > [22m[2mREQ-RMS-017 — Byzantine under-server attributed to R via the SHIPPED canary pipeline[2m > [22m[2mR (overclaim->under-serve) is slashed pinned to its miner_id; honest R2 is never slashed
[22m[39m{"timestamp":"2026-06-22T06:19:18.874Z","level":"INFO","source":"frontend","module":"webrtc/sframe-transform","message":"encrypted frame","context":{"kid":9,"ctr":5,"byteLength":62,"codecOffset":10}}

[90mstdout[2m | apps/validator-daemon/src/canary/__tests__/mesh-byzantine.test.ts[2m > [22m[2mREQ-RMS-017 — Byzantine under-server attributed to R via the SHIPPED canary pipeline[2m > [22m[2mR (overclaim->under-serve) is slashed pinned to its miner_id; honest R2 is never slashed
[22m[39m{"timestamp":"2026-06-22T06:19:18.875Z","level":"INFO","source":"frontend","module":"webrtc/sframe-transform","message":"encrypted frame","context":{"kid":9,"ctr":6,"byteLength":62,"codecOffset":10}}

[90mstdout[2m | apps/validator-daemon/src/canary/__tests__/mesh-byzantine.test.ts[2m > [22m[2mREQ-RMS-017 — Byzantine under-server attributed to R via the SHIPPED canary pipeline[2m > [22m[2mR (overclaim->under-serve) is slashed pinned to its miner_id; honest R2 is never slashed
[22m[39m{"timestamp":"2026-06-22T06:19:18.875Z","level":"INFO","source":"frontend","module":"webrtc/sframe-transform","message":"encrypted frame","context":{"kid":9,"ctr":7,"byteLength":62,"codecOffset":10}}

[90mstdout[2m | apps/validator-daemon/src/canary/__tests__/mesh-byzantine.test.ts[2m > [22m[2mREQ-RMS-017 — Byzantine under-server attributed to R via the SHIPPED canary pipeline[2m > [22m[2mR (overclaim->under-serve) is slashed pinned to its miner_id; honest R2 is never slashed
[22m[39m{"timestamp":"2026-06-22T06:19:18.876Z","level":"INFO","source":"frontend","module":"webrtc/sframe-transform","message":"encrypted frame","context":{"kid":9,"ctr":0,"byteLength":62,"codecOffset":10}}

[90mstdout[2m | apps/validator-daemon/src/canary/__tests__/mesh-byzantine.test.ts[2m > [22m[2mREQ-RMS-017 — Byzantine under-server attributed to R via the SHIPPED canary pipeline[2m > [22m[2mR (overclaim->under-serve) is slashed pinned to its miner_id; honest R2 is never slashed
[22m[39m{"timestamp":"2026-06-22T06:19:18.876Z","level":"INFO","source":"frontend","module":"webrtc/sframe-transform","message":"encrypted frame","context":{"kid":9,"ctr":1,"byteLength":62,"codecOffset":10}}

[90mstdout[2m | apps/validator-daemon/src/canary/__tests__/mesh-byzantine.test.ts[2m > [22m[2mREQ-RMS-017 — Byzantine under-server attributed to R via the SHIPPED canary pipeline[2m > [22m[2mR (overclaim->under-serve) is slashed pinned to its miner_id; honest R2 is never slashed
[22m[39m{"timestamp":"2026-06-22T06:19:18.877Z","level":"INFO","source":"frontend","module":"webrtc/sframe-transform","message":"encrypted frame","context":{"kid":9,"ctr":2,"byteLength":62,"codecOffset":10}}

[90mstdout[2m | apps/validator-daemon/src/canary/__tests__/mesh-byzantine.test.ts[2m > [22m[2mREQ-RMS-017 — Byzantine under-server attributed to R via the SHIPPED canary pipeline[2m > [22m[2mR (overclaim->under-serve) is slashed pinned to its miner_id; honest R2 is never slashed
[22m[39m{"timestamp":"2026-06-22T06:19:18.877Z","level":"INFO","source":"frontend","module":"webrtc/sframe-transform","message":"encrypted frame","context":{"kid":9,"ctr":3,"byteLength":62,"codecOffset":10}}

[90mstdout[2m | apps/validator-daemon/src/canary/__tests__/mesh-byzantine.test.ts[2m > [22m[2mREQ-RMS-017 — Byzantine under-server attributed to R via the SHIPPED canary pipeline[2m > [22m[2mR (overclaim->under-serve) is slashed pinned to its miner_id; honest R2 is never slashed
[22m[39m{"timestamp":"2026-06-22T06:19:18.878Z","level":"INFO","source":"frontend","module":"webrtc/sframe-transform","message":"encrypted frame","context":{"kid":9,"ctr":4,"byteLength":62,"codecOffset":10}}

[90mstdout[2m | apps/validator-daemon/src/canary/__tests__/mesh-byzantine.test.ts[2m > [22m[2mREQ-RMS-017 — Byzantine under-server attributed to R via the SHIPPED canary pipeline[2m > [22m[2mR (overclaim->under-serve) is slashed pinned to its miner_id; honest R2 is never slashed
[22m[39m{"timestamp":"2026-06-22T06:19:18.878Z","level":"INFO","source":"frontend","module":"webrtc/sframe-transform","message":"encrypted frame","context":{"kid":9,"ctr":5,"byteLength":62,"codecOffset":10}}

[90mstdout[2m | apps/validator-daemon/src/canary/__tests__/mesh-byzantine.test.ts[2m > [22m[2mREQ-RMS-017 — Byzantine under-server attributed to R via the SHIPPED canary pipeline[2m > [22m[2mR (overclaim->under-serve) is slashed pinned to its miner_id; honest R2 is never slashed
[22m[39m{"timestamp":"2026-06-22T06:19:18.879Z","level":"INFO","source":"frontend","module":"webrtc/sframe-transform","message":"encrypted frame","context":{"kid":9,"ctr":6,"byteLength":62,"codecOffset":10}}

[90mstdout[2m | apps/validator-daemon/src/canary/__tests__/mesh-byzantine.test.ts[2m > [22m[2mREQ-RMS-017 — Byzantine under-server attributed to R via the SHIPPED canary pipeline[2m > [22m[2mR (overclaim->under-serve) is slashed pinned to its miner_id; honest R2 is never slashed
[22m[39m{"timestamp":"2026-06-22T06:19:18.879Z","level":"INFO","source":"frontend","module":"webrtc/sframe-transform","message":"encrypted frame","context":{"kid":9,"ctr":7,"byteLength":62,"codecOffset":10}}

{"level":30,"time":1782109158879,"pid":29576,"hostname":"Quang","name":"canary/verifier","canaryKid":9,"mediaPackets":8,"byteIdentical":8,"divergences":0,"msg":"canary forwarding verified"}
[90mstdout[2m | apps/validator-daemon/src/canary/__tests__/mesh-byzantine.test.ts[2m > [22m[2mREQ-RMS-017 — Byzantine under-server attributed to R via the SHIPPED canary pipeline[2m > [22m[2mR (overclaim->under-serve) is slashed pinned to its miner_id; honest R2 is never slashed
[22m[39m{"timestamp":"2026-06-22T06:19:18.879Z","level":"INFO","source":"frontend","module":"webrtc/sframe-transform","message":"encrypted frame","context":{"kid":9,"ctr":0,"byteLength":62,"codecOffset":10}}

[90mstdout[2m | apps/validator-daemon/src/canary/__tests__/mesh-byzantine.test.ts[2m > [22m[2mREQ-RMS-017 — Byzantine under-server attributed to R via the SHIPPED canary pipeline[2m > [22m[2mR (overclaim->under-serve) is slashed pinned to its miner_id; honest R2 is never slashed
[22m[39m{"timestamp":"2026-06-22T06:19:18.880Z","level":"INFO","source":"frontend","module":"webrtc/sframe-transform","message":"encrypted frame","context":{"kid":9,"ctr":1,"byteLength":62,"codecOffset":10}}

[90mstdout[2m | apps/validator-daemon/src/canary/__tests__/mesh-byzantine.test.ts[2m > [22m[2mREQ-RMS-017 — Byzantine under-server attributed to R via the SHIPPED canary pipeline[2m > [22m[2mR (overclaim->under-serve) is slashed pinned to its miner_id; honest R2 is never slashed
[22m[39m{"timestamp":"2026-06-22T06:19:18.880Z","level":"INFO","source":"frontend","module":"webrtc/sframe-transform","message":"encrypted frame","context":{"kid":9,"ctr":2,"byteLength":62,"codecOffset":10}}

[90mstdout[2m | apps/validator-daemon/src/canary/__tests__/mesh-byzantine.test.ts[2m > [22m[2mREQ-RMS-017 — Byzantine under-server attributed to R via the SHIPPED canary pipeline[2m > [22m[2mR (overclaim->under-serve) is slashed pinned to its miner_id; honest R2 is never slashed
[22m[39m{"timestamp":"2026-06-22T06:19:18.881Z","level":"INFO","source":"frontend","module":"webrtc/sframe-transform","message":"encrypted frame","context":{"kid":9,"ctr":3,"byteLength":62,"codecOffset":10}}

[90mstdout[2m | apps/validator-daemon/src/canary/__tests__/mesh-byzantine.test.ts[2m > [22m[2mREQ-RMS-017 — Byzantine under-server attributed to R via the SHIPPED canary pipeline[2m > [22m[2mR (overclaim->under-serve) is slashed pinned to its miner_id; honest R2 is never slashed
[22m[39m{"timestamp":"2026-06-22T06:19:18.881Z","level":"INFO","source":"frontend","module":"webrtc/sframe-transform","message":"encrypted frame","context":{"kid":9,"ctr":4,"byteLength":62,"codecOffset":10}}

[90mstdout[2m | apps/validator-daemon/src/canary/__tests__/mesh-byzantine.test.ts[2m > [22m[2mREQ-RMS-017 — Byzantine under-server attributed to R via the SHIPPED canary pipeline[2m > [22m[2mR (overclaim->under-serve) is slashed pinned to its miner_id; honest R2 is never slashed
[22m[39m{"timestamp":"2026-06-22T06:19:18.881Z","level":"INFO","source":"frontend","module":"webrtc/sframe-transform","message":"encrypted frame","context":{"kid":9,"ctr":5,"byteLength":62,"codecOffset":10}}

[90mstdout[2m | apps/validator-daemon/src/canary/__tests__/mesh-byzantine.test.ts[2m > [22m[2mREQ-RMS-017 — Byzantine under-server attributed to R via the SHIPPED canary pipeline[2m > [22m[2mR (overclaim->under-serve) is slashed pinned to its miner_id; honest R2 is never slashed
[22m[39m{"timestamp":"2026-06-22T06:19:18.882Z","level":"INFO","source":"frontend","module":"webrtc/sframe-transform","message":"encrypted frame","context":{"kid":9,"ctr":6,"byteLength":62,"codecOffset":10}}

[90mstdout[2m | apps/validator-daemon/src/canary/__tests__/mesh-byzantine.test.ts[2m > [22m[2mREQ-RMS-017 — Byzantine under-server attributed to R via the SHIPPED canary pipeline[2m > [22m[2mR (overclaim->under-serve) is slashed pinned to its miner_id; honest R2 is never slashed
[22m[39m{"timestamp":"2026-06-22T06:19:18.882Z","level":"INFO","source":"frontend","module":"webrtc/sframe-transform","message":"encrypted frame","context":{"kid":9,"ctr":7,"byteLength":62,"codecOffset":10}}

{"level":30,"time":1782109158882,"pid":29576,"hostname":"Quang","name":"canary/verifier","canaryKid":9,"mediaPackets":8,"byteIdentical":8,"divergences":0,"msg":"canary forwarding verified"}
{"level":30,"time":1782109158882,"pid":29576,"hostname":"Quang","name":"canary/loss-classifier","relayMinerId":"relay-honest-R2","promoted":0,"absorbed":0,"tampers":0,"cumulativeCrossed":false,"msg":"canary divergences classified (drop gate / tamper p=1)"}
{"level":30,"time":1782109158882,"pid":29576,"hostname":"Quang","name":"canary/verify-loop","round":3,"relayMinerId":"relay-honest-R2","roomId":"mesh-room","perReceiver":2,"promoted":0,"absorbed":0,"stunLossBps":"0","msg":"canary verify round classified (hermetic half — synthetic capture, STUN read live)"}
[90mstdout[2m | apps/validator-daemon/src/canary/__tests__/mesh-byzantine.test.ts[2m > [22m[2mREQ-RMS-017 — Byzantine under-server attributed to R via the SHIPPED canary pipeline[2m > [22m[2mR (overclaim->under-serve) is slashed pinned to its miner_id; honest R2 is never slashed
[22m[39m{"timestamp":"2026-06-22T06:19:18.883Z","level":"INFO","source":"frontend","module":"webrtc/sframe-transform","message":"encrypted frame","context":{"kid":9,"ctr":0,"byteLength":62,"codecOffset":10}}

[90mstdout[2m | apps/validator-daemon/src/canary/__tests__/mesh-byzantine.test.ts[2m > [22m[2mREQ-RMS-017 — Byzantine under-server attributed to R via the SHIPPED canary pipeline[2m > [22m[2mR (overclaim->under-serve) is slashed pinned to its miner_id; honest R2 is never slashed
[22m[39m{"timestamp":"2026-06-22T06:19:18.883Z","level":"INFO","source":"frontend","module":"webrtc/sframe-transform","message":"encrypted frame","context":{"kid":9,"ctr":1,"byteLength":62,"codecOffset":10}}

[90mstdout[2m | apps/validator-daemon/src/canary/__tests__/mesh-byzantine.test.ts[2m > [22m[2mREQ-RMS-017 — Byzantine under-server attributed to R via the SHIPPED canary pipeline[2m > [22m[2mR (overclaim->under-serve) is slashed pinned to its miner_id; honest R2 is never slashed
[22m[39m{"timestamp":"2026-06-22T06:19:18.884Z","level":"INFO","source":"frontend","module":"webrtc/sframe-transform","message":"encrypted frame","context":{"kid":9,"ctr":2,"byteLength":62,"codecOffset":10}}

[90mstdout[2m | apps/validator-daemon/src/canary/__tests__/mesh-byzantine.test.ts[2m > [22m[2mREQ-RMS-017 — Byzantine under-server attributed to R via the SHIPPED canary pipeline[2m > [22m[2mR (overclaim->under-serve) is slashed pinned to its miner_id; honest R2 is never slashed
[22m[39m{"timestamp":"2026-06-22T06:19:18.884Z","level":"INFO","source":"frontend","module":"webrtc/sframe-transform","message":"encrypted frame","context":{"kid":9,"ctr":3,"byteLength":62,"codecOffset":10}}

[90mstdout[2m | apps/validator-daemon/src/canary/__tests__/mesh-byzantine.test.ts[2m > [22m[2mREQ-RMS-017 — Byzantine under-server attributed to R via the SHIPPED canary pipeline[2m > [22m[2mR (overclaim->under-serve) is slashed pinned to its miner_id; honest R2 is never slashed
[22m[39m{"timestamp":"2026-06-22T06:19:18.885Z","level":"INFO","source":"frontend","module":"webrtc/sframe-transform","message":"encrypted frame","context":{"kid":9,"ctr":4,"byteLength":62,"codecOffset":10}}

[90mstdout[2m | apps/validator-daemon/src/canary/__tests__/mesh-byzantine.test.ts[2m > [22m[2mREQ-RMS-017 — Byzantine under-server attributed to R via the SHIPPED canary pipeline[2m > [22m[2mR (overclaim->under-serve) is slashed pinned to its miner_id; honest R2 is never slashed
[22m[39m{"timestamp":"2026-06-22T06:19:18.885Z","level":"INFO","source":"frontend","module":"webrtc/sframe-transform","message":"encrypted frame","context":{"kid":9,"ctr":6,"byteLength":62,"codecOffset":10}}

[90mstdout[2m | apps/validator-daemon/src/canary/__tests__/mesh-byzantine.test.ts[2m > [22m[2mREQ-RMS-017 — Byzantine under-server attributed to R via the SHIPPED canary pipeline[2m > [22m[2mR (overclaim->under-serve) is slashed pinned to its miner_id; honest R2 is never slashed
[22m[39m{"timestamp":"2026-06-22T06:19:18.885Z","level":"INFO","source":"frontend","module":"webrtc/sframe-transform","message":"encrypted frame","context":{"kid":9,"ctr":7,"byteLength":62,"codecOffset":10}}

[90mstdout[2m | apps/validator-daemon/src/canary/__tests__/mesh-byzantine.test.ts[2m > [22m[2mREQ-RMS-017 — Byzantine under-server attributed to R via the SHIPPED canary pipeline[2m > [22m[2mR (overclaim->under-serve) is slashed pinned to its miner_id; honest R2 is never slashed
[22m[39m{"timestamp":"2026-06-22T06:19:18.886Z","level":"INFO","source":"frontend","module":"webrtc/sframe-transform","message":"encrypted frame","context":{"kid":9,"ctr":0,"byteLength":62,"codecOffset":10}}

[90mstdout[2m | apps/validator-daemon/src/canary/__tests__/mesh-byzantine.test.ts[2m > [22m[2mREQ-RMS-017 — Byzantine under-server attributed to R via the SHIPPED canary pipeline[2m > [22m[2mR (overclaim->under-serve) is slashed pinned to its miner_id; honest R2 is never slashed
[22m[39m{"timestamp":"2026-06-22T06:19:18.886Z","level":"INFO","source":"frontend","module":"webrtc/sframe-transform","message":"encrypted frame","context":{"kid":9,"ctr":1,"byteLength":62,"codecOffset":10}}

[90mstdout[2m | apps/validator-daemon/src/canary/__tests__/mesh-byzantine.test.ts[2m > [22m[2mREQ-RMS-017 — Byzantine under-server attributed to R via the SHIPPED canary pipeline[2m > [22m[2mR (overclaim->under-serve) is slashed pinned to its miner_id; honest R2 is never slashed
[22m[39m{"timestamp":"2026-06-22T06:19:18.886Z","level":"INFO","source":"frontend","module":"webrtc/sframe-transform","message":"encrypted frame","context":{"kid":9,"ctr":2,"byteLength":62,"codecOffset":10}}

[90mstdout[2m | apps/validator-daemon/src/canary/__tests__/mesh-byzantine.test.ts[2m > [22m[2mREQ-RMS-017 — Byzantine under-server attributed to R via the SHIPPED canary pipeline[2m > [22m[2mR (overclaim->under-serve) is slashed pinned to its miner_id; honest R2 is never slashed
[22m[39m{"timestamp":"2026-06-22T06:19:18.887Z","level":"INFO","source":"frontend","module":"webrtc/sframe-transform","message":"encrypted frame","context":{"kid":9,"ctr":3,"byteLength":62,"codecOffset":10}}

[90mstdout[2m | apps/validator-daemon/src/canary/__tests__/mesh-byzantine.test.ts[2m > [22m[2mREQ-RMS-017 — Byzantine under-server attributed to R via the SHIPPED canary pipeline[2m > [22m[2mR (overclaim->under-serve) is slashed pinned to its miner_id; honest R2 is never slashed
[22m[39m{"timestamp":"2026-06-22T06:19:18.887Z","level":"INFO","source":"frontend","module":"webrtc/sframe-transform","message":"encrypted frame","context":{"kid":9,"ctr":4,"byteLength":62,"codecOffset":10}}

[90mstdout[2m | apps/validator-daemon/src/canary/__tests__/mesh-byzantine.test.ts[2m > [22m[2mREQ-RMS-017 — Byzantine under-server attributed to R via the SHIPPED canary pipeline[2m > [22m[2mR (overclaim->under-serve) is slashed pinned to its miner_id; honest R2 is never slashed
[22m[39m{"timestamp":"2026-06-22T06:19:18.888Z","level":"INFO","source":"frontend","module":"webrtc/sframe-transform","message":"encrypted frame","context":{"kid":9,"ctr":5,"byteLength":62,"codecOffset":10}}

[90mstdout[2m | apps/validator-daemon/src/canary/__tests__/mesh-byzantine.test.ts[2m > [22m[2mREQ-RMS-017 — Byzantine under-server attributed to R via the SHIPPED canary pipeline[2m > [22m[2mR (overclaim->under-serve) is slashed pinned to its miner_id; honest R2 is never slashed
[22m[39m{"timestamp":"2026-06-22T06:19:18.888Z","level":"INFO","source":"frontend","module":"webrtc/sframe-transform","message":"encrypted frame","context":{"kid":9,"ctr":6,"byteLength":62,"codecOffset":10}}

[90mstdout[2m | apps/validator-daemon/src/canary/__tests__/mesh-byzantine.test.ts[2m > [22m[2mREQ-RMS-017 — Byzantine under-server attributed to R via the SHIPPED canary pipeline[2m > [22m[2mR (overclaim->under-serve) is slashed pinned to its miner_id; honest R2 is never slashed
[22m[39m{"timestamp":"2026-06-22T06:19:18.889Z","level":"INFO","source":"frontend","module":"webrtc/sframe-transform","message":"encrypted frame","context":{"kid":9,"ctr":7,"byteLength":62,"codecOffset":10}}

{"level":30,"time":1782109158889,"pid":29576,"hostname":"Quang","name":"canary/verifier","canaryKid":9,"mediaPackets":7,"byteIdentical":7,"divergences":1,"msg":"canary forwarding verified"}
[90mstdout[2m | apps/validator-daemon/src/canary/__tests__/mesh-byzantine.test.ts[2m > [22m[2mREQ-RMS-017 — Byzantine under-server attributed to R via the SHIPPED canary pipeline[2m > [22m[2mR (overclaim->under-serve) is slashed pinned to its miner_id; honest R2 is never slashed
[22m[39m{"timestamp":"2026-06-22T06:19:18.889Z","level":"INFO","source":"frontend","module":"webrtc/sframe-transform","message":"encrypted frame","context":{"kid":9,"ctr":0,"byteLength":62,"codecOffset":10}}

[90mstdout[2m | apps/validator-daemon/src/canary/__tests__/mesh-byzantine.test.ts[2m > [22m[2mREQ-RMS-017 — Byzantine under-server attributed to R via the SHIPPED canary pipeline[2m > [22m[2mR (overclaim->under-serve) is slashed pinned to its miner_id; honest R2 is never slashed
[22m[39m{"timestamp":"2026-06-22T06:19:18.890Z","level":"INFO","source":"frontend","module":"webrtc/sframe-transform","message":"encrypted frame","context":{"kid":9,"ctr":1,"byteLength":62,"codecOffset":10}}

[90mstdout[2m | apps/validator-daemon/src/canary/__tests__/mesh-byzantine.test.ts[2m > [22m[2mREQ-RMS-017 — Byzantine under-server attributed to R via the SHIPPED canary pipeline[2m > [22m[2mR (overclaim->under-serve) is slashed pinned to its miner_id; honest R2 is never slashed
[22m[39m{"timestamp":"2026-06-22T06:19:18.890Z","level":"INFO","source":"frontend","module":"webrtc/sframe-transform","message":"encrypted frame","context":{"kid":9,"ctr":2,"byteLength":62,"codecOffset":10}}

[90mstdout[2m | apps/validator-daemon/src/canary/__tests__/mesh-byzantine.test.ts[2m > [22m[2mREQ-RMS-017 — Byzantine under-server attributed to R via the SHIPPED canary pipeline[2m > [22m[2mR (overclaim->under-serve) is slashed pinned to its miner_id; honest R2 is never slashed
[22m[39m{"timestamp":"2026-06-22T06:19:18.891Z","level":"INFO","source":"frontend","module":"webrtc/sframe-transform","message":"encrypted frame","context":{"kid":9,"ctr":3,"byteLength":62,"codecOffset":10}}

[90mstdout[2m | apps/validator-daemon/src/canary/__tests__/mesh-byzantine.test.ts[2m > [22m[2mREQ-RMS-017 — Byzantine under-server attributed to R via the SHIPPED canary pipeline[2m > [22m[2mR (overclaim->under-serve) is slashed pinned to its miner_id; honest R2 is never slashed
[22m[39m{"timestamp":"2026-06-22T06:19:18.891Z","level":"INFO","source":"frontend","module":"webrtc/sframe-transform","message":"encrypted frame","context":{"kid":9,"ctr":4,"byteLength":62,"codecOffset":10}}

[90mstdout[2m | apps/validator-daemon/src/canary/__tests__/mesh-byzantine.test.ts[2m > [22m[2mREQ-RMS-017 — Byzantine under-server attributed to R via the SHIPPED canary pipeline[2m > [22m[2mR (overclaim->under-serve) is slashed pinned to its miner_id; honest R2 is never slashed
[22m[39m{"timestamp":"2026-06-22T06:19:18.892Z","level":"INFO","source":"frontend","module":"webrtc/sframe-transform","message":"encrypted frame","context":{"kid":9,"ctr":5,"byteLength":62,"codecOffset":10}}

[90mstdout[2m | apps/validator-daemon/src/canary/__tests__/mesh-byzantine.test.ts[2m > [22m[2mREQ-RMS-017 — Byzantine under-server attributed to R via the SHIPPED canary pipeline[2m > [22m[2mR (overclaim->under-serve) is slashed pinned to its miner_id; honest R2 is never slashed
[22m[39m{"timestamp":"2026-06-22T06:19:18.892Z","level":"INFO","source":"frontend","module":"webrtc/sframe-transform","message":"encrypted frame","context":{"kid":9,"ctr":6,"byteLength":62,"codecOffset":10}}

[90mstdout[2m | apps/validator-daemon/src/canary/__tests__/mesh-byzantine.test.ts[2m > [22m[2mREQ-RMS-017 — Byzantine under-server attributed to R via the SHIPPED canary pipeline[2m > [22m[2mR (overclaim->under-serve) is slashed pinned to its miner_id; honest R2 is never slashed
[22m[39m{"timestamp":"2026-06-22T06:19:18.893Z","level":"INFO","source":"frontend","module":"webrtc/sframe-transform","message":"encrypted frame","context":{"kid":9,"ctr":7,"byteLength":62,"codecOffset":10}}

{"level":30,"time":1782109158893,"pid":29576,"hostname":"Quang","name":"canary/verifier","canaryKid":9,"mediaPackets":7,"byteIdentical":7,"divergences":1,"msg":"canary forwarding verified"}
{"level":30,"time":1782109158893,"pid":29576,"hostname":"Quang","name":"canary/loss-classifier","relayMinerId":"relay-byzantine-R","promoted":1,"absorbed":0,"tampers":0,"cumulativeCrossed":true,"msg":"canary divergences classified (drop gate / tamper p=1)"}
{"level":30,"time":1782109158896,"pid":29576,"hostname":"Quang","name":"canary/verify-loop","round":4,"relayMinerId":"relay-byzantine-R","roomId":"mesh-room","perReceiver":2,"promoted":1,"absorbed":0,"stunLossBps":"0","msg":"canary verify round classified (hermetic half — synthetic capture, STUN read live)"}
[90mstdout[2m | apps/validator-daemon/src/canary/__tests__/mesh-byzantine.test.ts[2m > [22m[2mREQ-RMS-017 — Byzantine under-server attributed to R via the SHIPPED canary pipeline[2m > [22m[2mR (overclaim->under-serve) is slashed pinned to its miner_id; honest R2 is never slashed
[22m[39m{"timestamp":"2026-06-22T06:19:18.897Z","level":"INFO","source":"frontend","module":"webrtc/sframe-transform","message":"encrypted frame","context":{"kid":9,"ctr":0,"byteLength":62,"codecOffset":10}}

[90mstdout[2m | apps/validator-daemon/src/canary/__tests__/mesh-byzantine.test.ts[2m > [22m[2mREQ-RMS-017 — Byzantine under-server attributed to R via the SHIPPED canary pipeline[2m > [22m[2mR (overclaim->under-serve) is slashed pinned to its miner_id; honest R2 is never slashed
[22m[39m{"timestamp":"2026-06-22T06:19:18.897Z","level":"INFO","source":"frontend","module":"webrtc/sframe-transform","message":"encrypted frame","context":{"kid":9,"ctr":1,"byteLength":62,"codecOffset":10}}

[90mstdout[2m | apps/validator-daemon/src/canary/__tests__/mesh-byzantine.test.ts[2m > [22m[2mREQ-RMS-017 — Byzantine under-server attributed to R via the SHIPPED canary pipeline[2m > [22m[2mR (overclaim->under-serve) is slashed pinned to its miner_id; honest R2 is never slashed
[22m[39m{"timestamp":"2026-06-22T06:19:18.898Z","level":"INFO","source":"frontend","module":"webrtc/sframe-transform","message":"encrypted frame","context":{"kid":9,"ctr":2,"byteLength":62,"codecOffset":10}}

[90mstdout[2m | apps/validator-daemon/src/canary/__tests__/mesh-byzantine.test.ts[2m > [22m[2mREQ-RMS-017 — Byzantine under-server attributed to R via the SHIPPED canary pipeline[2m > [22m[2mR (overclaim->under-serve) is slashed pinned to its miner_id; honest R2 is never slashed
[22m[39m{"timestamp":"2026-06-22T06:19:18.898Z","level":"INFO","source":"frontend","module":"webrtc/sframe-transform","message":"encrypted frame","context":{"kid":9,"ctr":3,"byteLength":62,"codecOffset":10}}

[90mstdout[2m | apps/validator-daemon/src/canary/__tests__/mesh-byzantine.test.ts[2m > [22m[2mREQ-RMS-017 — Byzantine under-server attributed to R via the SHIPPED canary pipeline[2m > [22m[2mR (overclaim->under-serve) is slashed pinned to its miner_id; honest R2 is never slashed
[22m[39m{"timestamp":"2026-06-22T06:19:18.899Z","level":"INFO","source":"frontend","module":"webrtc/sframe-transform","message":"encrypted frame","context":{"kid":9,"ctr":4,"byteLength":62,"codecOffset":10}}

[90mstdout[2m | apps/validator-daemon/src/canary/__tests__/mesh-byzantine.test.ts[2m > [22m[2mREQ-RMS-017 — Byzantine under-server attributed to R via the SHIPPED canary pipeline[2m > [22m[2mR (overclaim->under-serve) is slashed pinned to its miner_id; honest R2 is never slashed
[22m[39m{"timestamp":"2026-06-22T06:19:18.899Z","level":"INFO","source":"frontend","module":"webrtc/sframe-transform","message":"encrypted frame","context":{"kid":9,"ctr":5,"byteLength":62,"codecOffset":10}}

[90mstdout[2m | apps/validator-daemon/src/canary/__tests__/mesh-byzantine.test.ts[2m > [22m[2mREQ-RMS-017 — Byzantine under-server attributed to R via the SHIPPED canary pipeline[2m > [22m[2mR (overclaim->under-serve) is slashed pinned to its miner_id; honest R2 is never slashed
[22m[39m{"timestamp":"2026-06-22T06:19:18.900Z","level":"INFO","source":"frontend","module":"webrtc/sframe-transform","message":"encrypted frame","context":{"kid":9,"ctr":6,"byteLength":62,"codecOffset":10}}

[90mstdout[2m | apps/validator-daemon/src/canary/__tests__/mesh-byzantine.test.ts[2m > [22m[2mREQ-RMS-017 — Byzantine under-server attributed to R via the SHIPPED canary pipeline[2m > [22m[2mR (overclaim->under-serve) is slashed pinned to its miner_id; honest R2 is never slashed
[22m[39m{"timestamp":"2026-06-22T06:19:18.900Z","level":"INFO","source":"frontend","module":"webrtc/sframe-transform","message":"encrypted frame","context":{"kid":9,"ctr":7,"byteLength":62,"codecOffset":10}}

[90mstdout[2m | apps/validator-daemon/src/canary/__tests__/mesh-byzantine.test.ts[2m > [22m[2mREQ-RMS-017 — Byzantine under-server attributed to R via the SHIPPED canary pipeline[2m > [22m[2mR (overclaim->under-serve) is slashed pinned to its miner_id; honest R2 is never slashed
[22m[39m{"timestamp":"2026-06-22T06:19:18.900Z","level":"INFO","source":"frontend","module":"webrtc/sframe-transform","message":"encrypted frame","context":{"kid":9,"ctr":0,"byteLength":62,"codecOffset":10}}

[90mstdout[2m | apps/validator-daemon/src/canary/__tests__/mesh-byzantine.test.ts[2m > [22m[2mREQ-RMS-017 — Byzantine under-server attributed to R via the SHIPPED canary pipeline[2m > [22m[2mR (overclaim->under-serve) is slashed pinned to its miner_id; honest R2 is never slashed
[22m[39m{"timestamp":"2026-06-22T06:19:18.901Z","level":"INFO","source":"frontend","module":"webrtc/sframe-transform","message":"encrypted frame","context":{"kid":9,"ctr":1,"byteLength":62,"codecOffset":10}}

[90mstdout[2m | apps/validator-daemon/src/canary/__tests__/mesh-byzantine.test.ts[2m > [22m[2mREQ-RMS-017 — Byzantine under-server attributed to R via the SHIPPED canary pipeline[2m > [22m[2mR (overclaim->under-serve) is slashed pinned to its miner_id; honest R2 is never slashed
[22m[39m{"timestamp":"2026-06-22T06:19:18.902Z","level":"INFO","source":"frontend","module":"webrtc/sframe-transform","message":"encrypted frame","context":{"kid":9,"ctr":2,"byteLength":62,"codecOffset":10}}

[90mstdout[2m | apps/validator-daemon/src/canary/__tests__/mesh-byzantine.test.ts[2m > [22m[2mREQ-RMS-017 — Byzantine under-server attributed to R via the SHIPPED canary pipeline[2m > [22m[2mR (overclaim->under-serve) is slashed pinned to its miner_id; honest R2 is never slashed
[22m[39m{"timestamp":"2026-06-22T06:19:18.902Z","level":"INFO","source":"frontend","module":"webrtc/sframe-transform","message":"encrypted frame","context":{"kid":9,"ctr":3,"byteLength":62,"codecOffset":10}}

[90mstdout[2m | apps/validator-daemon/src/canary/__tests__/mesh-byzantine.test.ts[2m > [22m[2mREQ-RMS-017 — Byzantine under-server attributed to R via the SHIPPED canary pipeline[2m > [22m[2mR (overclaim->under-serve) is slashed pinned to its miner_id; honest R2 is never slashed
[22m[39m{"timestamp":"2026-06-22T06:19:18.903Z","level":"INFO","source":"frontend","module":"webrtc/sframe-transform","message":"encrypted frame","context":{"kid":9,"ctr":4,"byteLength":62,"codecOffset":10}}

[90mstdout[2m | apps/validator-daemon/src/canary/__tests__/mesh-byzantine.test.ts[2m > [22m[2mREQ-RMS-017 — Byzantine under-server attributed to R via the SHIPPED canary pipeline[2m > [22m[2mR (overclaim->under-serve) is slashed pinned to its miner_id; honest R2 is never slashed
[22m[39m{"timestamp":"2026-06-22T06:19:18.903Z","level":"INFO","source":"frontend","module":"webrtc/sframe-transform","message":"encrypted frame","context":{"kid":9,"ctr":5,"byteLength":62,"codecOffset":10}}

[90mstdout[2m | apps/validator-daemon/src/canary/__tests__/mesh-byzantine.test.ts[2m > [22m[2mREQ-RMS-017 — Byzantine under-server attributed to R via the SHIPPED canary pipeline[2m > [22m[2mR (overclaim->under-serve) is slashed pinned to its miner_id; honest R2 is never slashed
[22m[39m{"timestamp":"2026-06-22T06:19:18.904Z","level":"INFO","source":"frontend","module":"webrtc/sframe-transform","message":"encrypted frame","context":{"kid":9,"ctr":6,"byteLength":62,"codecOffset":10}}

[90mstdout[2m | apps/validator-daemon/src/canary/__tests__/mesh-byzantine.test.ts[2m > [22m[2mREQ-RMS-017 — Byzantine under-server attributed to R via the SHIPPED canary pipeline[2m > [22m[2mR (overclaim->under-serve) is slashed pinned to its miner_id; honest R2 is never slashed
[22m[39m{"timestamp":"2026-06-22T06:19:18.905Z","level":"INFO","source":"frontend","module":"webrtc/sframe-transform","message":"encrypted frame","context":{"kid":9,"ctr":7,"byteLength":62,"codecOffset":10}}

{"level":30,"time":1782109158905,"pid":29576,"hostname":"Quang","name":"canary/verifier","canaryKid":9,"mediaPackets":8,"byteIdentical":8,"divergences":0,"msg":"canary forwarding verified"}
[90mstdout[2m | apps/validator-daemon/src/canary/__tests__/mesh-byzantine.test.ts[2m > [22m[2mREQ-RMS-017 — Byzantine under-server attributed to R via the SHIPPED canary pipeline[2m > [22m[2mR (overclaim->under-serve) is slashed pinned to its miner_id; honest R2 is never slashed
[22m[39m{"timestamp":"2026-06-22T06:19:18.905Z","level":"INFO","source":"frontend","module":"webrtc/sframe-transform","message":"encrypted frame","context":{"kid":9,"ctr":0,"byteLength":62,"codecOffset":10}}

[90mstdout[2m | apps/validator-daemon/src/canary/__tests__/mesh-byzantine.test.ts[2m > [22m[2mREQ-RMS-017 — Byzantine under-server attributed to R via the SHIPPED canary pipeline[2m > [22m[2mR (overclaim->under-serve) is slashed pinned to its miner_id; honest R2 is never slashed
[22m[39m{"timestamp":"2026-06-22T06:19:18.906Z","level":"INFO","source":"frontend","module":"webrtc/sframe-transform","message":"encrypted frame","context":{"kid":9,"ctr":1,"byteLength":62,"codecOffset":10}}

[90mstdout[2m | apps/validator-daemon/src/canary/__tests__/mesh-byzantine.test.ts[2m > [22m[2mREQ-RMS-017 — Byzantine under-server attributed to R via the SHIPPED canary pipeline[2m > [22m[2mR (overclaim->under-serve) is slashed pinned to its miner_id; honest R2 is never slashed
[22m[39m{"timestamp":"2026-06-22T06:19:18.906Z","level":"INFO","source":"frontend","module":"webrtc/sframe-transform","message":"encrypted frame","context":{"kid":9,"ctr":2,"byteLength":62,"codecOffset":10}}

[90mstdout[2m | apps/validator-daemon/src/canary/__tests__/mesh-byzantine.test.ts[2m > [22m[2mREQ-RMS-017 — Byzantine under-server attributed to R via the SHIPPED canary pipeline[2m > [22m[2mR (overclaim->under-serve) is slashed pinned to its miner_id; honest R2 is never slashed
[22m[39m{"timestamp":"2026-06-22T06:19:18.907Z","level":"INFO","source":"frontend","module":"webrtc/sframe-transform","message":"encrypted frame","context":{"kid":9,"ctr":3,"byteLength":62,"codecOffset":10}}

[90mstdout[2m | apps/validator-daemon/src/canary/__tests__/mesh-byzantine.test.ts[2m > [22m[2mREQ-RMS-017 — Byzantine under-server attributed to R via the SHIPPED canary pipeline[2m > [22m[2mR (overclaim->under-serve) is slashed pinned to its miner_id; honest R2 is never slashed
[22m[39m{"timestamp":"2026-06-22T06:19:18.907Z","level":"INFO","source":"frontend","module":"webrtc/sframe-transform","message":"encrypted frame","context":{"kid":9,"ctr":4,"byteLength":62,"codecOffset":10}}

[90mstdout[2m | apps/validator-daemon/src/canary/__tests__/mesh-byzantine.test.ts[2m > [22m[2mREQ-RMS-017 — Byzantine under-server attributed to R via the SHIPPED canary pipeline[2m > [22m[2mR (overclaim->under-serve) is slashed pinned to its miner_id; honest R2 is never slashed
[22m[39m{"timestamp":"2026-06-22T06:19:18.908Z","level":"INFO","source":"frontend","module":"webrtc/sframe-transform","message":"encrypted frame","context":{"kid":9,"ctr":5,"byteLength":62,"codecOffset":10}}

[90mstdout[2m | apps/validator-daemon/src/canary/__tests__/mesh-byzantine.test.ts[2m > [22m[2mREQ-RMS-017 — Byzantine under-server attributed to R via the SHIPPED canary pipeline[2m > [22m[2mR (overclaim->under-serve) is slashed pinned to its miner_id; honest R2 is never slashed
[22m[39m{"timestamp":"2026-06-22T06:19:18.908Z","level":"INFO","source":"frontend","module":"webrtc/sframe-transform","message":"encrypted frame","context":{"kid":9,"ctr":6,"byteLength":62,"codecOffset":10}}

[90mstdout[2m | apps/validator-daemon/src/canary/__tests__/mesh-byzantine.test.ts[2m > [22m[2mREQ-RMS-017 — Byzantine under-server attributed to R via the SHIPPED canary pipeline[2m > [22m[2mR (overclaim->under-serve) is slashed pinned to its miner_id; honest R2 is never slashed
[22m[39m{"timestamp":"2026-06-22T06:19:18.909Z","level":"INFO","source":"frontend","module":"webrtc/sframe-transform","message":"encrypted frame","context":{"kid":9,"ctr":7,"byteLength":62,"codecOffset":10}}

{"level":30,"time":1782109158909,"pid":29576,"hostname":"Quang","name":"canary/verifier","canaryKid":9,"mediaPackets":8,"byteIdentical":8,"divergences":0,"msg":"canary forwarding verified"}
{"level":30,"time":1782109158909,"pid":29576,"hostname":"Quang","name":"canary/loss-classifier","relayMinerId":"relay-honest-R2","promoted":0,"absorbed":0,"tampers":0,"cumulativeCrossed":false,"msg":"canary divergences classified (drop gate / tamper p=1)"}
{"level":30,"time":1782109158909,"pid":29576,"hostname":"Quang","name":"canary/verify-loop","round":4,"relayMinerId":"relay-honest-R2","roomId":"mesh-room","perReceiver":2,"promoted":0,"absorbed":0,"stunLossBps":"0","msg":"canary verify round classified (hermetic half — synthetic capture, STUN read live)"}
[90mstdout[2m | apps/validator-daemon/src/canary/__tests__/mesh-byzantine.test.ts[2m > [22m[2mREQ-RMS-017 — Byzantine under-server attributed to R via the SHIPPED canary pipeline[2m > [22m[2mR (overclaim->under-serve) is slashed pinned to its miner_id; honest R2 is never slashed
[22m[39m{"timestamp":"2026-06-22T06:19:18.912Z","level":"INFO","source":"frontend","module":"webrtc/sframe-transform","message":"encrypted frame","context":{"kid":9,"ctr":0,"byteLength":62,"codecOffset":10}}

[90mstdout[2m | apps/validator-daemon/src/canary/__tests__/mesh-byzantine.test.ts[2m > [22m[2mREQ-RMS-017 — Byzantine under-server attributed to R via the SHIPPED canary pipeline[2m > [22m[2mR (overclaim->under-serve) is slashed pinned to its miner_id; honest R2 is never slashed
[22m[39m{"timestamp":"2026-06-22T06:19:18.913Z","level":"INFO","source":"frontend","module":"webrtc/sframe-transform","message":"encrypted frame","context":{"kid":9,"ctr":1,"byteLength":62,"codecOffset":10}}

[90mstdout[2m | apps/validator-daemon/src/canary/__tests__/mesh-byzantine.test.ts[2m > [22m[2mREQ-RMS-017 — Byzantine under-server attributed to R via the SHIPPED canary pipeline[2m > [22m[2mR (overclaim->under-serve) is slashed pinned to its miner_id; honest R2 is never slashed
[22m[39m{"timestamp":"2026-06-22T06:19:18.913Z","level":"INFO","source":"frontend","module":"webrtc/sframe-transform","message":"encrypted frame","context":{"kid":9,"ctr":2,"byteLength":62,"codecOffset":10}}

[90mstdout[2m | apps/validator-daemon/src/canary/__tests__/mesh-byzantine.test.ts[2m > [22m[2mREQ-RMS-017 — Byzantine under-server attributed to R via the SHIPPED canary pipeline[2m > [22m[2mR (overclaim->under-serve) is slashed pinned to its miner_id; honest R2 is never slashed
[22m[39m{"timestamp":"2026-06-22T06:19:18.914Z","level":"INFO","source":"frontend","module":"webrtc/sframe-transform","message":"encrypted frame","context":{"kid":9,"ctr":3,"byteLength":62,"codecOffset":10}}

[90mstdout[2m | apps/validator-daemon/src/canary/__tests__/mesh-byzantine.test.ts[2m > [22m[2mREQ-RMS-017 — Byzantine under-server attributed to R via the SHIPPED canary pipeline[2m > [22m[2mR (overclaim->under-serve) is slashed pinned to its miner_id; honest R2 is never slashed
[22m[39m{"timestamp":"2026-06-22T06:19:18.914Z","level":"INFO","source":"frontend","module":"webrtc/sframe-transform","message":"encrypted frame","context":{"kid":9,"ctr":4,"byteLength":62,"codecOffset":10}}

[90mstdout[2m | apps/validator-daemon/src/canary/__tests__/mesh-byzantine.test.ts[2m > [22m[2mREQ-RMS-017 — Byzantine under-server attributed to R via the SHIPPED canary pipeline[2m > [22m[2mR (overclaim->under-serve) is slashed pinned to its miner_id; honest R2 is never slashed
[22m[39m{"timestamp":"2026-06-22T06:19:18.914Z","level":"INFO","source":"frontend","module":"webrtc/sframe-transform","message":"encrypted frame","context":{"kid":9,"ctr":6,"byteLength":62,"codecOffset":10}}

[90mstdout[2m | apps/validator-daemon/src/canary/__tests__/mesh-byzantine.test.ts[2m > [22m[2mREQ-RMS-017 — Byzantine under-server attributed to R via the SHIPPED canary pipeline[2m > [22m[2mR (overclaim->under-serve) is slashed pinned to its miner_id; honest R2 is never slashed
[22m[39m{"timestamp":"2026-06-22T06:19:18.915Z","level":"INFO","source":"frontend","module":"webrtc/sframe-transform","message":"encrypted frame","context":{"kid":9,"ctr":7,"byteLength":62,"codecOffset":10}}

[90mstdout[2m | apps/validator-daemon/src/canary/__tests__/mesh-byzantine.test.ts[2m > [22m[2mREQ-RMS-017 — Byzantine under-server attributed to R via the SHIPPED canary pipeline[2m > [22m[2mR (overclaim->under-serve) is slashed pinned to its miner_id; honest R2 is never slashed
[22m[39m{"timestamp":"2026-06-22T06:19:18.915Z","level":"INFO","source":"frontend","module":"webrtc/sframe-transform","message":"encrypted frame","context":{"kid":9,"ctr":0,"byteLength":62,"codecOffset":10}}

[90mstdout[2m | apps/validator-daemon/src/canary/__tests__/mesh-byzantine.test.ts[2m > [22m[2mREQ-RMS-017 — Byzantine under-server attributed to R via the SHIPPED canary pipeline[2m > [22m[2mR (overclaim->under-serve) is slashed pinned to its miner_id; honest R2 is never slashed
[22m[39m{"timestamp":"2026-06-22T06:19:18.915Z","level":"INFO","source":"frontend","module":"webrtc/sframe-transform","message":"encrypted frame","context":{"kid":9,"ctr":1,"byteLength":62,"codecOffset":10}}

[90mstdout[2m | apps/validator-daemon/src/canary/__tests__/mesh-byzantine.test.ts[2m > [22m[2mREQ-RMS-017 — Byzantine under-server attributed to R via the SHIPPED canary pipeline[2m > [22m[2mR (overclaim->under-serve) is slashed pinned to its miner_id; honest R2 is never slashed
[22m[39m{"timestamp":"2026-06-22T06:19:18.916Z","level":"INFO","source":"frontend","module":"webrtc/sframe-transform","message":"encrypted frame","context":{"kid":9,"ctr":2,"byteLength":62,"codecOffset":10}}

[90mstdout[2m | apps/validator-daemon/src/canary/__tests__/mesh-byzantine.test.ts[2m > [22m[2mREQ-RMS-017 — Byzantine under-server attributed to R via the SHIPPED canary pipeline[2m > [22m[2mR (overclaim->under-serve) is slashed pinned to its miner_id; honest R2 is never slashed
[22m[39m{"timestamp":"2026-06-22T06:19:18.916Z","level":"INFO","source":"frontend","module":"webrtc/sframe-transform","message":"encrypted frame","context":{"kid":9,"ctr":3,"byteLength":62,"codecOffset":10}}

[90mstdout[2m | apps/validator-daemon/src/canary/__tests__/mesh-byzantine.test.ts[2m > [22m[2mREQ-RMS-017 — Byzantine under-server attributed to R via the SHIPPED canary pipeline[2m > [22m[2mR (overclaim->under-serve) is slashed pinned to its miner_id; honest R2 is never slashed
[22m[39m{"timestamp":"2026-06-22T06:19:18.917Z","level":"INFO","source":"frontend","module":"webrtc/sframe-transform","message":"encrypted frame","context":{"kid":9,"ctr":4,"byteLength":62,"codecOffset":10}}

[90mstdout[2m | apps/validator-daemon/src/canary/__tests__/mesh-byzantine.test.ts[2m > [22m[2mREQ-RMS-017 — Byzantine under-server attributed to R via the SHIPPED canary pipeline[2m > [22m[2mR (overclaim->under-serve) is slashed pinned to its miner_id; honest R2 is never slashed
[22m[39m{"timestamp":"2026-06-22T06:19:18.917Z","level":"INFO","source":"frontend","module":"webrtc/sframe-transform","message":"encrypted frame","context":{"kid":9,"ctr":5,"byteLength":62,"codecOffset":10}}

[90mstdout[2m | apps/validator-daemon/src/canary/__tests__/mesh-byzantine.test.ts[2m > [22m[2mREQ-RMS-017 — Byzantine under-server attributed to R via the SHIPPED canary pipeline[2m > [22m[2mR (overclaim->under-serve) is slashed pinned to its miner_id; honest R2 is never slashed
[22m[39m{"timestamp":"2026-06-22T06:19:18.917Z","level":"INFO","source":"frontend","module":"webrtc/sframe-transform","message":"encrypted frame","context":{"kid":9,"ctr":6,"byteLength":62,"codecOffset":10}}

[90mstdout[2m | apps/validator-daemon/src/canary/__tests__/mesh-byzantine.test.ts[2m > [22m[2mREQ-RMS-017 — Byzantine under-server attributed to R via the SHIPPED canary pipeline[2m > [22m[2mR (overclaim->under-serve) is slashed pinned to its miner_id; honest R2 is never slashed
[22m[39m{"timestamp":"2026-06-22T06:19:18.918Z","level":"INFO","source":"frontend","module":"webrtc/sframe-transform","message":"encrypted frame","context":{"kid":9,"ctr":7,"byteLength":62,"codecOffset":10}}

{"level":30,"time":1782109158918,"pid":29576,"hostname":"Quang","name":"canary/verifier","canaryKid":9,"mediaPackets":7,"byteIdentical":7,"divergences":1,"msg":"canary forwarding verified"}
[90mstdout[2m | apps/validator-daemon/src/canary/__tests__/mesh-byzantine.test.ts[2m > [22m[2mREQ-RMS-017 — Byzantine under-server attributed to R via the SHIPPED canary pipeline[2m > [22m[2mR (overclaim->under-serve) is slashed pinned to its miner_id; honest R2 is never slashed
[22m[39m{"timestamp":"2026-06-22T06:19:18.918Z","level":"INFO","source":"frontend","module":"webrtc/sframe-transform","message":"encrypted frame","context":{"kid":9,"ctr":0,"byteLength":62,"codecOffset":10}}

[90mstdout[2m | apps/validator-daemon/src/canary/__tests__/mesh-byzantine.test.ts[2m > [22m[2mREQ-RMS-017 — Byzantine under-server attributed to R via the SHIPPED canary pipeline[2m > [22m[2mR (overclaim->under-serve) is slashed pinned to its miner_id; honest R2 is never slashed
[22m[39m{"timestamp":"2026-06-22T06:19:18.919Z","level":"INFO","source":"frontend","module":"webrtc/sframe-transform","message":"encrypted frame","context":{"kid":9,"ctr":1,"byteLength":62,"codecOffset":10}}

[90mstdout[2m | apps/validator-daemon/src/canary/__tests__/mesh-byzantine.test.ts[2m > [22m[2mREQ-RMS-017 — Byzantine under-server attributed to R via the SHIPPED canary pipeline[2m > [22m[2mR (overclaim->under-serve) is slashed pinned to its miner_id; honest R2 is never slashed
[22m[39m{"timestamp":"2026-06-22T06:19:18.920Z","level":"INFO","source":"frontend","module":"webrtc/sframe-transform","message":"encrypted frame","context":{"kid":9,"ctr":2,"byteLength":62,"codecOffset":10}}

[90mstdout[2m | apps/validator-daemon/src/canary/__tests__/mesh-byzantine.test.ts[2m > [22m[2mREQ-RMS-017 — Byzantine under-server attributed to R via the SHIPPED canary pipeline[2m > [22m[2mR (overclaim->under-serve) is slashed pinned to its miner_id; honest R2 is never slashed
[22m[39m{"timestamp":"2026-06-22T06:19:18.920Z","level":"INFO","source":"frontend","module":"webrtc/sframe-transform","message":"encrypted frame","context":{"kid":9,"ctr":3,"byteLength":62,"codecOffset":10}}

[90mstdout[2m | apps/validator-daemon/src/canary/__tests__/mesh-byzantine.test.ts[2m > [22m[2mREQ-RMS-017 — Byzantine under-server attributed to R via the SHIPPED canary pipeline[2m > [22m[2mR (overclaim->under-serve) is slashed pinned to its miner_id; honest R2 is never slashed
[22m[39m{"timestamp":"2026-06-22T06:19:18.921Z","level":"INFO","source":"frontend","module":"webrtc/sframe-transform","message":"encrypted frame","context":{"kid":9,"ctr":4,"byteLength":62,"codecOffset":10}}

[90mstdout[2m | apps/validator-daemon/src/canary/__tests__/mesh-byzantine.test.ts[2m > [22m[2mREQ-RMS-017 — Byzantine under-server attributed to R via the SHIPPED canary pipeline[2m > [22m[2mR (overclaim->under-serve) is slashed pinned to its miner_id; honest R2 is never slashed
[22m[39m{"timestamp":"2026-06-22T06:19:18.921Z","level":"INFO","source":"frontend","module":"webrtc/sframe-transform","message":"encrypted frame","context":{"kid":9,"ctr":5,"byteLength":62,"codecOffset":10}}

[90mstdout[2m | apps/validator-daemon/src/canary/__tests__/mesh-byzantine.test.ts[2m > [22m[2mREQ-RMS-017 — Byzantine under-server attributed to R via the SHIPPED canary pipeline[2m > [22m[2mR (overclaim->under-serve) is slashed pinned to its miner_id; honest R2 is never slashed
[22m[39m{"timestamp":"2026-06-22T06:19:18.921Z","level":"INFO","source":"frontend","module":"webrtc/sframe-transform","message":"encrypted frame","context":{"kid":9,"ctr":6,"byteLength":62,"codecOffset":10}}

[90mstdout[2m | apps/validator-daemon/src/canary/__tests__/mesh-byzantine.test.ts[2m > [22m[2mREQ-RMS-017 — Byzantine under-server attributed to R via the SHIPPED canary pipeline[2m > [22m[2mR (overclaim->under-serve) is slashed pinned to its miner_id; honest R2 is never slashed
[22m[39m{"timestamp":"2026-06-22T06:19:18.922Z","level":"INFO","source":"frontend","module":"webrtc/sframe-transform","message":"encrypted frame","context":{"kid":9,"ctr":7,"byteLength":62,"codecOffset":10}}

{"level":30,"time":1782109158922,"pid":29576,"hostname":"Quang","name":"canary/verifier","canaryKid":9,"mediaPackets":7,"byteIdentical":7,"divergences":1,"msg":"canary forwarding verified"}
{"level":30,"time":1782109158922,"pid":29576,"hostname":"Quang","name":"canary/loss-classifier","relayMinerId":"relay-byzantine-R","promoted":1,"absorbed":0,"tampers":0,"cumulativeCrossed":true,"msg":"canary divergences classified (drop gate / tamper p=1)"}
{"level":30,"time":1782109158924,"pid":29576,"hostname":"Quang","name":"canary/verify-loop","round":4,"relayMinerId":"relay-byzantine-R","roomId":"mesh-room","perReceiver":2,"promoted":1,"absorbed":0,"stunLossBps":"0","msg":"canary verify round classified (hermetic half — synthetic capture, STUN read live)"}
[90mstdout[2m | apps/validator-daemon/src/canary/__tests__/mesh-byzantine.test.ts[2m > [22m[2mREQ-RMS-017 — Byzantine under-server attributed to R via the SHIPPED canary pipeline[2m > [22m[2mR (overclaim->under-serve) is slashed pinned to its miner_id; honest R2 is never slashed
[22m[39m{"timestamp":"2026-06-22T06:19:18.925Z","level":"INFO","source":"frontend","module":"webrtc/sframe-transform","message":"encrypted frame","context":{"kid":9,"ctr":0,"byteLength":62,"codecOffset":10}}

[90mstdout[2m | apps/validator-daemon/src/canary/__tests__/mesh-byzantine.test.ts[2m > [22m[2mREQ-RMS-017 — Byzantine under-server attributed to R via the SHIPPED canary pipeline[2m > [22m[2mR (overclaim->under-serve) is slashed pinned to its miner_id; honest R2 is never slashed
[22m[39m{"timestamp":"2026-06-22T06:19:18.926Z","level":"INFO","source":"frontend","module":"webrtc/sframe-transform","message":"encrypted frame","context":{"kid":9,"ctr":1,"byteLength":62,"codecOffset":10}}

[90mstdout[2m | apps/validator-daemon/src/canary/__tests__/mesh-byzantine.test.ts[2m > [22m[2mREQ-RMS-017 — Byzantine under-server attributed to R via the SHIPPED canary pipeline[2m > [22m[2mR (overclaim->under-serve) is slashed pinned to its miner_id; honest R2 is never slashed
[22m[39m{"timestamp":"2026-06-22T06:19:18.927Z","level":"INFO","source":"frontend","module":"webrtc/sframe-transform","message":"encrypted frame","context":{"kid":9,"ctr":2,"byteLength":62,"codecOffset":10}}

[90mstdout[2m | apps/validator-daemon/src/canary/__tests__/mesh-byzantine.test.ts[2m > [22m[2mREQ-RMS-017 — Byzantine under-server attributed to R via the SHIPPED canary pipeline[2m > [22m[2mR (overclaim->under-serve) is slashed pinned to its miner_id; honest R2 is never slashed
[22m[39m{"timestamp":"2026-06-22T06:19:18.927Z","level":"INFO","source":"frontend","module":"webrtc/sframe-transform","message":"encrypted frame","context":{"kid":9,"ctr":3,"byteLength":62,"codecOffset":10}}

[90mstdout[2m | apps/validator-daemon/src/canary/__tests__/mesh-byzantine.test.ts[2m > [22m[2mREQ-RMS-017 — Byzantine under-server attributed to R via the SHIPPED canary pipeline[2m > [22m[2mR (overclaim->under-serve) is slashed pinned to its miner_id; honest R2 is never slashed
[22m[39m{"timestamp":"2026-06-22T06:19:18.928Z","level":"INFO","source":"frontend","module":"webrtc/sframe-transform","message":"encrypted frame","context":{"kid":9,"ctr":4,"byteLength":62,"codecOffset":10}}

[90mstdout[2m | apps/validator-daemon/src/canary/__tests__/mesh-byzantine.test.ts[2m > [22m[2mREQ-RMS-017 — Byzantine under-server attributed to R via the SHIPPED canary pipeline[2m > [22m[2mR (overclaim->under-serve) is slashed pinned to its miner_id; honest R2 is never slashed
[22m[39m{"timestamp":"2026-06-22T06:19:18.928Z","level":"INFO","source":"frontend","module":"webrtc/sframe-transform","message":"encrypted frame","context":{"kid":9,"ctr":5,"byteLength":62,"codecOffset":10}}

[90mstdout[2m | apps/validator-daemon/src/canary/__tests__/mesh-byzantine.test.ts[2m > [22m[2mREQ-RMS-017 — Byzantine under-server attributed to R via the SHIPPED canary pipeline[2m > [22m[2mR (overclaim->under-serve) is slashed pinned to its miner_id; honest R2 is never slashed
[22m[39m{"timestamp":"2026-06-22T06:19:18.928Z","level":"INFO","source":"frontend","module":"webrtc/sframe-transform","message":"encrypted frame","context":{"kid":9,"ctr":6,"byteLength":62,"codecOffset":10}}

[90mstdout[2m | apps/validator-daemon/src/canary/__tests__/mesh-byzantine.test.ts[2m > [22m[2mREQ-RMS-017 — Byzantine under-server attributed to R via the SHIPPED canary pipeline[2m > [22m[2mR (overclaim->under-serve) is slashed pinned to its miner_id; honest R2 is never slashed
[22m[39m{"timestamp":"2026-06-22T06:19:18.929Z","level":"INFO","source":"frontend","module":"webrtc/sframe-transform","message":"encrypted frame","context":{"kid":9,"ctr":7,"byteLength":62,"codecOffset":10}}

[90mstdout[2m | apps/validator-daemon/src/canary/__tests__/mesh-byzantine.test.ts[2m > [22m[2mREQ-RMS-017 — Byzantine under-server attributed to R via the SHIPPED canary pipeline[2m > [22m[2mR (overclaim->under-serve) is slashed pinned to its miner_id; honest R2 is never slashed
[22m[39m{"timestamp":"2026-06-22T06:19:18.929Z","level":"INFO","source":"frontend","module":"webrtc/sframe-transform","message":"encrypted frame","context":{"kid":9,"ctr":0,"byteLength":62,"codecOffset":10}}

[90mstdout[2m | apps/validator-daemon/src/canary/__tests__/mesh-byzantine.test.ts[2m > [22m[2mREQ-RMS-017 — Byzantine under-server attributed to R via the SHIPPED canary pipeline[2m > [22m[2mR (overclaim->under-serve) is slashed pinned to its miner_id; honest R2 is never slashed
[22m[39m{"timestamp":"2026-06-22T06:19:18.930Z","level":"INFO","source":"frontend","module":"webrtc/sframe-transform","message":"encrypted frame","context":{"kid":9,"ctr":1,"byteLength":62,"codecOffset":10}}

[90mstdout[2m | apps/validator-daemon/src/canary/__tests__/mesh-byzantine.test.ts[2m > [22m[2mREQ-RMS-017 — Byzantine under-server attributed to R via the SHIPPED canary pipeline[2m > [22m[2mR (overclaim->under-serve) is slashed pinned to its miner_id; honest R2 is never slashed
[22m[39m{"timestamp":"2026-06-22T06:19:18.930Z","level":"INFO","source":"frontend","module":"webrtc/sframe-transform","message":"encrypted frame","context":{"kid":9,"ctr":2,"byteLength":62,"codecOffset":10}}

[90mstdout[2m | apps/validator-daemon/src/canary/__tests__/mesh-byzantine.test.ts[2m > [22m[2mREQ-RMS-017 — Byzantine under-server attributed to R via the SHIPPED canary pipeline[2m > [22m[2mR (overclaim->under-serve) is slashed pinned to its miner_id; honest R2 is never slashed
[22m[39m{"timestamp":"2026-06-22T06:19:18.931Z","level":"INFO","source":"frontend","module":"webrtc/sframe-transform","message":"encrypted frame","context":{"kid":9,"ctr":3,"byteLength":62,"codecOffset":10}}

[90mstdout[2m | apps/validator-daemon/src/canary/__tests__/mesh-byzantine.test.ts[2m > [22m[2mREQ-RMS-017 — Byzantine under-server attributed to R via the SHIPPED canary pipeline[2m > [22m[2mR (overclaim->under-serve) is slashed pinned to its miner_id; honest R2 is never slashed
[22m[39m{"timestamp":"2026-06-22T06:19:18.931Z","level":"INFO","source":"frontend","module":"webrtc/sframe-transform","message":"encrypted frame","context":{"kid":9,"ctr":4,"byteLength":62,"codecOffset":10}}

[90mstdout[2m | apps/validator-daemon/src/canary/__tests__/mesh-byzantine.test.ts[2m > [22m[2mREQ-RMS-017 — Byzantine under-server attributed to R via the SHIPPED canary pipeline[2m > [22m[2mR (overclaim->under-serve) is slashed pinned to its miner_id; honest R2 is never slashed
[22m[39m{"timestamp":"2026-06-22T06:19:18.931Z","level":"INFO","source":"frontend","module":"webrtc/sframe-transform","message":"encrypted frame","context":{"kid":9,"ctr":5,"byteLength":62,"codecOffset":10}}

[90mstdout[2m | apps/validator-daemon/src/canary/__tests__/mesh-byzantine.test.ts[2m > [22m[2mREQ-RMS-017 — Byzantine under-server attributed to R via the SHIPPED canary pipeline[2m > [22m[2mR (overclaim->under-serve) is slashed pinned to its miner_id; honest R2 is never slashed
[22m[39m{"timestamp":"2026-06-22T06:19:18.932Z","level":"INFO","source":"frontend","module":"webrtc/sframe-transform","message":"encrypted frame","context":{"kid":9,"ctr":6,"byteLength":62,"codecOffset":10}}

[90mstdout[2m | apps/validator-daemon/src/canary/__tests__/mesh-byzantine.test.ts[2m > [22m[2mREQ-RMS-017 — Byzantine under-server attributed to R via the SHIPPED canary pipeline[2m > [22m[2mR (overclaim->under-serve) is slashed pinned to its miner_id; honest R2 is never slashed
[22m[39m{"timestamp":"2026-06-22T06:19:18.932Z","level":"INFO","source":"frontend","module":"webrtc/sframe-transform","message":"encrypted frame","context":{"kid":9,"ctr":7,"byteLength":62,"codecOffset":10}}

{"level":30,"time":1782109158932,"pid":29576,"hostname":"Quang","name":"canary/verifier","canaryKid":9,"mediaPackets":8,"byteIdentical":8,"divergences":0,"msg":"canary forwarding verified"}
[90mstdout[2m | apps/validator-daemon/src/canary/__tests__/mesh-byzantine.test.ts[2m > [22m[2mREQ-RMS-017 — Byzantine under-server attributed to R via the SHIPPED canary pipeline[2m > [22m[2mR (overclaim->under-serve) is slashed pinned to its miner_id; honest R2 is never slashed
[22m[39m{"timestamp":"2026-06-22T06:19:18.933Z","level":"INFO","source":"frontend","module":"webrtc/sframe-transform","message":"encrypted frame","context":{"kid":9,"ctr":0,"byteLength":62,"codecOffset":10}}

[90mstdout[2m | apps/validator-daemon/src/canary/__tests__/mesh-byzantine.test.ts[2m > [22m[2mREQ-RMS-017 — Byzantine under-server attributed to R via the SHIPPED canary pipeline[2m > [22m[2mR (overclaim->under-serve) is slashed pinned to its miner_id; honest R2 is never slashed
[22m[39m{"timestamp":"2026-06-22T06:19:18.933Z","level":"INFO","source":"frontend","module":"webrtc/sframe-transform","message":"encrypted frame","context":{"kid":9,"ctr":1,"byteLength":62,"codecOffset":10}}

[90mstdout[2m | apps/validator-daemon/src/canary/__tests__/mesh-byzantine.test.ts[2m > [22m[2mREQ-RMS-017 — Byzantine under-server attributed to R via the SHIPPED canary pipeline[2m > [22m[2mR (overclaim->under-serve) is slashed pinned to its miner_id; honest R2 is never slashed
[22m[39m{"timestamp":"2026-06-22T06:19:18.934Z","level":"INFO","source":"frontend","module":"webrtc/sframe-transform","message":"encrypted frame","context":{"kid":9,"ctr":2,"byteLength":62,"codecOffset":10}}

[90mstdout[2m | apps/validator-daemon/src/canary/__tests__/mesh-byzantine.test.ts[2m > [22m[2mREQ-RMS-017 — Byzantine under-server attributed to R via the SHIPPED canary pipeline[2m > [22m[2mR (overclaim->under-serve) is slashed pinned to its miner_id; honest R2 is never slashed
[22m[39m{"timestamp":"2026-06-22T06:19:18.934Z","level":"INFO","source":"frontend","module":"webrtc/sframe-transform","message":"encrypted frame","context":{"kid":9,"ctr":3,"byteLength":62,"codecOffset":10}}

[90mstdout[2m | apps/validator-daemon/src/canary/__tests__/mesh-byzantine.test.ts[2m > [22m[2mREQ-RMS-017 — Byzantine under-server attributed to R via the SHIPPED canary pipeline[2m > [22m[2mR (overclaim->under-serve) is slashed pinned to its miner_id; honest R2 is never slashed
[22m[39m{"timestamp":"2026-06-22T06:19:18.935Z","level":"INFO","source":"frontend","module":"webrtc/sframe-transform","message":"encrypted frame","context":{"kid":9,"ctr":4,"byteLength":62,"codecOffset":10}}

[90mstdout[2m | apps/validator-daemon/src/canary/__tests__/mesh-byzantine.test.ts[2m > [22m[2mREQ-RMS-017 — Byzantine under-server attributed to R via the SHIPPED canary pipeline[2m > [22m[2mR (overclaim->under-serve) is slashed pinned to its miner_id; honest R2 is never slashed
[22m[39m{"timestamp":"2026-06-22T06:19:18.936Z","level":"INFO","source":"frontend","module":"webrtc/sframe-transform","message":"encrypted frame","context":{"kid":9,"ctr":5,"byteLength":62,"codecOffset":10}}

[90mstdout[2m | apps/validator-daemon/src/canary/__tests__/mesh-byzantine.test.ts[2m > [22m[2mREQ-RMS-017 — Byzantine under-server attributed to R via the SHIPPED canary pipeline[2m > [22m[2mR (overclaim->under-serve) is slashed pinned to its miner_id; honest R2 is never slashed
[22m[39m{"timestamp":"2026-06-22T06:19:18.937Z","level":"INFO","source":"frontend","module":"webrtc/sframe-transform","message":"encrypted frame","context":{"kid":9,"ctr":6,"byteLength":62,"codecOffset":10}}

[90mstdout[2m | apps/validator-daemon/src/canary/__tests__/mesh-byzantine.test.ts[2m > [22m[2mREQ-RMS-017 — Byzantine under-server attributed to R via the SHIPPED canary pipeline[2m > [22m[2mR (overclaim->under-serve) is slashed pinned to its miner_id; honest R2 is never slashed
[22m[39m{"timestamp":"2026-06-22T06:19:18.937Z","level":"INFO","source":"frontend","module":"webrtc/sframe-transform","message":"encrypted frame","context":{"kid":9,"ctr":7,"byteLength":62,"codecOffset":10}}

{"level":30,"time":1782109158937,"pid":29576,"hostname":"Quang","name":"canary/verifier","canaryKid":9,"mediaPackets":8,"byteIdentical":8,"divergences":0,"msg":"canary forwarding verified"}
{"level":30,"time":1782109158937,"pid":29576,"hostname":"Quang","name":"canary/loss-classifier","relayMinerId":"relay-honest-R2","promoted":0,"absorbed":0,"tampers":0,"cumulativeCrossed":false,"msg":"canary divergences classified (drop gate / tamper p=1)"}
{"level":30,"time":1782109158937,"pid":29576,"hostname":"Quang","name":"canary/verify-loop","round":4,"relayMinerId":"relay-honest-R2","roomId":"mesh-room","perReceiver":2,"promoted":0,"absorbed":0,"stunLossBps":"0","msg":"canary verify round classified (hermetic half — synthetic capture, STUN read live)"}
{"level":30,"time":1782109158939,"pid":29576,"hostname":"Quang","name":"canary/proof","roomId":"mesh-room","relayMinerId":"relay-byzantine-R","canaryId":9,"frameSeq":5,"drop":true,"distinctAttesters":2,"totalAttestations":2,"msg":"canary divergence proof assembled from remote attestations (W-M4-COSIGN)"}
[90mstdout[2m | apps/validator-daemon/src/canary/__tests__/mesh-byzantine.test.ts[2m > [22m[2mREQ-RMS-017 — Byzantine under-server attributed to R via the SHIPPED canary pipeline[2m > [22m[2mR (overclaim->under-serve) is slashed pinned to its miner_id; honest R2 is never slashed
[22m[39m{"timestamp":"2026-06-22T06:19:18.942Z","level":"INFO","source":"frontend","module":"webrtc/sframe-transform","message":"encrypted frame","context":{"kid":9,"ctr":0,"byteLength":62,"codecOffset":10}}

[90mstdout[2m | apps/validator-daemon/src/canary/__tests__/mesh-byzantine.test.ts[2m > [22m[2mREQ-RMS-017 — Byzantine under-server attributed to R via the SHIPPED canary pipeline[2m > [22m[2mR (overclaim->under-serve) is slashed pinned to its miner_id; honest R2 is never slashed
[22m[39m{"timestamp":"2026-06-22T06:19:18.942Z","level":"INFO","source":"frontend","module":"webrtc/sframe-transform","message":"encrypted frame","context":{"kid":9,"ctr":1,"byteLength":62,"codecOffset":10}}

[90mstdout[2m | apps/validator-daemon/src/canary/__tests__/mesh-byzantine.test.ts[2m > [22m[2mREQ-RMS-017 — Byzantine under-server attributed to R via the SHIPPED canary pipeline[2m > [22m[2mR (overclaim->under-serve) is slashed pinned to its miner_id; honest R2 is never slashed
[22m[39m{"timestamp":"2026-06-22T06:19:18.943Z","level":"INFO","source":"frontend","module":"webrtc/sframe-transform","message":"encrypted frame","context":{"kid":9,"ctr":2,"byteLength":62,"codecOffset":10}}

[90mstdout[2m | apps/validator-daemon/src/canary/__tests__/mesh-byzantine.test.ts[2m > [22m[2mREQ-RMS-017 — Byzantine under-server attributed to R via the SHIPPED canary pipeline[2m > [22m[2mR (overclaim->under-serve) is slashed pinned to its miner_id; honest R2 is never slashed
[22m[39m{"timestamp":"2026-06-22T06:19:18.943Z","level":"INFO","source":"frontend","module":"webrtc/sframe-transform","message":"encrypted frame","context":{"kid":9,"ctr":3,"byteLength":62,"codecOffset":10}}

[90mstdout[2m | apps/validator-daemon/src/canary/__tests__/mesh-byzantine.test.ts[2m > [22m[2mREQ-RMS-017 — Byzantine under-server attributed to R via the SHIPPED canary pipeline[2m > [22m[2mR (overclaim->under-serve) is slashed pinned to its miner_id; honest R2 is never slashed
[22m[39m{"timestamp":"2026-06-22T06:19:18.944Z","level":"INFO","source":"frontend","module":"webrtc/sframe-transform","message":"encrypted frame","context":{"kid":9,"ctr":4,"byteLength":62,"codecOffset":10}}

[90mstdout[2m | apps/validator-daemon/src/canary/__tests__/mesh-byzantine.test.ts[2m > [22m[2mREQ-RMS-017 — Byzantine under-server attributed to R via the SHIPPED canary pipeline[2m > [22m[2mR (overclaim->under-serve) is slashed pinned to its miner_id; honest R2 is never slashed
[22m[39m{"timestamp":"2026-06-22T06:19:18.944Z","level":"INFO","source":"frontend","module":"webrtc/sframe-transform","message":"encrypted frame","context":{"kid":9,"ctr":6,"byteLength":62,"codecOffset":10}}

[90mstdout[2m | apps/validator-daemon/src/canary/__tests__/mesh-byzantine.test.ts[2m > [22m[2mREQ-RMS-017 — Byzantine under-server attributed to R via the SHIPPED canary pipeline[2m > [22m[2mR (overclaim->under-serve) is slashed pinned to its miner_id; honest R2 is never slashed
[22m[39m{"timestamp":"2026-06-22T06:19:18.944Z","level":"INFO","source":"frontend","module":"webrtc/sframe-transform","message":"encrypted frame","context":{"kid":9,"ctr":7,"byteLength":62,"codecOffset":10}}

[90mstdout[2m | apps/validator-daemon/src/canary/__tests__/mesh-byzantine.test.ts[2m > [22m[2mREQ-RMS-017 — Byzantine under-server attributed to R via the SHIPPED canary pipeline[2m > [22m[2mR (overclaim->under-serve) is slashed pinned to its miner_id; honest R2 is never slashed
[22m[39m{"timestamp":"2026-06-22T06:19:18.945Z","level":"INFO","source":"frontend","module":"webrtc/sframe-transform","message":"encrypted frame","context":{"kid":9,"ctr":0,"byteLength":62,"codecOffset":10}}

[90mstdout[2m | apps/validator-daemon/src/canary/__tests__/mesh-byzantine.test.ts[2m > [22m[2mREQ-RMS-017 — Byzantine under-server attributed to R via the SHIPPED canary pipeline[2m > [22m[2mR (overclaim->under-serve) is slashed pinned to its miner_id; honest R2 is never slashed
[22m[39m{"timestamp":"2026-06-22T06:19:18.945Z","level":"INFO","source":"frontend","module":"webrtc/sframe-transform","message":"encrypted frame","context":{"kid":9,"ctr":1,"byteLength":62,"codecOffset":10}}

[90mstdout[2m | apps/validator-daemon/src/canary/__tests__/mesh-byzantine.test.ts[2m > [22m[2mREQ-RMS-017 — Byzantine under-server attributed to R via the SHIPPED canary pipeline[2m > [22m[2mR (overclaim->under-serve) is slashed pinned to its miner_id; honest R2 is never slashed
[22m[39m{"timestamp":"2026-06-22T06:19:18.946Z","level":"INFO","source":"frontend","module":"webrtc/sframe-transform","message":"encrypted frame","context":{"kid":9,"ctr":2,"byteLength":62,"codecOffset":10}}

[90mstdout[2m | apps/validator-daemon/src/canary/__tests__/mesh-byzantine.test.ts[2m > [22m[2mREQ-RMS-017 — Byzantine under-server attributed to R via the SHIPPED canary pipeline[2m > [22m[2mR (overclaim->under-serve) is slashed pinned to its miner_id; honest R2 is never slashed
[22m[39m{"timestamp":"2026-06-22T06:19:18.946Z","level":"INFO","source":"frontend","module":"webrtc/sframe-transform","message":"encrypted frame","context":{"kid":9,"ctr":3,"byteLength":62,"codecOffset":10}}

[90mstdout[2m | apps/validator-daemon/src/canary/__tests__/mesh-byzantine.test.ts[2m > [22m[2mREQ-RMS-017 — Byzantine under-server attributed to R via the SHIPPED canary pipeline[2m > [22m[2mR (overclaim->under-serve) is slashed pinned to its miner_id; honest R2 is never slashed
[22m[39m{"timestamp":"2026-06-22T06:19:18.947Z","level":"INFO","source":"frontend","module":"webrtc/sframe-transform","message":"encrypted frame","context":{"kid":9,"ctr":4,"byteLength":62,"codecOffset":10}}

[90mstdout[2m | apps/validator-daemon/src/canary/__tests__/mesh-byzantine.test.ts[2m > [22m[2mREQ-RMS-017 — Byzantine under-server attributed to R via the SHIPPED canary pipeline[2m > [22m[2mR (overclaim->under-serve) is slashed pinned to its miner_id; honest R2 is never slashed
[22m[39m{"timestamp":"2026-06-22T06:19:18.947Z","level":"INFO","source":"frontend","module":"webrtc/sframe-transform","message":"encrypted frame","context":{"kid":9,"ctr":5,"byteLength":62,"codecOffset":10}}

[90mstdout[2m | apps/validator-daemon/src/canary/__tests__/mesh-byzantine.test.ts[2m > [22m[2mREQ-RMS-017 — Byzantine under-server attributed to R via the SHIPPED canary pipeline[2m > [22m[2mR (overclaim->under-serve) is slashed pinned to its miner_id; honest R2 is never slashed
[22m[39m{"timestamp":"2026-06-22T06:19:18.947Z","level":"INFO","source":"frontend","module":"webrtc/sframe-transform","message":"encrypted frame","context":{"kid":9,"ctr":6,"byteLength":62,"codecOffset":10}}

[90mstdout[2m | apps/validator-daemon/src/canary/__tests__/mesh-byzantine.test.ts[2m > [22m[2mREQ-RMS-017 — Byzantine under-server attributed to R via the SHIPPED canary pipeline[2m > [22m[2mR (overclaim->under-serve) is slashed pinned to its miner_id; honest R2 is never slashed
[22m[39m{"timestamp":"2026-06-22T06:19:18.948Z","level":"INFO","source":"frontend","module":"webrtc/sframe-transform","message":"encrypted frame","context":{"kid":9,"ctr":7,"byteLength":62,"codecOffset":10}}

{"level":30,"time":1782109158948,"pid":29576,"hostname":"Quang","name":"canary/verifier","canaryKid":9,"mediaPackets":7,"byteIdentical":7,"divergences":1,"msg":"canary forwarding verified"}
[90mstdout[2m | apps/validator-daemon/src/canary/__tests__/mesh-byzantine.test.ts[2m > [22m[2mREQ-RMS-017 — Byzantine under-server attributed to R via the SHIPPED canary pipeline[2m > [22m[2mR (overclaim->under-serve) is slashed pinned to its miner_id; honest R2 is never slashed
[22m[39m{"timestamp":"2026-06-22T06:19:18.949Z","level":"INFO","source":"frontend","module":"webrtc/sframe-transform","message":"encrypted frame","context":{"kid":9,"ctr":0,"byteLength":62,"codecOffset":10}}

[90mstdout[2m | apps/validator-daemon/src/canary/__tests__/mesh-byzantine.test.ts[2m > [22m[2mREQ-RMS-017 — Byzantine under-server attributed to R via the SHIPPED canary pipeline[2m > [22m[2mR (overclaim->under-serve) is slashed pinned to its miner_id; honest R2 is never slashed
[22m[39m{"timestamp":"2026-06-22T06:19:18.949Z","level":"INFO","source":"frontend","module":"webrtc/sframe-transform","message":"encrypted frame","context":{"kid":9,"ctr":1,"byteLength":62,"codecOffset":10}}

[90mstdout[2m | apps/validator-daemon/src/canary/__tests__/mesh-byzantine.test.ts[2m > [22m[2mREQ-RMS-017 — Byzantine under-server attributed to R via the SHIPPED canary pipeline[2m > [22m[2mR (overclaim->under-serve) is slashed pinned to its miner_id; honest R2 is never slashed
[22m[39m{"timestamp":"2026-06-22T06:19:18.949Z","level":"INFO","source":"frontend","module":"webrtc/sframe-transform","message":"encrypted frame","context":{"kid":9,"ctr":2,"byteLength":62,"codecOffset":10}}

[90mstdout[2m | apps/validator-daemon/src/canary/__tests__/mesh-byzantine.test.ts[2m > [22m[2mREQ-RMS-017 — Byzantine under-server attributed to R via the SHIPPED canary pipeline[2m > [22m[2mR (overclaim->under-serve) is slashed pinned to its miner_id; honest R2 is never slashed
[22m[39m{"timestamp":"2026-06-22T06:19:18.950Z","level":"INFO","source":"frontend","module":"webrtc/sframe-transform","message":"encrypted frame","context":{"kid":9,"ctr":3,"byteLength":62,"codecOffset":10}}

[90mstdout[2m | apps/validator-daemon/src/canary/__tests__/mesh-byzantine.test.ts[2m > [22m[2mREQ-RMS-017 — Byzantine under-server attributed to R via the SHIPPED canary pipeline[2m > [22m[2mR (overclaim->under-serve) is slashed pinned to its miner_id; honest R2 is never slashed
[22m[39m{"timestamp":"2026-06-22T06:19:18.950Z","level":"INFO","source":"frontend","module":"webrtc/sframe-transform","message":"encrypted frame","context":{"kid":9,"ctr":4,"byteLength":62,"codecOffset":10}}

[90mstdout[2m | apps/validator-daemon/src/canary/__tests__/mesh-byzantine.test.ts[2m > [22m[2mREQ-RMS-017 — Byzantine under-server attributed to R via the SHIPPED canary pipeline[2m > [22m[2mR (overclaim->under-serve) is slashed pinned to its miner_id; honest R2 is never slashed
[22m[39m{"timestamp":"2026-06-22T06:19:18.951Z","level":"INFO","source":"frontend","module":"webrtc/sframe-transform","message":"encrypted frame","context":{"kid":9,"ctr":5,"byteLength":62,"codecOffset":10}}

[90mstdout[2m | apps/validator-daemon/src/canary/__tests__/mesh-byzantine.test.ts[2m > [22m[2mREQ-RMS-017 — Byzantine under-server attributed to R via the SHIPPED canary pipeline[2m > [22m[2mR (overclaim->under-serve) is slashed pinned to its miner_id; honest R2 is never slashed
[22m[39m{"timestamp":"2026-06-22T06:19:18.952Z","level":"INFO","source":"frontend","module":"webrtc/sframe-transform","message":"encrypted frame","context":{"kid":9,"ctr":6,"byteLength":62,"codecOffset":10}}

[90mstdout[2m | apps/validator-daemon/src/canary/__tests__/mesh-byzantine.test.ts[2m > [22m[2mREQ-RMS-017 — Byzantine under-server attributed to R via the SHIPPED canary pipeline[2m > [22m[2mR (overclaim->under-serve) is slashed pinned to its miner_id; honest R2 is never slashed
[22m[39m{"timestamp":"2026-06-22T06:19:18.952Z","level":"INFO","source":"frontend","module":"webrtc/sframe-transform","message":"encrypted frame","context":{"kid":9,"ctr":7,"byteLength":62,"codecOffset":10}}

{"level":30,"time":1782109158952,"pid":29576,"hostname":"Quang","name":"canary/verifier","canaryKid":9,"mediaPackets":7,"byteIdentical":7,"divergences":1,"msg":"canary forwarding verified"}
{"level":30,"time":1782109158952,"pid":29576,"hostname":"Quang","name":"canary/loss-classifier","relayMinerId":"relay-byzantine-R","promoted":1,"absorbed":0,"tampers":0,"cumulativeCrossed":true,"msg":"canary divergences classified (drop gate / tamper p=1)"}
{"level":30,"time":1782109158954,"pid":29576,"hostname":"Quang","name":"canary/verify-loop","round":5,"relayMinerId":"relay-byzantine-R","roomId":"mesh-room","perReceiver":2,"promoted":1,"absorbed":0,"stunLossBps":"0","msg":"canary verify round classified (hermetic half — synthetic capture, STUN read live)"}
[90mstdout[2m | apps/validator-daemon/src/canary/__tests__/mesh-byzantine.test.ts[2m > [22m[2mREQ-RMS-017 — Byzantine under-server attributed to R via the SHIPPED canary pipeline[2m > [22m[2mR (overclaim->under-serve) is slashed pinned to its miner_id; honest R2 is never slashed
[22m[39m{"timestamp":"2026-06-22T06:19:18.954Z","level":"INFO","source":"frontend","module":"webrtc/sframe-transform","message":"encrypted frame","context":{"kid":9,"ctr":0,"byteLength":62,"codecOffset":10}}

[90mstdout[2m | apps/validator-daemon/src/canary/__tests__/mesh-byzantine.test.ts[2m > [22m[2mREQ-RMS-017 — Byzantine under-server attributed to R via the SHIPPED canary pipeline[2m > [22m[2mR (overclaim->under-serve) is slashed pinned to its miner_id; honest R2 is never slashed
[22m[39m{"timestamp":"2026-06-22T06:19:18.955Z","level":"INFO","source":"frontend","module":"webrtc/sframe-transform","message":"encrypted frame","context":{"kid":9,"ctr":1,"byteLength":62,"codecOffset":10}}

[90mstdout[2m | apps/validator-daemon/src/canary/__tests__/mesh-byzantine.test.ts[2m > [22m[2mREQ-RMS-017 — Byzantine under-server attributed to R via the SHIPPED canary pipeline[2m > [22m[2mR (overclaim->under-serve) is slashed pinned to its miner_id; honest R2 is never slashed
[22m[39m{"timestamp":"2026-06-22T06:19:18.955Z","level":"INFO","source":"frontend","module":"webrtc/sframe-transform","message":"encrypted frame","context":{"kid":9,"ctr":2,"byteLength":62,"codecOffset":10}}

[90mstdout[2m | apps/validator-daemon/src/canary/__tests__/mesh-byzantine.test.ts[2m > [22m[2mREQ-RMS-017 — Byzantine under-server attributed to R via the SHIPPED canary pipeline[2m > [22m[2mR (overclaim->under-serve) is slashed pinned to its miner_id; honest R2 is never slashed
[22m[39m{"timestamp":"2026-06-22T06:19:18.956Z","level":"INFO","source":"frontend","module":"webrtc/sframe-transform","message":"encrypted frame","context":{"kid":9,"ctr":3,"byteLength":62,"codecOffset":10}}

[90mstdout[2m | apps/validator-daemon/src/canary/__tests__/mesh-byzantine.test.ts[2m > [22m[2mREQ-RMS-017 — Byzantine under-server attributed to R via the SHIPPED canary pipeline[2m > [22m[2mR (overclaim->under-serve) is slashed pinned to its miner_id; honest R2 is never slashed
[22m[39m{"timestamp":"2026-06-22T06:19:18.956Z","level":"INFO","source":"frontend","module":"webrtc/sframe-transform","message":"encrypted frame","context":{"kid":9,"ctr":4,"byteLength":62,"codecOffset":10}}

[90mstdout[2m | apps/validator-daemon/src/canary/__tests__/mesh-byzantine.test.ts[2m > [22m[2mREQ-RMS-017 — Byzantine under-server attributed to R via the SHIPPED canary pipeline[2m > [22m[2mR (overclaim->under-serve) is slashed pinned to its miner_id; honest R2 is never slashed
[22m[39m{"timestamp":"2026-06-22T06:19:18.957Z","level":"INFO","source":"frontend","module":"webrtc/sframe-transform","message":"encrypted frame","context":{"kid":9,"ctr":5,"byteLength":62,"codecOffset":10}}

[90mstdout[2m | apps/validator-daemon/src/canary/__tests__/mesh-byzantine.test.ts[2m > [22m[2mREQ-RMS-017 — Byzantine under-server attributed to R via the SHIPPED canary pipeline[2m > [22m[2mR (overclaim->under-serve) is slashed pinned to its miner_id; honest R2 is never slashed
[22m[39m{"timestamp":"2026-06-22T06:19:18.957Z","level":"INFO","source":"frontend","module":"webrtc/sframe-transform","message":"encrypted frame","context":{"kid":9,"ctr":6,"byteLength":62,"codecOffset":10}}

[90mstdout[2m | apps/validator-daemon/src/canary/__tests__/mesh-byzantine.test.ts[2m > [22m[2mREQ-RMS-017 — Byzantine under-server attributed to R via the SHIPPED canary pipeline[2m > [22m[2mR (overclaim->under-serve) is slashed pinned to its miner_id; honest R2 is never slashed
[22m[39m{"timestamp":"2026-06-22T06:19:18.957Z","level":"INFO","source":"frontend","module":"webrtc/sframe-transform","message":"encrypted frame","context":{"kid":9,"ctr":7,"byteLength":62,"codecOffset":10}}

[90mstdout[2m | apps/validator-daemon/src/canary/__tests__/mesh-byzantine.test.ts[2m > [22m[2mREQ-RMS-017 — Byzantine under-server attributed to R via the SHIPPED canary pipeline[2m > [22m[2mR (overclaim->under-serve) is slashed pinned to its miner_id; honest R2 is never slashed
[22m[39m{"timestamp":"2026-06-22T06:19:18.958Z","level":"INFO","source":"frontend","module":"webrtc/sframe-transform","message":"encrypted frame","context":{"kid":9,"ctr":0,"byteLength":62,"codecOffset":10}}

[90mstdout[2m | apps/validator-daemon/src/canary/__tests__/mesh-byzantine.test.ts[2m > [22m[2mREQ-RMS-017 — Byzantine under-server attributed to R via the SHIPPED canary pipeline[2m > [22m[2mR (overclaim->under-serve) is slashed pinned to its miner_id; honest R2 is never slashed
[22m[39m{"timestamp":"2026-06-22T06:19:18.958Z","level":"INFO","source":"frontend","module":"webrtc/sframe-transform","message":"encrypted frame","context":{"kid":9,"ctr":1,"byteLength":62,"codecOffset":10}}

[90mstdout[2m | apps/validator-daemon/src/canary/__tests__/mesh-byzantine.test.ts[2m > [22m[2mREQ-RMS-017 — Byzantine under-server attributed to R via the SHIPPED canary pipeline[2m > [22m[2mR (overclaim->under-serve) is slashed pinned to its miner_id; honest R2 is never slashed
[22m[39m{"timestamp":"2026-06-22T06:19:18.959Z","level":"INFO","source":"frontend","module":"webrtc/sframe-transform","message":"encrypted frame","context":{"kid":9,"ctr":2,"byteLength":62,"codecOffset":10}}

[90mstdout[2m | apps/validator-daemon/src/canary/__tests__/mesh-byzantine.test.ts[2m > [22m[2mREQ-RMS-017 — Byzantine under-server attributed to R via the SHIPPED canary pipeline[2m > [22m[2mR (overclaim->under-serve) is slashed pinned to its miner_id; honest R2 is never slashed
[22m[39m{"timestamp":"2026-06-22T06:19:18.959Z","level":"INFO","source":"frontend","module":"webrtc/sframe-transform","message":"encrypted frame","context":{"kid":9,"ctr":3,"byteLength":62,"codecOffset":10}}

[90mstdout[2m | apps/validator-daemon/src/canary/__tests__/mesh-byzantine.test.ts[2m > [22m[2mREQ-RMS-017 — Byzantine under-server attributed to R via the SHIPPED canary pipeline[2m > [22m[2mR (overclaim->under-serve) is slashed pinned to its miner_id; honest R2 is never slashed
[22m[39m{"timestamp":"2026-06-22T06:19:18.960Z","level":"INFO","source":"frontend","module":"webrtc/sframe-transform","message":"encrypted frame","context":{"kid":9,"ctr":4,"byteLength":62,"codecOffset":10}}

[90mstdout[2m | apps/validator-daemon/src/canary/__tests__/mesh-byzantine.test.ts[2m > [22m[2mREQ-RMS-017 — Byzantine under-server attributed to R via the SHIPPED canary pipeline[2m > [22m[2mR (overclaim->under-serve) is slashed pinned to its miner_id; honest R2 is never slashed
[22m[39m{"timestamp":"2026-06-22T06:19:18.960Z","level":"INFO","source":"frontend","module":"webrtc/sframe-transform","message":"encrypted frame","context":{"kid":9,"ctr":5,"byteLength":62,"codecOffset":10}}

[90mstdout[2m | apps/validator-daemon/src/canary/__tests__/mesh-byzantine.test.ts[2m > [22m[2mREQ-RMS-017 — Byzantine under-server attributed to R via the SHIPPED canary pipeline[2m > [22m[2mR (overclaim->under-serve) is slashed pinned to its miner_id; honest R2 is never slashed
[22m[39m{"timestamp":"2026-06-22T06:19:18.961Z","level":"INFO","source":"frontend","module":"webrtc/sframe-transform","message":"encrypted frame","context":{"kid":9,"ctr":6,"byteLength":62,"codecOffset":10}}

[90mstdout[2m | apps/validator-daemon/src/canary/__tests__/mesh-byzantine.test.ts[2m > [22m[2mREQ-RMS-017 — Byzantine under-server attributed to R via the SHIPPED canary pipeline[2m > [22m[2mR (overclaim->under-serve) is slashed pinned to its miner_id; honest R2 is never slashed
[22m[39m{"timestamp":"2026-06-22T06:19:18.962Z","level":"INFO","source":"frontend","module":"webrtc/sframe-transform","message":"encrypted frame","context":{"kid":9,"ctr":7,"byteLength":62,"codecOffset":10}}

{"level":30,"time":1782109158962,"pid":29576,"hostname":"Quang","name":"canary/verifier","canaryKid":9,"mediaPackets":8,"byteIdentical":8,"divergences":0,"msg":"canary forwarding verified"}
[90mstdout[2m | apps/validator-daemon/src/canary/__tests__/mesh-byzantine.test.ts[2m > [22m[2mREQ-RMS-017 — Byzantine under-server attributed to R via the SHIPPED canary pipeline[2m > [22m[2mR (overclaim->under-serve) is slashed pinned to its miner_id; honest R2 is never slashed
[22m[39m{"timestamp":"2026-06-22T06:19:18.963Z","level":"INFO","source":"frontend","module":"webrtc/sframe-transform","message":"encrypted frame","context":{"kid":9,"ctr":0,"byteLength":62,"codecOffset":10}}

[90mstdout[2m | apps/validator-daemon/src/canary/__tests__/mesh-byzantine.test.ts[2m > [22m[2mREQ-RMS-017 — Byzantine under-server attributed to R via the SHIPPED canary pipeline[2m > [22m[2mR (overclaim->under-serve) is slashed pinned to its miner_id; honest R2 is never slashed
[22m[39m{"timestamp":"2026-06-22T06:19:18.963Z","level":"INFO","source":"frontend","module":"webrtc/sframe-transform","message":"encrypted frame","context":{"kid":9,"ctr":1,"byteLength":62,"codecOffset":10}}

[90mstdout[2m | apps/validator-daemon/src/canary/__tests__/mesh-byzantine.test.ts[2m > [22m[2mREQ-RMS-017 — Byzantine under-server attributed to R via the SHIPPED canary pipeline[2m > [22m[2mR (overclaim->under-serve) is slashed pinned to its miner_id; honest R2 is never slashed
[22m[39m{"timestamp":"2026-06-22T06:19:18.964Z","level":"INFO","source":"frontend","module":"webrtc/sframe-transform","message":"encrypted frame","context":{"kid":9,"ctr":2,"byteLength":62,"codecOffset":10}}

[90mstdout[2m | apps/validator-daemon/src/canary/__tests__/mesh-byzantine.test.ts[2m > [22m[2mREQ-RMS-017 — Byzantine under-server attributed to R via the SHIPPED canary pipeline[2m > [22m[2mR (overclaim->under-serve) is slashed pinned to its miner_id; honest R2 is never slashed
[22m[39m{"timestamp":"2026-06-22T06:19:18.964Z","level":"INFO","source":"frontend","module":"webrtc/sframe-transform","message":"encrypted frame","context":{"kid":9,"ctr":3,"byteLength":62,"codecOffset":10}}

[90mstdout[2m | apps/validator-daemon/src/canary/__tests__/mesh-byzantine.test.ts[2m > [22m[2mREQ-RMS-017 — Byzantine under-server attributed to R via the SHIPPED canary pipeline[2m > [22m[2mR (overclaim->under-serve) is slashed pinned to its miner_id; honest R2 is never slashed
[22m[39m{"timestamp":"2026-06-22T06:19:18.965Z","level":"INFO","source":"frontend","module":"webrtc/sframe-transform","message":"encrypted frame","context":{"kid":9,"ctr":4,"byteLength":62,"codecOffset":10}}

[90mstdout[2m | apps/validator-daemon/src/canary/__tests__/mesh-byzantine.test.ts[2m > [22m[2mREQ-RMS-017 — Byzantine under-server attributed to R via the SHIPPED canary pipeline[2m > [22m[2mR (overclaim->under-serve) is slashed pinned to its miner_id; honest R2 is never slashed
[22m[39m{"timestamp":"2026-06-22T06:19:18.965Z","level":"INFO","source":"frontend","module":"webrtc/sframe-transform","message":"encrypted frame","context":{"kid":9,"ctr":5,"byteLength":62,"codecOffset":10}}

[90mstdout[2m | apps/validator-daemon/src/canary/__tests__/mesh-byzantine.test.ts[2m > [22m[2mREQ-RMS-017 — Byzantine under-server attributed to R via the SHIPPED canary pipeline[2m > [22m[2mR (overclaim->under-serve) is slashed pinned to its miner_id; honest R2 is never slashed
[22m[39m{"timestamp":"2026-06-22T06:19:18.966Z","level":"INFO","source":"frontend","module":"webrtc/sframe-transform","message":"encrypted frame","context":{"kid":9,"ctr":6,"byteLength":62,"codecOffset":10}}

[90mstdout[2m | apps/validator-daemon/src/canary/__tests__/mesh-byzantine.test.ts[2m > [22m[2mREQ-RMS-017 — Byzantine under-server attributed to R via the SHIPPED canary pipeline[2m > [22m[2mR (overclaim->under-serve) is slashed pinned to its miner_id; honest R2 is never slashed
[22m[39m{"timestamp":"2026-06-22T06:19:18.966Z","level":"INFO","source":"frontend","module":"webrtc/sframe-transform","message":"encrypted frame","context":{"kid":9,"ctr":7,"byteLength":62,"codecOffset":10}}

{"level":30,"time":1782109158967,"pid":29576,"hostname":"Quang","name":"canary/verifier","canaryKid":9,"mediaPackets":8,"byteIdentical":8,"divergences":0,"msg":"canary forwarding verified"}
{"level":30,"time":1782109158967,"pid":29576,"hostname":"Quang","name":"canary/loss-classifier","relayMinerId":"relay-honest-R2","promoted":0,"absorbed":0,"tampers":0,"cumulativeCrossed":false,"msg":"canary divergences classified (drop gate / tamper p=1)"}
{"level":30,"time":1782109158967,"pid":29576,"hostname":"Quang","name":"canary/verify-loop","round":5,"relayMinerId":"relay-honest-R2","roomId":"mesh-room","perReceiver":2,"promoted":0,"absorbed":0,"stunLossBps":"0","msg":"canary verify round classified (hermetic half — synthetic capture, STUN read live)"}
[90mstdout[2m | apps/validator-daemon/src/canary/__tests__/mesh-byzantine.test.ts[2m > [22m[2mREQ-RMS-017 — Byzantine under-server attributed to R via the SHIPPED canary pipeline[2m > [22m[2mR (overclaim->under-serve) is slashed pinned to its miner_id; honest R2 is never slashed
[22m[39m{"timestamp":"2026-06-22T06:19:18.967Z","level":"INFO","source":"frontend","module":"webrtc/sframe-transform","message":"encrypted frame","context":{"kid":9,"ctr":0,"byteLength":62,"codecOffset":10}}

[90mstdout[2m | apps/validator-daemon/src/canary/__tests__/mesh-byzantine.test.ts[2m > [22m[2mREQ-RMS-017 — Byzantine under-server attributed to R via the SHIPPED canary pipeline[2m > [22m[2mR (overclaim->under-serve) is slashed pinned to its miner_id; honest R2 is never slashed
[22m[39m{"timestamp":"2026-06-22T06:19:18.968Z","level":"INFO","source":"frontend","module":"webrtc/sframe-transform","message":"encrypted frame","context":{"kid":9,"ctr":1,"byteLength":62,"codecOffset":10}}

[90mstdout[2m | apps/validator-daemon/src/canary/__tests__/mesh-byzantine.test.ts[2m > [22m[2mREQ-RMS-017 — Byzantine under-server attributed to R via the SHIPPED canary pipeline[2m > [22m[2mR (overclaim->under-serve) is slashed pinned to its miner_id; honest R2 is never slashed
[22m[39m{"timestamp":"2026-06-22T06:19:18.968Z","level":"INFO","source":"frontend","module":"webrtc/sframe-transform","message":"encrypted frame","context":{"kid":9,"ctr":2,"byteLength":62,"codecOffset":10}}

[90mstdout[2m | apps/validator-daemon/src/canary/__tests__/mesh-byzantine.test.ts[2m > [22m[2mREQ-RMS-017 — Byzantine under-server attributed to R via the SHIPPED canary pipeline[2m > [22m[2mR (overclaim->under-serve) is slashed pinned to its miner_id; honest R2 is never slashed
[22m[39m{"timestamp":"2026-06-22T06:19:18.969Z","level":"INFO","source":"frontend","module":"webrtc/sframe-transform","message":"encrypted frame","context":{"kid":9,"ctr":3,"byteLength":62,"codecOffset":10}}

[90mstdout[2m | apps/validator-daemon/src/canary/__tests__/mesh-byzantine.test.ts[2m > [22m[2mREQ-RMS-017 — Byzantine under-server attributed to R via the SHIPPED canary pipeline[2m > [22m[2mR (overclaim->under-serve) is slashed pinned to its miner_id; honest R2 is never slashed
[22m[39m{"timestamp":"2026-06-22T06:19:18.970Z","level":"INFO","source":"frontend","module":"webrtc/sframe-transform","message":"encrypted frame","context":{"kid":9,"ctr":4,"byteLength":62,"codecOffset":10}}

[90mstdout[2m | apps/validator-daemon/src/canary/__tests__/mesh-byzantine.test.ts[2m > [22m[2mREQ-RMS-017 — Byzantine under-server attributed to R via the SHIPPED canary pipeline[2m > [22m[2mR (overclaim->under-serve) is slashed pinned to its miner_id; honest R2 is never slashed
[22m[39m{"timestamp":"2026-06-22T06:19:18.970Z","level":"INFO","source":"frontend","module":"webrtc/sframe-transform","message":"encrypted frame","context":{"kid":9,"ctr":6,"byteLength":62,"codecOffset":10}}

[90mstdout[2m | apps/validator-daemon/src/canary/__tests__/mesh-byzantine.test.ts[2m > [22m[2mREQ-RMS-017 — Byzantine under-server attributed to R via the SHIPPED canary pipeline[2m > [22m[2mR (overclaim->under-serve) is slashed pinned to its miner_id; honest R2 is never slashed
[22m[39m{"timestamp":"2026-06-22T06:19:18.971Z","level":"INFO","source":"frontend","module":"webrtc/sframe-transform","message":"encrypted frame","context":{"kid":9,"ctr":7,"byteLength":62,"codecOffset":10}}

[90mstdout[2m | apps/validator-daemon/src/canary/__tests__/mesh-byzantine.test.ts[2m > [22m[2mREQ-RMS-017 — Byzantine under-server attributed to R via the SHIPPED canary pipeline[2m > [22m[2mR (overclaim->under-serve) is slashed pinned to its miner_id; honest R2 is never slashed
[22m[39m{"timestamp":"2026-06-22T06:19:18.971Z","level":"INFO","source":"frontend","module":"webrtc/sframe-transform","message":"encrypted frame","context":{"kid":9,"ctr":0,"byteLength":62,"codecOffset":10}}

[90mstdout[2m | apps/validator-daemon/src/canary/__tests__/mesh-byzantine.test.ts[2m > [22m[2mREQ-RMS-017 — Byzantine under-server attributed to R via the SHIPPED canary pipeline[2m > [22m[2mR (overclaim->under-serve) is slashed pinned to its miner_id; honest R2 is never slashed
[22m[39m{"timestamp":"2026-06-22T06:19:18.972Z","level":"INFO","source":"frontend","module":"webrtc/sframe-transform","message":"encrypted frame","context":{"kid":9,"ctr":1,"byteLength":62,"codecOffset":10}}

[90mstdout[2m | apps/validator-daemon/src/canary/__tests__/mesh-byzantine.test.ts[2m > [22m[2mREQ-RMS-017 — Byzantine under-server attributed to R via the SHIPPED canary pipeline[2m > [22m[2mR (overclaim->under-serve) is slashed pinned to its miner_id; honest R2 is never slashed
[22m[39m{"timestamp":"2026-06-22T06:19:18.973Z","level":"INFO","source":"frontend","module":"webrtc/sframe-transform","message":"encrypted frame","context":{"kid":9,"ctr":2,"byteLength":62,"codecOffset":10}}

[90mstdout[2m | apps/validator-daemon/src/canary/__tests__/mesh-byzantine.test.ts[2m > [22m[2mREQ-RMS-017 — Byzantine under-server attributed to R via the SHIPPED canary pipeline[2m > [22m[2mR (overclaim->under-serve) is slashed pinned to its miner_id; honest R2 is never slashed
[22m[39m{"timestamp":"2026-06-22T06:19:18.973Z","level":"INFO","source":"frontend","module":"webrtc/sframe-transform","message":"encrypted frame","context":{"kid":9,"ctr":3,"byteLength":62,"codecOffset":10}}

[90mstdout[2m | apps/validator-daemon/src/canary/__tests__/mesh-byzantine.test.ts[2m > [22m[2mREQ-RMS-017 — Byzantine under-server attributed to R via the SHIPPED canary pipeline[2m > [22m[2mR (overclaim->under-serve) is slashed pinned to its miner_id; honest R2 is never slashed
[22m[39m{"timestamp":"2026-06-22T06:19:18.973Z","level":"INFO","source":"frontend","module":"webrtc/sframe-transform","message":"encrypted frame","context":{"kid":9,"ctr":4,"byteLength":62,"codecOffset":10}}

[90mstdout[2m | apps/validator-daemon/src/canary/__tests__/mesh-byzantine.test.ts[2m > [22m[2mREQ-RMS-017 — Byzantine under-server attributed to R via the SHIPPED canary pipeline[2m > [22m[2mR (overclaim->under-serve) is slashed pinned to its miner_id; honest R2 is never slashed
[22m[39m{"timestamp":"2026-06-22T06:19:18.974Z","level":"INFO","source":"frontend","module":"webrtc/sframe-transform","message":"encrypted frame","context":{"kid":9,"ctr":5,"byteLength":62,"codecOffset":10}}

[90mstdout[2m | apps/validator-daemon/src/canary/__tests__/mesh-byzantine.test.ts[2m > [22m[2mREQ-RMS-017 — Byzantine under-server attributed to R via the SHIPPED canary pipeline[2m > [22m[2mR (overclaim->under-serve) is slashed pinned to its miner_id; honest R2 is never slashed
[22m[39m{"timestamp":"2026-06-22T06:19:18.975Z","level":"INFO","source":"frontend","module":"webrtc/sframe-transform","message":"encrypted frame","context":{"kid":9,"ctr":6,"byteLength":62,"codecOffset":10}}

[90mstdout[2m | apps/validator-daemon/src/canary/__tests__/mesh-byzantine.test.ts[2m > [22m[2mREQ-RMS-017 — Byzantine under-server attributed to R via the SHIPPED canary pipeline[2m > [22m[2mR (overclaim->under-serve) is slashed pinned to its miner_id; honest R2 is never slashed
[22m[39m{"timestamp":"2026-06-22T06:19:18.976Z","level":"INFO","source":"frontend","module":"webrtc/sframe-transform","message":"encrypted frame","context":{"kid":9,"ctr":7,"byteLength":62,"codecOffset":10}}

{"level":30,"time":1782109158976,"pid":29576,"hostname":"Quang","name":"canary/verifier","canaryKid":9,"mediaPackets":7,"byteIdentical":7,"divergences":1,"msg":"canary forwarding verified"}
[90mstdout[2m | apps/validator-daemon/src/canary/__tests__/mesh-byzantine.test.ts[2m > [22m[2mREQ-RMS-017 — Byzantine under-server attributed to R via the SHIPPED canary pipeline[2m > [22m[2mR (overclaim->under-serve) is slashed pinned to its miner_id; honest R2 is never slashed
[22m[39m{"timestamp":"2026-06-22T06:19:18.977Z","level":"INFO","source":"frontend","module":"webrtc/sframe-transform","message":"encrypted frame","context":{"kid":9,"ctr":0,"byteLength":62,"codecOffset":10}}

[90mstdout[2m | apps/validator-daemon/src/canary/__tests__/mesh-byzantine.test.ts[2m > [22m[2mREQ-RMS-017 — Byzantine under-server attributed to R via the SHIPPED canary pipeline[2m > [22m[2mR (overclaim->under-serve) is slashed pinned to its miner_id; honest R2 is never slashed
[22m[39m{"timestamp":"2026-06-22T06:19:18.978Z","level":"INFO","source":"frontend","module":"webrtc/sframe-transform","message":"encrypted frame","context":{"kid":9,"ctr":1,"byteLength":62,"codecOffset":10}}

[90mstdout[2m | apps/validator-daemon/src/canary/__tests__/mesh-byzantine.test.ts[2m > [22m[2mREQ-RMS-017 — Byzantine under-server attributed to R via the SHIPPED canary pipeline[2m > [22m[2mR (overclaim->under-serve) is slashed pinned to its miner_id; honest R2 is never slashed
[22m[39m{"timestamp":"2026-06-22T06:19:18.978Z","level":"INFO","source":"frontend","module":"webrtc/sframe-transform","message":"encrypted frame","context":{"kid":9,"ctr":2,"byteLength":62,"codecOffset":10}}

[90mstdout[2m | apps/validator-daemon/src/canary/__tests__/mesh-byzantine.test.ts[2m > [22m[2mREQ-RMS-017 — Byzantine under-server attributed to R via the SHIPPED canary pipeline[2m > [22m[2mR (overclaim->under-serve) is slashed pinned to its miner_id; honest R2 is never slashed
[22m[39m{"timestamp":"2026-06-22T06:19:18.979Z","level":"INFO","source":"frontend","module":"webrtc/sframe-transform","message":"encrypted frame","context":{"kid":9,"ctr":3,"byteLength":62,"codecOffset":10}}

[90mstdout[2m | apps/validator-daemon/src/canary/__tests__/mesh-byzantine.test.ts[2m > [22m[2mREQ-RMS-017 — Byzantine under-server attributed to R via the SHIPPED canary pipeline[2m > [22m[2mR (overclaim->under-serve) is slashed pinned to its miner_id; honest R2 is never slashed
[22m[39m{"timestamp":"2026-06-22T06:19:18.979Z","level":"INFO","source":"frontend","module":"webrtc/sframe-transform","message":"encrypted frame","context":{"kid":9,"ctr":4,"byteLength":62,"codecOffset":10}}

[90mstdout[2m | apps/validator-daemon/src/canary/__tests__/mesh-byzantine.test.ts[2m > [22m[2mREQ-RMS-017 — Byzantine under-server attributed to R via the SHIPPED canary pipeline[2m > [22m[2mR (overclaim->under-serve) is slashed pinned to its miner_id; honest R2 is never slashed
[22m[39m{"timestamp":"2026-06-22T06:19:18.980Z","level":"INFO","source":"frontend","module":"webrtc/sframe-transform","message":"encrypted frame","context":{"kid":9,"ctr":5,"byteLength":62,"codecOffset":10}}

[90mstdout[2m | apps/validator-daemon/src/canary/__tests__/mesh-byzantine.test.ts[2m > [22m[2mREQ-RMS-017 — Byzantine under-server attributed to R via the SHIPPED canary pipeline[2m > [22m[2mR (overclaim->under-serve) is slashed pinned to its miner_id; honest R2 is never slashed
[22m[39m{"timestamp":"2026-06-22T06:19:18.980Z","level":"INFO","source":"frontend","module":"webrtc/sframe-transform","message":"encrypted frame","context":{"kid":9,"ctr":6,"byteLength":62,"codecOffset":10}}

[90mstdout[2m | apps/validator-daemon/src/canary/__tests__/mesh-byzantine.test.ts[2m > [22m[2mREQ-RMS-017 — Byzantine under-server attributed to R via the SHIPPED canary pipeline[2m > [22m[2mR (overclaim->under-serve) is slashed pinned to its miner_id; honest R2 is never slashed
[22m[39m{"timestamp":"2026-06-22T06:19:18.982Z","level":"INFO","source":"frontend","module":"webrtc/sframe-transform","message":"encrypted frame","context":{"kid":9,"ctr":7,"byteLength":62,"codecOffset":10}}

{"level":30,"time":1782109158982,"pid":29576,"hostname":"Quang","name":"canary/verifier","canaryKid":9,"mediaPackets":7,"byteIdentical":7,"divergences":1,"msg":"canary forwarding verified"}
{"level":30,"time":1782109158982,"pid":29576,"hostname":"Quang","name":"canary/loss-classifier","relayMinerId":"relay-byzantine-R","promoted":1,"absorbed":0,"tampers":0,"cumulativeCrossed":true,"msg":"canary divergences classified (drop gate / tamper p=1)"}
{"level":30,"time":1782109158983,"pid":29576,"hostname":"Quang","name":"canary/verify-loop","round":5,"relayMinerId":"relay-byzantine-R","roomId":"mesh-room","perReceiver":2,"promoted":1,"absorbed":0,"stunLossBps":"0","msg":"canary verify round classified (hermetic half — synthetic capture, STUN read live)"}
[90mstdout[2m | apps/validator-daemon/src/canary/__tests__/mesh-byzantine.test.ts[2m > [22m[2mREQ-RMS-017 — Byzantine under-server attributed to R via the SHIPPED canary pipeline[2m > [22m[2mR (overclaim->under-serve) is slashed pinned to its miner_id; honest R2 is never slashed
[22m[39m{"timestamp":"2026-06-22T06:19:18.984Z","level":"INFO","source":"frontend","module":"webrtc/sframe-transform","message":"encrypted frame","context":{"kid":9,"ctr":0,"byteLength":62,"codecOffset":10}}

[90mstdout[2m | apps/validator-daemon/src/canary/__tests__/mesh-byzantine.test.ts[2m > [22m[2mREQ-RMS-017 — Byzantine under-server attributed to R via the SHIPPED canary pipeline[2m > [22m[2mR (overclaim->under-serve) is slashed pinned to its miner_id; honest R2 is never slashed
[22m[39m{"timestamp":"2026-06-22T06:19:18.985Z","level":"INFO","source":"frontend","module":"webrtc/sframe-transform","message":"encrypted frame","context":{"kid":9,"ctr":1,"byteLength":62,"codecOffset":10}}

[90mstdout[2m | apps/validator-daemon/src/canary/__tests__/mesh-byzantine.test.ts[2m > [22m[2mREQ-RMS-017 — Byzantine under-server attributed to R via the SHIPPED canary pipeline[2m > [22m[2mR (overclaim->under-serve) is slashed pinned to its miner_id; honest R2 is never slashed
[22m[39m{"timestamp":"2026-06-22T06:19:18.985Z","level":"INFO","source":"frontend","module":"webrtc/sframe-transform","message":"encrypted frame","context":{"kid":9,"ctr":2,"byteLength":62,"codecOffset":10}}

[90mstdout[2m | apps/validator-daemon/src/canary/__tests__/mesh-byzantine.test.ts[2m > [22m[2mREQ-RMS-017 — Byzantine under-server attributed to R via the SHIPPED canary pipeline[2m > [22m[2mR (overclaim->under-serve) is slashed pinned to its miner_id; honest R2 is never slashed
[22m[39m{"timestamp":"2026-06-22T06:19:18.986Z","level":"INFO","source":"frontend","module":"webrtc/sframe-transform","message":"encrypted frame","context":{"kid":9,"ctr":3,"byteLength":62,"codecOffset":10}}

[90mstdout[2m | apps/validator-daemon/src/canary/__tests__/mesh-byzantine.test.ts[2m > [22m[2mREQ-RMS-017 — Byzantine under-server attributed to R via the SHIPPED canary pipeline[2m > [22m[2mR (overclaim->under-serve) is slashed pinned to its miner_id; honest R2 is never slashed
[22m[39m{"timestamp":"2026-06-22T06:19:18.986Z","level":"INFO","source":"frontend","module":"webrtc/sframe-transform","message":"encrypted frame","context":{"kid":9,"ctr":4,"byteLength":62,"codecOffset":10}}

[90mstdout[2m | apps/validator-daemon/src/canary/__tests__/mesh-byzantine.test.ts[2m > [22m[2mREQ-RMS-017 — Byzantine under-server attributed to R via the SHIPPED canary pipeline[2m > [22m[2mR (overclaim->under-serve) is slashed pinned to its miner_id; honest R2 is never slashed
[22m[39m{"timestamp":"2026-06-22T06:19:18.986Z","level":"INFO","source":"frontend","module":"webrtc/sframe-transform","message":"encrypted frame","context":{"kid":9,"ctr":5,"byteLength":62,"codecOffset":10}}

[90mstdout[2m | apps/validator-daemon/src/canary/__tests__/mesh-byzantine.test.ts[2m > [22m[2mREQ-RMS-017 — Byzantine under-server attributed to R via the SHIPPED canary pipeline[2m > [22m[2mR (overclaim->under-serve) is slashed pinned to its miner_id; honest R2 is never slashed
[22m[39m{"timestamp":"2026-06-22T06:19:18.987Z","level":"INFO","source":"frontend","module":"webrtc/sframe-transform","message":"encrypted frame","context":{"kid":9,"ctr":6,"byteLength":62,"codecOffset":10}}

[90mstdout[2m | apps/validator-daemon/src/canary/__tests__/mesh-byzantine.test.ts[2m > [22m[2mREQ-RMS-017 — Byzantine under-server attributed to R via the SHIPPED canary pipeline[2m > [22m[2mR (overclaim->under-serve) is slashed pinned to its miner_id; honest R2 is never slashed
[22m[39m{"timestamp":"2026-06-22T06:19:18.987Z","level":"INFO","source":"frontend","module":"webrtc/sframe-transform","message":"encrypted frame","context":{"kid":9,"ctr":7,"byteLength":62,"codecOffset":10}}

[90mstdout[2m | apps/validator-daemon/src/canary/__tests__/mesh-byzantine.test.ts[2m > [22m[2mREQ-RMS-017 — Byzantine under-server attributed to R via the SHIPPED canary pipeline[2m > [22m[2mR (overclaim->under-serve) is slashed pinned to its miner_id; honest R2 is never slashed
[22m[39m{"timestamp":"2026-06-22T06:19:18.987Z","level":"INFO","source":"frontend","module":"webrtc/sframe-transform","message":"encrypted frame","context":{"kid":9,"ctr":0,"byteLength":62,"codecOffset":10}}

[90mstdout[2m | apps/validator-daemon/src/canary/__tests__/mesh-byzantine.test.ts[2m > [22m[2mREQ-RMS-017 — Byzantine under-server attributed to R via the SHIPPED canary pipeline[2m > [22m[2mR (overclaim->under-serve) is slashed pinned to its miner_id; honest R2 is never slashed
[22m[39m{"timestamp":"2026-06-22T06:19:18.988Z","level":"INFO","source":"frontend","module":"webrtc/sframe-transform","message":"encrypted frame","context":{"kid":9,"ctr":1,"byteLength":62,"codecOffset":10}}

[90mstdout[2m | apps/validator-daemon/src/canary/__tests__/mesh-byzantine.test.ts[2m > [22m[2mREQ-RMS-017 — Byzantine under-server attributed to R via the SHIPPED canary pipeline[2m > [22m[2mR (overclaim->under-serve) is slashed pinned to its miner_id; honest R2 is never slashed
[22m[39m{"timestamp":"2026-06-22T06:19:18.988Z","level":"INFO","source":"frontend","module":"webrtc/sframe-transform","message":"encrypted frame","context":{"kid":9,"ctr":2,"byteLength":62,"codecOffset":10}}

[90mstdout[2m | apps/validator-daemon/src/canary/__tests__/mesh-byzantine.test.ts[2m > [22m[2mREQ-RMS-017 — Byzantine under-server attributed to R via the SHIPPED canary pipeline[2m > [22m[2mR (overclaim->under-serve) is slashed pinned to its miner_id; honest R2 is never slashed
[22m[39m{"timestamp":"2026-06-22T06:19:18.989Z","level":"INFO","source":"frontend","module":"webrtc/sframe-transform","message":"encrypted frame","context":{"kid":9,"ctr":3,"byteLength":62,"codecOffset":10}}

[90mstdout[2m | apps/validator-daemon/src/canary/__tests__/mesh-byzantine.test.ts[2m > [22m[2mREQ-RMS-017 — Byzantine under-server attributed to R via the SHIPPED canary pipeline[2m > [22m[2mR (overclaim->under-serve) is slashed pinned to its miner_id; honest R2 is never slashed
[22m[39m{"timestamp":"2026-06-22T06:19:18.989Z","level":"INFO","source":"frontend","module":"webrtc/sframe-transform","message":"encrypted frame","context":{"kid":9,"ctr":4,"byteLength":62,"codecOffset":10}}

[90mstdout[2m | apps/validator-daemon/src/canary/__tests__/mesh-byzantine.test.ts[2m > [22m[2mREQ-RMS-017 — Byzantine under-server attributed to R via the SHIPPED canary pipeline[2m > [22m[2mR (overclaim->under-serve) is slashed pinned to its miner_id; honest R2 is never slashed
[22m[39m{"timestamp":"2026-06-22T06:19:18.989Z","level":"INFO","source":"frontend","module":"webrtc/sframe-transform","message":"encrypted frame","context":{"kid":9,"ctr":5,"byteLength":62,"codecOffset":10}}

[90mstdout[2m | apps/validator-daemon/src/canary/__tests__/mesh-byzantine.test.ts[2m > [22m[2mREQ-RMS-017 — Byzantine under-server attributed to R via the SHIPPED canary pipeline[2m > [22m[2mR (overclaim->under-serve) is slashed pinned to its miner_id; honest R2 is never slashed
[22m[39m{"timestamp":"2026-06-22T06:19:18.989Z","level":"INFO","source":"frontend","module":"webrtc/sframe-transform","message":"encrypted frame","context":{"kid":9,"ctr":6,"byteLength":62,"codecOffset":10}}

[90mstdout[2m | apps/validator-daemon/src/canary/__tests__/mesh-byzantine.test.ts[2m > [22m[2mREQ-RMS-017 — Byzantine under-server attributed to R via the SHIPPED canary pipeline[2m > [22m[2mR (overclaim->under-serve) is slashed pinned to its miner_id; honest R2 is never slashed
[22m[39m{"timestamp":"2026-06-22T06:19:18.990Z","level":"INFO","source":"frontend","module":"webrtc/sframe-transform","message":"encrypted frame","context":{"kid":9,"ctr":7,"byteLength":62,"codecOffset":10}}

{"level":30,"time":1782109158990,"pid":29576,"hostname":"Quang","name":"canary/verifier","canaryKid":9,"mediaPackets":8,"byteIdentical":8,"divergences":0,"msg":"canary forwarding verified"}
[90mstdout[2m | apps/validator-daemon/src/canary/__tests__/mesh-byzantine.test.ts[2m > [22m[2mREQ-RMS-017 — Byzantine under-server attributed to R via the SHIPPED canary pipeline[2m > [22m[2mR (overclaim->under-serve) is slashed pinned to its miner_id; honest R2 is never slashed
[22m[39m{"timestamp":"2026-06-22T06:19:18.990Z","level":"INFO","source":"frontend","module":"webrtc/sframe-transform","message":"encrypted frame","context":{"kid":9,"ctr":0,"byteLength":62,"codecOffset":10}}

[90mstdout[2m | apps/validator-daemon/src/canary/__tests__/mesh-byzantine.test.ts[2m > [22m[2mREQ-RMS-017 — Byzantine under-server attributed to R via the SHIPPED canary pipeline[2m > [22m[2mR (overclaim->under-serve) is slashed pinned to its miner_id; honest R2 is never slashed
[22m[39m{"timestamp":"2026-06-22T06:19:18.991Z","level":"INFO","source":"frontend","module":"webrtc/sframe-transform","message":"encrypted frame","context":{"kid":9,"ctr":1,"byteLength":62,"codecOffset":10}}

[90mstdout[2m | apps/validator-daemon/src/canary/__tests__/mesh-byzantine.test.ts[2m > [22m[2mREQ-RMS-017 — Byzantine under-server attributed to R via the SHIPPED canary pipeline[2m > [22m[2mR (overclaim->under-serve) is slashed pinned to its miner_id; honest R2 is never slashed
[22m[39m{"timestamp":"2026-06-22T06:19:18.991Z","level":"INFO","source":"frontend","module":"webrtc/sframe-transform","message":"encrypted frame","context":{"kid":9,"ctr":2,"byteLength":62,"codecOffset":10}}

[90mstdout[2m | apps/validator-daemon/src/canary/__tests__/mesh-byzantine.test.ts[2m > [22m[2mREQ-RMS-017 — Byzantine under-server attributed to R via the SHIPPED canary pipeline[2m > [22m[2mR (overclaim->under-serve) is slashed pinned to its miner_id; honest R2 is never slashed
[22m[39m{"timestamp":"2026-06-22T06:19:18.992Z","level":"INFO","source":"frontend","module":"webrtc/sframe-transform","message":"encrypted frame","context":{"kid":9,"ctr":3,"byteLength":62,"codecOffset":10}}

[90mstdout[2m | apps/validator-daemon/src/canary/__tests__/mesh-byzantine.test.ts[2m > [22m[2mREQ-RMS-017 — Byzantine under-server attributed to R via the SHIPPED canary pipeline[2m > [22m[2mR (overclaim->under-serve) is slashed pinned to its miner_id; honest R2 is never slashed
[22m[39m{"timestamp":"2026-06-22T06:19:18.992Z","level":"INFO","source":"frontend","module":"webrtc/sframe-transform","message":"encrypted frame","context":{"kid":9,"ctr":4,"byteLength":62,"codecOffset":10}}

[90mstdout[2m | apps/validator-daemon/src/canary/__tests__/mesh-byzantine.test.ts[2m > [22m[2mREQ-RMS-017 — Byzantine under-server attributed to R via the SHIPPED canary pipeline[2m > [22m[2mR (overclaim->under-serve) is slashed pinned to its miner_id; honest R2 is never slashed
[22m[39m{"timestamp":"2026-06-22T06:19:18.992Z","level":"INFO","source":"frontend","module":"webrtc/sframe-transform","message":"encrypted frame","context":{"kid":9,"ctr":5,"byteLength":62,"codecOffset":10}}

[90mstdout[2m | apps/validator-daemon/src/canary/__tests__/mesh-byzantine.test.ts[2m > [22m[2mREQ-RMS-017 — Byzantine under-server attributed to R via the SHIPPED canary pipeline[2m > [22m[2mR (overclaim->under-serve) is slashed pinned to its miner_id; honest R2 is never slashed
[22m[39m{"timestamp":"2026-06-22T06:19:18.993Z","level":"INFO","source":"frontend","module":"webrtc/sframe-transform","message":"encrypted frame","context":{"kid":9,"ctr":6,"byteLength":62,"codecOffset":10}}

[90mstdout[2m | apps/validator-daemon/src/canary/__tests__/mesh-byzantine.test.ts[2m > [22m[2mREQ-RMS-017 — Byzantine under-server attributed to R via the SHIPPED canary pipeline[2m > [22m[2mR (overclaim->under-serve) is slashed pinned to its miner_id; honest R2 is never slashed
[22m[39m{"timestamp":"2026-06-22T06:19:18.993Z","level":"INFO","source":"frontend","module":"webrtc/sframe-transform","message":"encrypted frame","context":{"kid":9,"ctr":7,"byteLength":62,"codecOffset":10}}

{"level":30,"time":1782109158993,"pid":29576,"hostname":"Quang","name":"canary/verifier","canaryKid":9,"mediaPackets":8,"byteIdentical":8,"divergences":0,"msg":"canary forwarding verified"}
{"level":30,"time":1782109158993,"pid":29576,"hostname":"Quang","name":"canary/loss-classifier","relayMinerId":"relay-honest-R2","promoted":0,"absorbed":0,"tampers":0,"cumulativeCrossed":false,"msg":"canary divergences classified (drop gate / tamper p=1)"}
{"level":30,"time":1782109158993,"pid":29576,"hostname":"Quang","name":"canary/verify-loop","round":5,"relayMinerId":"relay-honest-R2","roomId":"mesh-room","perReceiver":2,"promoted":0,"absorbed":0,"stunLossBps":"0","msg":"canary verify round classified (hermetic half — synthetic capture, STUN read live)"}
[90mstdout[2m | apps/validator-daemon/src/canary/__tests__/mesh-byzantine.test.ts[2m > [22m[2mREQ-RMS-017 — Byzantine under-server attributed to R via the SHIPPED canary pipeline[2m > [22m[2mR (overclaim->under-serve) is slashed pinned to its miner_id; honest R2 is never slashed
[22m[39m{"timestamp":"2026-06-22T06:19:18.994Z","level":"INFO","source":"frontend","module":"webrtc/sframe-transform","message":"encrypted frame","context":{"kid":9,"ctr":0,"byteLength":62,"codecOffset":10}}

[90mstdout[2m | apps/validator-daemon/src/canary/__tests__/mesh-byzantine.test.ts[2m > [22m[2mREQ-RMS-017 — Byzantine under-server attributed to R via the SHIPPED canary pipeline[2m > [22m[2mR (overclaim->under-serve) is slashed pinned to its miner_id; honest R2 is never slashed
[22m[39m{"timestamp":"2026-06-22T06:19:18.994Z","level":"INFO","source":"frontend","module":"webrtc/sframe-transform","message":"encrypted frame","context":{"kid":9,"ctr":1,"byteLength":62,"codecOffset":10}}

[90mstdout[2m | apps/validator-daemon/src/canary/__tests__/mesh-byzantine.test.ts[2m > [22m[2mREQ-RMS-017 — Byzantine under-server attributed to R via the SHIPPED canary pipeline[2m > [22m[2mR (overclaim->under-serve) is slashed pinned to its miner_id; honest R2 is never slashed
[22m[39m{"timestamp":"2026-06-22T06:19:18.995Z","level":"INFO","source":"frontend","module":"webrtc/sframe-transform","message":"encrypted frame","context":{"kid":9,"ctr":2,"byteLength":62,"codecOffset":10}}

[90mstdout[2m | apps/validator-daemon/src/canary/__tests__/mesh-byzantine.test.ts[2m > [22m[2mREQ-RMS-017 — Byzantine under-server attributed to R via the SHIPPED canary pipeline[2m > [22m[2mR (overclaim->under-serve) is slashed pinned to its miner_id; honest R2 is never slashed
[22m[39m{"timestamp":"2026-06-22T06:19:18.995Z","level":"INFO","source":"frontend","module":"webrtc/sframe-transform","message":"encrypted frame","context":{"kid":9,"ctr":3,"byteLength":62,"codecOffset":10}}

[90mstdout[2m | apps/validator-daemon/src/canary/__tests__/mesh-byzantine.test.ts[2m > [22m[2mREQ-RMS-017 — Byzantine under-server attributed to R via the SHIPPED canary pipeline[2m > [22m[2mR (overclaim->under-serve) is slashed pinned to its miner_id; honest R2 is never slashed
[22m[39m{"timestamp":"2026-06-22T06:19:18.996Z","level":"INFO","source":"frontend","module":"webrtc/sframe-transform","message":"encrypted frame","context":{"kid":9,"ctr":4,"byteLength":62,"codecOffset":10}}

[90mstdout[2m | apps/validator-daemon/src/canary/__tests__/mesh-byzantine.test.ts[2m > [22m[2mREQ-RMS-017 — Byzantine under-server attributed to R via the SHIPPED canary pipeline[2m > [22m[2mR (overclaim->under-serve) is slashed pinned to its miner_id; honest R2 is never slashed
[22m[39m{"timestamp":"2026-06-22T06:19:18.996Z","level":"INFO","source":"frontend","module":"webrtc/sframe-transform","message":"encrypted frame","context":{"kid":9,"ctr":6,"byteLength":62,"codecOffset":10}}

[90mstdout[2m | apps/validator-daemon/src/canary/__tests__/mesh-byzantine.test.ts[2m > [22m[2mREQ-RMS-017 — Byzantine under-server attributed to R via the SHIPPED canary pipeline[2m > [22m[2mR (overclaim->under-serve) is slashed pinned to its miner_id; honest R2 is never slashed
[22m[39m{"timestamp":"2026-06-22T06:19:18.997Z","level":"INFO","source":"frontend","module":"webrtc/sframe-transform","message":"encrypted frame","context":{"kid":9,"ctr":7,"byteLength":62,"codecOffset":10}}

[90mstdout[2m | apps/validator-daemon/src/canary/__tests__/mesh-byzantine.test.ts[2m > [22m[2mREQ-RMS-017 — Byzantine under-server attributed to R via the SHIPPED canary pipeline[2m > [22m[2mR (overclaim->under-serve) is slashed pinned to its miner_id; honest R2 is never slashed
[22m[39m{"timestamp":"2026-06-22T06:19:18.997Z","level":"INFO","source":"frontend","module":"webrtc/sframe-transform","message":"encrypted frame","context":{"kid":9,"ctr":0,"byteLength":62,"codecOffset":10}}

[90mstdout[2m | apps/validator-daemon/src/canary/__tests__/mesh-byzantine.test.ts[2m > [22m[2mREQ-RMS-017 — Byzantine under-server attributed to R via the SHIPPED canary pipeline[2m > [22m[2mR (overclaim->under-serve) is slashed pinned to its miner_id; honest R2 is never slashed
[22m[39m{"timestamp":"2026-06-22T06:19:18.998Z","level":"INFO","source":"frontend","module":"webrtc/sframe-transform","message":"encrypted frame","context":{"kid":9,"ctr":1,"byteLength":62,"codecOffset":10}}

[90mstdout[2m | apps/validator-daemon/src/canary/__tests__/mesh-byzantine.test.ts[2m > [22m[2mREQ-RMS-017 — Byzantine under-server attributed to R via the SHIPPED canary pipeline[2m > [22m[2mR (overclaim->under-serve) is slashed pinned to its miner_id; honest R2 is never slashed
[22m[39m{"timestamp":"2026-06-22T06:19:18.998Z","level":"INFO","source":"frontend","module":"webrtc/sframe-transform","message":"encrypted frame","context":{"kid":9,"ctr":2,"byteLength":62,"codecOffset":10}}

[90mstdout[2m | apps/validator-daemon/src/canary/__tests__/mesh-byzantine.test.ts[2m > [22m[2mREQ-RMS-017 — Byzantine under-server attributed to R via the SHIPPED canary pipeline[2m > [22m[2mR (overclaim->under-serve) is slashed pinned to its miner_id; honest R2 is never slashed
[22m[39m{"timestamp":"2026-06-22T06:19:18.998Z","level":"INFO","source":"frontend","module":"webrtc/sframe-transform","message":"encrypted frame","context":{"kid":9,"ctr":3,"byteLength":62,"codecOffset":10}}

[90mstdout[2m | apps/validator-daemon/src/canary/__tests__/mesh-byzantine.test.ts[2m > [22m[2mREQ-RMS-017 — Byzantine under-server attributed to R via the SHIPPED canary pipeline[2m > [22m[2mR (overclaim->under-serve) is slashed pinned to its miner_id; honest R2 is never slashed
[22m[39m{"timestamp":"2026-06-22T06:19:18.999Z","level":"INFO","source":"frontend","module":"webrtc/sframe-transform","message":"encrypted frame","context":{"kid":9,"ctr":4,"byteLength":62,"codecOffset":10}}

[90mstdout[2m | apps/validator-daemon/src/canary/__tests__/mesh-byzantine.test.ts[2m > [22m[2mREQ-RMS-017 — Byzantine under-server attributed to R via the SHIPPED canary pipeline[2m > [22m[2mR (overclaim->under-serve) is slashed pinned to its miner_id; honest R2 is never slashed
[22m[39m{"timestamp":"2026-06-22T06:19:18.999Z","level":"INFO","source":"frontend","module":"webrtc/sframe-transform","message":"encrypted frame","context":{"kid":9,"ctr":5,"byteLength":62,"codecOffset":10}}

[90mstdout[2m | apps/validator-daemon/src/canary/__tests__/mesh-byzantine.test.ts[2m > [22m[2mREQ-RMS-017 — Byzantine under-server attributed to R via the SHIPPED canary pipeline[2m > [22m[2mR (overclaim->under-serve) is slashed pinned to its miner_id; honest R2 is never slashed
[22m[39m{"timestamp":"2026-06-22T06:19:18.999Z","level":"INFO","source":"frontend","module":"webrtc/sframe-transform","message":"encrypted frame","context":{"kid":9,"ctr":6,"byteLength":62,"codecOffset":10}}

[90mstdout[2m | apps/validator-daemon/src/canary/__tests__/mesh-byzantine.test.ts[2m > [22m[2mREQ-RMS-017 — Byzantine under-server attributed to R via the SHIPPED canary pipeline[2m > [22m[2mR (overclaim->under-serve) is slashed pinned to its miner_id; honest R2 is never slashed
[22m[39m{"timestamp":"2026-06-22T06:19:19.000Z","level":"INFO","source":"frontend","module":"webrtc/sframe-transform","message":"encrypted frame","context":{"kid":9,"ctr":7,"byteLength":62,"codecOffset":10}}

{"level":30,"time":1782109159000,"pid":29576,"hostname":"Quang","name":"canary/verifier","canaryKid":9,"mediaPackets":7,"byteIdentical":7,"divergences":1,"msg":"canary forwarding verified"}
[90mstdout[2m | apps/validator-daemon/src/canary/__tests__/mesh-byzantine.test.ts[2m > [22m[2mREQ-RMS-017 — Byzantine under-server attributed to R via the SHIPPED canary pipeline[2m > [22m[2mR (overclaim->under-serve) is slashed pinned to its miner_id; honest R2 is never slashed
[22m[39m{"timestamp":"2026-06-22T06:19:19.000Z","level":"INFO","source":"frontend","module":"webrtc/sframe-transform","message":"encrypted frame","context":{"kid":9,"ctr":0,"byteLength":62,"codecOffset":10}}

[90mstdout[2m | apps/validator-daemon/src/canary/__tests__/mesh-byzantine.test.ts[2m > [22m[2mREQ-RMS-017 — Byzantine under-server attributed to R via the SHIPPED canary pipeline[2m > [22m[2mR (overclaim->under-serve) is slashed pinned to its miner_id; honest R2 is never slashed
[22m[39m{"timestamp":"2026-06-22T06:19:19.000Z","level":"INFO","source":"frontend","module":"webrtc/sframe-transform","message":"encrypted frame","context":{"kid":9,"ctr":1,"byteLength":62,"codecOffset":10}}

[90mstdout[2m | apps/validator-daemon/src/canary/__tests__/mesh-byzantine.test.ts[2m > [22m[2mREQ-RMS-017 — Byzantine under-server attributed to R via the SHIPPED canary pipeline[2m > [22m[2mR (overclaim->under-serve) is slashed pinned to its miner_id; honest R2 is never slashed
[22m[39m{"timestamp":"2026-06-22T06:19:19.001Z","level":"INFO","source":"frontend","module":"webrtc/sframe-transform","message":"encrypted frame","context":{"kid":9,"ctr":2,"byteLength":62,"codecOffset":10}}

[90mstdout[2m | apps/validator-daemon/src/canary/__tests__/mesh-byzantine.test.ts[2m > [22m[2mREQ-RMS-017 — Byzantine under-server attributed to R via the SHIPPED canary pipeline[2m > [22m[2mR (overclaim->under-serve) is slashed pinned to its miner_id; honest R2 is never slashed
[22m[39m{"timestamp":"2026-06-22T06:19:19.001Z","level":"INFO","source":"frontend","module":"webrtc/sframe-transform","message":"encrypted frame","context":{"kid":9,"ctr":3,"byteLength":62,"codecOffset":10}}

[90mstdout[2m | apps/validator-daemon/src/canary/__tests__/mesh-byzantine.test.ts[2m > [22m[2mREQ-RMS-017 — Byzantine under-server attributed to R via the SHIPPED canary pipeline[2m > [22m[2mR (overclaim->under-serve) is slashed pinned to its miner_id; honest R2 is never slashed
[22m[39m{"timestamp":"2026-06-22T06:19:19.001Z","level":"INFO","source":"frontend","module":"webrtc/sframe-transform","message":"encrypted frame","context":{"kid":9,"ctr":4,"byteLength":62,"codecOffset":10}}

[90mstdout[2m | apps/validator-daemon/src/canary/__tests__/mesh-byzantine.test.ts[2m > [22m[2mREQ-RMS-017 — Byzantine under-server attributed to R via the SHIPPED canary pipeline[2m > [22m[2mR (overclaim->under-serve) is slashed pinned to its miner_id; honest R2 is never slashed
[22m[39m{"timestamp":"2026-06-22T06:19:19.002Z","level":"INFO","source":"frontend","module":"webrtc/sframe-transform","message":"encrypted frame","context":{"kid":9,"ctr":5,"byteLength":62,"codecOffset":10}}

[90mstdout[2m | apps/validator-daemon/src/canary/__tests__/mesh-byzantine.test.ts[2m > [22m[2mREQ-RMS-017 — Byzantine under-server attributed to R via the SHIPPED canary pipeline[2m > [22m[2mR (overclaim->under-serve) is slashed pinned to its miner_id; honest R2 is never slashed
[22m[39m{"timestamp":"2026-06-22T06:19:19.003Z","level":"INFO","source":"frontend","module":"webrtc/sframe-transform","message":"encrypted frame","context":{"kid":9,"ctr":6,"byteLength":62,"codecOffset":10}}

[90mstdout[2m | apps/validator-daemon/src/canary/__tests__/mesh-byzantine.test.ts[2m > [22m[2mREQ-RMS-017 — Byzantine under-server attributed to R via the SHIPPED canary pipeline[2m > [22m[2mR (overclaim->under-serve) is slashed pinned to its miner_id; honest R2 is never slashed
[22m[39m{"timestamp":"2026-06-22T06:19:19.003Z","level":"INFO","source":"frontend","module":"webrtc/sframe-transform","message":"encrypted frame","context":{"kid":9,"ctr":7,"byteLength":62,"codecOffset":10}}

{"level":30,"time":1782109159003,"pid":29576,"hostname":"Quang","name":"canary/verifier","canaryKid":9,"mediaPackets":7,"byteIdentical":7,"divergences":1,"msg":"canary forwarding verified"}
{"level":30,"time":1782109159003,"pid":29576,"hostname":"Quang","name":"canary/loss-classifier","relayMinerId":"relay-byzantine-R","promoted":1,"absorbed":0,"tampers":0,"cumulativeCrossed":true,"msg":"canary divergences classified (drop gate / tamper p=1)"}
{"level":30,"time":1782109159005,"pid":29576,"hostname":"Quang","name":"canary/verify-loop","round":6,"relayMinerId":"relay-byzantine-R","roomId":"mesh-room","perReceiver":2,"promoted":1,"absorbed":0,"stunLossBps":"0","msg":"canary verify round classified (hermetic half — synthetic capture, STUN read live)"}
[90mstdout[2m | apps/validator-daemon/src/canary/__tests__/mesh-byzantine.test.ts[2m > [22m[2mREQ-RMS-017 — Byzantine under-server attributed to R via the SHIPPED canary pipeline[2m > [22m[2mR (overclaim->under-serve) is slashed pinned to its miner_id; honest R2 is never slashed
[22m[39m{"timestamp":"2026-06-22T06:19:19.005Z","level":"INFO","source":"frontend","module":"webrtc/sframe-transform","message":"encrypted frame","context":{"kid":9,"ctr":0,"byteLength":62,"codecOffset":10}}

[90mstdout[2m | apps/validator-daemon/src/canary/__tests__/mesh-byzantine.test.ts[2m > [22m[2mREQ-RMS-017 — Byzantine under-server attributed to R via the SHIPPED canary pipeline[2m > [22m[2mR (overclaim->under-serve) is slashed pinned to its miner_id; honest R2 is never slashed
[22m[39m{"timestamp":"2026-06-22T06:19:19.006Z","level":"INFO","source":"frontend","module":"webrtc/sframe-transform","message":"encrypted frame","context":{"kid":9,"ctr":1,"byteLength":62,"codecOffset":10}}

[90mstdout[2m | apps/validator-daemon/src/canary/__tests__/mesh-byzantine.test.ts[2m > [22m[2mREQ-RMS-017 — Byzantine under-server attributed to R via the SHIPPED canary pipeline[2m > [22m[2mR (overclaim->under-serve) is slashed pinned to its miner_id; honest R2 is never slashed
[22m[39m{"timestamp":"2026-06-22T06:19:19.006Z","level":"INFO","source":"frontend","module":"webrtc/sframe-transform","message":"encrypted frame","context":{"kid":9,"ctr":2,"byteLength":62,"codecOffset":10}}

[90mstdout[2m | apps/validator-daemon/src/canary/__tests__/mesh-byzantine.test.ts[2m > [22m[2mREQ-RMS-017 — Byzantine under-server attributed to R via the SHIPPED canary pipeline[2m > [22m[2mR (overclaim->under-serve) is slashed pinned to its miner_id; honest R2 is never slashed
[22m[39m{"timestamp":"2026-06-22T06:19:19.007Z","level":"INFO","source":"frontend","module":"webrtc/sframe-transform","message":"encrypted frame","context":{"kid":9,"ctr":3,"byteLength":62,"codecOffset":10}}

[90mstdout[2m | apps/validator-daemon/src/canary/__tests__/mesh-byzantine.test.ts[2m > [22m[2mREQ-RMS-017 — Byzantine under-server attributed to R via the SHIPPED canary pipeline[2m > [22m[2mR (overclaim->under-serve) is slashed pinned to its miner_id; honest R2 is never slashed
[22m[39m{"timestamp":"2026-06-22T06:19:19.007Z","level":"INFO","source":"frontend","module":"webrtc/sframe-transform","message":"encrypted frame","context":{"kid":9,"ctr":4,"byteLength":62,"codecOffset":10}}

[90mstdout[2m | apps/validator-daemon/src/canary/__tests__/mesh-byzantine.test.ts[2m > [22m[2mREQ-RMS-017 — Byzantine under-server attributed to R via the SHIPPED canary pipeline[2m > [22m[2mR (overclaim->under-serve) is slashed pinned to its miner_id; honest R2 is never slashed
[22m[39m{"timestamp":"2026-06-22T06:19:19.007Z","level":"INFO","source":"frontend","module":"webrtc/sframe-transform","message":"encrypted frame","context":{"kid":9,"ctr":5,"byteLength":62,"codecOffset":10}}

[90mstdout[2m | apps/validator-daemon/src/canary/__tests__/mesh-byzantine.test.ts[2m > [22m[2mREQ-RMS-017 — Byzantine under-server attributed to R via the SHIPPED canary pipeline[2m > [22m[2mR (overclaim->under-serve) is slashed pinned to its miner_id; honest R2 is never slashed
[22m[39m{"timestamp":"2026-06-22T06:19:19.008Z","level":"INFO","source":"frontend","module":"webrtc/sframe-transform","message":"encrypted frame","context":{"kid":9,"ctr":6,"byteLength":62,"codecOffset":10}}

[90mstdout[2m | apps/validator-daemon/src/canary/__tests__/mesh-byzantine.test.ts[2m > [22m[2mREQ-RMS-017 — Byzantine under-server attributed to R via the SHIPPED canary pipeline[2m > [22m[2mR (overclaim->under-serve) is slashed pinned to its miner_id; honest R2 is never slashed
[22m[39m{"timestamp":"2026-06-22T06:19:19.008Z","level":"INFO","source":"frontend","module":"webrtc/sframe-transform","message":"encrypted frame","context":{"kid":9,"ctr":7,"byteLength":62,"codecOffset":10}}

[90mstdout[2m | apps/validator-daemon/src/canary/__tests__/mesh-byzantine.test.ts[2m > [22m[2mREQ-RMS-017 — Byzantine under-server attributed to R via the SHIPPED canary pipeline[2m > [22m[2mR (overclaim->under-serve) is slashed pinned to its miner_id; honest R2 is never slashed
[22m[39m{"timestamp":"2026-06-22T06:19:19.009Z","level":"INFO","source":"frontend","module":"webrtc/sframe-transform","message":"encrypted frame","context":{"kid":9,"ctr":0,"byteLength":62,"codecOffset":10}}

[90mstdout[2m | apps/validator-daemon/src/canary/__tests__/mesh-byzantine.test.ts[2m > [22m[2mREQ-RMS-017 — Byzantine under-server attributed to R via the SHIPPED canary pipeline[2m > [22m[2mR (overclaim->under-serve) is slashed pinned to its miner_id; honest R2 is never slashed
[22m[39m{"timestamp":"2026-06-22T06:19:19.009Z","level":"INFO","source":"frontend","module":"webrtc/sframe-transform","message":"encrypted frame","context":{"kid":9,"ctr":1,"byteLength":62,"codecOffset":10}}

[90mstdout[2m | apps/validator-daemon/src/canary/__tests__/mesh-byzantine.test.ts[2m > [22m[2mREQ-RMS-017 — Byzantine under-server attributed to R via the SHIPPED canary pipeline[2m > [22m[2mR (overclaim->under-serve) is slashed pinned to its miner_id; honest R2 is never slashed
[22m[39m{"timestamp":"2026-06-22T06:19:19.010Z","level":"INFO","source":"frontend","module":"webrtc/sframe-transform","message":"encrypted frame","context":{"kid":9,"ctr":2,"byteLength":62,"codecOffset":10}}

[90mstdout[2m | apps/validator-daemon/src/canary/__tests__/mesh-byzantine.test.ts[2m > [22m[2mREQ-RMS-017 — Byzantine under-server attributed to R via the SHIPPED canary pipeline[2m > [22m[2mR (overclaim->under-serve) is slashed pinned to its miner_id; honest R2 is never slashed
[22m[39m{"timestamp":"2026-06-22T06:19:19.010Z","level":"INFO","source":"frontend","module":"webrtc/sframe-transform","message":"encrypted frame","context":{"kid":9,"ctr":3,"byteLength":62,"codecOffset":10}}

[90mstdout[2m | apps/validator-daemon/src/canary/__tests__/mesh-byzantine.test.ts[2m > [22m[2mREQ-RMS-017 — Byzantine under-server attributed to R via the SHIPPED canary pipeline[2m > [22m[2mR (overclaim->under-serve) is slashed pinned to its miner_id; honest R2 is never slashed
[22m[39m{"timestamp":"2026-06-22T06:19:19.010Z","level":"INFO","source":"frontend","module":"webrtc/sframe-transform","message":"encrypted frame","context":{"kid":9,"ctr":4,"byteLength":62,"codecOffset":10}}

[90mstdout[2m | apps/validator-daemon/src/canary/__tests__/mesh-byzantine.test.ts[2m > [22m[2mREQ-RMS-017 — Byzantine under-server attributed to R via the SHIPPED canary pipeline[2m > [22m[2mR (overclaim->under-serve) is slashed pinned to its miner_id; honest R2 is never slashed
[22m[39m{"timestamp":"2026-06-22T06:19:19.011Z","level":"INFO","source":"frontend","module":"webrtc/sframe-transform","message":"encrypted frame","context":{"kid":9,"ctr":5,"byteLength":62,"codecOffset":10}}

[90mstdout[2m | apps/validator-daemon/src/canary/__tests__/mesh-byzantine.test.ts[2m > [22m[2mREQ-RMS-017 — Byzantine under-server attributed to R via the SHIPPED canary pipeline[2m > [22m[2mR (overclaim->under-serve) is slashed pinned to its miner_id; honest R2 is never slashed
[22m[39m{"timestamp":"2026-06-22T06:19:19.011Z","level":"INFO","source":"frontend","module":"webrtc/sframe-transform","message":"encrypted frame","context":{"kid":9,"ctr":6,"byteLength":62,"codecOffset":10}}

[90mstdout[2m | apps/validator-daemon/src/canary/__tests__/mesh-byzantine.test.ts[2m > [22m[2mREQ-RMS-017 — Byzantine under-server attributed to R via the SHIPPED canary pipeline[2m > [22m[2mR (overclaim->under-serve) is slashed pinned to its miner_id; honest R2 is never slashed
[22m[39m{"timestamp":"2026-06-22T06:19:19.012Z","level":"INFO","source":"frontend","module":"webrtc/sframe-transform","message":"encrypted frame","context":{"kid":9,"ctr":7,"byteLength":62,"codecOffset":10}}

{"level":30,"time":1782109159012,"pid":29576,"hostname":"Quang","name":"canary/verifier","canaryKid":9,"mediaPackets":8,"byteIdentical":8,"divergences":0,"msg":"canary forwarding verified"}
[90mstdout[2m | apps/validator-daemon/src/canary/__tests__/mesh-byzantine.test.ts[2m > [22m[2mREQ-RMS-017 — Byzantine under-server attributed to R via the SHIPPED canary pipeline[2m > [22m[2mR (overclaim->under-serve) is slashed pinned to its miner_id; honest R2 is never slashed
[22m[39m{"timestamp":"2026-06-22T06:19:19.012Z","level":"INFO","source":"frontend","module":"webrtc/sframe-transform","message":"encrypted frame","context":{"kid":9,"ctr":0,"byteLength":62,"codecOffset":10}}

[90mstdout[2m | apps/validator-daemon/src/canary/__tests__/mesh-byzantine.test.ts[2m > [22m[2mREQ-RMS-017 — Byzantine under-server attributed to R via the SHIPPED canary pipeline[2m > [22m[2mR (overclaim->under-serve) is slashed pinned to its miner_id; honest R2 is never slashed
[22m[39m{"timestamp":"2026-06-22T06:19:19.012Z","level":"INFO","source":"frontend","module":"webrtc/sframe-transform","message":"encrypted frame","context":{"kid":9,"ctr":1,"byteLength":62,"codecOffset":10}}

[90mstdout[2m | apps/validator-daemon/src/canary/__tests__/mesh-byzantine.test.ts[2m > [22m[2mREQ-RMS-017 — Byzantine under-server attributed to R via the SHIPPED canary pipeline[2m > [22m[2mR (overclaim->under-serve) is slashed pinned to its miner_id; honest R2 is never slashed
[22m[39m{"timestamp":"2026-06-22T06:19:19.013Z","level":"INFO","source":"frontend","module":"webrtc/sframe-transform","message":"encrypted frame","context":{"kid":9,"ctr":2,"byteLength":62,"codecOffset":10}}

[90mstdout[2m | apps/validator-daemon/src/canary/__tests__/mesh-byzantine.test.ts[2m > [22m[2mREQ-RMS-017 — Byzantine under-server attributed to R via the SHIPPED canary pipeline[2m > [22m[2mR (overclaim->under-serve) is slashed pinned to its miner_id; honest R2 is never slashed
[22m[39m{"timestamp":"2026-06-22T06:19:19.013Z","level":"INFO","source":"frontend","module":"webrtc/sframe-transform","message":"encrypted frame","context":{"kid":9,"ctr":3,"byteLength":62,"codecOffset":10}}

[90mstdout[2m | apps/validator-daemon/src/canary/__tests__/mesh-byzantine.test.ts[2m > [22m[2mREQ-RMS-017 — Byzantine under-server attributed to R via the SHIPPED canary pipeline[2m > [22m[2mR (overclaim->under-serve) is slashed pinned to its miner_id; honest R2 is never slashed
[22m[39m{"timestamp":"2026-06-22T06:19:19.013Z","level":"INFO","source":"frontend","module":"webrtc/sframe-transform","message":"encrypted frame","context":{"kid":9,"ctr":4,"byteLength":62,"codecOffset":10}}

[90mstdout[2m | apps/validator-daemon/src/canary/__tests__/mesh-byzantine.test.ts[2m > [22m[2mREQ-RMS-017 — Byzantine under-server attributed to R via the SHIPPED canary pipeline[2m > [22m[2mR (overclaim->under-serve) is slashed pinned to its miner_id; honest R2 is never slashed
[22m[39m{"timestamp":"2026-06-22T06:19:19.014Z","level":"INFO","source":"frontend","module":"webrtc/sframe-transform","message":"encrypted frame","context":{"kid":9,"ctr":5,"byteLength":62,"codecOffset":10}}

[90mstdout[2m | apps/validator-daemon/src/canary/__tests__/mesh-byzantine.test.ts[2m > [22m[2mREQ-RMS-017 — Byzantine under-server attributed to R via the SHIPPED canary pipeline[2m > [22m[2mR (overclaim->under-serve) is slashed pinned to its miner_id; honest R2 is never slashed
[22m[39m{"timestamp":"2026-06-22T06:19:19.014Z","level":"INFO","source":"frontend","module":"webrtc/sframe-transform","message":"encrypted frame","context":{"kid":9,"ctr":6,"byteLength":62,"codecOffset":10}}

[90mstdout[2m | apps/validator-daemon/src/canary/__tests__/mesh-byzantine.test.ts[2m > [22m[2mREQ-RMS-017 — Byzantine under-server attributed to R via the SHIPPED canary pipeline[2m > [22m[2mR (overclaim->under-serve) is slashed pinned to its miner_id; honest R2 is never slashed
[22m[39m{"timestamp":"2026-06-22T06:19:19.014Z","level":"INFO","source":"frontend","module":"webrtc/sframe-transform","message":"encrypted frame","context":{"kid":9,"ctr":7,"byteLength":62,"codecOffset":10}}

{"level":30,"time":1782109159015,"pid":29576,"hostname":"Quang","name":"canary/verifier","canaryKid":9,"mediaPackets":8,"byteIdentical":8,"divergences":0,"msg":"canary forwarding verified"}
{"level":30,"time":1782109159015,"pid":29576,"hostname":"Quang","name":"canary/loss-classifier","relayMinerId":"relay-honest-R2","promoted":0,"absorbed":0,"tampers":0,"cumulativeCrossed":false,"msg":"canary divergences classified (drop gate / tamper p=1)"}
{"level":30,"time":1782109159015,"pid":29576,"hostname":"Quang","name":"canary/verify-loop","round":6,"relayMinerId":"relay-honest-R2","roomId":"mesh-room","perReceiver":2,"promoted":0,"absorbed":0,"stunLossBps":"0","msg":"canary verify round classified (hermetic half — synthetic capture, STUN read live)"}
[90mstdout[2m | apps/validator-daemon/src/canary/__tests__/mesh-byzantine.test.ts[2m > [22m[2mREQ-RMS-017 — Byzantine under-server attributed to R via the SHIPPED canary pipeline[2m > [22m[2mR (overclaim->under-serve) is slashed pinned to its miner_id; honest R2 is never slashed
[22m[39m{"timestamp":"2026-06-22T06:19:19.015Z","level":"INFO","source":"frontend","module":"webrtc/sframe-transform","message":"encrypted frame","context":{"kid":9,"ctr":0,"byteLength":62,"codecOffset":10}}

[90mstdout[2m | apps/validator-daemon/src/canary/__tests__/mesh-byzantine.test.ts[2m > [22m[2mREQ-RMS-017 — Byzantine under-server attributed to R via the SHIPPED canary pipeline[2m > [22m[2mR (overclaim->under-serve) is slashed pinned to its miner_id; honest R2 is never slashed
[22m[39m{"timestamp":"2026-06-22T06:19:19.016Z","level":"INFO","source":"frontend","module":"webrtc/sframe-transform","message":"encrypted frame","context":{"kid":9,"ctr":1,"byteLength":62,"codecOffset":10}}

[90mstdout[2m | apps/validator-daemon/src/canary/__tests__/mesh-byzantine.test.ts[2m > [22m[2mREQ-RMS-017 — Byzantine under-server attributed to R via the SHIPPED canary pipeline[2m > [22m[2mR (overclaim->under-serve) is slashed pinned to its miner_id; honest R2 is never slashed
[22m[39m{"timestamp":"2026-06-22T06:19:19.016Z","level":"INFO","source":"frontend","module":"webrtc/sframe-transform","message":"encrypted frame","context":{"kid":9,"ctr":2,"byteLength":62,"codecOffset":10}}

[90mstdout[2m | apps/validator-daemon/src/canary/__tests__/mesh-byzantine.test.ts[2m > [22m[2mREQ-RMS-017 — Byzantine under-server attributed to R via the SHIPPED canary pipeline[2m > [22m[2mR (overclaim->under-serve) is slashed pinned to its miner_id; honest R2 is never slashed
[22m[39m{"timestamp":"2026-06-22T06:19:19.016Z","level":"INFO","source":"frontend","module":"webrtc/sframe-transform","message":"encrypted frame","context":{"kid":9,"ctr":3,"byteLength":62,"codecOffset":10}}

[90mstdout[2m | apps/validator-daemon/src/canary/__tests__/mesh-byzantine.test.ts[2m > [22m[2mREQ-RMS-017 — Byzantine under-server attributed to R via the SHIPPED canary pipeline[2m > [22m[2mR (overclaim->under-serve) is slashed pinned to its miner_id; honest R2 is never slashed
[22m[39m{"timestamp":"2026-06-22T06:19:19.016Z","level":"INFO","source":"frontend","module":"webrtc/sframe-transform","message":"encrypted frame","context":{"kid":9,"ctr":4,"byteLength":62,"codecOffset":10}}

[90mstdout[2m | apps/validator-daemon/src/canary/__tests__/mesh-byzantine.test.ts[2m > [22m[2mREQ-RMS-017 — Byzantine under-server attributed to R via the SHIPPED canary pipeline[2m > [22m[2mR (overclaim->under-serve) is slashed pinned to its miner_id; honest R2 is never slashed
[22m[39m{"timestamp":"2026-06-22T06:19:19.017Z","level":"INFO","source":"frontend","module":"webrtc/sframe-transform","message":"encrypted frame","context":{"kid":9,"ctr":6,"byteLength":62,"codecOffset":10}}

[90mstdout[2m | apps/validator-daemon/src/canary/__tests__/mesh-byzantine.test.ts[2m > [22m[2mREQ-RMS-017 — Byzantine under-server attributed to R via the SHIPPED canary pipeline[2m > [22m[2mR (overclaim->under-serve) is slashed pinned to its miner_id; honest R2 is never slashed
[22m[39m{"timestamp":"2026-06-22T06:19:19.017Z","level":"INFO","source":"frontend","module":"webrtc/sframe-transform","message":"encrypted frame","context":{"kid":9,"ctr":7,"byteLength":62,"codecOffset":10}}

[90mstdout[2m | apps/validator-daemon/src/canary/__tests__/mesh-byzantine.test.ts[2m > [22m[2mREQ-RMS-017 — Byzantine under-server attributed to R via the SHIPPED canary pipeline[2m > [22m[2mR (overclaim->under-serve) is slashed pinned to its miner_id; honest R2 is never slashed
[22m[39m{"timestamp":"2026-06-22T06:19:19.017Z","level":"INFO","source":"frontend","module":"webrtc/sframe-transform","message":"encrypted frame","context":{"kid":9,"ctr":0,"byteLength":62,"codecOffset":10}}

[90mstdout[2m | apps/validator-daemon/src/canary/__tests__/mesh-byzantine.test.ts[2m > [22m[2mREQ-RMS-017 — Byzantine under-server attributed to R via the SHIPPED canary pipeline[2m > [22m[2mR (overclaim->under-serve) is slashed pinned to its miner_id; honest R2 is never slashed
[22m[39m{"timestamp":"2026-06-22T06:19:19.018Z","level":"INFO","source":"frontend","module":"webrtc/sframe-transform","message":"encrypted frame","context":{"kid":9,"ctr":1,"byteLength":62,"codecOffset":10}}

[90mstdout[2m | apps/validator-daemon/src/canary/__tests__/mesh-byzantine.test.ts[2m > [22m[2mREQ-RMS-017 — Byzantine under-server attributed to R via the SHIPPED canary pipeline[2m > [22m[2mR (overclaim->under-serve) is slashed pinned to its miner_id; honest R2 is never slashed
[22m[39m{"timestamp":"2026-06-22T06:19:19.018Z","level":"INFO","source":"frontend","module":"webrtc/sframe-transform","message":"encrypted frame","context":{"kid":9,"ctr":2,"byteLength":62,"codecOffset":10}}

[90mstdout[2m | apps/validator-daemon/src/canary/__tests__/mesh-byzantine.test.ts[2m > [22m[2mREQ-RMS-017 — Byzantine under-server attributed to R via the SHIPPED canary pipeline[2m > [22m[2mR (overclaim->under-serve) is slashed pinned to its miner_id; honest R2 is never slashed
[22m[39m{"timestamp":"2026-06-22T06:19:19.019Z","level":"INFO","source":"frontend","module":"webrtc/sframe-transform","message":"encrypted frame","context":{"kid":9,"ctr":3,"byteLength":62,"codecOffset":10}}

[90mstdout[2m | apps/validator-daemon/src/canary/__tests__/mesh-byzantine.test.ts[2m > [22m[2mREQ-RMS-017 — Byzantine under-server attributed to R via the SHIPPED canary pipeline[2m > [22m[2mR (overclaim->under-serve) is slashed pinned to its miner_id; honest R2 is never slashed
[22m[39m{"timestamp":"2026-06-22T06:19:19.019Z","level":"INFO","source":"frontend","module":"webrtc/sframe-transform","message":"encrypted frame","context":{"kid":9,"ctr":4,"byteLength":62,"codecOffset":10}}

[90mstdout[2m | apps/validator-daemon/src/canary/__tests__/mesh-byzantine.test.ts[2m > [22m[2mREQ-RMS-017 — Byzantine under-server attributed to R via the SHIPPED canary pipeline[2m > [22m[2mR (overclaim->under-serve) is slashed pinned to its miner_id; honest R2 is never slashed
[22m[39m{"timestamp":"2026-06-22T06:19:19.019Z","level":"INFO","source":"frontend","module":"webrtc/sframe-transform","message":"encrypted frame","context":{"kid":9,"ctr":5,"byteLength":62,"codecOffset":10}}

[90mstdout[2m | apps/validator-daemon/src/canary/__tests__/mesh-byzantine.test.ts[2m > [22m[2mREQ-RMS-017 — Byzantine under-server attributed to R via the SHIPPED canary pipeline[2m > [22m[2mR (overclaim->under-serve) is slashed pinned to its miner_id; honest R2 is never slashed
[22m[39m{"timestamp":"2026-06-22T06:19:19.020Z","level":"INFO","source":"frontend","module":"webrtc/sframe-transform","message":"encrypted frame","context":{"kid":9,"ctr":6,"byteLength":62,"codecOffset":10}}

[90mstdout[2m | apps/validator-daemon/src/canary/__tests__/mesh-byzantine.test.ts[2m > [22m[2mREQ-RMS-017 — Byzantine under-server attributed to R via the SHIPPED canary pipeline[2m > [22m[2mR (overclaim->under-serve) is slashed pinned to its miner_id; honest R2 is never slashed
[22m[39m{"timestamp":"2026-06-22T06:19:19.020Z","level":"INFO","source":"frontend","module":"webrtc/sframe-transform","message":"encrypted frame","context":{"kid":9,"ctr":7,"byteLength":62,"codecOffset":10}}

{"level":30,"time":1782109159020,"pid":29576,"hostname":"Quang","name":"canary/verifier","canaryKid":9,"mediaPackets":7,"byteIdentical":7,"divergences":1,"msg":"canary forwarding verified"}
[90mstdout[2m | apps/validator-daemon/src/canary/__tests__/mesh-byzantine.test.ts[2m > [22m[2mREQ-RMS-017 — Byzantine under-server attributed to R via the SHIPPED canary pipeline[2m > [22m[2mR (overclaim->under-serve) is slashed pinned to its miner_id; honest R2 is never slashed
[22m[39m{"timestamp":"2026-06-22T06:19:19.020Z","level":"INFO","source":"frontend","module":"webrtc/sframe-transform","message":"encrypted frame","context":{"kid":9,"ctr":0,"byteLength":62,"codecOffset":10}}

[90mstdout[2m | apps/validator-daemon/src/canary/__tests__/mesh-byzantine.test.ts[2m > [22m[2mREQ-RMS-017 — Byzantine under-server attributed to R via the SHIPPED canary pipeline[2m > [22m[2mR (overclaim->under-serve) is slashed pinned to its miner_id; honest R2 is never slashed
[22m[39m{"timestamp":"2026-06-22T06:19:19.021Z","level":"INFO","source":"frontend","module":"webrtc/sframe-transform","message":"encrypted frame","context":{"kid":9,"ctr":1,"byteLength":62,"codecOffset":10}}

[90mstdout[2m | apps/validator-daemon/src/canary/__tests__/mesh-byzantine.test.ts[2m > [22m[2mREQ-RMS-017 — Byzantine under-server attributed to R via the SHIPPED canary pipeline[2m > [22m[2mR (overclaim->under-serve) is slashed pinned to its miner_id; honest R2 is never slashed
[22m[39m{"timestamp":"2026-06-22T06:19:19.021Z","level":"INFO","source":"frontend","module":"webrtc/sframe-transform","message":"encrypted frame","context":{"kid":9,"ctr":2,"byteLength":62,"codecOffset":10}}

[90mstdout[2m | apps/validator-daemon/src/canary/__tests__/mesh-byzantine.test.ts[2m > [22m[2mREQ-RMS-017 — Byzantine under-server attributed to R via the SHIPPED canary pipeline[2m > [22m[2mR (overclaim->under-serve) is slashed pinned to its miner_id; honest R2 is never slashed
[22m[39m{"timestamp":"2026-06-22T06:19:19.021Z","level":"INFO","source":"frontend","module":"webrtc/sframe-transform","message":"encrypted frame","context":{"kid":9,"ctr":3,"byteLength":62,"codecOffset":10}}

[90mstdout[2m | apps/validator-daemon/src/canary/__tests__/mesh-byzantine.test.ts[2m > [22m[2mREQ-RMS-017 — Byzantine under-server attributed to R via the SHIPPED canary pipeline[2m > [22m[2mR (overclaim->under-serve) is slashed pinned to its miner_id; honest R2 is never slashed
[22m[39m{"timestamp":"2026-06-22T06:19:19.022Z","level":"INFO","source":"frontend","module":"webrtc/sframe-transform","message":"encrypted frame","context":{"kid":9,"ctr":4,"byteLength":62,"codecOffset":10}}

[90mstdout[2m | apps/validator-daemon/src/canary/__tests__/mesh-byzantine.test.ts[2m > [22m[2mREQ-RMS-017 — Byzantine under-server attributed to R via the SHIPPED canary pipeline[2m > [22m[2mR (overclaim->under-serve) is slashed pinned to its miner_id; honest R2 is never slashed
[22m[39m{"timestamp":"2026-06-22T06:19:19.022Z","level":"INFO","source":"frontend","module":"webrtc/sframe-transform","message":"encrypted frame","context":{"kid":9,"ctr":5,"byteLength":62,"codecOffset":10}}

[90mstdout[2m | apps/validator-daemon/src/canary/__tests__/mesh-byzantine.test.ts[2m > [22m[2mREQ-RMS-017 — Byzantine under-server attributed to R via the SHIPPED canary pipeline[2m > [22m[2mR (overclaim->under-serve) is slashed pinned to its miner_id; honest R2 is never slashed
[22m[39m{"timestamp":"2026-06-22T06:19:19.022Z","level":"INFO","source":"frontend","module":"webrtc/sframe-transform","message":"encrypted frame","context":{"kid":9,"ctr":6,"byteLength":62,"codecOffset":10}}

[90mstdout[2m | apps/validator-daemon/src/canary/__tests__/mesh-byzantine.test.ts[2m > [22m[2mREQ-RMS-017 — Byzantine under-server attributed to R via the SHIPPED canary pipeline[2m > [22m[2mR (overclaim->under-serve) is slashed pinned to its miner_id; honest R2 is never slashed
[22m[39m{"timestamp":"2026-06-22T06:19:19.022Z","level":"INFO","source":"frontend","module":"webrtc/sframe-transform","message":"encrypted frame","context":{"kid":9,"ctr":7,"byteLength":62,"codecOffset":10}}

{"level":30,"time":1782109159023,"pid":29576,"hostname":"Quang","name":"canary/verifier","canaryKid":9,"mediaPackets":7,"byteIdentical":7,"divergences":1,"msg":"canary forwarding verified"}
{"level":30,"time":1782109159023,"pid":29576,"hostname":"Quang","name":"canary/loss-classifier","relayMinerId":"relay-byzantine-R","promoted":1,"absorbed":0,"tampers":0,"cumulativeCrossed":true,"msg":"canary divergences classified (drop gate / tamper p=1)"}
{"level":30,"time":1782109159024,"pid":29576,"hostname":"Quang","name":"canary/verify-loop","round":6,"relayMinerId":"relay-byzantine-R","roomId":"mesh-room","perReceiver":2,"promoted":1,"absorbed":0,"stunLossBps":"0","msg":"canary verify round classified (hermetic half — synthetic capture, STUN read live)"}
[90mstdout[2m | apps/validator-daemon/src/canary/__tests__/mesh-byzantine.test.ts[2m > [22m[2mREQ-RMS-017 — Byzantine under-server attributed to R via the SHIPPED canary pipeline[2m > [22m[2mR (overclaim->under-serve) is slashed pinned to its miner_id; honest R2 is never slashed
[22m[39m{"timestamp":"2026-06-22T06:19:19.024Z","level":"INFO","source":"frontend","module":"webrtc/sframe-transform","message":"encrypted frame","context":{"kid":9,"ctr":0,"byteLength":62,"codecOffset":10}}

[90mstdout[2m | apps/validator-daemon/src/canary/__tests__/mesh-byzantine.test.ts[2m > [22m[2mREQ-RMS-017 — Byzantine under-server attributed to R via the SHIPPED canary pipeline[2m > [22m[2mR (overclaim->under-serve) is slashed pinned to its miner_id; honest R2 is never slashed
[22m[39m{"timestamp":"2026-06-22T06:19:19.024Z","level":"INFO","source":"frontend","module":"webrtc/sframe-transform","message":"encrypted frame","context":{"kid":9,"ctr":1,"byteLength":62,"codecOffset":10}}

[90mstdout[2m | apps/validator-daemon/src/canary/__tests__/mesh-byzantine.test.ts[2m > [22m[2mREQ-RMS-017 — Byzantine under-server attributed to R via the SHIPPED canary pipeline[2m > [22m[2mR (overclaim->under-serve) is slashed pinned to its miner_id; honest R2 is never slashed
[22m[39m{"timestamp":"2026-06-22T06:19:19.025Z","level":"INFO","source":"frontend","module":"webrtc/sframe-transform","message":"encrypted frame","context":{"kid":9,"ctr":2,"byteLength":62,"codecOffset":10}}

[90mstdout[2m | apps/validator-daemon/src/canary/__tests__/mesh-byzantine.test.ts[2m > [22m[2mREQ-RMS-017 — Byzantine under-server attributed to R via the SHIPPED canary pipeline[2m > [22m[2mR (overclaim->under-serve) is slashed pinned to its miner_id; honest R2 is never slashed
[22m[39m{"timestamp":"2026-06-22T06:19:19.025Z","level":"INFO","source":"frontend","module":"webrtc/sframe-transform","message":"encrypted frame","context":{"kid":9,"ctr":3,"byteLength":62,"codecOffset":10}}

[90mstdout[2m | apps/validator-daemon/src/canary/__tests__/mesh-byzantine.test.ts[2m > [22m[2mREQ-RMS-017 — Byzantine under-server attributed to R via the SHIPPED canary pipeline[2m > [22m[2mR (overclaim->under-serve) is slashed pinned to its miner_id; honest R2 is never slashed
[22m[39m{"timestamp":"2026-06-22T06:19:19.025Z","level":"INFO","source":"frontend","module":"webrtc/sframe-transform","message":"encrypted frame","context":{"kid":9,"ctr":4,"byteLength":62,"codecOffset":10}}

[90mstdout[2m | apps/validator-daemon/src/canary/__tests__/mesh-byzantine.test.ts[2m > [22m[2mREQ-RMS-017 — Byzantine under-server attributed to R via the SHIPPED canary pipeline[2m > [22m[2mR (overclaim->under-serve) is slashed pinned to its miner_id; honest R2 is never slashed
[22m[39m{"timestamp":"2026-06-22T06:19:19.026Z","level":"INFO","source":"frontend","module":"webrtc/sframe-transform","message":"encrypted frame","context":{"kid":9,"ctr":5,"byteLength":62,"codecOffset":10}}

[90mstdout[2m | apps/validator-daemon/src/canary/__tests__/mesh-byzantine.test.ts[2m > [22m[2mREQ-RMS-017 — Byzantine under-server attributed to R via the SHIPPED canary pipeline[2m > [22m[2mR (overclaim->under-serve) is slashed pinned to its miner_id; honest R2 is never slashed
[22m[39m{"timestamp":"2026-06-22T06:19:19.026Z","level":"INFO","source":"frontend","module":"webrtc/sframe-transform","message":"encrypted frame","context":{"kid":9,"ctr":6,"byteLength":62,"codecOffset":10}}

[90mstdout[2m | apps/validator-daemon/src/canary/__tests__/mesh-byzantine.test.ts[2m > [22m[2mREQ-RMS-017 — Byzantine under-server attributed to R via the SHIPPED canary pipeline[2m > [22m[2mR (overclaim->under-serve) is slashed pinned to its miner_id; honest R2 is never slashed
[22m[39m{"timestamp":"2026-06-22T06:19:19.027Z","level":"INFO","source":"frontend","module":"webrtc/sframe-transform","message":"encrypted frame","context":{"kid":9,"ctr":7,"byteLength":62,"codecOffset":10}}

[90mstdout[2m | apps/validator-daemon/src/canary/__tests__/mesh-byzantine.test.ts[2m > [22m[2mREQ-RMS-017 — Byzantine under-server attributed to R via the SHIPPED canary pipeline[2m > [22m[2mR (overclaim->under-serve) is slashed pinned to its miner_id; honest R2 is never slashed
[22m[39m{"timestamp":"2026-06-22T06:19:19.027Z","level":"INFO","source":"frontend","module":"webrtc/sframe-transform","message":"encrypted frame","context":{"kid":9,"ctr":0,"byteLength":62,"codecOffset":10}}

[90mstdout[2m | apps/validator-daemon/src/canary/__tests__/mesh-byzantine.test.ts[2m > [22m[2mREQ-RMS-017 — Byzantine under-server attributed to R via the SHIPPED canary pipeline[2m > [22m[2mR (overclaim->under-serve) is slashed pinned to its miner_id; honest R2 is never slashed
[22m[39m{"timestamp":"2026-06-22T06:19:19.027Z","level":"INFO","source":"frontend","module":"webrtc/sframe-transform","message":"encrypted frame","context":{"kid":9,"ctr":1,"byteLength":62,"codecOffset":10}}

[90mstdout[2m | apps/validator-daemon/src/canary/__tests__/mesh-byzantine.test.ts[2m > [22m[2mREQ-RMS-017 — Byzantine under-server attributed to R via the SHIPPED canary pipeline[2m > [22m[2mR (overclaim->under-serve) is slashed pinned to its miner_id; honest R2 is never slashed
[22m[39m{"timestamp":"2026-06-22T06:19:19.028Z","level":"INFO","source":"frontend","module":"webrtc/sframe-transform","message":"encrypted frame","context":{"kid":9,"ctr":2,"byteLength":62,"codecOffset":10}}

[90mstdout[2m | apps/validator-daemon/src/canary/__tests__/mesh-byzantine.test.ts[2m > [22m[2mREQ-RMS-017 — Byzantine under-server attributed to R via the SHIPPED canary pipeline[2m > [22m[2mR (overclaim->under-serve) is slashed pinned to its miner_id; honest R2 is never slashed
[22m[39m{"timestamp":"2026-06-22T06:19:19.028Z","level":"INFO","source":"frontend","module":"webrtc/sframe-transform","message":"encrypted frame","context":{"kid":9,"ctr":3,"byteLength":62,"codecOffset":10}}

[90mstdout[2m | apps/validator-daemon/src/canary/__tests__/mesh-byzantine.test.ts[2m > [22m[2mREQ-RMS-017 — Byzantine under-server attributed to R via the SHIPPED canary pipeline[2m > [22m[2mR (overclaim->under-serve) is slashed pinned to its miner_id; honest R2 is never slashed
[22m[39m{"timestamp":"2026-06-22T06:19:19.029Z","level":"INFO","source":"frontend","module":"webrtc/sframe-transform","message":"encrypted frame","context":{"kid":9,"ctr":4,"byteLength":62,"codecOffset":10}}

[90mstdout[2m | apps/validator-daemon/src/canary/__tests__/mesh-byzantine.test.ts[2m > [22m[2mREQ-RMS-017 — Byzantine under-server attributed to R via the SHIPPED canary pipeline[2m > [22m[2mR (overclaim->under-serve) is slashed pinned to its miner_id; honest R2 is never slashed
[22m[39m{"timestamp":"2026-06-22T06:19:19.029Z","level":"INFO","source":"frontend","module":"webrtc/sframe-transform","message":"encrypted frame","context":{"kid":9,"ctr":5,"byteLength":62,"codecOffset":10}}

[90mstdout[2m | apps/validator-daemon/src/canary/__tests__/mesh-byzantine.test.ts[2m > [22m[2mREQ-RMS-017 — Byzantine under-server attributed to R via the SHIPPED canary pipeline[2m > [22m[2mR (overclaim->under-serve) is slashed pinned to its miner_id; honest R2 is never slashed
[22m[39m{"timestamp":"2026-06-22T06:19:19.029Z","level":"INFO","source":"frontend","module":"webrtc/sframe-transform","message":"encrypted frame","context":{"kid":9,"ctr":6,"byteLength":62,"codecOffset":10}}

[90mstdout[2m | apps/validator-daemon/src/canary/__tests__/mesh-byzantine.test.ts[2m > [22m[2mREQ-RMS-017 — Byzantine under-server attributed to R via the SHIPPED canary pipeline[2m > [22m[2mR (overclaim->under-serve) is slashed pinned to its miner_id; honest R2 is never slashed
[22m[39m{"timestamp":"2026-06-22T06:19:19.030Z","level":"INFO","source":"frontend","module":"webrtc/sframe-transform","message":"encrypted frame","context":{"kid":9,"ctr":7,"byteLength":62,"codecOffset":10}}

{"level":30,"time":1782109159030,"pid":29576,"hostname":"Quang","name":"canary/verifier","canaryKid":9,"mediaPackets":8,"byteIdentical":8,"divergences":0,"msg":"canary forwarding verified"}
[90mstdout[2m | apps/validator-daemon/src/canary/__tests__/mesh-byzantine.test.ts[2m > [22m[2mREQ-RMS-017 — Byzantine under-server attributed to R via the SHIPPED canary pipeline[2m > [22m[2mR (overclaim->under-serve) is slashed pinned to its miner_id; honest R2 is never slashed
[22m[39m{"timestamp":"2026-06-22T06:19:19.030Z","level":"INFO","source":"frontend","module":"webrtc/sframe-transform","message":"encrypted frame","context":{"kid":9,"ctr":0,"byteLength":62,"codecOffset":10}}

[90mstdout[2m | apps/validator-daemon/src/canary/__tests__/mesh-byzantine.test.ts[2m > [22m[2mREQ-RMS-017 — Byzantine under-server attributed to R via the SHIPPED canary pipeline[2m > [22m[2mR (overclaim->under-serve) is slashed pinned to its miner_id; honest R2 is never slashed
[22m[39m{"timestamp":"2026-06-22T06:19:19.030Z","level":"INFO","source":"frontend","module":"webrtc/sframe-transform","message":"encrypted frame","context":{"kid":9,"ctr":1,"byteLength":62,"codecOffset":10}}

[90mstdout[2m | apps/validator-daemon/src/canary/__tests__/mesh-byzantine.test.ts[2m > [22m[2mREQ-RMS-017 — Byzantine under-server attributed to R via the SHIPPED canary pipeline[2m > [22m[2mR (overclaim->under-serve) is slashed pinned to its miner_id; honest R2 is never slashed
[22m[39m{"timestamp":"2026-06-22T06:19:19.031Z","level":"INFO","source":"frontend","module":"webrtc/sframe-transform","message":"encrypted frame","context":{"kid":9,"ctr":2,"byteLength":62,"codecOffset":10}}

[90mstdout[2m | apps/validator-daemon/src/canary/__tests__/mesh-byzantine.test.ts[2m > [22m[2mREQ-RMS-017 — Byzantine under-server attributed to R via the SHIPPED canary pipeline[2m > [22m[2mR (overclaim->under-serve) is slashed pinned to its miner_id; honest R2 is never slashed
[22m[39m{"timestamp":"2026-06-22T06:19:19.031Z","level":"INFO","source":"frontend","module":"webrtc/sframe-transform","message":"encrypted frame","context":{"kid":9,"ctr":3,"byteLength":62,"codecOffset":10}}

[90mstdout[2m | apps/validator-daemon/src/canary/__tests__/mesh-byzantine.test.ts[2m > [22m[2mREQ-RMS-017 — Byzantine under-server attributed to R via the SHIPPED canary pipeline[2m > [22m[2mR (overclaim->under-serve) is slashed pinned to its miner_id; honest R2 is never slashed
[22m[39m{"timestamp":"2026-06-22T06:19:19.031Z","level":"INFO","source":"frontend","module":"webrtc/sframe-transform","message":"encrypted frame","context":{"kid":9,"ctr":4,"byteLength":62,"codecOffset":10}}

[90mstdout[2m | apps/validator-daemon/src/canary/__tests__/mesh-byzantine.test.ts[2m > [22m[2mREQ-RMS-017 — Byzantine under-server attributed to R via the SHIPPED canary pipeline[2m > [22m[2mR (overclaim->under-serve) is slashed pinned to its miner_id; honest R2 is never slashed
[22m[39m{"timestamp":"2026-06-22T06:19:19.032Z","level":"INFO","source":"frontend","module":"webrtc/sframe-transform","message":"encrypted frame","context":{"kid":9,"ctr":5,"byteLength":62,"codecOffset":10}}

[90mstdout[2m | apps/validator-daemon/src/canary/__tests__/mesh-byzantine.test.ts[2m > [22m[2mREQ-RMS-017 — Byzantine under-server attributed to R via the SHIPPED canary pipeline[2m > [22m[2mR (overclaim->under-serve) is slashed pinned to its miner_id; honest R2 is never slashed
[22m[39m{"timestamp":"2026-06-22T06:19:19.032Z","level":"INFO","source":"frontend","module":"webrtc/sframe-transform","message":"encrypted frame","context":{"kid":9,"ctr":6,"byteLength":62,"codecOffset":10}}

[90mstdout[2m | apps/validator-daemon/src/canary/__tests__/mesh-byzantine.test.ts[2m > [22m[2mREQ-RMS-017 — Byzantine under-server attributed to R via the SHIPPED canary pipeline[2m > [22m[2mR (overclaim->under-serve) is slashed pinned to its miner_id; honest R2 is never slashed
[22m[39m{"timestamp":"2026-06-22T06:19:19.032Z","level":"INFO","source":"frontend","module":"webrtc/sframe-transform","message":"encrypted frame","context":{"kid":9,"ctr":7,"byteLength":62,"codecOffset":10}}

{"level":30,"time":1782109159033,"pid":29576,"hostname":"Quang","name":"canary/verifier","canaryKid":9,"mediaPackets":8,"byteIdentical":8,"divergences":0,"msg":"canary forwarding verified"}
{"level":30,"time":1782109159033,"pid":29576,"hostname":"Quang","name":"canary/loss-classifier","relayMinerId":"relay-honest-R2","promoted":0,"absorbed":0,"tampers":0,"cumulativeCrossed":false,"msg":"canary divergences classified (drop gate / tamper p=1)"}
{"level":30,"time":1782109159033,"pid":29576,"hostname":"Quang","name":"canary/verify-loop","round":6,"relayMinerId":"relay-honest-R2","roomId":"mesh-room","perReceiver":2,"promoted":0,"absorbed":0,"stunLossBps":"0","msg":"canary verify round classified (hermetic half — synthetic capture, STUN read live)"}
[90mstdout[2m | apps/validator-daemon/src/canary/__tests__/mesh-byzantine.test.ts[2m > [22m[2mREQ-RMS-017 — Byzantine under-server attributed to R via the SHIPPED canary pipeline[2m > [22m[2mthe per-relay accumulator isolates R from R2 (R2 has zero drops, never crosses the bound)
[22m[39m{"timestamp":"2026-06-22T06:19:19.035Z","level":"INFO","source":"frontend","module":"webrtc/sframe-transform","message":"encrypted frame","context":{"kid":9,"ctr":0,"byteLength":62,"codecOffset":10}}

[90mstdout[2m | apps/validator-daemon/src/canary/__tests__/mesh-byzantine.test.ts[2m > [22m[2mREQ-RMS-017 — Byzantine under-server attributed to R via the SHIPPED canary pipeline[2m > [22m[2mthe per-relay accumulator isolates R from R2 (R2 has zero drops, never crosses the bound)
[22m[39m{"timestamp":"2026-06-22T06:19:19.036Z","level":"INFO","source":"frontend","module":"webrtc/sframe-transform","message":"encrypted frame","context":{"kid":9,"ctr":1,"byteLength":62,"codecOffset":10}}

[90mstdout[2m | apps/validator-daemon/src/canary/__tests__/mesh-byzantine.test.ts[2m > [22m[2mREQ-RMS-017 — Byzantine under-server attributed to R via the SHIPPED canary pipeline[2m > [22m[2mthe per-relay accumulator isolates R from R2 (R2 has zero drops, never crosses the bound)
[22m[39m{"timestamp":"2026-06-22T06:19:19.036Z","level":"INFO","source":"frontend","module":"webrtc/sframe-transform","message":"encrypted frame","context":{"kid":9,"ctr":2,"byteLength":62,"codecOffset":10}}

[90mstdout[2m | apps/validator-daemon/src/canary/__tests__/mesh-byzantine.test.ts[2m > [22m[2mREQ-RMS-017 — Byzantine under-server attributed to R via the SHIPPED canary pipeline[2m > [22m[2mthe per-relay accumulator isolates R from R2 (R2 has zero drops, never crosses the bound)
[22m[39m{"timestamp":"2026-06-22T06:19:19.036Z","level":"INFO","source":"frontend","module":"webrtc/sframe-transform","message":"encrypted frame","context":{"kid":9,"ctr":3,"byteLength":62,"codecOffset":10}}

[90mstdout[2m | apps/validator-daemon/src/canary/__tests__/mesh-byzantine.test.ts[2m > [22m[2mREQ-RMS-017 — Byzantine under-server attributed to R via the SHIPPED canary pipeline[2m > [22m[2mthe per-relay accumulator isolates R from R2 (R2 has zero drops, never crosses the bound)
[22m[39m{"timestamp":"2026-06-22T06:19:19.036Z","level":"INFO","source":"frontend","module":"webrtc/sframe-transform","message":"encrypted frame","context":{"kid":9,"ctr":4,"byteLength":62,"codecOffset":10}}

[90mstdout[2m | apps/validator-daemon/src/canary/__tests__/mesh-byzantine.test.ts[2m > [22m[2mREQ-RMS-017 — Byzantine under-server attributed to R via the SHIPPED canary pipeline[2m > [22m[2mthe per-relay accumulator isolates R from R2 (R2 has zero drops, never crosses the bound)
[22m[39m{"timestamp":"2026-06-22T06:19:19.037Z","level":"INFO","source":"frontend","module":"webrtc/sframe-transform","message":"encrypted frame","context":{"kid":9,"ctr":6,"byteLength":62,"codecOffset":10}}

[90mstdout[2m | apps/validator-daemon/src/canary/__tests__/mesh-byzantine.test.ts[2m > [22m[2mREQ-RMS-017 — Byzantine under-server attributed to R via the SHIPPED canary pipeline[2m > [22m[2mthe per-relay accumulator isolates R from R2 (R2 has zero drops, never crosses the bound)
[22m[39m{"timestamp":"2026-06-22T06:19:19.037Z","level":"INFO","source":"frontend","module":"webrtc/sframe-transform","message":"encrypted frame","context":{"kid":9,"ctr":7,"byteLength":62,"codecOffset":10}}

[90mstdout[2m | apps/validator-daemon/src/canary/__tests__/mesh-byzantine.test.ts[2m > [22m[2mREQ-RMS-017 — Byzantine under-server attributed to R via the SHIPPED canary pipeline[2m > [22m[2mthe per-relay accumulator isolates R from R2 (R2 has zero drops, never crosses the bound)
[22m[39m{"timestamp":"2026-06-22T06:19:19.038Z","level":"INFO","source":"frontend","module":"webrtc/sframe-transform","message":"encrypted frame","context":{"kid":9,"ctr":0,"byteLength":62,"codecOffset":10}}

[90mstdout[2m | apps/validator-daemon/src/canary/__tests__/mesh-byzantine.test.ts[2m > [22m[2mREQ-RMS-017 — Byzantine under-server attributed to R via the SHIPPED canary pipeline[2m > [22m[2mthe per-relay accumulator isolates R from R2 (R2 has zero drops, never crosses the bound)
[22m[39m{"timestamp":"2026-06-22T06:19:19.038Z","level":"INFO","source":"frontend","module":"webrtc/sframe-transform","message":"encrypted frame","context":{"kid":9,"ctr":1,"byteLength":62,"codecOffset":10}}

[90mstdout[2m | apps/validator-daemon/src/canary/__tests__/mesh-byzantine.test.ts[2m > [22m[2mREQ-RMS-017 — Byzantine under-server attributed to R via the SHIPPED canary pipeline[2m > [22m[2mthe per-relay accumulator isolates R from R2 (R2 has zero drops, never crosses the bound)
[22m[39m{"timestamp":"2026-06-22T06:19:19.038Z","level":"INFO","source":"frontend","module":"webrtc/sframe-transform","message":"encrypted frame","context":{"kid":9,"ctr":2,"byteLength":62,"codecOffset":10}}

[90mstdout[2m | apps/validator-daemon/src/canary/__tests__/mesh-byzantine.test.ts[2m > [22m[2mREQ-RMS-017 — Byzantine under-server attributed to R via the SHIPPED canary pipeline[2m > [22m[2mthe per-relay accumulator isolates R from R2 (R2 has zero drops, never crosses the bound)
[22m[39m{"timestamp":"2026-06-22T06:19:19.038Z","level":"INFO","source":"frontend","module":"webrtc/sframe-transform","message":"encrypted frame","context":{"kid":9,"ctr":3,"byteLength":62,"codecOffset":10}}

[90mstdout[2m | apps/validator-daemon/src/canary/__tests__/mesh-byzantine.test.ts[2m > [22m[2mREQ-RMS-017 — Byzantine under-server attributed to R via the SHIPPED canary pipeline[2m > [22m[2mthe per-relay accumulator isolates R from R2 (R2 has zero drops, never crosses the bound)
[22m[39m{"timestamp":"2026-06-22T06:19:19.039Z","level":"INFO","source":"frontend","module":"webrtc/sframe-transform","message":"encrypted frame","context":{"kid":9,"ctr":4,"byteLength":62,"codecOffset":10}}

[90mstdout[2m | apps/validator-daemon/src/canary/__tests__/mesh-byzantine.test.ts[2m > [22m[2mREQ-RMS-017 — Byzantine under-server attributed to R via the SHIPPED canary pipeline[2m > [22m[2mthe per-relay accumulator isolates R from R2 (R2 has zero drops, never crosses the bound)
[22m[39m{"timestamp":"2026-06-22T06:19:19.039Z","level":"INFO","source":"frontend","module":"webrtc/sframe-transform","message":"encrypted frame","context":{"kid":9,"ctr":5,"byteLength":62,"codecOffset":10}}

[90mstdout[2m | apps/validator-daemon/src/canary/__tests__/mesh-byzantine.test.ts[2m > [22m[2mREQ-RMS-017 — Byzantine under-server attributed to R via the SHIPPED canary pipeline[2m > [22m[2mthe per-relay accumulator isolates R from R2 (R2 has zero drops, never crosses the bound)
[22m[39m{"timestamp":"2026-06-22T06:19:19.039Z","level":"INFO","source":"frontend","module":"webrtc/sframe-transform","message":"encrypted frame","context":{"kid":9,"ctr":6,"byteLength":62,"codecOffset":10}}

[90mstdout[2m | apps/validator-daemon/src/canary/__tests__/mesh-byzantine.test.ts[2m > [22m[2mREQ-RMS-017 — Byzantine under-server attributed to R via the SHIPPED canary pipeline[2m > [22m[2mthe per-relay accumulator isolates R from R2 (R2 has zero drops, never crosses the bound)
[22m[39m{"timestamp":"2026-06-22T06:19:19.040Z","level":"INFO","source":"frontend","module":"webrtc/sframe-transform","message":"encrypted frame","context":{"kid":9,"ctr":7,"byteLength":62,"codecOffset":10}}

{"level":30,"time":1782109159040,"pid":29576,"hostname":"Quang","name":"canary/verifier","canaryKid":9,"mediaPackets":7,"byteIdentical":7,"divergences":1,"msg":"canary forwarding verified"}
[90mstdout[2m | apps/validator-daemon/src/canary/__tests__/mesh-byzantine.test.ts[2m > [22m[2mREQ-RMS-017 — Byzantine under-server attributed to R via the SHIPPED canary pipeline[2m > [22m[2mthe per-relay accumulator isolates R from R2 (R2 has zero drops, never crosses the bound)
[22m[39m{"timestamp":"2026-06-22T06:19:19.040Z","level":"INFO","source":"frontend","module":"webrtc/sframe-transform","message":"encrypted frame","context":{"kid":9,"ctr":0,"byteLength":62,"codecOffset":10}}

[90mstdout[2m | apps/validator-daemon/src/canary/__tests__/mesh-byzantine.test.ts[2m > [22m[2mREQ-RMS-017 — Byzantine under-server attributed to R via the SHIPPED canary pipeline[2m > [22m[2mthe per-relay accumulator isolates R from R2 (R2 has zero drops, never crosses the bound)
[22m[39m{"timestamp":"2026-06-22T06:19:19.040Z","level":"INFO","source":"frontend","module":"webrtc/sframe-transform","message":"encrypted frame","context":{"kid":9,"ctr":1,"byteLength":62,"codecOffset":10}}

[90mstdout[2m | apps/validator-daemon/src/canary/__tests__/mesh-byzantine.test.ts[2m > [22m[2mREQ-RMS-017 — Byzantine under-server attributed to R via the SHIPPED canary pipeline[2m > [22m[2mthe per-relay accumulator isolates R from R2 (R2 has zero drops, never crosses the bound)
[22m[39m{"timestamp":"2026-06-22T06:19:19.041Z","level":"INFO","source":"frontend","module":"webrtc/sframe-transform","message":"encrypted frame","context":{"kid":9,"ctr":2,"byteLength":62,"codecOffset":10}}

[90mstdout[2m | apps/validator-daemon/src/canary/__tests__/mesh-byzantine.test.ts[2m > [22m[2mREQ-RMS-017 — Byzantine under-server attributed to R via the SHIPPED canary pipeline[2m > [22m[2mthe per-relay accumulator isolates R from R2 (R2 has zero drops, never crosses the bound)
[22m[39m{"timestamp":"2026-06-22T06:19:19.041Z","level":"INFO","source":"frontend","module":"webrtc/sframe-transform","message":"encrypted frame","context":{"kid":9,"ctr":3,"byteLength":62,"codecOffset":10}}

[90mstdout[2m | apps/validator-daemon/src/canary/__tests__/mesh-byzantine.test.ts[2m > [22m[2mREQ-RMS-017 — Byzantine under-server attributed to R via the SHIPPED canary pipeline[2m > [22m[2mthe per-relay accumulator isolates R from R2 (R2 has zero drops, never crosses the bound)
[22m[39m{"timestamp":"2026-06-22T06:19:19.041Z","level":"INFO","source":"frontend","module":"webrtc/sframe-transform","message":"encrypted frame","context":{"kid":9,"ctr":4,"byteLength":62,"codecOffset":10}}

[90mstdout[2m | apps/validator-daemon/src/canary/__tests__/mesh-byzantine.test.ts[2m > [22m[2mREQ-RMS-017 — Byzantine under-server attributed to R via the SHIPPED canary pipeline[2m > [22m[2mthe per-relay accumulator isolates R from R2 (R2 has zero drops, never crosses the bound)
[22m[39m{"timestamp":"2026-06-22T06:19:19.042Z","level":"INFO","source":"frontend","module":"webrtc/sframe-transform","message":"encrypted frame","context":{"kid":9,"ctr":5,"byteLength":62,"codecOffset":10}}

[90mstdout[2m | apps/validator-daemon/src/canary/__tests__/mesh-byzantine.test.ts[2m > [22m[2mREQ-RMS-017 — Byzantine under-server attributed to R via the SHIPPED canary pipeline[2m > [22m[2mthe per-relay accumulator isolates R from R2 (R2 has zero drops, never crosses the bound)
[22m[39m{"timestamp":"2026-06-22T06:19:19.042Z","level":"INFO","source":"frontend","module":"webrtc/sframe-transform","message":"encrypted frame","context":{"kid":9,"ctr":6,"byteLength":62,"codecOffset":10}}

[90mstdout[2m | apps/validator-daemon/src/canary/__tests__/mesh-byzantine.test.ts[2m > [22m[2mREQ-RMS-017 — Byzantine under-server attributed to R via the SHIPPED canary pipeline[2m > [22m[2mthe per-relay accumulator isolates R from R2 (R2 has zero drops, never crosses the bound)
[22m[39m{"timestamp":"2026-06-22T06:19:19.042Z","level":"INFO","source":"frontend","module":"webrtc/sframe-transform","message":"encrypted frame","context":{"kid":9,"ctr":7,"byteLength":62,"codecOffset":10}}

{"level":30,"time":1782109159042,"pid":29576,"hostname":"Quang","name":"canary/verifier","canaryKid":9,"mediaPackets":7,"byteIdentical":7,"divergences":1,"msg":"canary forwarding verified"}
{"level":30,"time":1782109159042,"pid":29576,"hostname":"Quang","name":"canary/loss-classifier","relayMinerId":"relay-byzantine-R","promoted":0,"absorbed":1,"tampers":0,"cumulativeCrossed":false,"msg":"canary divergences classified (drop gate / tamper p=1)"}
{"level":30,"time":1782109159042,"pid":29576,"hostname":"Quang","name":"canary/verify-loop","round":0,"relayMinerId":"relay-byzantine-R","roomId":"mesh-room","perReceiver":2,"promoted":0,"absorbed":1,"stunLossBps":"0","msg":"canary verify round classified (hermetic half — synthetic capture, STUN read live)"}
[90mstdout[2m | apps/validator-daemon/src/canary/__tests__/mesh-byzantine.test.ts[2m > [22m[2mREQ-RMS-017 — Byzantine under-server attributed to R via the SHIPPED canary pipeline[2m > [22m[2mthe per-relay accumulator isolates R from R2 (R2 has zero drops, never crosses the bound)
[22m[39m{"timestamp":"2026-06-22T06:19:19.043Z","level":"INFO","source":"frontend","module":"webrtc/sframe-transform","message":"encrypted frame","context":{"kid":9,"ctr":0,"byteLength":62,"codecOffset":10}}

[90mstdout[2m | apps/validator-daemon/src/canary/__tests__/mesh-byzantine.test.ts[2m > [22m[2mREQ-RMS-017 — Byzantine under-server attributed to R via the SHIPPED canary pipeline[2m > [22m[2mthe per-relay accumulator isolates R from R2 (R2 has zero drops, never crosses the bound)
[22m[39m{"timestamp":"2026-06-22T06:19:19.043Z","level":"INFO","source":"frontend","module":"webrtc/sframe-transform","message":"encrypted frame","context":{"kid":9,"ctr":1,"byteLength":62,"codecOffset":10}}

[90mstdout[2m | apps/validator-daemon/src/canary/__tests__/mesh-byzantine.test.ts[2m > [22m[2mREQ-RMS-017 — Byzantine under-server attributed to R via the SHIPPED canary pipeline[2m > [22m[2mthe per-relay accumulator isolates R from R2 (R2 has zero drops, never crosses the bound)
[22m[39m{"timestamp":"2026-06-22T06:19:19.043Z","level":"INFO","source":"frontend","module":"webrtc/sframe-transform","message":"encrypted frame","context":{"kid":9,"ctr":2,"byteLength":62,"codecOffset":10}}

[90mstdout[2m | apps/validator-daemon/src/canary/__tests__/mesh-byzantine.test.ts[2m > [22m[2mREQ-RMS-017 — Byzantine under-server attributed to R via the SHIPPED canary pipeline[2m > [22m[2mthe per-relay accumulator isolates R from R2 (R2 has zero drops, never crosses the bound)
[22m[39m{"timestamp":"2026-06-22T06:19:19.045Z","level":"INFO","source":"frontend","module":"webrtc/sframe-transform","message":"encrypted frame","context":{"kid":9,"ctr":3,"byteLength":62,"codecOffset":10}}

[90mstdout[2m | apps/validator-daemon/src/canary/__tests__/mesh-byzantine.test.ts[2m > [22m[2mREQ-RMS-017 — Byzantine under-server attributed to R via the SHIPPED canary pipeline[2m > [22m[2mthe per-relay accumulator isolates R from R2 (R2 has zero drops, never crosses the bound)
[22m[39m{"timestamp":"2026-06-22T06:19:19.046Z","level":"INFO","source":"frontend","module":"webrtc/sframe-transform","message":"encrypted frame","context":{"kid":9,"ctr":4,"byteLength":62,"codecOffset":10}}

[90mstdout[2m | apps/validator-daemon/src/canary/__tests__/mesh-byzantine.test.ts[2m > [22m[2mREQ-RMS-017 — Byzantine under-server attributed to R via the SHIPPED canary pipeline[2m > [22m[2mthe per-relay accumulator isolates R from R2 (R2 has zero drops, never crosses the bound)
[22m[39m{"timestamp":"2026-06-22T06:19:19.046Z","level":"INFO","source":"frontend","module":"webrtc/sframe-transform","message":"encrypted frame","context":{"kid":9,"ctr":5,"byteLength":62,"codecOffset":10}}

[90mstdout[2m | apps/validator-daemon/src/canary/__tests__/mesh-byzantine.test.ts[2m > [22m[2mREQ-RMS-017 — Byzantine under-server attributed to R via the SHIPPED canary pipeline[2m > [22m[2mthe per-relay accumulator isolates R from R2 (R2 has zero drops, never crosses the bound)
[22m[39m{"timestamp":"2026-06-22T06:19:19.046Z","level":"INFO","source":"frontend","module":"webrtc/sframe-transform","message":"encrypted frame","context":{"kid":9,"ctr":6,"byteLength":62,"codecOffset":10}}

[90mstdout[2m | apps/validator-daemon/src/canary/__tests__/mesh-byzantine.test.ts[2m > [22m[2mREQ-RMS-017 — Byzantine under-server attributed to R via the SHIPPED canary pipeline[2m > [22m[2mthe per-relay accumulator isolates R from R2 (R2 has zero drops, never crosses the bound)
[22m[39m{"timestamp":"2026-06-22T06:19:19.047Z","level":"INFO","source":"frontend","module":"webrtc/sframe-transform","message":"encrypted frame","context":{"kid":9,"ctr":7,"byteLength":62,"codecOffset":10}}

[90mstdout[2m | apps/validator-daemon/src/canary/__tests__/mesh-byzantine.test.ts[2m > [22m[2mREQ-RMS-017 — Byzantine under-server attributed to R via the SHIPPED canary pipeline[2m > [22m[2mthe per-relay accumulator isolates R from R2 (R2 has zero drops, never crosses the bound)
[22m[39m{"timestamp":"2026-06-22T06:19:19.047Z","level":"INFO","source":"frontend","module":"webrtc/sframe-transform","message":"encrypted frame","context":{"kid":9,"ctr":0,"byteLength":62,"codecOffset":10}}

[90mstdout[2m | apps/validator-daemon/src/canary/__tests__/mesh-byzantine.test.ts[2m > [22m[2mREQ-RMS-017 — Byzantine under-server attributed to R via the SHIPPED canary pipeline[2m > [22m[2mthe per-relay accumulator isolates R from R2 (R2 has zero drops, never crosses the bound)
[22m[39m{"timestamp":"2026-06-22T06:19:19.048Z","level":"INFO","source":"frontend","module":"webrtc/sframe-transform","message":"encrypted frame","context":{"kid":9,"ctr":1,"byteLength":62,"codecOffset":10}}

[90mstdout[2m | apps/validator-daemon/src/canary/__tests__/mesh-byzantine.test.ts[2m > [22m[2mREQ-RMS-017 — Byzantine under-server attributed to R via the SHIPPED canary pipeline[2m > [22m[2mthe per-relay accumulator isolates R from R2 (R2 has zero drops, never crosses the bound)
[22m[39m{"timestamp":"2026-06-22T06:19:19.048Z","level":"INFO","source":"frontend","module":"webrtc/sframe-transform","message":"encrypted frame","context":{"kid":9,"ctr":2,"byteLength":62,"codecOffset":10}}

[90mstdout[2m | apps/validator-daemon/src/canary/__tests__/mesh-byzantine.test.ts[2m > [22m[2mREQ-RMS-017 — Byzantine under-server attributed to R via the SHIPPED canary pipeline[2m > [22m[2mthe per-relay accumulator isolates R from R2 (R2 has zero drops, never crosses the bound)
[22m[39m{"timestamp":"2026-06-22T06:19:19.049Z","level":"INFO","source":"frontend","module":"webrtc/sframe-transform","message":"encrypted frame","context":{"kid":9,"ctr":3,"byteLength":62,"codecOffset":10}}

[90mstdout[2m | apps/validator-daemon/src/canary/__tests__/mesh-byzantine.test.ts[2m > [22m[2mREQ-RMS-017 — Byzantine under-server attributed to R via the SHIPPED canary pipeline[2m > [22m[2mthe per-relay accumulator isolates R from R2 (R2 has zero drops, never crosses the bound)
[22m[39m{"timestamp":"2026-06-22T06:19:19.049Z","level":"INFO","source":"frontend","module":"webrtc/sframe-transform","message":"encrypted frame","context":{"kid":9,"ctr":4,"byteLength":62,"codecOffset":10}}

[90mstdout[2m | apps/validator-daemon/src/canary/__tests__/mesh-byzantine.test.ts[2m > [22m[2mREQ-RMS-017 — Byzantine under-server attributed to R via the SHIPPED canary pipeline[2m > [22m[2mthe per-relay accumulator isolates R from R2 (R2 has zero drops, never crosses the bound)
[22m[39m{"timestamp":"2026-06-22T06:19:19.050Z","level":"INFO","source":"frontend","module":"webrtc/sframe-transform","message":"encrypted frame","context":{"kid":9,"ctr":5,"byteLength":62,"codecOffset":10}}

[90mstdout[2m | apps/validator-daemon/src/canary/__tests__/mesh-byzantine.test.ts[2m > [22m[2mREQ-RMS-017 — Byzantine under-server attributed to R via the SHIPPED canary pipeline[2m > [22m[2mthe per-relay accumulator isolates R from R2 (R2 has zero drops, never crosses the bound)
[22m[39m{"timestamp":"2026-06-22T06:19:19.050Z","level":"INFO","source":"frontend","module":"webrtc/sframe-transform","message":"encrypted frame","context":{"kid":9,"ctr":6,"byteLength":62,"codecOffset":10}}

[90mstdout[2m | apps/validator-daemon/src/canary/__tests__/mesh-byzantine.test.ts[2m > [22m[2mREQ-RMS-017 — Byzantine under-server attributed to R via the SHIPPED canary pipeline[2m > [22m[2mthe per-relay accumulator isolates R from R2 (R2 has zero drops, never crosses the bound)
[22m[39m{"timestamp":"2026-06-22T06:19:19.050Z","level":"INFO","source":"frontend","module":"webrtc/sframe-transform","message":"encrypted frame","context":{"kid":9,"ctr":7,"byteLength":62,"codecOffset":10}}

{"level":30,"time":1782109159051,"pid":29576,"hostname":"Quang","name":"canary/verifier","canaryKid":9,"mediaPackets":8,"byteIdentical":8,"divergences":0,"msg":"canary forwarding verified"}
[90mstdout[2m | apps/validator-daemon/src/canary/__tests__/mesh-byzantine.test.ts[2m > [22m[2mREQ-RMS-017 — Byzantine under-server attributed to R via the SHIPPED canary pipeline[2m > [22m[2mthe per-relay accumulator isolates R from R2 (R2 has zero drops, never crosses the bound)
[22m[39m{"timestamp":"2026-06-22T06:19:19.051Z","level":"INFO","source":"frontend","module":"webrtc/sframe-transform","message":"encrypted frame","context":{"kid":9,"ctr":0,"byteLength":62,"codecOffset":10}}

[90mstdout[2m | apps/validator-daemon/src/canary/__tests__/mesh-byzantine.test.ts[2m > [22m[2mREQ-RMS-017 — Byzantine under-server attributed to R via the SHIPPED canary pipeline[2m > [22m[2mthe per-relay accumulator isolates R from R2 (R2 has zero drops, never crosses the bound)
[22m[39m{"timestamp":"2026-06-22T06:19:19.051Z","level":"INFO","source":"frontend","module":"webrtc/sframe-transform","message":"encrypted frame","context":{"kid":9,"ctr":1,"byteLength":62,"codecOffset":10}}

[90mstdout[2m | apps/validator-daemon/src/canary/__tests__/mesh-byzantine.test.ts[2m > [22m[2mREQ-RMS-017 — Byzantine under-server attributed to R via the SHIPPED canary pipeline[2m > [22m[2mthe per-relay accumulator isolates R from R2 (R2 has zero drops, never crosses the bound)
[22m[39m{"timestamp":"2026-06-22T06:19:19.052Z","level":"INFO","source":"frontend","module":"webrtc/sframe-transform","message":"encrypted frame","context":{"kid":9,"ctr":2,"byteLength":62,"codecOffset":10}}

[90mstdout[2m | apps/validator-daemon/src/canary/__tests__/mesh-byzantine.test.ts[2m > [22m[2mREQ-RMS-017 — Byzantine under-server attributed to R via the SHIPPED canary pipeline[2m > [22m[2mthe per-relay accumulator isolates R from R2 (R2 has zero drops, never crosses the bound)
[22m[39m{"timestamp":"2026-06-22T06:19:19.052Z","level":"INFO","source":"frontend","module":"webrtc/sframe-transform","message":"encrypted frame","context":{"kid":9,"ctr":3,"byteLength":62,"codecOffset":10}}

[90mstdout[2m | apps/validator-daemon/src/canary/__tests__/mesh-byzantine.test.ts[2m > [22m[2mREQ-RMS-017 — Byzantine under-server attributed to R via the SHIPPED canary pipeline[2m > [22m[2mthe per-relay accumulator isolates R from R2 (R2 has zero drops, never crosses the bound)
[22m[39m{"timestamp":"2026-06-22T06:19:19.053Z","level":"INFO","source":"frontend","module":"webrtc/sframe-transform","message":"encrypted frame","context":{"kid":9,"ctr":4,"byteLength":62,"codecOffset":10}}

[90mstdout[2m | apps/validator-daemon/src/canary/__tests__/mesh-byzantine.test.ts[2m > [22m[2mREQ-RMS-017 — Byzantine under-server attributed to R via the SHIPPED canary pipeline[2m > [22m[2mthe per-relay accumulator isolates R from R2 (R2 has zero drops, never crosses the bound)
[22m[39m{"timestamp":"2026-06-22T06:19:19.053Z","level":"INFO","source":"frontend","module":"webrtc/sframe-transform","message":"encrypted frame","context":{"kid":9,"ctr":5,"byteLength":62,"codecOffset":10}}

[90mstdout[2m | apps/validator-daemon/src/canary/__tests__/mesh-byzantine.test.ts[2m > [22m[2mREQ-RMS-017 — Byzantine under-server attributed to R via the SHIPPED canary pipeline[2m > [22m[2mthe per-relay accumulator isolates R from R2 (R2 has zero drops, never crosses the bound)
[22m[39m{"timestamp":"2026-06-22T06:19:19.053Z","level":"INFO","source":"frontend","module":"webrtc/sframe-transform","message":"encrypted frame","context":{"kid":9,"ctr":6,"byteLength":62,"codecOffset":10}}

[90mstdout[2m | apps/validator-daemon/src/canary/__tests__/mesh-byzantine.test.ts[2m > [22m[2mREQ-RMS-017 — Byzantine under-server attributed to R via the SHIPPED canary pipeline[2m > [22m[2mthe per-relay accumulator isolates R from R2 (R2 has zero drops, never crosses the bound)
[22m[39m{"timestamp":"2026-06-22T06:19:19.054Z","level":"INFO","source":"frontend","module":"webrtc/sframe-transform","message":"encrypted frame","context":{"kid":9,"ctr":7,"byteLength":62,"codecOffset":10}}

{"level":30,"time":1782109159054,"pid":29576,"hostname":"Quang","name":"canary/verifier","canaryKid":9,"mediaPackets":8,"byteIdentical":8,"divergences":0,"msg":"canary forwarding verified"}
{"level":30,"time":1782109159054,"pid":29576,"hostname":"Quang","name":"canary/loss-classifier","relayMinerId":"relay-honest-R2","promoted":0,"absorbed":0,"tampers":0,"cumulativeCrossed":false,"msg":"canary divergences classified (drop gate / tamper p=1)"}
{"level":30,"time":1782109159054,"pid":29576,"hostname":"Quang","name":"canary/verify-loop","round":0,"relayMinerId":"relay-honest-R2","roomId":"mesh-room","perReceiver":2,"promoted":0,"absorbed":0,"stunLossBps":"0","msg":"canary verify round classified (hermetic half — synthetic capture, STUN read live)"}
[90mstdout[2m | apps/validator-daemon/src/canary/__tests__/mesh-byzantine.test.ts[2m > [22m[2mREQ-RMS-017 — Byzantine under-server attributed to R via the SHIPPED canary pipeline[2m > [22m[2mthe per-relay accumulator isolates R from R2 (R2 has zero drops, never crosses the bound)
[22m[39m{"timestamp":"2026-06-22T06:19:19.054Z","level":"INFO","source":"frontend","module":"webrtc/sframe-transform","message":"encrypted frame","context":{"kid":9,"ctr":0,"byteLength":62,"codecOffset":10}}

[90mstdout[2m | apps/validator-daemon/src/canary/__tests__/mesh-byzantine.test.ts[2m > [22m[2mREQ-RMS-017 — Byzantine under-server attributed to R via the SHIPPED canary pipeline[2m > [22m[2mthe per-relay accumulator isolates R from R2 (R2 has zero drops, never crosses the bound)
[22m[39m{"timestamp":"2026-06-22T06:19:19.055Z","level":"INFO","source":"frontend","module":"webrtc/sframe-transform","message":"encrypted frame","context":{"kid":9,"ctr":1,"byteLength":62,"codecOffset":10}}

[90mstdout[2m | apps/validator-daemon/src/canary/__tests__/mesh-byzantine.test.ts[2m > [22m[2mREQ-RMS-017 — Byzantine under-server attributed to R via the SHIPPED canary pipeline[2m > [22m[2mthe per-relay accumulator isolates R from R2 (R2 has zero drops, never crosses the bound)
[22m[39m{"timestamp":"2026-06-22T06:19:19.055Z","level":"INFO","source":"frontend","module":"webrtc/sframe-transform","message":"encrypted frame","context":{"kid":9,"ctr":2,"byteLength":62,"codecOffset":10}}

[90mstdout[2m | apps/validator-daemon/src/canary/__tests__/mesh-byzantine.test.ts[2m > [22m[2mREQ-RMS-017 — Byzantine under-server attributed to R via the SHIPPED canary pipeline[2m > [22m[2mthe per-relay accumulator isolates R from R2 (R2 has zero drops, never crosses the bound)
[22m[39m{"timestamp":"2026-06-22T06:19:19.056Z","level":"INFO","source":"frontend","module":"webrtc/sframe-transform","message":"encrypted frame","context":{"kid":9,"ctr":3,"byteLength":62,"codecOffset":10}}

[90mstdout[2m | apps/validator-daemon/src/canary/__tests__/mesh-byzantine.test.ts[2m > [22m[2mREQ-RMS-017 — Byzantine under-server attributed to R via the SHIPPED canary pipeline[2m > [22m[2mthe per-relay accumulator isolates R from R2 (R2 has zero drops, never crosses the bound)
[22m[39m{"timestamp":"2026-06-22T06:19:19.056Z","level":"INFO","source":"frontend","module":"webrtc/sframe-transform","message":"encrypted frame","context":{"kid":9,"ctr":4,"byteLength":62,"codecOffset":10}}

[90mstdout[2m | apps/validator-daemon/src/canary/__tests__/mesh-byzantine.test.ts[2m > [22m[2mREQ-RMS-017 — Byzantine under-server attributed to R via the SHIPPED canary pipeline[2m > [22m[2mthe per-relay accumulator isolates R from R2 (R2 has zero drops, never crosses the bound)
[22m[39m{"timestamp":"2026-06-22T06:19:19.057Z","level":"INFO","source":"frontend","module":"webrtc/sframe-transform","message":"encrypted frame","context":{"kid":9,"ctr":6,"byteLength":62,"codecOffset":10}}

[90mstdout[2m | apps/validator-daemon/src/canary/__tests__/mesh-byzantine.test.ts[2m > [22m[2mREQ-RMS-017 — Byzantine under-server attributed to R via the SHIPPED canary pipeline[2m > [22m[2mthe per-relay accumulator isolates R from R2 (R2 has zero drops, never crosses the bound)
[22m[39m{"timestamp":"2026-06-22T06:19:19.057Z","level":"INFO","source":"frontend","module":"webrtc/sframe-transform","message":"encrypted frame","context":{"kid":9,"ctr":7,"byteLength":62,"codecOffset":10}}

[90mstdout[2m | apps/validator-daemon/src/canary/__tests__/mesh-byzantine.test.ts[2m > [22m[2mREQ-RMS-017 — Byzantine under-server attributed to R via the SHIPPED canary pipeline[2m > [22m[2mthe per-relay accumulator isolates R from R2 (R2 has zero drops, never crosses the bound)
[22m[39m{"timestamp":"2026-06-22T06:19:19.058Z","level":"INFO","source":"frontend","module":"webrtc/sframe-transform","message":"encrypted frame","context":{"kid":9,"ctr":0,"byteLength":62,"codecOffset":10}}

[90mstdout[2m | apps/validator-daemon/src/canary/__tests__/mesh-byzantine.test.ts[2m > [22m[2mREQ-RMS-017 — Byzantine under-server attributed to R via the SHIPPED canary pipeline[2m > [22m[2mthe per-relay accumulator isolates R from R2 (R2 has zero drops, never crosses the bound)
[22m[39m{"timestamp":"2026-06-22T06:19:19.058Z","level":"INFO","source":"frontend","module":"webrtc/sframe-transform","message":"encrypted frame","context":{"kid":9,"ctr":1,"byteLength":62,"codecOffset":10}}

[90mstdout[2m | apps/validator-daemon/src/canary/__tests__/mesh-byzantine.test.ts[2m > [22m[2mREQ-RMS-017 — Byzantine under-server attributed to R via the SHIPPED canary pipeline[2m > [22m[2mthe per-relay accumulator isolates R from R2 (R2 has zero drops, never crosses the bound)
[22m[39m{"timestamp":"2026-06-22T06:19:19.058Z","level":"INFO","source":"frontend","module":"webrtc/sframe-transform","message":"encrypted frame","context":{"kid":9,"ctr":2,"byteLength":62,"codecOffset":10}}

[90mstdout[2m | apps/validator-daemon/src/canary/__tests__/mesh-byzantine.test.ts[2m > [22m[2mREQ-RMS-017 — Byzantine under-server attributed to R via the SHIPPED canary pipeline[2m > [22m[2mthe per-relay accumulator isolates R from R2 (R2 has zero drops, never crosses the bound)
[22m[39m{"timestamp":"2026-06-22T06:19:19.059Z","level":"INFO","source":"frontend","module":"webrtc/sframe-transform","message":"encrypted frame","context":{"kid":9,"ctr":3,"byteLength":62,"codecOffset":10}}

[90mstdout[2m | apps/validator-daemon/src/canary/__tests__/mesh-byzantine.test.ts[2m > [22m[2mREQ-RMS-017 — Byzantine under-server attributed to R via the SHIPPED canary pipeline[2m > [22m[2mthe per-relay accumulator isolates R from R2 (R2 has zero drops, never crosses the bound)
[22m[39m{"timestamp":"2026-06-22T06:19:19.059Z","level":"INFO","source":"frontend","module":"webrtc/sframe-transform","message":"encrypted frame","context":{"kid":9,"ctr":4,"byteLength":62,"codecOffset":10}}

[90mstdout[2m | apps/validator-daemon/src/canary/__tests__/mesh-byzantine.test.ts[2m > [22m[2mREQ-RMS-017 — Byzantine under-server attributed to R via the SHIPPED canary pipeline[2m > [22m[2mthe per-relay accumulator isolates R from R2 (R2 has zero drops, never crosses the bound)
[22m[39m{"timestamp":"2026-06-22T06:19:19.060Z","level":"INFO","source":"frontend","module":"webrtc/sframe-transform","message":"encrypted frame","context":{"kid":9,"ctr":5,"byteLength":62,"codecOffset":10}}

[90mstdout[2m | apps/validator-daemon/src/canary/__tests__/mesh-byzantine.test.ts[2m > [22m[2mREQ-RMS-017 — Byzantine under-server attributed to R via the SHIPPED canary pipeline[2m > [22m[2mthe per-relay accumulator isolates R from R2 (R2 has zero drops, never crosses the bound)
[22m[39m{"timestamp":"2026-06-22T06:19:19.060Z","level":"INFO","source":"frontend","module":"webrtc/sframe-transform","message":"encrypted frame","context":{"kid":9,"ctr":6,"byteLength":62,"codecOffset":10}}

[90mstdout[2m | apps/validator-daemon/src/canary/__tests__/mesh-byzantine.test.ts[2m > [22m[2mREQ-RMS-017 — Byzantine under-server attributed to R via the SHIPPED canary pipeline[2m > [22m[2mthe per-relay accumulator isolates R from R2 (R2 has zero drops, never crosses the bound)
[22m[39m{"timestamp":"2026-06-22T06:19:19.060Z","level":"INFO","source":"frontend","module":"webrtc/sframe-transform","message":"encrypted frame","context":{"kid":9,"ctr":7,"byteLength":62,"codecOffset":10}}

{"level":30,"time":1782109159060,"pid":29576,"hostname":"Quang","name":"canary/verifier","canaryKid":9,"mediaPackets":7,"byteIdentical":7,"divergences":1,"msg":"canary forwarding verified"}
[90mstdout[2m | apps/validator-daemon/src/canary/__tests__/mesh-byzantine.test.ts[2m > [22m[2mREQ-RMS-017 — Byzantine under-server attributed to R via the SHIPPED canary pipeline[2m > [22m[2mthe per-relay accumulator isolates R from R2 (R2 has zero drops, never crosses the bound)
[22m[39m{"timestamp":"2026-06-22T06:19:19.061Z","level":"INFO","source":"frontend","module":"webrtc/sframe-transform","message":"encrypted frame","context":{"kid":9,"ctr":0,"byteLength":62,"codecOffset":10}}

[90mstdout[2m | apps/validator-daemon/src/canary/__tests__/mesh-byzantine.test.ts[2m > [22m[2mREQ-RMS-017 — Byzantine under-server attributed to R via the SHIPPED canary pipeline[2m > [22m[2mthe per-relay accumulator isolates R from R2 (R2 has zero drops, never crosses the bound)
[22m[39m{"timestamp":"2026-06-22T06:19:19.061Z","level":"INFO","source":"frontend","module":"webrtc/sframe-transform","message":"encrypted frame","context":{"kid":9,"ctr":1,"byteLength":62,"codecOffset":10}}

[90mstdout[2m | apps/validator-daemon/src/canary/__tests__/mesh-byzantine.test.ts[2m > [22m[2mREQ-RMS-017 — Byzantine under-server attributed to R via the SHIPPED canary pipeline[2m > [22m[2mthe per-relay accumulator isolates R from R2 (R2 has zero drops, never crosses the bound)
[22m[39m{"timestamp":"2026-06-22T06:19:19.061Z","level":"INFO","source":"frontend","module":"webrtc/sframe-transform","message":"encrypted frame","context":{"kid":9,"ctr":2,"byteLength":62,"codecOffset":10}}

[90mstdout[2m | apps/validator-daemon/src/canary/__tests__/mesh-byzantine.test.ts[2m > [22m[2mREQ-RMS-017 — Byzantine under-server attributed to R via the SHIPPED canary pipeline[2m > [22m[2mthe per-relay accumulator isolates R from R2 (R2 has zero drops, never crosses the bound)
[22m[39m{"timestamp":"2026-06-22T06:19:19.062Z","level":"INFO","source":"frontend","module":"webrtc/sframe-transform","message":"encrypted frame","context":{"kid":9,"ctr":3,"byteLength":62,"codecOffset":10}}

[90mstdout[2m | apps/validator-daemon/src/canary/__tests__/mesh-byzantine.test.ts[2m > [22m[2mREQ-RMS-017 — Byzantine under-server attributed to R via the SHIPPED canary pipeline[2m > [22m[2mthe per-relay accumulator isolates R from R2 (R2 has zero drops, never crosses the bound)
[22m[39m{"timestamp":"2026-06-22T06:19:19.062Z","level":"INFO","source":"frontend","module":"webrtc/sframe-transform","message":"encrypted frame","context":{"kid":9,"ctr":4,"byteLength":62,"codecOffset":10}}

[90mstdout[2m | apps/validator-daemon/src/canary/__tests__/mesh-byzantine.test.ts[2m > [22m[2mREQ-RMS-017 — Byzantine under-server attributed to R via the SHIPPED canary pipeline[2m > [22m[2mthe per-relay accumulator isolates R from R2 (R2 has zero drops, never crosses the bound)
[22m[39m{"timestamp":"2026-06-22T06:19:19.062Z","level":"INFO","source":"frontend","module":"webrtc/sframe-transform","message":"encrypted frame","context":{"kid":9,"ctr":5,"byteLength":62,"codecOffset":10}}

[90mstdout[2m | apps/validator-daemon/src/canary/__tests__/mesh-byzantine.test.ts[2m > [22m[2mREQ-RMS-017 — Byzantine under-server attributed to R via the SHIPPED canary pipeline[2m > [22m[2mthe per-relay accumulator isolates R from R2 (R2 has zero drops, never crosses the bound)
[22m[39m{"timestamp":"2026-06-22T06:19:19.063Z","level":"INFO","source":"frontend","module":"webrtc/sframe-transform","message":"encrypted frame","context":{"kid":9,"ctr":6,"byteLength":62,"codecOffset":10}}

[90mstdout[2m | apps/validator-daemon/src/canary/__tests__/mesh-byzantine.test.ts[2m > [22m[2mREQ-RMS-017 — Byzantine under-server attributed to R via the SHIPPED canary pipeline[2m > [22m[2mthe per-relay accumulator isolates R from R2 (R2 has zero drops, never crosses the bound)
[22m[39m{"timestamp":"2026-06-22T06:19:19.063Z","level":"INFO","source":"frontend","module":"webrtc/sframe-transform","message":"encrypted frame","context":{"kid":9,"ctr":7,"byteLength":62,"codecOffset":10}}

{"level":30,"time":1782109159063,"pid":29576,"hostname":"Quang","name":"canary/verifier","canaryKid":9,"mediaPackets":7,"byteIdentical":7,"divergences":1,"msg":"canary forwarding verified"}
{"level":30,"time":1782109159063,"pid":29576,"hostname":"Quang","name":"canary/loss-classifier","relayMinerId":"relay-byzantine-R","promoted":0,"absorbed":1,"tampers":0,"cumulativeCrossed":false,"msg":"canary divergences classified (drop gate / tamper p=1)"}
{"level":30,"time":1782109159063,"pid":29576,"hostname":"Quang","name":"canary/verify-loop","round":1,"relayMinerId":"relay-byzantine-R","roomId":"mesh-room","perReceiver":2,"promoted":0,"absorbed":1,"stunLossBps":"0","msg":"canary verify round classified (hermetic half — synthetic capture, STUN read live)"}
[90mstdout[2m | apps/validator-daemon/src/canary/__tests__/mesh-byzantine.test.ts[2m > [22m[2mREQ-RMS-017 — Byzantine under-server attributed to R via the SHIPPED canary pipeline[2m > [22m[2mthe per-relay accumulator isolates R from R2 (R2 has zero drops, never crosses the bound)
[22m[39m{"timestamp":"2026-06-22T06:19:19.063Z","level":"INFO","source":"frontend","module":"webrtc/sframe-transform","message":"encrypted frame","context":{"kid":9,"ctr":0,"byteLength":62,"codecOffset":10}}

[90mstdout[2m | apps/validator-daemon/src/canary/__tests__/mesh-byzantine.test.ts[2m > [22m[2mREQ-RMS-017 — Byzantine under-server attributed to R via the SHIPPED canary pipeline[2m > [22m[2mthe per-relay accumulator isolates R from R2 (R2 has zero drops, never crosses the bound)
[22m[39m{"timestamp":"2026-06-22T06:19:19.064Z","level":"INFO","source":"frontend","module":"webrtc/sframe-transform","message":"encrypted frame","context":{"kid":9,"ctr":1,"byteLength":62,"codecOffset":10}}

[90mstdout[2m | apps/validator-daemon/src/canary/__tests__/mesh-byzantine.test.ts[2m > [22m[2mREQ-RMS-017 — Byzantine under-server attributed to R via the SHIPPED canary pipeline[2m > [22m[2mthe per-relay accumulator isolates R from R2 (R2 has zero drops, never crosses the bound)
[22m[39m{"timestamp":"2026-06-22T06:19:19.064Z","level":"INFO","source":"frontend","module":"webrtc/sframe-transform","message":"encrypted frame","context":{"kid":9,"ctr":2,"byteLength":62,"codecOffset":10}}

[90mstdout[2m | apps/validator-daemon/src/canary/__tests__/mesh-byzantine.test.ts[2m > [22m[2mREQ-RMS-017 — Byzantine under-server attributed to R via the SHIPPED canary pipeline[2m > [22m[2mthe per-relay accumulator isolates R from R2 (R2 has zero drops, never crosses the bound)
[22m[39m{"timestamp":"2026-06-22T06:19:19.065Z","level":"INFO","source":"frontend","module":"webrtc/sframe-transform","message":"encrypted frame","context":{"kid":9,"ctr":3,"byteLength":62,"codecOffset":10}}

[90mstdout[2m | apps/validator-daemon/src/canary/__tests__/mesh-byzantine.test.ts[2m > [22m[2mREQ-RMS-017 — Byzantine under-server attributed to R via the SHIPPED canary pipeline[2m > [22m[2mthe per-relay accumulator isolates R from R2 (R2 has zero drops, never crosses the bound)
[22m[39m{"timestamp":"2026-06-22T06:19:19.065Z","level":"INFO","source":"frontend","module":"webrtc/sframe-transform","message":"encrypted frame","context":{"kid":9,"ctr":4,"byteLength":62,"codecOffset":10}}

[90mstdout[2m | apps/validator-daemon/src/canary/__tests__/mesh-byzantine.test.ts[2m > [22m[2mREQ-RMS-017 — Byzantine under-server attributed to R via the SHIPPED canary pipeline[2m > [22m[2mthe per-relay accumulator isolates R from R2 (R2 has zero drops, never crosses the bound)
[22m[39m{"timestamp":"2026-06-22T06:19:19.065Z","level":"INFO","source":"frontend","module":"webrtc/sframe-transform","message":"encrypted frame","context":{"kid":9,"ctr":5,"byteLength":62,"codecOffset":10}}

[90mstdout[2m | apps/validator-daemon/src/canary/__tests__/mesh-byzantine.test.ts[2m > [22m[2mREQ-RMS-017 — Byzantine under-server attributed to R via the SHIPPED canary pipeline[2m > [22m[2mthe per-relay accumulator isolates R from R2 (R2 has zero drops, never crosses the bound)
[22m[39m{"timestamp":"2026-06-22T06:19:19.066Z","level":"INFO","source":"frontend","module":"webrtc/sframe-transform","message":"encrypted frame","context":{"kid":9,"ctr":6,"byteLength":62,"codecOffset":10}}

[90mstdout[2m | apps/validator-daemon/src/canary/__tests__/mesh-byzantine.test.ts[2m > [22m[2mREQ-RMS-017 — Byzantine under-server attributed to R via the SHIPPED canary pipeline[2m > [22m[2mthe per-relay accumulator isolates R from R2 (R2 has zero drops, never crosses the bound)
[22m[39m{"timestamp":"2026-06-22T06:19:19.066Z","level":"INFO","source":"frontend","module":"webrtc/sframe-transform","message":"encrypted frame","context":{"kid":9,"ctr":7,"byteLength":62,"codecOffset":10}}

[90mstdout[2m | apps/validator-daemon/src/canary/__tests__/mesh-byzantine.test.ts[2m > [22m[2mREQ-RMS-017 — Byzantine under-server attributed to R via the SHIPPED canary pipeline[2m > [22m[2mthe per-relay accumulator isolates R from R2 (R2 has zero drops, never crosses the bound)
[22m[39m{"timestamp":"2026-06-22T06:19:19.066Z","level":"INFO","source":"frontend","module":"webrtc/sframe-transform","message":"encrypted frame","context":{"kid":9,"ctr":0,"byteLength":62,"codecOffset":10}}

[90mstdout[2m | apps/validator-daemon/src/canary/__tests__/mesh-byzantine.test.ts[2m > [22m[2mREQ-RMS-017 — Byzantine under-server attributed to R via the SHIPPED canary pipeline[2m > [22m[2mthe per-relay accumulator isolates R from R2 (R2 has zero drops, never crosses the bound)
[22m[39m{"timestamp":"2026-06-22T06:19:19.067Z","level":"INFO","source":"frontend","module":"webrtc/sframe-transform","message":"encrypted frame","context":{"kid":9,"ctr":1,"byteLength":62,"codecOffset":10}}

[90mstdout[2m | apps/validator-daemon/src/canary/__tests__/mesh-byzantine.test.ts[2m > [22m[2mREQ-RMS-017 — Byzantine under-server attributed to R via the SHIPPED canary pipeline[2m > [22m[2mthe per-relay accumulator isolates R from R2 (R2 has zero drops, never crosses the bound)
[22m[39m{"timestamp":"2026-06-22T06:19:19.067Z","level":"INFO","source":"frontend","module":"webrtc/sframe-transform","message":"encrypted frame","context":{"kid":9,"ctr":2,"byteLength":62,"codecOffset":10}}

[90mstdout[2m | apps/validator-daemon/src/canary/__tests__/mesh-byzantine.test.ts[2m > [22m[2mREQ-RMS-017 — Byzantine under-server attributed to R via the SHIPPED canary pipeline[2m > [22m[2mthe per-relay accumulator isolates R from R2 (R2 has zero drops, never crosses the bound)
[22m[39m{"timestamp":"2026-06-22T06:19:19.068Z","level":"INFO","source":"frontend","module":"webrtc/sframe-transform","message":"encrypted frame","context":{"kid":9,"ctr":3,"byteLength":62,"codecOffset":10}}

[90mstdout[2m | apps/validator-daemon/src/canary/__tests__/mesh-byzantine.test.ts[2m > [22m[2mREQ-RMS-017 — Byzantine under-server attributed to R via the SHIPPED canary pipeline[2m > [22m[2mthe per-relay accumulator isolates R from R2 (R2 has zero drops, never crosses the bound)
[22m[39m{"timestamp":"2026-06-22T06:19:19.068Z","level":"INFO","source":"frontend","module":"webrtc/sframe-transform","message":"encrypted frame","context":{"kid":9,"ctr":4,"byteLength":62,"codecOffset":10}}

[90mstdout[2m | apps/validator-daemon/src/canary/__tests__/mesh-byzantine.test.ts[2m > [22m[2mREQ-RMS-017 — Byzantine under-server attributed to R via the SHIPPED canary pipeline[2m > [22m[2mthe per-relay accumulator isolates R from R2 (R2 has zero drops, never crosses the bound)
[22m[39m{"timestamp":"2026-06-22T06:19:19.068Z","level":"INFO","source":"frontend","module":"webrtc/sframe-transform","message":"encrypted frame","context":{"kid":9,"ctr":5,"byteLength":62,"codecOffset":10}}

[90mstdout[2m | apps/validator-daemon/src/canary/__tests__/mesh-byzantine.test.ts[2m > [22m[2mREQ-RMS-017 — Byzantine under-server attributed to R via the SHIPPED canary pipeline[2m > [22m[2mthe per-relay accumulator isolates R from R2 (R2 has zero drops, never crosses the bound)
[22m[39m{"timestamp":"2026-06-22T06:19:19.069Z","level":"INFO","source":"frontend","module":"webrtc/sframe-transform","message":"encrypted frame","context":{"kid":9,"ctr":6,"byteLength":62,"codecOffset":10}}

[90mstdout[2m | apps/validator-daemon/src/canary/__tests__/mesh-byzantine.test.ts[2m > [22m[2mREQ-RMS-017 — Byzantine under-server attributed to R via the SHIPPED canary pipeline[2m > [22m[2mthe per-relay accumulator isolates R from R2 (R2 has zero drops, never crosses the bound)
[22m[39m{"timestamp":"2026-06-22T06:19:19.069Z","level":"INFO","source":"frontend","module":"webrtc/sframe-transform","message":"encrypted frame","context":{"kid":9,"ctr":7,"byteLength":62,"codecOffset":10}}

{"level":30,"time":1782109159069,"pid":29576,"hostname":"Quang","name":"canary/verifier","canaryKid":9,"mediaPackets":8,"byteIdentical":8,"divergences":0,"msg":"canary forwarding verified"}
[90mstdout[2m | apps/validator-daemon/src/canary/__tests__/mesh-byzantine.test.ts[2m > [22m[2mREQ-RMS-017 — Byzantine under-server attributed to R via the SHIPPED canary pipeline[2m > [22m[2mthe per-relay accumulator isolates R from R2 (R2 has zero drops, never crosses the bound)
[22m[39m{"timestamp":"2026-06-22T06:19:19.069Z","level":"INFO","source":"frontend","module":"webrtc/sframe-transform","message":"encrypted frame","context":{"kid":9,"ctr":0,"byteLength":62,"codecOffset":10}}

[90mstdout[2m | apps/validator-daemon/src/canary/__tests__/mesh-byzantine.test.ts[2m > [22m[2mREQ-RMS-017 — Byzantine under-server attributed to R via the SHIPPED canary pipeline[2m > [22m[2mthe per-relay accumulator isolates R from R2 (R2 has zero drops, never crosses the bound)
[22m[39m{"timestamp":"2026-06-22T06:19:19.070Z","level":"INFO","source":"frontend","module":"webrtc/sframe-transform","message":"encrypted frame","context":{"kid":9,"ctr":1,"byteLength":62,"codecOffset":10}}

[90mstdout[2m | apps/validator-daemon/src/canary/__tests__/mesh-byzantine.test.ts[2m > [22m[2mREQ-RMS-017 — Byzantine under-server attributed to R via the SHIPPED canary pipeline[2m > [22m[2mthe per-relay accumulator isolates R from R2 (R2 has zero drops, never crosses the bound)
[22m[39m{"timestamp":"2026-06-22T06:19:19.070Z","level":"INFO","source":"frontend","module":"webrtc/sframe-transform","message":"encrypted frame","context":{"kid":9,"ctr":2,"byteLength":62,"codecOffset":10}}

[90mstdout[2m | apps/validator-daemon/src/canary/__tests__/mesh-byzantine.test.ts[2m > [22m[2mREQ-RMS-017 — Byzantine under-server attributed to R via the SHIPPED canary pipeline[2m > [22m[2mthe per-relay accumulator isolates R from R2 (R2 has zero drops, never crosses the bound)
[22m[39m{"timestamp":"2026-06-22T06:19:19.071Z","level":"INFO","source":"frontend","module":"webrtc/sframe-transform","message":"encrypted frame","context":{"kid":9,"ctr":3,"byteLength":62,"codecOffset":10}}

[90mstdout[2m | apps/validator-daemon/src/canary/__tests__/mesh-byzantine.test.ts[2m > [22m[2mREQ-RMS-017 — Byzantine under-server attributed to R via the SHIPPED canary pipeline[2m > [22m[2mthe per-relay accumulator isolates R from R2 (R2 has zero drops, never crosses the bound)
[22m[39m{"timestamp":"2026-06-22T06:19:19.071Z","level":"INFO","source":"frontend","module":"webrtc/sframe-transform","message":"encrypted frame","context":{"kid":9,"ctr":4,"byteLength":62,"codecOffset":10}}

[90mstdout[2m | apps/validator-daemon/src/canary/__tests__/mesh-byzantine.test.ts[2m > [22m[2mREQ-RMS-017 — Byzantine under-server attributed to R via the SHIPPED canary pipeline[2m > [22m[2mthe per-relay accumulator isolates R from R2 (R2 has zero drops, never crosses the bound)
[22m[39m{"timestamp":"2026-06-22T06:19:19.071Z","level":"INFO","source":"frontend","module":"webrtc/sframe-transform","message":"encrypted frame","context":{"kid":9,"ctr":5,"byteLength":62,"codecOffset":10}}

[90mstdout[2m | apps/validator-daemon/src/canary/__tests__/mesh-byzantine.test.ts[2m > [22m[2mREQ-RMS-017 — Byzantine under-server attributed to R via the SHIPPED canary pipeline[2m > [22m[2mthe per-relay accumulator isolates R from R2 (R2 has zero drops, never crosses the bound)
[22m[39m{"timestamp":"2026-06-22T06:19:19.072Z","level":"INFO","source":"frontend","module":"webrtc/sframe-transform","message":"encrypted frame","context":{"kid":9,"ctr":6,"byteLength":62,"codecOffset":10}}

[90mstdout[2m | apps/validator-daemon/src/canary/__tests__/mesh-byzantine.test.ts[2m > [22m[2mREQ-RMS-017 — Byzantine under-server attributed to R via the SHIPPED canary pipeline[2m > [22m[2mthe per-relay accumulator isolates R from R2 (R2 has zero drops, never crosses the bound)
[22m[39m{"timestamp":"2026-06-22T06:19:19.072Z","level":"INFO","source":"frontend","module":"webrtc/sframe-transform","message":"encrypted frame","context":{"kid":9,"ctr":7,"byteLength":62,"codecOffset":10}}

{"level":30,"time":1782109159072,"pid":29576,"hostname":"Quang","name":"canary/verifier","canaryKid":9,"mediaPackets":8,"byteIdentical":8,"divergences":0,"msg":"canary forwarding verified"}
{"level":30,"time":1782109159072,"pid":29576,"hostname":"Quang","name":"canary/loss-classifier","relayMinerId":"relay-honest-R2","promoted":0,"absorbed":0,"tampers":0,"cumulativeCrossed":false,"msg":"canary divergences classified (drop gate / tamper p=1)"}
{"level":30,"time":1782109159072,"pid":29576,"hostname":"Quang","name":"canary/verify-loop","round":1,"relayMinerId":"relay-honest-R2","roomId":"mesh-room","perReceiver":2,"promoted":0,"absorbed":0,"stunLossBps":"0","msg":"canary verify round classified (hermetic half — synthetic capture, STUN read live)"}
[90mstdout[2m | apps/validator-daemon/src/canary/__tests__/mesh-byzantine.test.ts[2m > [22m[2mREQ-RMS-017 — Byzantine under-server attributed to R via the SHIPPED canary pipeline[2m > [22m[2mthe per-relay accumulator isolates R from R2 (R2 has zero drops, never crosses the bound)
[22m[39m{"timestamp":"2026-06-22T06:19:19.073Z","level":"INFO","source":"frontend","module":"webrtc/sframe-transform","message":"encrypted frame","context":{"kid":9,"ctr":0,"byteLength":62,"codecOffset":10}}

[90mstdout[2m | apps/validator-daemon/src/canary/__tests__/mesh-byzantine.test.ts[2m > [22m[2mREQ-RMS-017 — Byzantine under-server attributed to R via the SHIPPED canary pipeline[2m > [22m[2mthe per-relay accumulator isolates R from R2 (R2 has zero drops, never crosses the bound)
[22m[39m{"timestamp":"2026-06-22T06:19:19.073Z","level":"INFO","source":"frontend","module":"webrtc/sframe-transform","message":"encrypted frame","context":{"kid":9,"ctr":1,"byteLength":62,"codecOffset":10}}

[90mstdout[2m | apps/validator-daemon/src/canary/__tests__/mesh-byzantine.test.ts[2m > [22m[2mREQ-RMS-017 — Byzantine under-server attributed to R via the SHIPPED canary pipeline[2m > [22m[2mthe per-relay accumulator isolates R from R2 (R2 has zero drops, never crosses the bound)
[22m[39m{"timestamp":"2026-06-22T06:19:19.073Z","level":"INFO","source":"frontend","module":"webrtc/sframe-transform","message":"encrypted frame","context":{"kid":9,"ctr":2,"byteLength":62,"codecOffset":10}}

[90mstdout[2m | apps/validator-daemon/src/canary/__tests__/mesh-byzantine.test.ts[2m > [22m[2mREQ-RMS-017 — Byzantine under-server attributed to R via the SHIPPED canary pipeline[2m > [22m[2mthe per-relay accumulator isolates R from R2 (R2 has zero drops, never crosses the bound)
[22m[39m{"timestamp":"2026-06-22T06:19:19.074Z","level":"INFO","source":"frontend","module":"webrtc/sframe-transform","message":"encrypted frame","context":{"kid":9,"ctr":3,"byteLength":62,"codecOffset":10}}

[90mstdout[2m | apps/validator-daemon/src/canary/__tests__/mesh-byzantine.test.ts[2m > [22m[2mREQ-RMS-017 — Byzantine under-server attributed to R via the SHIPPED canary pipeline[2m > [22m[2mthe per-relay accumulator isolates R from R2 (R2 has zero drops, never crosses the bound)
[22m[39m{"timestamp":"2026-06-22T06:19:19.075Z","level":"INFO","source":"frontend","module":"webrtc/sframe-transform","message":"encrypted frame","context":{"kid":9,"ctr":4,"byteLength":62,"codecOffset":10}}

[90mstdout[2m | apps/validator-daemon/src/canary/__tests__/mesh-byzantine.test.ts[2m > [22m[2mREQ-RMS-017 — Byzantine under-server attributed to R via the SHIPPED canary pipeline[2m > [22m[2mthe per-relay accumulator isolates R from R2 (R2 has zero drops, never crosses the bound)
[22m[39m{"timestamp":"2026-06-22T06:19:19.075Z","level":"INFO","source":"frontend","module":"webrtc/sframe-transform","message":"encrypted frame","context":{"kid":9,"ctr":6,"byteLength":62,"codecOffset":10}}

[90mstdout[2m | apps/validator-daemon/src/canary/__tests__/mesh-byzantine.test.ts[2m > [22m[2mREQ-RMS-017 — Byzantine under-server attributed to R via the SHIPPED canary pipeline[2m > [22m[2mthe per-relay accumulator isolates R from R2 (R2 has zero drops, never crosses the bound)
[22m[39m{"timestamp":"2026-06-22T06:19:19.076Z","level":"INFO","source":"frontend","module":"webrtc/sframe-transform","message":"encrypted frame","context":{"kid":9,"ctr":7,"byteLength":62,"codecOffset":10}}

[90mstdout[2m | apps/validator-daemon/src/canary/__tests__/mesh-byzantine.test.ts[2m > [22m[2mREQ-RMS-017 — Byzantine under-server attributed to R via the SHIPPED canary pipeline[2m > [22m[2mthe per-relay accumulator isolates R from R2 (R2 has zero drops, never crosses the bound)
[22m[39m{"timestamp":"2026-06-22T06:19:19.077Z","level":"INFO","source":"frontend","module":"webrtc/sframe-transform","message":"encrypted frame","context":{"kid":9,"ctr":0,"byteLength":62,"codecOffset":10}}

[90mstdout[2m | apps/validator-daemon/src/canary/__tests__/mesh-byzantine.test.ts[2m > [22m[2mREQ-RMS-017 — Byzantine under-server attributed to R via the SHIPPED canary pipeline[2m > [22m[2mthe per-relay accumulator isolates R from R2 (R2 has zero drops, never crosses the bound)
[22m[39m{"timestamp":"2026-06-22T06:19:19.077Z","level":"INFO","source":"frontend","module":"webrtc/sframe-transform","message":"encrypted frame","context":{"kid":9,"ctr":1,"byteLength":62,"codecOffset":10}}

[90mstdout[2m | apps/validator-daemon/src/canary/__tests__/mesh-byzantine.test.ts[2m > [22m[2mREQ-RMS-017 — Byzantine under-server attributed to R via the SHIPPED canary pipeline[2m > [22m[2mthe per-relay accumulator isolates R from R2 (R2 has zero drops, never crosses the bound)
[22m[39m{"timestamp":"2026-06-22T06:19:19.078Z","level":"INFO","source":"frontend","module":"webrtc/sframe-transform","message":"encrypted frame","context":{"kid":9,"ctr":2,"byteLength":62,"codecOffset":10}}

[90mstdout[2m | apps/validator-daemon/src/canary/__tests__/mesh-byzantine.test.ts[2m > [22m[2mREQ-RMS-017 — Byzantine under-server attributed to R via the SHIPPED canary pipeline[2m > [22m[2mthe per-relay accumulator isolates R from R2 (R2 has zero drops, never crosses the bound)
[22m[39m{"timestamp":"2026-06-22T06:19:19.078Z","level":"INFO","source":"frontend","module":"webrtc/sframe-transform","message":"encrypted frame","context":{"kid":9,"ctr":3,"byteLength":62,"codecOffset":10}}

[90mstdout[2m | apps/validator-daemon/src/canary/__tests__/mesh-byzantine.test.ts[2m > [22m[2mREQ-RMS-017 — Byzantine under-server attributed to R via the SHIPPED canary pipeline[2m > [22m[2mthe per-relay accumulator isolates R from R2 (R2 has zero drops, never crosses the bound)
[22m[39m{"timestamp":"2026-06-22T06:19:19.079Z","level":"INFO","source":"frontend","module":"webrtc/sframe-transform","message":"encrypted frame","context":{"kid":9,"ctr":4,"byteLength":62,"codecOffset":10}}

[90mstdout[2m | apps/validator-daemon/src/canary/__tests__/mesh-byzantine.test.ts[2m > [22m[2mREQ-RMS-017 — Byzantine under-server attributed to R via the SHIPPED canary pipeline[2m > [22m[2mthe per-relay accumulator isolates R from R2 (R2 has zero drops, never crosses the bound)
[22m[39m{"timestamp":"2026-06-22T06:19:19.081Z","level":"INFO","source":"frontend","module":"webrtc/sframe-transform","message":"encrypted frame","context":{"kid":9,"ctr":5,"byteLength":62,"codecOffset":10}}

[90mstdout[2m | apps/validator-daemon/src/canary/__tests__/mesh-byzantine.test.ts[2m > [22m[2mREQ-RMS-017 — Byzantine under-server attributed to R via the SHIPPED canary pipeline[2m > [22m[2mthe per-relay accumulator isolates R from R2 (R2 has zero drops, never crosses the bound)
[22m[39m{"timestamp":"2026-06-22T06:19:19.082Z","level":"INFO","source":"frontend","module":"webrtc/sframe-transform","message":"encrypted frame","context":{"kid":9,"ctr":6,"byteLength":62,"codecOffset":10}}

[90mstdout[2m | apps/validator-daemon/src/canary/__tests__/mesh-byzantine.test.ts[2m > [22m[2mREQ-RMS-017 — Byzantine under-server attributed to R via the SHIPPED canary pipeline[2m > [22m[2mthe per-relay accumulator isolates R from R2 (R2 has zero drops, never crosses the bound)
[22m[39m{"timestamp":"2026-06-22T06:19:19.083Z","level":"INFO","source":"frontend","module":"webrtc/sframe-transform","message":"encrypted frame","context":{"kid":9,"ctr":7,"byteLength":62,"codecOffset":10}}

{"level":30,"time":1782109159083,"pid":29576,"hostname":"Quang","name":"canary/verifier","canaryKid":9,"mediaPackets":7,"byteIdentical":7,"divergences":1,"msg":"canary forwarding verified"}
[90mstdout[2m | apps/validator-daemon/src/canary/__tests__/mesh-byzantine.test.ts[2m > [22m[2mREQ-RMS-017 — Byzantine under-server attributed to R via the SHIPPED canary pipeline[2m > [22m[2mthe per-relay accumulator isolates R from R2 (R2 has zero drops, never crosses the bound)
[22m[39m{"timestamp":"2026-06-22T06:19:19.084Z","level":"INFO","source":"frontend","module":"webrtc/sframe-transform","message":"encrypted frame","context":{"kid":9,"ctr":0,"byteLength":62,"codecOffset":10}}

[90mstdout[2m | apps/validator-daemon/src/canary/__tests__/mesh-byzantine.test.ts[2m > [22m[2mREQ-RMS-017 — Byzantine under-server attributed to R via the SHIPPED canary pipeline[2m > [22m[2mthe per-relay accumulator isolates R from R2 (R2 has zero drops, never crosses the bound)
[22m[39m{"timestamp":"2026-06-22T06:19:19.085Z","level":"INFO","source":"frontend","module":"webrtc/sframe-transform","message":"encrypted frame","context":{"kid":9,"ctr":1,"byteLength":62,"codecOffset":10}}

[90mstdout[2m | apps/validator-daemon/src/canary/__tests__/mesh-byzantine.test.ts[2m > [22m[2mREQ-RMS-017 — Byzantine under-server attributed to R via the SHIPPED canary pipeline[2m > [22m[2mthe per-relay accumulator isolates R from R2 (R2 has zero drops, never crosses the bound)
[22m[39m{"timestamp":"2026-06-22T06:19:19.086Z","level":"INFO","source":"frontend","module":"webrtc/sframe-transform","message":"encrypted frame","context":{"kid":9,"ctr":2,"byteLength":62,"codecOffset":10}}

[90mstdout[2m | apps/validator-daemon/src/canary/__tests__/mesh-byzantine.test.ts[2m > [22m[2mREQ-RMS-017 — Byzantine under-server attributed to R via the SHIPPED canary pipeline[2m > [22m[2mthe per-relay accumulator isolates R from R2 (R2 has zero drops, never crosses the bound)
[22m[39m{"timestamp":"2026-06-22T06:19:19.088Z","level":"INFO","source":"frontend","module":"webrtc/sframe-transform","message":"encrypted frame","context":{"kid":9,"ctr":3,"byteLength":62,"codecOffset":10}}

[90mstdout[2m | apps/validator-daemon/src/canary/__tests__/mesh-byzantine.test.ts[2m > [22m[2mREQ-RMS-017 — Byzantine under-server attributed to R via the SHIPPED canary pipeline[2m > [22m[2mthe per-relay accumulator isolates R from R2 (R2 has zero drops, never crosses the bound)
[22m[39m{"timestamp":"2026-06-22T06:19:19.089Z","level":"INFO","source":"frontend","module":"webrtc/sframe-transform","message":"encrypted frame","context":{"kid":9,"ctr":4,"byteLength":62,"codecOffset":10}}

[90mstdout[2m | apps/validator-daemon/src/canary/__tests__/mesh-byzantine.test.ts[2m > [22m[2mREQ-RMS-017 — Byzantine under-server attributed to R via the SHIPPED canary pipeline[2m > [22m[2mthe per-relay accumulator isolates R from R2 (R2 has zero drops, never crosses the bound)
[22m[39m{"timestamp":"2026-06-22T06:19:19.089Z","level":"INFO","source":"frontend","module":"webrtc/sframe-transform","message":"encrypted frame","context":{"kid":9,"ctr":5,"byteLength":62,"codecOffset":10}}

[90mstdout[2m | apps/validator-daemon/src/canary/__tests__/mesh-byzantine.test.ts[2m > [22m[2mREQ-RMS-017 — Byzantine under-server attributed to R via the SHIPPED canary pipeline[2m > [22m[2mthe per-relay accumulator isolates R from R2 (R2 has zero drops, never crosses the bound)
[22m[39m{"timestamp":"2026-06-22T06:19:19.090Z","level":"INFO","source":"frontend","module":"webrtc/sframe-transform","message":"encrypted frame","context":{"kid":9,"ctr":6,"byteLength":62,"codecOffset":10}}

[90mstdout[2m | apps/validator-daemon/src/canary/__tests__/mesh-byzantine.test.ts[2m > [22m[2mREQ-RMS-017 — Byzantine under-server attributed to R via the SHIPPED canary pipeline[2m > [22m[2mthe per-relay accumulator isolates R from R2 (R2 has zero drops, never crosses the bound)
[22m[39m{"timestamp":"2026-06-22T06:19:19.090Z","level":"INFO","source":"frontend","module":"webrtc/sframe-transform","message":"encrypted frame","context":{"kid":9,"ctr":7,"byteLength":62,"codecOffset":10}}

{"level":30,"time":1782109159091,"pid":29576,"hostname":"Quang","name":"canary/verifier","canaryKid":9,"mediaPackets":7,"byteIdentical":7,"divergences":1,"msg":"canary forwarding verified"}
{"level":30,"time":1782109159091,"pid":29576,"hostname":"Quang","name":"canary/loss-classifier","relayMinerId":"relay-byzantine-R","promoted":0,"absorbed":1,"tampers":0,"cumulativeCrossed":false,"msg":"canary divergences classified (drop gate / tamper p=1)"}
{"level":30,"time":1782109159091,"pid":29576,"hostname":"Quang","name":"canary/verify-loop","round":2,"relayMinerId":"relay-byzantine-R","roomId":"mesh-room","perReceiver":2,"promoted":0,"absorbed":1,"stunLossBps":"0","msg":"canary verify round classified (hermetic half — synthetic capture, STUN read live)"}
[90mstdout[2m | apps/validator-daemon/src/canary/__tests__/mesh-byzantine.test.ts[2m > [22m[2mREQ-RMS-017 — Byzantine under-server attributed to R via the SHIPPED canary pipeline[2m > [22m[2mthe per-relay accumulator isolates R from R2 (R2 has zero drops, never crosses the bound)
[22m[39m{"timestamp":"2026-06-22T06:19:19.091Z","level":"INFO","source":"frontend","module":"webrtc/sframe-transform","message":"encrypted frame","context":{"kid":9,"ctr":0,"byteLength":62,"codecOffset":10}}

[90mstdout[2m | apps/validator-daemon/src/canary/__tests__/mesh-byzantine.test.ts[2m > [22m[2mREQ-RMS-017 — Byzantine under-server attributed to R via the SHIPPED canary pipeline[2m > [22m[2mthe per-relay accumulator isolates R from R2 (R2 has zero drops, never crosses the bound)
[22m[39m{"timestamp":"2026-06-22T06:19:19.092Z","level":"INFO","source":"frontend","module":"webrtc/sframe-transform","message":"encrypted frame","context":{"kid":9,"ctr":1,"byteLength":62,"codecOffset":10}}

[90mstdout[2m | apps/validator-daemon/src/canary/__tests__/mesh-byzantine.test.ts[2m > [22m[2mREQ-RMS-017 — Byzantine under-server attributed to R via the SHIPPED canary pipeline[2m > [22m[2mthe per-relay accumulator isolates R from R2 (R2 has zero drops, never crosses the bound)
[22m[39m{"timestamp":"2026-06-22T06:19:19.093Z","level":"INFO","source":"frontend","module":"webrtc/sframe-transform","message":"encrypted frame","context":{"kid":9,"ctr":2,"byteLength":62,"codecOffset":10}}

[90mstdout[2m | apps/validator-daemon/src/canary/__tests__/mesh-byzantine.test.ts[2m > [22m[2mREQ-RMS-017 — Byzantine under-server attributed to R via the SHIPPED canary pipeline[2m > [22m[2mthe per-relay accumulator isolates R from R2 (R2 has zero drops, never crosses the bound)
[22m[39m{"timestamp":"2026-06-22T06:19:19.093Z","level":"INFO","source":"frontend","module":"webrtc/sframe-transform","message":"encrypted frame","context":{"kid":9,"ctr":3,"byteLength":62,"codecOffset":10}}

[90mstdout[2m | apps/validator-daemon/src/canary/__tests__/mesh-byzantine.test.ts[2m > [22m[2mREQ-RMS-017 — Byzantine under-server attributed to R via the SHIPPED canary pipeline[2m > [22m[2mthe per-relay accumulator isolates R from R2 (R2 has zero drops, never crosses the bound)
[22m[39m{"timestamp":"2026-06-22T06:19:19.094Z","level":"INFO","source":"frontend","module":"webrtc/sframe-transform","message":"encrypted frame","context":{"kid":9,"ctr":4,"byteLength":62,"codecOffset":10}}

[90mstdout[2m | apps/validator-daemon/src/canary/__tests__/mesh-byzantine.test.ts[2m > [22m[2mREQ-RMS-017 — Byzantine under-server attributed to R via the SHIPPED canary pipeline[2m > [22m[2mthe per-relay accumulator isolates R from R2 (R2 has zero drops, never crosses the bound)
[22m[39m{"timestamp":"2026-06-22T06:19:19.094Z","level":"INFO","source":"frontend","module":"webrtc/sframe-transform","message":"encrypted frame","context":{"kid":9,"ctr":5,"byteLength":62,"codecOffset":10}}

[90mstdout[2m | apps/validator-daemon/src/canary/__tests__/mesh-byzantine.test.ts[2m > [22m[2mREQ-RMS-017 — Byzantine under-server attributed to R via the SHIPPED canary pipeline[2m > [22m[2mthe per-relay accumulator isolates R from R2 (R2 has zero drops, never crosses the bound)
[22m[39m{"timestamp":"2026-06-22T06:19:19.095Z","level":"INFO","source":"frontend","module":"webrtc/sframe-transform","message":"encrypted frame","context":{"kid":9,"ctr":6,"byteLength":62,"codecOffset":10}}

[90mstdout[2m | apps/validator-daemon/src/canary/__tests__/mesh-byzantine.test.ts[2m > [22m[2mREQ-RMS-017 — Byzantine under-server attributed to R via the SHIPPED canary pipeline[2m > [22m[2mthe per-relay accumulator isolates R from R2 (R2 has zero drops, never crosses the bound)
[22m[39m{"timestamp":"2026-06-22T06:19:19.096Z","level":"INFO","source":"frontend","module":"webrtc/sframe-transform","message":"encrypted frame","context":{"kid":9,"ctr":7,"byteLength":62,"codecOffset":10}}

[90mstdout[2m | apps/validator-daemon/src/canary/__tests__/mesh-byzantine.test.ts[2m > [22m[2mREQ-RMS-017 — Byzantine under-server attributed to R via the SHIPPED canary pipeline[2m > [22m[2mthe per-relay accumulator isolates R from R2 (R2 has zero drops, never crosses the bound)
[22m[39m{"timestamp":"2026-06-22T06:19:19.096Z","level":"INFO","source":"frontend","module":"webrtc/sframe-transform","message":"encrypted frame","context":{"kid":9,"ctr":0,"byteLength":62,"codecOffset":10}}

[90mstdout[2m | apps/validator-daemon/src/canary/__tests__/mesh-byzantine.test.ts[2m > [22m[2mREQ-RMS-017 — Byzantine under-server attributed to R via the SHIPPED canary pipeline[2m > [22m[2mthe per-relay accumulator isolates R from R2 (R2 has zero drops, never crosses the bound)
[22m[39m{"timestamp":"2026-06-22T06:19:19.097Z","level":"INFO","source":"frontend","module":"webrtc/sframe-transform","message":"encrypted frame","context":{"kid":9,"ctr":1,"byteLength":62,"codecOffset":10}}

[90mstdout[2m | apps/validator-daemon/src/canary/__tests__/mesh-byzantine.test.ts[2m > [22m[2mREQ-RMS-017 — Byzantine under-server attributed to R via the SHIPPED canary pipeline[2m > [22m[2mthe per-relay accumulator isolates R from R2 (R2 has zero drops, never crosses the bound)
[22m[39m{"timestamp":"2026-06-22T06:19:19.097Z","level":"INFO","source":"frontend","module":"webrtc/sframe-transform","message":"encrypted frame","context":{"kid":9,"ctr":2,"byteLength":62,"codecOffset":10}}

[90mstdout[2m | apps/validator-daemon/src/canary/__tests__/mesh-byzantine.test.ts[2m > [22m[2mREQ-RMS-017 — Byzantine under-server attributed to R via the SHIPPED canary pipeline[2m > [22m[2mthe per-relay accumulator isolates R from R2 (R2 has zero drops, never crosses the bound)
[22m[39m{"timestamp":"2026-06-22T06:19:19.098Z","level":"INFO","source":"frontend","module":"webrtc/sframe-transform","message":"encrypted frame","context":{"kid":9,"ctr":3,"byteLength":62,"codecOffset":10}}

[90mstdout[2m | apps/validator-daemon/src/canary/__tests__/mesh-byzantine.test.ts[2m > [22m[2mREQ-RMS-017 — Byzantine under-server attributed to R via the SHIPPED canary pipeline[2m > [22m[2mthe per-relay accumulator isolates R from R2 (R2 has zero drops, never crosses the bound)
[22m[39m{"timestamp":"2026-06-22T06:19:19.098Z","level":"INFO","source":"frontend","module":"webrtc/sframe-transform","message":"encrypted frame","context":{"kid":9,"ctr":4,"byteLength":62,"codecOffset":10}}

[90mstdout[2m | apps/validator-daemon/src/canary/__tests__/mesh-byzantine.test.ts[2m > [22m[2mREQ-RMS-017 — Byzantine under-server attributed to R via the SHIPPED canary pipeline[2m > [22m[2mthe per-relay accumulator isolates R from R2 (R2 has zero drops, never crosses the bound)
[22m[39m{"timestamp":"2026-06-22T06:19:19.099Z","level":"INFO","source":"frontend","module":"webrtc/sframe-transform","message":"encrypted frame","context":{"kid":9,"ctr":5,"byteLength":62,"codecOffset":10}}

[90mstdout[2m | apps/validator-daemon/src/canary/__tests__/mesh-byzantine.test.ts[2m > [22m[2mREQ-RMS-017 — Byzantine under-server attributed to R via the SHIPPED canary pipeline[2m > [22m[2mthe per-relay accumulator isolates R from R2 (R2 has zero drops, never crosses the bound)
[22m[39m{"timestamp":"2026-06-22T06:19:19.100Z","level":"INFO","source":"frontend","module":"webrtc/sframe-transform","message":"encrypted frame","context":{"kid":9,"ctr":6,"byteLength":62,"codecOffset":10}}

[90mstdout[2m | apps/validator-daemon/src/canary/__tests__/mesh-byzantine.test.ts[2m > [22m[2mREQ-RMS-017 — Byzantine under-server attributed to R via the SHIPPED canary pipeline[2m > [22m[2mthe per-relay accumulator isolates R from R2 (R2 has zero drops, never crosses the bound)
[22m[39m{"timestamp":"2026-06-22T06:19:19.100Z","level":"INFO","source":"frontend","module":"webrtc/sframe-transform","message":"encrypted frame","context":{"kid":9,"ctr":7,"byteLength":62,"codecOffset":10}}

{"level":30,"time":1782109159100,"pid":29576,"hostname":"Quang","name":"canary/verifier","canaryKid":9,"mediaPackets":8,"byteIdentical":8,"divergences":0,"msg":"canary forwarding verified"}
[90mstdout[2m | apps/validator-daemon/src/canary/__tests__/mesh-byzantine.test.ts[2m > [22m[2mREQ-RMS-017 — Byzantine under-server attributed to R via the SHIPPED canary pipeline[2m > [22m[2mthe per-relay accumulator isolates R from R2 (R2 has zero drops, never crosses the bound)
[22m[39m{"timestamp":"2026-06-22T06:19:19.101Z","level":"INFO","source":"frontend","module":"webrtc/sframe-transform","message":"encrypted frame","context":{"kid":9,"ctr":0,"byteLength":62,"codecOffset":10}}

[90mstdout[2m | apps/validator-daemon/src/canary/__tests__/mesh-byzantine.test.ts[2m > [22m[2mREQ-RMS-017 — Byzantine under-server attributed to R via the SHIPPED canary pipeline[2m > [22m[2mthe per-relay accumulator isolates R from R2 (R2 has zero drops, never crosses the bound)
[22m[39m{"timestamp":"2026-06-22T06:19:19.101Z","level":"INFO","source":"frontend","module":"webrtc/sframe-transform","message":"encrypted frame","context":{"kid":9,"ctr":1,"byteLength":62,"codecOffset":10}}

[90mstdout[2m | apps/validator-daemon/src/canary/__tests__/mesh-byzantine.test.ts[2m > [22m[2mREQ-RMS-017 — Byzantine under-server attributed to R via the SHIPPED canary pipeline[2m > [22m[2mthe per-relay accumulator isolates R from R2 (R2 has zero drops, never crosses the bound)
[22m[39m{"timestamp":"2026-06-22T06:19:19.102Z","level":"INFO","source":"frontend","module":"webrtc/sframe-transform","message":"encrypted frame","context":{"kid":9,"ctr":2,"byteLength":62,"codecOffset":10}}

[90mstdout[2m | apps/validator-daemon/src/canary/__tests__/mesh-byzantine.test.ts[2m > [22m[2mREQ-RMS-017 — Byzantine under-server attributed to R via the SHIPPED canary pipeline[2m > [22m[2mthe per-relay accumulator isolates R from R2 (R2 has zero drops, never crosses the bound)
[22m[39m{"timestamp":"2026-06-22T06:19:19.102Z","level":"INFO","source":"frontend","module":"webrtc/sframe-transform","message":"encrypted frame","context":{"kid":9,"ctr":3,"byteLength":62,"codecOffset":10}}

[90mstdout[2m | apps/validator-daemon/src/canary/__tests__/mesh-byzantine.test.ts[2m > [22m[2mREQ-RMS-017 — Byzantine under-server attributed to R via the SHIPPED canary pipeline[2m > [22m[2mthe per-relay accumulator isolates R from R2 (R2 has zero drops, never crosses the bound)
[22m[39m{"timestamp":"2026-06-22T06:19:19.103Z","level":"INFO","source":"frontend","module":"webrtc/sframe-transform","message":"encrypted frame","context":{"kid":9,"ctr":4,"byteLength":62,"codecOffset":10}}

[90mstdout[2m | apps/validator-daemon/src/canary/__tests__/mesh-byzantine.test.ts[2m > [22m[2mREQ-RMS-017 — Byzantine under-server attributed to R via the SHIPPED canary pipeline[2m > [22m[2mthe per-relay accumulator isolates R from R2 (R2 has zero drops, never crosses the bound)
[22m[39m{"timestamp":"2026-06-22T06:19:19.103Z","level":"INFO","source":"frontend","module":"webrtc/sframe-transform","message":"encrypted frame","context":{"kid":9,"ctr":5,"byteLength":62,"codecOffset":10}}

[90mstdout[2m | apps/validator-daemon/src/canary/__tests__/mesh-byzantine.test.ts[2m > [22m[2mREQ-RMS-017 — Byzantine under-server attributed to R via the SHIPPED canary pipeline[2m > [22m[2mthe per-relay accumulator isolates R from R2 (R2 has zero drops, never crosses the bound)
[22m[39m{"timestamp":"2026-06-22T06:19:19.104Z","level":"INFO","source":"frontend","module":"webrtc/sframe-transform","message":"encrypted frame","context":{"kid":9,"ctr":6,"byteLength":62,"codecOffset":10}}

[90mstdout[2m | apps/validator-daemon/src/canary/__tests__/mesh-byzantine.test.ts[2m > [22m[2mREQ-RMS-017 — Byzantine under-server attributed to R via the SHIPPED canary pipeline[2m > [22m[2mthe per-relay accumulator isolates R from R2 (R2 has zero drops, never crosses the bound)
[22m[39m{"timestamp":"2026-06-22T06:19:19.104Z","level":"INFO","source":"frontend","module":"webrtc/sframe-transform","message":"encrypted frame","context":{"kid":9,"ctr":7,"byteLength":62,"codecOffset":10}}

{"level":30,"time":1782109159104,"pid":29576,"hostname":"Quang","name":"canary/verifier","canaryKid":9,"mediaPackets":8,"byteIdentical":8,"divergences":0,"msg":"canary forwarding verified"}
{"level":30,"time":1782109159104,"pid":29576,"hostname":"Quang","name":"canary/loss-classifier","relayMinerId":"relay-honest-R2","promoted":0,"absorbed":0,"tampers":0,"cumulativeCrossed":false,"msg":"canary divergences classified (drop gate / tamper p=1)"}
{"level":30,"time":1782109159104,"pid":29576,"hostname":"Quang","name":"canary/verify-loop","round":2,"relayMinerId":"relay-honest-R2","roomId":"mesh-room","perReceiver":2,"promoted":0,"absorbed":0,"stunLossBps":"0","msg":"canary verify round classified (hermetic half — synthetic capture, STUN read live)"}
[90mstdout[2m | apps/validator-daemon/src/canary/__tests__/mesh-byzantine.test.ts[2m > [22m[2mREQ-RMS-017 — Byzantine under-server attributed to R via the SHIPPED canary pipeline[2m > [22m[2mthe per-relay accumulator isolates R from R2 (R2 has zero drops, never crosses the bound)
[22m[39m{"timestamp":"2026-06-22T06:19:19.105Z","level":"INFO","source":"frontend","module":"webrtc/sframe-transform","message":"encrypted frame","context":{"kid":9,"ctr":0,"byteLength":62,"codecOffset":10}}

[90mstdout[2m | apps/validator-daemon/src/canary/__tests__/mesh-byzantine.test.ts[2m > [22m[2mREQ-RMS-017 — Byzantine under-server attributed to R via the SHIPPED canary pipeline[2m > [22m[2mthe per-relay accumulator isolates R from R2 (R2 has zero drops, never crosses the bound)
[22m[39m{"timestamp":"2026-06-22T06:19:19.105Z","level":"INFO","source":"frontend","module":"webrtc/sframe-transform","message":"encrypted frame","context":{"kid":9,"ctr":1,"byteLength":62,"codecOffset":10}}

[90mstdout[2m | apps/validator-daemon/src/canary/__tests__/mesh-byzantine.test.ts[2m > [22m[2mREQ-RMS-017 — Byzantine under-server attributed to R via the SHIPPED canary pipeline[2m > [22m[2mthe per-relay accumulator isolates R from R2 (R2 has zero drops, never crosses the bound)
[22m[39m{"timestamp":"2026-06-22T06:19:19.105Z","level":"INFO","source":"frontend","module":"webrtc/sframe-transform","message":"encrypted frame","context":{"kid":9,"ctr":2,"byteLength":62,"codecOffset":10}}

[90mstdout[2m | apps/validator-daemon/src/canary/__tests__/mesh-byzantine.test.ts[2m > [22m[2mREQ-RMS-017 — Byzantine under-server attributed to R via the SHIPPED canary pipeline[2m > [22m[2mthe per-relay accumulator isolates R from R2 (R2 has zero drops, never crosses the bound)
[22m[39m{"timestamp":"2026-06-22T06:19:19.106Z","level":"INFO","source":"frontend","module":"webrtc/sframe-transform","message":"encrypted frame","context":{"kid":9,"ctr":3,"byteLength":62,"codecOffset":10}}

[90mstdout[2m | apps/validator-daemon/src/canary/__tests__/mesh-byzantine.test.ts[2m > [22m[2mREQ-RMS-017 — Byzantine under-server attributed to R via the SHIPPED canary pipeline[2m > [22m[2mthe per-relay accumulator isolates R from R2 (R2 has zero drops, never crosses the bound)
[22m[39m{"timestamp":"2026-06-22T06:19:19.106Z","level":"INFO","source":"frontend","module":"webrtc/sframe-transform","message":"encrypted frame","context":{"kid":9,"ctr":4,"byteLength":62,"codecOffset":10}}

[90mstdout[2m | apps/validator-daemon/src/canary/__tests__/mesh-byzantine.test.ts[2m > [22m[2mREQ-RMS-017 — Byzantine under-server attributed to R via the SHIPPED canary pipeline[2m > [22m[2mthe per-relay accumulator isolates R from R2 (R2 has zero drops, never crosses the bound)
[22m[39m{"timestamp":"2026-06-22T06:19:19.107Z","level":"INFO","source":"frontend","module":"webrtc/sframe-transform","message":"encrypted frame","context":{"kid":9,"ctr":6,"byteLength":62,"codecOffset":10}}

[90mstdout[2m | apps/validator-daemon/src/canary/__tests__/mesh-byzantine.test.ts[2m > [22m[2mREQ-RMS-017 — Byzantine under-server attributed to R via the SHIPPED canary pipeline[2m > [22m[2mthe per-relay accumulator isolates R from R2 (R2 has zero drops, never crosses the bound)
[22m[39m{"timestamp":"2026-06-22T06:19:19.107Z","level":"INFO","source":"frontend","module":"webrtc/sframe-transform","message":"encrypted frame","context":{"kid":9,"ctr":7,"byteLength":62,"codecOffset":10}}

[90mstdout[2m | apps/validator-daemon/src/canary/__tests__/mesh-byzantine.test.ts[2m > [22m[2mREQ-RMS-017 — Byzantine under-server attributed to R via the SHIPPED canary pipeline[2m > [22m[2mthe per-relay accumulator isolates R from R2 (R2 has zero drops, never crosses the bound)
[22m[39m{"timestamp":"2026-06-22T06:19:19.107Z","level":"INFO","source":"frontend","module":"webrtc/sframe-transform","message":"encrypted frame","context":{"kid":9,"ctr":0,"byteLength":62,"codecOffset":10}}

[90mstdout[2m | apps/validator-daemon/src/canary/__tests__/mesh-byzantine.test.ts[2m > [22m[2mREQ-RMS-017 — Byzantine under-server attributed to R via the SHIPPED canary pipeline[2m > [22m[2mthe per-relay accumulator isolates R from R2 (R2 has zero drops, never crosses the bound)
[22m[39m{"timestamp":"2026-06-22T06:19:19.107Z","level":"INFO","source":"frontend","module":"webrtc/sframe-transform","message":"encrypted frame","context":{"kid":9,"ctr":1,"byteLength":62,"codecOffset":10}}

[90mstdout[2m | apps/validator-daemon/src/canary/__tests__/mesh-byzantine.test.ts[2m > [22m[2mREQ-RMS-017 — Byzantine under-server attributed to R via the SHIPPED canary pipeline[2m > [22m[2mthe per-relay accumulator isolates R from R2 (R2 has zero drops, never crosses the bound)
[22m[39m{"timestamp":"2026-06-22T06:19:19.108Z","level":"INFO","source":"frontend","module":"webrtc/sframe-transform","message":"encrypted frame","context":{"kid":9,"ctr":2,"byteLength":62,"codecOffset":10}}

[90mstdout[2m | apps/validator-daemon/src/canary/__tests__/mesh-byzantine.test.ts[2m > [22m[2mREQ-RMS-017 — Byzantine under-server attributed to R via the SHIPPED canary pipeline[2m > [22m[2mthe per-relay accumulator isolates R from R2 (R2 has zero drops, never crosses the bound)
[22m[39m{"timestamp":"2026-06-22T06:19:19.108Z","level":"INFO","source":"frontend","module":"webrtc/sframe-transform","message":"encrypted frame","context":{"kid":9,"ctr":3,"byteLength":62,"codecOffset":10}}

[90mstdout[2m | apps/validator-daemon/src/canary/__tests__/mesh-byzantine.test.ts[2m > [22m[2mREQ-RMS-017 — Byzantine under-server attributed to R via the SHIPPED canary pipeline[2m > [22m[2mthe per-relay accumulator isolates R from R2 (R2 has zero drops, never crosses the bound)
[22m[39m{"timestamp":"2026-06-22T06:19:19.108Z","level":"INFO","source":"frontend","module":"webrtc/sframe-transform","message":"encrypted frame","context":{"kid":9,"ctr":4,"byteLength":62,"codecOffset":10}}

[90mstdout[2m | apps/validator-daemon/src/canary/__tests__/mesh-byzantine.test.ts[2m > [22m[2mREQ-RMS-017 — Byzantine under-server attributed to R via the SHIPPED canary pipeline[2m > [22m[2mthe per-relay accumulator isolates R from R2 (R2 has zero drops, never crosses the bound)
[22m[39m{"timestamp":"2026-06-22T06:19:19.109Z","level":"INFO","source":"frontend","module":"webrtc/sframe-transform","message":"encrypted frame","context":{"kid":9,"ctr":5,"byteLength":62,"codecOffset":10}}

{"level":30,"time":1782109159110,"pid":29576,"hostname":"Quang","name":"canary/verifier","canaryKid":9,"mediaPackets":7,"byteIdentical":7,"divergences":1,"msg":"canary forwarding verified"}
[90mstdout[2m | apps/validator-daemon/src/canary/__tests__/mesh-byzantine.test.ts[2m > [22m[2mREQ-RMS-017 — Byzantine under-server attributed to R via the SHIPPED canary pipeline[2m > [22m[2mthe per-relay accumulator isolates R from R2 (R2 has zero drops, never crosses the bound)
[22m[39m{"timestamp":"2026-06-22T06:19:19.109Z","level":"INFO","source":"frontend","module":"webrtc/sframe-transform","message":"encrypted frame","context":{"kid":9,"ctr":6,"byteLength":62,"codecOffset":10}}

[90mstdout[2m | apps/validator-daemon/src/canary/__tests__/mesh-byzantine.test.ts[2m > [22m[2mREQ-RMS-017 — Byzantine under-server attributed to R via the SHIPPED canary pipeline[2m > [22m[2mthe per-relay accumulator isolates R from R2 (R2 has zero drops, never crosses the bound)
[22m[39m{"timestamp":"2026-06-22T06:19:19.109Z","level":"INFO","source":"frontend","module":"webrtc/sframe-transform","message":"encrypted frame","context":{"kid":9,"ctr":7,"byteLength":62,"codecOffset":10}}

[90mstdout[2m | apps/validator-daemon/src/canary/__tests__/mesh-byzantine.test.ts[2m > [22m[2mREQ-RMS-017 — Byzantine under-server attributed to R via the SHIPPED canary pipeline[2m > [22m[2mthe per-relay accumulator isolates R from R2 (R2 has zero drops, never crosses the bound)
[22m[39m{"timestamp":"2026-06-22T06:19:19.110Z","level":"INFO","source":"frontend","module":"webrtc/sframe-transform","message":"encrypted frame","context":{"kid":9,"ctr":0,"byteLength":62,"codecOffset":10}}

[90mstdout[2m | apps/validator-daemon/src/canary/__tests__/mesh-byzantine.test.ts[2m > [22m[2mREQ-RMS-017 — Byzantine under-server attributed to R via the SHIPPED canary pipeline[2m > [22m[2mthe per-relay accumulator isolates R from R2 (R2 has zero drops, never crosses the bound)
[22m[39m{"timestamp":"2026-06-22T06:19:19.110Z","level":"INFO","source":"frontend","module":"webrtc/sframe-transform","message":"encrypted frame","context":{"kid":9,"ctr":1,"byteLength":62,"codecOffset":10}}

[90mstdout[2m | apps/validator-daemon/src/canary/__tests__/mesh-byzantine.test.ts[2m > [22m[2mREQ-RMS-017 — Byzantine under-server attributed to R via the SHIPPED canary pipeline[2m > [22m[2mthe per-relay accumulator isolates R from R2 (R2 has zero drops, never crosses the bound)
[22m[39m{"timestamp":"2026-06-22T06:19:19.110Z","level":"INFO","source":"frontend","module":"webrtc/sframe-transform","message":"encrypted frame","context":{"kid":9,"ctr":2,"byteLength":62,"codecOffset":10}}

[90mstdout[2m | apps/validator-daemon/src/canary/__tests__/mesh-byzantine.test.ts[2m > [22m[2mREQ-RMS-017 — Byzantine under-server attributed to R via the SHIPPED canary pipeline[2m > [22m[2mthe per-relay accumulator isolates R from R2 (R2 has zero drops, never crosses the bound)
[22m[39m{"timestamp":"2026-06-22T06:19:19.111Z","level":"INFO","source":"frontend","module":"webrtc/sframe-transform","message":"encrypted frame","context":{"kid":9,"ctr":3,"byteLength":62,"codecOffset":10}}

[90mstdout[2m | apps/validator-daemon/src/canary/__tests__/mesh-byzantine.test.ts[2m > [22m[2mREQ-RMS-017 — Byzantine under-server attributed to R via the SHIPPED canary pipeline[2m > [22m[2mthe per-relay accumulator isolates R from R2 (R2 has zero drops, never crosses the bound)
[22m[39m{"timestamp":"2026-06-22T06:19:19.111Z","level":"INFO","source":"frontend","module":"webrtc/sframe-transform","message":"encrypted frame","context":{"kid":9,"ctr":4,"byteLength":62,"codecOffset":10}}

[90mstdout[2m | apps/validator-daemon/src/canary/__tests__/mesh-byzantine.test.ts[2m > [22m[2mREQ-RMS-017 — Byzantine under-server attributed to R via the SHIPPED canary pipeline[2m > [22m[2mthe per-relay accumulator isolates R from R2 (R2 has zero drops, never crosses the bound)
[22m[39m{"timestamp":"2026-06-22T06:19:19.111Z","level":"INFO","source":"frontend","module":"webrtc/sframe-transform","message":"encrypted frame","context":{"kid":9,"ctr":5,"byteLength":62,"codecOffset":10}}

[90mstdout[2m | apps/validator-daemon/src/canary/__tests__/mesh-byzantine.test.ts[2m > [22m[2mREQ-RMS-017 — Byzantine under-server attributed to R via the SHIPPED canary pipeline[2m > [22m[2mthe per-relay accumulator isolates R from R2 (R2 has zero drops, never crosses the bound)
[22m[39m{"timestamp":"2026-06-22T06:19:19.112Z","level":"INFO","source":"frontend","module":"webrtc/sframe-transform","message":"encrypted frame","context":{"kid":9,"ctr":6,"byteLength":62,"codecOffset":10}}

{"level":30,"time":1782109159112,"pid":29576,"hostname":"Quang","name":"canary/verifier","canaryKid":9,"mediaPackets":7,"byteIdentical":7,"divergences":1,"msg":"canary forwarding verified"}
[90mstdout[2m | apps/validator-daemon/src/canary/__tests__/mesh-byzantine.test.ts[2m > [22m[2mREQ-RMS-017 — Byzantine under-server attributed to R via the SHIPPED canary pipeline[2m > [22m[2mthe per-relay accumulator isolates R from R2 (R2 has zero drops, never crosses the bound)
[22m[39m{"timestamp":"2026-06-22T06:19:19.112Z","level":"INFO","source":"frontend","module":"webrtc/sframe-transform","message":"encrypted frame","context":{"kid":9,"ctr":7,"byteLength":62,"codecOffset":10}}

{"level":30,"time":1782109159112,"pid":29576,"hostname":"Quang","name":"canary/loss-classifier","relayMinerId":"relay-byzantine-R","promoted":0,"absorbed":1,"tampers":0,"cumulativeCrossed":false,"msg":"canary divergences classified (drop gate / tamper p=1)"}
{"level":30,"time":1782109159112,"pid":29576,"hostname":"Quang","name":"canary/verify-loop","round":3,"relayMinerId":"relay-byzantine-R","roomId":"mesh-room","perReceiver":2,"promoted":0,"absorbed":1,"stunLossBps":"0","msg":"canary verify round classified (hermetic half — synthetic capture, STUN read live)"}
[90mstdout[2m | apps/validator-daemon/src/canary/__tests__/mesh-byzantine.test.ts[2m > [22m[2mREQ-RMS-017 — Byzantine under-server attributed to R via the SHIPPED canary pipeline[2m > [22m[2mthe per-relay accumulator isolates R from R2 (R2 has zero drops, never crosses the bound)
[22m[39m{"timestamp":"2026-06-22T06:19:19.113Z","level":"INFO","source":"frontend","module":"webrtc/sframe-transform","message":"encrypted frame","context":{"kid":9,"ctr":0,"byteLength":62,"codecOffset":10}}

[90mstdout[2m | apps/validator-daemon/src/canary/__tests__/mesh-byzantine.test.ts[2m > [22m[2mREQ-RMS-017 — Byzantine under-server attributed to R via the SHIPPED canary pipeline[2m > [22m[2mthe per-relay accumulator isolates R from R2 (R2 has zero drops, never crosses the bound)
[22m[39m{"timestamp":"2026-06-22T06:19:19.113Z","level":"INFO","source":"frontend","module":"webrtc/sframe-transform","message":"encrypted frame","context":{"kid":9,"ctr":1,"byteLength":62,"codecOffset":10}}

[90mstdout[2m | apps/validator-daemon/src/canary/__tests__/mesh-byzantine.test.ts[2m > [22m[2mREQ-RMS-017 — Byzantine under-server attributed to R via the SHIPPED canary pipeline[2m > [22m[2mthe per-relay accumulator isolates R from R2 (R2 has zero drops, never crosses the bound)
[22m[39m{"timestamp":"2026-06-22T06:19:19.113Z","level":"INFO","source":"frontend","module":"webrtc/sframe-transform","message":"encrypted frame","context":{"kid":9,"ctr":2,"byteLength":62,"codecOffset":10}}

[90mstdout[2m | apps/validator-daemon/src/canary/__tests__/mesh-byzantine.test.ts[2m > [22m[2mREQ-RMS-017 — Byzantine under-server attributed to R via the SHIPPED canary pipeline[2m > [22m[2mthe per-relay accumulator isolates R from R2 (R2 has zero drops, never crosses the bound)
[22m[39m{"timestamp":"2026-06-22T06:19:19.114Z","level":"INFO","source":"frontend","module":"webrtc/sframe-transform","message":"encrypted frame","context":{"kid":9,"ctr":3,"byteLength":62,"codecOffset":10}}

[90mstdout[2m | apps/validator-daemon/src/canary/__tests__/mesh-byzantine.test.ts[2m > [22m[2mREQ-RMS-017 — Byzantine under-server attributed to R via the SHIPPED canary pipeline[2m > [22m[2mthe per-relay accumulator isolates R from R2 (R2 has zero drops, never crosses the bound)
[22m[39m{"timestamp":"2026-06-22T06:19:19.114Z","level":"INFO","source":"frontend","module":"webrtc/sframe-transform","message":"encrypted frame","context":{"kid":9,"ctr":4,"byteLength":62,"codecOffset":10}}

[90mstdout[2m | apps/validator-daemon/src/canary/__tests__/mesh-byzantine.test.ts[2m > [22m[2mREQ-RMS-017 — Byzantine under-server attributed to R via the SHIPPED canary pipeline[2m > [22m[2mthe per-relay accumulator isolates R from R2 (R2 has zero drops, never crosses the bound)
[22m[39m{"timestamp":"2026-06-22T06:19:19.114Z","level":"INFO","source":"frontend","module":"webrtc/sframe-transform","message":"encrypted frame","context":{"kid":9,"ctr":5,"byteLength":62,"codecOffset":10}}

[90mstdout[2m | apps/validator-daemon/src/canary/__tests__/mesh-byzantine.test.ts[2m > [22m[2mREQ-RMS-017 — Byzantine under-server attributed to R via the SHIPPED canary pipeline[2m > [22m[2mthe per-relay accumulator isolates R from R2 (R2 has zero drops, never crosses the bound)
[22m[39m{"timestamp":"2026-06-22T06:19:19.115Z","level":"INFO","source":"frontend","module":"webrtc/sframe-transform","message":"encrypted frame","context":{"kid":9,"ctr":6,"byteLength":62,"codecOffset":10}}

[90mstdout[2m | apps/validator-daemon/src/canary/__tests__/mesh-byzantine.test.ts[2m > [22m[2mREQ-RMS-017 — Byzantine under-server attributed to R via the SHIPPED canary pipeline[2m > [22m[2mthe per-relay accumulator isolates R from R2 (R2 has zero drops, never crosses the bound)
[22m[39m{"timestamp":"2026-06-22T06:19:19.115Z","level":"INFO","source":"frontend","module":"webrtc/sframe-transform","message":"encrypted frame","context":{"kid":9,"ctr":7,"byteLength":62,"codecOffset":10}}

[90mstdout[2m | apps/validator-daemon/src/canary/__tests__/mesh-byzantine.test.ts[2m > [22m[2mREQ-RMS-017 — Byzantine under-server attributed to R via the SHIPPED canary pipeline[2m > [22m[2mthe per-relay accumulator isolates R from R2 (R2 has zero drops, never crosses the bound)
[22m[39m{"timestamp":"2026-06-22T06:19:19.115Z","level":"INFO","source":"frontend","module":"webrtc/sframe-transform","message":"encrypted frame","context":{"kid":9,"ctr":0,"byteLength":62,"codecOffset":10}}

[90mstdout[2m | apps/validator-daemon/src/canary/__tests__/mesh-byzantine.test.ts[2m > [22m[2mREQ-RMS-017 — Byzantine under-server attributed to R via the SHIPPED canary pipeline[2m > [22m[2mthe per-relay accumulator isolates R from R2 (R2 has zero drops, never crosses the bound)
[22m[39m{"timestamp":"2026-06-22T06:19:19.116Z","level":"INFO","source":"frontend","module":"webrtc/sframe-transform","message":"encrypted frame","context":{"kid":9,"ctr":1,"byteLength":62,"codecOffset":10}}

[90mstdout[2m | apps/validator-daemon/src/canary/__tests__/mesh-byzantine.test.ts[2m > [22m[2mREQ-RMS-017 — Byzantine under-server attributed to R via the SHIPPED canary pipeline[2m > [22m[2mthe per-relay accumulator isolates R from R2 (R2 has zero drops, never crosses the bound)
[22m[39m{"timestamp":"2026-06-22T06:19:19.116Z","level":"INFO","source":"frontend","module":"webrtc/sframe-transform","message":"encrypted frame","context":{"kid":9,"ctr":2,"byteLength":62,"codecOffset":10}}

[90mstdout[2m | apps/validator-daemon/src/canary/__tests__/mesh-byzantine.test.ts[2m > [22m[2mREQ-RMS-017 — Byzantine under-server attributed to R via the SHIPPED canary pipeline[2m > [22m[2mthe per-relay accumulator isolates R from R2 (R2 has zero drops, never crosses the bound)
[22m[39m{"timestamp":"2026-06-22T06:19:19.117Z","level":"INFO","source":"frontend","module":"webrtc/sframe-transform","message":"encrypted frame","context":{"kid":9,"ctr":3,"byteLength":62,"codecOffset":10}}

[90mstdout[2m | apps/validator-daemon/src/canary/__tests__/mesh-byzantine.test.ts[2m > [22m[2mREQ-RMS-017 — Byzantine under-server attributed to R via the SHIPPED canary pipeline[2m > [22m[2mthe per-relay accumulator isolates R from R2 (R2 has zero drops, never crosses the bound)
[22m[39m{"timestamp":"2026-06-22T06:19:19.117Z","level":"INFO","source":"frontend","module":"webrtc/sframe-transform","message":"encrypted frame","context":{"kid":9,"ctr":4,"byteLength":62,"codecOffset":10}}

[90mstdout[2m | apps/validator-daemon/src/canary/__tests__/mesh-byzantine.test.ts[2m > [22m[2mREQ-RMS-017 — Byzantine under-server attributed to R via the SHIPPED canary pipeline[2m > [22m[2mthe per-relay accumulator isolates R from R2 (R2 has zero drops, never crosses the bound)
[22m[39m{"timestamp":"2026-06-22T06:19:19.118Z","level":"INFO","source":"frontend","module":"webrtc/sframe-transform","message":"encrypted frame","context":{"kid":9,"ctr":5,"byteLength":62,"codecOffset":10}}

[90mstdout[2m | apps/validator-daemon/src/canary/__tests__/mesh-byzantine.test.ts[2m > [22m[2mREQ-RMS-017 — Byzantine under-server attributed to R via the SHIPPED canary pipeline[2m > [22m[2mthe per-relay accumulator isolates R from R2 (R2 has zero drops, never crosses the bound)
[22m[39m{"timestamp":"2026-06-22T06:19:19.119Z","level":"INFO","source":"frontend","module":"webrtc/sframe-transform","message":"encrypted frame","context":{"kid":9,"ctr":6,"byteLength":62,"codecOffset":10}}

[90mstdout[2m | apps/validator-daemon/src/canary/__tests__/mesh-byzantine.test.ts[2m > [22m[2mREQ-RMS-017 — Byzantine under-server attributed to R via the SHIPPED canary pipeline[2m > [22m[2mthe per-relay accumulator isolates R from R2 (R2 has zero drops, never crosses the bound)
[22m[39m{"timestamp":"2026-06-22T06:19:19.119Z","level":"INFO","source":"frontend","module":"webrtc/sframe-transform","message":"encrypted frame","context":{"kid":9,"ctr":7,"byteLength":62,"codecOffset":10}}

{"level":30,"time":1782109159120,"pid":29576,"hostname":"Quang","name":"canary/verifier","canaryKid":9,"mediaPackets":8,"byteIdentical":8,"divergences":0,"msg":"canary forwarding verified"}
[90mstdout[2m | apps/validator-daemon/src/canary/__tests__/mesh-byzantine.test.ts[2m > [22m[2mREQ-RMS-017 — Byzantine under-server attributed to R via the SHIPPED canary pipeline[2m > [22m[2mthe per-relay accumulator isolates R from R2 (R2 has zero drops, never crosses the bound)
[22m[39m{"timestamp":"2026-06-22T06:19:19.120Z","level":"INFO","source":"frontend","module":"webrtc/sframe-transform","message":"encrypted frame","context":{"kid":9,"ctr":0,"byteLength":62,"codecOffset":10}}

[90mstdout[2m | apps/validator-daemon/src/canary/__tests__/mesh-byzantine.test.ts[2m > [22m[2mREQ-RMS-017 — Byzantine under-server attributed to R via the SHIPPED canary pipeline[2m > [22m[2mthe per-relay accumulator isolates R from R2 (R2 has zero drops, never crosses the bound)
[22m[39m{"timestamp":"2026-06-22T06:19:19.121Z","level":"INFO","source":"frontend","module":"webrtc/sframe-transform","message":"encrypted frame","context":{"kid":9,"ctr":1,"byteLength":62,"codecOffset":10}}

[90mstdout[2m | apps/validator-daemon/src/canary/__tests__/mesh-byzantine.test.ts[2m > [22m[2mREQ-RMS-017 — Byzantine under-server attributed to R via the SHIPPED canary pipeline[2m > [22m[2mthe per-relay accumulator isolates R from R2 (R2 has zero drops, never crosses the bound)
[22m[39m{"timestamp":"2026-06-22T06:19:19.121Z","level":"INFO","source":"frontend","module":"webrtc/sframe-transform","message":"encrypted frame","context":{"kid":9,"ctr":2,"byteLength":62,"codecOffset":10}}

[90mstdout[2m | apps/validator-daemon/src/canary/__tests__/mesh-byzantine.test.ts[2m > [22m[2mREQ-RMS-017 — Byzantine under-server attributed to R via the SHIPPED canary pipeline[2m > [22m[2mthe per-relay accumulator isolates R from R2 (R2 has zero drops, never crosses the bound)
[22m[39m{"timestamp":"2026-06-22T06:19:19.122Z","level":"INFO","source":"frontend","module":"webrtc/sframe-transform","message":"encrypted frame","context":{"kid":9,"ctr":3,"byteLength":62,"codecOffset":10}}

[90mstdout[2m | apps/validator-daemon/src/canary/__tests__/mesh-byzantine.test.ts[2m > [22m[2mREQ-RMS-017 — Byzantine under-server attributed to R via the SHIPPED canary pipeline[2m > [22m[2mthe per-relay accumulator isolates R from R2 (R2 has zero drops, never crosses the bound)
[22m[39m{"timestamp":"2026-06-22T06:19:19.122Z","level":"INFO","source":"frontend","module":"webrtc/sframe-transform","message":"encrypted frame","context":{"kid":9,"ctr":4,"byteLength":62,"codecOffset":10}}

[90mstdout[2m | apps/validator-daemon/src/canary/__tests__/mesh-byzantine.test.ts[2m > [22m[2mREQ-RMS-017 — Byzantine under-server attributed to R via the SHIPPED canary pipeline[2m > [22m[2mthe per-relay accumulator isolates R from R2 (R2 has zero drops, never crosses the bound)
[22m[39m{"timestamp":"2026-06-22T06:19:19.123Z","level":"INFO","source":"frontend","module":"webrtc/sframe-transform","message":"encrypted frame","context":{"kid":9,"ctr":5,"byteLength":62,"codecOffset":10}}

[90mstdout[2m | apps/validator-daemon/src/canary/__tests__/mesh-byzantine.test.ts[2m > [22m[2mREQ-RMS-017 — Byzantine under-server attributed to R via the SHIPPED canary pipeline[2m > [22m[2mthe per-relay accumulator isolates R from R2 (R2 has zero drops, never crosses the bound)
[22m[39m{"timestamp":"2026-06-22T06:19:19.123Z","level":"INFO","source":"frontend","module":"webrtc/sframe-transform","message":"encrypted frame","context":{"kid":9,"ctr":6,"byteLength":62,"codecOffset":10}}

[90mstdout[2m | apps/validator-daemon/src/canary/__tests__/mesh-byzantine.test.ts[2m > [22m[2mREQ-RMS-017 — Byzantine under-server attributed to R via the SHIPPED canary pipeline[2m > [22m[2mthe per-relay accumulator isolates R from R2 (R2 has zero drops, never crosses the bound)
[22m[39m{"timestamp":"2026-06-22T06:19:19.124Z","level":"INFO","source":"frontend","module":"webrtc/sframe-transform","message":"encrypted frame","context":{"kid":9,"ctr":7,"byteLength":62,"codecOffset":10}}

{"level":30,"time":1782109159124,"pid":29576,"hostname":"Quang","name":"canary/verifier","canaryKid":9,"mediaPackets":8,"byteIdentical":8,"divergences":0,"msg":"canary forwarding verified"}
{"level":30,"time":1782109159124,"pid":29576,"hostname":"Quang","name":"canary/loss-classifier","relayMinerId":"relay-honest-R2","promoted":0,"absorbed":0,"tampers":0,"cumulativeCrossed":false,"msg":"canary divergences classified (drop gate / tamper p=1)"}
{"level":30,"time":1782109159124,"pid":29576,"hostname":"Quang","name":"canary/verify-loop","round":3,"relayMinerId":"relay-honest-R2","roomId":"mesh-room","perReceiver":2,"promoted":0,"absorbed":0,"stunLossBps":"0","msg":"canary verify round classified (hermetic half — synthetic capture, STUN read live)"}
[90mstdout[2m | apps/validator-daemon/src/canary/__tests__/mesh-byzantine.test.ts[2m > [22m[2mREQ-RMS-017 — Byzantine under-server attributed to R via the SHIPPED canary pipeline[2m > [22m[2mthe per-relay accumulator isolates R from R2 (R2 has zero drops, never crosses the bound)
[22m[39m{"timestamp":"2026-06-22T06:19:19.125Z","level":"INFO","source":"frontend","module":"webrtc/sframe-transform","message":"encrypted frame","context":{"kid":9,"ctr":0,"byteLength":62,"codecOffset":10}}

[90mstdout[2m | apps/validator-daemon/src/canary/__tests__/mesh-byzantine.test.ts[2m > [22m[2mREQ-RMS-017 — Byzantine under-server attributed to R via the SHIPPED canary pipeline[2m > [22m[2mthe per-relay accumulator isolates R from R2 (R2 has zero drops, never crosses the bound)
[22m[39m{"timestamp":"2026-06-22T06:19:19.125Z","level":"INFO","source":"frontend","module":"webrtc/sframe-transform","message":"encrypted frame","context":{"kid":9,"ctr":1,"byteLength":62,"codecOffset":10}}

[90mstdout[2m | apps/validator-daemon/src/canary/__tests__/mesh-byzantine.test.ts[2m > [22m[2mREQ-RMS-017 — Byzantine under-server attributed to R via the SHIPPED canary pipeline[2m > [22m[2mthe per-relay accumulator isolates R from R2 (R2 has zero drops, never crosses the bound)
[22m[39m{"timestamp":"2026-06-22T06:19:19.126Z","level":"INFO","source":"frontend","module":"webrtc/sframe-transform","message":"encrypted frame","context":{"kid":9,"ctr":2,"byteLength":62,"codecOffset":10}}

[90mstdout[2m | apps/validator-daemon/src/canary/__tests__/mesh-byzantine.test.ts[2m > [22m[2mREQ-RMS-017 — Byzantine under-server attributed to R via the SHIPPED canary pipeline[2m > [22m[2mthe per-relay accumulator isolates R from R2 (R2 has zero drops, never crosses the bound)
[22m[39m{"timestamp":"2026-06-22T06:19:19.126Z","level":"INFO","source":"frontend","module":"webrtc/sframe-transform","message":"encrypted frame","context":{"kid":9,"ctr":3,"byteLength":62,"codecOffset":10}}

[90mstdout[2m | apps/validator-daemon/src/canary/__tests__/mesh-byzantine.test.ts[2m > [22m[2mREQ-RMS-017 — Byzantine under-server attributed to R via the SHIPPED canary pipeline[2m > [22m[2mthe per-relay accumulator isolates R from R2 (R2 has zero drops, never crosses the bound)
[22m[39m{"timestamp":"2026-06-22T06:19:19.126Z","level":"INFO","source":"frontend","module":"webrtc/sframe-transform","message":"encrypted frame","context":{"kid":9,"ctr":4,"byteLength":62,"codecOffset":10}}

[90mstdout[2m | apps/validator-daemon/src/canary/__tests__/mesh-byzantine.test.ts[2m > [22m[2mREQ-RMS-017 — Byzantine under-server attributed to R via the SHIPPED canary pipeline[2m > [22m[2mthe per-relay accumulator isolates R from R2 (R2 has zero drops, never crosses the bound)
[22m[39m{"timestamp":"2026-06-22T06:19:19.127Z","level":"INFO","source":"frontend","module":"webrtc/sframe-transform","message":"encrypted frame","context":{"kid":9,"ctr":6,"byteLength":62,"codecOffset":10}}

[90mstdout[2m | apps/validator-daemon/src/canary/__tests__/mesh-byzantine.test.ts[2m > [22m[2mREQ-RMS-017 — Byzantine under-server attributed to R via the SHIPPED canary pipeline[2m > [22m[2mthe per-relay accumulator isolates R from R2 (R2 has zero drops, never crosses the bound)
[22m[39m{"timestamp":"2026-06-22T06:19:19.127Z","level":"INFO","source":"frontend","module":"webrtc/sframe-transform","message":"encrypted frame","context":{"kid":9,"ctr":7,"byteLength":62,"codecOffset":10}}

[90mstdout[2m | apps/validator-daemon/src/canary/__tests__/mesh-byzantine.test.ts[2m > [22m[2mREQ-RMS-017 — Byzantine under-server attributed to R via the SHIPPED canary pipeline[2m > [22m[2mthe per-relay accumulator isolates R from R2 (R2 has zero drops, never crosses the bound)
[22m[39m{"timestamp":"2026-06-22T06:19:19.128Z","level":"INFO","source":"frontend","module":"webrtc/sframe-transform","message":"encrypted frame","context":{"kid":9,"ctr":0,"byteLength":62,"codecOffset":10}}

[90mstdout[2m | apps/validator-daemon/src/canary/__tests__/mesh-byzantine.test.ts[2m > [22m[2mREQ-RMS-017 — Byzantine under-server attributed to R via the SHIPPED canary pipeline[2m > [22m[2mthe per-relay accumulator isolates R from R2 (R2 has zero drops, never crosses the bound)
[22m[39m{"timestamp":"2026-06-22T06:19:19.128Z","level":"INFO","source":"frontend","module":"webrtc/sframe-transform","message":"encrypted frame","context":{"kid":9,"ctr":1,"byteLength":62,"codecOffset":10}}

[90mstdout[2m | apps/validator-daemon/src/canary/__tests__/mesh-byzantine.test.ts[2m > [22m[2mREQ-RMS-017 — Byzantine under-server attributed to R via the SHIPPED canary pipeline[2m > [22m[2mthe per-relay accumulator isolates R from R2 (R2 has zero drops, never crosses the bound)
[22m[39m{"timestamp":"2026-06-22T06:19:19.129Z","level":"INFO","source":"frontend","module":"webrtc/sframe-transform","message":"encrypted frame","context":{"kid":9,"ctr":2,"byteLength":62,"codecOffset":10}}

[90mstdout[2m | apps/validator-daemon/src/canary/__tests__/mesh-byzantine.test.ts[2m > [22m[2mREQ-RMS-017 — Byzantine under-server attributed to R via the SHIPPED canary pipeline[2m > [22m[2mthe per-relay accumulator isolates R from R2 (R2 has zero drops, never crosses the bound)
[22m[39m{"timestamp":"2026-06-22T06:19:19.129Z","level":"INFO","source":"frontend","module":"webrtc/sframe-transform","message":"encrypted frame","context":{"kid":9,"ctr":3,"byteLength":62,"codecOffset":10}}

[90mstdout[2m | apps/validator-daemon/src/canary/__tests__/mesh-byzantine.test.ts[2m > [22m[2mREQ-RMS-017 — Byzantine under-server attributed to R via the SHIPPED canary pipeline[2m > [22m[2mthe per-relay accumulator isolates R from R2 (R2 has zero drops, never crosses the bound)
[22m[39m{"timestamp":"2026-06-22T06:19:19.129Z","level":"INFO","source":"frontend","module":"webrtc/sframe-transform","message":"encrypted frame","context":{"kid":9,"ctr":4,"byteLength":62,"codecOffset":10}}

[90mstdout[2m | apps/validator-daemon/src/canary/__tests__/mesh-byzantine.test.ts[2m > [22m[2mREQ-RMS-017 — Byzantine under-server attributed to R via the SHIPPED canary pipeline[2m > [22m[2mthe per-relay accumulator isolates R from R2 (R2 has zero drops, never crosses the bound)
[22m[39m{"timestamp":"2026-06-22T06:19:19.130Z","level":"INFO","source":"frontend","module":"webrtc/sframe-transform","message":"encrypted frame","context":{"kid":9,"ctr":5,"byteLength":62,"codecOffset":10}}

[90mstdout[2m | apps/validator-daemon/src/canary/__tests__/mesh-byzantine.test.ts[2m > [22m[2mREQ-RMS-017 — Byzantine under-server attributed to R via the SHIPPED canary pipeline[2m > [22m[2mthe per-relay accumulator isolates R from R2 (R2 has zero drops, never crosses the bound)
[22m[39m{"timestamp":"2026-06-22T06:19:19.130Z","level":"INFO","source":"frontend","module":"webrtc/sframe-transform","message":"encrypted frame","context":{"kid":9,"ctr":6,"byteLength":62,"codecOffset":10}}

[90mstdout[2m | apps/validator-daemon/src/canary/__tests__/mesh-byzantine.test.ts[2m > [22m[2mREQ-RMS-017 — Byzantine under-server attributed to R via the SHIPPED canary pipeline[2m > [22m[2mthe per-relay accumulator isolates R from R2 (R2 has zero drops, never crosses the bound)
[22m[39m{"timestamp":"2026-06-22T06:19:19.131Z","level":"INFO","source":"frontend","module":"webrtc/sframe-transform","message":"encrypted frame","context":{"kid":9,"ctr":7,"byteLength":62,"codecOffset":10}}

{"level":30,"time":1782109159131,"pid":29576,"hostname":"Quang","name":"canary/verifier","canaryKid":9,"mediaPackets":7,"byteIdentical":7,"divergences":1,"msg":"canary forwarding verified"}
[90mstdout[2m | apps/validator-daemon/src/canary/__tests__/mesh-byzantine.test.ts[2m > [22m[2mREQ-RMS-017 — Byzantine under-server attributed to R via the SHIPPED canary pipeline[2m > [22m[2mthe per-relay accumulator isolates R from R2 (R2 has zero drops, never crosses the bound)
[22m[39m{"timestamp":"2026-06-22T06:19:19.131Z","level":"INFO","source":"frontend","module":"webrtc/sframe-transform","message":"encrypted frame","context":{"kid":9,"ctr":0,"byteLength":62,"codecOffset":10}}

[90mstdout[2m | apps/validator-daemon/src/canary/__tests__/mesh-byzantine.test.ts[2m > [22m[2mREQ-RMS-017 — Byzantine under-server attributed to R via the SHIPPED canary pipeline[2m > [22m[2mthe per-relay accumulator isolates R from R2 (R2 has zero drops, never crosses the bound)
[22m[39m{"timestamp":"2026-06-22T06:19:19.131Z","level":"INFO","source":"frontend","module":"webrtc/sframe-transform","message":"encrypted frame","context":{"kid":9,"ctr":1,"byteLength":62,"codecOffset":10}}

[90mstdout[2m | apps/validator-daemon/src/canary/__tests__/mesh-byzantine.test.ts[2m > [22m[2mREQ-RMS-017 — Byzantine under-server attributed to R via the SHIPPED canary pipeline[2m > [22m[2mthe per-relay accumulator isolates R from R2 (R2 has zero drops, never crosses the bound)
[22m[39m{"timestamp":"2026-06-22T06:19:19.132Z","level":"INFO","source":"frontend","module":"webrtc/sframe-transform","message":"encrypted frame","context":{"kid":9,"ctr":2,"byteLength":62,"codecOffset":10}}

[90mstdout[2m | apps/validator-daemon/src/canary/__tests__/mesh-byzantine.test.ts[2m > [22m[2mREQ-RMS-017 — Byzantine under-server attributed to R via the SHIPPED canary pipeline[2m > [22m[2mthe per-relay accumulator isolates R from R2 (R2 has zero drops, never crosses the bound)
[22m[39m{"timestamp":"2026-06-22T06:19:19.132Z","level":"INFO","source":"frontend","module":"webrtc/sframe-transform","message":"encrypted frame","context":{"kid":9,"ctr":3,"byteLength":62,"codecOffset":10}}

[90mstdout[2m | apps/validator-daemon/src/canary/__tests__/mesh-byzantine.test.ts[2m > [22m[2mREQ-RMS-017 — Byzantine under-server attributed to R via the SHIPPED canary pipeline[2m > [22m[2mthe per-relay accumulator isolates R from R2 (R2 has zero drops, never crosses the bound)
[22m[39m{"timestamp":"2026-06-22T06:19:19.132Z","level":"INFO","source":"frontend","module":"webrtc/sframe-transform","message":"encrypted frame","context":{"kid":9,"ctr":4,"byteLength":62,"codecOffset":10}}

[90mstdout[2m | apps/validator-daemon/src/canary/__tests__/mesh-byzantine.test.ts[2m > [22m[2mREQ-RMS-017 — Byzantine under-server attributed to R via the SHIPPED canary pipeline[2m > [22m[2mthe per-relay accumulator isolates R from R2 (R2 has zero drops, never crosses the bound)
[22m[39m{"timestamp":"2026-06-22T06:19:19.133Z","level":"INFO","source":"frontend","module":"webrtc/sframe-transform","message":"encrypted frame","context":{"kid":9,"ctr":5,"byteLength":62,"codecOffset":10}}

[90mstdout[2m | apps/validator-daemon/src/canary/__tests__/mesh-byzantine.test.ts[2m > [22m[2mREQ-RMS-017 — Byzantine under-server attributed to R via the SHIPPED canary pipeline[2m > [22m[2mthe per-relay accumulator isolates R from R2 (R2 has zero drops, never crosses the bound)
[22m[39m{"timestamp":"2026-06-22T06:19:19.133Z","level":"INFO","source":"frontend","module":"webrtc/sframe-transform","message":"encrypted frame","context":{"kid":9,"ctr":6,"byteLength":62,"codecOffset":10}}

[90mstdout[2m | apps/validator-daemon/src/canary/__tests__/mesh-byzantine.test.ts[2m > [22m[2mREQ-RMS-017 — Byzantine under-server attributed to R via the SHIPPED canary pipeline[2m > [22m[2mthe per-relay accumulator isolates R from R2 (R2 has zero drops, never crosses the bound)
[22m[39m{"timestamp":"2026-06-22T06:19:19.133Z","level":"INFO","source":"frontend","module":"webrtc/sframe-transform","message":"encrypted frame","context":{"kid":9,"ctr":7,"byteLength":62,"codecOffset":10}}

{"level":30,"time":1782109159134,"pid":29576,"hostname":"Quang","name":"canary/verifier","canaryKid":9,"mediaPackets":7,"byteIdentical":7,"divergences":1,"msg":"canary forwarding verified"}
{"level":30,"time":1782109159134,"pid":29576,"hostname":"Quang","name":"canary/loss-classifier","relayMinerId":"relay-byzantine-R","promoted":1,"absorbed":0,"tampers":0,"cumulativeCrossed":true,"msg":"canary divergences classified (drop gate / tamper p=1)"}
{"level":30,"time":1782109159135,"pid":29576,"hostname":"Quang","name":"canary/verify-loop","round":4,"relayMinerId":"relay-byzantine-R","roomId":"mesh-room","perReceiver":2,"promoted":1,"absorbed":0,"stunLossBps":"0","msg":"canary verify round classified (hermetic half — synthetic capture, STUN read live)"}
[90mstdout[2m | apps/validator-daemon/src/canary/__tests__/mesh-byzantine.test.ts[2m > [22m[2mREQ-RMS-017 — Byzantine under-server attributed to R via the SHIPPED canary pipeline[2m > [22m[2mthe per-relay accumulator isolates R from R2 (R2 has zero drops, never crosses the bound)
[22m[39m{"timestamp":"2026-06-22T06:19:19.136Z","level":"INFO","source":"frontend","module":"webrtc/sframe-transform","message":"encrypted frame","context":{"kid":9,"ctr":0,"byteLength":62,"codecOffset":10}}

[90mstdout[2m | apps/validator-daemon/src/canary/__tests__/mesh-byzantine.test.ts[2m > [22m[2mREQ-RMS-017 — Byzantine under-server attributed to R via the SHIPPED canary pipeline[2m > [22m[2mthe per-relay accumulator isolates R from R2 (R2 has zero drops, never crosses the bound)
[22m[39m{"timestamp":"2026-06-22T06:19:19.137Z","level":"INFO","source":"frontend","module":"webrtc/sframe-transform","message":"encrypted frame","context":{"kid":9,"ctr":1,"byteLength":62,"codecOffset":10}}

[90mstdout[2m | apps/validator-daemon/src/canary/__tests__/mesh-byzantine.test.ts[2m > [22m[2mREQ-RMS-017 — Byzantine under-server attributed to R via the SHIPPED canary pipeline[2m > [22m[2mthe per-relay accumulator isolates R from R2 (R2 has zero drops, never crosses the bound)
[22m[39m{"timestamp":"2026-06-22T06:19:19.138Z","level":"INFO","source":"frontend","module":"webrtc/sframe-transform","message":"encrypted frame","context":{"kid":9,"ctr":2,"byteLength":62,"codecOffset":10}}

[90mstdout[2m | apps/validator-daemon/src/canary/__tests__/mesh-byzantine.test.ts[2m > [22m[2mREQ-RMS-017 — Byzantine under-server attributed to R via the SHIPPED canary pipeline[2m > [22m[2mthe per-relay accumulator isolates R from R2 (R2 has zero drops, never crosses the bound)
[22m[39m{"timestamp":"2026-06-22T06:19:19.139Z","level":"INFO","source":"frontend","module":"webrtc/sframe-transform","message":"encrypted frame","context":{"kid":9,"ctr":3,"byteLength":62,"codecOffset":10}}

[90mstdout[2m | apps/validator-daemon/src/canary/__tests__/mesh-byzantine.test.ts[2m > [22m[2mREQ-RMS-017 — Byzantine under-server attributed to R via the SHIPPED canary pipeline[2m > [22m[2mthe per-relay accumulator isolates R from R2 (R2 has zero drops, never crosses the bound)
[22m[39m{"timestamp":"2026-06-22T06:19:19.139Z","level":"INFO","source":"frontend","module":"webrtc/sframe-transform","message":"encrypted frame","context":{"kid":9,"ctr":4,"byteLength":62,"codecOffset":10}}

[90mstdout[2m | apps/validator-daemon/src/canary/__tests__/mesh-byzantine.test.ts[2m > [22m[2mREQ-RMS-017 — Byzantine under-server attributed to R via the SHIPPED canary pipeline[2m > [22m[2mthe per-relay accumulator isolates R from R2 (R2 has zero drops, never crosses the bound)
[22m[39m{"timestamp":"2026-06-22T06:19:19.140Z","level":"INFO","source":"frontend","module":"webrtc/sframe-transform","message":"encrypted frame","context":{"kid":9,"ctr":5,"byteLength":62,"codecOffset":10}}

[90mstdout[2m | apps/validator-daemon/src/canary/__tests__/mesh-byzantine.test.ts[2m > [22m[2mREQ-RMS-017 — Byzantine under-server attributed to R via the SHIPPED canary pipeline[2m > [22m[2mthe per-relay accumulator isolates R from R2 (R2 has zero drops, never crosses the bound)
[22m[39m{"timestamp":"2026-06-22T06:19:19.141Z","level":"INFO","source":"frontend","module":"webrtc/sframe-transform","message":"encrypted frame","context":{"kid":9,"ctr":6,"byteLength":62,"codecOffset":10}}

[90mstdout[2m | apps/validator-daemon/src/canary/__tests__/mesh-byzantine.test.ts[2m > [22m[2mREQ-RMS-017 — Byzantine under-server attributed to R via the SHIPPED canary pipeline[2m > [22m[2mthe per-relay accumulator isolates R from R2 (R2 has zero drops, never crosses the bound)
[22m[39m{"timestamp":"2026-06-22T06:19:19.141Z","level":"INFO","source":"frontend","module":"webrtc/sframe-transform","message":"encrypted frame","context":{"kid":9,"ctr":7,"byteLength":62,"codecOffset":10}}

[90mstdout[2m | apps/validator-daemon/src/canary/__tests__/mesh-byzantine.test.ts[2m > [22m[2mREQ-RMS-017 — Byzantine under-server attributed to R via the SHIPPED canary pipeline[2m > [22m[2mthe per-relay accumulator isolates R from R2 (R2 has zero drops, never crosses the bound)
[22m[39m{"timestamp":"2026-06-22T06:19:19.142Z","level":"INFO","source":"frontend","module":"webrtc/sframe-transform","message":"encrypted frame","context":{"kid":9,"ctr":0,"byteLength":62,"codecOffset":10}}

[90mstdout[2m | apps/validator-daemon/src/canary/__tests__/mesh-byzantine.test.ts[2m > [22m[2mREQ-RMS-017 — Byzantine under-server attributed to R via the SHIPPED canary pipeline[2m > [22m[2mthe per-relay accumulator isolates R from R2 (R2 has zero drops, never crosses the bound)
[22m[39m{"timestamp":"2026-06-22T06:19:19.142Z","level":"INFO","source":"frontend","module":"webrtc/sframe-transform","message":"encrypted frame","context":{"kid":9,"ctr":1,"byteLength":62,"codecOffset":10}}

[90mstdout[2m | apps/validator-daemon/src/canary/__tests__/mesh-byzantine.test.ts[2m > [22m[2mREQ-RMS-017 — Byzantine under-server attributed to R via the SHIPPED canary pipeline[2m > [22m[2mthe per-relay accumulator isolates R from R2 (R2 has zero drops, never crosses the bound)
[22m[39m{"timestamp":"2026-06-22T06:19:19.143Z","level":"INFO","source":"frontend","module":"webrtc/sframe-transform","message":"encrypted frame","context":{"kid":9,"ctr":2,"byteLength":62,"codecOffset":10}}

[90mstdout[2m | apps/validator-daemon/src/canary/__tests__/mesh-byzantine.test.ts[2m > [22m[2mREQ-RMS-017 — Byzantine under-server attributed to R via the SHIPPED canary pipeline[2m > [22m[2mthe per-relay accumulator isolates R from R2 (R2 has zero drops, never crosses the bound)
[22m[39m{"timestamp":"2026-06-22T06:19:19.143Z","level":"INFO","source":"frontend","module":"webrtc/sframe-transform","message":"encrypted frame","context":{"kid":9,"ctr":3,"byteLength":62,"codecOffset":10}}

[90mstdout[2m | apps/validator-daemon/src/canary/__tests__/mesh-byzantine.test.ts[2m > [22m[2mREQ-RMS-017 — Byzantine under-server attributed to R via the SHIPPED canary pipeline[2m > [22m[2mthe per-relay accumulator isolates R from R2 (R2 has zero drops, never crosses the bound)
[22m[39m{"timestamp":"2026-06-22T06:19:19.144Z","level":"INFO","source":"frontend","module":"webrtc/sframe-transform","message":"encrypted frame","context":{"kid":9,"ctr":4,"byteLength":62,"codecOffset":10}}

[90mstdout[2m | apps/validator-daemon/src/canary/__tests__/mesh-byzantine.test.ts[2m > [22m[2mREQ-RMS-017 — Byzantine under-server attributed to R via the SHIPPED canary pipeline[2m > [22m[2mthe per-relay accumulator isolates R from R2 (R2 has zero drops, never crosses the bound)
[22m[39m{"timestamp":"2026-06-22T06:19:19.144Z","level":"INFO","source":"frontend","module":"webrtc/sframe-transform","message":"encrypted frame","context":{"kid":9,"ctr":5,"byteLength":62,"codecOffset":10}}

[90mstdout[2m | apps/validator-daemon/src/canary/__tests__/mesh-byzantine.test.ts[2m > [22m[2mREQ-RMS-017 — Byzantine under-server attributed to R via the SHIPPED canary pipeline[2m > [22m[2mthe per-relay accumulator isolates R from R2 (R2 has zero drops, never crosses the bound)
[22m[39m{"timestamp":"2026-06-22T06:19:19.144Z","level":"INFO","source":"frontend","module":"webrtc/sframe-transform","message":"encrypted frame","context":{"kid":9,"ctr":6,"byteLength":62,"codecOffset":10}}

[90mstdout[2m | apps/validator-daemon/src/canary/__tests__/mesh-byzantine.test.ts[2m > [22m[2mREQ-RMS-017 — Byzantine under-server attributed to R via the SHIPPED canary pipeline[2m > [22m[2mthe per-relay accumulator isolates R from R2 (R2 has zero drops, never crosses the bound)
[22m[39m{"timestamp":"2026-06-22T06:19:19.145Z","level":"INFO","source":"frontend","module":"webrtc/sframe-transform","message":"encrypted frame","context":{"kid":9,"ctr":7,"byteLength":62,"codecOffset":10}}

{"level":30,"time":1782109159145,"pid":29576,"hostname":"Quang","name":"canary/verifier","canaryKid":9,"mediaPackets":8,"byteIdentical":8,"divergences":0,"msg":"canary forwarding verified"}
[90mstdout[2m | apps/validator-daemon/src/canary/__tests__/mesh-byzantine.test.ts[2m > [22m[2mREQ-RMS-017 — Byzantine under-server attributed to R via the SHIPPED canary pipeline[2m > [22m[2mthe per-relay accumulator isolates R from R2 (R2 has zero drops, never crosses the bound)
[22m[39m{"timestamp":"2026-06-22T06:19:19.145Z","level":"INFO","source":"frontend","module":"webrtc/sframe-transform","message":"encrypted frame","context":{"kid":9,"ctr":0,"byteLength":62,"codecOffset":10}}

[90mstdout[2m | apps/validator-daemon/src/canary/__tests__/mesh-byzantine.test.ts[2m > [22m[2mREQ-RMS-017 — Byzantine under-server attributed to R via the SHIPPED canary pipeline[2m > [22m[2mthe per-relay accumulator isolates R from R2 (R2 has zero drops, never crosses the bound)
[22m[39m{"timestamp":"2026-06-22T06:19:19.146Z","level":"INFO","source":"frontend","module":"webrtc/sframe-transform","message":"encrypted frame","context":{"kid":9,"ctr":1,"byteLength":62,"codecOffset":10}}

[90mstdout[2m | apps/validator-daemon/src/canary/__tests__/mesh-byzantine.test.ts[2m > [22m[2mREQ-RMS-017 — Byzantine under-server attributed to R via the SHIPPED canary pipeline[2m > [22m[2mthe per-relay accumulator isolates R from R2 (R2 has zero drops, never crosses the bound)
[22m[39m{"timestamp":"2026-06-22T06:19:19.146Z","level":"INFO","source":"frontend","module":"webrtc/sframe-transform","message":"encrypted frame","context":{"kid":9,"ctr":2,"byteLength":62,"codecOffset":10}}

[90mstdout[2m | apps/validator-daemon/src/canary/__tests__/mesh-byzantine.test.ts[2m > [22m[2mREQ-RMS-017 — Byzantine under-server attributed to R via the SHIPPED canary pipeline[2m > [22m[2mthe per-relay accumulator isolates R from R2 (R2 has zero drops, never crosses the bound)
[22m[39m{"timestamp":"2026-06-22T06:19:19.146Z","level":"INFO","source":"frontend","module":"webrtc/sframe-transform","message":"encrypted frame","context":{"kid":9,"ctr":3,"byteLength":62,"codecOffset":10}}

[90mstdout[2m | apps/validator-daemon/src/canary/__tests__/mesh-byzantine.test.ts[2m > [22m[2mREQ-RMS-017 — Byzantine under-server attributed to R via the SHIPPED canary pipeline[2m > [22m[2mthe per-relay accumulator isolates R from R2 (R2 has zero drops, never crosses the bound)
[22m[39m{"timestamp":"2026-06-22T06:19:19.147Z","level":"INFO","source":"frontend","module":"webrtc/sframe-transform","message":"encrypted frame","context":{"kid":9,"ctr":4,"byteLength":62,"codecOffset":10}}

[90mstdout[2m | apps/validator-daemon/src/canary/__tests__/mesh-byzantine.test.ts[2m > [22m[2mREQ-RMS-017 — Byzantine under-server attributed to R via the SHIPPED canary pipeline[2m > [22m[2mthe per-relay accumulator isolates R from R2 (R2 has zero drops, never crosses the bound)
[22m[39m{"timestamp":"2026-06-22T06:19:19.147Z","level":"INFO","source":"frontend","module":"webrtc/sframe-transform","message":"encrypted frame","context":{"kid":9,"ctr":5,"byteLength":62,"codecOffset":10}}

[90mstdout[2m | apps/validator-daemon/src/canary/__tests__/mesh-byzantine.test.ts[2m > [22m[2mREQ-RMS-017 — Byzantine under-server attributed to R via the SHIPPED canary pipeline[2m > [22m[2mthe per-relay accumulator isolates R from R2 (R2 has zero drops, never crosses the bound)
[22m[39m{"timestamp":"2026-06-22T06:19:19.147Z","level":"INFO","source":"frontend","module":"webrtc/sframe-transform","message":"encrypted frame","context":{"kid":9,"ctr":6,"byteLength":62,"codecOffset":10}}

[90mstdout[2m | apps/validator-daemon/src/canary/__tests__/mesh-byzantine.test.ts[2m > [22m[2mREQ-RMS-017 — Byzantine under-server attributed to R via the SHIPPED canary pipeline[2m > [22m[2mthe per-relay accumulator isolates R from R2 (R2 has zero drops, never crosses the bound)
[22m[39m{"timestamp":"2026-06-22T06:19:19.148Z","level":"INFO","source":"frontend","module":"webrtc/sframe-transform","message":"encrypted frame","context":{"kid":9,"ctr":7,"byteLength":62,"codecOffset":10}}

{"level":30,"time":1782109159148,"pid":29576,"hostname":"Quang","name":"canary/verifier","canaryKid":9,"mediaPackets":8,"byteIdentical":8,"divergences":0,"msg":"canary forwarding verified"}
{"level":30,"time":1782109159148,"pid":29576,"hostname":"Quang","name":"canary/loss-classifier","relayMinerId":"relay-honest-R2","promoted":0,"absorbed":0,"tampers":0,"cumulativeCrossed":false,"msg":"canary divergences classified (drop gate / tamper p=1)"}
{"level":30,"time":1782109159148,"pid":29576,"hostname":"Quang","name":"canary/verify-loop","round":4,"relayMinerId":"relay-honest-R2","roomId":"mesh-room","perReceiver":2,"promoted":0,"absorbed":0,"stunLossBps":"0","msg":"canary verify round classified (hermetic half — synthetic capture, STUN read live)"}
[90mstdout[2m | apps/validator-daemon/src/canary/__tests__/mesh-byzantine.test.ts[2m > [22m[2mREQ-RMS-017 — Byzantine under-server attributed to R via the SHIPPED canary pipeline[2m > [22m[2mthe per-relay accumulator isolates R from R2 (R2 has zero drops, never crosses the bound)
[22m[39m{"timestamp":"2026-06-22T06:19:19.150Z","level":"INFO","source":"frontend","module":"webrtc/sframe-transform","message":"encrypted frame","context":{"kid":9,"ctr":0,"byteLength":62,"codecOffset":10}}

[90mstdout[2m | apps/validator-daemon/src/canary/__tests__/mesh-byzantine.test.ts[2m > [22m[2mREQ-RMS-017 — Byzantine under-server attributed to R via the SHIPPED canary pipeline[2m > [22m[2mthe per-relay accumulator isolates R from R2 (R2 has zero drops, never crosses the bound)
[22m[39m{"timestamp":"2026-06-22T06:19:19.151Z","level":"INFO","source":"frontend","module":"webrtc/sframe-transform","message":"encrypted frame","context":{"kid":9,"ctr":1,"byteLength":62,"codecOffset":10}}

[90mstdout[2m | apps/validator-daemon/src/canary/__tests__/mesh-byzantine.test.ts[2m > [22m[2mREQ-RMS-017 — Byzantine under-server attributed to R via the SHIPPED canary pipeline[2m > [22m[2mthe per-relay accumulator isolates R from R2 (R2 has zero drops, never crosses the bound)
[22m[39m{"timestamp":"2026-06-22T06:19:19.152Z","level":"INFO","source":"frontend","module":"webrtc/sframe-transform","message":"encrypted frame","context":{"kid":9,"ctr":2,"byteLength":62,"codecOffset":10}}

[90mstdout[2m | apps/validator-daemon/src/canary/__tests__/mesh-byzantine.test.ts[2m > [22m[2mREQ-RMS-017 — Byzantine under-server attributed to R via the SHIPPED canary pipeline[2m > [22m[2mthe per-relay accumulator isolates R from R2 (R2 has zero drops, never crosses the bound)
[22m[39m{"timestamp":"2026-06-22T06:19:19.152Z","level":"INFO","source":"frontend","module":"webrtc/sframe-transform","message":"encrypted frame","context":{"kid":9,"ctr":3,"byteLength":62,"codecOffset":10}}

[90mstdout[2m | apps/validator-daemon/src/canary/__tests__/mesh-byzantine.test.ts[2m > [22m[2mREQ-RMS-017 — Byzantine under-server attributed to R via the SHIPPED canary pipeline[2m > [22m[2mthe per-relay accumulator isolates R from R2 (R2 has zero drops, never crosses the bound)
[22m[39m{"timestamp":"2026-06-22T06:19:19.153Z","level":"INFO","source":"frontend","module":"webrtc/sframe-transform","message":"encrypted frame","context":{"kid":9,"ctr":4,"byteLength":62,"codecOffset":10}}

[90mstdout[2m | apps/validator-daemon/src/canary/__tests__/mesh-byzantine.test.ts[2m > [22m[2mREQ-RMS-017 — Byzantine under-server attributed to R via the SHIPPED canary pipeline[2m > [22m[2mthe per-relay accumulator isolates R from R2 (R2 has zero drops, never crosses the bound)
[22m[39m{"timestamp":"2026-06-22T06:19:19.153Z","level":"INFO","source":"frontend","module":"webrtc/sframe-transform","message":"encrypted frame","context":{"kid":9,"ctr":6,"byteLength":62,"codecOffset":10}}

[90mstdout[2m | apps/validator-daemon/src/canary/__tests__/mesh-byzantine.test.ts[2m > [22m[2mREQ-RMS-017 — Byzantine under-server attributed to R via the SHIPPED canary pipeline[2m > [22m[2mthe per-relay accumulator isolates R from R2 (R2 has zero drops, never crosses the bound)
[22m[39m{"timestamp":"2026-06-22T06:19:19.154Z","level":"INFO","source":"frontend","module":"webrtc/sframe-transform","message":"encrypted frame","context":{"kid":9,"ctr":7,"byteLength":62,"codecOffset":10}}

[90mstdout[2m | apps/validator-daemon/src/canary/__tests__/mesh-byzantine.test.ts[2m > [22m[2mREQ-RMS-017 — Byzantine under-server attributed to R via the SHIPPED canary pipeline[2m > [22m[2mthe per-relay accumulator isolates R from R2 (R2 has zero drops, never crosses the bound)
[22m[39m{"timestamp":"2026-06-22T06:19:19.154Z","level":"INFO","source":"frontend","module":"webrtc/sframe-transform","message":"encrypted frame","context":{"kid":9,"ctr":0,"byteLength":62,"codecOffset":10}}

[90mstdout[2m | apps/validator-daemon/src/canary/__tests__/mesh-byzantine.test.ts[2m > [22m[2mREQ-RMS-017 — Byzantine under-server attributed to R via the SHIPPED canary pipeline[2m > [22m[2mthe per-relay accumulator isolates R from R2 (R2 has zero drops, never crosses the bound)
[22m[39m{"timestamp":"2026-06-22T06:19:19.154Z","level":"INFO","source":"frontend","module":"webrtc/sframe-transform","message":"encrypted frame","context":{"kid":9,"ctr":1,"byteLength":62,"codecOffset":10}}

[90mstdout[2m | apps/validator-daemon/src/canary/__tests__/mesh-byzantine.test.ts[2m > [22m[2mREQ-RMS-017 — Byzantine under-server attributed to R via the SHIPPED canary pipeline[2m > [22m[2mthe per-relay accumulator isolates R from R2 (R2 has zero drops, never crosses the bound)
[22m[39m{"timestamp":"2026-06-22T06:19:19.155Z","level":"INFO","source":"frontend","module":"webrtc/sframe-transform","message":"encrypted frame","context":{"kid":9,"ctr":2,"byteLength":62,"codecOffset":10}}

[90mstdout[2m | apps/validator-daemon/src/canary/__tests__/mesh-byzantine.test.ts[2m > [22m[2mREQ-RMS-017 — Byzantine under-server attributed to R via the SHIPPED canary pipeline[2m > [22m[2mthe per-relay accumulator isolates R from R2 (R2 has zero drops, never crosses the bound)
[22m[39m{"timestamp":"2026-06-22T06:19:19.156Z","level":"INFO","source":"frontend","module":"webrtc/sframe-transform","message":"encrypted frame","context":{"kid":9,"ctr":3,"byteLength":62,"codecOffset":10}}

[90mstdout[2m | apps/validator-daemon/src/canary/__tests__/mesh-byzantine.test.ts[2m > [22m[2mREQ-RMS-017 — Byzantine under-server attributed to R via the SHIPPED canary pipeline[2m > [22m[2mthe per-relay accumulator isolates R from R2 (R2 has zero drops, never crosses the bound)
[22m[39m{"timestamp":"2026-06-22T06:19:19.156Z","level":"INFO","source":"frontend","module":"webrtc/sframe-transform","message":"encrypted frame","context":{"kid":9,"ctr":4,"byteLength":62,"codecOffset":10}}

[90mstdout[2m | apps/validator-daemon/src/canary/__tests__/mesh-byzantine.test.ts[2m > [22m[2mREQ-RMS-017 — Byzantine under-server attributed to R via the SHIPPED canary pipeline[2m > [22m[2mthe per-relay accumulator isolates R from R2 (R2 has zero drops, never crosses the bound)
[22m[39m{"timestamp":"2026-06-22T06:19:19.157Z","level":"INFO","source":"frontend","module":"webrtc/sframe-transform","message":"encrypted frame","context":{"kid":9,"ctr":5,"byteLength":62,"codecOffset":10}}

[90mstdout[2m | apps/validator-daemon/src/canary/__tests__/mesh-byzantine.test.ts[2m > [22m[2mREQ-RMS-017 — Byzantine under-server attributed to R via the SHIPPED canary pipeline[2m > [22m[2mthe per-relay accumulator isolates R from R2 (R2 has zero drops, never crosses the bound)
[22m[39m{"timestamp":"2026-06-22T06:19:19.157Z","level":"INFO","source":"frontend","module":"webrtc/sframe-transform","message":"encrypted frame","context":{"kid":9,"ctr":6,"byteLength":62,"codecOffset":10}}

[90mstdout[2m | apps/validator-daemon/src/canary/__tests__/mesh-byzantine.test.ts[2m > [22m[2mREQ-RMS-017 — Byzantine under-server attributed to R via the SHIPPED canary pipeline[2m > [22m[2mthe per-relay accumulator isolates R from R2 (R2 has zero drops, never crosses the bound)
[22m[39m{"timestamp":"2026-06-22T06:19:19.158Z","level":"INFO","source":"frontend","module":"webrtc/sframe-transform","message":"encrypted frame","context":{"kid":9,"ctr":7,"byteLength":62,"codecOffset":10}}

{"level":30,"time":1782109159158,"pid":29576,"hostname":"Quang","name":"canary/verifier","canaryKid":9,"mediaPackets":7,"byteIdentical":7,"divergences":1,"msg":"canary forwarding verified"}
[90mstdout[2m | apps/validator-daemon/src/canary/__tests__/mesh-byzantine.test.ts[2m > [22m[2mREQ-RMS-017 — Byzantine under-server attributed to R via the SHIPPED canary pipeline[2m > [22m[2mthe per-relay accumulator isolates R from R2 (R2 has zero drops, never crosses the bound)
[22m[39m{"timestamp":"2026-06-22T06:19:19.160Z","level":"INFO","source":"frontend","module":"webrtc/sframe-transform","message":"encrypted frame","context":{"kid":9,"ctr":0,"byteLength":62,"codecOffset":10}}

[90mstdout[2m | apps/validator-daemon/src/canary/__tests__/mesh-byzantine.test.ts[2m > [22m[2mREQ-RMS-017 — Byzantine under-server attributed to R via the SHIPPED canary pipeline[2m > [22m[2mthe per-relay accumulator isolates R from R2 (R2 has zero drops, never crosses the bound)
[22m[39m{"timestamp":"2026-06-22T06:19:19.160Z","level":"INFO","source":"frontend","module":"webrtc/sframe-transform","message":"encrypted frame","context":{"kid":9,"ctr":1,"byteLength":62,"codecOffset":10}}

[90mstdout[2m | apps/validator-daemon/src/canary/__tests__/mesh-byzantine.test.ts[2m > [22m[2mREQ-RMS-017 — Byzantine under-server attributed to R via the SHIPPED canary pipeline[2m > [22m[2mthe per-relay accumulator isolates R from R2 (R2 has zero drops, never crosses the bound)
[22m[39m{"timestamp":"2026-06-22T06:19:19.161Z","level":"INFO","source":"frontend","module":"webrtc/sframe-transform","message":"encrypted frame","context":{"kid":9,"ctr":2,"byteLength":62,"codecOffset":10}}

[90mstdout[2m | apps/validator-daemon/src/canary/__tests__/mesh-byzantine.test.ts[2m > [22m[2mREQ-RMS-017 — Byzantine under-server attributed to R via the SHIPPED canary pipeline[2m > [22m[2mthe per-relay accumulator isolates R from R2 (R2 has zero drops, never crosses the bound)
[22m[39m{"timestamp":"2026-06-22T06:19:19.161Z","level":"INFO","source":"frontend","module":"webrtc/sframe-transform","message":"encrypted frame","context":{"kid":9,"ctr":3,"byteLength":62,"codecOffset":10}}

[90mstdout[2m | apps/validator-daemon/src/canary/__tests__/mesh-byzantine.test.ts[2m > [22m[2mREQ-RMS-017 — Byzantine under-server attributed to R via the SHIPPED canary pipeline[2m > [22m[2mthe per-relay accumulator isolates R from R2 (R2 has zero drops, never crosses the bound)
[22m[39m{"timestamp":"2026-06-22T06:19:19.162Z","level":"INFO","source":"frontend","module":"webrtc/sframe-transform","message":"encrypted frame","context":{"kid":9,"ctr":4,"byteLength":62,"codecOffset":10}}

[90mstdout[2m | apps/validator-daemon/src/canary/__tests__/mesh-byzantine.test.ts[2m > [22m[2mREQ-RMS-017 — Byzantine under-server attributed to R via the SHIPPED canary pipeline[2m > [22m[2mthe per-relay accumulator isolates R from R2 (R2 has zero drops, never crosses the bound)
[22m[39m{"timestamp":"2026-06-22T06:19:19.162Z","level":"INFO","source":"frontend","module":"webrtc/sframe-transform","message":"encrypted frame","context":{"kid":9,"ctr":5,"byteLength":62,"codecOffset":10}}

[90mstdout[2m | apps/validator-daemon/src/canary/__tests__/mesh-byzantine.test.ts[2m > [22m[2mREQ-RMS-017 — Byzantine under-server attributed to R via the SHIPPED canary pipeline[2m > [22m[2mthe per-relay accumulator isolates R from R2 (R2 has zero drops, never crosses the bound)
[22m[39m{"timestamp":"2026-06-22T06:19:19.162Z","level":"INFO","source":"frontend","module":"webrtc/sframe-transform","message":"encrypted frame","context":{"kid":9,"ctr":6,"byteLength":62,"codecOffset":10}}

[90mstdout[2m | apps/validator-daemon/src/canary/__tests__/mesh-byzantine.test.ts[2m > [22m[2mREQ-RMS-017 — Byzantine under-server attributed to R via the SHIPPED canary pipeline[2m > [22m[2mthe per-relay accumulator isolates R from R2 (R2 has zero drops, never crosses the bound)
[22m[39m{"timestamp":"2026-06-22T06:19:19.163Z","level":"INFO","source":"frontend","module":"webrtc/sframe-transform","message":"encrypted frame","context":{"kid":9,"ctr":7,"byteLength":62,"codecOffset":10}}

{"level":30,"time":1782109159163,"pid":29576,"hostname":"Quang","name":"canary/verifier","canaryKid":9,"mediaPackets":7,"byteIdentical":7,"divergences":1,"msg":"canary forwarding verified"}
{"level":30,"time":1782109159163,"pid":29576,"hostname":"Quang","name":"canary/loss-classifier","relayMinerId":"relay-byzantine-R","promoted":1,"absorbed":0,"tampers":0,"cumulativeCrossed":true,"msg":"canary divergences classified (drop gate / tamper p=1)"}
{"level":30,"time":1782109159164,"pid":29576,"hostname":"Quang","name":"canary/verify-loop","round":5,"relayMinerId":"relay-byzantine-R","roomId":"mesh-room","perReceiver":2,"promoted":1,"absorbed":0,"stunLossBps":"0","msg":"canary verify round classified (hermetic half — synthetic capture, STUN read live)"}
[90mstdout[2m | apps/validator-daemon/src/canary/__tests__/mesh-byzantine.test.ts[2m > [22m[2mREQ-RMS-017 — Byzantine under-server attributed to R via the SHIPPED canary pipeline[2m > [22m[2mthe per-relay accumulator isolates R from R2 (R2 has zero drops, never crosses the bound)
[22m[39m{"timestamp":"2026-06-22T06:19:19.165Z","level":"INFO","source":"frontend","module":"webrtc/sframe-transform","message":"encrypted frame","context":{"kid":9,"ctr":0,"byteLength":62,"codecOffset":10}}

[90mstdout[2m | apps/validator-daemon/src/canary/__tests__/mesh-byzantine.test.ts[2m > [22m[2mREQ-RMS-017 — Byzantine under-server attributed to R via the SHIPPED canary pipeline[2m > [22m[2mthe per-relay accumulator isolates R from R2 (R2 has zero drops, never crosses the bound)
[22m[39m{"timestamp":"2026-06-22T06:19:19.165Z","level":"INFO","source":"frontend","module":"webrtc/sframe-transform","message":"encrypted frame","context":{"kid":9,"ctr":1,"byteLength":62,"codecOffset":10}}

[90mstdout[2m | apps/validator-daemon/src/canary/__tests__/mesh-byzantine.test.ts[2m > [22m[2mREQ-RMS-017 — Byzantine under-server attributed to R via the SHIPPED canary pipeline[2m > [22m[2mthe per-relay accumulator isolates R from R2 (R2 has zero drops, never crosses the bound)
[22m[39m{"timestamp":"2026-06-22T06:19:19.165Z","level":"INFO","source":"frontend","module":"webrtc/sframe-transform","message":"encrypted frame","context":{"kid":9,"ctr":2,"byteLength":62,"codecOffset":10}}

[90mstdout[2m | apps/validator-daemon/src/canary/__tests__/mesh-byzantine.test.ts[2m > [22m[2mREQ-RMS-017 — Byzantine under-server attributed to R via the SHIPPED canary pipeline[2m > [22m[2mthe per-relay accumulator isolates R from R2 (R2 has zero drops, never crosses the bound)
[22m[39m{"timestamp":"2026-06-22T06:19:19.166Z","level":"INFO","source":"frontend","module":"webrtc/sframe-transform","message":"encrypted frame","context":{"kid":9,"ctr":3,"byteLength":62,"codecOffset":10}}

[90mstdout[2m | apps/validator-daemon/src/canary/__tests__/mesh-byzantine.test.ts[2m > [22m[2mREQ-RMS-017 — Byzantine under-server attributed to R via the SHIPPED canary pipeline[2m > [22m[2mthe per-relay accumulator isolates R from R2 (R2 has zero drops, never crosses the bound)
[22m[39m{"timestamp":"2026-06-22T06:19:19.166Z","level":"INFO","source":"frontend","module":"webrtc/sframe-transform","message":"encrypted frame","context":{"kid":9,"ctr":4,"byteLength":62,"codecOffset":10}}

[90mstdout[2m | apps/validator-daemon/src/canary/__tests__/mesh-byzantine.test.ts[2m > [22m[2mREQ-RMS-017 — Byzantine under-server attributed to R via the SHIPPED canary pipeline[2m > [22m[2mthe per-relay accumulator isolates R from R2 (R2 has zero drops, never crosses the bound)
[22m[39m{"timestamp":"2026-06-22T06:19:19.166Z","level":"INFO","source":"frontend","module":"webrtc/sframe-transform","message":"encrypted frame","context":{"kid":9,"ctr":5,"byteLength":62,"codecOffset":10}}

[90mstdout[2m | apps/validator-daemon/src/canary/__tests__/mesh-byzantine.test.ts[2m > [22m[2mREQ-RMS-017 — Byzantine under-server attributed to R via the SHIPPED canary pipeline[2m > [22m[2mthe per-relay accumulator isolates R from R2 (R2 has zero drops, never crosses the bound)
[22m[39m{"timestamp":"2026-06-22T06:19:19.167Z","level":"INFO","source":"frontend","module":"webrtc/sframe-transform","message":"encrypted frame","context":{"kid":9,"ctr":6,"byteLength":62,"codecOffset":10}}

[90mstdout[2m | apps/validator-daemon/src/canary/__tests__/mesh-byzantine.test.ts[2m > [22m[2mREQ-RMS-017 — Byzantine under-server attributed to R via the SHIPPED canary pipeline[2m > [22m[2mthe per-relay accumulator isolates R from R2 (R2 has zero drops, never crosses the bound)
[22m[39m{"timestamp":"2026-06-22T06:19:19.167Z","level":"INFO","source":"frontend","module":"webrtc/sframe-transform","message":"encrypted frame","context":{"kid":9,"ctr":7,"byteLength":62,"codecOffset":10}}

[90mstdout[2m | apps/validator-daemon/src/canary/__tests__/mesh-byzantine.test.ts[2m > [22m[2mREQ-RMS-017 — Byzantine under-server attributed to R via the SHIPPED canary pipeline[2m > [22m[2mthe per-relay accumulator isolates R from R2 (R2 has zero drops, never crosses the bound)
[22m[39m{"timestamp":"2026-06-22T06:19:19.167Z","level":"INFO","source":"frontend","module":"webrtc/sframe-transform","message":"encrypted frame","context":{"kid":9,"ctr":0,"byteLength":62,"codecOffset":10}}

[90mstdout[2m | apps/validator-daemon/src/canary/__tests__/mesh-byzantine.test.ts[2m > [22m[2mREQ-RMS-017 — Byzantine under-server attributed to R via the SHIPPED canary pipeline[2m > [22m[2mthe per-relay accumulator isolates R from R2 (R2 has zero drops, never crosses the bound)
[22m[39m{"timestamp":"2026-06-22T06:19:19.167Z","level":"INFO","source":"frontend","module":"webrtc/sframe-transform","message":"encrypted frame","context":{"kid":9,"ctr":1,"byteLength":62,"codecOffset":10}}

[90mstdout[2m | apps/validator-daemon/src/canary/__tests__/mesh-byzantine.test.ts[2m > [22m[2mREQ-RMS-017 — Byzantine under-server attributed to R via the SHIPPED canary pipeline[2m > [22m[2mthe per-relay accumulator isolates R from R2 (R2 has zero drops, never crosses the bound)
[22m[39m{"timestamp":"2026-06-22T06:19:19.168Z","level":"INFO","source":"frontend","module":"webrtc/sframe-transform","message":"encrypted frame","context":{"kid":9,"ctr":2,"byteLength":62,"codecOffset":10}}

[90mstdout[2m | apps/validator-daemon/src/canary/__tests__/mesh-byzantine.test.ts[2m > [22m[2mREQ-RMS-017 — Byzantine under-server attributed to R via the SHIPPED canary pipeline[2m > [22m[2mthe per-relay accumulator isolates R from R2 (R2 has zero drops, never crosses the bound)
[22m[39m{"timestamp":"2026-06-22T06:19:19.168Z","level":"INFO","source":"frontend","module":"webrtc/sframe-transform","message":"encrypted frame","context":{"kid":9,"ctr":3,"byteLength":62,"codecOffset":10}}

[90mstdout[2m | apps/validator-daemon/src/canary/__tests__/mesh-byzantine.test.ts[2m > [22m[2mREQ-RMS-017 — Byzantine under-server attributed to R via the SHIPPED canary pipeline[2m > [22m[2mthe per-relay accumulator isolates R from R2 (R2 has zero drops, never crosses the bound)
[22m[39m{"timestamp":"2026-06-22T06:19:19.168Z","level":"INFO","source":"frontend","module":"webrtc/sframe-transform","message":"encrypted frame","context":{"kid":9,"ctr":4,"byteLength":62,"codecOffset":10}}

[90mstdout[2m | apps/validator-daemon/src/canary/__tests__/mesh-byzantine.test.ts[2m > [22m[2mREQ-RMS-017 — Byzantine under-server attributed to R via the SHIPPED canary pipeline[2m > [22m[2mthe per-relay accumulator isolates R from R2 (R2 has zero drops, never crosses the bound)
[22m[39m{"timestamp":"2026-06-22T06:19:19.169Z","level":"INFO","source":"frontend","module":"webrtc/sframe-transform","message":"encrypted frame","context":{"kid":9,"ctr":5,"byteLength":62,"codecOffset":10}}

[90mstdout[2m | apps/validator-daemon/src/canary/__tests__/mesh-byzantine.test.ts[2m > [22m[2mREQ-RMS-017 — Byzantine under-server attributed to R via the SHIPPED canary pipeline[2m > [22m[2mthe per-relay accumulator isolates R from R2 (R2 has zero drops, never crosses the bound)
[22m[39m{"timestamp":"2026-06-22T06:19:19.169Z","level":"INFO","source":"frontend","module":"webrtc/sframe-transform","message":"encrypted frame","context":{"kid":9,"ctr":6,"byteLength":62,"codecOffset":10}}

[90mstdout[2m | apps/validator-daemon/src/canary/__tests__/mesh-byzantine.test.ts[2m > [22m[2mREQ-RMS-017 — Byzantine under-server attributed to R via the SHIPPED canary pipeline[2m > [22m[2mthe per-relay accumulator isolates R from R2 (R2 has zero drops, never crosses the bound)
[22m[39m{"timestamp":"2026-06-22T06:19:19.169Z","level":"INFO","source":"frontend","module":"webrtc/sframe-transform","message":"encrypted frame","context":{"kid":9,"ctr":7,"byteLength":62,"codecOffset":10}}

{"level":30,"time":1782109159169,"pid":29576,"hostname":"Quang","name":"canary/verifier","canaryKid":9,"mediaPackets":8,"byteIdentical":8,"divergences":0,"msg":"canary forwarding verified"}
[90mstdout[2m | apps/validator-daemon/src/canary/__tests__/mesh-byzantine.test.ts[2m > [22m[2mREQ-RMS-017 — Byzantine under-server attributed to R via the SHIPPED canary pipeline[2m > [22m[2mthe per-relay accumulator isolates R from R2 (R2 has zero drops, never crosses the bound)
[22m[39m{"timestamp":"2026-06-22T06:19:19.170Z","level":"INFO","source":"frontend","module":"webrtc/sframe-transform","message":"encrypted frame","context":{"kid":9,"ctr":0,"byteLength":62,"codecOffset":10}}

[90mstdout[2m | apps/validator-daemon/src/canary/__tests__/mesh-byzantine.test.ts[2m > [22m[2mREQ-RMS-017 — Byzantine under-server attributed to R via the SHIPPED canary pipeline[2m > [22m[2mthe per-relay accumulator isolates R from R2 (R2 has zero drops, never crosses the bound)
[22m[39m{"timestamp":"2026-06-22T06:19:19.170Z","level":"INFO","source":"frontend","module":"webrtc/sframe-transform","message":"encrypted frame","context":{"kid":9,"ctr":1,"byteLength":62,"codecOffset":10}}

[90mstdout[2m | apps/validator-daemon/src/canary/__tests__/mesh-byzantine.test.ts[2m > [22m[2mREQ-RMS-017 — Byzantine under-server attributed to R via the SHIPPED canary pipeline[2m > [22m[2mthe per-relay accumulator isolates R from R2 (R2 has zero drops, never crosses the bound)
[22m[39m{"timestamp":"2026-06-22T06:19:19.170Z","level":"INFO","source":"frontend","module":"webrtc/sframe-transform","message":"encrypted frame","context":{"kid":9,"ctr":2,"byteLength":62,"codecOffset":10}}

[90mstdout[2m | apps/validator-daemon/src/canary/__tests__/mesh-byzantine.test.ts[2m > [22m[2mREQ-RMS-017 — Byzantine under-server attributed to R via the SHIPPED canary pipeline[2m > [22m[2mthe per-relay accumulator isolates R from R2 (R2 has zero drops, never crosses the bound)
[22m[39m{"timestamp":"2026-06-22T06:19:19.171Z","level":"INFO","source":"frontend","module":"webrtc/sframe-transform","message":"encrypted frame","context":{"kid":9,"ctr":3,"byteLength":62,"codecOffset":10}}

[90mstdout[2m | apps/validator-daemon/src/canary/__tests__/mesh-byzantine.test.ts[2m > [22m[2mREQ-RMS-017 — Byzantine under-server attributed to R via the SHIPPED canary pipeline[2m > [22m[2mthe per-relay accumulator isolates R from R2 (R2 has zero drops, never crosses the bound)
[22m[39m{"timestamp":"2026-06-22T06:19:19.171Z","level":"INFO","source":"frontend","module":"webrtc/sframe-transform","message":"encrypted frame","context":{"kid":9,"ctr":4,"byteLength":62,"codecOffset":10}}

[90mstdout[2m | apps/validator-daemon/src/canary/__tests__/mesh-byzantine.test.ts[2m > [22m[2mREQ-RMS-017 — Byzantine under-server attributed to R via the SHIPPED canary pipeline[2m > [22m[2mthe per-relay accumulator isolates R from R2 (R2 has zero drops, never crosses the bound)
[22m[39m{"timestamp":"2026-06-22T06:19:19.171Z","level":"INFO","source":"frontend","module":"webrtc/sframe-transform","message":"encrypted frame","context":{"kid":9,"ctr":5,"byteLength":62,"codecOffset":10}}

[90mstdout[2m | apps/validator-daemon/src/canary/__tests__/mesh-byzantine.test.ts[2m > [22m[2mREQ-RMS-017 — Byzantine under-server attributed to R via the SHIPPED canary pipeline[2m > [22m[2mthe per-relay accumulator isolates R from R2 (R2 has zero drops, never crosses the bound)
[22m[39m{"timestamp":"2026-06-22T06:19:19.171Z","level":"INFO","source":"frontend","module":"webrtc/sframe-transform","message":"encrypted frame","context":{"kid":9,"ctr":6,"byteLength":62,"codecOffset":10}}

[90mstdout[2m | apps/validator-daemon/src/canary/__tests__/mesh-byzantine.test.ts[2m > [22m[2mREQ-RMS-017 — Byzantine under-server attributed to R via the SHIPPED canary pipeline[2m > [22m[2mthe per-relay accumulator isolates R from R2 (R2 has zero drops, never crosses the bound)
[22m[39m{"timestamp":"2026-06-22T06:19:19.172Z","level":"INFO","source":"frontend","module":"webrtc/sframe-transform","message":"encrypted frame","context":{"kid":9,"ctr":7,"byteLength":62,"codecOffset":10}}

{"level":30,"time":1782109159172,"pid":29576,"hostname":"Quang","name":"canary/verifier","canaryKid":9,"mediaPackets":8,"byteIdentical":8,"divergences":0,"msg":"canary forwarding verified"}
{"level":30,"time":1782109159172,"pid":29576,"hostname":"Quang","name":"canary/loss-classifier","relayMinerId":"relay-honest-R2","promoted":0,"absorbed":0,"tampers":0,"cumulativeCrossed":false,"msg":"canary divergences classified (drop gate / tamper p=1)"}
{"level":30,"time":1782109159172,"pid":29576,"hostname":"Quang","name":"canary/verify-loop","round":5,"relayMinerId":"relay-honest-R2","roomId":"mesh-room","perReceiver":2,"promoted":0,"absorbed":0,"stunLossBps":"0","msg":"canary verify round classified (hermetic half — synthetic capture, STUN read live)"}
[90mstdout[2m | apps/validator-daemon/src/canary/__tests__/mesh-byzantine.test.ts[2m > [22m[2mREQ-RMS-017 — Byzantine under-server attributed to R via the SHIPPED canary pipeline[2m > [22m[2mthe per-relay accumulator isolates R from R2 (R2 has zero drops, never crosses the bound)
[22m[39m{"timestamp":"2026-06-22T06:19:19.173Z","level":"INFO","source":"frontend","module":"webrtc/sframe-transform","message":"encrypted frame","context":{"kid":9,"ctr":0,"byteLength":62,"codecOffset":10}}

[90mstdout[2m | apps/validator-daemon/src/canary/__tests__/mesh-byzantine.test.ts[2m > [22m[2mREQ-RMS-017 — Byzantine under-server attributed to R via the SHIPPED canary pipeline[2m > [22m[2mthe per-relay accumulator isolates R from R2 (R2 has zero drops, never crosses the bound)
[22m[39m{"timestamp":"2026-06-22T06:19:19.174Z","level":"INFO","source":"frontend","module":"webrtc/sframe-transform","message":"encrypted frame","context":{"kid":9,"ctr":1,"byteLength":62,"codecOffset":10}}

[90mstdout[2m | apps/validator-daemon/src/canary/__tests__/mesh-byzantine.test.ts[2m > [22m[2mREQ-RMS-017 — Byzantine under-server attributed to R via the SHIPPED canary pipeline[2m > [22m[2mthe per-relay accumulator isolates R from R2 (R2 has zero drops, never crosses the bound)
[22m[39m{"timestamp":"2026-06-22T06:19:19.174Z","level":"INFO","source":"frontend","module":"webrtc/sframe-transform","message":"encrypted frame","context":{"kid":9,"ctr":2,"byteLength":62,"codecOffset":10}}

[90mstdout[2m | apps/validator-daemon/src/canary/__tests__/mesh-byzantine.test.ts[2m > [22m[2mREQ-RMS-017 — Byzantine under-server attributed to R via the SHIPPED canary pipeline[2m > [22m[2mthe per-relay accumulator isolates R from R2 (R2 has zero drops, never crosses the bound)
[22m[39m{"timestamp":"2026-06-22T06:19:19.174Z","level":"INFO","source":"frontend","module":"webrtc/sframe-transform","message":"encrypted frame","context":{"kid":9,"ctr":3,"byteLength":62,"codecOffset":10}}

[90mstdout[2m | apps/validator-daemon/src/canary/__tests__/mesh-byzantine.test.ts[2m > [22m[2mREQ-RMS-017 — Byzantine under-server attributed to R via the SHIPPED canary pipeline[2m > [22m[2mthe per-relay accumulator isolates R from R2 (R2 has zero drops, never crosses the bound)
[22m[39m{"timestamp":"2026-06-22T06:19:19.175Z","level":"INFO","source":"frontend","module":"webrtc/sframe-transform","message":"encrypted frame","context":{"kid":9,"ctr":4,"byteLength":62,"codecOffset":10}}

[90mstdout[2m | apps/validator-daemon/src/canary/__tests__/mesh-byzantine.test.ts[2m > [22m[2mREQ-RMS-017 — Byzantine under-server attributed to R via the SHIPPED canary pipeline[2m > [22m[2mthe per-relay accumulator isolates R from R2 (R2 has zero drops, never crosses the bound)
[22m[39m{"timestamp":"2026-06-22T06:19:19.175Z","level":"INFO","source":"frontend","module":"webrtc/sframe-transform","message":"encrypted frame","context":{"kid":9,"ctr":6,"byteLength":62,"codecOffset":10}}

[90mstdout[2m | apps/validator-daemon/src/canary/__tests__/mesh-byzantine.test.ts[2m > [22m[2mREQ-RMS-017 — Byzantine under-server attributed to R via the SHIPPED canary pipeline[2m > [22m[2mthe per-relay accumulator isolates R from R2 (R2 has zero drops, never crosses the bound)
[22m[39m{"timestamp":"2026-06-22T06:19:19.175Z","level":"INFO","source":"frontend","module":"webrtc/sframe-transform","message":"encrypted frame","context":{"kid":9,"ctr":7,"byteLength":62,"codecOffset":10}}

[90mstdout[2m | apps/validator-daemon/src/canary/__tests__/mesh-byzantine.test.ts[2m > [22m[2mREQ-RMS-017 — Byzantine under-server attributed to R via the SHIPPED canary pipeline[2m > [22m[2mthe per-relay accumulator isolates R from R2 (R2 has zero drops, never crosses the bound)
[22m[39m{"timestamp":"2026-06-22T06:19:19.176Z","level":"INFO","source":"frontend","module":"webrtc/sframe-transform","message":"encrypted frame","context":{"kid":9,"ctr":0,"byteLength":62,"codecOffset":10}}

[90mstdout[2m | apps/validator-daemon/src/canary/__tests__/mesh-byzantine.test.ts[2m > [22m[2mREQ-RMS-017 — Byzantine under-server attributed to R via the SHIPPED canary pipeline[2m > [22m[2mthe per-relay accumulator isolates R from R2 (R2 has zero drops, never crosses the bound)
[22m[39m{"timestamp":"2026-06-22T06:19:19.176Z","level":"INFO","source":"frontend","module":"webrtc/sframe-transform","message":"encrypted frame","context":{"kid":9,"ctr":1,"byteLength":62,"codecOffset":10}}

[90mstdout[2m | apps/validator-daemon/src/canary/__tests__/mesh-byzantine.test.ts[2m > [22m[2mREQ-RMS-017 — Byzantine under-server attributed to R via the SHIPPED canary pipeline[2m > [22m[2mthe per-relay accumulator isolates R from R2 (R2 has zero drops, never crosses the bound)
[22m[39m{"timestamp":"2026-06-22T06:19:19.176Z","level":"INFO","source":"frontend","module":"webrtc/sframe-transform","message":"encrypted frame","context":{"kid":9,"ctr":2,"byteLength":62,"codecOffset":10}}

[90mstdout[2m | apps/validator-daemon/src/canary/__tests__/mesh-byzantine.test.ts[2m > [22m[2mREQ-RMS-017 — Byzantine under-server attributed to R via the SHIPPED canary pipeline[2m > [22m[2mthe per-relay accumulator isolates R from R2 (R2 has zero drops, never crosses the bound)
[22m[39m{"timestamp":"2026-06-22T06:19:19.177Z","level":"INFO","source":"frontend","module":"webrtc/sframe-transform","message":"encrypted frame","context":{"kid":9,"ctr":3,"byteLength":62,"codecOffset":10}}

[90mstdout[2m | apps/validator-daemon/src/canary/__tests__/mesh-byzantine.test.ts[2m > [22m[2mREQ-RMS-017 — Byzantine under-server attributed to R via the SHIPPED canary pipeline[2m > [22m[2mthe per-relay accumulator isolates R from R2 (R2 has zero drops, never crosses the bound)
[22m[39m{"timestamp":"2026-06-22T06:19:19.177Z","level":"INFO","source":"frontend","module":"webrtc/sframe-transform","message":"encrypted frame","context":{"kid":9,"ctr":4,"byteLength":62,"codecOffset":10}}

[90mstdout[2m | apps/validator-daemon/src/canary/__tests__/mesh-byzantine.test.ts[2m > [22m[2mREQ-RMS-017 — Byzantine under-server attributed to R via the SHIPPED canary pipeline[2m > [22m[2mthe per-relay accumulator isolates R from R2 (R2 has zero drops, never crosses the bound)
[22m[39m{"timestamp":"2026-06-22T06:19:19.178Z","level":"INFO","source":"frontend","module":"webrtc/sframe-transform","message":"encrypted frame","context":{"kid":9,"ctr":5,"byteLength":62,"codecOffset":10}}

[90mstdout[2m | apps/validator-daemon/src/canary/__tests__/mesh-byzantine.test.ts[2m > [22m[2mREQ-RMS-017 — Byzantine under-server attributed to R via the SHIPPED canary pipeline[2m > [22m[2mthe per-relay accumulator isolates R from R2 (R2 has zero drops, never crosses the bound)
[22m[39m{"timestamp":"2026-06-22T06:19:19.178Z","level":"INFO","source":"frontend","module":"webrtc/sframe-transform","message":"encrypted frame","context":{"kid":9,"ctr":6,"byteLength":62,"codecOffset":10}}

[90mstdout[2m | apps/validator-daemon/src/canary/__tests__/mesh-byzantine.test.ts[2m > [22m[2mREQ-RMS-017 — Byzantine under-server attributed to R via the SHIPPED canary pipeline[2m > [22m[2mthe per-relay accumulator isolates R from R2 (R2 has zero drops, never crosses the bound)
[22m[39m{"timestamp":"2026-06-22T06:19:19.179Z","level":"INFO","source":"frontend","module":"webrtc/sframe-transform","message":"encrypted frame","context":{"kid":9,"ctr":7,"byteLength":62,"codecOffset":10}}

{"level":30,"time":1782109159179,"pid":29576,"hostname":"Quang","name":"canary/verifier","canaryKid":9,"mediaPackets":7,"byteIdentical":7,"divergences":1,"msg":"canary forwarding verified"}
[90mstdout[2m | apps/validator-daemon/src/canary/__tests__/mesh-byzantine.test.ts[2m > [22m[2mREQ-RMS-017 — Byzantine under-server attributed to R via the SHIPPED canary pipeline[2m > [22m[2mthe per-relay accumulator isolates R from R2 (R2 has zero drops, never crosses the bound)
[22m[39m{"timestamp":"2026-06-22T06:19:19.179Z","level":"INFO","source":"frontend","module":"webrtc/sframe-transform","message":"encrypted frame","context":{"kid":9,"ctr":0,"byteLength":62,"codecOffset":10}}

[90mstdout[2m | apps/validator-daemon/src/canary/__tests__/mesh-byzantine.test.ts[2m > [22m[2mREQ-RMS-017 — Byzantine under-server attributed to R via the SHIPPED canary pipeline[2m > [22m[2mthe per-relay accumulator isolates R from R2 (R2 has zero drops, never crosses the bound)
[22m[39m{"timestamp":"2026-06-22T06:19:19.180Z","level":"INFO","source":"frontend","module":"webrtc/sframe-transform","message":"encrypted frame","context":{"kid":9,"ctr":1,"byteLength":62,"codecOffset":10}}

[90mstdout[2m | apps/validator-daemon/src/canary/__tests__/mesh-byzantine.test.ts[2m > [22m[2mREQ-RMS-017 — Byzantine under-server attributed to R via the SHIPPED canary pipeline[2m > [22m[2mthe per-relay accumulator isolates R from R2 (R2 has zero drops, never crosses the bound)
[22m[39m{"timestamp":"2026-06-22T06:19:19.180Z","level":"INFO","source":"frontend","module":"webrtc/sframe-transform","message":"encrypted frame","context":{"kid":9,"ctr":2,"byteLength":62,"codecOffset":10}}

[90mstdout[2m | apps/validator-daemon/src/canary/__tests__/mesh-byzantine.test.ts[2m > [22m[2mREQ-RMS-017 — Byzantine under-server attributed to R via the SHIPPED canary pipeline[2m > [22m[2mthe per-relay accumulator isolates R from R2 (R2 has zero drops, never crosses the bound)
[22m[39m{"timestamp":"2026-06-22T06:19:19.181Z","level":"INFO","source":"frontend","module":"webrtc/sframe-transform","message":"encrypted frame","context":{"kid":9,"ctr":3,"byteLength":62,"codecOffset":10}}

[90mstdout[2m | apps/validator-daemon/src/canary/__tests__/mesh-byzantine.test.ts[2m > [22m[2mREQ-RMS-017 — Byzantine under-server attributed to R via the SHIPPED canary pipeline[2m > [22m[2mthe per-relay accumulator isolates R from R2 (R2 has zero drops, never crosses the bound)
[22m[39m{"timestamp":"2026-06-22T06:19:19.181Z","level":"INFO","source":"frontend","module":"webrtc/sframe-transform","message":"encrypted frame","context":{"kid":9,"ctr":4,"byteLength":62,"codecOffset":10}}

[90mstdout[2m | apps/validator-daemon/src/canary/__tests__/mesh-byzantine.test.ts[2m > [22m[2mREQ-RMS-017 — Byzantine under-server attributed to R via the SHIPPED canary pipeline[2m > [22m[2mthe per-relay accumulator isolates R from R2 (R2 has zero drops, never crosses the bound)
[22m[39m{"timestamp":"2026-06-22T06:19:19.181Z","level":"INFO","source":"frontend","module":"webrtc/sframe-transform","message":"encrypted frame","context":{"kid":9,"ctr":5,"byteLength":62,"codecOffset":10}}

[90mstdout[2m | apps/validator-daemon/src/canary/__tests__/mesh-byzantine.test.ts[2m > [22m[2mREQ-RMS-017 — Byzantine under-server attributed to R via the SHIPPED canary pipeline[2m > [22m[2mthe per-relay accumulator isolates R from R2 (R2 has zero drops, never crosses the bound)
[22m[39m{"timestamp":"2026-06-22T06:19:19.182Z","level":"INFO","source":"frontend","module":"webrtc/sframe-transform","message":"encrypted frame","context":{"kid":9,"ctr":6,"byteLength":62,"codecOffset":10}}

[90mstdout[2m | apps/validator-daemon/src/canary/__tests__/mesh-byzantine.test.ts[2m > [22m[2mREQ-RMS-017 — Byzantine under-server attributed to R via the SHIPPED canary pipeline[2m > [22m[2mthe per-relay accumulator isolates R from R2 (R2 has zero drops, never crosses the bound)
[22m[39m{"timestamp":"2026-06-22T06:19:19.182Z","level":"INFO","source":"frontend","module":"webrtc/sframe-transform","message":"encrypted frame","context":{"kid":9,"ctr":7,"byteLength":62,"codecOffset":10}}

{"level":30,"time":1782109159182,"pid":29576,"hostname":"Quang","name":"canary/verifier","canaryKid":9,"mediaPackets":7,"byteIdentical":7,"divergences":1,"msg":"canary forwarding verified"}
{"level":30,"time":1782109159182,"pid":29576,"hostname":"Quang","name":"canary/loss-classifier","relayMinerId":"relay-byzantine-R","promoted":1,"absorbed":0,"tampers":0,"cumulativeCrossed":true,"msg":"canary divergences classified (drop gate / tamper p=1)"}
{"level":30,"time":1782109159184,"pid":29576,"hostname":"Quang","name":"canary/verify-loop","round":6,"relayMinerId":"relay-byzantine-R","roomId":"mesh-room","perReceiver":2,"promoted":1,"absorbed":0,"stunLossBps":"0","msg":"canary verify round classified (hermetic half — synthetic capture, STUN read live)"}
[90mstdout[2m | apps/validator-daemon/src/canary/__tests__/mesh-byzantine.test.ts[2m > [22m[2mREQ-RMS-017 — Byzantine under-server attributed to R via the SHIPPED canary pipeline[2m > [22m[2mthe per-relay accumulator isolates R from R2 (R2 has zero drops, never crosses the bound)
[22m[39m{"timestamp":"2026-06-22T06:19:19.184Z","level":"INFO","source":"frontend","module":"webrtc/sframe-transform","message":"encrypted frame","context":{"kid":9,"ctr":0,"byteLength":62,"codecOffset":10}}

[90mstdout[2m | apps/validator-daemon/src/canary/__tests__/mesh-byzantine.test.ts[2m > [22m[2mREQ-RMS-017 — Byzantine under-server attributed to R via the SHIPPED canary pipeline[2m > [22m[2mthe per-relay accumulator isolates R from R2 (R2 has zero drops, never crosses the bound)
[22m[39m{"timestamp":"2026-06-22T06:19:19.185Z","level":"INFO","source":"frontend","module":"webrtc/sframe-transform","message":"encrypted frame","context":{"kid":9,"ctr":1,"byteLength":62,"codecOffset":10}}

[90mstdout[2m | apps/validator-daemon/src/canary/__tests__/mesh-byzantine.test.ts[2m > [22m[2mREQ-RMS-017 — Byzantine under-server attributed to R via the SHIPPED canary pipeline[2m > [22m[2mthe per-relay accumulator isolates R from R2 (R2 has zero drops, never crosses the bound)
[22m[39m{"timestamp":"2026-06-22T06:19:19.185Z","level":"INFO","source":"frontend","module":"webrtc/sframe-transform","message":"encrypted frame","context":{"kid":9,"ctr":2,"byteLength":62,"codecOffset":10}}

[90mstdout[2m | apps/validator-daemon/src/canary/__tests__/mesh-byzantine.test.ts[2m > [22m[2mREQ-RMS-017 — Byzantine under-server attributed to R via the SHIPPED canary pipeline[2m > [22m[2mthe per-relay accumulator isolates R from R2 (R2 has zero drops, never crosses the bound)
[22m[39m{"timestamp":"2026-06-22T06:19:19.186Z","level":"INFO","source":"frontend","module":"webrtc/sframe-transform","message":"encrypted frame","context":{"kid":9,"ctr":3,"byteLength":62,"codecOffset":10}}

[90mstdout[2m | apps/validator-daemon/src/canary/__tests__/mesh-byzantine.test.ts[2m > [22m[2mREQ-RMS-017 — Byzantine under-server attributed to R via the SHIPPED canary pipeline[2m > [22m[2mthe per-relay accumulator isolates R from R2 (R2 has zero drops, never crosses the bound)
[22m[39m{"timestamp":"2026-06-22T06:19:19.186Z","level":"INFO","source":"frontend","module":"webrtc/sframe-transform","message":"encrypted frame","context":{"kid":9,"ctr":4,"byteLength":62,"codecOffset":10}}

[90mstdout[2m | apps/validator-daemon/src/canary/__tests__/mesh-byzantine.test.ts[2m > [22m[2mREQ-RMS-017 — Byzantine under-server attributed to R via the SHIPPED canary pipeline[2m > [22m[2mthe per-relay accumulator isolates R from R2 (R2 has zero drops, never crosses the bound)
[22m[39m{"timestamp":"2026-06-22T06:19:19.186Z","level":"INFO","source":"frontend","module":"webrtc/sframe-transform","message":"encrypted frame","context":{"kid":9,"ctr":5,"byteLength":62,"codecOffset":10}}

[90mstdout[2m | apps/validator-daemon/src/canary/__tests__/mesh-byzantine.test.ts[2m > [22m[2mREQ-RMS-017 — Byzantine under-server attributed to R via the SHIPPED canary pipeline[2m > [22m[2mthe per-relay accumulator isolates R from R2 (R2 has zero drops, never crosses the bound)
[22m[39m{"timestamp":"2026-06-22T06:19:19.187Z","level":"INFO","source":"frontend","module":"webrtc/sframe-transform","message":"encrypted frame","context":{"kid":9,"ctr":6,"byteLength":62,"codecOffset":10}}

[90mstdout[2m | apps/validator-daemon/src/canary/__tests__/mesh-byzantine.test.ts[2m > [22m[2mREQ-RMS-017 — Byzantine under-server attributed to R via the SHIPPED canary pipeline[2m > [22m[2mthe per-relay accumulator isolates R from R2 (R2 has zero drops, never crosses the bound)
[22m[39m{"timestamp":"2026-06-22T06:19:19.187Z","level":"INFO","source":"frontend","module":"webrtc/sframe-transform","message":"encrypted frame","context":{"kid":9,"ctr":7,"byteLength":62,"codecOffset":10}}

[90mstdout[2m | apps/validator-daemon/src/canary/__tests__/mesh-byzantine.test.ts[2m > [22m[2mREQ-RMS-017 — Byzantine under-server attributed to R via the SHIPPED canary pipeline[2m > [22m[2mthe per-relay accumulator isolates R from R2 (R2 has zero drops, never crosses the bound)
[22m[39m{"timestamp":"2026-06-22T06:19:19.187Z","level":"INFO","source":"frontend","module":"webrtc/sframe-transform","message":"encrypted frame","context":{"kid":9,"ctr":0,"byteLength":62,"codecOffset":10}}

[90mstdout[2m | apps/validator-daemon/src/canary/__tests__/mesh-byzantine.test.ts[2m > [22m[2mREQ-RMS-017 — Byzantine under-server attributed to R via the SHIPPED canary pipeline[2m > [22m[2mthe per-relay accumulator isolates R from R2 (R2 has zero drops, never crosses the bound)
[22m[39m{"timestamp":"2026-06-22T06:19:19.188Z","level":"INFO","source":"frontend","module":"webrtc/sframe-transform","message":"encrypted frame","context":{"kid":9,"ctr":1,"byteLength":62,"codecOffset":10}}

[90mstdout[2m | apps/validator-daemon/src/canary/__tests__/mesh-byzantine.test.ts[2m > [22m[2mREQ-RMS-017 — Byzantine under-server attributed to R via the SHIPPED canary pipeline[2m > [22m[2mthe per-relay accumulator isolates R from R2 (R2 has zero drops, never crosses the bound)
[22m[39m{"timestamp":"2026-06-22T06:19:19.188Z","level":"INFO","source":"frontend","module":"webrtc/sframe-transform","message":"encrypted frame","context":{"kid":9,"ctr":2,"byteLength":62,"codecOffset":10}}

[90mstdout[2m | apps/validator-daemon/src/canary/__tests__/mesh-byzantine.test.ts[2m > [22m[2mREQ-RMS-017 — Byzantine under-server attributed to R via the SHIPPED canary pipeline[2m > [22m[2mthe per-relay accumulator isolates R from R2 (R2 has zero drops, never crosses the bound)
[22m[39m{"timestamp":"2026-06-22T06:19:19.188Z","level":"INFO","source":"frontend","module":"webrtc/sframe-transform","message":"encrypted frame","context":{"kid":9,"ctr":3,"byteLength":62,"codecOffset":10}}

[90mstdout[2m | apps/validator-daemon/src/canary/__tests__/mesh-byzantine.test.ts[2m > [22m[2mREQ-RMS-017 — Byzantine under-server attributed to R via the SHIPPED canary pipeline[2m > [22m[2mthe per-relay accumulator isolates R from R2 (R2 has zero drops, never crosses the bound)
[22m[39m{"timestamp":"2026-06-22T06:19:19.189Z","level":"INFO","source":"frontend","module":"webrtc/sframe-transform","message":"encrypted frame","context":{"kid":9,"ctr":4,"byteLength":62,"codecOffset":10}}

[90mstdout[2m | apps/validator-daemon/src/canary/__tests__/mesh-byzantine.test.ts[2m > [22m[2mREQ-RMS-017 — Byzantine under-server attributed to R via the SHIPPED canary pipeline[2m > [22m[2mthe per-relay accumulator isolates R from R2 (R2 has zero drops, never crosses the bound)
[22m[39m{"timestamp":"2026-06-22T06:19:19.189Z","level":"INFO","source":"frontend","module":"webrtc/sframe-transform","message":"encrypted frame","context":{"kid":9,"ctr":5,"byteLength":62,"codecOffset":10}}

[90mstdout[2m | apps/validator-daemon/src/canary/__tests__/mesh-byzantine.test.ts[2m > [22m[2mREQ-RMS-017 — Byzantine under-server attributed to R via the SHIPPED canary pipeline[2m > [22m[2mthe per-relay accumulator isolates R from R2 (R2 has zero drops, never crosses the bound)
[22m[39m{"timestamp":"2026-06-22T06:19:19.189Z","level":"INFO","source":"frontend","module":"webrtc/sframe-transform","message":"encrypted frame","context":{"kid":9,"ctr":6,"byteLength":62,"codecOffset":10}}

[90mstdout[2m | apps/validator-daemon/src/canary/__tests__/mesh-byzantine.test.ts[2m > [22m[2mREQ-RMS-017 — Byzantine under-server attributed to R via the SHIPPED canary pipeline[2m > [22m[2mthe per-relay accumulator isolates R from R2 (R2 has zero drops, never crosses the bound)
[22m[39m{"timestamp":"2026-06-22T06:19:19.190Z","level":"INFO","source":"frontend","module":"webrtc/sframe-transform","message":"encrypted frame","context":{"kid":9,"ctr":7,"byteLength":62,"codecOffset":10}}

{"level":30,"time":1782109159190,"pid":29576,"hostname":"Quang","name":"canary/verifier","canaryKid":9,"mediaPackets":8,"byteIdentical":8,"divergences":0,"msg":"canary forwarding verified"}
[90mstdout[2m | apps/validator-daemon/src/canary/__tests__/mesh-byzantine.test.ts[2m > [22m[2mREQ-RMS-017 — Byzantine under-server attributed to R via the SHIPPED canary pipeline[2m > [22m[2mthe per-relay accumulator isolates R from R2 (R2 has zero drops, never crosses the bound)
[22m[39m{"timestamp":"2026-06-22T06:19:19.190Z","level":"INFO","source":"frontend","module":"webrtc/sframe-transform","message":"encrypted frame","context":{"kid":9,"ctr":0,"byteLength":62,"codecOffset":10}}

[90mstdout[2m | apps/validator-daemon/src/canary/__tests__/mesh-byzantine.test.ts[2m > [22m[2mREQ-RMS-017 — Byzantine under-server attributed to R via the SHIPPED canary pipeline[2m > [22m[2mthe per-relay accumulator isolates R from R2 (R2 has zero drops, never crosses the bound)
[22m[39m{"timestamp":"2026-06-22T06:19:19.190Z","level":"INFO","source":"frontend","module":"webrtc/sframe-transform","message":"encrypted frame","context":{"kid":9,"ctr":1,"byteLength":62,"codecOffset":10}}

[90mstdout[2m | apps/validator-daemon/src/canary/__tests__/mesh-byzantine.test.ts[2m > [22m[2mREQ-RMS-017 — Byzantine under-server attributed to R via the SHIPPED canary pipeline[2m > [22m[2mthe per-relay accumulator isolates R from R2 (R2 has zero drops, never crosses the bound)
[22m[39m{"timestamp":"2026-06-22T06:19:19.191Z","level":"INFO","source":"frontend","module":"webrtc/sframe-transform","message":"encrypted frame","context":{"kid":9,"ctr":2,"byteLength":62,"codecOffset":10}}

[90mstdout[2m | apps/validator-daemon/src/canary/__tests__/mesh-byzantine.test.ts[2m > [22m[2mREQ-RMS-017 — Byzantine under-server attributed to R via the SHIPPED canary pipeline[2m > [22m[2mthe per-relay accumulator isolates R from R2 (R2 has zero drops, never crosses the bound)
[22m[39m{"timestamp":"2026-06-22T06:19:19.191Z","level":"INFO","source":"frontend","module":"webrtc/sframe-transform","message":"encrypted frame","context":{"kid":9,"ctr":3,"byteLength":62,"codecOffset":10}}

[90mstdout[2m | apps/validator-daemon/src/canary/__tests__/mesh-byzantine.test.ts[2m > [22m[2mREQ-RMS-017 — Byzantine under-server attributed to R via the SHIPPED canary pipeline[2m > [22m[2mthe per-relay accumulator isolates R from R2 (R2 has zero drops, never crosses the bound)
[22m[39m{"timestamp":"2026-06-22T06:19:19.191Z","level":"INFO","source":"frontend","module":"webrtc/sframe-transform","message":"encrypted frame","context":{"kid":9,"ctr":4,"byteLength":62,"codecOffset":10}}

[90mstdout[2m | apps/validator-daemon/src/canary/__tests__/mesh-byzantine.test.ts[2m > [22m[2mREQ-RMS-017 — Byzantine under-server attributed to R via the SHIPPED canary pipeline[2m > [22m[2mthe per-relay accumulator isolates R from R2 (R2 has zero drops, never crosses the bound)
[22m[39m{"timestamp":"2026-06-22T06:19:19.191Z","level":"INFO","source":"frontend","module":"webrtc/sframe-transform","message":"encrypted frame","context":{"kid":9,"ctr":5,"byteLength":62,"codecOffset":10}}

[90mstdout[2m | apps/validator-daemon/src/canary/__tests__/mesh-byzantine.test.ts[2m > [22m[2mREQ-RMS-017 — Byzantine under-server attributed to R via the SHIPPED canary pipeline[2m > [22m[2mthe per-relay accumulator isolates R from R2 (R2 has zero drops, never crosses the bound)
[22m[39m{"timestamp":"2026-06-22T06:19:19.192Z","level":"INFO","source":"frontend","module":"webrtc/sframe-transform","message":"encrypted frame","context":{"kid":9,"ctr":6,"byteLength":62,"codecOffset":10}}

[90mstdout[2m | apps/validator-daemon/src/canary/__tests__/mesh-byzantine.test.ts[2m > [22m[2mREQ-RMS-017 — Byzantine under-server attributed to R via the SHIPPED canary pipeline[2m > [22m[2mthe per-relay accumulator isolates R from R2 (R2 has zero drops, never crosses the bound)
[22m[39m{"timestamp":"2026-06-22T06:19:19.192Z","level":"INFO","source":"frontend","module":"webrtc/sframe-transform","message":"encrypted frame","context":{"kid":9,"ctr":7,"byteLength":62,"codecOffset":10}}

{"level":30,"time":1782109159192,"pid":29576,"hostname":"Quang","name":"canary/verifier","canaryKid":9,"mediaPackets":8,"byteIdentical":8,"divergences":0,"msg":"canary forwarding verified"}
{"level":30,"time":1782109159192,"pid":29576,"hostname":"Quang","name":"canary/loss-classifier","relayMinerId":"relay-honest-R2","promoted":0,"absorbed":0,"tampers":0,"cumulativeCrossed":false,"msg":"canary divergences classified (drop gate / tamper p=1)"}
{"level":30,"time":1782109159192,"pid":29576,"hostname":"Quang","name":"canary/verify-loop","round":6,"relayMinerId":"relay-honest-R2","roomId":"mesh-room","perReceiver":2,"promoted":0,"absorbed":0,"stunLossBps":"0","msg":"canary verify round classified (hermetic half — synthetic capture, STUN read live)"}
[90mstdout[2m | apps/validator-daemon/src/canary/__tests__/mesh-byzantine.test.ts[2m > [22m[2mREQ-RMS-017 — Byzantine under-server attributed to R via the SHIPPED canary pipeline[2m > [22m[2mNEGATIVE control — an all-honest mesh (R also forwards everything) produces NO slash
[22m[39m{"timestamp":"2026-06-22T06:19:19.195Z","level":"INFO","source":"frontend","module":"webrtc/sframe-transform","message":"encrypted frame","context":{"kid":9,"ctr":0,"byteLength":62,"codecOffset":10}}

[90mstdout[2m | apps/validator-daemon/src/canary/__tests__/mesh-byzantine.test.ts[2m > [22m[2mREQ-RMS-017 — Byzantine under-server attributed to R via the SHIPPED canary pipeline[2m > [22m[2mNEGATIVE control — an all-honest mesh (R also forwards everything) produces NO slash
[22m[39m{"timestamp":"2026-06-22T06:19:19.196Z","level":"INFO","source":"frontend","module":"webrtc/sframe-transform","message":"encrypted frame","context":{"kid":9,"ctr":1,"byteLength":62,"codecOffset":10}}

[90mstdout[2m | apps/validator-daemon/src/canary/__tests__/mesh-byzantine.test.ts[2m > [22m[2mREQ-RMS-017 — Byzantine under-server attributed to R via the SHIPPED canary pipeline[2m > [22m[2mNEGATIVE control — an all-honest mesh (R also forwards everything) produces NO slash
[22m[39m{"timestamp":"2026-06-22T06:19:19.196Z","level":"INFO","source":"frontend","module":"webrtc/sframe-transform","message":"encrypted frame","context":{"kid":9,"ctr":2,"byteLength":62,"codecOffset":10}}

[90mstdout[2m | apps/validator-daemon/src/canary/__tests__/mesh-byzantine.test.ts[2m > [22m[2mREQ-RMS-017 — Byzantine under-server attributed to R via the SHIPPED canary pipeline[2m > [22m[2mNEGATIVE control — an all-honest mesh (R also forwards everything) produces NO slash
[22m[39m{"timestamp":"2026-06-22T06:19:19.197Z","level":"INFO","source":"frontend","module":"webrtc/sframe-transform","message":"encrypted frame","context":{"kid":9,"ctr":3,"byteLength":62,"codecOffset":10}}

[90mstdout[2m | apps/validator-daemon/src/canary/__tests__/mesh-byzantine.test.ts[2m > [22m[2mREQ-RMS-017 — Byzantine under-server attributed to R via the SHIPPED canary pipeline[2m > [22m[2mNEGATIVE control — an all-honest mesh (R also forwards everything) produces NO slash
[22m[39m{"timestamp":"2026-06-22T06:19:19.197Z","level":"INFO","source":"frontend","module":"webrtc/sframe-transform","message":"encrypted frame","context":{"kid":9,"ctr":4,"byteLength":62,"codecOffset":10}}

[90mstdout[2m | apps/validator-daemon/src/canary/__tests__/mesh-byzantine.test.ts[2m > [22m[2mREQ-RMS-017 — Byzantine under-server attributed to R via the SHIPPED canary pipeline[2m > [22m[2mNEGATIVE control — an all-honest mesh (R also forwards everything) produces NO slash
[22m[39m{"timestamp":"2026-06-22T06:19:19.198Z","level":"INFO","source":"frontend","module":"webrtc/sframe-transform","message":"encrypted frame","context":{"kid":9,"ctr":5,"byteLength":62,"codecOffset":10}}

[90mstdout[2m | apps/validator-daemon/src/canary/__tests__/mesh-byzantine.test.ts[2m > [22m[2mREQ-RMS-017 — Byzantine under-server attributed to R via the SHIPPED canary pipeline[2m > [22m[2mNEGATIVE control — an all-honest mesh (R also forwards everything) produces NO slash
[22m[39m{"timestamp":"2026-06-22T06:19:19.200Z","level":"INFO","source":"frontend","module":"webrtc/sframe-transform","message":"encrypted frame","context":{"kid":9,"ctr":6,"byteLength":62,"codecOffset":10}}

[90mstdout[2m | apps/validator-daemon/src/canary/__tests__/mesh-byzantine.test.ts[2m > [22m[2mREQ-RMS-017 — Byzantine under-server attributed to R via the SHIPPED canary pipeline[2m > [22m[2mNEGATIVE control — an all-honest mesh (R also forwards everything) produces NO slash
[22m[39m{"timestamp":"2026-06-22T06:19:19.200Z","level":"INFO","source":"frontend","module":"webrtc/sframe-transform","message":"encrypted frame","context":{"kid":9,"ctr":7,"byteLength":62,"codecOffset":10}}

[90mstdout[2m | apps/validator-daemon/src/canary/__tests__/mesh-byzantine.test.ts[2m > [22m[2mREQ-RMS-017 — Byzantine under-server attributed to R via the SHIPPED canary pipeline[2m > [22m[2mNEGATIVE control — an all-honest mesh (R also forwards everything) produces NO slash
[22m[39m{"timestamp":"2026-06-22T06:19:19.201Z","level":"INFO","source":"frontend","module":"webrtc/sframe-transform","message":"encrypted frame","context":{"kid":9,"ctr":0,"byteLength":62,"codecOffset":10}}

[90mstdout[2m | apps/validator-daemon/src/canary/__tests__/mesh-byzantine.test.ts[2m > [22m[2mREQ-RMS-017 — Byzantine under-server attributed to R via the SHIPPED canary pipeline[2m > [22m[2mNEGATIVE control — an all-honest mesh (R also forwards everything) produces NO slash
[22m[39m{"timestamp":"2026-06-22T06:19:19.202Z","level":"INFO","source":"frontend","module":"webrtc/sframe-transform","message":"encrypted frame","context":{"kid":9,"ctr":1,"byteLength":62,"codecOffset":10}}

[90mstdout[2m | apps/validator-daemon/src/canary/__tests__/mesh-byzantine.test.ts[2m > [22m[2mREQ-RMS-017 — Byzantine under-server attributed to R via the SHIPPED canary pipeline[2m > [22m[2mNEGATIVE control — an all-honest mesh (R also forwards everything) produces NO slash
[22m[39m{"timestamp":"2026-06-22T06:19:19.202Z","level":"INFO","source":"frontend","module":"webrtc/sframe-transform","message":"encrypted frame","context":{"kid":9,"ctr":2,"byteLength":62,"codecOffset":10}}

[90mstdout[2m | apps/validator-daemon/src/canary/__tests__/mesh-byzantine.test.ts[2m > [22m[2mREQ-RMS-017 — Byzantine under-server attributed to R via the SHIPPED canary pipeline[2m > [22m[2mNEGATIVE control — an all-honest mesh (R also forwards everything) produces NO slash
[22m[39m{"timestamp":"2026-06-22T06:19:19.202Z","level":"INFO","source":"frontend","module":"webrtc/sframe-transform","message":"encrypted frame","context":{"kid":9,"ctr":3,"byteLength":62,"codecOffset":10}}

[90mstdout[2m | apps/validator-daemon/src/canary/__tests__/mesh-byzantine.test.ts[2m > [22m[2mREQ-RMS-017 — Byzantine under-server attributed to R via the SHIPPED canary pipeline[2m > [22m[2mNEGATIVE control — an all-honest mesh (R also forwards everything) produces NO slash
[22m[39m{"timestamp":"2026-06-22T06:19:19.203Z","level":"INFO","source":"frontend","module":"webrtc/sframe-transform","message":"encrypted frame","context":{"kid":9,"ctr":4,"byteLength":62,"codecOffset":10}}

[90mstdout[2m | apps/validator-daemon/src/canary/__tests__/mesh-byzantine.test.ts[2m > [22m[2mREQ-RMS-017 — Byzantine under-server attributed to R via the SHIPPED canary pipeline[2m > [22m[2mNEGATIVE control — an all-honest mesh (R also forwards everything) produces NO slash
[22m[39m{"timestamp":"2026-06-22T06:19:19.204Z","level":"INFO","source":"frontend","module":"webrtc/sframe-transform","message":"encrypted frame","context":{"kid":9,"ctr":5,"byteLength":62,"codecOffset":10}}

[90mstdout[2m | apps/validator-daemon/src/canary/__tests__/mesh-byzantine.test.ts[2m > [22m[2mREQ-RMS-017 — Byzantine under-server attributed to R via the SHIPPED canary pipeline[2m > [22m[2mNEGATIVE control — an all-honest mesh (R also forwards everything) produces NO slash
[22m[39m{"timestamp":"2026-06-22T06:19:19.205Z","level":"INFO","source":"frontend","module":"webrtc/sframe-transform","message":"encrypted frame","context":{"kid":9,"ctr":6,"byteLength":62,"codecOffset":10}}

[90mstdout[2m | apps/validator-daemon/src/canary/__tests__/mesh-byzantine.test.ts[2m > [22m[2mREQ-RMS-017 — Byzantine under-server attributed to R via the SHIPPED canary pipeline[2m > [22m[2mNEGATIVE control — an all-honest mesh (R also forwards everything) produces NO slash
[22m[39m{"timestamp":"2026-06-22T06:19:19.205Z","level":"INFO","source":"frontend","module":"webrtc/sframe-transform","message":"encrypted frame","context":{"kid":9,"ctr":7,"byteLength":62,"codecOffset":10}}

{"level":30,"time":1782109159206,"pid":29576,"hostname":"Quang","name":"canary/verifier","canaryKid":9,"mediaPackets":8,"byteIdentical":8,"divergences":0,"msg":"canary forwarding verified"}
[90mstdout[2m | apps/validator-daemon/src/canary/__tests__/mesh-byzantine.test.ts[2m > [22m[2mREQ-RMS-017 — Byzantine under-server attributed to R via the SHIPPED canary pipeline[2m > [22m[2mNEGATIVE control — an all-honest mesh (R also forwards everything) produces NO slash
[22m[39m{"timestamp":"2026-06-22T06:19:19.207Z","level":"INFO","source":"frontend","module":"webrtc/sframe-transform","message":"encrypted frame","context":{"kid":9,"ctr":0,"byteLength":62,"codecOffset":10}}

[90mstdout[2m | apps/validator-daemon/src/canary/__tests__/mesh-byzantine.test.ts[2m > [22m[2mREQ-RMS-017 — Byzantine under-server attributed to R via the SHIPPED canary pipeline[2m > [22m[2mNEGATIVE control — an all-honest mesh (R also forwards everything) produces NO slash
[22m[39m{"timestamp":"2026-06-22T06:19:19.207Z","level":"INFO","source":"frontend","module":"webrtc/sframe-transform","message":"encrypted frame","context":{"kid":9,"ctr":1,"byteLength":62,"codecOffset":10}}

[90mstdout[2m | apps/validator-daemon/src/canary/__tests__/mesh-byzantine.test.ts[2m > [22m[2mREQ-RMS-017 — Byzantine under-server attributed to R via the SHIPPED canary pipeline[2m > [22m[2mNEGATIVE control — an all-honest mesh (R also forwards everything) produces NO slash
[22m[39m{"timestamp":"2026-06-22T06:19:19.208Z","level":"INFO","source":"frontend","module":"webrtc/sframe-transform","message":"encrypted frame","context":{"kid":9,"ctr":2,"byteLength":62,"codecOffset":10}}

[90mstdout[2m | apps/validator-daemon/src/canary/__tests__/mesh-byzantine.test.ts[2m > [22m[2mREQ-RMS-017 — Byzantine under-server attributed to R via the SHIPPED canary pipeline[2m > [22m[2mNEGATIVE control — an all-honest mesh (R also forwards everything) produces NO slash
[22m[39m{"timestamp":"2026-06-22T06:19:19.208Z","level":"INFO","source":"frontend","module":"webrtc/sframe-transform","message":"encrypted frame","context":{"kid":9,"ctr":3,"byteLength":62,"codecOffset":10}}

[90mstdout[2m | apps/validator-daemon/src/canary/__tests__/mesh-byzantine.test.ts[2m > [22m[2mREQ-RMS-017 — Byzantine under-server attributed to R via the SHIPPED canary pipeline[2m > [22m[2mNEGATIVE control — an all-honest mesh (R also forwards everything) produces NO slash
[22m[39m{"timestamp":"2026-06-22T06:19:19.209Z","level":"INFO","source":"frontend","module":"webrtc/sframe-transform","message":"encrypted frame","context":{"kid":9,"ctr":4,"byteLength":62,"codecOffset":10}}

[90mstdout[2m | apps/validator-daemon/src/canary/__tests__/mesh-byzantine.test.ts[2m > [22m[2mREQ-RMS-017 — Byzantine under-server attributed to R via the SHIPPED canary pipeline[2m > [22m[2mNEGATIVE control — an all-honest mesh (R also forwards everything) produces NO slash
[22m[39m{"timestamp":"2026-06-22T06:19:19.210Z","level":"INFO","source":"frontend","module":"webrtc/sframe-transform","message":"encrypted frame","context":{"kid":9,"ctr":5,"byteLength":62,"codecOffset":10}}

[90mstdout[2m | apps/validator-daemon/src/canary/__tests__/mesh-byzantine.test.ts[2m > [22m[2mREQ-RMS-017 — Byzantine under-server attributed to R via the SHIPPED canary pipeline[2m > [22m[2mNEGATIVE control — an all-honest mesh (R also forwards everything) produces NO slash
[22m[39m{"timestamp":"2026-06-22T06:19:19.210Z","level":"INFO","source":"frontend","module":"webrtc/sframe-transform","message":"encrypted frame","context":{"kid":9,"ctr":6,"byteLength":62,"codecOffset":10}}

[90mstdout[2m | apps/validator-daemon/src/canary/__tests__/mesh-byzantine.test.ts[2m > [22m[2mREQ-RMS-017 — Byzantine under-server attributed to R via the SHIPPED canary pipeline[2m > [22m[2mNEGATIVE control — an all-honest mesh (R also forwards everything) produces NO slash
[22m[39m{"timestamp":"2026-06-22T06:19:19.211Z","level":"INFO","source":"frontend","module":"webrtc/sframe-transform","message":"encrypted frame","context":{"kid":9,"ctr":7,"byteLength":62,"codecOffset":10}}

{"level":30,"time":1782109159211,"pid":29576,"hostname":"Quang","name":"canary/verifier","canaryKid":9,"mediaPackets":8,"byteIdentical":8,"divergences":0,"msg":"canary forwarding verified"}
{"level":30,"time":1782109159211,"pid":29576,"hostname":"Quang","name":"canary/loss-classifier","relayMinerId":"relay-byzantine-R","promoted":0,"absorbed":0,"tampers":0,"cumulativeCrossed":false,"msg":"canary divergences classified (drop gate / tamper p=1)"}
{"level":30,"time":1782109159211,"pid":29576,"hostname":"Quang","name":"canary/verify-loop","round":0,"relayMinerId":"relay-byzantine-R","roomId":"mesh-room","perReceiver":2,"promoted":0,"absorbed":0,"stunLossBps":"0","msg":"canary verify round classified (hermetic half — synthetic capture, STUN read live)"}
[90mstdout[2m | apps/validator-daemon/src/canary/__tests__/mesh-byzantine.test.ts[2m > [22m[2mREQ-RMS-017 — Byzantine under-server attributed to R via the SHIPPED canary pipeline[2m > [22m[2mNEGATIVE control — an all-honest mesh (R also forwards everything) produces NO slash
[22m[39m{"timestamp":"2026-06-22T06:19:19.211Z","level":"INFO","source":"frontend","module":"webrtc/sframe-transform","message":"encrypted frame","context":{"kid":9,"ctr":0,"byteLength":62,"codecOffset":10}}

[90mstdout[2m | apps/validator-daemon/src/canary/__tests__/mesh-byzantine.test.ts[2m > [22m[2mREQ-RMS-017 — Byzantine under-server attributed to R via the SHIPPED canary pipeline[2m > [22m[2mNEGATIVE control — an all-honest mesh (R also forwards everything) produces NO slash
[22m[39m{"timestamp":"2026-06-22T06:19:19.212Z","level":"INFO","source":"frontend","module":"webrtc/sframe-transform","message":"encrypted frame","context":{"kid":9,"ctr":1,"byteLength":62,"codecOffset":10}}

[90mstdout[2m | apps/validator-daemon/src/canary/__tests__/mesh-byzantine.test.ts[2m > [22m[2mREQ-RMS-017 — Byzantine under-server attributed to R via the SHIPPED canary pipeline[2m > [22m[2mNEGATIVE control — an all-honest mesh (R also forwards everything) produces NO slash
[22m[39m{"timestamp":"2026-06-22T06:19:19.212Z","level":"INFO","source":"frontend","module":"webrtc/sframe-transform","message":"encrypted frame","context":{"kid":9,"ctr":2,"byteLength":62,"codecOffset":10}}

[90mstdout[2m | apps/validator-daemon/src/canary/__tests__/mesh-byzantine.test.ts[2m > [22m[2mREQ-RMS-017 — Byzantine under-server attributed to R via the SHIPPED canary pipeline[2m > [22m[2mNEGATIVE control — an all-honest mesh (R also forwards everything) produces NO slash
[22m[39m{"timestamp":"2026-06-22T06:19:19.213Z","level":"INFO","source":"frontend","module":"webrtc/sframe-transform","message":"encrypted frame","context":{"kid":9,"ctr":3,"byteLength":62,"codecOffset":10}}

[90mstdout[2m | apps/validator-daemon/src/canary/__tests__/mesh-byzantine.test.ts[2m > [22m[2mREQ-RMS-017 — Byzantine under-server attributed to R via the SHIPPED canary pipeline[2m > [22m[2mNEGATIVE control — an all-honest mesh (R also forwards everything) produces NO slash
[22m[39m{"timestamp":"2026-06-22T06:19:19.213Z","level":"INFO","source":"frontend","module":"webrtc/sframe-transform","message":"encrypted frame","context":{"kid":9,"ctr":4,"byteLength":62,"codecOffset":10}}

[90mstdout[2m | apps/validator-daemon/src/canary/__tests__/mesh-byzantine.test.ts[2m > [22m[2mREQ-RMS-017 — Byzantine under-server attributed to R via the SHIPPED canary pipeline[2m > [22m[2mNEGATIVE control — an all-honest mesh (R also forwards everything) produces NO slash
[22m[39m{"timestamp":"2026-06-22T06:19:19.213Z","level":"INFO","source":"frontend","module":"webrtc/sframe-transform","message":"encrypted frame","context":{"kid":9,"ctr":5,"byteLength":62,"codecOffset":10}}

[90mstdout[2m | apps/validator-daemon/src/canary/__tests__/mesh-byzantine.test.ts[2m > [22m[2mREQ-RMS-017 — Byzantine under-server attributed to R via the SHIPPED canary pipeline[2m > [22m[2mNEGATIVE control — an all-honest mesh (R also forwards everything) produces NO slash
[22m[39m{"timestamp":"2026-06-22T06:19:19.214Z","level":"INFO","source":"frontend","module":"webrtc/sframe-transform","message":"encrypted frame","context":{"kid":9,"ctr":6,"byteLength":62,"codecOffset":10}}

[90mstdout[2m | apps/validator-daemon/src/canary/__tests__/mesh-byzantine.test.ts[2m > [22m[2mREQ-RMS-017 — Byzantine under-server attributed to R via the SHIPPED canary pipeline[2m > [22m[2mNEGATIVE control — an all-honest mesh (R also forwards everything) produces NO slash
[22m[39m{"timestamp":"2026-06-22T06:19:19.214Z","level":"INFO","source":"frontend","module":"webrtc/sframe-transform","message":"encrypted frame","context":{"kid":9,"ctr":7,"byteLength":62,"codecOffset":10}}

[90mstdout[2m | apps/validator-daemon/src/canary/__tests__/mesh-byzantine.test.ts[2m > [22m[2mREQ-RMS-017 — Byzantine under-server attributed to R via the SHIPPED canary pipeline[2m > [22m[2mNEGATIVE control — an all-honest mesh (R also forwards everything) produces NO slash
[22m[39m{"timestamp":"2026-06-22T06:19:19.215Z","level":"INFO","source":"frontend","module":"webrtc/sframe-transform","message":"encrypted frame","context":{"kid":9,"ctr":0,"byteLength":62,"codecOffset":10}}

[90mstdout[2m | apps/validator-daemon/src/canary/__tests__/mesh-byzantine.test.ts[2m > [22m[2mREQ-RMS-017 — Byzantine under-server attributed to R via the SHIPPED canary pipeline[2m > [22m[2mNEGATIVE control — an all-honest mesh (R also forwards everything) produces NO slash
[22m[39m{"timestamp":"2026-06-22T06:19:19.215Z","level":"INFO","source":"frontend","module":"webrtc/sframe-transform","message":"encrypted frame","context":{"kid":9,"ctr":1,"byteLength":62,"codecOffset":10}}

[90mstdout[2m | apps/validator-daemon/src/canary/__tests__/mesh-byzantine.test.ts[2m > [22m[2mREQ-RMS-017 — Byzantine under-server attributed to R via the SHIPPED canary pipeline[2m > [22m[2mNEGATIVE control — an all-honest mesh (R also forwards everything) produces NO slash
[22m[39m{"timestamp":"2026-06-22T06:19:19.216Z","level":"INFO","source":"frontend","module":"webrtc/sframe-transform","message":"encrypted frame","context":{"kid":9,"ctr":2,"byteLength":62,"codecOffset":10}}

[90mstdout[2m | apps/validator-daemon/src/canary/__tests__/mesh-byzantine.test.ts[2m > [22m[2mREQ-RMS-017 — Byzantine under-server attributed to R via the SHIPPED canary pipeline[2m > [22m[2mNEGATIVE control — an all-honest mesh (R also forwards everything) produces NO slash
[22m[39m{"timestamp":"2026-06-22T06:19:19.216Z","level":"INFO","source":"frontend","module":"webrtc/sframe-transform","message":"encrypted frame","context":{"kid":9,"ctr":3,"byteLength":62,"codecOffset":10}}

[90mstdout[2m | apps/validator-daemon/src/canary/__tests__/mesh-byzantine.test.ts[2m > [22m[2mREQ-RMS-017 — Byzantine under-server attributed to R via the SHIPPED canary pipeline[2m > [22m[2mNEGATIVE control — an all-honest mesh (R also forwards everything) produces NO slash
[22m[39m{"timestamp":"2026-06-22T06:19:19.216Z","level":"INFO","source":"frontend","module":"webrtc/sframe-transform","message":"encrypted frame","context":{"kid":9,"ctr":4,"byteLength":62,"codecOffset":10}}

[90mstdout[2m | apps/validator-daemon/src/canary/__tests__/mesh-byzantine.test.ts[2m > [22m[2mREQ-RMS-017 — Byzantine under-server attributed to R via the SHIPPED canary pipeline[2m > [22m[2mNEGATIVE control — an all-honest mesh (R also forwards everything) produces NO slash
[22m[39m{"timestamp":"2026-06-22T06:19:19.217Z","level":"INFO","source":"frontend","module":"webrtc/sframe-transform","message":"encrypted frame","context":{"kid":9,"ctr":5,"byteLength":62,"codecOffset":10}}

[90mstdout[2m | apps/validator-daemon/src/canary/__tests__/mesh-byzantine.test.ts[2m > [22m[2mREQ-RMS-017 — Byzantine under-server attributed to R via the SHIPPED canary pipeline[2m > [22m[2mNEGATIVE control — an all-honest mesh (R also forwards everything) produces NO slash
[22m[39m{"timestamp":"2026-06-22T06:19:19.217Z","level":"INFO","source":"frontend","module":"webrtc/sframe-transform","message":"encrypted frame","context":{"kid":9,"ctr":6,"byteLength":62,"codecOffset":10}}

[90mstdout[2m | apps/validator-daemon/src/canary/__tests__/mesh-byzantine.test.ts[2m > [22m[2mREQ-RMS-017 — Byzantine under-server attributed to R via the SHIPPED canary pipeline[2m > [22m[2mNEGATIVE control — an all-honest mesh (R also forwards everything) produces NO slash
[22m[39m{"timestamp":"2026-06-22T06:19:19.218Z","level":"INFO","source":"frontend","module":"webrtc/sframe-transform","message":"encrypted frame","context":{"kid":9,"ctr":7,"byteLength":62,"codecOffset":10}}

{"level":30,"time":1782109159218,"pid":29576,"hostname":"Quang","name":"canary/verifier","canaryKid":9,"mediaPackets":8,"byteIdentical":8,"divergences":0,"msg":"canary forwarding verified"}
[90mstdout[2m | apps/validator-daemon/src/canary/__tests__/mesh-byzantine.test.ts[2m > [22m[2mREQ-RMS-017 — Byzantine under-server attributed to R via the SHIPPED canary pipeline[2m > [22m[2mNEGATIVE control — an all-honest mesh (R also forwards everything) produces NO slash
[22m[39m{"timestamp":"2026-06-22T06:19:19.219Z","level":"INFO","source":"frontend","module":"webrtc/sframe-transform","message":"encrypted frame","context":{"kid":9,"ctr":0,"byteLength":62,"codecOffset":10}}

[90mstdout[2m | apps/validator-daemon/src/canary/__tests__/mesh-byzantine.test.ts[2m > [22m[2mREQ-RMS-017 — Byzantine under-server attributed to R via the SHIPPED canary pipeline[2m > [22m[2mNEGATIVE control — an all-honest mesh (R also forwards everything) produces NO slash
[22m[39m{"timestamp":"2026-06-22T06:19:19.220Z","level":"INFO","source":"frontend","module":"webrtc/sframe-transform","message":"encrypted frame","context":{"kid":9,"ctr":1,"byteLength":62,"codecOffset":10}}

[90mstdout[2m | apps/validator-daemon/src/canary/__tests__/mesh-byzantine.test.ts[2m > [22m[2mREQ-RMS-017 — Byzantine under-server attributed to R via the SHIPPED canary pipeline[2m > [22m[2mNEGATIVE control — an all-honest mesh (R also forwards everything) produces NO slash
[22m[39m{"timestamp":"2026-06-22T06:19:19.220Z","level":"INFO","source":"frontend","module":"webrtc/sframe-transform","message":"encrypted frame","context":{"kid":9,"ctr":2,"byteLength":62,"codecOffset":10}}

[90mstdout[2m | apps/validator-daemon/src/canary/__tests__/mesh-byzantine.test.ts[2m > [22m[2mREQ-RMS-017 — Byzantine under-server attributed to R via the SHIPPED canary pipeline[2m > [22m[2mNEGATIVE control — an all-honest mesh (R also forwards everything) produces NO slash
[22m[39m{"timestamp":"2026-06-22T06:19:19.221Z","level":"INFO","source":"frontend","module":"webrtc/sframe-transform","message":"encrypted frame","context":{"kid":9,"ctr":3,"byteLength":62,"codecOffset":10}}

[90mstdout[2m | apps/validator-daemon/src/canary/__tests__/mesh-byzantine.test.ts[2m > [22m[2mREQ-RMS-017 — Byzantine under-server attributed to R via the SHIPPED canary pipeline[2m > [22m[2mNEGATIVE control — an all-honest mesh (R also forwards everything) produces NO slash
[22m[39m{"timestamp":"2026-06-22T06:19:19.221Z","level":"INFO","source":"frontend","module":"webrtc/sframe-transform","message":"encrypted frame","context":{"kid":9,"ctr":4,"byteLength":62,"codecOffset":10}}

[90mstdout[2m | apps/validator-daemon/src/canary/__tests__/mesh-byzantine.test.ts[2m > [22m[2mREQ-RMS-017 — Byzantine under-server attributed to R via the SHIPPED canary pipeline[2m > [22m[2mNEGATIVE control — an all-honest mesh (R also forwards everything) produces NO slash
[22m[39m{"timestamp":"2026-06-22T06:19:19.222Z","level":"INFO","source":"frontend","module":"webrtc/sframe-transform","message":"encrypted frame","context":{"kid":9,"ctr":5,"byteLength":62,"codecOffset":10}}

[90mstdout[2m | apps/validator-daemon/src/canary/__tests__/mesh-byzantine.test.ts[2m > [22m[2mREQ-RMS-017 — Byzantine under-server attributed to R via the SHIPPED canary pipeline[2m > [22m[2mNEGATIVE control — an all-honest mesh (R also forwards everything) produces NO slash
[22m[39m{"timestamp":"2026-06-22T06:19:19.222Z","level":"INFO","source":"frontend","module":"webrtc/sframe-transform","message":"encrypted frame","context":{"kid":9,"ctr":6,"byteLength":62,"codecOffset":10}}

[90mstdout[2m | apps/validator-daemon/src/canary/__tests__/mesh-byzantine.test.ts[2m > [22m[2mREQ-RMS-017 — Byzantine under-server attributed to R via the SHIPPED canary pipeline[2m > [22m[2mNEGATIVE control — an all-honest mesh (R also forwards everything) produces NO slash
[22m[39m{"timestamp":"2026-06-22T06:19:19.223Z","level":"INFO","source":"frontend","module":"webrtc/sframe-transform","message":"encrypted frame","context":{"kid":9,"ctr":7,"byteLength":62,"codecOffset":10}}

{"level":30,"time":1782109159223,"pid":29576,"hostname":"Quang","name":"canary/verifier","canaryKid":9,"mediaPackets":8,"byteIdentical":8,"divergences":0,"msg":"canary forwarding verified"}
{"level":30,"time":1782109159223,"pid":29576,"hostname":"Quang","name":"canary/loss-classifier","relayMinerId":"relay-honest-R2","promoted":0,"absorbed":0,"tampers":0,"cumulativeCrossed":false,"msg":"canary divergences classified (drop gate / tamper p=1)"}
{"level":30,"time":1782109159223,"pid":29576,"hostname":"Quang","name":"canary/verify-loop","round":0,"relayMinerId":"relay-honest-R2","roomId":"mesh-room","perReceiver":2,"promoted":0,"absorbed":0,"stunLossBps":"0","msg":"canary verify round classified (hermetic half — synthetic capture, STUN read live)"}
[90mstdout[2m | apps/validator-daemon/src/canary/__tests__/mesh-byzantine.test.ts[2m > [22m[2mREQ-RMS-017 — Byzantine under-server attributed to R via the SHIPPED canary pipeline[2m > [22m[2mNEGATIVE control — an all-honest mesh (R also forwards everything) produces NO slash
[22m[39m{"timestamp":"2026-06-22T06:19:19.224Z","level":"INFO","source":"frontend","module":"webrtc/sframe-transform","message":"encrypted frame","context":{"kid":9,"ctr":0,"byteLength":62,"codecOffset":10}}

[90mstdout[2m | apps/validator-daemon/src/canary/__tests__/mesh-byzantine.test.ts[2m > [22m[2mREQ-RMS-017 — Byzantine under-server attributed to R via the SHIPPED canary pipeline[2m > [22m[2mNEGATIVE control — an all-honest mesh (R also forwards everything) produces NO slash
[22m[39m{"timestamp":"2026-06-22T06:19:19.224Z","level":"INFO","source":"frontend","module":"webrtc/sframe-transform","message":"encrypted frame","context":{"kid":9,"ctr":1,"byteLength":62,"codecOffset":10}}

[90mstdout[2m | apps/validator-daemon/src/canary/__tests__/mesh-byzantine.test.ts[2m > [22m[2mREQ-RMS-017 — Byzantine under-server attributed to R via the SHIPPED canary pipeline[2m > [22m[2mNEGATIVE control — an all-honest mesh (R also forwards everything) produces NO slash
[22m[39m{"timestamp":"2026-06-22T06:19:19.224Z","level":"INFO","source":"frontend","module":"webrtc/sframe-transform","message":"encrypted frame","context":{"kid":9,"ctr":2,"byteLength":62,"codecOffset":10}}

[90mstdout[2m | apps/validator-daemon/src/canary/__tests__/mesh-byzantine.test.ts[2m > [22m[2mREQ-RMS-017 — Byzantine under-server attributed to R via the SHIPPED canary pipeline[2m > [22m[2mNEGATIVE control — an all-honest mesh (R also forwards everything) produces NO slash
[22m[39m{"timestamp":"2026-06-22T06:19:19.225Z","level":"INFO","source":"frontend","module":"webrtc/sframe-transform","message":"encrypted frame","context":{"kid":9,"ctr":3,"byteLength":62,"codecOffset":10}}

[90mstdout[2m | apps/validator-daemon/src/canary/__tests__/mesh-byzantine.test.ts[2m > [22m[2mREQ-RMS-017 — Byzantine under-server attributed to R via the SHIPPED canary pipeline[2m > [22m[2mNEGATIVE control — an all-honest mesh (R also forwards everything) produces NO slash
[22m[39m{"timestamp":"2026-06-22T06:19:19.225Z","level":"INFO","source":"frontend","module":"webrtc/sframe-transform","message":"encrypted frame","context":{"kid":9,"ctr":4,"byteLength":62,"codecOffset":10}}

[90mstdout[2m | apps/validator-daemon/src/canary/__tests__/mesh-byzantine.test.ts[2m > [22m[2mREQ-RMS-017 — Byzantine under-server attributed to R via the SHIPPED canary pipeline[2m > [22m[2mNEGATIVE control — an all-honest mesh (R also forwards everything) produces NO slash
[22m[39m{"timestamp":"2026-06-22T06:19:19.226Z","level":"INFO","source":"frontend","module":"webrtc/sframe-transform","message":"encrypted frame","context":{"kid":9,"ctr":5,"byteLength":62,"codecOffset":10}}

[90mstdout[2m | apps/validator-daemon/src/canary/__tests__/mesh-byzantine.test.ts[2m > [22m[2mREQ-RMS-017 — Byzantine under-server attributed to R via the SHIPPED canary pipeline[2m > [22m[2mNEGATIVE control — an all-honest mesh (R also forwards everything) produces NO slash
[22m[39m{"timestamp":"2026-06-22T06:19:19.226Z","level":"INFO","source":"frontend","module":"webrtc/sframe-transform","message":"encrypted frame","context":{"kid":9,"ctr":6,"byteLength":62,"codecOffset":10}}

[90mstdout[2m | apps/validator-daemon/src/canary/__tests__/mesh-byzantine.test.ts[2m > [22m[2mREQ-RMS-017 — Byzantine under-server attributed to R via the SHIPPED canary pipeline[2m > [22m[2mNEGATIVE control — an all-honest mesh (R also forwards everything) produces NO slash
[22m[39m{"timestamp":"2026-06-22T06:19:19.226Z","level":"INFO","source":"frontend","module":"webrtc/sframe-transform","message":"encrypted frame","context":{"kid":9,"ctr":7,"byteLength":62,"codecOffset":10}}

[90mstdout[2m | apps/validator-daemon/src/canary/__tests__/mesh-byzantine.test.ts[2m > [22m[2mREQ-RMS-017 — Byzantine under-server attributed to R via the SHIPPED canary pipeline[2m > [22m[2mNEGATIVE control — an all-honest mesh (R also forwards everything) produces NO slash
[22m[39m{"timestamp":"2026-06-22T06:19:19.227Z","level":"INFO","source":"frontend","module":"webrtc/sframe-transform","message":"encrypted frame","context":{"kid":9,"ctr":0,"byteLength":62,"codecOffset":10}}

[90mstdout[2m | apps/validator-daemon/src/canary/__tests__/mesh-byzantine.test.ts[2m > [22m[2mREQ-RMS-017 — Byzantine under-server attributed to R via the SHIPPED canary pipeline[2m > [22m[2mNEGATIVE control — an all-honest mesh (R also forwards everything) produces NO slash
[22m[39m{"timestamp":"2026-06-22T06:19:19.227Z","level":"INFO","source":"frontend","module":"webrtc/sframe-transform","message":"encrypted frame","context":{"kid":9,"ctr":1,"byteLength":62,"codecOffset":10}}

[90mstdout[2m | apps/validator-daemon/src/canary/__tests__/mesh-byzantine.test.ts[2m > [22m[2mREQ-RMS-017 — Byzantine under-server attributed to R via the SHIPPED canary pipeline[2m > [22m[2mNEGATIVE control — an all-honest mesh (R also forwards everything) produces NO slash
[22m[39m{"timestamp":"2026-06-22T06:19:19.228Z","level":"INFO","source":"frontend","module":"webrtc/sframe-transform","message":"encrypted frame","context":{"kid":9,"ctr":2,"byteLength":62,"codecOffset":10}}

[90mstdout[2m | apps/validator-daemon/src/canary/__tests__/mesh-byzantine.test.ts[2m > [22m[2mREQ-RMS-017 — Byzantine under-server attributed to R via the SHIPPED canary pipeline[2m > [22m[2mNEGATIVE control — an all-honest mesh (R also forwards everything) produces NO slash
[22m[39m{"timestamp":"2026-06-22T06:19:19.228Z","level":"INFO","source":"frontend","module":"webrtc/sframe-transform","message":"encrypted frame","context":{"kid":9,"ctr":3,"byteLength":62,"codecOffset":10}}

[90mstdout[2m | apps/validator-daemon/src/canary/__tests__/mesh-byzantine.test.ts[2m > [22m[2mREQ-RMS-017 — Byzantine under-server attributed to R via the SHIPPED canary pipeline[2m > [22m[2mNEGATIVE control — an all-honest mesh (R also forwards everything) produces NO slash
[22m[39m{"timestamp":"2026-06-22T06:19:19.229Z","level":"INFO","source":"frontend","module":"webrtc/sframe-transform","message":"encrypted frame","context":{"kid":9,"ctr":4,"byteLength":62,"codecOffset":10}}

[90mstdout[2m | apps/validator-daemon/src/canary/__tests__/mesh-byzantine.test.ts[2m > [22m[2mREQ-RMS-017 — Byzantine under-server attributed to R via the SHIPPED canary pipeline[2m > [22m[2mNEGATIVE control — an all-honest mesh (R also forwards everything) produces NO slash
[22m[39m{"timestamp":"2026-06-22T06:19:19.229Z","level":"INFO","source":"frontend","module":"webrtc/sframe-transform","message":"encrypted frame","context":{"kid":9,"ctr":5,"byteLength":62,"codecOffset":10}}

[90mstdout[2m | apps/validator-daemon/src/canary/__tests__/mesh-byzantine.test.ts[2m > [22m[2mREQ-RMS-017 — Byzantine under-server attributed to R via the SHIPPED canary pipeline[2m > [22m[2mNEGATIVE control — an all-honest mesh (R also forwards everything) produces NO slash
[22m[39m{"timestamp":"2026-06-22T06:19:19.230Z","level":"INFO","source":"frontend","module":"webrtc/sframe-transform","message":"encrypted frame","context":{"kid":9,"ctr":6,"byteLength":62,"codecOffset":10}}

[90mstdout[2m | apps/validator-daemon/src/canary/__tests__/mesh-byzantine.test.ts[2m > [22m[2mREQ-RMS-017 — Byzantine under-server attributed to R via the SHIPPED canary pipeline[2m > [22m[2mNEGATIVE control — an all-honest mesh (R also forwards everything) produces NO slash
[22m[39m{"timestamp":"2026-06-22T06:19:19.231Z","level":"INFO","source":"frontend","module":"webrtc/sframe-transform","message":"encrypted frame","context":{"kid":9,"ctr":7,"byteLength":62,"codecOffset":10}}

{"level":30,"time":1782109159231,"pid":29576,"hostname":"Quang","name":"canary/verifier","canaryKid":9,"mediaPackets":8,"byteIdentical":8,"divergences":0,"msg":"canary forwarding verified"}
[90mstdout[2m | apps/validator-daemon/src/canary/__tests__/mesh-byzantine.test.ts[2m > [22m[2mREQ-RMS-017 — Byzantine under-server attributed to R via the SHIPPED canary pipeline[2m > [22m[2mNEGATIVE control — an all-honest mesh (R also forwards everything) produces NO slash
[22m[39m{"timestamp":"2026-06-22T06:19:19.231Z","level":"INFO","source":"frontend","module":"webrtc/sframe-transform","message":"encrypted frame","context":{"kid":9,"ctr":0,"byteLength":62,"codecOffset":10}}

[90mstdout[2m | apps/validator-daemon/src/canary/__tests__/mesh-byzantine.test.ts[2m > [22m[2mREQ-RMS-017 — Byzantine under-server attributed to R via the SHIPPED canary pipeline[2m > [22m[2mNEGATIVE control — an all-honest mesh (R also forwards everything) produces NO slash
[22m[39m{"timestamp":"2026-06-22T06:19:19.232Z","level":"INFO","source":"frontend","module":"webrtc/sframe-transform","message":"encrypted frame","context":{"kid":9,"ctr":1,"byteLength":62,"codecOffset":10}}

[90mstdout[2m | apps/validator-daemon/src/canary/__tests__/mesh-byzantine.test.ts[2m > [22m[2mREQ-RMS-017 — Byzantine under-server attributed to R via the SHIPPED canary pipeline[2m > [22m[2mNEGATIVE control — an all-honest mesh (R also forwards everything) produces NO slash
[22m[39m{"timestamp":"2026-06-22T06:19:19.233Z","level":"INFO","source":"frontend","module":"webrtc/sframe-transform","message":"encrypted frame","context":{"kid":9,"ctr":2,"byteLength":62,"codecOffset":10}}

[90mstdout[2m | apps/validator-daemon/src/canary/__tests__/mesh-byzantine.test.ts[2m > [22m[2mREQ-RMS-017 — Byzantine under-server attributed to R via the SHIPPED canary pipeline[2m > [22m[2mNEGATIVE control — an all-honest mesh (R also forwards everything) produces NO slash
[22m[39m{"timestamp":"2026-06-22T06:19:19.234Z","level":"INFO","source":"frontend","module":"webrtc/sframe-transform","message":"encrypted frame","context":{"kid":9,"ctr":3,"byteLength":62,"codecOffset":10}}

[90mstdout[2m | apps/validator-daemon/src/canary/__tests__/mesh-byzantine.test.ts[2m > [22m[2mREQ-RMS-017 — Byzantine under-server attributed to R via the SHIPPED canary pipeline[2m > [22m[2mNEGATIVE control — an all-honest mesh (R also forwards everything) produces NO slash
[22m[39m{"timestamp":"2026-06-22T06:19:19.235Z","level":"INFO","source":"frontend","module":"webrtc/sframe-transform","message":"encrypted frame","context":{"kid":9,"ctr":4,"byteLength":62,"codecOffset":10}}

[90mstdout[2m | apps/validator-daemon/src/canary/__tests__/mesh-byzantine.test.ts[2m > [22m[2mREQ-RMS-017 — Byzantine under-server attributed to R via the SHIPPED canary pipeline[2m > [22m[2mNEGATIVE control — an all-honest mesh (R also forwards everything) produces NO slash
[22m[39m{"timestamp":"2026-06-22T06:19:19.235Z","level":"INFO","source":"frontend","module":"webrtc/sframe-transform","message":"encrypted frame","context":{"kid":9,"ctr":5,"byteLength":62,"codecOffset":10}}

[90mstdout[2m | apps/validator-daemon/src/canary/__tests__/mesh-byzantine.test.ts[2m > [22m[2mREQ-RMS-017 — Byzantine under-server attributed to R via the SHIPPED canary pipeline[2m > [22m[2mNEGATIVE control — an all-honest mesh (R also forwards everything) produces NO slash
[22m[39m{"timestamp":"2026-06-22T06:19:19.235Z","level":"INFO","source":"frontend","module":"webrtc/sframe-transform","message":"encrypted frame","context":{"kid":9,"ctr":6,"byteLength":62,"codecOffset":10}}

[90mstdout[2m | apps/validator-daemon/src/canary/__tests__/mesh-byzantine.test.ts[2m > [22m[2mREQ-RMS-017 — Byzantine under-server attributed to R via the SHIPPED canary pipeline[2m > [22m[2mNEGATIVE control — an all-honest mesh (R also forwards everything) produces NO slash
[22m[39m{"timestamp":"2026-06-22T06:19:19.236Z","level":"INFO","source":"frontend","module":"webrtc/sframe-transform","message":"encrypted frame","context":{"kid":9,"ctr":7,"byteLength":62,"codecOffset":10}}

{"level":30,"time":1782109159236,"pid":29576,"hostname":"Quang","name":"canary/verifier","canaryKid":9,"mediaPackets":8,"byteIdentical":8,"divergences":0,"msg":"canary forwarding verified"}
{"level":30,"time":1782109159236,"pid":29576,"hostname":"Quang","name":"canary/loss-classifier","relayMinerId":"relay-byzantine-R","promoted":0,"absorbed":0,"tampers":0,"cumulativeCrossed":false,"msg":"canary divergences classified (drop gate / tamper p=1)"}
{"level":30,"time":1782109159236,"pid":29576,"hostname":"Quang","name":"canary/verify-loop","round":1,"relayMinerId":"relay-byzantine-R","roomId":"mesh-room","perReceiver":2,"promoted":0,"absorbed":0,"stunLossBps":"0","msg":"canary verify round classified (hermetic half — synthetic capture, STUN read live)"}
[90mstdout[2m | apps/validator-daemon/src/canary/__tests__/mesh-byzantine.test.ts[2m > [22m[2mREQ-RMS-017 — Byzantine under-server attributed to R via the SHIPPED canary pipeline[2m > [22m[2mNEGATIVE control — an all-honest mesh (R also forwards everything) produces NO slash
[22m[39m{"timestamp":"2026-06-22T06:19:19.236Z","level":"INFO","source":"frontend","module":"webrtc/sframe-transform","message":"encrypted frame","context":{"kid":9,"ctr":0,"byteLength":62,"codecOffset":10}}

[90mstdout[2m | apps/validator-daemon/src/canary/__tests__/mesh-byzantine.test.ts[2m > [22m[2mREQ-RMS-017 — Byzantine under-server attributed to R via the SHIPPED canary pipeline[2m > [22m[2mNEGATIVE control — an all-honest mesh (R also forwards everything) produces NO slash
[22m[39m{"timestamp":"2026-06-22T06:19:19.237Z","level":"INFO","source":"frontend","module":"webrtc/sframe-transform","message":"encrypted frame","context":{"kid":9,"ctr":1,"byteLength":62,"codecOffset":10}}

[90mstdout[2m | apps/validator-daemon/src/canary/__tests__/mesh-byzantine.test.ts[2m > [22m[2mREQ-RMS-017 — Byzantine under-server attributed to R via the SHIPPED canary pipeline[2m > [22m[2mNEGATIVE control — an all-honest mesh (R also forwards everything) produces NO slash
[22m[39m{"timestamp":"2026-06-22T06:19:19.237Z","level":"INFO","source":"frontend","module":"webrtc/sframe-transform","message":"encrypted frame","context":{"kid":9,"ctr":2,"byteLength":62,"codecOffset":10}}

[90mstdout[2m | apps/validator-daemon/src/canary/__tests__/mesh-byzantine.test.ts[2m > [22m[2mREQ-RMS-017 — Byzantine under-server attributed to R via the SHIPPED canary pipeline[2m > [22m[2mNEGATIVE control — an all-honest mesh (R also forwards everything) produces NO slash
[22m[39m{"timestamp":"2026-06-22T06:19:19.238Z","level":"INFO","source":"frontend","module":"webrtc/sframe-transform","message":"encrypted frame","context":{"kid":9,"ctr":3,"byteLength":62,"codecOffset":10}}

[90mstdout[2m | apps/validator-daemon/src/canary/__tests__/mesh-byzantine.test.ts[2m > [22m[2mREQ-RMS-017 — Byzantine under-server attributed to R via the SHIPPED canary pipeline[2m > [22m[2mNEGATIVE control — an all-honest mesh (R also forwards everything) produces NO slash
[22m[39m{"timestamp":"2026-06-22T06:19:19.239Z","level":"INFO","source":"frontend","module":"webrtc/sframe-transform","message":"encrypted frame","context":{"kid":9,"ctr":4,"byteLength":62,"codecOffset":10}}

[90mstdout[2m | apps/validator-daemon/src/canary/__tests__/mesh-byzantine.test.ts[2m > [22m[2mREQ-RMS-017 — Byzantine under-server attributed to R via the SHIPPED canary pipeline[2m > [22m[2mNEGATIVE control — an all-honest mesh (R also forwards everything) produces NO slash
[22m[39m{"timestamp":"2026-06-22T06:19:19.240Z","level":"INFO","source":"frontend","module":"webrtc/sframe-transform","message":"encrypted frame","context":{"kid":9,"ctr":5,"byteLength":62,"codecOffset":10}}

[90mstdout[2m | apps/validator-daemon/src/canary/__tests__/mesh-byzantine.test.ts[2m > [22m[2mREQ-RMS-017 — Byzantine under-server attributed to R via the SHIPPED canary pipeline[2m > [22m[2mNEGATIVE control — an all-honest mesh (R also forwards everything) produces NO slash
[22m[39m{"timestamp":"2026-06-22T06:19:19.240Z","level":"INFO","source":"frontend","module":"webrtc/sframe-transform","message":"encrypted frame","context":{"kid":9,"ctr":6,"byteLength":62,"codecOffset":10}}

[90mstdout[2m | apps/validator-daemon/src/canary/__tests__/mesh-byzantine.test.ts[2m > [22m[2mREQ-RMS-017 — Byzantine under-server attributed to R via the SHIPPED canary pipeline[2m > [22m[2mNEGATIVE control — an all-honest mesh (R also forwards everything) produces NO slash
[22m[39m{"timestamp":"2026-06-22T06:19:19.241Z","level":"INFO","source":"frontend","module":"webrtc/sframe-transform","message":"encrypted frame","context":{"kid":9,"ctr":7,"byteLength":62,"codecOffset":10}}

[90mstdout[2m | apps/validator-daemon/src/canary/__tests__/mesh-byzantine.test.ts[2m > [22m[2mREQ-RMS-017 — Byzantine under-server attributed to R via the SHIPPED canary pipeline[2m > [22m[2mNEGATIVE control — an all-honest mesh (R also forwards everything) produces NO slash
[22m[39m{"timestamp":"2026-06-22T06:19:19.241Z","level":"INFO","source":"frontend","module":"webrtc/sframe-transform","message":"encrypted frame","context":{"kid":9,"ctr":0,"byteLength":62,"codecOffset":10}}

[90mstdout[2m | apps/validator-daemon/src/canary/__tests__/mesh-byzantine.test.ts[2m > [22m[2mREQ-RMS-017 — Byzantine under-server attributed to R via the SHIPPED canary pipeline[2m > [22m[2mNEGATIVE control — an all-honest mesh (R also forwards everything) produces NO slash
[22m[39m{"timestamp":"2026-06-22T06:19:19.242Z","level":"INFO","source":"frontend","module":"webrtc/sframe-transform","message":"encrypted frame","context":{"kid":9,"ctr":1,"byteLength":62,"codecOffset":10}}

[90mstdout[2m | apps/validator-daemon/src/canary/__tests__/mesh-byzantine.test.ts[2m > [22m[2mREQ-RMS-017 — Byzantine under-server attributed to R via the SHIPPED canary pipeline[2m > [22m[2mNEGATIVE control — an all-honest mesh (R also forwards everything) produces NO slash
[22m[39m{"timestamp":"2026-06-22T06:19:19.243Z","level":"INFO","source":"frontend","module":"webrtc/sframe-transform","message":"encrypted frame","context":{"kid":9,"ctr":2,"byteLength":62,"codecOffset":10}}

[90mstdout[2m | apps/validator-daemon/src/canary/__tests__/mesh-byzantine.test.ts[2m > [22m[2mREQ-RMS-017 — Byzantine under-server attributed to R via the SHIPPED canary pipeline[2m > [22m[2mNEGATIVE control — an all-honest mesh (R also forwards everything) produces NO slash
[22m[39m{"timestamp":"2026-06-22T06:19:19.243Z","level":"INFO","source":"frontend","module":"webrtc/sframe-transform","message":"encrypted frame","context":{"kid":9,"ctr":3,"byteLength":62,"codecOffset":10}}

[90mstdout[2m | apps/validator-daemon/src/canary/__tests__/mesh-byzantine.test.ts[2m > [22m[2mREQ-RMS-017 — Byzantine under-server attributed to R via the SHIPPED canary pipeline[2m > [22m[2mNEGATIVE control — an all-honest mesh (R also forwards everything) produces NO slash
[22m[39m{"timestamp":"2026-06-22T06:19:19.244Z","level":"INFO","source":"frontend","module":"webrtc/sframe-transform","message":"encrypted frame","context":{"kid":9,"ctr":4,"byteLength":62,"codecOffset":10}}

[90mstdout[2m | apps/validator-daemon/src/canary/__tests__/mesh-byzantine.test.ts[2m > [22m[2mREQ-RMS-017 — Byzantine under-server attributed to R via the SHIPPED canary pipeline[2m > [22m[2mNEGATIVE control — an all-honest mesh (R also forwards everything) produces NO slash
[22m[39m{"timestamp":"2026-06-22T06:19:19.244Z","level":"INFO","source":"frontend","module":"webrtc/sframe-transform","message":"encrypted frame","context":{"kid":9,"ctr":5,"byteLength":62,"codecOffset":10}}

[90mstdout[2m | apps/validator-daemon/src/canary/__tests__/mesh-byzantine.test.ts[2m > [22m[2mREQ-RMS-017 — Byzantine under-server attributed to R via the SHIPPED canary pipeline[2m > [22m[2mNEGATIVE control — an all-honest mesh (R also forwards everything) produces NO slash
[22m[39m{"timestamp":"2026-06-22T06:19:19.245Z","level":"INFO","source":"frontend","module":"webrtc/sframe-transform","message":"encrypted frame","context":{"kid":9,"ctr":6,"byteLength":62,"codecOffset":10}}

[90mstdout[2m | apps/validator-daemon/src/canary/__tests__/mesh-byzantine.test.ts[2m > [22m[2mREQ-RMS-017 — Byzantine under-server attributed to R via the SHIPPED canary pipeline[2m > [22m[2mNEGATIVE control — an all-honest mesh (R also forwards everything) produces NO slash
[22m[39m{"timestamp":"2026-06-22T06:19:19.245Z","level":"INFO","source":"frontend","module":"webrtc/sframe-transform","message":"encrypted frame","context":{"kid":9,"ctr":7,"byteLength":62,"codecOffset":10}}

{"level":30,"time":1782109159245,"pid":29576,"hostname":"Quang","name":"canary/verifier","canaryKid":9,"mediaPackets":8,"byteIdentical":8,"divergences":0,"msg":"canary forwarding verified"}
[90mstdout[2m | apps/validator-daemon/src/canary/__tests__/mesh-byzantine.test.ts[2m > [22m[2mREQ-RMS-017 — Byzantine under-server attributed to R via the SHIPPED canary pipeline[2m > [22m[2mNEGATIVE control — an all-honest mesh (R also forwards everything) produces NO slash
[22m[39m{"timestamp":"2026-06-22T06:19:19.246Z","level":"INFO","source":"frontend","module":"webrtc/sframe-transform","message":"encrypted frame","context":{"kid":9,"ctr":0,"byteLength":62,"codecOffset":10}}

[90mstdout[2m | apps/validator-daemon/src/canary/__tests__/mesh-byzantine.test.ts[2m > [22m[2mREQ-RMS-017 — Byzantine under-server attributed to R via the SHIPPED canary pipeline[2m > [22m[2mNEGATIVE control — an all-honest mesh (R also forwards everything) produces NO slash
[22m[39m{"timestamp":"2026-06-22T06:19:19.246Z","level":"INFO","source":"frontend","module":"webrtc/sframe-transform","message":"encrypted frame","context":{"kid":9,"ctr":1,"byteLength":62,"codecOffset":10}}

[90mstdout[2m | apps/validator-daemon/src/canary/__tests__/mesh-byzantine.test.ts[2m > [22m[2mREQ-RMS-017 — Byzantine under-server attributed to R via the SHIPPED canary pipeline[2m > [22m[2mNEGATIVE control — an all-honest mesh (R also forwards everything) produces NO slash
[22m[39m{"timestamp":"2026-06-22T06:19:19.246Z","level":"INFO","source":"frontend","module":"webrtc/sframe-transform","message":"encrypted frame","context":{"kid":9,"ctr":2,"byteLength":62,"codecOffset":10}}

[90mstdout[2m | apps/validator-daemon/src/canary/__tests__/mesh-byzantine.test.ts[2m > [22m[2mREQ-RMS-017 — Byzantine under-server attributed to R via the SHIPPED canary pipeline[2m > [22m[2mNEGATIVE control — an all-honest mesh (R also forwards everything) produces NO slash
[22m[39m{"timestamp":"2026-06-22T06:19:19.247Z","level":"INFO","source":"frontend","module":"webrtc/sframe-transform","message":"encrypted frame","context":{"kid":9,"ctr":3,"byteLength":62,"codecOffset":10}}

[90mstdout[2m | apps/validator-daemon/src/canary/__tests__/mesh-byzantine.test.ts[2m > [22m[2mREQ-RMS-017 — Byzantine under-server attributed to R via the SHIPPED canary pipeline[2m > [22m[2mNEGATIVE control — an all-honest mesh (R also forwards everything) produces NO slash
[22m[39m{"timestamp":"2026-06-22T06:19:19.247Z","level":"INFO","source":"frontend","module":"webrtc/sframe-transform","message":"encrypted frame","context":{"kid":9,"ctr":4,"byteLength":62,"codecOffset":10}}

[90mstdout[2m | apps/validator-daemon/src/canary/__tests__/mesh-byzantine.test.ts[2m > [22m[2mREQ-RMS-017 — Byzantine under-server attributed to R via the SHIPPED canary pipeline[2m > [22m[2mNEGATIVE control — an all-honest mesh (R also forwards everything) produces NO slash
[22m[39m{"timestamp":"2026-06-22T06:19:19.247Z","level":"INFO","source":"frontend","module":"webrtc/sframe-transform","message":"encrypted frame","context":{"kid":9,"ctr":5,"byteLength":62,"codecOffset":10}}

[90mstdout[2m | apps/validator-daemon/src/canary/__tests__/mesh-byzantine.test.ts[2m > [22m[2mREQ-RMS-017 — Byzantine under-server attributed to R via the SHIPPED canary pipeline[2m > [22m[2mNEGATIVE control — an all-honest mesh (R also forwards everything) produces NO slash
[22m[39m{"timestamp":"2026-06-22T06:19:19.247Z","level":"INFO","source":"frontend","module":"webrtc/sframe-transform","message":"encrypted frame","context":{"kid":9,"ctr":6,"byteLength":62,"codecOffset":10}}

{"level":30,"time":1782109159248,"pid":29576,"hostname":"Quang","name":"canary/verifier","canaryKid":9,"mediaPackets":8,"byteIdentical":8,"divergences":0,"msg":"canary forwarding verified"}
{"level":30,"time":1782109159248,"pid":29576,"hostname":"Quang","name":"canary/loss-classifier","relayMinerId":"relay-honest-R2","promoted":0,"absorbed":0,"tampers":0,"cumulativeCrossed":false,"msg":"canary divergences classified (drop gate / tamper p=1)"}
{"level":30,"time":1782109159248,"pid":29576,"hostname":"Quang","name":"canary/verify-loop","round":1,"relayMinerId":"relay-honest-R2","roomId":"mesh-room","perReceiver":2,"promoted":0,"absorbed":0,"stunLossBps":"0","msg":"canary verify round classified (hermetic half — synthetic capture, STUN read live)"}
[90mstdout[2m | apps/validator-daemon/src/canary/__tests__/mesh-byzantine.test.ts[2m > [22m[2mREQ-RMS-017 — Byzantine under-server attributed to R via the SHIPPED canary pipeline[2m > [22m[2mNEGATIVE control — an all-honest mesh (R also forwards everything) produces NO slash
[22m[39m{"timestamp":"2026-06-22T06:19:19.248Z","level":"INFO","source":"frontend","module":"webrtc/sframe-transform","message":"encrypted frame","context":{"kid":9,"ctr":7,"byteLength":62,"codecOffset":10}}

[90mstdout[2m | apps/validator-daemon/src/canary/__tests__/mesh-byzantine.test.ts[2m > [22m[2mREQ-RMS-017 — Byzantine under-server attributed to R via the SHIPPED canary pipeline[2m > [22m[2mNEGATIVE control — an all-honest mesh (R also forwards everything) produces NO slash
[22m[39m{"timestamp":"2026-06-22T06:19:19.248Z","level":"INFO","source":"frontend","module":"webrtc/sframe-transform","message":"encrypted frame","context":{"kid":9,"ctr":0,"byteLength":62,"codecOffset":10}}

[90mstdout[2m | apps/validator-daemon/src/canary/__tests__/mesh-byzantine.test.ts[2m > [22m[2mREQ-RMS-017 — Byzantine under-server attributed to R via the SHIPPED canary pipeline[2m > [22m[2mNEGATIVE control — an all-honest mesh (R also forwards everything) produces NO slash
[22m[39m{"timestamp":"2026-06-22T06:19:19.248Z","level":"INFO","source":"frontend","module":"webrtc/sframe-transform","message":"encrypted frame","context":{"kid":9,"ctr":1,"byteLength":62,"codecOffset":10}}

[90mstdout[2m | apps/validator-daemon/src/canary/__tests__/mesh-byzantine.test.ts[2m > [22m[2mREQ-RMS-017 — Byzantine under-server attributed to R via the SHIPPED canary pipeline[2m > [22m[2mNEGATIVE control — an all-honest mesh (R also forwards everything) produces NO slash
[22m[39m{"timestamp":"2026-06-22T06:19:19.249Z","level":"INFO","source":"frontend","module":"webrtc/sframe-transform","message":"encrypted frame","context":{"kid":9,"ctr":2,"byteLength":62,"codecOffset":10}}

[90mstdout[2m | apps/validator-daemon/src/canary/__tests__/mesh-byzantine.test.ts[2m > [22m[2mREQ-RMS-017 — Byzantine under-server attributed to R via the SHIPPED canary pipeline[2m > [22m[2mNEGATIVE control — an all-honest mesh (R also forwards everything) produces NO slash
[22m[39m{"timestamp":"2026-06-22T06:19:19.249Z","level":"INFO","source":"frontend","module":"webrtc/sframe-transform","message":"encrypted frame","context":{"kid":9,"ctr":3,"byteLength":62,"codecOffset":10}}

[90mstdout[2m | apps/validator-daemon/src/canary/__tests__/mesh-byzantine.test.ts[2m > [22m[2mREQ-RMS-017 — Byzantine under-server attributed to R via the SHIPPED canary pipeline[2m > [22m[2mNEGATIVE control — an all-honest mesh (R also forwards everything) produces NO slash
[22m[39m{"timestamp":"2026-06-22T06:19:19.249Z","level":"INFO","source":"frontend","module":"webrtc/sframe-transform","message":"encrypted frame","context":{"kid":9,"ctr":4,"byteLength":62,"codecOffset":10}}

[90mstdout[2m | apps/validator-daemon/src/canary/__tests__/mesh-byzantine.test.ts[2m > [22m[2mREQ-RMS-017 — Byzantine under-server attributed to R via the SHIPPED canary pipeline[2m > [22m[2mNEGATIVE control — an all-honest mesh (R also forwards everything) produces NO slash
[22m[39m{"timestamp":"2026-06-22T06:19:19.250Z","level":"INFO","source":"frontend","module":"webrtc/sframe-transform","message":"encrypted frame","context":{"kid":9,"ctr":5,"byteLength":62,"codecOffset":10}}

[90mstdout[2m | apps/validator-daemon/src/canary/__tests__/mesh-byzantine.test.ts[2m > [22m[2mREQ-RMS-017 — Byzantine under-server attributed to R via the SHIPPED canary pipeline[2m > [22m[2mNEGATIVE control — an all-honest mesh (R also forwards everything) produces NO slash
[22m[39m{"timestamp":"2026-06-22T06:19:19.250Z","level":"INFO","source":"frontend","module":"webrtc/sframe-transform","message":"encrypted frame","context":{"kid":9,"ctr":6,"byteLength":62,"codecOffset":10}}

[90mstdout[2m | apps/validator-daemon/src/canary/__tests__/mesh-byzantine.test.ts[2m > [22m[2mREQ-RMS-017 — Byzantine under-server attributed to R via the SHIPPED canary pipeline[2m > [22m[2mNEGATIVE control — an all-honest mesh (R also forwards everything) produces NO slash
[22m[39m{"timestamp":"2026-06-22T06:19:19.250Z","level":"INFO","source":"frontend","module":"webrtc/sframe-transform","message":"encrypted frame","context":{"kid":9,"ctr":7,"byteLength":62,"codecOffset":10}}

[90mstdout[2m | apps/validator-daemon/src/canary/__tests__/mesh-byzantine.test.ts[2m > [22m[2mREQ-RMS-017 — Byzantine under-server attributed to R via the SHIPPED canary pipeline[2m > [22m[2mNEGATIVE control — an all-honest mesh (R also forwards everything) produces NO slash
[22m[39m{"timestamp":"2026-06-22T06:19:19.250Z","level":"INFO","source":"frontend","module":"webrtc/sframe-transform","message":"encrypted frame","context":{"kid":9,"ctr":0,"byteLength":62,"codecOffset":10}}

[90mstdout[2m | apps/validator-daemon/src/canary/__tests__/mesh-byzantine.test.ts[2m > [22m[2mREQ-RMS-017 — Byzantine under-server attributed to R via the SHIPPED canary pipeline[2m > [22m[2mNEGATIVE control — an all-honest mesh (R also forwards everything) produces NO slash
[22m[39m{"timestamp":"2026-06-22T06:19:19.251Z","level":"INFO","source":"frontend","module":"webrtc/sframe-transform","message":"encrypted frame","context":{"kid":9,"ctr":1,"byteLength":62,"codecOffset":10}}

[90mstdout[2m | apps/validator-daemon/src/canary/__tests__/mesh-byzantine.test.ts[2m > [22m[2mREQ-RMS-017 — Byzantine under-server attributed to R via the SHIPPED canary pipeline[2m > [22m[2mNEGATIVE control — an all-honest mesh (R also forwards everything) produces NO slash
[22m[39m{"timestamp":"2026-06-22T06:19:19.251Z","level":"INFO","source":"frontend","module":"webrtc/sframe-transform","message":"encrypted frame","context":{"kid":9,"ctr":2,"byteLength":62,"codecOffset":10}}

[90mstdout[2m | apps/validator-daemon/src/canary/__tests__/mesh-byzantine.test.ts[2m > [22m[2mREQ-RMS-017 — Byzantine under-server attributed to R via the SHIPPED canary pipeline[2m > [22m[2mNEGATIVE control — an all-honest mesh (R also forwards everything) produces NO slash
[22m[39m{"timestamp":"2026-06-22T06:19:19.251Z","level":"INFO","source":"frontend","module":"webrtc/sframe-transform","message":"encrypted frame","context":{"kid":9,"ctr":3,"byteLength":62,"codecOffset":10}}

[90mstdout[2m | apps/validator-daemon/src/canary/__tests__/mesh-byzantine.test.ts[2m > [22m[2mREQ-RMS-017 — Byzantine under-server attributed to R via the SHIPPED canary pipeline[2m > [22m[2mNEGATIVE control — an all-honest mesh (R also forwards everything) produces NO slash
[22m[39m{"timestamp":"2026-06-22T06:19:19.252Z","level":"INFO","source":"frontend","module":"webrtc/sframe-transform","message":"encrypted frame","context":{"kid":9,"ctr":4,"byteLength":62,"codecOffset":10}}

[90mstdout[2m | apps/validator-daemon/src/canary/__tests__/mesh-byzantine.test.ts[2m > [22m[2mREQ-RMS-017 — Byzantine under-server attributed to R via the SHIPPED canary pipeline[2m > [22m[2mNEGATIVE control — an all-honest mesh (R also forwards everything) produces NO slash
[22m[39m{"timestamp":"2026-06-22T06:19:19.252Z","level":"INFO","source":"frontend","module":"webrtc/sframe-transform","message":"encrypted frame","context":{"kid":9,"ctr":5,"byteLength":62,"codecOffset":10}}

[90mstdout[2m | apps/validator-daemon/src/canary/__tests__/mesh-byzantine.test.ts[2m > [22m[2mREQ-RMS-017 — Byzantine under-server attributed to R via the SHIPPED canary pipeline[2m > [22m[2mNEGATIVE control — an all-honest mesh (R also forwards everything) produces NO slash
[22m[39m{"timestamp":"2026-06-22T06:19:19.253Z","level":"INFO","source":"frontend","module":"webrtc/sframe-transform","message":"encrypted frame","context":{"kid":9,"ctr":6,"byteLength":62,"codecOffset":10}}

[90mstdout[2m | apps/validator-daemon/src/canary/__tests__/mesh-byzantine.test.ts[2m > [22m[2mREQ-RMS-017 — Byzantine under-server attributed to R via the SHIPPED canary pipeline[2m > [22m[2mNEGATIVE control — an all-honest mesh (R also forwards everything) produces NO slash
[22m[39m{"timestamp":"2026-06-22T06:19:19.253Z","level":"INFO","source":"frontend","module":"webrtc/sframe-transform","message":"encrypted frame","context":{"kid":9,"ctr":7,"byteLength":62,"codecOffset":10}}

{"level":30,"time":1782109159253,"pid":29576,"hostname":"Quang","name":"canary/verifier","canaryKid":9,"mediaPackets":8,"byteIdentical":8,"divergences":0,"msg":"canary forwarding verified"}
[90mstdout[2m | apps/validator-daemon/src/canary/__tests__/mesh-byzantine.test.ts[2m > [22m[2mREQ-RMS-017 — Byzantine under-server attributed to R via the SHIPPED canary pipeline[2m > [22m[2mNEGATIVE control — an all-honest mesh (R also forwards everything) produces NO slash
[22m[39m{"timestamp":"2026-06-22T06:19:19.253Z","level":"INFO","source":"frontend","module":"webrtc/sframe-transform","message":"encrypted frame","context":{"kid":9,"ctr":0,"byteLength":62,"codecOffset":10}}

[90mstdout[2m | apps/validator-daemon/src/canary/__tests__/mesh-byzantine.test.ts[2m > [22m[2mREQ-RMS-017 — Byzantine under-server attributed to R via the SHIPPED canary pipeline[2m > [22m[2mNEGATIVE control — an all-honest mesh (R also forwards everything) produces NO slash
[22m[39m{"timestamp":"2026-06-22T06:19:19.254Z","level":"INFO","source":"frontend","module":"webrtc/sframe-transform","message":"encrypted frame","context":{"kid":9,"ctr":1,"byteLength":62,"codecOffset":10}}

[90mstdout[2m | apps/validator-daemon/src/canary/__tests__/mesh-byzantine.test.ts[2m > [22m[2mREQ-RMS-017 — Byzantine under-server attributed to R via the SHIPPED canary pipeline[2m > [22m[2mNEGATIVE control — an all-honest mesh (R also forwards everything) produces NO slash
[22m[39m{"timestamp":"2026-06-22T06:19:19.254Z","level":"INFO","source":"frontend","module":"webrtc/sframe-transform","message":"encrypted frame","context":{"kid":9,"ctr":2,"byteLength":62,"codecOffset":10}}

[90mstdout[2m | apps/validator-daemon/src/canary/__tests__/mesh-byzantine.test.ts[2m > [22m[2mREQ-RMS-017 — Byzantine under-server attributed to R via the SHIPPED canary pipeline[2m > [22m[2mNEGATIVE control — an all-honest mesh (R also forwards everything) produces NO slash
[22m[39m{"timestamp":"2026-06-22T06:19:19.255Z","level":"INFO","source":"frontend","module":"webrtc/sframe-transform","message":"encrypted frame","context":{"kid":9,"ctr":3,"byteLength":62,"codecOffset":10}}

[90mstdout[2m | apps/validator-daemon/src/canary/__tests__/mesh-byzantine.test.ts[2m > [22m[2mREQ-RMS-017 — Byzantine under-server attributed to R via the SHIPPED canary pipeline[2m > [22m[2mNEGATIVE control — an all-honest mesh (R also forwards everything) produces NO slash
[22m[39m{"timestamp":"2026-06-22T06:19:19.255Z","level":"INFO","source":"frontend","module":"webrtc/sframe-transform","message":"encrypted frame","context":{"kid":9,"ctr":4,"byteLength":62,"codecOffset":10}}

[90mstdout[2m | apps/validator-daemon/src/canary/__tests__/mesh-byzantine.test.ts[2m > [22m[2mREQ-RMS-017 — Byzantine under-server attributed to R via the SHIPPED canary pipeline[2m > [22m[2mNEGATIVE control — an all-honest mesh (R also forwards everything) produces NO slash
[22m[39m{"timestamp":"2026-06-22T06:19:19.256Z","level":"INFO","source":"frontend","module":"webrtc/sframe-transform","message":"encrypted frame","context":{"kid":9,"ctr":5,"byteLength":62,"codecOffset":10}}

[90mstdout[2m | apps/validator-daemon/src/canary/__tests__/mesh-byzantine.test.ts[2m > [22m[2mREQ-RMS-017 — Byzantine under-server attributed to R via the SHIPPED canary pipeline[2m > [22m[2mNEGATIVE control — an all-honest mesh (R also forwards everything) produces NO slash
[22m[39m{"timestamp":"2026-06-22T06:19:19.256Z","level":"INFO","source":"frontend","module":"webrtc/sframe-transform","message":"encrypted frame","context":{"kid":9,"ctr":6,"byteLength":62,"codecOffset":10}}

{"level":30,"time":1782109159256,"pid":29576,"hostname":"Quang","name":"canary/verifier","canaryKid":9,"mediaPackets":8,"byteIdentical":8,"divergences":0,"msg":"canary forwarding verified"}
{"level":30,"time":1782109159256,"pid":29576,"hostname":"Quang","name":"canary/loss-classifier","relayMinerId":"relay-byzantine-R","promoted":0,"absorbed":0,"tampers":0,"cumulativeCrossed":false,"msg":"canary divergences classified (drop gate / tamper p=1)"}
{"level":30,"time":1782109159256,"pid":29576,"hostname":"Quang","name":"canary/verify-loop","round":2,"relayMinerId":"relay-byzantine-R","roomId":"mesh-room","perReceiver":2,"promoted":0,"absorbed":0,"stunLossBps":"0","msg":"canary verify round classified (hermetic half — synthetic capture, STUN read live)"}
[90mstdout[2m | apps/validator-daemon/src/canary/__tests__/mesh-byzantine.test.ts[2m > [22m[2mREQ-RMS-017 — Byzantine under-server attributed to R via the SHIPPED canary pipeline[2m > [22m[2mNEGATIVE control — an all-honest mesh (R also forwards everything) produces NO slash
[22m[39m{"timestamp":"2026-06-22T06:19:19.256Z","level":"INFO","source":"frontend","module":"webrtc/sframe-transform","message":"encrypted frame","context":{"kid":9,"ctr":7,"byteLength":62,"codecOffset":10}}

[90mstdout[2m | apps/validator-daemon/src/canary/__tests__/mesh-byzantine.test.ts[2m > [22m[2mREQ-RMS-017 — Byzantine under-server attributed to R via the SHIPPED canary pipeline[2m > [22m[2mNEGATIVE control — an all-honest mesh (R also forwards everything) produces NO slash
[22m[39m{"timestamp":"2026-06-22T06:19:19.257Z","level":"INFO","source":"frontend","module":"webrtc/sframe-transform","message":"encrypted frame","context":{"kid":9,"ctr":0,"byteLength":62,"codecOffset":10}}

[90mstdout[2m | apps/validator-daemon/src/canary/__tests__/mesh-byzantine.test.ts[2m > [22m[2mREQ-RMS-017 — Byzantine under-server attributed to R via the SHIPPED canary pipeline[2m > [22m[2mNEGATIVE control — an all-honest mesh (R also forwards everything) produces NO slash
[22m[39m{"timestamp":"2026-06-22T06:19:19.257Z","level":"INFO","source":"frontend","module":"webrtc/sframe-transform","message":"encrypted frame","context":{"kid":9,"ctr":1,"byteLength":62,"codecOffset":10}}

[90mstdout[2m | apps/validator-daemon/src/canary/__tests__/mesh-byzantine.test.ts[2m > [22m[2mREQ-RMS-017 — Byzantine under-server attributed to R via the SHIPPED canary pipeline[2m > [22m[2mNEGATIVE control — an all-honest mesh (R also forwards everything) produces NO slash
[22m[39m{"timestamp":"2026-06-22T06:19:19.258Z","level":"INFO","source":"frontend","module":"webrtc/sframe-transform","message":"encrypted frame","context":{"kid":9,"ctr":2,"byteLength":62,"codecOffset":10}}

[90mstdout[2m | apps/validator-daemon/src/canary/__tests__/mesh-byzantine.test.ts[2m > [22m[2mREQ-RMS-017 — Byzantine under-server attributed to R via the SHIPPED canary pipeline[2m > [22m[2mNEGATIVE control — an all-honest mesh (R also forwards everything) produces NO slash
[22m[39m{"timestamp":"2026-06-22T06:19:19.258Z","level":"INFO","source":"frontend","module":"webrtc/sframe-transform","message":"encrypted frame","context":{"kid":9,"ctr":3,"byteLength":62,"codecOffset":10}}

[90mstdout[2m | apps/validator-daemon/src/canary/__tests__/mesh-byzantine.test.ts[2m > [22m[2mREQ-RMS-017 — Byzantine under-server attributed to R via the SHIPPED canary pipeline[2m > [22m[2mNEGATIVE control — an all-honest mesh (R also forwards everything) produces NO slash
[22m[39m{"timestamp":"2026-06-22T06:19:19.258Z","level":"INFO","source":"frontend","module":"webrtc/sframe-transform","message":"encrypted frame","context":{"kid":9,"ctr":4,"byteLength":62,"codecOffset":10}}

[90mstdout[2m | apps/validator-daemon/src/canary/__tests__/mesh-byzantine.test.ts[2m > [22m[2mREQ-RMS-017 — Byzantine under-server attributed to R via the SHIPPED canary pipeline[2m > [22m[2mNEGATIVE control — an all-honest mesh (R also forwards everything) produces NO slash
[22m[39m{"timestamp":"2026-06-22T06:19:19.259Z","level":"INFO","source":"frontend","module":"webrtc/sframe-transform","message":"encrypted frame","context":{"kid":9,"ctr":5,"byteLength":62,"codecOffset":10}}

[90mstdout[2m | apps/validator-daemon/src/canary/__tests__/mesh-byzantine.test.ts[2m > [22m[2mREQ-RMS-017 — Byzantine under-server attributed to R via the SHIPPED canary pipeline[2m > [22m[2mNEGATIVE control — an all-honest mesh (R also forwards everything) produces NO slash
[22m[39m{"timestamp":"2026-06-22T06:19:19.259Z","level":"INFO","source":"frontend","module":"webrtc/sframe-transform","message":"encrypted frame","context":{"kid":9,"ctr":6,"byteLength":62,"codecOffset":10}}

[90mstdout[2m | apps/validator-daemon/src/canary/__tests__/mesh-byzantine.test.ts[2m > [22m[2mREQ-RMS-017 — Byzantine under-server attributed to R via the SHIPPED canary pipeline[2m > [22m[2mNEGATIVE control — an all-honest mesh (R also forwards everything) produces NO slash
[22m[39m{"timestamp":"2026-06-22T06:19:19.259Z","level":"INFO","source":"frontend","module":"webrtc/sframe-transform","message":"encrypted frame","context":{"kid":9,"ctr":7,"byteLength":62,"codecOffset":10}}

[90mstdout[2m | apps/validator-daemon/src/canary/__tests__/mesh-byzantine.test.ts[2m > [22m[2mREQ-RMS-017 — Byzantine under-server attributed to R via the SHIPPED canary pipeline[2m > [22m[2mNEGATIVE control — an all-honest mesh (R also forwards everything) produces NO slash
[22m[39m{"timestamp":"2026-06-22T06:19:19.260Z","level":"INFO","source":"frontend","module":"webrtc/sframe-transform","message":"encrypted frame","context":{"kid":9,"ctr":0,"byteLength":62,"codecOffset":10}}

[90mstdout[2m | apps/validator-daemon/src/canary/__tests__/mesh-byzantine.test.ts[2m > [22m[2mREQ-RMS-017 — Byzantine under-server attributed to R via the SHIPPED canary pipeline[2m > [22m[2mNEGATIVE control — an all-honest mesh (R also forwards everything) produces NO slash
[22m[39m{"timestamp":"2026-06-22T06:19:19.260Z","level":"INFO","source":"frontend","module":"webrtc/sframe-transform","message":"encrypted frame","context":{"kid":9,"ctr":1,"byteLength":62,"codecOffset":10}}

[90mstdout[2m | apps/validator-daemon/src/canary/__tests__/mesh-byzantine.test.ts[2m > [22m[2mREQ-RMS-017 — Byzantine under-server attributed to R via the SHIPPED canary pipeline[2m > [22m[2mNEGATIVE control — an all-honest mesh (R also forwards everything) produces NO slash
[22m[39m{"timestamp":"2026-06-22T06:19:19.261Z","level":"INFO","source":"frontend","module":"webrtc/sframe-transform","message":"encrypted frame","context":{"kid":9,"ctr":2,"byteLength":62,"codecOffset":10}}

[90mstdout[2m | apps/validator-daemon/src/canary/__tests__/mesh-byzantine.test.ts[2m > [22m[2mREQ-RMS-017 — Byzantine under-server attributed to R via the SHIPPED canary pipeline[2m > [22m[2mNEGATIVE control — an all-honest mesh (R also forwards everything) produces NO slash
[22m[39m{"timestamp":"2026-06-22T06:19:19.261Z","level":"INFO","source":"frontend","module":"webrtc/sframe-transform","message":"encrypted frame","context":{"kid":9,"ctr":3,"byteLength":62,"codecOffset":10}}

[90mstdout[2m | apps/validator-daemon/src/canary/__tests__/mesh-byzantine.test.ts[2m > [22m[2mREQ-RMS-017 — Byzantine under-server attributed to R via the SHIPPED canary pipeline[2m > [22m[2mNEGATIVE control — an all-honest mesh (R also forwards everything) produces NO slash
[22m[39m{"timestamp":"2026-06-22T06:19:19.262Z","level":"INFO","source":"frontend","module":"webrtc/sframe-transform","message":"encrypted frame","context":{"kid":9,"ctr":4,"byteLength":62,"codecOffset":10}}

[90mstdout[2m | apps/validator-daemon/src/canary/__tests__/mesh-byzantine.test.ts[2m > [22m[2mREQ-RMS-017 — Byzantine under-server attributed to R via the SHIPPED canary pipeline[2m > [22m[2mNEGATIVE control — an all-honest mesh (R also forwards everything) produces NO slash
[22m[39m{"timestamp":"2026-06-22T06:19:19.262Z","level":"INFO","source":"frontend","module":"webrtc/sframe-transform","message":"encrypted frame","context":{"kid":9,"ctr":5,"byteLength":62,"codecOffset":10}}

[90mstdout[2m | apps/validator-daemon/src/canary/__tests__/mesh-byzantine.test.ts[2m > [22m[2mREQ-RMS-017 — Byzantine under-server attributed to R via the SHIPPED canary pipeline[2m > [22m[2mNEGATIVE control — an all-honest mesh (R also forwards everything) produces NO slash
[22m[39m{"timestamp":"2026-06-22T06:19:19.263Z","level":"INFO","source":"frontend","module":"webrtc/sframe-transform","message":"encrypted frame","context":{"kid":9,"ctr":6,"byteLength":62,"codecOffset":10}}

[90mstdout[2m | apps/validator-daemon/src/canary/__tests__/mesh-byzantine.test.ts[2m > [22m[2mREQ-RMS-017 — Byzantine under-server attributed to R via the SHIPPED canary pipeline[2m > [22m[2mNEGATIVE control — an all-honest mesh (R also forwards everything) produces NO slash
[22m[39m{"timestamp":"2026-06-22T06:19:19.263Z","level":"INFO","source":"frontend","module":"webrtc/sframe-transform","message":"encrypted frame","context":{"kid":9,"ctr":7,"byteLength":62,"codecOffset":10}}

{"level":30,"time":1782109159263,"pid":29576,"hostname":"Quang","name":"canary/verifier","canaryKid":9,"mediaPackets":8,"byteIdentical":8,"divergences":0,"msg":"canary forwarding verified"}
[90mstdout[2m | apps/validator-daemon/src/canary/__tests__/mesh-byzantine.test.ts[2m > [22m[2mREQ-RMS-017 — Byzantine under-server attributed to R via the SHIPPED canary pipeline[2m > [22m[2mNEGATIVE control — an all-honest mesh (R also forwards everything) produces NO slash
[22m[39m{"timestamp":"2026-06-22T06:19:19.264Z","level":"INFO","source":"frontend","module":"webrtc/sframe-transform","message":"encrypted frame","context":{"kid":9,"ctr":0,"byteLength":62,"codecOffset":10}}

[90mstdout[2m | apps/validator-daemon/src/canary/__tests__/mesh-byzantine.test.ts[2m > [22m[2mREQ-RMS-017 — Byzantine under-server attributed to R via the SHIPPED canary pipeline[2m > [22m[2mNEGATIVE control — an all-honest mesh (R also forwards everything) produces NO slash
[22m[39m{"timestamp":"2026-06-22T06:19:19.264Z","level":"INFO","source":"frontend","module":"webrtc/sframe-transform","message":"encrypted frame","context":{"kid":9,"ctr":1,"byteLength":62,"codecOffset":10}}

[90mstdout[2m | apps/validator-daemon/src/canary/__tests__/mesh-byzantine.test.ts[2m > [22m[2mREQ-RMS-017 — Byzantine under-server attributed to R via the SHIPPED canary pipeline[2m > [22m[2mNEGATIVE control — an all-honest mesh (R also forwards everything) produces NO slash
[22m[39m{"timestamp":"2026-06-22T06:19:19.265Z","level":"INFO","source":"frontend","module":"webrtc/sframe-transform","message":"encrypted frame","context":{"kid":9,"ctr":2,"byteLength":62,"codecOffset":10}}

[90mstdout[2m | apps/validator-daemon/src/canary/__tests__/mesh-byzantine.test.ts[2m > [22m[2mREQ-RMS-017 — Byzantine under-server attributed to R via the SHIPPED canary pipeline[2m > [22m[2mNEGATIVE control — an all-honest mesh (R also forwards everything) produces NO slash
[22m[39m{"timestamp":"2026-06-22T06:19:19.265Z","level":"INFO","source":"frontend","module":"webrtc/sframe-transform","message":"encrypted frame","context":{"kid":9,"ctr":3,"byteLength":62,"codecOffset":10}}

[90mstdout[2m | apps/validator-daemon/src/canary/__tests__/mesh-byzantine.test.ts[2m > [22m[2mREQ-RMS-017 — Byzantine under-server attributed to R via the SHIPPED canary pipeline[2m > [22m[2mNEGATIVE control — an all-honest mesh (R also forwards everything) produces NO slash
[22m[39m{"timestamp":"2026-06-22T06:19:19.266Z","level":"INFO","source":"frontend","module":"webrtc/sframe-transform","message":"encrypted frame","context":{"kid":9,"ctr":4,"byteLength":62,"codecOffset":10}}

[90mstdout[2m | apps/validator-daemon/src/canary/__tests__/mesh-byzantine.test.ts[2m > [22m[2mREQ-RMS-017 — Byzantine under-server attributed to R via the SHIPPED canary pipeline[2m > [22m[2mNEGATIVE control — an all-honest mesh (R also forwards everything) produces NO slash
[22m[39m{"timestamp":"2026-06-22T06:19:19.267Z","level":"INFO","source":"frontend","module":"webrtc/sframe-transform","message":"encrypted frame","context":{"kid":9,"ctr":5,"byteLength":62,"codecOffset":10}}

[90mstdout[2m | apps/validator-daemon/src/canary/__tests__/mesh-byzantine.test.ts[2m > [22m[2mREQ-RMS-017 — Byzantine under-server attributed to R via the SHIPPED canary pipeline[2m > [22m[2mNEGATIVE control — an all-honest mesh (R also forwards everything) produces NO slash
[22m[39m{"timestamp":"2026-06-22T06:19:19.267Z","level":"INFO","source":"frontend","module":"webrtc/sframe-transform","message":"encrypted frame","context":{"kid":9,"ctr":6,"byteLength":62,"codecOffset":10}}

[90mstdout[2m | apps/validator-daemon/src/canary/__tests__/mesh-byzantine.test.ts[2m > [22m[2mREQ-RMS-017 — Byzantine under-server attributed to R via the SHIPPED canary pipeline[2m > [22m[2mNEGATIVE control — an all-honest mesh (R also forwards everything) produces NO slash
[22m[39m{"timestamp":"2026-06-22T06:19:19.268Z","level":"INFO","source":"frontend","module":"webrtc/sframe-transform","message":"encrypted frame","context":{"kid":9,"ctr":7,"byteLength":62,"codecOffset":10}}

{"level":30,"time":1782109159268,"pid":29576,"hostname":"Quang","name":"canary/verifier","canaryKid":9,"mediaPackets":8,"byteIdentical":8,"divergences":0,"msg":"canary forwarding verified"}
{"level":30,"time":1782109159268,"pid":29576,"hostname":"Quang","name":"canary/loss-classifier","relayMinerId":"relay-honest-R2","promoted":0,"absorbed":0,"tampers":0,"cumulativeCrossed":false,"msg":"canary divergences classified (drop gate / tamper p=1)"}
{"level":30,"time":1782109159268,"pid":29576,"hostname":"Quang","name":"canary/verify-loop","round":2,"relayMinerId":"relay-honest-R2","roomId":"mesh-room","perReceiver":2,"promoted":0,"absorbed":0,"stunLossBps":"0","msg":"canary verify round classified (hermetic half — synthetic capture, STUN read live)"}
[90mstdout[2m | apps/validator-daemon/src/canary/__tests__/mesh-byzantine.test.ts[2m > [22m[2mREQ-RMS-017 — Byzantine under-server attributed to R via the SHIPPED canary pipeline[2m > [22m[2mNEGATIVE control — an all-honest mesh (R also forwards everything) produces NO slash
[22m[39m{"timestamp":"2026-06-22T06:19:19.269Z","level":"INFO","source":"frontend","module":"webrtc/sframe-transform","message":"encrypted frame","context":{"kid":9,"ctr":0,"byteLength":62,"codecOffset":10}}

[90mstdout[2m | apps/validator-daemon/src/canary/__tests__/mesh-byzantine.test.ts[2m > [22m[2mREQ-RMS-017 — Byzantine under-server attributed to R via the SHIPPED canary pipeline[2m > [22m[2mNEGATIVE control — an all-honest mesh (R also forwards everything) produces NO slash
[22m[39m{"timestamp":"2026-06-22T06:19:19.269Z","level":"INFO","source":"frontend","module":"webrtc/sframe-transform","message":"encrypted frame","context":{"kid":9,"ctr":1,"byteLength":62,"codecOffset":10}}

[90mstdout[2m | apps/validator-daemon/src/canary/__tests__/mesh-byzantine.test.ts[2m > [22m[2mREQ-RMS-017 — Byzantine under-server attributed to R via the SHIPPED canary pipeline[2m > [22m[2mNEGATIVE control — an all-honest mesh (R also forwards everything) produces NO slash
[22m[39m{"timestamp":"2026-06-22T06:19:19.269Z","level":"INFO","source":"frontend","module":"webrtc/sframe-transform","message":"encrypted frame","context":{"kid":9,"ctr":2,"byteLength":62,"codecOffset":10}}

[90mstdout[2m | apps/validator-daemon/src/canary/__tests__/mesh-byzantine.test.ts[2m > [22m[2mREQ-RMS-017 — Byzantine under-server attributed to R via the SHIPPED canary pipeline[2m > [22m[2mNEGATIVE control — an all-honest mesh (R also forwards everything) produces NO slash
[22m[39m{"timestamp":"2026-06-22T06:19:19.270Z","level":"INFO","source":"frontend","module":"webrtc/sframe-transform","message":"encrypted frame","context":{"kid":9,"ctr":3,"byteLength":62,"codecOffset":10}}

[90mstdout[2m | apps/validator-daemon/src/canary/__tests__/mesh-byzantine.test.ts[2m > [22m[2mREQ-RMS-017 — Byzantine under-server attributed to R via the SHIPPED canary pipeline[2m > [22m[2mNEGATIVE control — an all-honest mesh (R also forwards everything) produces NO slash
[22m[39m{"timestamp":"2026-06-22T06:19:19.270Z","level":"INFO","source":"frontend","module":"webrtc/sframe-transform","message":"encrypted frame","context":{"kid":9,"ctr":4,"byteLength":62,"codecOffset":10}}

[90mstdout[2m | apps/validator-daemon/src/canary/__tests__/mesh-byzantine.test.ts[2m > [22m[2mREQ-RMS-017 — Byzantine under-server attributed to R via the SHIPPED canary pipeline[2m > [22m[2mNEGATIVE control — an all-honest mesh (R also forwards everything) produces NO slash
[22m[39m{"timestamp":"2026-06-22T06:19:19.270Z","level":"INFO","source":"frontend","module":"webrtc/sframe-transform","message":"encrypted frame","context":{"kid":9,"ctr":5,"byteLength":62,"codecOffset":10}}

[90mstdout[2m | apps/validator-daemon/src/canary/__tests__/mesh-byzantine.test.ts[2m > [22m[2mREQ-RMS-017 — Byzantine under-server attributed to R via the SHIPPED canary pipeline[2m > [22m[2mNEGATIVE control — an all-honest mesh (R also forwards everything) produces NO slash
[22m[39m{"timestamp":"2026-06-22T06:19:19.271Z","level":"INFO","source":"frontend","module":"webrtc/sframe-transform","message":"encrypted frame","context":{"kid":9,"ctr":6,"byteLength":62,"codecOffset":10}}

[90mstdout[2m | apps/validator-daemon/src/canary/__tests__/mesh-byzantine.test.ts[2m > [22m[2mREQ-RMS-017 — Byzantine under-server attributed to R via the SHIPPED canary pipeline[2m > [22m[2mNEGATIVE control — an all-honest mesh (R also forwards everything) produces NO slash
[22m[39m{"timestamp":"2026-06-22T06:19:19.271Z","level":"INFO","source":"frontend","module":"webrtc/sframe-transform","message":"encrypted frame","context":{"kid":9,"ctr":7,"byteLength":62,"codecOffset":10}}

[90mstdout[2m | apps/validator-daemon/src/canary/__tests__/mesh-byzantine.test.ts[2m > [22m[2mREQ-RMS-017 — Byzantine under-server attributed to R via the SHIPPED canary pipeline[2m > [22m[2mNEGATIVE control — an all-honest mesh (R also forwards everything) produces NO slash
[22m[39m{"timestamp":"2026-06-22T06:19:19.272Z","level":"INFO","source":"frontend","module":"webrtc/sframe-transform","message":"encrypted frame","context":{"kid":9,"ctr":0,"byteLength":62,"codecOffset":10}}

[90mstdout[2m | apps/validator-daemon/src/canary/__tests__/mesh-byzantine.test.ts[2m > [22m[2mREQ-RMS-017 — Byzantine under-server attributed to R via the SHIPPED canary pipeline[2m > [22m[2mNEGATIVE control — an all-honest mesh (R also forwards everything) produces NO slash
[22m[39m{"timestamp":"2026-06-22T06:19:19.272Z","level":"INFO","source":"frontend","module":"webrtc/sframe-transform","message":"encrypted frame","context":{"kid":9,"ctr":1,"byteLength":62,"codecOffset":10}}

[90mstdout[2m | apps/validator-daemon/src/canary/__tests__/mesh-byzantine.test.ts[2m > [22m[2mREQ-RMS-017 — Byzantine under-server attributed to R via the SHIPPED canary pipeline[2m > [22m[2mNEGATIVE control — an all-honest mesh (R also forwards everything) produces NO slash
[22m[39m{"timestamp":"2026-06-22T06:19:19.274Z","level":"INFO","source":"frontend","module":"webrtc/sframe-transform","message":"encrypted frame","context":{"kid":9,"ctr":2,"byteLength":62,"codecOffset":10}}

[90mstdout[2m | apps/validator-daemon/src/canary/__tests__/mesh-byzantine.test.ts[2m > [22m[2mREQ-RMS-017 — Byzantine under-server attributed to R via the SHIPPED canary pipeline[2m > [22m[2mNEGATIVE control — an all-honest mesh (R also forwards everything) produces NO slash
[22m[39m{"timestamp":"2026-06-22T06:19:19.274Z","level":"INFO","source":"frontend","module":"webrtc/sframe-transform","message":"encrypted frame","context":{"kid":9,"ctr":3,"byteLength":62,"codecOffset":10}}

[90mstdout[2m | apps/validator-daemon/src/canary/__tests__/mesh-byzantine.test.ts[2m > [22m[2mREQ-RMS-017 — Byzantine under-server attributed to R via the SHIPPED canary pipeline[2m > [22m[2mNEGATIVE control — an all-honest mesh (R also forwards everything) produces NO slash
[22m[39m{"timestamp":"2026-06-22T06:19:19.275Z","level":"INFO","source":"frontend","module":"webrtc/sframe-transform","message":"encrypted frame","context":{"kid":9,"ctr":4,"byteLength":62,"codecOffset":10}}

[90mstdout[2m | apps/validator-daemon/src/canary/__tests__/mesh-byzantine.test.ts[2m > [22m[2mREQ-RMS-017 — Byzantine under-server attributed to R via the SHIPPED canary pipeline[2m > [22m[2mNEGATIVE control — an all-honest mesh (R also forwards everything) produces NO slash
[22m[39m{"timestamp":"2026-06-22T06:19:19.275Z","level":"INFO","source":"frontend","module":"webrtc/sframe-transform","message":"encrypted frame","context":{"kid":9,"ctr":5,"byteLength":62,"codecOffset":10}}

[90mstdout[2m | apps/validator-daemon/src/canary/__tests__/mesh-byzantine.test.ts[2m > [22m[2mREQ-RMS-017 — Byzantine under-server attributed to R via the SHIPPED canary pipeline[2m > [22m[2mNEGATIVE control — an all-honest mesh (R also forwards everything) produces NO slash
[22m[39m{"timestamp":"2026-06-22T06:19:19.276Z","level":"INFO","source":"frontend","module":"webrtc/sframe-transform","message":"encrypted frame","context":{"kid":9,"ctr":6,"byteLength":62,"codecOffset":10}}

[90mstdout[2m | apps/validator-daemon/src/canary/__tests__/mesh-byzantine.test.ts[2m > [22m[2mREQ-RMS-017 — Byzantine under-server attributed to R via the SHIPPED canary pipeline[2m > [22m[2mNEGATIVE control — an all-honest mesh (R also forwards everything) produces NO slash
[22m[39m{"timestamp":"2026-06-22T06:19:19.276Z","level":"INFO","source":"frontend","module":"webrtc/sframe-transform","message":"encrypted frame","context":{"kid":9,"ctr":7,"byteLength":62,"codecOffset":10}}

{"level":30,"time":1782109159276,"pid":29576,"hostname":"Quang","name":"canary/verifier","canaryKid":9,"mediaPackets":8,"byteIdentical":8,"divergences":0,"msg":"canary forwarding verified"}
[90mstdout[2m | apps/validator-daemon/src/canary/__tests__/mesh-byzantine.test.ts[2m > [22m[2mREQ-RMS-017 — Byzantine under-server attributed to R via the SHIPPED canary pipeline[2m > [22m[2mNEGATIVE control — an all-honest mesh (R also forwards everything) produces NO slash
[22m[39m{"timestamp":"2026-06-22T06:19:19.276Z","level":"INFO","source":"frontend","module":"webrtc/sframe-transform","message":"encrypted frame","context":{"kid":9,"ctr":0,"byteLength":62,"codecOffset":10}}

[90mstdout[2m | apps/validator-daemon/src/canary/__tests__/mesh-byzantine.test.ts[2m > [22m[2mREQ-RMS-017 — Byzantine under-server attributed to R via the SHIPPED canary pipeline[2m > [22m[2mNEGATIVE control — an all-honest mesh (R also forwards everything) produces NO slash
[22m[39m{"timestamp":"2026-06-22T06:19:19.277Z","level":"INFO","source":"frontend","module":"webrtc/sframe-transform","message":"encrypted frame","context":{"kid":9,"ctr":1,"byteLength":62,"codecOffset":10}}

[90mstdout[2m | apps/validator-daemon/src/canary/__tests__/mesh-byzantine.test.ts[2m > [22m[2mREQ-RMS-017 — Byzantine under-server attributed to R via the SHIPPED canary pipeline[2m > [22m[2mNEGATIVE control — an all-honest mesh (R also forwards everything) produces NO slash
[22m[39m{"timestamp":"2026-06-22T06:19:19.277Z","level":"INFO","source":"frontend","module":"webrtc/sframe-transform","message":"encrypted frame","context":{"kid":9,"ctr":2,"byteLength":62,"codecOffset":10}}

[90mstdout[2m | apps/validator-daemon/src/canary/__tests__/mesh-byzantine.test.ts[2m > [22m[2mREQ-RMS-017 — Byzantine under-server attributed to R via the SHIPPED canary pipeline[2m > [22m[2mNEGATIVE control — an all-honest mesh (R also forwards everything) produces NO slash
[22m[39m{"timestamp":"2026-06-22T06:19:19.277Z","level":"INFO","source":"frontend","module":"webrtc/sframe-transform","message":"encrypted frame","context":{"kid":9,"ctr":3,"byteLength":62,"codecOffset":10}}

[90mstdout[2m | apps/validator-daemon/src/canary/__tests__/mesh-byzantine.test.ts[2m > [22m[2mREQ-RMS-017 — Byzantine under-server attributed to R via the SHIPPED canary pipeline[2m > [22m[2mNEGATIVE control — an all-honest mesh (R also forwards everything) produces NO slash
[22m[39m{"timestamp":"2026-06-22T06:19:19.278Z","level":"INFO","source":"frontend","module":"webrtc/sframe-transform","message":"encrypted frame","context":{"kid":9,"ctr":4,"byteLength":62,"codecOffset":10}}

[90mstdout[2m | apps/validator-daemon/src/canary/__tests__/mesh-byzantine.test.ts[2m > [22m[2mREQ-RMS-017 — Byzantine under-server attributed to R via the SHIPPED canary pipeline[2m > [22m[2mNEGATIVE control — an all-honest mesh (R also forwards everything) produces NO slash
[22m[39m{"timestamp":"2026-06-22T06:19:19.278Z","level":"INFO","source":"frontend","module":"webrtc/sframe-transform","message":"encrypted frame","context":{"kid":9,"ctr":5,"byteLength":62,"codecOffset":10}}

[90mstdout[2m | apps/validator-daemon/src/canary/__tests__/mesh-byzantine.test.ts[2m > [22m[2mREQ-RMS-017 — Byzantine under-server attributed to R via the SHIPPED canary pipeline[2m > [22m[2mNEGATIVE control — an all-honest mesh (R also forwards everything) produces NO slash
[22m[39m{"timestamp":"2026-06-22T06:19:19.278Z","level":"INFO","source":"frontend","module":"webrtc/sframe-transform","message":"encrypted frame","context":{"kid":9,"ctr":6,"byteLength":62,"codecOffset":10}}

[90mstdout[2m | apps/validator-daemon/src/canary/__tests__/mesh-byzantine.test.ts[2m > [22m[2mREQ-RMS-017 — Byzantine under-server attributed to R via the SHIPPED canary pipeline[2m > [22m[2mNEGATIVE control — an all-honest mesh (R also forwards everything) produces NO slash
[22m[39m{"timestamp":"2026-06-22T06:19:19.278Z","level":"INFO","source":"frontend","module":"webrtc/sframe-transform","message":"encrypted frame","context":{"kid":9,"ctr":7,"byteLength":62,"codecOffset":10}}

{"level":30,"time":1782109159278,"pid":29576,"hostname":"Quang","name":"canary/verifier","canaryKid":9,"mediaPackets":8,"byteIdentical":8,"divergences":0,"msg":"canary forwarding verified"}
{"level":30,"time":1782109159278,"pid":29576,"hostname":"Quang","name":"canary/loss-classifier","relayMinerId":"relay-byzantine-R","promoted":0,"absorbed":0,"tampers":0,"cumulativeCrossed":false,"msg":"canary divergences classified (drop gate / tamper p=1)"}
{"level":30,"time":1782109159278,"pid":29576,"hostname":"Quang","name":"canary/verify-loop","round":3,"relayMinerId":"relay-byzantine-R","roomId":"mesh-room","perReceiver":2,"promoted":0,"absorbed":0,"stunLossBps":"0","msg":"canary verify round classified (hermetic half — synthetic capture, STUN read live)"}
[90mstdout[2m | apps/validator-daemon/src/canary/__tests__/mesh-byzantine.test.ts[2m > [22m[2mREQ-RMS-017 — Byzantine under-server attributed to R via the SHIPPED canary pipeline[2m > [22m[2mNEGATIVE control — an all-honest mesh (R also forwards everything) produces NO slash
[22m[39m{"timestamp":"2026-06-22T06:19:19.279Z","level":"INFO","source":"frontend","module":"webrtc/sframe-transform","message":"encrypted frame","context":{"kid":9,"ctr":0,"byteLength":62,"codecOffset":10}}

[90mstdout[2m | apps/validator-daemon/src/canary/__tests__/mesh-byzantine.test.ts[2m > [22m[2mREQ-RMS-017 — Byzantine under-server attributed to R via the SHIPPED canary pipeline[2m > [22m[2mNEGATIVE control — an all-honest mesh (R also forwards everything) produces NO slash
[22m[39m{"timestamp":"2026-06-22T06:19:19.279Z","level":"INFO","source":"frontend","module":"webrtc/sframe-transform","message":"encrypted frame","context":{"kid":9,"ctr":1,"byteLength":62,"codecOffset":10}}

[90mstdout[2m | apps/validator-daemon/src/canary/__tests__/mesh-byzantine.test.ts[2m > [22m[2mREQ-RMS-017 — Byzantine under-server attributed to R via the SHIPPED canary pipeline[2m > [22m[2mNEGATIVE control — an all-honest mesh (R also forwards everything) produces NO slash
[22m[39m{"timestamp":"2026-06-22T06:19:19.280Z","level":"INFO","source":"frontend","module":"webrtc/sframe-transform","message":"encrypted frame","context":{"kid":9,"ctr":2,"byteLength":62,"codecOffset":10}}

[90mstdout[2m | apps/validator-daemon/src/canary/__tests__/mesh-byzantine.test.ts[2m > [22m[2mREQ-RMS-017 — Byzantine under-server attributed to R via the SHIPPED canary pipeline[2m > [22m[2mNEGATIVE control — an all-honest mesh (R also forwards everything) produces NO slash
[22m[39m{"timestamp":"2026-06-22T06:19:19.280Z","level":"INFO","source":"frontend","module":"webrtc/sframe-transform","message":"encrypted frame","context":{"kid":9,"ctr":3,"byteLength":62,"codecOffset":10}}

[90mstdout[2m | apps/validator-daemon/src/canary/__tests__/mesh-byzantine.test.ts[2m > [22m[2mREQ-RMS-017 — Byzantine under-server attributed to R via the SHIPPED canary pipeline[2m > [22m[2mNEGATIVE control — an all-honest mesh (R also forwards everything) produces NO slash
[22m[39m{"timestamp":"2026-06-22T06:19:19.281Z","level":"INFO","source":"frontend","module":"webrtc/sframe-transform","message":"encrypted frame","context":{"kid":9,"ctr":4,"byteLength":62,"codecOffset":10}}

[90mstdout[2m | apps/validator-daemon/src/canary/__tests__/mesh-byzantine.test.ts[2m > [22m[2mREQ-RMS-017 — Byzantine under-server attributed to R via the SHIPPED canary pipeline[2m > [22m[2mNEGATIVE control — an all-honest mesh (R also forwards everything) produces NO slash
[22m[39m{"timestamp":"2026-06-22T06:19:19.281Z","level":"INFO","source":"frontend","module":"webrtc/sframe-transform","message":"encrypted frame","context":{"kid":9,"ctr":5,"byteLength":62,"codecOffset":10}}

[90mstdout[2m | apps/validator-daemon/src/canary/__tests__/mesh-byzantine.test.ts[2m > [22m[2mREQ-RMS-017 — Byzantine under-server attributed to R via the SHIPPED canary pipeline[2m > [22m[2mNEGATIVE control — an all-honest mesh (R also forwards everything) produces NO slash
[22m[39m{"timestamp":"2026-06-22T06:19:19.281Z","level":"INFO","source":"frontend","module":"webrtc/sframe-transform","message":"encrypted frame","context":{"kid":9,"ctr":6,"byteLength":62,"codecOffset":10}}

[90mstdout[2m | apps/validator-daemon/src/canary/__tests__/mesh-byzantine.test.ts[2m > [22m[2mREQ-RMS-017 — Byzantine under-server attributed to R via the SHIPPED canary pipeline[2m > [22m[2mNEGATIVE control — an all-honest mesh (R also forwards everything) produces NO slash
[22m[39m{"timestamp":"2026-06-22T06:19:19.282Z","level":"INFO","source":"frontend","module":"webrtc/sframe-transform","message":"encrypted frame","context":{"kid":9,"ctr":7,"byteLength":62,"codecOffset":10}}

[90mstdout[2m | apps/validator-daemon/src/canary/__tests__/mesh-byzantine.test.ts[2m > [22m[2mREQ-RMS-017 — Byzantine under-server attributed to R via the SHIPPED canary pipeline[2m > [22m[2mNEGATIVE control — an all-honest mesh (R also forwards everything) produces NO slash
[22m[39m{"timestamp":"2026-06-22T06:19:19.283Z","level":"INFO","source":"frontend","module":"webrtc/sframe-transform","message":"encrypted frame","context":{"kid":9,"ctr":0,"byteLength":62,"codecOffset":10}}

[90mstdout[2m | apps/validator-daemon/src/canary/__tests__/mesh-byzantine.test.ts[2m > [22m[2mREQ-RMS-017 — Byzantine under-server attributed to R via the SHIPPED canary pipeline[2m > [22m[2mNEGATIVE control — an all-honest mesh (R also forwards everything) produces NO slash
[22m[39m{"timestamp":"2026-06-22T06:19:19.283Z","level":"INFO","source":"frontend","module":"webrtc/sframe-transform","message":"encrypted frame","context":{"kid":9,"ctr":1,"byteLength":62,"codecOffset":10}}

[90mstdout[2m | apps/validator-daemon/src/canary/__tests__/mesh-byzantine.test.ts[2m > [22m[2mREQ-RMS-017 — Byzantine under-server attributed to R via the SHIPPED canary pipeline[2m > [22m[2mNEGATIVE control — an all-honest mesh (R also forwards everything) produces NO slash
[22m[39m{"timestamp":"2026-06-22T06:19:19.283Z","level":"INFO","source":"frontend","module":"webrtc/sframe-transform","message":"encrypted frame","context":{"kid":9,"ctr":2,"byteLength":62,"codecOffset":10}}

[90mstdout[2m | apps/validator-daemon/src/canary/__tests__/mesh-byzantine.test.ts[2m > [22m[2mREQ-RMS-017 — Byzantine under-server attributed to R via the SHIPPED canary pipeline[2m > [22m[2mNEGATIVE control — an all-honest mesh (R also forwards everything) produces NO slash
[22m[39m{"timestamp":"2026-06-22T06:19:19.284Z","level":"INFO","source":"frontend","module":"webrtc/sframe-transform","message":"encrypted frame","context":{"kid":9,"ctr":3,"byteLength":62,"codecOffset":10}}

[90mstdout[2m | apps/validator-daemon/src/canary/__tests__/mesh-byzantine.test.ts[2m > [22m[2mREQ-RMS-017 — Byzantine under-server attributed to R via the SHIPPED canary pipeline[2m > [22m[2mNEGATIVE control — an all-honest mesh (R also forwards everything) produces NO slash
[22m[39m{"timestamp":"2026-06-22T06:19:19.284Z","level":"INFO","source":"frontend","module":"webrtc/sframe-transform","message":"encrypted frame","context":{"kid":9,"ctr":4,"byteLength":62,"codecOffset":10}}

[90mstdout[2m | apps/validator-daemon/src/canary/__tests__/mesh-byzantine.test.ts[2m > [22m[2mREQ-RMS-017 — Byzantine under-server attributed to R via the SHIPPED canary pipeline[2m > [22m[2mNEGATIVE control — an all-honest mesh (R also forwards everything) produces NO slash
[22m[39m{"timestamp":"2026-06-22T06:19:19.285Z","level":"INFO","source":"frontend","module":"webrtc/sframe-transform","message":"encrypted frame","context":{"kid":9,"ctr":5,"byteLength":62,"codecOffset":10}}

[90mstdout[2m | apps/validator-daemon/src/canary/__tests__/mesh-byzantine.test.ts[2m > [22m[2mREQ-RMS-017 — Byzantine under-server attributed to R via the SHIPPED canary pipeline[2m > [22m[2mNEGATIVE control — an all-honest mesh (R also forwards everything) produces NO slash
[22m[39m{"timestamp":"2026-06-22T06:19:19.285Z","level":"INFO","source":"frontend","module":"webrtc/sframe-transform","message":"encrypted frame","context":{"kid":9,"ctr":6,"byteLength":62,"codecOffset":10}}

[90mstdout[2m | apps/validator-daemon/src/canary/__tests__/mesh-byzantine.test.ts[2m > [22m[2mREQ-RMS-017 — Byzantine under-server attributed to R via the SHIPPED canary pipeline[2m > [22m[2mNEGATIVE control — an all-honest mesh (R also forwards everything) produces NO slash
[22m[39m{"timestamp":"2026-06-22T06:19:19.285Z","level":"INFO","source":"frontend","module":"webrtc/sframe-transform","message":"encrypted frame","context":{"kid":9,"ctr":7,"byteLength":62,"codecOffset":10}}

{"level":30,"time":1782109159285,"pid":29576,"hostname":"Quang","name":"canary/verifier","canaryKid":9,"mediaPackets":8,"byteIdentical":8,"divergences":0,"msg":"canary forwarding verified"}
[90mstdout[2m | apps/validator-daemon/src/canary/__tests__/mesh-byzantine.test.ts[2m > [22m[2mREQ-RMS-017 — Byzantine under-server attributed to R via the SHIPPED canary pipeline[2m > [22m[2mNEGATIVE control — an all-honest mesh (R also forwards everything) produces NO slash
[22m[39m{"timestamp":"2026-06-22T06:19:19.286Z","level":"INFO","source":"frontend","module":"webrtc/sframe-transform","message":"encrypted frame","context":{"kid":9,"ctr":0,"byteLength":62,"codecOffset":10}}

[90mstdout[2m | apps/validator-daemon/src/canary/__tests__/mesh-byzantine.test.ts[2m > [22m[2mREQ-RMS-017 — Byzantine under-server attributed to R via the SHIPPED canary pipeline[2m > [22m[2mNEGATIVE control — an all-honest mesh (R also forwards everything) produces NO slash
[22m[39m{"timestamp":"2026-06-22T06:19:19.286Z","level":"INFO","source":"frontend","module":"webrtc/sframe-transform","message":"encrypted frame","context":{"kid":9,"ctr":1,"byteLength":62,"codecOffset":10}}

[90mstdout[2m | apps/validator-daemon/src/canary/__tests__/mesh-byzantine.test.ts[2m > [22m[2mREQ-RMS-017 — Byzantine under-server attributed to R via the SHIPPED canary pipeline[2m > [22m[2mNEGATIVE control — an all-honest mesh (R also forwards everything) produces NO slash
[22m[39m{"timestamp":"2026-06-22T06:19:19.287Z","level":"INFO","source":"frontend","module":"webrtc/sframe-transform","message":"encrypted frame","context":{"kid":9,"ctr":2,"byteLength":62,"codecOffset":10}}

[90mstdout[2m | apps/validator-daemon/src/canary/__tests__/mesh-byzantine.test.ts[2m > [22m[2mREQ-RMS-017 — Byzantine under-server attributed to R via the SHIPPED canary pipeline[2m > [22m[2mNEGATIVE control — an all-honest mesh (R also forwards everything) produces NO slash
[22m[39m{"timestamp":"2026-06-22T06:19:19.287Z","level":"INFO","source":"frontend","module":"webrtc/sframe-transform","message":"encrypted frame","context":{"kid":9,"ctr":3,"byteLength":62,"codecOffset":10}}

[90mstdout[2m | apps/validator-daemon/src/canary/__tests__/mesh-byzantine.test.ts[2m > [22m[2mREQ-RMS-017 — Byzantine under-server attributed to R via the SHIPPED canary pipeline[2m > [22m[2mNEGATIVE control — an all-honest mesh (R also forwards everything) produces NO slash
[22m[39m{"timestamp":"2026-06-22T06:19:19.287Z","level":"INFO","source":"frontend","module":"webrtc/sframe-transform","message":"encrypted frame","context":{"kid":9,"ctr":4,"byteLength":62,"codecOffset":10}}

[90mstdout[2m | apps/validator-daemon/src/canary/__tests__/mesh-byzantine.test.ts[2m > [22m[2mREQ-RMS-017 — Byzantine under-server attributed to R via the SHIPPED canary pipeline[2m > [22m[2mNEGATIVE control — an all-honest mesh (R also forwards everything) produces NO slash
[22m[39m{"timestamp":"2026-06-22T06:19:19.288Z","level":"INFO","source":"frontend","module":"webrtc/sframe-transform","message":"encrypted frame","context":{"kid":9,"ctr":5,"byteLength":62,"codecOffset":10}}

[90mstdout[2m | apps/validator-daemon/src/canary/__tests__/mesh-byzantine.test.ts[2m > [22m[2mREQ-RMS-017 — Byzantine under-server attributed to R via the SHIPPED canary pipeline[2m > [22m[2mNEGATIVE control — an all-honest mesh (R also forwards everything) produces NO slash
[22m[39m{"timestamp":"2026-06-22T06:19:19.288Z","level":"INFO","source":"frontend","module":"webrtc/sframe-transform","message":"encrypted frame","context":{"kid":9,"ctr":6,"byteLength":62,"codecOffset":10}}

[90mstdout[2m | apps/validator-daemon/src/canary/__tests__/mesh-byzantine.test.ts[2m > [22m[2mREQ-RMS-017 — Byzantine under-server attributed to R via the SHIPPED canary pipeline[2m > [22m[2mNEGATIVE control — an all-honest mesh (R also forwards everything) produces NO slash
[22m[39m{"timestamp":"2026-06-22T06:19:19.288Z","level":"INFO","source":"frontend","module":"webrtc/sframe-transform","message":"encrypted frame","context":{"kid":9,"ctr":7,"byteLength":62,"codecOffset":10}}

{"level":30,"time":1782109159288,"pid":29576,"hostname":"Quang","name":"canary/verifier","canaryKid":9,"mediaPackets":8,"byteIdentical":8,"divergences":0,"msg":"canary forwarding verified"}
{"level":30,"time":1782109159288,"pid":29576,"hostname":"Quang","name":"canary/loss-classifier","relayMinerId":"relay-honest-R2","promoted":0,"absorbed":0,"tampers":0,"cumulativeCrossed":false,"msg":"canary divergences classified (drop gate / tamper p=1)"}
{"level":30,"time":1782109159289,"pid":29576,"hostname":"Quang","name":"canary/verify-loop","round":3,"relayMinerId":"relay-honest-R2","roomId":"mesh-room","perReceiver":2,"promoted":0,"absorbed":0,"stunLossBps":"0","msg":"canary verify round classified (hermetic half — synthetic capture, STUN read live)"}
[90mstdout[2m | apps/validator-daemon/src/canary/__tests__/mesh-byzantine.test.ts[2m > [22m[2mREQ-RMS-017 — Byzantine under-server attributed to R via the SHIPPED canary pipeline[2m > [22m[2mNEGATIVE control — an all-honest mesh (R also forwards everything) produces NO slash
[22m[39m{"timestamp":"2026-06-22T06:19:19.289Z","level":"INFO","source":"frontend","module":"webrtc/sframe-transform","message":"encrypted frame","context":{"kid":9,"ctr":0,"byteLength":62,"codecOffset":10}}

[90mstdout[2m | apps/validator-daemon/src/canary/__tests__/mesh-byzantine.test.ts[2m > [22m[2mREQ-RMS-017 — Byzantine under-server attributed to R via the SHIPPED canary pipeline[2m > [22m[2mNEGATIVE control — an all-honest mesh (R also forwards everything) produces NO slash
[22m[39m{"timestamp":"2026-06-22T06:19:19.289Z","level":"INFO","source":"frontend","module":"webrtc/sframe-transform","message":"encrypted frame","context":{"kid":9,"ctr":1,"byteLength":62,"codecOffset":10}}

[90mstdout[2m | apps/validator-daemon/src/canary/__tests__/mesh-byzantine.test.ts[2m > [22m[2mREQ-RMS-017 — Byzantine under-server attributed to R via the SHIPPED canary pipeline[2m > [22m[2mNEGATIVE control — an all-honest mesh (R also forwards everything) produces NO slash
[22m[39m{"timestamp":"2026-06-22T06:19:19.290Z","level":"INFO","source":"frontend","module":"webrtc/sframe-transform","message":"encrypted frame","context":{"kid":9,"ctr":2,"byteLength":62,"codecOffset":10}}

[90mstdout[2m | apps/validator-daemon/src/canary/__tests__/mesh-byzantine.test.ts[2m > [22m[2mREQ-RMS-017 — Byzantine under-server attributed to R via the SHIPPED canary pipeline[2m > [22m[2mNEGATIVE control — an all-honest mesh (R also forwards everything) produces NO slash
[22m[39m{"timestamp":"2026-06-22T06:19:19.290Z","level":"INFO","source":"frontend","module":"webrtc/sframe-transform","message":"encrypted frame","context":{"kid":9,"ctr":3,"byteLength":62,"codecOffset":10}}

[90mstdout[2m | apps/validator-daemon/src/canary/__tests__/mesh-byzantine.test.ts[2m > [22m[2mREQ-RMS-017 — Byzantine under-server attributed to R via the SHIPPED canary pipeline[2m > [22m[2mNEGATIVE control — an all-honest mesh (R also forwards everything) produces NO slash
[22m[39m{"timestamp":"2026-06-22T06:19:19.291Z","level":"INFO","source":"frontend","module":"webrtc/sframe-transform","message":"encrypted frame","context":{"kid":9,"ctr":4,"byteLength":62,"codecOffset":10}}

[90mstdout[2m | apps/validator-daemon/src/canary/__tests__/mesh-byzantine.test.ts[2m > [22m[2mREQ-RMS-017 — Byzantine under-server attributed to R via the SHIPPED canary pipeline[2m > [22m[2mNEGATIVE control — an all-honest mesh (R also forwards everything) produces NO slash
[22m[39m{"timestamp":"2026-06-22T06:19:19.291Z","level":"INFO","source":"frontend","module":"webrtc/sframe-transform","message":"encrypted frame","context":{"kid":9,"ctr":5,"byteLength":62,"codecOffset":10}}

[90mstdout[2m | apps/validator-daemon/src/canary/__tests__/mesh-byzantine.test.ts[2m > [22m[2mREQ-RMS-017 — Byzantine under-server attributed to R via the SHIPPED canary pipeline[2m > [22m[2mNEGATIVE control — an all-honest mesh (R also forwards everything) produces NO slash
[22m[39m{"timestamp":"2026-06-22T06:19:19.292Z","level":"INFO","source":"frontend","module":"webrtc/sframe-transform","message":"encrypted frame","context":{"kid":9,"ctr":6,"byteLength":62,"codecOffset":10}}

[90mstdout[2m | apps/validator-daemon/src/canary/__tests__/mesh-byzantine.test.ts[2m > [22m[2mREQ-RMS-017 — Byzantine under-server attributed to R via the SHIPPED canary pipeline[2m > [22m[2mNEGATIVE control — an all-honest mesh (R also forwards everything) produces NO slash
[22m[39m{"timestamp":"2026-06-22T06:19:19.292Z","level":"INFO","source":"frontend","module":"webrtc/sframe-transform","message":"encrypted frame","context":{"kid":9,"ctr":7,"byteLength":62,"codecOffset":10}}

[90mstdout[2m | apps/validator-daemon/src/canary/__tests__/mesh-byzantine.test.ts[2m > [22m[2mREQ-RMS-017 — Byzantine under-server attributed to R via the SHIPPED canary pipeline[2m > [22m[2mNEGATIVE control — an all-honest mesh (R also forwards everything) produces NO slash
[22m[39m{"timestamp":"2026-06-22T06:19:19.293Z","level":"INFO","source":"frontend","module":"webrtc/sframe-transform","message":"encrypted frame","context":{"kid":9,"ctr":0,"byteLength":62,"codecOffset":10}}

[90mstdout[2m | apps/validator-daemon/src/canary/__tests__/mesh-byzantine.test.ts[2m > [22m[2mREQ-RMS-017 — Byzantine under-server attributed to R via the SHIPPED canary pipeline[2m > [22m[2mNEGATIVE control — an all-honest mesh (R also forwards everything) produces NO slash
[22m[39m{"timestamp":"2026-06-22T06:19:19.293Z","level":"INFO","source":"frontend","module":"webrtc/sframe-transform","message":"encrypted frame","context":{"kid":9,"ctr":1,"byteLength":62,"codecOffset":10}}

[90mstdout[2m | apps/validator-daemon/src/canary/__tests__/mesh-byzantine.test.ts[2m > [22m[2mREQ-RMS-017 — Byzantine under-server attributed to R via the SHIPPED canary pipeline[2m > [22m[2mNEGATIVE control — an all-honest mesh (R also forwards everything) produces NO slash
[22m[39m{"timestamp":"2026-06-22T06:19:19.294Z","level":"INFO","source":"frontend","module":"webrtc/sframe-transform","message":"encrypted frame","context":{"kid":9,"ctr":2,"byteLength":62,"codecOffset":10}}

[90mstdout[2m | apps/validator-daemon/src/canary/__tests__/mesh-byzantine.test.ts[2m > [22m[2mREQ-RMS-017 — Byzantine under-server attributed to R via the SHIPPED canary pipeline[2m > [22m[2mNEGATIVE control — an all-honest mesh (R also forwards everything) produces NO slash
[22m[39m{"timestamp":"2026-06-22T06:19:19.294Z","level":"INFO","source":"frontend","module":"webrtc/sframe-transform","message":"encrypted frame","context":{"kid":9,"ctr":3,"byteLength":62,"codecOffset":10}}

[90mstdout[2m | apps/validator-daemon/src/canary/__tests__/mesh-byzantine.test.ts[2m > [22m[2mREQ-RMS-017 — Byzantine under-server attributed to R via the SHIPPED canary pipeline[2m > [22m[2mNEGATIVE control — an all-honest mesh (R also forwards everything) produces NO slash
[22m[39m{"timestamp":"2026-06-22T06:19:19.295Z","level":"INFO","source":"frontend","module":"webrtc/sframe-transform","message":"encrypted frame","context":{"kid":9,"ctr":4,"byteLength":62,"codecOffset":10}}

[90mstdout[2m | apps/validator-daemon/src/canary/__tests__/mesh-byzantine.test.ts[2m > [22m[2mREQ-RMS-017 — Byzantine under-server attributed to R via the SHIPPED canary pipeline[2m > [22m[2mNEGATIVE control — an all-honest mesh (R also forwards everything) produces NO slash
[22m[39m{"timestamp":"2026-06-22T06:19:19.295Z","level":"INFO","source":"frontend","module":"webrtc/sframe-transform","message":"encrypted frame","context":{"kid":9,"ctr":5,"byteLength":62,"codecOffset":10}}

[90mstdout[2m | apps/validator-daemon/src/canary/__tests__/mesh-byzantine.test.ts[2m > [22m[2mREQ-RMS-017 — Byzantine under-server attributed to R via the SHIPPED canary pipeline[2m > [22m[2mNEGATIVE control — an all-honest mesh (R also forwards everything) produces NO slash
[22m[39m{"timestamp":"2026-06-22T06:19:19.296Z","level":"INFO","source":"frontend","module":"webrtc/sframe-transform","message":"encrypted frame","context":{"kid":9,"ctr":6,"byteLength":62,"codecOffset":10}}

[90mstdout[2m | apps/validator-daemon/src/canary/__tests__/mesh-byzantine.test.ts[2m > [22m[2mREQ-RMS-017 — Byzantine under-server attributed to R via the SHIPPED canary pipeline[2m > [22m[2mNEGATIVE control — an all-honest mesh (R also forwards everything) produces NO slash
[22m[39m{"timestamp":"2026-06-22T06:19:19.296Z","level":"INFO","source":"frontend","module":"webrtc/sframe-transform","message":"encrypted frame","context":{"kid":9,"ctr":7,"byteLength":62,"codecOffset":10}}

{"level":30,"time":1782109159296,"pid":29576,"hostname":"Quang","name":"canary/verifier","canaryKid":9,"mediaPackets":8,"byteIdentical":8,"divergences":0,"msg":"canary forwarding verified"}
[90mstdout[2m | apps/validator-daemon/src/canary/__tests__/mesh-byzantine.test.ts[2m > [22m[2mREQ-RMS-017 — Byzantine under-server attributed to R via the SHIPPED canary pipeline[2m > [22m[2mNEGATIVE control — an all-honest mesh (R also forwards everything) produces NO slash
[22m[39m{"timestamp":"2026-06-22T06:19:19.296Z","level":"INFO","source":"frontend","module":"webrtc/sframe-transform","message":"encrypted frame","context":{"kid":9,"ctr":0,"byteLength":62,"codecOffset":10}}

[90mstdout[2m | apps/validator-daemon/src/canary/__tests__/mesh-byzantine.test.ts[2m > [22m[2mREQ-RMS-017 — Byzantine under-server attributed to R via the SHIPPED canary pipeline[2m > [22m[2mNEGATIVE control — an all-honest mesh (R also forwards everything) produces NO slash
[22m[39m{"timestamp":"2026-06-22T06:19:19.297Z","level":"INFO","source":"frontend","module":"webrtc/sframe-transform","message":"encrypted frame","context":{"kid":9,"ctr":1,"byteLength":62,"codecOffset":10}}

[90mstdout[2m | apps/validator-daemon/src/canary/__tests__/mesh-byzantine.test.ts[2m > [22m[2mREQ-RMS-017 — Byzantine under-server attributed to R via the SHIPPED canary pipeline[2m > [22m[2mNEGATIVE control — an all-honest mesh (R also forwards everything) produces NO slash
[22m[39m{"timestamp":"2026-06-22T06:19:19.297Z","level":"INFO","source":"frontend","module":"webrtc/sframe-transform","message":"encrypted frame","context":{"kid":9,"ctr":2,"byteLength":62,"codecOffset":10}}

[90mstdout[2m | apps/validator-daemon/src/canary/__tests__/mesh-byzantine.test.ts[2m > [22m[2mREQ-RMS-017 — Byzantine under-server attributed to R via the SHIPPED canary pipeline[2m > [22m[2mNEGATIVE control — an all-honest mesh (R also forwards everything) produces NO slash
[22m[39m{"timestamp":"2026-06-22T06:19:19.297Z","level":"INFO","source":"frontend","module":"webrtc/sframe-transform","message":"encrypted frame","context":{"kid":9,"ctr":3,"byteLength":62,"codecOffset":10}}

[90mstdout[2m | apps/validator-daemon/src/canary/__tests__/mesh-byzantine.test.ts[2m > [22m[2mREQ-RMS-017 — Byzantine under-server attributed to R via the SHIPPED canary pipeline[2m > [22m[2mNEGATIVE control — an all-honest mesh (R also forwards everything) produces NO slash
[22m[39m{"timestamp":"2026-06-22T06:19:19.298Z","level":"INFO","source":"frontend","module":"webrtc/sframe-transform","message":"encrypted frame","context":{"kid":9,"ctr":4,"byteLength":62,"codecOffset":10}}

[90mstdout[2m | apps/validator-daemon/src/canary/__tests__/mesh-byzantine.test.ts[2m > [22m[2mREQ-RMS-017 — Byzantine under-server attributed to R via the SHIPPED canary pipeline[2m > [22m[2mNEGATIVE control — an all-honest mesh (R also forwards everything) produces NO slash
[22m[39m{"timestamp":"2026-06-22T06:19:19.298Z","level":"INFO","source":"frontend","module":"webrtc/sframe-transform","message":"encrypted frame","context":{"kid":9,"ctr":5,"byteLength":62,"codecOffset":10}}

[90mstdout[2m | apps/validator-daemon/src/canary/__tests__/mesh-byzantine.test.ts[2m > [22m[2mREQ-RMS-017 — Byzantine under-server attributed to R via the SHIPPED canary pipeline[2m > [22m[2mNEGATIVE control — an all-honest mesh (R also forwards everything) produces NO slash
[22m[39m{"timestamp":"2026-06-22T06:19:19.298Z","level":"INFO","source":"frontend","module":"webrtc/sframe-transform","message":"encrypted frame","context":{"kid":9,"ctr":6,"byteLength":62,"codecOffset":10}}

[90mstdout[2m | apps/validator-daemon/src/canary/__tests__/mesh-byzantine.test.ts[2m > [22m[2mREQ-RMS-017 — Byzantine under-server attributed to R via the SHIPPED canary pipeline[2m > [22m[2mNEGATIVE control — an all-honest mesh (R also forwards everything) produces NO slash
[22m[39m{"timestamp":"2026-06-22T06:19:19.298Z","level":"INFO","source":"frontend","module":"webrtc/sframe-transform","message":"encrypted frame","context":{"kid":9,"ctr":7,"byteLength":62,"codecOffset":10}}

{"level":30,"time":1782109159299,"pid":29576,"hostname":"Quang","name":"canary/verifier","canaryKid":9,"mediaPackets":8,"byteIdentical":8,"divergences":0,"msg":"canary forwarding verified"}
{"level":30,"time":1782109159299,"pid":29576,"hostname":"Quang","name":"canary/loss-classifier","relayMinerId":"relay-byzantine-R","promoted":0,"absorbed":0,"tampers":0,"cumulativeCrossed":false,"msg":"canary divergences classified (drop gate / tamper p=1)"}
{"level":30,"time":1782109159299,"pid":29576,"hostname":"Quang","name":"canary/verify-loop","round":4,"relayMinerId":"relay-byzantine-R","roomId":"mesh-room","perReceiver":2,"promoted":0,"absorbed":0,"stunLossBps":"0","msg":"canary verify round classified (hermetic half — synthetic capture, STUN read live)"}
[90mstdout[2m | apps/validator-daemon/src/canary/__tests__/mesh-byzantine.test.ts[2m > [22m[2mREQ-RMS-017 — Byzantine under-server attributed to R via the SHIPPED canary pipeline[2m > [22m[2mNEGATIVE control — an all-honest mesh (R also forwards everything) produces NO slash
[22m[39m{"timestamp":"2026-06-22T06:19:19.299Z","level":"INFO","source":"frontend","module":"webrtc/sframe-transform","message":"encrypted frame","context":{"kid":9,"ctr":0,"byteLength":62,"codecOffset":10}}

[90mstdout[2m | apps/validator-daemon/src/canary/__tests__/mesh-byzantine.test.ts[2m > [22m[2mREQ-RMS-017 — Byzantine under-server attributed to R via the SHIPPED canary pipeline[2m > [22m[2mNEGATIVE control — an all-honest mesh (R also forwards everything) produces NO slash
[22m[39m{"timestamp":"2026-06-22T06:19:19.299Z","level":"INFO","source":"frontend","module":"webrtc/sframe-transform","message":"encrypted frame","context":{"kid":9,"ctr":1,"byteLength":62,"codecOffset":10}}

[90mstdout[2m | apps/validator-daemon/src/canary/__tests__/mesh-byzantine.test.ts[2m > [22m[2mREQ-RMS-017 — Byzantine under-server attributed to R via the SHIPPED canary pipeline[2m > [22m[2mNEGATIVE control — an all-honest mesh (R also forwards everything) produces NO slash
[22m[39m{"timestamp":"2026-06-22T06:19:19.299Z","level":"INFO","source":"frontend","module":"webrtc/sframe-transform","message":"encrypted frame","context":{"kid":9,"ctr":2,"byteLength":62,"codecOffset":10}}

[90mstdout[2m | apps/validator-daemon/src/canary/__tests__/mesh-byzantine.test.ts[2m > [22m[2mREQ-RMS-017 — Byzantine under-server attributed to R via the SHIPPED canary pipeline[2m > [22m[2mNEGATIVE control — an all-honest mesh (R also forwards everything) produces NO slash
[22m[39m{"timestamp":"2026-06-22T06:19:19.300Z","level":"INFO","source":"frontend","module":"webrtc/sframe-transform","message":"encrypted frame","context":{"kid":9,"ctr":3,"byteLength":62,"codecOffset":10}}

[90mstdout[2m | apps/validator-daemon/src/canary/__tests__/mesh-byzantine.test.ts[2m > [22m[2mREQ-RMS-017 — Byzantine under-server attributed to R via the SHIPPED canary pipeline[2m > [22m[2mNEGATIVE control — an all-honest mesh (R also forwards everything) produces NO slash
[22m[39m{"timestamp":"2026-06-22T06:19:19.300Z","level":"INFO","source":"frontend","module":"webrtc/sframe-transform","message":"encrypted frame","context":{"kid":9,"ctr":4,"byteLength":62,"codecOffset":10}}

[90mstdout[2m | apps/validator-daemon/src/canary/__tests__/mesh-byzantine.test.ts[2m > [22m[2mREQ-RMS-017 — Byzantine under-server attributed to R via the SHIPPED canary pipeline[2m > [22m[2mNEGATIVE control — an all-honest mesh (R also forwards everything) produces NO slash
[22m[39m{"timestamp":"2026-06-22T06:19:19.300Z","level":"INFO","source":"frontend","module":"webrtc/sframe-transform","message":"encrypted frame","context":{"kid":9,"ctr":5,"byteLength":62,"codecOffset":10}}

[90mstdout[2m | apps/validator-daemon/src/canary/__tests__/mesh-byzantine.test.ts[2m > [22m[2mREQ-RMS-017 — Byzantine under-server attributed to R via the SHIPPED canary pipeline[2m > [22m[2mNEGATIVE control — an all-honest mesh (R also forwards everything) produces NO slash
[22m[39m{"timestamp":"2026-06-22T06:19:19.301Z","level":"INFO","source":"frontend","module":"webrtc/sframe-transform","message":"encrypted frame","context":{"kid":9,"ctr":6,"byteLength":62,"codecOffset":10}}

[90mstdout[2m | apps/validator-daemon/src/canary/__tests__/mesh-byzantine.test.ts[2m > [22m[2mREQ-RMS-017 — Byzantine under-server attributed to R via the SHIPPED canary pipeline[2m > [22m[2mNEGATIVE control — an all-honest mesh (R also forwards everything) produces NO slash
[22m[39m{"timestamp":"2026-06-22T06:19:19.301Z","level":"INFO","source":"frontend","module":"webrtc/sframe-transform","message":"encrypted frame","context":{"kid":9,"ctr":7,"byteLength":62,"codecOffset":10}}

[90mstdout[2m | apps/validator-daemon/src/canary/__tests__/mesh-byzantine.test.ts[2m > [22m[2mREQ-RMS-017 — Byzantine under-server attributed to R via the SHIPPED canary pipeline[2m > [22m[2mNEGATIVE control — an all-honest mesh (R also forwards everything) produces NO slash
[22m[39m{"timestamp":"2026-06-22T06:19:19.301Z","level":"INFO","source":"frontend","module":"webrtc/sframe-transform","message":"encrypted frame","context":{"kid":9,"ctr":0,"byteLength":62,"codecOffset":10}}

[90mstdout[2m | apps/validator-daemon/src/canary/__tests__/mesh-byzantine.test.ts[2m > [22m[2mREQ-RMS-017 — Byzantine under-server attributed to R via the SHIPPED canary pipeline[2m > [22m[2mNEGATIVE control — an all-honest mesh (R also forwards everything) produces NO slash
[22m[39m{"timestamp":"2026-06-22T06:19:19.302Z","level":"INFO","source":"frontend","module":"webrtc/sframe-transform","message":"encrypted frame","context":{"kid":9,"ctr":1,"byteLength":62,"codecOffset":10}}

[90mstdout[2m | apps/validator-daemon/src/canary/__tests__/mesh-byzantine.test.ts[2m > [22m[2mREQ-RMS-017 — Byzantine under-server attributed to R via the SHIPPED canary pipeline[2m > [22m[2mNEGATIVE control — an all-honest mesh (R also forwards everything) produces NO slash
[22m[39m{"timestamp":"2026-06-22T06:19:19.302Z","level":"INFO","source":"frontend","module":"webrtc/sframe-transform","message":"encrypted frame","context":{"kid":9,"ctr":2,"byteLength":62,"codecOffset":10}}

[90mstdout[2m | apps/validator-daemon/src/canary/__tests__/mesh-byzantine.test.ts[2m > [22m[2mREQ-RMS-017 — Byzantine under-server attributed to R via the SHIPPED canary pipeline[2m > [22m[2mNEGATIVE control — an all-honest mesh (R also forwards everything) produces NO slash
[22m[39m{"timestamp":"2026-06-22T06:19:19.303Z","level":"INFO","source":"frontend","module":"webrtc/sframe-transform","message":"encrypted frame","context":{"kid":9,"ctr":3,"byteLength":62,"codecOffset":10}}

[90mstdout[2m | apps/validator-daemon/src/canary/__tests__/mesh-byzantine.test.ts[2m > [22m[2mREQ-RMS-017 — Byzantine under-server attributed to R via the SHIPPED canary pipeline[2m > [22m[2mNEGATIVE control — an all-honest mesh (R also forwards everything) produces NO slash
[22m[39m{"timestamp":"2026-06-22T06:19:19.303Z","level":"INFO","source":"frontend","module":"webrtc/sframe-transform","message":"encrypted frame","context":{"kid":9,"ctr":4,"byteLength":62,"codecOffset":10}}

[90mstdout[2m | apps/validator-daemon/src/canary/__tests__/mesh-byzantine.test.ts[2m > [22m[2mREQ-RMS-017 — Byzantine under-server attributed to R via the SHIPPED canary pipeline[2m > [22m[2mNEGATIVE control — an all-honest mesh (R also forwards everything) produces NO slash
[22m[39m{"timestamp":"2026-06-22T06:19:19.303Z","level":"INFO","source":"frontend","module":"webrtc/sframe-transform","message":"encrypted frame","context":{"kid":9,"ctr":5,"byteLength":62,"codecOffset":10}}

[90mstdout[2m | apps/validator-daemon/src/canary/__tests__/mesh-byzantine.test.ts[2m > [22m[2mREQ-RMS-017 — Byzantine under-server attributed to R via the SHIPPED canary pipeline[2m > [22m[2mNEGATIVE control — an all-honest mesh (R also forwards everything) produces NO slash
[22m[39m{"timestamp":"2026-06-22T06:19:19.304Z","level":"INFO","source":"frontend","module":"webrtc/sframe-transform","message":"encrypted frame","context":{"kid":9,"ctr":6,"byteLength":62,"codecOffset":10}}

[90mstdout[2m | apps/validator-daemon/src/canary/__tests__/mesh-byzantine.test.ts[2m > [22m[2mREQ-RMS-017 — Byzantine under-server attributed to R via the SHIPPED canary pipeline[2m > [22m[2mNEGATIVE control — an all-honest mesh (R also forwards everything) produces NO slash
[22m[39m{"timestamp":"2026-06-22T06:19:19.304Z","level":"INFO","source":"frontend","module":"webrtc/sframe-transform","message":"encrypted frame","context":{"kid":9,"ctr":7,"byteLength":62,"codecOffset":10}}

{"level":30,"time":1782109159304,"pid":29576,"hostname":"Quang","name":"canary/verifier","canaryKid":9,"mediaPackets":8,"byteIdentical":8,"divergences":0,"msg":"canary forwarding verified"}
[90mstdout[2m | apps/validator-daemon/src/canary/__tests__/mesh-byzantine.test.ts[2m > [22m[2mREQ-RMS-017 — Byzantine under-server attributed to R via the SHIPPED canary pipeline[2m > [22m[2mNEGATIVE control — an all-honest mesh (R also forwards everything) produces NO slash
[22m[39m{"timestamp":"2026-06-22T06:19:19.305Z","level":"INFO","source":"frontend","module":"webrtc/sframe-transform","message":"encrypted frame","context":{"kid":9,"ctr":0,"byteLength":62,"codecOffset":10}}

[90mstdout[2m | apps/validator-daemon/src/canary/__tests__/mesh-byzantine.test.ts[2m > [22m[2mREQ-RMS-017 — Byzantine under-server attributed to R via the SHIPPED canary pipeline[2m > [22m[2mNEGATIVE control — an all-honest mesh (R also forwards everything) produces NO slash
[22m[39m{"timestamp":"2026-06-22T06:19:19.305Z","level":"INFO","source":"frontend","module":"webrtc/sframe-transform","message":"encrypted frame","context":{"kid":9,"ctr":1,"byteLength":62,"codecOffset":10}}

[90mstdout[2m | apps/validator-daemon/src/canary/__tests__/mesh-byzantine.test.ts[2m > [22m[2mREQ-RMS-017 — Byzantine under-server attributed to R via the SHIPPED canary pipeline[2m > [22m[2mNEGATIVE control — an all-honest mesh (R also forwards everything) produces NO slash
[22m[39m{"timestamp":"2026-06-22T06:19:19.305Z","level":"INFO","source":"frontend","module":"webrtc/sframe-transform","message":"encrypted frame","context":{"kid":9,"ctr":2,"byteLength":62,"codecOffset":10}}

[90mstdout[2m | apps/validator-daemon/src/canary/__tests__/mesh-byzantine.test.ts[2m > [22m[2mREQ-RMS-017 — Byzantine under-server attributed to R via the SHIPPED canary pipeline[2m > [22m[2mNEGATIVE control — an all-honest mesh (R also forwards everything) produces NO slash
[22m[39m{"timestamp":"2026-06-22T06:19:19.306Z","level":"INFO","source":"frontend","module":"webrtc/sframe-transform","message":"encrypted frame","context":{"kid":9,"ctr":3,"byteLength":62,"codecOffset":10}}

[90mstdout[2m | apps/validator-daemon/src/canary/__tests__/mesh-byzantine.test.ts[2m > [22m[2mREQ-RMS-017 — Byzantine under-server attributed to R via the SHIPPED canary pipeline[2m > [22m[2mNEGATIVE control — an all-honest mesh (R also forwards everything) produces NO slash
[22m[39m{"timestamp":"2026-06-22T06:19:19.306Z","level":"INFO","source":"frontend","module":"webrtc/sframe-transform","message":"encrypted frame","context":{"kid":9,"ctr":4,"byteLength":62,"codecOffset":10}}

[90mstdout[2m | apps/validator-daemon/src/canary/__tests__/mesh-byzantine.test.ts[2m > [22m[2mREQ-RMS-017 — Byzantine under-server attributed to R via the SHIPPED canary pipeline[2m > [22m[2mNEGATIVE control — an all-honest mesh (R also forwards everything) produces NO slash
[22m[39m{"timestamp":"2026-06-22T06:19:19.306Z","level":"INFO","source":"frontend","module":"webrtc/sframe-transform","message":"encrypted frame","context":{"kid":9,"ctr":5,"byteLength":62,"codecOffset":10}}

[90mstdout[2m | apps/validator-daemon/src/canary/__tests__/mesh-byzantine.test.ts[2m > [22m[2mREQ-RMS-017 — Byzantine under-server attributed to R via the SHIPPED canary pipeline[2m > [22m[2mNEGATIVE control — an all-honest mesh (R also forwards everything) produces NO slash
[22m[39m{"timestamp":"2026-06-22T06:19:19.307Z","level":"INFO","source":"frontend","module":"webrtc/sframe-transform","message":"encrypted frame","context":{"kid":9,"ctr":6,"byteLength":62,"codecOffset":10}}

[90mstdout[2m | apps/validator-daemon/src/canary/__tests__/mesh-byzantine.test.ts[2m > [22m[2mREQ-RMS-017 — Byzantine under-server attributed to R via the SHIPPED canary pipeline[2m > [22m[2mNEGATIVE control — an all-honest mesh (R also forwards everything) produces NO slash
[22m[39m{"timestamp":"2026-06-22T06:19:19.307Z","level":"INFO","source":"frontend","module":"webrtc/sframe-transform","message":"encrypted frame","context":{"kid":9,"ctr":7,"byteLength":62,"codecOffset":10}}

{"level":30,"time":1782109159307,"pid":29576,"hostname":"Quang","name":"canary/verifier","canaryKid":9,"mediaPackets":8,"byteIdentical":8,"divergences":0,"msg":"canary forwarding verified"}
{"level":30,"time":1782109159307,"pid":29576,"hostname":"Quang","name":"canary/loss-classifier","relayMinerId":"relay-honest-R2","promoted":0,"absorbed":0,"tampers":0,"cumulativeCrossed":false,"msg":"canary divergences classified (drop gate / tamper p=1)"}
{"level":30,"time":1782109159307,"pid":29576,"hostname":"Quang","name":"canary/verify-loop","round":4,"relayMinerId":"relay-honest-R2","roomId":"mesh-room","perReceiver":2,"promoted":0,"absorbed":0,"stunLossBps":"0","msg":"canary verify round classified (hermetic half — synthetic capture, STUN read live)"}
[90mstdout[2m | apps/validator-daemon/src/canary/__tests__/mesh-byzantine.test.ts[2m > [22m[2mREQ-RMS-017 — Byzantine under-server attributed to R via the SHIPPED canary pipeline[2m > [22m[2mNEGATIVE control — an all-honest mesh (R also forwards everything) produces NO slash
[22m[39m{"timestamp":"2026-06-22T06:19:19.308Z","level":"INFO","source":"frontend","module":"webrtc/sframe-transform","message":"encrypted frame","context":{"kid":9,"ctr":0,"byteLength":62,"codecOffset":10}}

[90mstdout[2m | apps/validator-daemon/src/canary/__tests__/mesh-byzantine.test.ts[2m > [22m[2mREQ-RMS-017 — Byzantine under-server attributed to R via the SHIPPED canary pipeline[2m > [22m[2mNEGATIVE control — an all-honest mesh (R also forwards everything) produces NO slash
[22m[39m{"timestamp":"2026-06-22T06:19:19.308Z","level":"INFO","source":"frontend","module":"webrtc/sframe-transform","message":"encrypted frame","context":{"kid":9,"ctr":1,"byteLength":62,"codecOffset":10}}

[90mstdout[2m | apps/validator-daemon/src/canary/__tests__/mesh-byzantine.test.ts[2m > [22m[2mREQ-RMS-017 — Byzantine under-server attributed to R via the SHIPPED canary pipeline[2m > [22m[2mNEGATIVE control — an all-honest mesh (R also forwards everything) produces NO slash
[22m[39m{"timestamp":"2026-06-22T06:19:19.308Z","level":"INFO","source":"frontend","module":"webrtc/sframe-transform","message":"encrypted frame","context":{"kid":9,"ctr":2,"byteLength":62,"codecOffset":10}}

[90mstdout[2m | apps/validator-daemon/src/canary/__tests__/mesh-byzantine.test.ts[2m > [22m[2mREQ-RMS-017 — Byzantine under-server attributed to R via the SHIPPED canary pipeline[2m > [22m[2mNEGATIVE control — an all-honest mesh (R also forwards everything) produces NO slash
[22m[39m{"timestamp":"2026-06-22T06:19:19.309Z","level":"INFO","source":"frontend","module":"webrtc/sframe-transform","message":"encrypted frame","context":{"kid":9,"ctr":3,"byteLength":62,"codecOffset":10}}

[90mstdout[2m | apps/validator-daemon/src/canary/__tests__/mesh-byzantine.test.ts[2m > [22m[2mREQ-RMS-017 — Byzantine under-server attributed to R via the SHIPPED canary pipeline[2m > [22m[2mNEGATIVE control — an all-honest mesh (R also forwards everything) produces NO slash
[22m[39m{"timestamp":"2026-06-22T06:19:19.309Z","level":"INFO","source":"frontend","module":"webrtc/sframe-transform","message":"encrypted frame","context":{"kid":9,"ctr":4,"byteLength":62,"codecOffset":10}}

[90mstdout[2m | apps/validator-daemon/src/canary/__tests__/mesh-byzantine.test.ts[2m > [22m[2mREQ-RMS-017 — Byzantine under-server attributed to R via the SHIPPED canary pipeline[2m > [22m[2mNEGATIVE control — an all-honest mesh (R also forwards everything) produces NO slash
[22m[39m{"timestamp":"2026-06-22T06:19:19.309Z","level":"INFO","source":"frontend","module":"webrtc/sframe-transform","message":"encrypted frame","context":{"kid":9,"ctr":5,"byteLength":62,"codecOffset":10}}

[90mstdout[2m | apps/validator-daemon/src/canary/__tests__/mesh-byzantine.test.ts[2m > [22m[2mREQ-RMS-017 — Byzantine under-server attributed to R via the SHIPPED canary pipeline[2m > [22m[2mNEGATIVE control — an all-honest mesh (R also forwards everything) produces NO slash
[22m[39m{"timestamp":"2026-06-22T06:19:19.309Z","level":"INFO","source":"frontend","module":"webrtc/sframe-transform","message":"encrypted frame","context":{"kid":9,"ctr":6,"byteLength":62,"codecOffset":10}}

[90mstdout[2m | apps/validator-daemon/src/canary/__tests__/mesh-byzantine.test.ts[2m > [22m[2mREQ-RMS-017 — Byzantine under-server attributed to R via the SHIPPED canary pipeline[2m > [22m[2mNEGATIVE control — an all-honest mesh (R also forwards everything) produces NO slash
[22m[39m{"timestamp":"2026-06-22T06:19:19.310Z","level":"INFO","source":"frontend","module":"webrtc/sframe-transform","message":"encrypted frame","context":{"kid":9,"ctr":7,"byteLength":62,"codecOffset":10}}

[90mstdout[2m | apps/validator-daemon/src/canary/__tests__/mesh-byzantine.test.ts[2m > [22m[2mREQ-RMS-017 — Byzantine under-server attributed to R via the SHIPPED canary pipeline[2m > [22m[2mNEGATIVE control — an all-honest mesh (R also forwards everything) produces NO slash
[22m[39m{"timestamp":"2026-06-22T06:19:19.311Z","level":"INFO","source":"frontend","module":"webrtc/sframe-transform","message":"encrypted frame","context":{"kid":9,"ctr":0,"byteLength":62,"codecOffset":10}}

[90mstdout[2m | apps/validator-daemon/src/canary/__tests__/mesh-byzantine.test.ts[2m > [22m[2mREQ-RMS-017 — Byzantine under-server attributed to R via the SHIPPED canary pipeline[2m > [22m[2mNEGATIVE control — an all-honest mesh (R also forwards everything) produces NO slash
[22m[39m{"timestamp":"2026-06-22T06:19:19.311Z","level":"INFO","source":"frontend","module":"webrtc/sframe-transform","message":"encrypted frame","context":{"kid":9,"ctr":1,"byteLength":62,"codecOffset":10}}

[90mstdout[2m | apps/validator-daemon/src/canary/__tests__/mesh-byzantine.test.ts[2m > [22m[2mREQ-RMS-017 — Byzantine under-server attributed to R via the SHIPPED canary pipeline[2m > [22m[2mNEGATIVE control — an all-honest mesh (R also forwards everything) produces NO slash
[22m[39m{"timestamp":"2026-06-22T06:19:19.312Z","level":"INFO","source":"frontend","module":"webrtc/sframe-transform","message":"encrypted frame","context":{"kid":9,"ctr":2,"byteLength":62,"codecOffset":10}}

[90mstdout[2m | apps/validator-daemon/src/canary/__tests__/mesh-byzantine.test.ts[2m > [22m[2mREQ-RMS-017 — Byzantine under-server attributed to R via the SHIPPED canary pipeline[2m > [22m[2mNEGATIVE control — an all-honest mesh (R also forwards everything) produces NO slash
[22m[39m{"timestamp":"2026-06-22T06:19:19.312Z","level":"INFO","source":"frontend","module":"webrtc/sframe-transform","message":"encrypted frame","context":{"kid":9,"ctr":3,"byteLength":62,"codecOffset":10}}

[90mstdout[2m | apps/validator-daemon/src/canary/__tests__/mesh-byzantine.test.ts[2m > [22m[2mREQ-RMS-017 — Byzantine under-server attributed to R via the SHIPPED canary pipeline[2m > [22m[2mNEGATIVE control — an all-honest mesh (R also forwards everything) produces NO slash
[22m[39m{"timestamp":"2026-06-22T06:19:19.313Z","level":"INFO","source":"frontend","module":"webrtc/sframe-transform","message":"encrypted frame","context":{"kid":9,"ctr":4,"byteLength":62,"codecOffset":10}}

[90mstdout[2m | apps/validator-daemon/src/canary/__tests__/mesh-byzantine.test.ts[2m > [22m[2mREQ-RMS-017 — Byzantine under-server attributed to R via the SHIPPED canary pipeline[2m > [22m[2mNEGATIVE control — an all-honest mesh (R also forwards everything) produces NO slash
[22m[39m{"timestamp":"2026-06-22T06:19:19.313Z","level":"INFO","source":"frontend","module":"webrtc/sframe-transform","message":"encrypted frame","context":{"kid":9,"ctr":5,"byteLength":62,"codecOffset":10}}

[90mstdout[2m | apps/validator-daemon/src/canary/__tests__/mesh-byzantine.test.ts[2m > [22m[2mREQ-RMS-017 — Byzantine under-server attributed to R via the SHIPPED canary pipeline[2m > [22m[2mNEGATIVE control — an all-honest mesh (R also forwards everything) produces NO slash
[22m[39m{"timestamp":"2026-06-22T06:19:19.313Z","level":"INFO","source":"frontend","module":"webrtc/sframe-transform","message":"encrypted frame","context":{"kid":9,"ctr":6,"byteLength":62,"codecOffset":10}}

[90mstdout[2m | apps/validator-daemon/src/canary/__tests__/mesh-byzantine.test.ts[2m > [22m[2mREQ-RMS-017 — Byzantine under-server attributed to R via the SHIPPED canary pipeline[2m > [22m[2mNEGATIVE control — an all-honest mesh (R also forwards everything) produces NO slash
[22m[39m{"timestamp":"2026-06-22T06:19:19.314Z","level":"INFO","source":"frontend","module":"webrtc/sframe-transform","message":"encrypted frame","context":{"kid":9,"ctr":7,"byteLength":62,"codecOffset":10}}

{"level":30,"time":1782109159314,"pid":29576,"hostname":"Quang","name":"canary/verifier","canaryKid":9,"mediaPackets":8,"byteIdentical":8,"divergences":0,"msg":"canary forwarding verified"}
[90mstdout[2m | apps/validator-daemon/src/canary/__tests__/mesh-byzantine.test.ts[2m > [22m[2mREQ-RMS-017 — Byzantine under-server attributed to R via the SHIPPED canary pipeline[2m > [22m[2mNEGATIVE control — an all-honest mesh (R also forwards everything) produces NO slash
[22m[39m{"timestamp":"2026-06-22T06:19:19.314Z","level":"INFO","source":"frontend","module":"webrtc/sframe-transform","message":"encrypted frame","context":{"kid":9,"ctr":0,"byteLength":62,"codecOffset":10}}

[90mstdout[2m | apps/validator-daemon/src/canary/__tests__/mesh-byzantine.test.ts[2m > [22m[2mREQ-RMS-017 — Byzantine under-server attributed to R via the SHIPPED canary pipeline[2m > [22m[2mNEGATIVE control — an all-honest mesh (R also forwards everything) produces NO slash
[22m[39m{"timestamp":"2026-06-22T06:19:19.315Z","level":"INFO","source":"frontend","module":"webrtc/sframe-transform","message":"encrypted frame","context":{"kid":9,"ctr":1,"byteLength":62,"codecOffset":10}}

[90mstdout[2m | apps/validator-daemon/src/canary/__tests__/mesh-byzantine.test.ts[2m > [22m[2mREQ-RMS-017 — Byzantine under-server attributed to R via the SHIPPED canary pipeline[2m > [22m[2mNEGATIVE control — an all-honest mesh (R also forwards everything) produces NO slash
[22m[39m{"timestamp":"2026-06-22T06:19:19.315Z","level":"INFO","source":"frontend","module":"webrtc/sframe-transform","message":"encrypted frame","context":{"kid":9,"ctr":2,"byteLength":62,"codecOffset":10}}

[90mstdout[2m | apps/validator-daemon/src/canary/__tests__/mesh-byzantine.test.ts[2m > [22m[2mREQ-RMS-017 — Byzantine under-server attributed to R via the SHIPPED canary pipeline[2m > [22m[2mNEGATIVE control — an all-honest mesh (R also forwards everything) produces NO slash
[22m[39m{"timestamp":"2026-06-22T06:19:19.315Z","level":"INFO","source":"frontend","module":"webrtc/sframe-transform","message":"encrypted frame","context":{"kid":9,"ctr":3,"byteLength":62,"codecOffset":10}}

[90mstdout[2m | apps/validator-daemon/src/canary/__tests__/mesh-byzantine.test.ts[2m > [22m[2mREQ-RMS-017 — Byzantine under-server attributed to R via the SHIPPED canary pipeline[2m > [22m[2mNEGATIVE control — an all-honest mesh (R also forwards everything) produces NO slash
[22m[39m{"timestamp":"2026-06-22T06:19:19.316Z","level":"INFO","source":"frontend","module":"webrtc/sframe-transform","message":"encrypted frame","context":{"kid":9,"ctr":4,"byteLength":62,"codecOffset":10}}

[90mstdout[2m | apps/validator-daemon/src/canary/__tests__/mesh-byzantine.test.ts[2m > [22m[2mREQ-RMS-017 — Byzantine under-server attributed to R via the SHIPPED canary pipeline[2m > [22m[2mNEGATIVE control — an all-honest mesh (R also forwards everything) produces NO slash
[22m[39m{"timestamp":"2026-06-22T06:19:19.316Z","level":"INFO","source":"frontend","module":"webrtc/sframe-transform","message":"encrypted frame","context":{"kid":9,"ctr":5,"byteLength":62,"codecOffset":10}}

[90mstdout[2m | apps/validator-daemon/src/canary/__tests__/mesh-byzantine.test.ts[2m > [22m[2mREQ-RMS-017 — Byzantine under-server attributed to R via the SHIPPED canary pipeline[2m > [22m[2mNEGATIVE control — an all-honest mesh (R also forwards everything) produces NO slash
[22m[39m{"timestamp":"2026-06-22T06:19:19.316Z","level":"INFO","source":"frontend","module":"webrtc/sframe-transform","message":"encrypted frame","context":{"kid":9,"ctr":6,"byteLength":62,"codecOffset":10}}

[90mstdout[2m | apps/validator-daemon/src/canary/__tests__/mesh-byzantine.test.ts[2m > [22m[2mREQ-RMS-017 — Byzantine under-server attributed to R via the SHIPPED canary pipeline[2m > [22m[2mNEGATIVE control — an all-honest mesh (R also forwards everything) produces NO slash
[22m[39m{"timestamp":"2026-06-22T06:19:19.317Z","level":"INFO","source":"frontend","module":"webrtc/sframe-transform","message":"encrypted frame","context":{"kid":9,"ctr":7,"byteLength":62,"codecOffset":10}}

{"level":30,"time":1782109159317,"pid":29576,"hostname":"Quang","name":"canary/verifier","canaryKid":9,"mediaPackets":8,"byteIdentical":8,"divergences":0,"msg":"canary forwarding verified"}
{"level":30,"time":1782109159317,"pid":29576,"hostname":"Quang","name":"canary/loss-classifier","relayMinerId":"relay-byzantine-R","promoted":0,"absorbed":0,"tampers":0,"cumulativeCrossed":false,"msg":"canary divergences classified (drop gate / tamper p=1)"}
{"level":30,"time":1782109159317,"pid":29576,"hostname":"Quang","name":"canary/verify-loop","round":5,"relayMinerId":"relay-byzantine-R","roomId":"mesh-room","perReceiver":2,"promoted":0,"absorbed":0,"stunLossBps":"0","msg":"canary verify round classified (hermetic half — synthetic capture, STUN read live)"}
[90mstdout[2m | apps/validator-daemon/src/canary/__tests__/mesh-byzantine.test.ts[2m > [22m[2mREQ-RMS-017 — Byzantine under-server attributed to R via the SHIPPED canary pipeline[2m > [22m[2mNEGATIVE control — an all-honest mesh (R also forwards everything) produces NO slash
[22m[39m{"timestamp":"2026-06-22T06:19:19.317Z","level":"INFO","source":"frontend","module":"webrtc/sframe-transform","message":"encrypted frame","context":{"kid":9,"ctr":0,"byteLength":62,"codecOffset":10}}

[90mstdout[2m | apps/validator-daemon/src/canary/__tests__/mesh-byzantine.test.ts[2m > [22m[2mREQ-RMS-017 — Byzantine under-server attributed to R via the SHIPPED canary pipeline[2m > [22m[2mNEGATIVE control — an all-honest mesh (R also forwards everything) produces NO slash
[22m[39m{"timestamp":"2026-06-22T06:19:19.318Z","level":"INFO","source":"frontend","module":"webrtc/sframe-transform","message":"encrypted frame","context":{"kid":9,"ctr":1,"byteLength":62,"codecOffset":10}}

[90mstdout[2m | apps/validator-daemon/src/canary/__tests__/mesh-byzantine.test.ts[2m > [22m[2mREQ-RMS-017 — Byzantine under-server attributed to R via the SHIPPED canary pipeline[2m > [22m[2mNEGATIVE control — an all-honest mesh (R also forwards everything) produces NO slash
[22m[39m{"timestamp":"2026-06-22T06:19:19.318Z","level":"INFO","source":"frontend","module":"webrtc/sframe-transform","message":"encrypted frame","context":{"kid":9,"ctr":2,"byteLength":62,"codecOffset":10}}

[90mstdout[2m | apps/validator-daemon/src/canary/__tests__/mesh-byzantine.test.ts[2m > [22m[2mREQ-RMS-017 — Byzantine under-server attributed to R via the SHIPPED canary pipeline[2m > [22m[2mNEGATIVE control — an all-honest mesh (R also forwards everything) produces NO slash
[22m[39m{"timestamp":"2026-06-22T06:19:19.318Z","level":"INFO","source":"frontend","module":"webrtc/sframe-transform","message":"encrypted frame","context":{"kid":9,"ctr":3,"byteLength":62,"codecOffset":10}}

[90mstdout[2m | apps/validator-daemon/src/canary/__tests__/mesh-byzantine.test.ts[2m > [22m[2mREQ-RMS-017 — Byzantine under-server attributed to R via the SHIPPED canary pipeline[2m > [22m[2mNEGATIVE control — an all-honest mesh (R also forwards everything) produces NO slash
[22m[39m{"timestamp":"2026-06-22T06:19:19.319Z","level":"INFO","source":"frontend","module":"webrtc/sframe-transform","message":"encrypted frame","context":{"kid":9,"ctr":4,"byteLength":62,"codecOffset":10}}

[90mstdout[2m | apps/validator-daemon/src/canary/__tests__/mesh-byzantine.test.ts[2m > [22m[2mREQ-RMS-017 — Byzantine under-server attributed to R via the SHIPPED canary pipeline[2m > [22m[2mNEGATIVE control — an all-honest mesh (R also forwards everything) produces NO slash
[22m[39m{"timestamp":"2026-06-22T06:19:19.319Z","level":"INFO","source":"frontend","module":"webrtc/sframe-transform","message":"encrypted frame","context":{"kid":9,"ctr":5,"byteLength":62,"codecOffset":10}}

[90mstdout[2m | apps/validator-daemon/src/canary/__tests__/mesh-byzantine.test.ts[2m > [22m[2mREQ-RMS-017 — Byzantine under-server attributed to R via the SHIPPED canary pipeline[2m > [22m[2mNEGATIVE control — an all-honest mesh (R also forwards everything) produces NO slash
[22m[39m{"timestamp":"2026-06-22T06:19:19.319Z","level":"INFO","source":"frontend","module":"webrtc/sframe-transform","message":"encrypted frame","context":{"kid":9,"ctr":6,"byteLength":62,"codecOffset":10}}

[90mstdout[2m | apps/validator-daemon/src/canary/__tests__/mesh-byzantine.test.ts[2m > [22m[2mREQ-RMS-017 — Byzantine under-server attributed to R via the SHIPPED canary pipeline[2m > [22m[2mNEGATIVE control — an all-honest mesh (R also forwards everything) produces NO slash
[22m[39m{"timestamp":"2026-06-22T06:19:19.320Z","level":"INFO","source":"frontend","module":"webrtc/sframe-transform","message":"encrypted frame","context":{"kid":9,"ctr":7,"byteLength":62,"codecOffset":10}}

[90mstdout[2m | apps/validator-daemon/src/canary/__tests__/mesh-byzantine.test.ts[2m > [22m[2mREQ-RMS-017 — Byzantine under-server attributed to R via the SHIPPED canary pipeline[2m > [22m[2mNEGATIVE control — an all-honest mesh (R also forwards everything) produces NO slash
[22m[39m{"timestamp":"2026-06-22T06:19:19.320Z","level":"INFO","source":"frontend","module":"webrtc/sframe-transform","message":"encrypted frame","context":{"kid":9,"ctr":0,"byteLength":62,"codecOffset":10}}

[90mstdout[2m | apps/validator-daemon/src/canary/__tests__/mesh-byzantine.test.ts[2m > [22m[2mREQ-RMS-017 — Byzantine under-server attributed to R via the SHIPPED canary pipeline[2m > [22m[2mNEGATIVE control — an all-honest mesh (R also forwards everything) produces NO slash
[22m[39m{"timestamp":"2026-06-22T06:19:19.320Z","level":"INFO","source":"frontend","module":"webrtc/sframe-transform","message":"encrypted frame","context":{"kid":9,"ctr":1,"byteLength":62,"codecOffset":10}}

[90mstdout[2m | apps/validator-daemon/src/canary/__tests__/mesh-byzantine.test.ts[2m > [22m[2mREQ-RMS-017 — Byzantine under-server attributed to R via the SHIPPED canary pipeline[2m > [22m[2mNEGATIVE control — an all-honest mesh (R also forwards everything) produces NO slash
[22m[39m{"timestamp":"2026-06-22T06:19:19.321Z","level":"INFO","source":"frontend","module":"webrtc/sframe-transform","message":"encrypted frame","context":{"kid":9,"ctr":2,"byteLength":62,"codecOffset":10}}

[90mstdout[2m | apps/validator-daemon/src/canary/__tests__/mesh-byzantine.test.ts[2m > [22m[2mREQ-RMS-017 — Byzantine under-server attributed to R via the SHIPPED canary pipeline[2m > [22m[2mNEGATIVE control — an all-honest mesh (R also forwards everything) produces NO slash
[22m[39m{"timestamp":"2026-06-22T06:19:19.321Z","level":"INFO","source":"frontend","module":"webrtc/sframe-transform","message":"encrypted frame","context":{"kid":9,"ctr":3,"byteLength":62,"codecOffset":10}}

[90mstdout[2m | apps/validator-daemon/src/canary/__tests__/mesh-byzantine.test.ts[2m > [22m[2mREQ-RMS-017 — Byzantine under-server attributed to R via the SHIPPED canary pipeline[2m > [22m[2mNEGATIVE control — an all-honest mesh (R also forwards everything) produces NO slash
[22m[39m{"timestamp":"2026-06-22T06:19:19.322Z","level":"INFO","source":"frontend","module":"webrtc/sframe-transform","message":"encrypted frame","context":{"kid":9,"ctr":4,"byteLength":62,"codecOffset":10}}

[90mstdout[2m | apps/validator-daemon/src/canary/__tests__/mesh-byzantine.test.ts[2m > [22m[2mREQ-RMS-017 — Byzantine under-server attributed to R via the SHIPPED canary pipeline[2m > [22m[2mNEGATIVE control — an all-honest mesh (R also forwards everything) produces NO slash
[22m[39m{"timestamp":"2026-06-22T06:19:19.322Z","level":"INFO","source":"frontend","module":"webrtc/sframe-transform","message":"encrypted frame","context":{"kid":9,"ctr":5,"byteLength":62,"codecOffset":10}}

[90mstdout[2m | apps/validator-daemon/src/canary/__tests__/mesh-byzantine.test.ts[2m > [22m[2mREQ-RMS-017 — Byzantine under-server attributed to R via the SHIPPED canary pipeline[2m > [22m[2mNEGATIVE control — an all-honest mesh (R also forwards everything) produces NO slash
[22m[39m{"timestamp":"2026-06-22T06:19:19.323Z","level":"INFO","source":"frontend","module":"webrtc/sframe-transform","message":"encrypted frame","context":{"kid":9,"ctr":6,"byteLength":62,"codecOffset":10}}

[90mstdout[2m | apps/validator-daemon/src/canary/__tests__/mesh-byzantine.test.ts[2m > [22m[2mREQ-RMS-017 — Byzantine under-server attributed to R via the SHIPPED canary pipeline[2m > [22m[2mNEGATIVE control — an all-honest mesh (R also forwards everything) produces NO slash
[22m[39m{"timestamp":"2026-06-22T06:19:19.323Z","level":"INFO","source":"frontend","module":"webrtc/sframe-transform","message":"encrypted frame","context":{"kid":9,"ctr":7,"byteLength":62,"codecOffset":10}}

{"level":30,"time":1782109159323,"pid":29576,"hostname":"Quang","name":"canary/verifier","canaryKid":9,"mediaPackets":8,"byteIdentical":8,"divergences":0,"msg":"canary forwarding verified"}
[90mstdout[2m | apps/validator-daemon/src/canary/__tests__/mesh-byzantine.test.ts[2m > [22m[2mREQ-RMS-017 — Byzantine under-server attributed to R via the SHIPPED canary pipeline[2m > [22m[2mNEGATIVE control — an all-honest mesh (R also forwards everything) produces NO slash
[22m[39m{"timestamp":"2026-06-22T06:19:19.323Z","level":"INFO","source":"frontend","module":"webrtc/sframe-transform","message":"encrypted frame","context":{"kid":9,"ctr":0,"byteLength":62,"codecOffset":10}}

[90mstdout[2m | apps/validator-daemon/src/canary/__tests__/mesh-byzantine.test.ts[2m > [22m[2mREQ-RMS-017 — Byzantine under-server attributed to R via the SHIPPED canary pipeline[2m > [22m[2mNEGATIVE control — an all-honest mesh (R also forwards everything) produces NO slash
[22m[39m{"timestamp":"2026-06-22T06:19:19.324Z","level":"INFO","source":"frontend","module":"webrtc/sframe-transform","message":"encrypted frame","context":{"kid":9,"ctr":1,"byteLength":62,"codecOffset":10}}

[90mstdout[2m | apps/validator-daemon/src/canary/__tests__/mesh-byzantine.test.ts[2m > [22m[2mREQ-RMS-017 — Byzantine under-server attributed to R via the SHIPPED canary pipeline[2m > [22m[2mNEGATIVE control — an all-honest mesh (R also forwards everything) produces NO slash
[22m[39m{"timestamp":"2026-06-22T06:19:19.324Z","level":"INFO","source":"frontend","module":"webrtc/sframe-transform","message":"encrypted frame","context":{"kid":9,"ctr":2,"byteLength":62,"codecOffset":10}}

[90mstdout[2m | apps/validator-daemon/src/canary/__tests__/mesh-byzantine.test.ts[2m > [22m[2mREQ-RMS-017 — Byzantine under-server attributed to R via the SHIPPED canary pipeline[2m > [22m[2mNEGATIVE control — an all-honest mesh (R also forwards everything) produces NO slash
[22m[39m{"timestamp":"2026-06-22T06:19:19.324Z","level":"INFO","source":"frontend","module":"webrtc/sframe-transform","message":"encrypted frame","context":{"kid":9,"ctr":3,"byteLength":62,"codecOffset":10}}

[90mstdout[2m | apps/validator-daemon/src/canary/__tests__/mesh-byzantine.test.ts[2m > [22m[2mREQ-RMS-017 — Byzantine under-server attributed to R via the SHIPPED canary pipeline[2m > [22m[2mNEGATIVE control — an all-honest mesh (R also forwards everything) produces NO slash
[22m[39m{"timestamp":"2026-06-22T06:19:19.325Z","level":"INFO","source":"frontend","module":"webrtc/sframe-transform","message":"encrypted frame","context":{"kid":9,"ctr":4,"byteLength":62,"codecOffset":10}}

[90mstdout[2m | apps/validator-daemon/src/canary/__tests__/mesh-byzantine.test.ts[2m > [22m[2mREQ-RMS-017 — Byzantine under-server attributed to R via the SHIPPED canary pipeline[2m > [22m[2mNEGATIVE control — an all-honest mesh (R also forwards everything) produces NO slash
[22m[39m{"timestamp":"2026-06-22T06:19:19.325Z","level":"INFO","source":"frontend","module":"webrtc/sframe-transform","message":"encrypted frame","context":{"kid":9,"ctr":5,"byteLength":62,"codecOffset":10}}

[90mstdout[2m | apps/validator-daemon/src/canary/__tests__/mesh-byzantine.test.ts[2m > [22m[2mREQ-RMS-017 — Byzantine under-server attributed to R via the SHIPPED canary pipeline[2m > [22m[2mNEGATIVE control — an all-honest mesh (R also forwards everything) produces NO slash
[22m[39m{"timestamp":"2026-06-22T06:19:19.325Z","level":"INFO","source":"frontend","module":"webrtc/sframe-transform","message":"encrypted frame","context":{"kid":9,"ctr":6,"byteLength":62,"codecOffset":10}}

[90mstdout[2m | apps/validator-daemon/src/canary/__tests__/mesh-byzantine.test.ts[2m > [22m[2mREQ-RMS-017 — Byzantine under-server attributed to R via the SHIPPED canary pipeline[2m > [22m[2mNEGATIVE control — an all-honest mesh (R also forwards everything) produces NO slash
[22m[39m{"timestamp":"2026-06-22T06:19:19.325Z","level":"INFO","source":"frontend","module":"webrtc/sframe-transform","message":"encrypted frame","context":{"kid":9,"ctr":7,"byteLength":62,"codecOffset":10}}

{"level":30,"time":1782109159326,"pid":29576,"hostname":"Quang","name":"canary/verifier","canaryKid":9,"mediaPackets":8,"byteIdentical":8,"divergences":0,"msg":"canary forwarding verified"}
{"level":30,"time":1782109159326,"pid":29576,"hostname":"Quang","name":"canary/loss-classifier","relayMinerId":"relay-honest-R2","promoted":0,"absorbed":0,"tampers":0,"cumulativeCrossed":false,"msg":"canary divergences classified (drop gate / tamper p=1)"}
{"level":30,"time":1782109159326,"pid":29576,"hostname":"Quang","name":"canary/verify-loop","round":5,"relayMinerId":"relay-honest-R2","roomId":"mesh-room","perReceiver":2,"promoted":0,"absorbed":0,"stunLossBps":"0","msg":"canary verify round classified (hermetic half — synthetic capture, STUN read live)"}
[90mstdout[2m | apps/validator-daemon/src/canary/__tests__/mesh-byzantine.test.ts[2m > [22m[2mREQ-RMS-017 — Byzantine under-server attributed to R via the SHIPPED canary pipeline[2m > [22m[2mNEGATIVE control — an all-honest mesh (R also forwards everything) produces NO slash
[22m[39m{"timestamp":"2026-06-22T06:19:19.326Z","level":"INFO","source":"frontend","module":"webrtc/sframe-transform","message":"encrypted frame","context":{"kid":9,"ctr":0,"byteLength":62,"codecOffset":10}}

[90mstdout[2m | apps/validator-daemon/src/canary/__tests__/mesh-byzantine.test.ts[2m > [22m[2mREQ-RMS-017 — Byzantine under-server attributed to R via the SHIPPED canary pipeline[2m > [22m[2mNEGATIVE control — an all-honest mesh (R also forwards everything) produces NO slash
[22m[39m{"timestamp":"2026-06-22T06:19:19.326Z","level":"INFO","source":"frontend","module":"webrtc/sframe-transform","message":"encrypted frame","context":{"kid":9,"ctr":1,"byteLength":62,"codecOffset":10}}

[90mstdout[2m | apps/validator-daemon/src/canary/__tests__/mesh-byzantine.test.ts[2m > [22m[2mREQ-RMS-017 — Byzantine under-server attributed to R via the SHIPPED canary pipeline[2m > [22m[2mNEGATIVE control — an all-honest mesh (R also forwards everything) produces NO slash
[22m[39m{"timestamp":"2026-06-22T06:19:19.327Z","level":"INFO","source":"frontend","module":"webrtc/sframe-transform","message":"encrypted frame","context":{"kid":9,"ctr":2,"byteLength":62,"codecOffset":10}}

[90mstdout[2m | apps/validator-daemon/src/canary/__tests__/mesh-byzantine.test.ts[2m > [22m[2mREQ-RMS-017 — Byzantine under-server attributed to R via the SHIPPED canary pipeline[2m > [22m[2mNEGATIVE control — an all-honest mesh (R also forwards everything) produces NO slash
[22m[39m{"timestamp":"2026-06-22T06:19:19.327Z","level":"INFO","source":"frontend","module":"webrtc/sframe-transform","message":"encrypted frame","context":{"kid":9,"ctr":3,"byteLength":62,"codecOffset":10}}

[90mstdout[2m | apps/validator-daemon/src/canary/__tests__/mesh-byzantine.test.ts[2m > [22m[2mREQ-RMS-017 — Byzantine under-server attributed to R via the SHIPPED canary pipeline[2m > [22m[2mNEGATIVE control — an all-honest mesh (R also forwards everything) produces NO slash
[22m[39m{"timestamp":"2026-06-22T06:19:19.327Z","level":"INFO","source":"frontend","module":"webrtc/sframe-transform","message":"encrypted frame","context":{"kid":9,"ctr":4,"byteLength":62,"codecOffset":10}}

[90mstdout[2m | apps/validator-daemon/src/canary/__tests__/mesh-byzantine.test.ts[2m > [22m[2mREQ-RMS-017 — Byzantine under-server attributed to R via the SHIPPED canary pipeline[2m > [22m[2mNEGATIVE control — an all-honest mesh (R also forwards everything) produces NO slash
[22m[39m{"timestamp":"2026-06-22T06:19:19.327Z","level":"INFO","source":"frontend","module":"webrtc/sframe-transform","message":"encrypted frame","context":{"kid":9,"ctr":5,"byteLength":62,"codecOffset":10}}

[90mstdout[2m | apps/validator-daemon/src/canary/__tests__/mesh-byzantine.test.ts[2m > [22m[2mREQ-RMS-017 — Byzantine under-server attributed to R via the SHIPPED canary pipeline[2m > [22m[2mNEGATIVE control — an all-honest mesh (R also forwards everything) produces NO slash
[22m[39m{"timestamp":"2026-06-22T06:19:19.328Z","level":"INFO","source":"frontend","module":"webrtc/sframe-transform","message":"encrypted frame","context":{"kid":9,"ctr":6,"byteLength":62,"codecOffset":10}}

[90mstdout[2m | apps/validator-daemon/src/canary/__tests__/mesh-byzantine.test.ts[2m > [22m[2mREQ-RMS-017 — Byzantine under-server attributed to R via the SHIPPED canary pipeline[2m > [22m[2mNEGATIVE control — an all-honest mesh (R also forwards everything) produces NO slash
[22m[39m{"timestamp":"2026-06-22T06:19:19.328Z","level":"INFO","source":"frontend","module":"webrtc/sframe-transform","message":"encrypted frame","context":{"kid":9,"ctr":7,"byteLength":62,"codecOffset":10}}

[90mstdout[2m | apps/validator-daemon/src/canary/__tests__/mesh-byzantine.test.ts[2m > [22m[2mREQ-RMS-017 — Byzantine under-server attributed to R via the SHIPPED canary pipeline[2m > [22m[2mNEGATIVE control — an all-honest mesh (R also forwards everything) produces NO slash
[22m[39m{"timestamp":"2026-06-22T06:19:19.328Z","level":"INFO","source":"frontend","module":"webrtc/sframe-transform","message":"encrypted frame","context":{"kid":9,"ctr":0,"byteLength":62,"codecOffset":10}}

[90mstdout[2m | apps/validator-daemon/src/canary/__tests__/mesh-byzantine.test.ts[2m > [22m[2mREQ-RMS-017 — Byzantine under-server attributed to R via the SHIPPED canary pipeline[2m > [22m[2mNEGATIVE control — an all-honest mesh (R also forwards everything) produces NO slash
[22m[39m{"timestamp":"2026-06-22T06:19:19.329Z","level":"INFO","source":"frontend","module":"webrtc/sframe-transform","message":"encrypted frame","context":{"kid":9,"ctr":1,"byteLength":62,"codecOffset":10}}

[90mstdout[2m | apps/validator-daemon/src/canary/__tests__/mesh-byzantine.test.ts[2m > [22m[2mREQ-RMS-017 — Byzantine under-server attributed to R via the SHIPPED canary pipeline[2m > [22m[2mNEGATIVE control — an all-honest mesh (R also forwards everything) produces NO slash
[22m[39m{"timestamp":"2026-06-22T06:19:19.329Z","level":"INFO","source":"frontend","module":"webrtc/sframe-transform","message":"encrypted frame","context":{"kid":9,"ctr":2,"byteLength":62,"codecOffset":10}}

[90mstdout[2m | apps/validator-daemon/src/canary/__tests__/mesh-byzantine.test.ts[2m > [22m[2mREQ-RMS-017 — Byzantine under-server attributed to R via the SHIPPED canary pipeline[2m > [22m[2mNEGATIVE control — an all-honest mesh (R also forwards everything) produces NO slash
[22m[39m{"timestamp":"2026-06-22T06:19:19.329Z","level":"INFO","source":"frontend","module":"webrtc/sframe-transform","message":"encrypted frame","context":{"kid":9,"ctr":3,"byteLength":62,"codecOffset":10}}

[90mstdout[2m | apps/validator-daemon/src/canary/__tests__/mesh-byzantine.test.ts[2m > [22m[2mREQ-RMS-017 — Byzantine under-server attributed to R via the SHIPPED canary pipeline[2m > [22m[2mNEGATIVE control — an all-honest mesh (R also forwards everything) produces NO slash
[22m[39m{"timestamp":"2026-06-22T06:19:19.330Z","level":"INFO","source":"frontend","module":"webrtc/sframe-transform","message":"encrypted frame","context":{"kid":9,"ctr":4,"byteLength":62,"codecOffset":10}}

[90mstdout[2m | apps/validator-daemon/src/canary/__tests__/mesh-byzantine.test.ts[2m > [22m[2mREQ-RMS-017 — Byzantine under-server attributed to R via the SHIPPED canary pipeline[2m > [22m[2mNEGATIVE control — an all-honest mesh (R also forwards everything) produces NO slash
[22m[39m{"timestamp":"2026-06-22T06:19:19.330Z","level":"INFO","source":"frontend","module":"webrtc/sframe-transform","message":"encrypted frame","context":{"kid":9,"ctr":5,"byteLength":62,"codecOffset":10}}

[90mstdout[2m | apps/validator-daemon/src/canary/__tests__/mesh-byzantine.test.ts[2m > [22m[2mREQ-RMS-017 — Byzantine under-server attributed to R via the SHIPPED canary pipeline[2m > [22m[2mNEGATIVE control — an all-honest mesh (R also forwards everything) produces NO slash
[22m[39m{"timestamp":"2026-06-22T06:19:19.330Z","level":"INFO","source":"frontend","module":"webrtc/sframe-transform","message":"encrypted frame","context":{"kid":9,"ctr":6,"byteLength":62,"codecOffset":10}}

[90mstdout[2m | apps/validator-daemon/src/canary/__tests__/mesh-byzantine.test.ts[2m > [22m[2mREQ-RMS-017 — Byzantine under-server attributed to R via the SHIPPED canary pipeline[2m > [22m[2mNEGATIVE control — an all-honest mesh (R also forwards everything) produces NO slash
[22m[39m{"timestamp":"2026-06-22T06:19:19.331Z","level":"INFO","source":"frontend","module":"webrtc/sframe-transform","message":"encrypted frame","context":{"kid":9,"ctr":7,"byteLength":62,"codecOffset":10}}

{"level":30,"time":1782109159331,"pid":29576,"hostname":"Quang","name":"canary/verifier","canaryKid":9,"mediaPackets":8,"byteIdentical":8,"divergences":0,"msg":"canary forwarding verified"}
[90mstdout[2m | apps/validator-daemon/src/canary/__tests__/mesh-byzantine.test.ts[2m > [22m[2mREQ-RMS-017 — Byzantine under-server attributed to R via the SHIPPED canary pipeline[2m > [22m[2mNEGATIVE control — an all-honest mesh (R also forwards everything) produces NO slash
[22m[39m{"timestamp":"2026-06-22T06:19:19.331Z","level":"INFO","source":"frontend","module":"webrtc/sframe-transform","message":"encrypted frame","context":{"kid":9,"ctr":0,"byteLength":62,"codecOffset":10}}

[90mstdout[2m | apps/validator-daemon/src/canary/__tests__/mesh-byzantine.test.ts[2m > [22m[2mREQ-RMS-017 — Byzantine under-server attributed to R via the SHIPPED canary pipeline[2m > [22m[2mNEGATIVE control — an all-honest mesh (R also forwards everything) produces NO slash
[22m[39m{"timestamp":"2026-06-22T06:19:19.331Z","level":"INFO","source":"frontend","module":"webrtc/sframe-transform","message":"encrypted frame","context":{"kid":9,"ctr":1,"byteLength":62,"codecOffset":10}}

[90mstdout[2m | apps/validator-daemon/src/canary/__tests__/mesh-byzantine.test.ts[2m > [22m[2mREQ-RMS-017 — Byzantine under-server attributed to R via the SHIPPED canary pipeline[2m > [22m[2mNEGATIVE control — an all-honest mesh (R also forwards everything) produces NO slash
[22m[39m{"timestamp":"2026-06-22T06:19:19.332Z","level":"INFO","source":"frontend","module":"webrtc/sframe-transform","message":"encrypted frame","context":{"kid":9,"ctr":2,"byteLength":62,"codecOffset":10}}

[90mstdout[2m | apps/validator-daemon/src/canary/__tests__/mesh-byzantine.test.ts[2m > [22m[2mREQ-RMS-017 — Byzantine under-server attributed to R via the SHIPPED canary pipeline[2m > [22m[2mNEGATIVE control — an all-honest mesh (R also forwards everything) produces NO slash
[22m[39m{"timestamp":"2026-06-22T06:19:19.332Z","level":"INFO","source":"frontend","module":"webrtc/sframe-transform","message":"encrypted frame","context":{"kid":9,"ctr":3,"byteLength":62,"codecOffset":10}}

[90mstdout[2m | apps/validator-daemon/src/canary/__tests__/mesh-byzantine.test.ts[2m > [22m[2mREQ-RMS-017 — Byzantine under-server attributed to R via the SHIPPED canary pipeline[2m > [22m[2mNEGATIVE control — an all-honest mesh (R also forwards everything) produces NO slash
[22m[39m{"timestamp":"2026-06-22T06:19:19.332Z","level":"INFO","source":"frontend","module":"webrtc/sframe-transform","message":"encrypted frame","context":{"kid":9,"ctr":4,"byteLength":62,"codecOffset":10}}

[90mstdout[2m | apps/validator-daemon/src/canary/__tests__/mesh-byzantine.test.ts[2m > [22m[2mREQ-RMS-017 — Byzantine under-server attributed to R via the SHIPPED canary pipeline[2m > [22m[2mNEGATIVE control — an all-honest mesh (R also forwards everything) produces NO slash
[22m[39m{"timestamp":"2026-06-22T06:19:19.333Z","level":"INFO","source":"frontend","module":"webrtc/sframe-transform","message":"encrypted frame","context":{"kid":9,"ctr":5,"byteLength":62,"codecOffset":10}}

[90mstdout[2m | apps/validator-daemon/src/canary/__tests__/mesh-byzantine.test.ts[2m > [22m[2mREQ-RMS-017 — Byzantine under-server attributed to R via the SHIPPED canary pipeline[2m > [22m[2mNEGATIVE control — an all-honest mesh (R also forwards everything) produces NO slash
[22m[39m{"timestamp":"2026-06-22T06:19:19.333Z","level":"INFO","source":"frontend","module":"webrtc/sframe-transform","message":"encrypted frame","context":{"kid":9,"ctr":6,"byteLength":62,"codecOffset":10}}

[90mstdout[2m | apps/validator-daemon/src/canary/__tests__/mesh-byzantine.test.ts[2m > [22m[2mREQ-RMS-017 — Byzantine under-server attributed to R via the SHIPPED canary pipeline[2m > [22m[2mNEGATIVE control — an all-honest mesh (R also forwards everything) produces NO slash
[22m[39m{"timestamp":"2026-06-22T06:19:19.333Z","level":"INFO","source":"frontend","module":"webrtc/sframe-transform","message":"encrypted frame","context":{"kid":9,"ctr":7,"byteLength":62,"codecOffset":10}}

{"level":30,"time":1782109159334,"pid":29576,"hostname":"Quang","name":"canary/verifier","canaryKid":9,"mediaPackets":8,"byteIdentical":8,"divergences":0,"msg":"canary forwarding verified"}
{"level":30,"time":1782109159334,"pid":29576,"hostname":"Quang","name":"canary/loss-classifier","relayMinerId":"relay-byzantine-R","promoted":0,"absorbed":0,"tampers":0,"cumulativeCrossed":false,"msg":"canary divergences classified (drop gate / tamper p=1)"}
{"level":30,"time":1782109159334,"pid":29576,"hostname":"Quang","name":"canary/verify-loop","round":6,"relayMinerId":"relay-byzantine-R","roomId":"mesh-room","perReceiver":2,"promoted":0,"absorbed":0,"stunLossBps":"0","msg":"canary verify round classified (hermetic half — synthetic capture, STUN read live)"}
[90mstdout[2m | apps/validator-daemon/src/canary/__tests__/mesh-byzantine.test.ts[2m > [22m[2mREQ-RMS-017 — Byzantine under-server attributed to R via the SHIPPED canary pipeline[2m > [22m[2mNEGATIVE control — an all-honest mesh (R also forwards everything) produces NO slash
[22m[39m{"timestamp":"2026-06-22T06:19:19.334Z","level":"INFO","source":"frontend","module":"webrtc/sframe-transform","message":"encrypted frame","context":{"kid":9,"ctr":0,"byteLength":62,"codecOffset":10}}

[90mstdout[2m | apps/validator-daemon/src/canary/__tests__/mesh-byzantine.test.ts[2m > [22m[2mREQ-RMS-017 — Byzantine under-server attributed to R via the SHIPPED canary pipeline[2m > [22m[2mNEGATIVE control — an all-honest mesh (R also forwards everything) produces NO slash
[22m[39m{"timestamp":"2026-06-22T06:19:19.334Z","level":"INFO","source":"frontend","module":"webrtc/sframe-transform","message":"encrypted frame","context":{"kid":9,"ctr":1,"byteLength":62,"codecOffset":10}}

[90mstdout[2m | apps/validator-daemon/src/canary/__tests__/mesh-byzantine.test.ts[2m > [22m[2mREQ-RMS-017 — Byzantine under-server attributed to R via the SHIPPED canary pipeline[2m > [22m[2mNEGATIVE control — an all-honest mesh (R also forwards everything) produces NO slash
[22m[39m{"timestamp":"2026-06-22T06:19:19.335Z","level":"INFO","source":"frontend","module":"webrtc/sframe-transform","message":"encrypted frame","context":{"kid":9,"ctr":2,"byteLength":62,"codecOffset":10}}

[90mstdout[2m | apps/validator-daemon/src/canary/__tests__/mesh-byzantine.test.ts[2m > [22m[2mREQ-RMS-017 — Byzantine under-server attributed to R via the SHIPPED canary pipeline[2m > [22m[2mNEGATIVE control — an all-honest mesh (R also forwards everything) produces NO slash
[22m[39m{"timestamp":"2026-06-22T06:19:19.335Z","level":"INFO","source":"frontend","module":"webrtc/sframe-transform","message":"encrypted frame","context":{"kid":9,"ctr":3,"byteLength":62,"codecOffset":10}}

[90mstdout[2m | apps/validator-daemon/src/canary/__tests__/mesh-byzantine.test.ts[2m > [22m[2mREQ-RMS-017 — Byzantine under-server attributed to R via the SHIPPED canary pipeline[2m > [22m[2mNEGATIVE control — an all-honest mesh (R also forwards everything) produces NO slash
[22m[39m{"timestamp":"2026-06-22T06:19:19.335Z","level":"INFO","source":"frontend","module":"webrtc/sframe-transform","message":"encrypted frame","context":{"kid":9,"ctr":4,"byteLength":62,"codecOffset":10}}

[90mstdout[2m | apps/validator-daemon/src/canary/__tests__/mesh-byzantine.test.ts[2m > [22m[2mREQ-RMS-017 — Byzantine under-server attributed to R via the SHIPPED canary pipeline[2m > [22m[2mNEGATIVE control — an all-honest mesh (R also forwards everything) produces NO slash
[22m[39m{"timestamp":"2026-06-22T06:19:19.336Z","level":"INFO","source":"frontend","module":"webrtc/sframe-transform","message":"encrypted frame","context":{"kid":9,"ctr":5,"byteLength":62,"codecOffset":10}}

[90mstdout[2m | apps/validator-daemon/src/canary/__tests__/mesh-byzantine.test.ts[2m > [22m[2mREQ-RMS-017 — Byzantine under-server attributed to R via the SHIPPED canary pipeline[2m > [22m[2mNEGATIVE control — an all-honest mesh (R also forwards everything) produces NO slash
[22m[39m{"timestamp":"2026-06-22T06:19:19.336Z","level":"INFO","source":"frontend","module":"webrtc/sframe-transform","message":"encrypted frame","context":{"kid":9,"ctr":6,"byteLength":62,"codecOffset":10}}

[90mstdout[2m | apps/validator-daemon/src/canary/__tests__/mesh-byzantine.test.ts[2m > [22m[2mREQ-RMS-017 — Byzantine under-server attributed to R via the SHIPPED canary pipeline[2m > [22m[2mNEGATIVE control — an all-honest mesh (R also forwards everything) produces NO slash
[22m[39m{"timestamp":"2026-06-22T06:19:19.336Z","level":"INFO","source":"frontend","module":"webrtc/sframe-transform","message":"encrypted frame","context":{"kid":9,"ctr":7,"byteLength":62,"codecOffset":10}}

[90mstdout[2m | apps/validator-daemon/src/canary/__tests__/mesh-byzantine.test.ts[2m > [22m[2mREQ-RMS-017 — Byzantine under-server attributed to R via the SHIPPED canary pipeline[2m > [22m[2mNEGATIVE control — an all-honest mesh (R also forwards everything) produces NO slash
[22m[39m{"timestamp":"2026-06-22T06:19:19.336Z","level":"INFO","source":"frontend","module":"webrtc/sframe-transform","message":"encrypted frame","context":{"kid":9,"ctr":0,"byteLength":62,"codecOffset":10}}

[90mstdout[2m | apps/validator-daemon/src/canary/__tests__/mesh-byzantine.test.ts[2m > [22m[2mREQ-RMS-017 — Byzantine under-server attributed to R via the SHIPPED canary pipeline[2m > [22m[2mNEGATIVE control — an all-honest mesh (R also forwards everything) produces NO slash
[22m[39m{"timestamp":"2026-06-22T06:19:19.337Z","level":"INFO","source":"frontend","module":"webrtc/sframe-transform","message":"encrypted frame","context":{"kid":9,"ctr":1,"byteLength":62,"codecOffset":10}}

[90mstdout[2m | apps/validator-daemon/src/canary/__tests__/mesh-byzantine.test.ts[2m > [22m[2mREQ-RMS-017 — Byzantine under-server attributed to R via the SHIPPED canary pipeline[2m > [22m[2mNEGATIVE control — an all-honest mesh (R also forwards everything) produces NO slash
[22m[39m{"timestamp":"2026-06-22T06:19:19.337Z","level":"INFO","source":"frontend","module":"webrtc/sframe-transform","message":"encrypted frame","context":{"kid":9,"ctr":2,"byteLength":62,"codecOffset":10}}

[90mstdout[2m | apps/validator-daemon/src/canary/__tests__/mesh-byzantine.test.ts[2m > [22m[2mREQ-RMS-017 — Byzantine under-server attributed to R via the SHIPPED canary pipeline[2m > [22m[2mNEGATIVE control — an all-honest mesh (R also forwards everything) produces NO slash
[22m[39m{"timestamp":"2026-06-22T06:19:19.338Z","level":"INFO","source":"frontend","module":"webrtc/sframe-transform","message":"encrypted frame","context":{"kid":9,"ctr":3,"byteLength":62,"codecOffset":10}}

[90mstdout[2m | apps/validator-daemon/src/canary/__tests__/mesh-byzantine.test.ts[2m > [22m[2mREQ-RMS-017 — Byzantine under-server attributed to R via the SHIPPED canary pipeline[2m > [22m[2mNEGATIVE control — an all-honest mesh (R also forwards everything) produces NO slash
[22m[39m{"timestamp":"2026-06-22T06:19:19.338Z","level":"INFO","source":"frontend","module":"webrtc/sframe-transform","message":"encrypted frame","context":{"kid":9,"ctr":4,"byteLength":62,"codecOffset":10}}

[90mstdout[2m | apps/validator-daemon/src/canary/__tests__/mesh-byzantine.test.ts[2m > [22m[2mREQ-RMS-017 — Byzantine under-server attributed to R via the SHIPPED canary pipeline[2m > [22m[2mNEGATIVE control — an all-honest mesh (R also forwards everything) produces NO slash
[22m[39m{"timestamp":"2026-06-22T06:19:19.338Z","level":"INFO","source":"frontend","module":"webrtc/sframe-transform","message":"encrypted frame","context":{"kid":9,"ctr":5,"byteLength":62,"codecOffset":10}}

[90mstdout[2m | apps/validator-daemon/src/canary/__tests__/mesh-byzantine.test.ts[2m > [22m[2mREQ-RMS-017 — Byzantine under-server attributed to R via the SHIPPED canary pipeline[2m > [22m[2mNEGATIVE control — an all-honest mesh (R also forwards everything) produces NO slash
[22m[39m{"timestamp":"2026-06-22T06:19:19.339Z","level":"INFO","source":"frontend","module":"webrtc/sframe-transform","message":"encrypted frame","context":{"kid":9,"ctr":6,"byteLength":62,"codecOffset":10}}

{"level":30,"time":1782109159339,"pid":29576,"hostname":"Quang","name":"canary/verifier","canaryKid":9,"mediaPackets":8,"byteIdentical":8,"divergences":0,"msg":"canary forwarding verified"}
[90mstdout[2m | apps/validator-daemon/src/canary/__tests__/mesh-byzantine.test.ts[2m > [22m[2mREQ-RMS-017 — Byzantine under-server attributed to R via the SHIPPED canary pipeline[2m > [22m[2mNEGATIVE control — an all-honest mesh (R also forwards everything) produces NO slash
[22m[39m{"timestamp":"2026-06-22T06:19:19.339Z","level":"INFO","source":"frontend","module":"webrtc/sframe-transform","message":"encrypted frame","context":{"kid":9,"ctr":7,"byteLength":62,"codecOffset":10}}

[90mstdout[2m | apps/validator-daemon/src/canary/__tests__/mesh-byzantine.test.ts[2m > [22m[2mREQ-RMS-017 — Byzantine under-server attributed to R via the SHIPPED canary pipeline[2m > [22m[2mNEGATIVE control — an all-honest mesh (R also forwards everything) produces NO slash
[22m[39m{"timestamp":"2026-06-22T06:19:19.339Z","level":"INFO","source":"frontend","module":"webrtc/sframe-transform","message":"encrypted frame","context":{"kid":9,"ctr":0,"byteLength":62,"codecOffset":10}}

[90mstdout[2m | apps/validator-daemon/src/canary/__tests__/mesh-byzantine.test.ts[2m > [22m[2mREQ-RMS-017 — Byzantine under-server attributed to R via the SHIPPED canary pipeline[2m > [22m[2mNEGATIVE control — an all-honest mesh (R also forwards everything) produces NO slash
[22m[39m{"timestamp":"2026-06-22T06:19:19.340Z","level":"INFO","source":"frontend","module":"webrtc/sframe-transform","message":"encrypted frame","context":{"kid":9,"ctr":1,"byteLength":62,"codecOffset":10}}

[90mstdout[2m | apps/validator-daemon/src/canary/__tests__/mesh-byzantine.test.ts[2m > [22m[2mREQ-RMS-017 — Byzantine under-server attributed to R via the SHIPPED canary pipeline[2m > [22m[2mNEGATIVE control — an all-honest mesh (R also forwards everything) produces NO slash
[22m[39m{"timestamp":"2026-06-22T06:19:19.340Z","level":"INFO","source":"frontend","module":"webrtc/sframe-transform","message":"encrypted frame","context":{"kid":9,"ctr":2,"byteLength":62,"codecOffset":10}}

[90mstdout[2m | apps/validator-daemon/src/canary/__tests__/mesh-byzantine.test.ts[2m > [22m[2mREQ-RMS-017 — Byzantine under-server attributed to R via the SHIPPED canary pipeline[2m > [22m[2mNEGATIVE control — an all-honest mesh (R also forwards everything) produces NO slash
[22m[39m{"timestamp":"2026-06-22T06:19:19.341Z","level":"INFO","source":"frontend","module":"webrtc/sframe-transform","message":"encrypted frame","context":{"kid":9,"ctr":3,"byteLength":62,"codecOffset":10}}

[90mstdout[2m | apps/validator-daemon/src/canary/__tests__/mesh-byzantine.test.ts[2m > [22m[2mREQ-RMS-017 — Byzantine under-server attributed to R via the SHIPPED canary pipeline[2m > [22m[2mNEGATIVE control — an all-honest mesh (R also forwards everything) produces NO slash
[22m[39m{"timestamp":"2026-06-22T06:19:19.341Z","level":"INFO","source":"frontend","module":"webrtc/sframe-transform","message":"encrypted frame","context":{"kid":9,"ctr":4,"byteLength":62,"codecOffset":10}}

[90mstdout[2m | apps/validator-daemon/src/canary/__tests__/mesh-byzantine.test.ts[2m > [22m[2mREQ-RMS-017 — Byzantine under-server attributed to R via the SHIPPED canary pipeline[2m > [22m[2mNEGATIVE control — an all-honest mesh (R also forwards everything) produces NO slash
[22m[39m{"timestamp":"2026-06-22T06:19:19.342Z","level":"INFO","source":"frontend","module":"webrtc/sframe-transform","message":"encrypted frame","context":{"kid":9,"ctr":5,"byteLength":62,"codecOffset":10}}

[90mstdout[2m | apps/validator-daemon/src/canary/__tests__/mesh-byzantine.test.ts[2m > [22m[2mREQ-RMS-017 — Byzantine under-server attributed to R via the SHIPPED canary pipeline[2m > [22m[2mNEGATIVE control — an all-honest mesh (R also forwards everything) produces NO slash
[22m[39m{"timestamp":"2026-06-22T06:19:19.342Z","level":"INFO","source":"frontend","module":"webrtc/sframe-transform","message":"encrypted frame","context":{"kid":9,"ctr":6,"byteLength":62,"codecOffset":10}}

{"level":30,"time":1782109159343,"pid":29576,"hostname":"Quang","name":"canary/verifier","canaryKid":9,"mediaPackets":8,"byteIdentical":8,"divergences":0,"msg":"canary forwarding verified"}
{"level":30,"time":1782109159343,"pid":29576,"hostname":"Quang","name":"canary/loss-classifier","relayMinerId":"relay-honest-R2","promoted":0,"absorbed":0,"tampers":0,"cumulativeCrossed":false,"msg":"canary divergences classified (drop gate / tamper p=1)"}
{"level":30,"time":1782109159343,"pid":29576,"hostname":"Quang","name":"canary/verify-loop","round":6,"relayMinerId":"relay-honest-R2","roomId":"mesh-room","perReceiver":2,"promoted":0,"absorbed":0,"stunLossBps":"0","msg":"canary verify round classified (hermetic half — synthetic capture, STUN read live)"}
[90mstdout[2m | apps/validator-daemon/src/canary/__tests__/mesh-byzantine.test.ts[2m > [22m[2mREQ-RMS-017 — Byzantine under-server attributed to R via the SHIPPED canary pipeline[2m > [22m[2mNEGATIVE control — an all-honest mesh (R also forwards everything) produces NO slash
[22m[39m{"timestamp":"2026-06-22T06:19:19.342Z","level":"INFO","source":"frontend","module":"webrtc/sframe-transform","message":"encrypted frame","context":{"kid":9,"ctr":7,"byteLength":62,"codecOffset":10}}

[90mstdout[2m | apps/validator-daemon/src/canary/__tests__/mesh-byzantine.test.ts[2m > [22m[2mREQ-RMS-015 — isRelayFlaggedByCanary mirrors the classifier cumulative gate[2m > [22m[2mflags R (sustained drops) and not R2 (zero drops) after >= MIN_ROUNDS
[22m[39m{"timestamp":"2026-06-22T06:19:19.346Z","level":"INFO","source":"frontend","module":"webrtc/sframe-transform","message":"encrypted frame","context":{"kid":9,"ctr":0,"byteLength":62,"codecOffset":10}}

[90mstdout[2m | apps/validator-daemon/src/canary/__tests__/mesh-byzantine.test.ts[2m > [22m[2mREQ-RMS-015 — isRelayFlaggedByCanary mirrors the classifier cumulative gate[2m > [22m[2mflags R (sustained drops) and not R2 (zero drops) after >= MIN_ROUNDS
[22m[39m{"timestamp":"2026-06-22T06:19:19.346Z","level":"INFO","source":"frontend","module":"webrtc/sframe-transform","message":"encrypted frame","context":{"kid":9,"ctr":1,"byteLength":62,"codecOffset":10}}

[90mstdout[2m | apps/validator-daemon/src/canary/__tests__/mesh-byzantine.test.ts[2m > [22m[2mREQ-RMS-015 — isRelayFlaggedByCanary mirrors the classifier cumulative gate[2m > [22m[2mflags R (sustained drops) and not R2 (zero drops) after >= MIN_ROUNDS
[22m[39m{"timestamp":"2026-06-22T06:19:19.346Z","level":"INFO","source":"frontend","module":"webrtc/sframe-transform","message":"encrypted frame","context":{"kid":9,"ctr":2,"byteLength":62,"codecOffset":10}}

[90mstdout[2m | apps/validator-daemon/src/canary/__tests__/mesh-byzantine.test.ts[2m > [22m[2mREQ-RMS-015 — isRelayFlaggedByCanary mirrors the classifier cumulative gate[2m > [22m[2mflags R (sustained drops) and not R2 (zero drops) after >= MIN_ROUNDS
[22m[39m{"timestamp":"2026-06-22T06:19:19.347Z","level":"INFO","source":"frontend","module":"webrtc/sframe-transform","message":"encrypted frame","context":{"kid":9,"ctr":3,"byteLength":62,"codecOffset":10}}

[90mstdout[2m | apps/validator-daemon/src/canary/__tests__/mesh-byzantine.test.ts[2m > [22m[2mREQ-RMS-015 — isRelayFlaggedByCanary mirrors the classifier cumulative gate[2m > [22m[2mflags R (sustained drops) and not R2 (zero drops) after >= MIN_ROUNDS
[22m[39m{"timestamp":"2026-06-22T06:19:19.347Z","level":"INFO","source":"frontend","module":"webrtc/sframe-transform","message":"encrypted frame","context":{"kid":9,"ctr":4,"byteLength":62,"codecOffset":10}}

[90mstdout[2m | apps/validator-daemon/src/canary/__tests__/mesh-byzantine.test.ts[2m > [22m[2mREQ-RMS-015 — isRelayFlaggedByCanary mirrors the classifier cumulative gate[2m > [22m[2mflags R (sustained drops) and not R2 (zero drops) after >= MIN_ROUNDS
[22m[39m{"timestamp":"2026-06-22T06:19:19.347Z","level":"INFO","source":"frontend","module":"webrtc/sframe-transform","message":"encrypted frame","context":{"kid":9,"ctr":6,"byteLength":62,"codecOffset":10}}

[90mstdout[2m | apps/validator-daemon/src/canary/__tests__/mesh-byzantine.test.ts[2m > [22m[2mREQ-RMS-015 — isRelayFlaggedByCanary mirrors the classifier cumulative gate[2m > [22m[2mflags R (sustained drops) and not R2 (zero drops) after >= MIN_ROUNDS
[22m[39m{"timestamp":"2026-06-22T06:19:19.348Z","level":"INFO","source":"frontend","module":"webrtc/sframe-transform","message":"encrypted frame","context":{"kid":9,"ctr":7,"byteLength":62,"codecOffset":10}}

[90mstdout[2m | apps/validator-daemon/src/canary/__tests__/mesh-byzantine.test.ts[2m > [22m[2mREQ-RMS-015 — isRelayFlaggedByCanary mirrors the classifier cumulative gate[2m > [22m[2mflags R (sustained drops) and not R2 (zero drops) after >= MIN_ROUNDS
[22m[39m{"timestamp":"2026-06-22T06:19:19.348Z","level":"INFO","source":"frontend","module":"webrtc/sframe-transform","message":"encrypted frame","context":{"kid":9,"ctr":0,"byteLength":62,"codecOffset":10}}

[90mstdout[2m | apps/validator-daemon/src/canary/__tests__/mesh-byzantine.test.ts[2m > [22m[2mREQ-RMS-015 — isRelayFlaggedByCanary mirrors the classifier cumulative gate[2m > [22m[2mflags R (sustained drops) and not R2 (zero drops) after >= MIN_ROUNDS
[22m[39m{"timestamp":"2026-06-22T06:19:19.348Z","level":"INFO","source":"frontend","module":"webrtc/sframe-transform","message":"encrypted frame","context":{"kid":9,"ctr":1,"byteLength":62,"codecOffset":10}}

[90mstdout[2m | apps/validator-daemon/src/canary/__tests__/mesh-byzantine.test.ts[2m > [22m[2mREQ-RMS-015 — isRelayFlaggedByCanary mirrors the classifier cumulative gate[2m > [22m[2mflags R (sustained drops) and not R2 (zero drops) after >= MIN_ROUNDS
[22m[39m{"timestamp":"2026-06-22T06:19:19.349Z","level":"INFO","source":"frontend","module":"webrtc/sframe-transform","message":"encrypted frame","context":{"kid":9,"ctr":2,"byteLength":62,"codecOffset":10}}

[90mstdout[2m | apps/validator-daemon/src/canary/__tests__/mesh-byzantine.test.ts[2m > [22m[2mREQ-RMS-015 — isRelayFlaggedByCanary mirrors the classifier cumulative gate[2m > [22m[2mflags R (sustained drops) and not R2 (zero drops) after >= MIN_ROUNDS
[22m[39m{"timestamp":"2026-06-22T06:19:19.349Z","level":"INFO","source":"frontend","module":"webrtc/sframe-transform","message":"encrypted frame","context":{"kid":9,"ctr":3,"byteLength":62,"codecOffset":10}}

[90mstdout[2m | apps/validator-daemon/src/canary/__tests__/mesh-byzantine.test.ts[2m > [22m[2mREQ-RMS-015 — isRelayFlaggedByCanary mirrors the classifier cumulative gate[2m > [22m[2mflags R (sustained drops) and not R2 (zero drops) after >= MIN_ROUNDS
[22m[39m{"timestamp":"2026-06-22T06:19:19.349Z","level":"INFO","source":"frontend","module":"webrtc/sframe-transform","message":"encrypted frame","context":{"kid":9,"ctr":4,"byteLength":62,"codecOffset":10}}

[90mstdout[2m | apps/validator-daemon/src/canary/__tests__/mesh-byzantine.test.ts[2m > [22m[2mREQ-RMS-015 — isRelayFlaggedByCanary mirrors the classifier cumulative gate[2m > [22m[2mflags R (sustained drops) and not R2 (zero drops) after >= MIN_ROUNDS
[22m[39m{"timestamp":"2026-06-22T06:19:19.350Z","level":"INFO","source":"frontend","module":"webrtc/sframe-transform","message":"encrypted frame","context":{"kid":9,"ctr":5,"byteLength":62,"codecOffset":10}}

[90mstdout[2m | apps/validator-daemon/src/canary/__tests__/mesh-byzantine.test.ts[2m > [22m[2mREQ-RMS-015 — isRelayFlaggedByCanary mirrors the classifier cumulative gate[2m > [22m[2mflags R (sustained drops) and not R2 (zero drops) after >= MIN_ROUNDS
[22m[39m{"timestamp":"2026-06-22T06:19:19.350Z","level":"INFO","source":"frontend","module":"webrtc/sframe-transform","message":"encrypted frame","context":{"kid":9,"ctr":6,"byteLength":62,"codecOffset":10}}

[90mstdout[2m | apps/validator-daemon/src/canary/__tests__/mesh-byzantine.test.ts[2m > [22m[2mREQ-RMS-015 — isRelayFlaggedByCanary mirrors the classifier cumulative gate[2m > [22m[2mflags R (sustained drops) and not R2 (zero drops) after >= MIN_ROUNDS
[22m[39m{"timestamp":"2026-06-22T06:19:19.350Z","level":"INFO","source":"frontend","module":"webrtc/sframe-transform","message":"encrypted frame","context":{"kid":9,"ctr":7,"byteLength":62,"codecOffset":10}}

{"level":30,"time":1782109159351,"pid":29576,"hostname":"Quang","name":"canary/verifier","canaryKid":9,"mediaPackets":7,"byteIdentical":7,"divergences":1,"msg":"canary forwarding verified"}
[90mstdout[2m | apps/validator-daemon/src/canary/__tests__/mesh-byzantine.test.ts[2m > [22m[2mREQ-RMS-015 — isRelayFlaggedByCanary mirrors the classifier cumulative gate[2m > [22m[2mflags R (sustained drops) and not R2 (zero drops) after >= MIN_ROUNDS
[22m[39m{"timestamp":"2026-06-22T06:19:19.351Z","level":"INFO","source":"frontend","module":"webrtc/sframe-transform","message":"encrypted frame","context":{"kid":9,"ctr":0,"byteLength":62,"codecOffset":10}}

[90mstdout[2m | apps/validator-daemon/src/canary/__tests__/mesh-byzantine.test.ts[2m > [22m[2mREQ-RMS-015 — isRelayFlaggedByCanary mirrors the classifier cumulative gate[2m > [22m[2mflags R (sustained drops) and not R2 (zero drops) after >= MIN_ROUNDS
[22m[39m{"timestamp":"2026-06-22T06:19:19.352Z","level":"INFO","source":"frontend","module":"webrtc/sframe-transform","message":"encrypted frame","context":{"kid":9,"ctr":1,"byteLength":62,"codecOffset":10}}

[90mstdout[2m | apps/validator-daemon/src/canary/__tests__/mesh-byzantine.test.ts[2m > [22m[2mREQ-RMS-015 — isRelayFlaggedByCanary mirrors the classifier cumulative gate[2m > [22m[2mflags R (sustained drops) and not R2 (zero drops) after >= MIN_ROUNDS
[22m[39m{"timestamp":"2026-06-22T06:19:19.352Z","level":"INFO","source":"frontend","module":"webrtc/sframe-transform","message":"encrypted frame","context":{"kid":9,"ctr":2,"byteLength":62,"codecOffset":10}}

[90mstdout[2m | apps/validator-daemon/src/canary/__tests__/mesh-byzantine.test.ts[2m > [22m[2mREQ-RMS-015 — isRelayFlaggedByCanary mirrors the classifier cumulative gate[2m > [22m[2mflags R (sustained drops) and not R2 (zero drops) after >= MIN_ROUNDS
[22m[39m{"timestamp":"2026-06-22T06:19:19.352Z","level":"INFO","source":"frontend","module":"webrtc/sframe-transform","message":"encrypted frame","context":{"kid":9,"ctr":3,"byteLength":62,"codecOffset":10}}

[90mstdout[2m | apps/validator-daemon/src/canary/__tests__/mesh-byzantine.test.ts[2m > [22m[2mREQ-RMS-015 — isRelayFlaggedByCanary mirrors the classifier cumulative gate[2m > [22m[2mflags R (sustained drops) and not R2 (zero drops) after >= MIN_ROUNDS
[22m[39m{"timestamp":"2026-06-22T06:19:19.353Z","level":"INFO","source":"frontend","module":"webrtc/sframe-transform","message":"encrypted frame","context":{"kid":9,"ctr":4,"byteLength":62,"codecOffset":10}}

[90mstdout[2m | apps/validator-daemon/src/canary/__tests__/mesh-byzantine.test.ts[2m > [22m[2mREQ-RMS-015 — isRelayFlaggedByCanary mirrors the classifier cumulative gate[2m > [22m[2mflags R (sustained drops) and not R2 (zero drops) after >= MIN_ROUNDS
[22m[39m{"timestamp":"2026-06-22T06:19:19.353Z","level":"INFO","source":"frontend","module":"webrtc/sframe-transform","message":"encrypted frame","context":{"kid":9,"ctr":5,"byteLength":62,"codecOffset":10}}

[90mstdout[2m | apps/validator-daemon/src/canary/__tests__/mesh-byzantine.test.ts[2m > [22m[2mREQ-RMS-015 — isRelayFlaggedByCanary mirrors the classifier cumulative gate[2m > [22m[2mflags R (sustained drops) and not R2 (zero drops) after >= MIN_ROUNDS
[22m[39m{"timestamp":"2026-06-22T06:19:19.353Z","level":"INFO","source":"frontend","module":"webrtc/sframe-transform","message":"encrypted frame","context":{"kid":9,"ctr":6,"byteLength":62,"codecOffset":10}}

[90mstdout[2m | apps/validator-daemon/src/canary/__tests__/mesh-byzantine.test.ts[2m > [22m[2mREQ-RMS-015 — isRelayFlaggedByCanary mirrors the classifier cumulative gate[2m > [22m[2mflags R (sustained drops) and not R2 (zero drops) after >= MIN_ROUNDS
[22m[39m{"timestamp":"2026-06-22T06:19:19.354Z","level":"INFO","source":"frontend","module":"webrtc/sframe-transform","message":"encrypted frame","context":{"kid":9,"ctr":7,"byteLength":62,"codecOffset":10}}

{"level":30,"time":1782109159354,"pid":29576,"hostname":"Quang","name":"canary/verifier","canaryKid":9,"mediaPackets":7,"byteIdentical":7,"divergences":1,"msg":"canary forwarding verified"}
{"level":30,"time":1782109159354,"pid":29576,"hostname":"Quang","name":"canary/loss-classifier","relayMinerId":"relay-byzantine-R","promoted":0,"absorbed":1,"tampers":0,"cumulativeCrossed":false,"msg":"canary divergences classified (drop gate / tamper p=1)"}
{"level":30,"time":1782109159354,"pid":29576,"hostname":"Quang","name":"canary/verify-loop","round":0,"relayMinerId":"relay-byzantine-R","roomId":"mesh-room","perReceiver":2,"promoted":0,"absorbed":1,"stunLossBps":"0","msg":"canary verify round classified (hermetic half — synthetic capture, STUN read live)"}
[90mstdout[2m | apps/validator-daemon/src/canary/__tests__/mesh-byzantine.test.ts[2m > [22m[2mREQ-RMS-015 — isRelayFlaggedByCanary mirrors the classifier cumulative gate[2m > [22m[2mflags R (sustained drops) and not R2 (zero drops) after >= MIN_ROUNDS
[22m[39m{"timestamp":"2026-06-22T06:19:19.354Z","level":"INFO","source":"frontend","module":"webrtc/sframe-transform","message":"encrypted frame","context":{"kid":9,"ctr":0,"byteLength":62,"codecOffset":10}}

[90mstdout[2m | apps/validator-daemon/src/canary/__tests__/mesh-byzantine.test.ts[2m > [22m[2mREQ-RMS-015 — isRelayFlaggedByCanary mirrors the classifier cumulative gate[2m > [22m[2mflags R (sustained drops) and not R2 (zero drops) after >= MIN_ROUNDS
[22m[39m{"timestamp":"2026-06-22T06:19:19.355Z","level":"INFO","source":"frontend","module":"webrtc/sframe-transform","message":"encrypted frame","context":{"kid":9,"ctr":1,"byteLength":62,"codecOffset":10}}

[90mstdout[2m | apps/validator-daemon/src/canary/__tests__/mesh-byzantine.test.ts[2m > [22m[2mREQ-RMS-015 — isRelayFlaggedByCanary mirrors the classifier cumulative gate[2m > [22m[2mflags R (sustained drops) and not R2 (zero drops) after >= MIN_ROUNDS
[22m[39m{"timestamp":"2026-06-22T06:19:19.355Z","level":"INFO","source":"frontend","module":"webrtc/sframe-transform","message":"encrypted frame","context":{"kid":9,"ctr":2,"byteLength":62,"codecOffset":10}}

[90mstdout[2m | apps/validator-daemon/src/canary/__tests__/mesh-byzantine.test.ts[2m > [22m[2mREQ-RMS-015 — isRelayFlaggedByCanary mirrors the classifier cumulative gate[2m > [22m[2mflags R (sustained drops) and not R2 (zero drops) after >= MIN_ROUNDS
[22m[39m{"timestamp":"2026-06-22T06:19:19.356Z","level":"INFO","source":"frontend","module":"webrtc/sframe-transform","message":"encrypted frame","context":{"kid":9,"ctr":3,"byteLength":62,"codecOffset":10}}

[90mstdout[2m | apps/validator-daemon/src/canary/__tests__/mesh-byzantine.test.ts[2m > [22m[2mREQ-RMS-015 — isRelayFlaggedByCanary mirrors the classifier cumulative gate[2m > [22m[2mflags R (sustained drops) and not R2 (zero drops) after >= MIN_ROUNDS
[22m[39m{"timestamp":"2026-06-22T06:19:19.357Z","level":"INFO","source":"frontend","module":"webrtc/sframe-transform","message":"encrypted frame","context":{"kid":9,"ctr":4,"byteLength":62,"codecOffset":10}}

[90mstdout[2m | apps/validator-daemon/src/canary/__tests__/mesh-byzantine.test.ts[2m > [22m[2mREQ-RMS-015 — isRelayFlaggedByCanary mirrors the classifier cumulative gate[2m > [22m[2mflags R (sustained drops) and not R2 (zero drops) after >= MIN_ROUNDS
[22m[39m{"timestamp":"2026-06-22T06:19:19.357Z","level":"INFO","source":"frontend","module":"webrtc/sframe-transform","message":"encrypted frame","context":{"kid":9,"ctr":5,"byteLength":62,"codecOffset":10}}

[90mstdout[2m | apps/validator-daemon/src/canary/__tests__/mesh-byzantine.test.ts[2m > [22m[2mREQ-RMS-015 — isRelayFlaggedByCanary mirrors the classifier cumulative gate[2m > [22m[2mflags R (sustained drops) and not R2 (zero drops) after >= MIN_ROUNDS
[22m[39m{"timestamp":"2026-06-22T06:19:19.357Z","level":"INFO","source":"frontend","module":"webrtc/sframe-transform","message":"encrypted frame","context":{"kid":9,"ctr":6,"byteLength":62,"codecOffset":10}}

[90mstdout[2m | apps/validator-daemon/src/canary/__tests__/mesh-byzantine.test.ts[2m > [22m[2mREQ-RMS-015 — isRelayFlaggedByCanary mirrors the classifier cumulative gate[2m > [22m[2mflags R (sustained drops) and not R2 (zero drops) after >= MIN_ROUNDS
[22m[39m{"timestamp":"2026-06-22T06:19:19.358Z","level":"INFO","source":"frontend","module":"webrtc/sframe-transform","message":"encrypted frame","context":{"kid":9,"ctr":7,"byteLength":62,"codecOffset":10}}

[90mstdout[2m | apps/validator-daemon/src/canary/__tests__/mesh-byzantine.test.ts[2m > [22m[2mREQ-RMS-015 — isRelayFlaggedByCanary mirrors the classifier cumulative gate[2m > [22m[2mflags R (sustained drops) and not R2 (zero drops) after >= MIN_ROUNDS
[22m[39m{"timestamp":"2026-06-22T06:19:19.358Z","level":"INFO","source":"frontend","module":"webrtc/sframe-transform","message":"encrypted frame","context":{"kid":9,"ctr":0,"byteLength":62,"codecOffset":10}}

[90mstdout[2m | apps/validator-daemon/src/canary/__tests__/mesh-byzantine.test.ts[2m > [22m[2mREQ-RMS-015 — isRelayFlaggedByCanary mirrors the classifier cumulative gate[2m > [22m[2mflags R (sustained drops) and not R2 (zero drops) after >= MIN_ROUNDS
[22m[39m{"timestamp":"2026-06-22T06:19:19.359Z","level":"INFO","source":"frontend","module":"webrtc/sframe-transform","message":"encrypted frame","context":{"kid":9,"ctr":1,"byteLength":62,"codecOffset":10}}

[90mstdout[2m | apps/validator-daemon/src/canary/__tests__/mesh-byzantine.test.ts[2m > [22m[2mREQ-RMS-015 — isRelayFlaggedByCanary mirrors the classifier cumulative gate[2m > [22m[2mflags R (sustained drops) and not R2 (zero drops) after >= MIN_ROUNDS
[22m[39m{"timestamp":"2026-06-22T06:19:19.359Z","level":"INFO","source":"frontend","module":"webrtc/sframe-transform","message":"encrypted frame","context":{"kid":9,"ctr":2,"byteLength":62,"codecOffset":10}}

[90mstdout[2m | apps/validator-daemon/src/canary/__tests__/mesh-byzantine.test.ts[2m > [22m[2mREQ-RMS-015 — isRelayFlaggedByCanary mirrors the classifier cumulative gate[2m > [22m[2mflags R (sustained drops) and not R2 (zero drops) after >= MIN_ROUNDS
[22m[39m{"timestamp":"2026-06-22T06:19:19.359Z","level":"INFO","source":"frontend","module":"webrtc/sframe-transform","message":"encrypted frame","context":{"kid":9,"ctr":3,"byteLength":62,"codecOffset":10}}

[90mstdout[2m | apps/validator-daemon/src/canary/__tests__/mesh-byzantine.test.ts[2m > [22m[2mREQ-RMS-015 — isRelayFlaggedByCanary mirrors the classifier cumulative gate[2m > [22m[2mflags R (sustained drops) and not R2 (zero drops) after >= MIN_ROUNDS
[22m[39m{"timestamp":"2026-06-22T06:19:19.359Z","level":"INFO","source":"frontend","module":"webrtc/sframe-transform","message":"encrypted frame","context":{"kid":9,"ctr":4,"byteLength":62,"codecOffset":10}}

[90mstdout[2m | apps/validator-daemon/src/canary/__tests__/mesh-byzantine.test.ts[2m > [22m[2mREQ-RMS-015 — isRelayFlaggedByCanary mirrors the classifier cumulative gate[2m > [22m[2mflags R (sustained drops) and not R2 (zero drops) after >= MIN_ROUNDS
[22m[39m{"timestamp":"2026-06-22T06:19:19.360Z","level":"INFO","source":"frontend","module":"webrtc/sframe-transform","message":"encrypted frame","context":{"kid":9,"ctr":5,"byteLength":62,"codecOffset":10}}

[90mstdout[2m | apps/validator-daemon/src/canary/__tests__/mesh-byzantine.test.ts[2m > [22m[2mREQ-RMS-015 — isRelayFlaggedByCanary mirrors the classifier cumulative gate[2m > [22m[2mflags R (sustained drops) and not R2 (zero drops) after >= MIN_ROUNDS
[22m[39m{"timestamp":"2026-06-22T06:19:19.360Z","level":"INFO","source":"frontend","module":"webrtc/sframe-transform","message":"encrypted frame","context":{"kid":9,"ctr":6,"byteLength":62,"codecOffset":10}}

[90mstdout[2m | apps/validator-daemon/src/canary/__tests__/mesh-byzantine.test.ts[2m > [22m[2mREQ-RMS-015 — isRelayFlaggedByCanary mirrors the classifier cumulative gate[2m > [22m[2mflags R (sustained drops) and not R2 (zero drops) after >= MIN_ROUNDS
[22m[39m{"timestamp":"2026-06-22T06:19:19.361Z","level":"INFO","source":"frontend","module":"webrtc/sframe-transform","message":"encrypted frame","context":{"kid":9,"ctr":7,"byteLength":62,"codecOffset":10}}

{"level":30,"time":1782109159361,"pid":29576,"hostname":"Quang","name":"canary/verifier","canaryKid":9,"mediaPackets":8,"byteIdentical":8,"divergences":0,"msg":"canary forwarding verified"}
[90mstdout[2m | apps/validator-daemon/src/canary/__tests__/mesh-byzantine.test.ts[2m > [22m[2mREQ-RMS-015 — isRelayFlaggedByCanary mirrors the classifier cumulative gate[2m > [22m[2mflags R (sustained drops) and not R2 (zero drops) after >= MIN_ROUNDS
[22m[39m{"timestamp":"2026-06-22T06:19:19.361Z","level":"INFO","source":"frontend","module":"webrtc/sframe-transform","message":"encrypted frame","context":{"kid":9,"ctr":0,"byteLength":62,"codecOffset":10}}

[90mstdout[2m | apps/validator-daemon/src/canary/__tests__/mesh-byzantine.test.ts[2m > [22m[2mREQ-RMS-015 — isRelayFlaggedByCanary mirrors the classifier cumulative gate[2m > [22m[2mflags R (sustained drops) and not R2 (zero drops) after >= MIN_ROUNDS
[22m[39m{"timestamp":"2026-06-22T06:19:19.362Z","level":"INFO","source":"frontend","module":"webrtc/sframe-transform","message":"encrypted frame","context":{"kid":9,"ctr":1,"byteLength":62,"codecOffset":10}}

[90mstdout[2m | apps/validator-daemon/src/canary/__tests__/mesh-byzantine.test.ts[2m > [22m[2mREQ-RMS-015 — isRelayFlaggedByCanary mirrors the classifier cumulative gate[2m > [22m[2mflags R (sustained drops) and not R2 (zero drops) after >= MIN_ROUNDS
[22m[39m{"timestamp":"2026-06-22T06:19:19.362Z","level":"INFO","source":"frontend","module":"webrtc/sframe-transform","message":"encrypted frame","context":{"kid":9,"ctr":2,"byteLength":62,"codecOffset":10}}

[90mstdout[2m | apps/validator-daemon/src/canary/__tests__/mesh-byzantine.test.ts[2m > [22m[2mREQ-RMS-015 — isRelayFlaggedByCanary mirrors the classifier cumulative gate[2m > [22m[2mflags R (sustained drops) and not R2 (zero drops) after >= MIN_ROUNDS
[22m[39m{"timestamp":"2026-06-22T06:19:19.363Z","level":"INFO","source":"frontend","module":"webrtc/sframe-transform","message":"encrypted frame","context":{"kid":9,"ctr":3,"byteLength":62,"codecOffset":10}}

[90mstdout[2m | apps/validator-daemon/src/canary/__tests__/mesh-byzantine.test.ts[2m > [22m[2mREQ-RMS-015 — isRelayFlaggedByCanary mirrors the classifier cumulative gate[2m > [22m[2mflags R (sustained drops) and not R2 (zero drops) after >= MIN_ROUNDS
[22m[39m{"timestamp":"2026-06-22T06:19:19.363Z","level":"INFO","source":"frontend","module":"webrtc/sframe-transform","message":"encrypted frame","context":{"kid":9,"ctr":4,"byteLength":62,"codecOffset":10}}

[90mstdout[2m | apps/validator-daemon/src/canary/__tests__/mesh-byzantine.test.ts[2m > [22m[2mREQ-RMS-015 — isRelayFlaggedByCanary mirrors the classifier cumulative gate[2m > [22m[2mflags R (sustained drops) and not R2 (zero drops) after >= MIN_ROUNDS
[22m[39m{"timestamp":"2026-06-22T06:19:19.363Z","level":"INFO","source":"frontend","module":"webrtc/sframe-transform","message":"encrypted frame","context":{"kid":9,"ctr":5,"byteLength":62,"codecOffset":10}}

[90mstdout[2m | apps/validator-daemon/src/canary/__tests__/mesh-byzantine.test.ts[2m > [22m[2mREQ-RMS-015 — isRelayFlaggedByCanary mirrors the classifier cumulative gate[2m > [22m[2mflags R (sustained drops) and not R2 (zero drops) after >= MIN_ROUNDS
[22m[39m{"timestamp":"2026-06-22T06:19:19.363Z","level":"INFO","source":"frontend","module":"webrtc/sframe-transform","message":"encrypted frame","context":{"kid":9,"ctr":6,"byteLength":62,"codecOffset":10}}

[90mstdout[2m | apps/validator-daemon/src/canary/__tests__/mesh-byzantine.test.ts[2m > [22m[2mREQ-RMS-015 — isRelayFlaggedByCanary mirrors the classifier cumulative gate[2m > [22m[2mflags R (sustained drops) and not R2 (zero drops) after >= MIN_ROUNDS
[22m[39m{"timestamp":"2026-06-22T06:19:19.364Z","level":"INFO","source":"frontend","module":"webrtc/sframe-transform","message":"encrypted frame","context":{"kid":9,"ctr":7,"byteLength":62,"codecOffset":10}}

{"level":30,"time":1782109159364,"pid":29576,"hostname":"Quang","name":"canary/verifier","canaryKid":9,"mediaPackets":8,"byteIdentical":8,"divergences":0,"msg":"canary forwarding verified"}
{"level":30,"time":1782109159364,"pid":29576,"hostname":"Quang","name":"canary/loss-classifier","relayMinerId":"relay-honest-R2","promoted":0,"absorbed":0,"tampers":0,"cumulativeCrossed":false,"msg":"canary divergences classified (drop gate / tamper p=1)"}
{"level":30,"time":1782109159364,"pid":29576,"hostname":"Quang","name":"canary/verify-loop","round":0,"relayMinerId":"relay-honest-R2","roomId":"mesh-room","perReceiver":2,"promoted":0,"absorbed":0,"stunLossBps":"0","msg":"canary verify round classified (hermetic half — synthetic capture, STUN read live)"}
[90mstdout[2m | apps/validator-daemon/src/canary/__tests__/mesh-byzantine.test.ts[2m > [22m[2mREQ-RMS-015 — isRelayFlaggedByCanary mirrors the classifier cumulative gate[2m > [22m[2mflags R (sustained drops) and not R2 (zero drops) after >= MIN_ROUNDS
[22m[39m{"timestamp":"2026-06-22T06:19:19.365Z","level":"INFO","source":"frontend","module":"webrtc/sframe-transform","message":"encrypted frame","context":{"kid":9,"ctr":0,"byteLength":62,"codecOffset":10}}

[90mstdout[2m | apps/validator-daemon/src/canary/__tests__/mesh-byzantine.test.ts[2m > [22m[2mREQ-RMS-015 — isRelayFlaggedByCanary mirrors the classifier cumulative gate[2m > [22m[2mflags R (sustained drops) and not R2 (zero drops) after >= MIN_ROUNDS
[22m[39m{"timestamp":"2026-06-22T06:19:19.365Z","level":"INFO","source":"frontend","module":"webrtc/sframe-transform","message":"encrypted frame","context":{"kid":9,"ctr":1,"byteLength":62,"codecOffset":10}}

[90mstdout[2m | apps/validator-daemon/src/canary/__tests__/mesh-byzantine.test.ts[2m > [22m[2mREQ-RMS-015 — isRelayFlaggedByCanary mirrors the classifier cumulative gate[2m > [22m[2mflags R (sustained drops) and not R2 (zero drops) after >= MIN_ROUNDS
[22m[39m{"timestamp":"2026-06-22T06:19:19.365Z","level":"INFO","source":"frontend","module":"webrtc/sframe-transform","message":"encrypted frame","context":{"kid":9,"ctr":2,"byteLength":62,"codecOffset":10}}

[90mstdout[2m | apps/validator-daemon/src/canary/__tests__/mesh-byzantine.test.ts[2m > [22m[2mREQ-RMS-015 — isRelayFlaggedByCanary mirrors the classifier cumulative gate[2m > [22m[2mflags R (sustained drops) and not R2 (zero drops) after >= MIN_ROUNDS
[22m[39m{"timestamp":"2026-06-22T06:19:19.365Z","level":"INFO","source":"frontend","module":"webrtc/sframe-transform","message":"encrypted frame","context":{"kid":9,"ctr":3,"byteLength":62,"codecOffset":10}}

[90mstdout[2m | apps/validator-daemon/src/canary/__tests__/mesh-byzantine.test.ts[2m > [22m[2mREQ-RMS-015 — isRelayFlaggedByCanary mirrors the classifier cumulative gate[2m > [22m[2mflags R (sustained drops) and not R2 (zero drops) after >= MIN_ROUNDS
[22m[39m{"timestamp":"2026-06-22T06:19:19.366Z","level":"INFO","source":"frontend","module":"webrtc/sframe-transform","message":"encrypted frame","context":{"kid":9,"ctr":4,"byteLength":62,"codecOffset":10}}

[90mstdout[2m | apps/validator-daemon/src/canary/__tests__/mesh-byzantine.test.ts[2m > [22m[2mREQ-RMS-015 — isRelayFlaggedByCanary mirrors the classifier cumulative gate[2m > [22m[2mflags R (sustained drops) and not R2 (zero drops) after >= MIN_ROUNDS
[22m[39m{"timestamp":"2026-06-22T06:19:19.366Z","level":"INFO","source":"frontend","module":"webrtc/sframe-transform","message":"encrypted frame","context":{"kid":9,"ctr":6,"byteLength":62,"codecOffset":10}}

[90mstdout[2m | apps/validator-daemon/src/canary/__tests__/mesh-byzantine.test.ts[2m > [22m[2mREQ-RMS-015 — isRelayFlaggedByCanary mirrors the classifier cumulative gate[2m > [22m[2mflags R (sustained drops) and not R2 (zero drops) after >= MIN_ROUNDS
[22m[39m{"timestamp":"2026-06-22T06:19:19.366Z","level":"INFO","source":"frontend","module":"webrtc/sframe-transform","message":"encrypted frame","context":{"kid":9,"ctr":7,"byteLength":62,"codecOffset":10}}

[90mstdout[2m | apps/validator-daemon/src/canary/__tests__/mesh-byzantine.test.ts[2m > [22m[2mREQ-RMS-015 — isRelayFlaggedByCanary mirrors the classifier cumulative gate[2m > [22m[2mflags R (sustained drops) and not R2 (zero drops) after >= MIN_ROUNDS
[22m[39m{"timestamp":"2026-06-22T06:19:19.367Z","level":"INFO","source":"frontend","module":"webrtc/sframe-transform","message":"encrypted frame","context":{"kid":9,"ctr":0,"byteLength":62,"codecOffset":10}}

[90mstdout[2m | apps/validator-daemon/src/canary/__tests__/mesh-byzantine.test.ts[2m > [22m[2mREQ-RMS-015 — isRelayFlaggedByCanary mirrors the classifier cumulative gate[2m > [22m[2mflags R (sustained drops) and not R2 (zero drops) after >= MIN_ROUNDS
[22m[39m{"timestamp":"2026-06-22T06:19:19.367Z","level":"INFO","source":"frontend","module":"webrtc/sframe-transform","message":"encrypted frame","context":{"kid":9,"ctr":1,"byteLength":62,"codecOffset":10}}

[90mstdout[2m | apps/validator-daemon/src/canary/__tests__/mesh-byzantine.test.ts[2m > [22m[2mREQ-RMS-015 — isRelayFlaggedByCanary mirrors the classifier cumulative gate[2m > [22m[2mflags R (sustained drops) and not R2 (zero drops) after >= MIN_ROUNDS
[22m[39m{"timestamp":"2026-06-22T06:19:19.367Z","level":"INFO","source":"frontend","module":"webrtc/sframe-transform","message":"encrypted frame","context":{"kid":9,"ctr":2,"byteLength":62,"codecOffset":10}}

[90mstdout[2m | apps/validator-daemon/src/canary/__tests__/mesh-byzantine.test.ts[2m > [22m[2mREQ-RMS-015 — isRelayFlaggedByCanary mirrors the classifier cumulative gate[2m > [22m[2mflags R (sustained drops) and not R2 (zero drops) after >= MIN_ROUNDS
[22m[39m{"timestamp":"2026-06-22T06:19:19.368Z","level":"INFO","source":"frontend","module":"webrtc/sframe-transform","message":"encrypted frame","context":{"kid":9,"ctr":3,"byteLength":62,"codecOffset":10}}

[90mstdout[2m | apps/validator-daemon/src/canary/__tests__/mesh-byzantine.test.ts[2m > [22m[2mREQ-RMS-015 — isRelayFlaggedByCanary mirrors the classifier cumulative gate[2m > [22m[2mflags R (sustained drops) and not R2 (zero drops) after >= MIN_ROUNDS
[22m[39m{"timestamp":"2026-06-22T06:19:19.368Z","level":"INFO","source":"frontend","module":"webrtc/sframe-transform","message":"encrypted frame","context":{"kid":9,"ctr":4,"byteLength":62,"codecOffset":10}}

[90mstdout[2m | apps/validator-daemon/src/canary/__tests__/mesh-byzantine.test.ts[2m > [22m[2mREQ-RMS-015 — isRelayFlaggedByCanary mirrors the classifier cumulative gate[2m > [22m[2mflags R (sustained drops) and not R2 (zero drops) after >= MIN_ROUNDS
[22m[39m{"timestamp":"2026-06-22T06:19:19.368Z","level":"INFO","source":"frontend","module":"webrtc/sframe-transform","message":"encrypted frame","context":{"kid":9,"ctr":5,"byteLength":62,"codecOffset":10}}

[90mstdout[2m | apps/validator-daemon/src/canary/__tests__/mesh-byzantine.test.ts[2m > [22m[2mREQ-RMS-015 — isRelayFlaggedByCanary mirrors the classifier cumulative gate[2m > [22m[2mflags R (sustained drops) and not R2 (zero drops) after >= MIN_ROUNDS
[22m[39m{"timestamp":"2026-06-22T06:19:19.368Z","level":"INFO","source":"frontend","module":"webrtc/sframe-transform","message":"encrypted frame","context":{"kid":9,"ctr":6,"byteLength":62,"codecOffset":10}}

[90mstdout[2m | apps/validator-daemon/src/canary/__tests__/mesh-byzantine.test.ts[2m > [22m[2mREQ-RMS-015 — isRelayFlaggedByCanary mirrors the classifier cumulative gate[2m > [22m[2mflags R (sustained drops) and not R2 (zero drops) after >= MIN_ROUNDS
[22m[39m{"timestamp":"2026-06-22T06:19:19.369Z","level":"INFO","source":"frontend","module":"webrtc/sframe-transform","message":"encrypted frame","context":{"kid":9,"ctr":7,"byteLength":62,"codecOffset":10}}

{"level":30,"time":1782109159369,"pid":29576,"hostname":"Quang","name":"canary/verifier","canaryKid":9,"mediaPackets":7,"byteIdentical":7,"divergences":1,"msg":"canary forwarding verified"}
[90mstdout[2m | apps/validator-daemon/src/canary/__tests__/mesh-byzantine.test.ts[2m > [22m[2mREQ-RMS-015 — isRelayFlaggedByCanary mirrors the classifier cumulative gate[2m > [22m[2mflags R (sustained drops) and not R2 (zero drops) after >= MIN_ROUNDS
[22m[39m{"timestamp":"2026-06-22T06:19:19.369Z","level":"INFO","source":"frontend","module":"webrtc/sframe-transform","message":"encrypted frame","context":{"kid":9,"ctr":0,"byteLength":62,"codecOffset":10}}

[90mstdout[2m | apps/validator-daemon/src/canary/__tests__/mesh-byzantine.test.ts[2m > [22m[2mREQ-RMS-015 — isRelayFlaggedByCanary mirrors the classifier cumulative gate[2m > [22m[2mflags R (sustained drops) and not R2 (zero drops) after >= MIN_ROUNDS
[22m[39m{"timestamp":"2026-06-22T06:19:19.369Z","level":"INFO","source":"frontend","module":"webrtc/sframe-transform","message":"encrypted frame","context":{"kid":9,"ctr":1,"byteLength":62,"codecOffset":10}}

[90mstdout[2m | apps/validator-daemon/src/canary/__tests__/mesh-byzantine.test.ts[2m > [22m[2mREQ-RMS-015 — isRelayFlaggedByCanary mirrors the classifier cumulative gate[2m > [22m[2mflags R (sustained drops) and not R2 (zero drops) after >= MIN_ROUNDS
[22m[39m{"timestamp":"2026-06-22T06:19:19.370Z","level":"INFO","source":"frontend","module":"webrtc/sframe-transform","message":"encrypted frame","context":{"kid":9,"ctr":2,"byteLength":62,"codecOffset":10}}

[90mstdout[2m | apps/validator-daemon/src/canary/__tests__/mesh-byzantine.test.ts[2m > [22m[2mREQ-RMS-015 — isRelayFlaggedByCanary mirrors the classifier cumulative gate[2m > [22m[2mflags R (sustained drops) and not R2 (zero drops) after >= MIN_ROUNDS
[22m[39m{"timestamp":"2026-06-22T06:19:19.370Z","level":"INFO","source":"frontend","module":"webrtc/sframe-transform","message":"encrypted frame","context":{"kid":9,"ctr":3,"byteLength":62,"codecOffset":10}}

[90mstdout[2m | apps/validator-daemon/src/canary/__tests__/mesh-byzantine.test.ts[2m > [22m[2mREQ-RMS-015 — isRelayFlaggedByCanary mirrors the classifier cumulative gate[2m > [22m[2mflags R (sustained drops) and not R2 (zero drops) after >= MIN_ROUNDS
[22m[39m{"timestamp":"2026-06-22T06:19:19.370Z","level":"INFO","source":"frontend","module":"webrtc/sframe-transform","message":"encrypted frame","context":{"kid":9,"ctr":4,"byteLength":62,"codecOffset":10}}

[90mstdout[2m | apps/validator-daemon/src/canary/__tests__/mesh-byzantine.test.ts[2m > [22m[2mREQ-RMS-015 — isRelayFlaggedByCanary mirrors the classifier cumulative gate[2m > [22m[2mflags R (sustained drops) and not R2 (zero drops) after >= MIN_ROUNDS
[22m[39m{"timestamp":"2026-06-22T06:19:19.371Z","level":"INFO","source":"frontend","module":"webrtc/sframe-transform","message":"encrypted frame","context":{"kid":9,"ctr":5,"byteLength":62,"codecOffset":10}}

[90mstdout[2m | apps/validator-daemon/src/canary/__tests__/mesh-byzantine.test.ts[2m > [22m[2mREQ-RMS-015 — isRelayFlaggedByCanary mirrors the classifier cumulative gate[2m > [22m[2mflags R (sustained drops) and not R2 (zero drops) after >= MIN_ROUNDS
[22m[39m{"timestamp":"2026-06-22T06:19:19.373Z","level":"INFO","source":"frontend","module":"webrtc/sframe-transform","message":"encrypted frame","context":{"kid":9,"ctr":6,"byteLength":62,"codecOffset":10}}

[90mstdout[2m | apps/validator-daemon/src/canary/__tests__/mesh-byzantine.test.ts[2m > [22m[2mREQ-RMS-015 — isRelayFlaggedByCanary mirrors the classifier cumulative gate[2m > [22m[2mflags R (sustained drops) and not R2 (zero drops) after >= MIN_ROUNDS
[22m[39m{"timestamp":"2026-06-22T06:19:19.374Z","level":"INFO","source":"frontend","module":"webrtc/sframe-transform","message":"encrypted frame","context":{"kid":9,"ctr":7,"byteLength":62,"codecOffset":10}}

{"level":30,"time":1782109159374,"pid":29576,"hostname":"Quang","name":"canary/verifier","canaryKid":9,"mediaPackets":7,"byteIdentical":7,"divergences":1,"msg":"canary forwarding verified"}
{"level":30,"time":1782109159374,"pid":29576,"hostname":"Quang","name":"canary/loss-classifier","relayMinerId":"relay-byzantine-R","promoted":0,"absorbed":1,"tampers":0,"cumulativeCrossed":false,"msg":"canary divergences classified (drop gate / tamper p=1)"}
{"level":30,"time":1782109159374,"pid":29576,"hostname":"Quang","name":"canary/verify-loop","round":1,"relayMinerId":"relay-byzantine-R","roomId":"mesh-room","perReceiver":2,"promoted":0,"absorbed":1,"stunLossBps":"0","msg":"canary verify round classified (hermetic half — synthetic capture, STUN read live)"}
[90mstdout[2m | apps/validator-daemon/src/canary/__tests__/mesh-byzantine.test.ts[2m > [22m[2mREQ-RMS-015 — isRelayFlaggedByCanary mirrors the classifier cumulative gate[2m > [22m[2mflags R (sustained drops) and not R2 (zero drops) after >= MIN_ROUNDS
[22m[39m{"timestamp":"2026-06-22T06:19:19.375Z","level":"INFO","source":"frontend","module":"webrtc/sframe-transform","message":"encrypted frame","context":{"kid":9,"ctr":0,"byteLength":62,"codecOffset":10}}

[90mstdout[2m | apps/validator-daemon/src/canary/__tests__/mesh-byzantine.test.ts[2m > [22m[2mREQ-RMS-015 — isRelayFlaggedByCanary mirrors the classifier cumulative gate[2m > [22m[2mflags R (sustained drops) and not R2 (zero drops) after >= MIN_ROUNDS
[22m[39m{"timestamp":"2026-06-22T06:19:19.375Z","level":"INFO","source":"frontend","module":"webrtc/sframe-transform","message":"encrypted frame","context":{"kid":9,"ctr":1,"byteLength":62,"codecOffset":10}}

[90mstdout[2m | apps/validator-daemon/src/canary/__tests__/mesh-byzantine.test.ts[2m > [22m[2mREQ-RMS-015 — isRelayFlaggedByCanary mirrors the classifier cumulative gate[2m > [22m[2mflags R (sustained drops) and not R2 (zero drops) after >= MIN_ROUNDS
[22m[39m{"timestamp":"2026-06-22T06:19:19.376Z","level":"INFO","source":"frontend","module":"webrtc/sframe-transform","message":"encrypted frame","context":{"kid":9,"ctr":2,"byteLength":62,"codecOffset":10}}

[90mstdout[2m | apps/validator-daemon/src/canary/__tests__/mesh-byzantine.test.ts[2m > [22m[2mREQ-RMS-015 — isRelayFlaggedByCanary mirrors the classifier cumulative gate[2m > [22m[2mflags R (sustained drops) and not R2 (zero drops) after >= MIN_ROUNDS
[22m[39m{"timestamp":"2026-06-22T06:19:19.377Z","level":"INFO","source":"frontend","module":"webrtc/sframe-transform","message":"encrypted frame","context":{"kid":9,"ctr":3,"byteLength":62,"codecOffset":10}}

[90mstdout[2m | apps/validator-daemon/src/canary/__tests__/mesh-byzantine.test.ts[2m > [22m[2mREQ-RMS-015 — isRelayFlaggedByCanary mirrors the classifier cumulative gate[2m > [22m[2mflags R (sustained drops) and not R2 (zero drops) after >= MIN_ROUNDS
[22m[39m{"timestamp":"2026-06-22T06:19:19.377Z","level":"INFO","source":"frontend","module":"webrtc/sframe-transform","message":"encrypted frame","context":{"kid":9,"ctr":4,"byteLength":62,"codecOffset":10}}

[90mstdout[2m | apps/validator-daemon/src/canary/__tests__/mesh-byzantine.test.ts[2m > [22m[2mREQ-RMS-015 — isRelayFlaggedByCanary mirrors the classifier cumulative gate[2m > [22m[2mflags R (sustained drops) and not R2 (zero drops) after >= MIN_ROUNDS
[22m[39m{"timestamp":"2026-06-22T06:19:19.378Z","level":"INFO","source":"frontend","module":"webrtc/sframe-transform","message":"encrypted frame","context":{"kid":9,"ctr":5,"byteLength":62,"codecOffset":10}}

[90mstdout[2m | apps/validator-daemon/src/canary/__tests__/mesh-byzantine.test.ts[2m > [22m[2mREQ-RMS-015 — isRelayFlaggedByCanary mirrors the classifier cumulative gate[2m > [22m[2mflags R (sustained drops) and not R2 (zero drops) after >= MIN_ROUNDS
[22m[39m{"timestamp":"2026-06-22T06:19:19.378Z","level":"INFO","source":"frontend","module":"webrtc/sframe-transform","message":"encrypted frame","context":{"kid":9,"ctr":6,"byteLength":62,"codecOffset":10}}

[90mstdout[2m | apps/validator-daemon/src/canary/__tests__/mesh-byzantine.test.ts[2m > [22m[2mREQ-RMS-015 — isRelayFlaggedByCanary mirrors the classifier cumulative gate[2m > [22m[2mflags R (sustained drops) and not R2 (zero drops) after >= MIN_ROUNDS
[22m[39m{"timestamp":"2026-06-22T06:19:19.378Z","level":"INFO","source":"frontend","module":"webrtc/sframe-transform","message":"encrypted frame","context":{"kid":9,"ctr":7,"byteLength":62,"codecOffset":10}}

[90mstdout[2m | apps/validator-daemon/src/canary/__tests__/mesh-byzantine.test.ts[2m > [22m[2mREQ-RMS-015 — isRelayFlaggedByCanary mirrors the classifier cumulative gate[2m > [22m[2mflags R (sustained drops) and not R2 (zero drops) after >= MIN_ROUNDS
[22m[39m{"timestamp":"2026-06-22T06:19:19.378Z","level":"INFO","source":"frontend","module":"webrtc/sframe-transform","message":"encrypted frame","context":{"kid":9,"ctr":0,"byteLength":62,"codecOffset":10}}

[90mstdout[2m | apps/validator-daemon/src/canary/__tests__/mesh-byzantine.test.ts[2m > [22m[2mREQ-RMS-015 — isRelayFlaggedByCanary mirrors the classifier cumulative gate[2m > [22m[2mflags R (sustained drops) and not R2 (zero drops) after >= MIN_ROUNDS
[22m[39m{"timestamp":"2026-06-22T06:19:19.379Z","level":"INFO","source":"frontend","module":"webrtc/sframe-transform","message":"encrypted frame","context":{"kid":9,"ctr":1,"byteLength":62,"codecOffset":10}}

[90mstdout[2m | apps/validator-daemon/src/canary/__tests__/mesh-byzantine.test.ts[2m > [22m[2mREQ-RMS-015 — isRelayFlaggedByCanary mirrors the classifier cumulative gate[2m > [22m[2mflags R (sustained drops) and not R2 (zero drops) after >= MIN_ROUNDS
[22m[39m{"timestamp":"2026-06-22T06:19:19.379Z","level":"INFO","source":"frontend","module":"webrtc/sframe-transform","message":"encrypted frame","context":{"kid":9,"ctr":2,"byteLength":62,"codecOffset":10}}

[90mstdout[2m | apps/validator-daemon/src/canary/__tests__/mesh-byzantine.test.ts[2m > [22m[2mREQ-RMS-015 — isRelayFlaggedByCanary mirrors the classifier cumulative gate[2m > [22m[2mflags R (sustained drops) and not R2 (zero drops) after >= MIN_ROUNDS
[22m[39m{"timestamp":"2026-06-22T06:19:19.379Z","level":"INFO","source":"frontend","module":"webrtc/sframe-transform","message":"encrypted frame","context":{"kid":9,"ctr":3,"byteLength":62,"codecOffset":10}}

[90mstdout[2m | apps/validator-daemon/src/canary/__tests__/mesh-byzantine.test.ts[2m > [22m[2mREQ-RMS-015 — isRelayFlaggedByCanary mirrors the classifier cumulative gate[2m > [22m[2mflags R (sustained drops) and not R2 (zero drops) after >= MIN_ROUNDS
[22m[39m{"timestamp":"2026-06-22T06:19:19.380Z","level":"INFO","source":"frontend","module":"webrtc/sframe-transform","message":"encrypted frame","context":{"kid":9,"ctr":4,"byteLength":62,"codecOffset":10}}

[90mstdout[2m | apps/validator-daemon/src/canary/__tests__/mesh-byzantine.test.ts[2m > [22m[2mREQ-RMS-015 — isRelayFlaggedByCanary mirrors the classifier cumulative gate[2m > [22m[2mflags R (sustained drops) and not R2 (zero drops) after >= MIN_ROUNDS
[22m[39m{"timestamp":"2026-06-22T06:19:19.380Z","level":"INFO","source":"frontend","module":"webrtc/sframe-transform","message":"encrypted frame","context":{"kid":9,"ctr":5,"byteLength":62,"codecOffset":10}}

[90mstdout[2m | apps/validator-daemon/src/canary/__tests__/mesh-byzantine.test.ts[2m > [22m[2mREQ-RMS-015 — isRelayFlaggedByCanary mirrors the classifier cumulative gate[2m > [22m[2mflags R (sustained drops) and not R2 (zero drops) after >= MIN_ROUNDS
[22m[39m{"timestamp":"2026-06-22T06:19:19.380Z","level":"INFO","source":"frontend","module":"webrtc/sframe-transform","message":"encrypted frame","context":{"kid":9,"ctr":6,"byteLength":62,"codecOffset":10}}

[90mstdout[2m | apps/validator-daemon/src/canary/__tests__/mesh-byzantine.test.ts[2m > [22m[2mREQ-RMS-015 — isRelayFlaggedByCanary mirrors the classifier cumulative gate[2m > [22m[2mflags R (sustained drops) and not R2 (zero drops) after >= MIN_ROUNDS
[22m[39m{"timestamp":"2026-06-22T06:19:19.380Z","level":"INFO","source":"frontend","module":"webrtc/sframe-transform","message":"encrypted frame","context":{"kid":9,"ctr":7,"byteLength":62,"codecOffset":10}}

{"level":30,"time":1782109159381,"pid":29576,"hostname":"Quang","name":"canary/verifier","canaryKid":9,"mediaPackets":8,"byteIdentical":8,"divergences":0,"msg":"canary forwarding verified"}
[90mstdout[2m | apps/validator-daemon/src/canary/__tests__/mesh-byzantine.test.ts[2m > [22m[2mREQ-RMS-015 — isRelayFlaggedByCanary mirrors the classifier cumulative gate[2m > [22m[2mflags R (sustained drops) and not R2 (zero drops) after >= MIN_ROUNDS
[22m[39m{"timestamp":"2026-06-22T06:19:19.381Z","level":"INFO","source":"frontend","module":"webrtc/sframe-transform","message":"encrypted frame","context":{"kid":9,"ctr":0,"byteLength":62,"codecOffset":10}}

[90mstdout[2m | apps/validator-daemon/src/canary/__tests__/mesh-byzantine.test.ts[2m > [22m[2mREQ-RMS-015 — isRelayFlaggedByCanary mirrors the classifier cumulative gate[2m > [22m[2mflags R (sustained drops) and not R2 (zero drops) after >= MIN_ROUNDS
[22m[39m{"timestamp":"2026-06-22T06:19:19.381Z","level":"INFO","source":"frontend","module":"webrtc/sframe-transform","message":"encrypted frame","context":{"kid":9,"ctr":1,"byteLength":62,"codecOffset":10}}

[90mstdout[2m | apps/validator-daemon/src/canary/__tests__/mesh-byzantine.test.ts[2m > [22m[2mREQ-RMS-015 — isRelayFlaggedByCanary mirrors the classifier cumulative gate[2m > [22m[2mflags R (sustained drops) and not R2 (zero drops) after >= MIN_ROUNDS
[22m[39m{"timestamp":"2026-06-22T06:19:19.382Z","level":"INFO","source":"frontend","module":"webrtc/sframe-transform","message":"encrypted frame","context":{"kid":9,"ctr":2,"byteLength":62,"codecOffset":10}}

[90mstdout[2m | apps/validator-daemon/src/canary/__tests__/mesh-byzantine.test.ts[2m > [22m[2mREQ-RMS-015 — isRelayFlaggedByCanary mirrors the classifier cumulative gate[2m > [22m[2mflags R (sustained drops) and not R2 (zero drops) after >= MIN_ROUNDS
[22m[39m{"timestamp":"2026-06-22T06:19:19.382Z","level":"INFO","source":"frontend","module":"webrtc/sframe-transform","message":"encrypted frame","context":{"kid":9,"ctr":3,"byteLength":62,"codecOffset":10}}

[90mstdout[2m | apps/validator-daemon/src/canary/__tests__/mesh-byzantine.test.ts[2m > [22m[2mREQ-RMS-015 — isRelayFlaggedByCanary mirrors the classifier cumulative gate[2m > [22m[2mflags R (sustained drops) and not R2 (zero drops) after >= MIN_ROUNDS
[22m[39m{"timestamp":"2026-06-22T06:19:19.383Z","level":"INFO","source":"frontend","module":"webrtc/sframe-transform","message":"encrypted frame","context":{"kid":9,"ctr":4,"byteLength":62,"codecOffset":10}}

[90mstdout[2m | apps/validator-daemon/src/canary/__tests__/mesh-byzantine.test.ts[2m > [22m[2mREQ-RMS-015 — isRelayFlaggedByCanary mirrors the classifier cumulative gate[2m > [22m[2mflags R (sustained drops) and not R2 (zero drops) after >= MIN_ROUNDS
[22m[39m{"timestamp":"2026-06-22T06:19:19.383Z","level":"INFO","source":"frontend","module":"webrtc/sframe-transform","message":"encrypted frame","context":{"kid":9,"ctr":5,"byteLength":62,"codecOffset":10}}

[90mstdout[2m | apps/validator-daemon/src/canary/__tests__/mesh-byzantine.test.ts[2m > [22m[2mREQ-RMS-015 — isRelayFlaggedByCanary mirrors the classifier cumulative gate[2m > [22m[2mflags R (sustained drops) and not R2 (zero drops) after >= MIN_ROUNDS
[22m[39m{"timestamp":"2026-06-22T06:19:19.383Z","level":"INFO","source":"frontend","module":"webrtc/sframe-transform","message":"encrypted frame","context":{"kid":9,"ctr":6,"byteLength":62,"codecOffset":10}}

[90mstdout[2m | apps/validator-daemon/src/canary/__tests__/mesh-byzantine.test.ts[2m > [22m[2mREQ-RMS-015 — isRelayFlaggedByCanary mirrors the classifier cumulative gate[2m > [22m[2mflags R (sustained drops) and not R2 (zero drops) after >= MIN_ROUNDS
[22m[39m{"timestamp":"2026-06-22T06:19:19.384Z","level":"INFO","source":"frontend","module":"webrtc/sframe-transform","message":"encrypted frame","context":{"kid":9,"ctr":7,"byteLength":62,"codecOffset":10}}

{"level":30,"time":1782109159384,"pid":29576,"hostname":"Quang","name":"canary/verifier","canaryKid":9,"mediaPackets":8,"byteIdentical":8,"divergences":0,"msg":"canary forwarding verified"}
{"level":30,"time":1782109159384,"pid":29576,"hostname":"Quang","name":"canary/loss-classifier","relayMinerId":"relay-honest-R2","promoted":0,"absorbed":0,"tampers":0,"cumulativeCrossed":false,"msg":"canary divergences classified (drop gate / tamper p=1)"}
{"level":30,"time":1782109159384,"pid":29576,"hostname":"Quang","name":"canary/verify-loop","round":1,"relayMinerId":"relay-honest-R2","roomId":"mesh-room","perReceiver":2,"promoted":0,"absorbed":0,"stunLossBps":"0","msg":"canary verify round classified (hermetic half — synthetic capture, STUN read live)"}
[90mstdout[2m | apps/validator-daemon/src/canary/__tests__/mesh-byzantine.test.ts[2m > [22m[2mREQ-RMS-015 — isRelayFlaggedByCanary mirrors the classifier cumulative gate[2m > [22m[2mflags R (sustained drops) and not R2 (zero drops) after >= MIN_ROUNDS
[22m[39m{"timestamp":"2026-06-22T06:19:19.385Z","level":"INFO","source":"frontend","module":"webrtc/sframe-transform","message":"encrypted frame","context":{"kid":9,"ctr":0,"byteLength":62,"codecOffset":10}}

[90mstdout[2m | apps/validator-daemon/src/canary/__tests__/mesh-byzantine.test.ts[2m > [22m[2mREQ-RMS-015 — isRelayFlaggedByCanary mirrors the classifier cumulative gate[2m > [22m[2mflags R (sustained drops) and not R2 (zero drops) after >= MIN_ROUNDS
[22m[39m{"timestamp":"2026-06-22T06:19:19.385Z","level":"INFO","source":"frontend","module":"webrtc/sframe-transform","message":"encrypted frame","context":{"kid":9,"ctr":1,"byteLength":62,"codecOffset":10}}

[90mstdout[2m | apps/validator-daemon/src/canary/__tests__/mesh-byzantine.test.ts[2m > [22m[2mREQ-RMS-015 — isRelayFlaggedByCanary mirrors the classifier cumulative gate[2m > [22m[2mflags R (sustained drops) and not R2 (zero drops) after >= MIN_ROUNDS
[22m[39m{"timestamp":"2026-06-22T06:19:19.386Z","level":"INFO","source":"frontend","module":"webrtc/sframe-transform","message":"encrypted frame","context":{"kid":9,"ctr":2,"byteLength":62,"codecOffset":10}}

[90mstdout[2m | apps/validator-daemon/src/canary/__tests__/mesh-byzantine.test.ts[2m > [22m[2mREQ-RMS-015 — isRelayFlaggedByCanary mirrors the classifier cumulative gate[2m > [22m[2mflags R (sustained drops) and not R2 (zero drops) after >= MIN_ROUNDS
[22m[39m{"timestamp":"2026-06-22T06:19:19.386Z","level":"INFO","source":"frontend","module":"webrtc/sframe-transform","message":"encrypted frame","context":{"kid":9,"ctr":3,"byteLength":62,"codecOffset":10}}

[90mstdout[2m | apps/validator-daemon/src/canary/__tests__/mesh-byzantine.test.ts[2m > [22m[2mREQ-RMS-015 — isRelayFlaggedByCanary mirrors the classifier cumulative gate[2m > [22m[2mflags R (sustained drops) and not R2 (zero drops) after >= MIN_ROUNDS
[22m[39m{"timestamp":"2026-06-22T06:19:19.386Z","level":"INFO","source":"frontend","module":"webrtc/sframe-transform","message":"encrypted frame","context":{"kid":9,"ctr":4,"byteLength":62,"codecOffset":10}}

[90mstdout[2m | apps/validator-daemon/src/canary/__tests__/mesh-byzantine.test.ts[2m > [22m[2mREQ-RMS-015 — isRelayFlaggedByCanary mirrors the classifier cumulative gate[2m > [22m[2mflags R (sustained drops) and not R2 (zero drops) after >= MIN_ROUNDS
[22m[39m{"timestamp":"2026-06-22T06:19:19.387Z","level":"INFO","source":"frontend","module":"webrtc/sframe-transform","message":"encrypted frame","context":{"kid":9,"ctr":6,"byteLength":62,"codecOffset":10}}

[90mstdout[2m | apps/validator-daemon/src/canary/__tests__/mesh-byzantine.test.ts[2m > [22m[2mREQ-RMS-015 — isRelayFlaggedByCanary mirrors the classifier cumulative gate[2m > [22m[2mflags R (sustained drops) and not R2 (zero drops) after >= MIN_ROUNDS
[22m[39m{"timestamp":"2026-06-22T06:19:19.387Z","level":"INFO","source":"frontend","module":"webrtc/sframe-transform","message":"encrypted frame","context":{"kid":9,"ctr":7,"byteLength":62,"codecOffset":10}}

[90mstdout[2m | apps/validator-daemon/src/canary/__tests__/mesh-byzantine.test.ts[2m > [22m[2mREQ-RMS-015 — isRelayFlaggedByCanary mirrors the classifier cumulative gate[2m > [22m[2mflags R (sustained drops) and not R2 (zero drops) after >= MIN_ROUNDS
[22m[39m{"timestamp":"2026-06-22T06:19:19.388Z","level":"INFO","source":"frontend","module":"webrtc/sframe-transform","message":"encrypted frame","context":{"kid":9,"ctr":0,"byteLength":62,"codecOffset":10}}

[90mstdout[2m | apps/validator-daemon/src/canary/__tests__/mesh-byzantine.test.ts[2m > [22m[2mREQ-RMS-015 — isRelayFlaggedByCanary mirrors the classifier cumulative gate[2m > [22m[2mflags R (sustained drops) and not R2 (zero drops) after >= MIN_ROUNDS
[22m[39m{"timestamp":"2026-06-22T06:19:19.388Z","level":"INFO","source":"frontend","module":"webrtc/sframe-transform","message":"encrypted frame","context":{"kid":9,"ctr":1,"byteLength":62,"codecOffset":10}}

[90mstdout[2m | apps/validator-daemon/src/canary/__tests__/mesh-byzantine.test.ts[2m > [22m[2mREQ-RMS-015 — isRelayFlaggedByCanary mirrors the classifier cumulative gate[2m > [22m[2mflags R (sustained drops) and not R2 (zero drops) after >= MIN_ROUNDS
[22m[39m{"timestamp":"2026-06-22T06:19:19.388Z","level":"INFO","source":"frontend","module":"webrtc/sframe-transform","message":"encrypted frame","context":{"kid":9,"ctr":2,"byteLength":62,"codecOffset":10}}

[90mstdout[2m | apps/validator-daemon/src/canary/__tests__/mesh-byzantine.test.ts[2m > [22m[2mREQ-RMS-015 — isRelayFlaggedByCanary mirrors the classifier cumulative gate[2m > [22m[2mflags R (sustained drops) and not R2 (zero drops) after >= MIN_ROUNDS
[22m[39m{"timestamp":"2026-06-22T06:19:19.388Z","level":"INFO","source":"frontend","module":"webrtc/sframe-transform","message":"encrypted frame","context":{"kid":9,"ctr":3,"byteLength":62,"codecOffset":10}}

[90mstdout[2m | apps/validator-daemon/src/canary/__tests__/mesh-byzantine.test.ts[2m > [22m[2mREQ-RMS-015 — isRelayFlaggedByCanary mirrors the classifier cumulative gate[2m > [22m[2mflags R (sustained drops) and not R2 (zero drops) after >= MIN_ROUNDS
[22m[39m{"timestamp":"2026-06-22T06:19:19.389Z","level":"INFO","source":"frontend","module":"webrtc/sframe-transform","message":"encrypted frame","context":{"kid":9,"ctr":4,"byteLength":62,"codecOffset":10}}

[90mstdout[2m | apps/validator-daemon/src/canary/__tests__/mesh-byzantine.test.ts[2m > [22m[2mREQ-RMS-015 — isRelayFlaggedByCanary mirrors the classifier cumulative gate[2m > [22m[2mflags R (sustained drops) and not R2 (zero drops) after >= MIN_ROUNDS
[22m[39m{"timestamp":"2026-06-22T06:19:19.389Z","level":"INFO","source":"frontend","module":"webrtc/sframe-transform","message":"encrypted frame","context":{"kid":9,"ctr":5,"byteLength":62,"codecOffset":10}}

[90mstdout[2m | apps/validator-daemon/src/canary/__tests__/mesh-byzantine.test.ts[2m > [22m[2mREQ-RMS-015 — isRelayFlaggedByCanary mirrors the classifier cumulative gate[2m > [22m[2mflags R (sustained drops) and not R2 (zero drops) after >= MIN_ROUNDS
[22m[39m{"timestamp":"2026-06-22T06:19:19.389Z","level":"INFO","source":"frontend","module":"webrtc/sframe-transform","message":"encrypted frame","context":{"kid":9,"ctr":6,"byteLength":62,"codecOffset":10}}

[90mstdout[2m | apps/validator-daemon/src/canary/__tests__/mesh-byzantine.test.ts[2m > [22m[2mREQ-RMS-015 — isRelayFlaggedByCanary mirrors the classifier cumulative gate[2m > [22m[2mflags R (sustained drops) and not R2 (zero drops) after >= MIN_ROUNDS
[22m[39m{"timestamp":"2026-06-22T06:19:19.390Z","level":"INFO","source":"frontend","module":"webrtc/sframe-transform","message":"encrypted frame","context":{"kid":9,"ctr":7,"byteLength":62,"codecOffset":10}}

{"level":30,"time":1782109159390,"pid":29576,"hostname":"Quang","name":"canary/verifier","canaryKid":9,"mediaPackets":7,"byteIdentical":7,"divergences":1,"msg":"canary forwarding verified"}
[90mstdout[2m | apps/validator-daemon/src/canary/__tests__/mesh-byzantine.test.ts[2m > [22m[2mREQ-RMS-015 — isRelayFlaggedByCanary mirrors the classifier cumulative gate[2m > [22m[2mflags R (sustained drops) and not R2 (zero drops) after >= MIN_ROUNDS
[22m[39m{"timestamp":"2026-06-22T06:19:19.390Z","level":"INFO","source":"frontend","module":"webrtc/sframe-transform","message":"encrypted frame","context":{"kid":9,"ctr":0,"byteLength":62,"codecOffset":10}}

[90mstdout[2m | apps/validator-daemon/src/canary/__tests__/mesh-byzantine.test.ts[2m > [22m[2mREQ-RMS-015 — isRelayFlaggedByCanary mirrors the classifier cumulative gate[2m > [22m[2mflags R (sustained drops) and not R2 (zero drops) after >= MIN_ROUNDS
[22m[39m{"timestamp":"2026-06-22T06:19:19.390Z","level":"INFO","source":"frontend","module":"webrtc/sframe-transform","message":"encrypted frame","context":{"kid":9,"ctr":1,"byteLength":62,"codecOffset":10}}

[90mstdout[2m | apps/validator-daemon/src/canary/__tests__/mesh-byzantine.test.ts[2m > [22m[2mREQ-RMS-015 — isRelayFlaggedByCanary mirrors the classifier cumulative gate[2m > [22m[2mflags R (sustained drops) and not R2 (zero drops) after >= MIN_ROUNDS
[22m[39m{"timestamp":"2026-06-22T06:19:19.391Z","level":"INFO","source":"frontend","module":"webrtc/sframe-transform","message":"encrypted frame","context":{"kid":9,"ctr":2,"byteLength":62,"codecOffset":10}}

[90mstdout[2m | apps/validator-daemon/src/canary/__tests__/mesh-byzantine.test.ts[2m > [22m[2mREQ-RMS-015 — isRelayFlaggedByCanary mirrors the classifier cumulative gate[2m > [22m[2mflags R (sustained drops) and not R2 (zero drops) after >= MIN_ROUNDS
[22m[39m{"timestamp":"2026-06-22T06:19:19.391Z","level":"INFO","source":"frontend","module":"webrtc/sframe-transform","message":"encrypted frame","context":{"kid":9,"ctr":3,"byteLength":62,"codecOffset":10}}

[90mstdout[2m | apps/validator-daemon/src/canary/__tests__/mesh-byzantine.test.ts[2m > [22m[2mREQ-RMS-015 — isRelayFlaggedByCanary mirrors the classifier cumulative gate[2m > [22m[2mflags R (sustained drops) and not R2 (zero drops) after >= MIN_ROUNDS
[22m[39m{"timestamp":"2026-06-22T06:19:19.391Z","level":"INFO","source":"frontend","module":"webrtc/sframe-transform","message":"encrypted frame","context":{"kid":9,"ctr":4,"byteLength":62,"codecOffset":10}}

[90mstdout[2m | apps/validator-daemon/src/canary/__tests__/mesh-byzantine.test.ts[2m > [22m[2mREQ-RMS-015 — isRelayFlaggedByCanary mirrors the classifier cumulative gate[2m > [22m[2mflags R (sustained drops) and not R2 (zero drops) after >= MIN_ROUNDS
[22m[39m{"timestamp":"2026-06-22T06:19:19.391Z","level":"INFO","source":"frontend","module":"webrtc/sframe-transform","message":"encrypted frame","context":{"kid":9,"ctr":5,"byteLength":62,"codecOffset":10}}

[90mstdout[2m | apps/validator-daemon/src/canary/__tests__/mesh-byzantine.test.ts[2m > [22m[2mREQ-RMS-015 — isRelayFlaggedByCanary mirrors the classifier cumulative gate[2m > [22m[2mflags R (sustained drops) and not R2 (zero drops) after >= MIN_ROUNDS
[22m[39m{"timestamp":"2026-06-22T06:19:19.392Z","level":"INFO","source":"frontend","module":"webrtc/sframe-transform","message":"encrypted frame","context":{"kid":9,"ctr":6,"byteLength":62,"codecOffset":10}}

[90mstdout[2m | apps/validator-daemon/src/canary/__tests__/mesh-byzantine.test.ts[2m > [22m[2mREQ-RMS-015 — isRelayFlaggedByCanary mirrors the classifier cumulative gate[2m > [22m[2mflags R (sustained drops) and not R2 (zero drops) after >= MIN_ROUNDS
[22m[39m{"timestamp":"2026-06-22T06:19:19.392Z","level":"INFO","source":"frontend","module":"webrtc/sframe-transform","message":"encrypted frame","context":{"kid":9,"ctr":7,"byteLength":62,"codecOffset":10}}

{"level":30,"time":1782109159392,"pid":29576,"hostname":"Quang","name":"canary/verifier","canaryKid":9,"mediaPackets":7,"byteIdentical":7,"divergences":1,"msg":"canary forwarding verified"}
{"level":30,"time":1782109159392,"pid":29576,"hostname":"Quang","name":"canary/loss-classifier","relayMinerId":"relay-byzantine-R","promoted":0,"absorbed":1,"tampers":0,"cumulativeCrossed":false,"msg":"canary divergences classified (drop gate / tamper p=1)"}
{"level":30,"time":1782109159392,"pid":29576,"hostname":"Quang","name":"canary/verify-loop","round":2,"relayMinerId":"relay-byzantine-R","roomId":"mesh-room","perReceiver":2,"promoted":0,"absorbed":1,"stunLossBps":"0","msg":"canary verify round classified (hermetic half — synthetic capture, STUN read live)"}
[90mstdout[2m | apps/validator-daemon/src/canary/__tests__/mesh-byzantine.test.ts[2m > [22m[2mREQ-RMS-015 — isRelayFlaggedByCanary mirrors the classifier cumulative gate[2m > [22m[2mflags R (sustained drops) and not R2 (zero drops) after >= MIN_ROUNDS
[22m[39m{"timestamp":"2026-06-22T06:19:19.392Z","level":"INFO","source":"frontend","module":"webrtc/sframe-transform","message":"encrypted frame","context":{"kid":9,"ctr":0,"byteLength":62,"codecOffset":10}}

[90mstdout[2m | apps/validator-daemon/src/canary/__tests__/mesh-byzantine.test.ts[2m > [22m[2mREQ-RMS-015 — isRelayFlaggedByCanary mirrors the classifier cumulative gate[2m > [22m[2mflags R (sustained drops) and not R2 (zero drops) after >= MIN_ROUNDS
[22m[39m{"timestamp":"2026-06-22T06:19:19.393Z","level":"INFO","source":"frontend","module":"webrtc/sframe-transform","message":"encrypted frame","context":{"kid":9,"ctr":1,"byteLength":62,"codecOffset":10}}

[90mstdout[2m | apps/validator-daemon/src/canary/__tests__/mesh-byzantine.test.ts[2m > [22m[2mREQ-RMS-015 — isRelayFlaggedByCanary mirrors the classifier cumulative gate[2m > [22m[2mflags R (sustained drops) and not R2 (zero drops) after >= MIN_ROUNDS
[22m[39m{"timestamp":"2026-06-22T06:19:19.393Z","level":"INFO","source":"frontend","module":"webrtc/sframe-transform","message":"encrypted frame","context":{"kid":9,"ctr":2,"byteLength":62,"codecOffset":10}}

[90mstdout[2m | apps/validator-daemon/src/canary/__tests__/mesh-byzantine.test.ts[2m > [22m[2mREQ-RMS-015 — isRelayFlaggedByCanary mirrors the classifier cumulative gate[2m > [22m[2mflags R (sustained drops) and not R2 (zero drops) after >= MIN_ROUNDS
[22m[39m{"timestamp":"2026-06-22T06:19:19.394Z","level":"INFO","source":"frontend","module":"webrtc/sframe-transform","message":"encrypted frame","context":{"kid":9,"ctr":3,"byteLength":62,"codecOffset":10}}

[90mstdout[2m | apps/validator-daemon/src/canary/__tests__/mesh-byzantine.test.ts[2m > [22m[2mREQ-RMS-015 — isRelayFlaggedByCanary mirrors the classifier cumulative gate[2m > [22m[2mflags R (sustained drops) and not R2 (zero drops) after >= MIN_ROUNDS
[22m[39m{"timestamp":"2026-06-22T06:19:19.394Z","level":"INFO","source":"frontend","module":"webrtc/sframe-transform","message":"encrypted frame","context":{"kid":9,"ctr":4,"byteLength":62,"codecOffset":10}}

[90mstdout[2m | apps/validator-daemon/src/canary/__tests__/mesh-byzantine.test.ts[2m > [22m[2mREQ-RMS-015 — isRelayFlaggedByCanary mirrors the classifier cumulative gate[2m > [22m[2mflags R (sustained drops) and not R2 (zero drops) after >= MIN_ROUNDS
[22m[39m{"timestamp":"2026-06-22T06:19:19.394Z","level":"INFO","source":"frontend","module":"webrtc/sframe-transform","message":"encrypted frame","context":{"kid":9,"ctr":5,"byteLength":62,"codecOffset":10}}

[90mstdout[2m | apps/validator-daemon/src/canary/__tests__/mesh-byzantine.test.ts[2m > [22m[2mREQ-RMS-015 — isRelayFlaggedByCanary mirrors the classifier cumulative gate[2m > [22m[2mflags R (sustained drops) and not R2 (zero drops) after >= MIN_ROUNDS
[22m[39m{"timestamp":"2026-06-22T06:19:19.395Z","level":"INFO","source":"frontend","module":"webrtc/sframe-transform","message":"encrypted frame","context":{"kid":9,"ctr":6,"byteLength":62,"codecOffset":10}}

[90mstdout[2m | apps/validator-daemon/src/canary/__tests__/mesh-byzantine.test.ts[2m > [22m[2mREQ-RMS-015 — isRelayFlaggedByCanary mirrors the classifier cumulative gate[2m > [22m[2mflags R (sustained drops) and not R2 (zero drops) after >= MIN_ROUNDS
[22m[39m{"timestamp":"2026-06-22T06:19:19.395Z","level":"INFO","source":"frontend","module":"webrtc/sframe-transform","message":"encrypted frame","context":{"kid":9,"ctr":7,"byteLength":62,"codecOffset":10}}

[90mstdout[2m | apps/validator-daemon/src/canary/__tests__/mesh-byzantine.test.ts[2m > [22m[2mREQ-RMS-015 — isRelayFlaggedByCanary mirrors the classifier cumulative gate[2m > [22m[2mflags R (sustained drops) and not R2 (zero drops) after >= MIN_ROUNDS
[22m[39m{"timestamp":"2026-06-22T06:19:19.395Z","level":"INFO","source":"frontend","module":"webrtc/sframe-transform","message":"encrypted frame","context":{"kid":9,"ctr":0,"byteLength":62,"codecOffset":10}}

[90mstdout[2m | apps/validator-daemon/src/canary/__tests__/mesh-byzantine.test.ts[2m > [22m[2mREQ-RMS-015 — isRelayFlaggedByCanary mirrors the classifier cumulative gate[2m > [22m[2mflags R (sustained drops) and not R2 (zero drops) after >= MIN_ROUNDS
[22m[39m{"timestamp":"2026-06-22T06:19:19.396Z","level":"INFO","source":"frontend","module":"webrtc/sframe-transform","message":"encrypted frame","context":{"kid":9,"ctr":1,"byteLength":62,"codecOffset":10}}

[90mstdout[2m | apps/validator-daemon/src/canary/__tests__/mesh-byzantine.test.ts[2m > [22m[2mREQ-RMS-015 — isRelayFlaggedByCanary mirrors the classifier cumulative gate[2m > [22m[2mflags R (sustained drops) and not R2 (zero drops) after >= MIN_ROUNDS
[22m[39m{"timestamp":"2026-06-22T06:19:19.396Z","level":"INFO","source":"frontend","module":"webrtc/sframe-transform","message":"encrypted frame","context":{"kid":9,"ctr":2,"byteLength":62,"codecOffset":10}}

[90mstdout[2m | apps/validator-daemon/src/canary/__tests__/mesh-byzantine.test.ts[2m > [22m[2mREQ-RMS-015 — isRelayFlaggedByCanary mirrors the classifier cumulative gate[2m > [22m[2mflags R (sustained drops) and not R2 (zero drops) after >= MIN_ROUNDS
[22m[39m{"timestamp":"2026-06-22T06:19:19.397Z","level":"INFO","source":"frontend","module":"webrtc/sframe-transform","message":"encrypted frame","context":{"kid":9,"ctr":3,"byteLength":62,"codecOffset":10}}

[90mstdout[2m | apps/validator-daemon/src/canary/__tests__/mesh-byzantine.test.ts[2m > [22m[2mREQ-RMS-015 — isRelayFlaggedByCanary mirrors the classifier cumulative gate[2m > [22m[2mflags R (sustained drops) and not R2 (zero drops) after >= MIN_ROUNDS
[22m[39m{"timestamp":"2026-06-22T06:19:19.397Z","level":"INFO","source":"frontend","module":"webrtc/sframe-transform","message":"encrypted frame","context":{"kid":9,"ctr":4,"byteLength":62,"codecOffset":10}}

[90mstdout[2m | apps/validator-daemon/src/canary/__tests__/mesh-byzantine.test.ts[2m > [22m[2mREQ-RMS-015 — isRelayFlaggedByCanary mirrors the classifier cumulative gate[2m > [22m[2mflags R (sustained drops) and not R2 (zero drops) after >= MIN_ROUNDS
[22m[39m{"timestamp":"2026-06-22T06:19:19.397Z","level":"INFO","source":"frontend","module":"webrtc/sframe-transform","message":"encrypted frame","context":{"kid":9,"ctr":5,"byteLength":62,"codecOffset":10}}

[90mstdout[2m | apps/validator-daemon/src/canary/__tests__/mesh-byzantine.test.ts[2m > [22m[2mREQ-RMS-015 — isRelayFlaggedByCanary mirrors the classifier cumulative gate[2m > [22m[2mflags R (sustained drops) and not R2 (zero drops) after >= MIN_ROUNDS
[22m[39m{"timestamp":"2026-06-22T06:19:19.398Z","level":"INFO","source":"frontend","module":"webrtc/sframe-transform","message":"encrypted frame","context":{"kid":9,"ctr":6,"byteLength":62,"codecOffset":10}}

[90mstdout[2m | apps/validator-daemon/src/canary/__tests__/mesh-byzantine.test.ts[2m > [22m[2mREQ-RMS-015 — isRelayFlaggedByCanary mirrors the classifier cumulative gate[2m > [22m[2mflags R (sustained drops) and not R2 (zero drops) after >= MIN_ROUNDS
[22m[39m{"timestamp":"2026-06-22T06:19:19.398Z","level":"INFO","source":"frontend","module":"webrtc/sframe-transform","message":"encrypted frame","context":{"kid":9,"ctr":7,"byteLength":62,"codecOffset":10}}

{"level":30,"time":1782109159398,"pid":29576,"hostname":"Quang","name":"canary/verifier","canaryKid":9,"mediaPackets":8,"byteIdentical":8,"divergences":0,"msg":"canary forwarding verified"}
[90mstdout[2m | apps/validator-daemon/src/canary/__tests__/mesh-byzantine.test.ts[2m > [22m[2mREQ-RMS-015 — isRelayFlaggedByCanary mirrors the classifier cumulative gate[2m > [22m[2mflags R (sustained drops) and not R2 (zero drops) after >= MIN_ROUNDS
[22m[39m{"timestamp":"2026-06-22T06:19:19.398Z","level":"INFO","source":"frontend","module":"webrtc/sframe-transform","message":"encrypted frame","context":{"kid":9,"ctr":0,"byteLength":62,"codecOffset":10}}

[90mstdout[2m | apps/validator-daemon/src/canary/__tests__/mesh-byzantine.test.ts[2m > [22m[2mREQ-RMS-015 — isRelayFlaggedByCanary mirrors the classifier cumulative gate[2m > [22m[2mflags R (sustained drops) and not R2 (zero drops) after >= MIN_ROUNDS
[22m[39m{"timestamp":"2026-06-22T06:19:19.399Z","level":"INFO","source":"frontend","module":"webrtc/sframe-transform","message":"encrypted frame","context":{"kid":9,"ctr":1,"byteLength":62,"codecOffset":10}}

[90mstdout[2m | apps/validator-daemon/src/canary/__tests__/mesh-byzantine.test.ts[2m > [22m[2mREQ-RMS-015 — isRelayFlaggedByCanary mirrors the classifier cumulative gate[2m > [22m[2mflags R (sustained drops) and not R2 (zero drops) after >= MIN_ROUNDS
[22m[39m{"timestamp":"2026-06-22T06:19:19.399Z","level":"INFO","source":"frontend","module":"webrtc/sframe-transform","message":"encrypted frame","context":{"kid":9,"ctr":2,"byteLength":62,"codecOffset":10}}

[90mstdout[2m | apps/validator-daemon/src/canary/__tests__/mesh-byzantine.test.ts[2m > [22m[2mREQ-RMS-015 — isRelayFlaggedByCanary mirrors the classifier cumulative gate[2m > [22m[2mflags R (sustained drops) and not R2 (zero drops) after >= MIN_ROUNDS
[22m[39m{"timestamp":"2026-06-22T06:19:19.399Z","level":"INFO","source":"frontend","module":"webrtc/sframe-transform","message":"encrypted frame","context":{"kid":9,"ctr":3,"byteLength":62,"codecOffset":10}}

[90mstdout[2m | apps/validator-daemon/src/canary/__tests__/mesh-byzantine.test.ts[2m > [22m[2mREQ-RMS-015 — isRelayFlaggedByCanary mirrors the classifier cumulative gate[2m > [22m[2mflags R (sustained drops) and not R2 (zero drops) after >= MIN_ROUNDS
[22m[39m{"timestamp":"2026-06-22T06:19:19.399Z","level":"INFO","source":"frontend","module":"webrtc/sframe-transform","message":"encrypted frame","context":{"kid":9,"ctr":4,"byteLength":62,"codecOffset":10}}

[90mstdout[2m | apps/validator-daemon/src/canary/__tests__/mesh-byzantine.test.ts[2m > [22m[2mREQ-RMS-015 — isRelayFlaggedByCanary mirrors the classifier cumulative gate[2m > [22m[2mflags R (sustained drops) and not R2 (zero drops) after >= MIN_ROUNDS
[22m[39m{"timestamp":"2026-06-22T06:19:19.400Z","level":"INFO","source":"frontend","module":"webrtc/sframe-transform","message":"encrypted frame","context":{"kid":9,"ctr":5,"byteLength":62,"codecOffset":10}}

[90mstdout[2m | apps/validator-daemon/src/canary/__tests__/mesh-byzantine.test.ts[2m > [22m[2mREQ-RMS-015 — isRelayFlaggedByCanary mirrors the classifier cumulative gate[2m > [22m[2mflags R (sustained drops) and not R2 (zero drops) after >= MIN_ROUNDS
[22m[39m{"timestamp":"2026-06-22T06:19:19.400Z","level":"INFO","source":"frontend","module":"webrtc/sframe-transform","message":"encrypted frame","context":{"kid":9,"ctr":6,"byteLength":62,"codecOffset":10}}

[90mstdout[2m | apps/validator-daemon/src/canary/__tests__/mesh-byzantine.test.ts[2m > [22m[2mREQ-RMS-015 — isRelayFlaggedByCanary mirrors the classifier cumulative gate[2m > [22m[2mflags R (sustained drops) and not R2 (zero drops) after >= MIN_ROUNDS
[22m[39m{"timestamp":"2026-06-22T06:19:19.401Z","level":"INFO","source":"frontend","module":"webrtc/sframe-transform","message":"encrypted frame","context":{"kid":9,"ctr":7,"byteLength":62,"codecOffset":10}}

{"level":30,"time":1782109159401,"pid":29576,"hostname":"Quang","name":"canary/verifier","canaryKid":9,"mediaPackets":8,"byteIdentical":8,"divergences":0,"msg":"canary forwarding verified"}
{"level":30,"time":1782109159401,"pid":29576,"hostname":"Quang","name":"canary/loss-classifier","relayMinerId":"relay-honest-R2","promoted":0,"absorbed":0,"tampers":0,"cumulativeCrossed":false,"msg":"canary divergences classified (drop gate / tamper p=1)"}
{"level":30,"time":1782109159401,"pid":29576,"hostname":"Quang","name":"canary/verify-loop","round":2,"relayMinerId":"relay-honest-R2","roomId":"mesh-room","perReceiver":2,"promoted":0,"absorbed":0,"stunLossBps":"0","msg":"canary verify round classified (hermetic half — synthetic capture, STUN read live)"}
[90mstdout[2m | apps/validator-daemon/src/canary/__tests__/mesh-byzantine.test.ts[2m > [22m[2mREQ-RMS-015 — isRelayFlaggedByCanary mirrors the classifier cumulative gate[2m > [22m[2mflags R (sustained drops) and not R2 (zero drops) after >= MIN_ROUNDS
[22m[39m{"timestamp":"2026-06-22T06:19:19.402Z","level":"INFO","source":"frontend","module":"webrtc/sframe-transform","message":"encrypted frame","context":{"kid":9,"ctr":0,"byteLength":62,"codecOffset":10}}

[90mstdout[2m | apps/validator-daemon/src/canary/__tests__/mesh-byzantine.test.ts[2m > [22m[2mREQ-RMS-015 — isRelayFlaggedByCanary mirrors the classifier cumulative gate[2m > [22m[2mflags R (sustained drops) and not R2 (zero drops) after >= MIN_ROUNDS
[22m[39m{"timestamp":"2026-06-22T06:19:19.402Z","level":"INFO","source":"frontend","module":"webrtc/sframe-transform","message":"encrypted frame","context":{"kid":9,"ctr":1,"byteLength":62,"codecOffset":10}}

[90mstdout[2m | apps/validator-daemon/src/canary/__tests__/mesh-byzantine.test.ts[2m > [22m[2mREQ-RMS-015 — isRelayFlaggedByCanary mirrors the classifier cumulative gate[2m > [22m[2mflags R (sustained drops) and not R2 (zero drops) after >= MIN_ROUNDS
[22m[39m{"timestamp":"2026-06-22T06:19:19.403Z","level":"INFO","source":"frontend","module":"webrtc/sframe-transform","message":"encrypted frame","context":{"kid":9,"ctr":2,"byteLength":62,"codecOffset":10}}

[90mstdout[2m | apps/validator-daemon/src/canary/__tests__/mesh-byzantine.test.ts[2m > [22m[2mREQ-RMS-015 — isRelayFlaggedByCanary mirrors the classifier cumulative gate[2m > [22m[2mflags R (sustained drops) and not R2 (zero drops) after >= MIN_ROUNDS
[22m[39m{"timestamp":"2026-06-22T06:19:19.403Z","level":"INFO","source":"frontend","module":"webrtc/sframe-transform","message":"encrypted frame","context":{"kid":9,"ctr":3,"byteLength":62,"codecOffset":10}}

[90mstdout[2m | apps/validator-daemon/src/canary/__tests__/mesh-byzantine.test.ts[2m > [22m[2mREQ-RMS-015 — isRelayFlaggedByCanary mirrors the classifier cumulative gate[2m > [22m[2mflags R (sustained drops) and not R2 (zero drops) after >= MIN_ROUNDS
[22m[39m{"timestamp":"2026-06-22T06:19:19.403Z","level":"INFO","source":"frontend","module":"webrtc/sframe-transform","message":"encrypted frame","context":{"kid":9,"ctr":4,"byteLength":62,"codecOffset":10}}

[90mstdout[2m | apps/validator-daemon/src/canary/__tests__/mesh-byzantine.test.ts[2m > [22m[2mREQ-RMS-015 — isRelayFlaggedByCanary mirrors the classifier cumulative gate[2m > [22m[2mflags R (sustained drops) and not R2 (zero drops) after >= MIN_ROUNDS
[22m[39m{"timestamp":"2026-06-22T06:19:19.404Z","level":"INFO","source":"frontend","module":"webrtc/sframe-transform","message":"encrypted frame","context":{"kid":9,"ctr":6,"byteLength":62,"codecOffset":10}}

[90mstdout[2m | apps/validator-daemon/src/canary/__tests__/mesh-byzantine.test.ts[2m > [22m[2mREQ-RMS-015 — isRelayFlaggedByCanary mirrors the classifier cumulative gate[2m > [22m[2mflags R (sustained drops) and not R2 (zero drops) after >= MIN_ROUNDS
[22m[39m{"timestamp":"2026-06-22T06:19:19.404Z","level":"INFO","source":"frontend","module":"webrtc/sframe-transform","message":"encrypted frame","context":{"kid":9,"ctr":7,"byteLength":62,"codecOffset":10}}

[90mstdout[2m | apps/validator-daemon/src/canary/__tests__/mesh-byzantine.test.ts[2m > [22m[2mREQ-RMS-015 — isRelayFlaggedByCanary mirrors the classifier cumulative gate[2m > [22m[2mflags R (sustained drops) and not R2 (zero drops) after >= MIN_ROUNDS
[22m[39m{"timestamp":"2026-06-22T06:19:19.405Z","level":"INFO","source":"frontend","module":"webrtc/sframe-transform","message":"encrypted frame","context":{"kid":9,"ctr":0,"byteLength":62,"codecOffset":10}}

[90mstdout[2m | apps/validator-daemon/src/canary/__tests__/mesh-byzantine.test.ts[2m > [22m[2mREQ-RMS-015 — isRelayFlaggedByCanary mirrors the classifier cumulative gate[2m > [22m[2mflags R (sustained drops) and not R2 (zero drops) after >= MIN_ROUNDS
[22m[39m{"timestamp":"2026-06-22T06:19:19.406Z","level":"INFO","source":"frontend","module":"webrtc/sframe-transform","message":"encrypted frame","context":{"kid":9,"ctr":1,"byteLength":62,"codecOffset":10}}

[90mstdout[2m | apps/validator-daemon/src/canary/__tests__/mesh-byzantine.test.ts[2m > [22m[2mREQ-RMS-015 — isRelayFlaggedByCanary mirrors the classifier cumulative gate[2m > [22m[2mflags R (sustained drops) and not R2 (zero drops) after >= MIN_ROUNDS
[22m[39m{"timestamp":"2026-06-22T06:19:19.406Z","level":"INFO","source":"frontend","module":"webrtc/sframe-transform","message":"encrypted frame","context":{"kid":9,"ctr":2,"byteLength":62,"codecOffset":10}}

[90mstdout[2m | apps/validator-daemon/src/canary/__tests__/mesh-byzantine.test.ts[2m > [22m[2mREQ-RMS-015 — isRelayFlaggedByCanary mirrors the classifier cumulative gate[2m > [22m[2mflags R (sustained drops) and not R2 (zero drops) after >= MIN_ROUNDS
[22m[39m{"timestamp":"2026-06-22T06:19:19.406Z","level":"INFO","source":"frontend","module":"webrtc/sframe-transform","message":"encrypted frame","context":{"kid":9,"ctr":3,"byteLength":62,"codecOffset":10}}

[90mstdout[2m | apps/validator-daemon/src/canary/__tests__/mesh-byzantine.test.ts[2m > [22m[2mREQ-RMS-015 — isRelayFlaggedByCanary mirrors the classifier cumulative gate[2m > [22m[2mflags R (sustained drops) and not R2 (zero drops) after >= MIN_ROUNDS
[22m[39m{"timestamp":"2026-06-22T06:19:19.407Z","level":"INFO","source":"frontend","module":"webrtc/sframe-transform","message":"encrypted frame","context":{"kid":9,"ctr":4,"byteLength":62,"codecOffset":10}}

[90mstdout[2m | apps/validator-daemon/src/canary/__tests__/mesh-byzantine.test.ts[2m > [22m[2mREQ-RMS-015 — isRelayFlaggedByCanary mirrors the classifier cumulative gate[2m > [22m[2mflags R (sustained drops) and not R2 (zero drops) after >= MIN_ROUNDS
[22m[39m{"timestamp":"2026-06-22T06:19:19.407Z","level":"INFO","source":"frontend","module":"webrtc/sframe-transform","message":"encrypted frame","context":{"kid":9,"ctr":5,"byteLength":62,"codecOffset":10}}

[90mstdout[2m | apps/validator-daemon/src/canary/__tests__/mesh-byzantine.test.ts[2m > [22m[2mREQ-RMS-015 — isRelayFlaggedByCanary mirrors the classifier cumulative gate[2m > [22m[2mflags R (sustained drops) and not R2 (zero drops) after >= MIN_ROUNDS
[22m[39m{"timestamp":"2026-06-22T06:19:19.408Z","level":"INFO","source":"frontend","module":"webrtc/sframe-transform","message":"encrypted frame","context":{"kid":9,"ctr":6,"byteLength":62,"codecOffset":10}}

[90mstdout[2m | apps/validator-daemon/src/canary/__tests__/mesh-byzantine.test.ts[2m > [22m[2mREQ-RMS-015 — isRelayFlaggedByCanary mirrors the classifier cumulative gate[2m > [22m[2mflags R (sustained drops) and not R2 (zero drops) after >= MIN_ROUNDS
[22m[39m{"timestamp":"2026-06-22T06:19:19.408Z","level":"INFO","source":"frontend","module":"webrtc/sframe-transform","message":"encrypted frame","context":{"kid":9,"ctr":7,"byteLength":62,"codecOffset":10}}

{"level":30,"time":1782109159408,"pid":29576,"hostname":"Quang","name":"canary/verifier","canaryKid":9,"mediaPackets":7,"byteIdentical":7,"divergences":1,"msg":"canary forwarding verified"}
[90mstdout[2m | apps/validator-daemon/src/canary/__tests__/mesh-byzantine.test.ts[2m > [22m[2mREQ-RMS-015 — isRelayFlaggedByCanary mirrors the classifier cumulative gate[2m > [22m[2mflags R (sustained drops) and not R2 (zero drops) after >= MIN_ROUNDS
[22m[39m{"timestamp":"2026-06-22T06:19:19.409Z","level":"INFO","source":"frontend","module":"webrtc/sframe-transform","message":"encrypted frame","context":{"kid":9,"ctr":0,"byteLength":62,"codecOffset":10}}

[90mstdout[2m | apps/validator-daemon/src/canary/__tests__/mesh-byzantine.test.ts[2m > [22m[2mREQ-RMS-015 — isRelayFlaggedByCanary mirrors the classifier cumulative gate[2m > [22m[2mflags R (sustained drops) and not R2 (zero drops) after >= MIN_ROUNDS
[22m[39m{"timestamp":"2026-06-22T06:19:19.409Z","level":"INFO","source":"frontend","module":"webrtc/sframe-transform","message":"encrypted frame","context":{"kid":9,"ctr":1,"byteLength":62,"codecOffset":10}}

[90mstdout[2m | apps/validator-daemon/src/canary/__tests__/mesh-byzantine.test.ts[2m > [22m[2mREQ-RMS-015 — isRelayFlaggedByCanary mirrors the classifier cumulative gate[2m > [22m[2mflags R (sustained drops) and not R2 (zero drops) after >= MIN_ROUNDS
[22m[39m{"timestamp":"2026-06-22T06:19:19.410Z","level":"INFO","source":"frontend","module":"webrtc/sframe-transform","message":"encrypted frame","context":{"kid":9,"ctr":2,"byteLength":62,"codecOffset":10}}

[90mstdout[2m | apps/validator-daemon/src/canary/__tests__/mesh-byzantine.test.ts[2m > [22m[2mREQ-RMS-015 — isRelayFlaggedByCanary mirrors the classifier cumulative gate[2m > [22m[2mflags R (sustained drops) and not R2 (zero drops) after >= MIN_ROUNDS
[22m[39m{"timestamp":"2026-06-22T06:19:19.410Z","level":"INFO","source":"frontend","module":"webrtc/sframe-transform","message":"encrypted frame","context":{"kid":9,"ctr":3,"byteLength":62,"codecOffset":10}}

[90mstdout[2m | apps/validator-daemon/src/canary/__tests__/mesh-byzantine.test.ts[2m > [22m[2mREQ-RMS-015 — isRelayFlaggedByCanary mirrors the classifier cumulative gate[2m > [22m[2mflags R (sustained drops) and not R2 (zero drops) after >= MIN_ROUNDS
[22m[39m{"timestamp":"2026-06-22T06:19:19.410Z","level":"INFO","source":"frontend","module":"webrtc/sframe-transform","message":"encrypted frame","context":{"kid":9,"ctr":4,"byteLength":62,"codecOffset":10}}

[90mstdout[2m | apps/validator-daemon/src/canary/__tests__/mesh-byzantine.test.ts[2m > [22m[2mREQ-RMS-015 — isRelayFlaggedByCanary mirrors the classifier cumulative gate[2m > [22m[2mflags R (sustained drops) and not R2 (zero drops) after >= MIN_ROUNDS
[22m[39m{"timestamp":"2026-06-22T06:19:19.411Z","level":"INFO","source":"frontend","module":"webrtc/sframe-transform","message":"encrypted frame","context":{"kid":9,"ctr":5,"byteLength":62,"codecOffset":10}}

[90mstdout[2m | apps/validator-daemon/src/canary/__tests__/mesh-byzantine.test.ts[2m > [22m[2mREQ-RMS-015 — isRelayFlaggedByCanary mirrors the classifier cumulative gate[2m > [22m[2mflags R (sustained drops) and not R2 (zero drops) after >= MIN_ROUNDS
[22m[39m{"timestamp":"2026-06-22T06:19:19.411Z","level":"INFO","source":"frontend","module":"webrtc/sframe-transform","message":"encrypted frame","context":{"kid":9,"ctr":6,"byteLength":62,"codecOffset":10}}

[90mstdout[2m | apps/validator-daemon/src/canary/__tests__/mesh-byzantine.test.ts[2m > [22m[2mREQ-RMS-015 — isRelayFlaggedByCanary mirrors the classifier cumulative gate[2m > [22m[2mflags R (sustained drops) and not R2 (zero drops) after >= MIN_ROUNDS
[22m[39m{"timestamp":"2026-06-22T06:19:19.412Z","level":"INFO","source":"frontend","module":"webrtc/sframe-transform","message":"encrypted frame","context":{"kid":9,"ctr":7,"byteLength":62,"codecOffset":10}}

{"level":30,"time":1782109159412,"pid":29576,"hostname":"Quang","name":"canary/verifier","canaryKid":9,"mediaPackets":7,"byteIdentical":7,"divergences":1,"msg":"canary forwarding verified"}
{"level":30,"time":1782109159412,"pid":29576,"hostname":"Quang","name":"canary/loss-classifier","relayMinerId":"relay-byzantine-R","promoted":0,"absorbed":1,"tampers":0,"cumulativeCrossed":false,"msg":"canary divergences classified (drop gate / tamper p=1)"}
{"level":30,"time":1782109159412,"pid":29576,"hostname":"Quang","name":"canary/verify-loop","round":3,"relayMinerId":"relay-byzantine-R","roomId":"mesh-room","perReceiver":2,"promoted":0,"absorbed":1,"stunLossBps":"0","msg":"canary verify round classified (hermetic half — synthetic capture, STUN read live)"}
[90mstdout[2m | apps/validator-daemon/src/canary/__tests__/mesh-byzantine.test.ts[2m > [22m[2mREQ-RMS-015 — isRelayFlaggedByCanary mirrors the classifier cumulative gate[2m > [22m[2mflags R (sustained drops) and not R2 (zero drops) after >= MIN_ROUNDS
[22m[39m{"timestamp":"2026-06-22T06:19:19.412Z","level":"INFO","source":"frontend","module":"webrtc/sframe-transform","message":"encrypted frame","context":{"kid":9,"ctr":0,"byteLength":62,"codecOffset":10}}

[90mstdout[2m | apps/validator-daemon/src/canary/__tests__/mesh-byzantine.test.ts[2m > [22m[2mREQ-RMS-015 — isRelayFlaggedByCanary mirrors the classifier cumulative gate[2m > [22m[2mflags R (sustained drops) and not R2 (zero drops) after >= MIN_ROUNDS
[22m[39m{"timestamp":"2026-06-22T06:19:19.413Z","level":"INFO","source":"frontend","module":"webrtc/sframe-transform","message":"encrypted frame","context":{"kid":9,"ctr":1,"byteLength":62,"codecOffset":10}}

[90mstdout[2m | apps/validator-daemon/src/canary/__tests__/mesh-byzantine.test.ts[2m > [22m[2mREQ-RMS-015 — isRelayFlaggedByCanary mirrors the classifier cumulative gate[2m > [22m[2mflags R (sustained drops) and not R2 (zero drops) after >= MIN_ROUNDS
[22m[39m{"timestamp":"2026-06-22T06:19:19.413Z","level":"INFO","source":"frontend","module":"webrtc/sframe-transform","message":"encrypted frame","context":{"kid":9,"ctr":2,"byteLength":62,"codecOffset":10}}

[90mstdout[2m | apps/validator-daemon/src/canary/__tests__/mesh-byzantine.test.ts[2m > [22m[2mREQ-RMS-015 — isRelayFlaggedByCanary mirrors the classifier cumulative gate[2m > [22m[2mflags R (sustained drops) and not R2 (zero drops) after >= MIN_ROUNDS
[22m[39m{"timestamp":"2026-06-22T06:19:19.413Z","level":"INFO","source":"frontend","module":"webrtc/sframe-transform","message":"encrypted frame","context":{"kid":9,"ctr":3,"byteLength":62,"codecOffset":10}}

[90mstdout[2m | apps/validator-daemon/src/canary/__tests__/mesh-byzantine.test.ts[2m > [22m[2mREQ-RMS-015 — isRelayFlaggedByCanary mirrors the classifier cumulative gate[2m > [22m[2mflags R (sustained drops) and not R2 (zero drops) after >= MIN_ROUNDS
[22m[39m{"timestamp":"2026-06-22T06:19:19.414Z","level":"INFO","source":"frontend","module":"webrtc/sframe-transform","message":"encrypted frame","context":{"kid":9,"ctr":4,"byteLength":62,"codecOffset":10}}

[90mstdout[2m | apps/validator-daemon/src/canary/__tests__/mesh-byzantine.test.ts[2m > [22m[2mREQ-RMS-015 — isRelayFlaggedByCanary mirrors the classifier cumulative gate[2m > [22m[2mflags R (sustained drops) and not R2 (zero drops) after >= MIN_ROUNDS
[22m[39m{"timestamp":"2026-06-22T06:19:19.414Z","level":"INFO","source":"frontend","module":"webrtc/sframe-transform","message":"encrypted frame","context":{"kid":9,"ctr":5,"byteLength":62,"codecOffset":10}}

[90mstdout[2m | apps/validator-daemon/src/canary/__tests__/mesh-byzantine.test.ts[2m > [22m[2mREQ-RMS-015 — isRelayFlaggedByCanary mirrors the classifier cumulative gate[2m > [22m[2mflags R (sustained drops) and not R2 (zero drops) after >= MIN_ROUNDS
[22m[39m{"timestamp":"2026-06-22T06:19:19.414Z","level":"INFO","source":"frontend","module":"webrtc/sframe-transform","message":"encrypted frame","context":{"kid":9,"ctr":6,"byteLength":62,"codecOffset":10}}

[90mstdout[2m | apps/validator-daemon/src/canary/__tests__/mesh-byzantine.test.ts[2m > [22m[2mREQ-RMS-015 — isRelayFlaggedByCanary mirrors the classifier cumulative gate[2m > [22m[2mflags R (sustained drops) and not R2 (zero drops) after >= MIN_ROUNDS
[22m[39m{"timestamp":"2026-06-22T06:19:19.414Z","level":"INFO","source":"frontend","module":"webrtc/sframe-transform","message":"encrypted frame","context":{"kid":9,"ctr":7,"byteLength":62,"codecOffset":10}}

[90mstdout[2m | apps/validator-daemon/src/canary/__tests__/mesh-byzantine.test.ts[2m > [22m[2mREQ-RMS-015 — isRelayFlaggedByCanary mirrors the classifier cumulative gate[2m > [22m[2mflags R (sustained drops) and not R2 (zero drops) after >= MIN_ROUNDS
[22m[39m{"timestamp":"2026-06-22T06:19:19.415Z","level":"INFO","source":"frontend","module":"webrtc/sframe-transform","message":"encrypted frame","context":{"kid":9,"ctr":0,"byteLength":62,"codecOffset":10}}

[90mstdout[2m | apps/validator-daemon/src/canary/__tests__/mesh-byzantine.test.ts[2m > [22m[2mREQ-RMS-015 — isRelayFlaggedByCanary mirrors the classifier cumulative gate[2m > [22m[2mflags R (sustained drops) and not R2 (zero drops) after >= MIN_ROUNDS
[22m[39m{"timestamp":"2026-06-22T06:19:19.415Z","level":"INFO","source":"frontend","module":"webrtc/sframe-transform","message":"encrypted frame","context":{"kid":9,"ctr":1,"byteLength":62,"codecOffset":10}}

[90mstdout[2m | apps/validator-daemon/src/canary/__tests__/mesh-byzantine.test.ts[2m > [22m[2mREQ-RMS-015 — isRelayFlaggedByCanary mirrors the classifier cumulative gate[2m > [22m[2mflags R (sustained drops) and not R2 (zero drops) after >= MIN_ROUNDS
[22m[39m{"timestamp":"2026-06-22T06:19:19.415Z","level":"INFO","source":"frontend","module":"webrtc/sframe-transform","message":"encrypted frame","context":{"kid":9,"ctr":2,"byteLength":62,"codecOffset":10}}

[90mstdout[2m | apps/validator-daemon/src/canary/__tests__/mesh-byzantine.test.ts[2m > [22m[2mREQ-RMS-015 — isRelayFlaggedByCanary mirrors the classifier cumulative gate[2m > [22m[2mflags R (sustained drops) and not R2 (zero drops) after >= MIN_ROUNDS
[22m[39m{"timestamp":"2026-06-22T06:19:19.416Z","level":"INFO","source":"frontend","module":"webrtc/sframe-transform","message":"encrypted frame","context":{"kid":9,"ctr":3,"byteLength":62,"codecOffset":10}}

[90mstdout[2m | apps/validator-daemon/src/canary/__tests__/mesh-byzantine.test.ts[2m > [22m[2mREQ-RMS-015 — isRelayFlaggedByCanary mirrors the classifier cumulative gate[2m > [22m[2mflags R (sustained drops) and not R2 (zero drops) after >= MIN_ROUNDS
[22m[39m{"timestamp":"2026-06-22T06:19:19.416Z","level":"INFO","source":"frontend","module":"webrtc/sframe-transform","message":"encrypted frame","context":{"kid":9,"ctr":4,"byteLength":62,"codecOffset":10}}

[90mstdout[2m | apps/validator-daemon/src/canary/__tests__/mesh-byzantine.test.ts[2m > [22m[2mREQ-RMS-015 — isRelayFlaggedByCanary mirrors the classifier cumulative gate[2m > [22m[2mflags R (sustained drops) and not R2 (zero drops) after >= MIN_ROUNDS
[22m[39m{"timestamp":"2026-06-22T06:19:19.416Z","level":"INFO","source":"frontend","module":"webrtc/sframe-transform","message":"encrypted frame","context":{"kid":9,"ctr":5,"byteLength":62,"codecOffset":10}}

[90mstdout[2m | apps/validator-daemon/src/canary/__tests__/mesh-byzantine.test.ts[2m > [22m[2mREQ-RMS-015 — isRelayFlaggedByCanary mirrors the classifier cumulative gate[2m > [22m[2mflags R (sustained drops) and not R2 (zero drops) after >= MIN_ROUNDS
[22m[39m{"timestamp":"2026-06-22T06:19:19.416Z","level":"INFO","source":"frontend","module":"webrtc/sframe-transform","message":"encrypted frame","context":{"kid":9,"ctr":6,"byteLength":62,"codecOffset":10}}

[90mstdout[2m | apps/validator-daemon/src/canary/__tests__/mesh-byzantine.test.ts[2m > [22m[2mREQ-RMS-015 — isRelayFlaggedByCanary mirrors the classifier cumulative gate[2m > [22m[2mflags R (sustained drops) and not R2 (zero drops) after >= MIN_ROUNDS
[22m[39m{"timestamp":"2026-06-22T06:19:19.417Z","level":"INFO","source":"frontend","module":"webrtc/sframe-transform","message":"encrypted frame","context":{"kid":9,"ctr":7,"byteLength":62,"codecOffset":10}}

{"level":30,"time":1782109159417,"pid":29576,"hostname":"Quang","name":"canary/verifier","canaryKid":9,"mediaPackets":8,"byteIdentical":8,"divergences":0,"msg":"canary forwarding verified"}
[90mstdout[2m | apps/validator-daemon/src/canary/__tests__/mesh-byzantine.test.ts[2m > [22m[2mREQ-RMS-015 — isRelayFlaggedByCanary mirrors the classifier cumulative gate[2m > [22m[2mflags R (sustained drops) and not R2 (zero drops) after >= MIN_ROUNDS
[22m[39m{"timestamp":"2026-06-22T06:19:19.417Z","level":"INFO","source":"frontend","module":"webrtc/sframe-transform","message":"encrypted frame","context":{"kid":9,"ctr":0,"byteLength":62,"codecOffset":10}}

[90mstdout[2m | apps/validator-daemon/src/canary/__tests__/mesh-byzantine.test.ts[2m > [22m[2mREQ-RMS-015 — isRelayFlaggedByCanary mirrors the classifier cumulative gate[2m > [22m[2mflags R (sustained drops) and not R2 (zero drops) after >= MIN_ROUNDS
[22m[39m{"timestamp":"2026-06-22T06:19:19.417Z","level":"INFO","source":"frontend","module":"webrtc/sframe-transform","message":"encrypted frame","context":{"kid":9,"ctr":1,"byteLength":62,"codecOffset":10}}

[90mstdout[2m | apps/validator-daemon/src/canary/__tests__/mesh-byzantine.test.ts[2m > [22m[2mREQ-RMS-015 — isRelayFlaggedByCanary mirrors the classifier cumulative gate[2m > [22m[2mflags R (sustained drops) and not R2 (zero drops) after >= MIN_ROUNDS
[22m[39m{"timestamp":"2026-06-22T06:19:19.417Z","level":"INFO","source":"frontend","module":"webrtc/sframe-transform","message":"encrypted frame","context":{"kid":9,"ctr":2,"byteLength":62,"codecOffset":10}}

[90mstdout[2m | apps/validator-daemon/src/canary/__tests__/mesh-byzantine.test.ts[2m > [22m[2mREQ-RMS-015 — isRelayFlaggedByCanary mirrors the classifier cumulative gate[2m > [22m[2mflags R (sustained drops) and not R2 (zero drops) after >= MIN_ROUNDS
[22m[39m{"timestamp":"2026-06-22T06:19:19.418Z","level":"INFO","source":"frontend","module":"webrtc/sframe-transform","message":"encrypted frame","context":{"kid":9,"ctr":3,"byteLength":62,"codecOffset":10}}

[90mstdout[2m | apps/validator-daemon/src/canary/__tests__/mesh-byzantine.test.ts[2m > [22m[2mREQ-RMS-015 — isRelayFlaggedByCanary mirrors the classifier cumulative gate[2m > [22m[2mflags R (sustained drops) and not R2 (zero drops) after >= MIN_ROUNDS
[22m[39m{"timestamp":"2026-06-22T06:19:19.418Z","level":"INFO","source":"frontend","module":"webrtc/sframe-transform","message":"encrypted frame","context":{"kid":9,"ctr":4,"byteLength":62,"codecOffset":10}}

[90mstdout[2m | apps/validator-daemon/src/canary/__tests__/mesh-byzantine.test.ts[2m > [22m[2mREQ-RMS-015 — isRelayFlaggedByCanary mirrors the classifier cumulative gate[2m > [22m[2mflags R (sustained drops) and not R2 (zero drops) after >= MIN_ROUNDS
[22m[39m{"timestamp":"2026-06-22T06:19:19.418Z","level":"INFO","source":"frontend","module":"webrtc/sframe-transform","message":"encrypted frame","context":{"kid":9,"ctr":5,"byteLength":62,"codecOffset":10}}

[90mstdout[2m | apps/validator-daemon/src/canary/__tests__/mesh-byzantine.test.ts[2m > [22m[2mREQ-RMS-015 — isRelayFlaggedByCanary mirrors the classifier cumulative gate[2m > [22m[2mflags R (sustained drops) and not R2 (zero drops) after >= MIN_ROUNDS
[22m[39m{"timestamp":"2026-06-22T06:19:19.419Z","level":"INFO","source":"frontend","module":"webrtc/sframe-transform","message":"encrypted frame","context":{"kid":9,"ctr":6,"byteLength":62,"codecOffset":10}}

[90mstdout[2m | apps/validator-daemon/src/canary/__tests__/mesh-byzantine.test.ts[2m > [22m[2mREQ-RMS-015 — isRelayFlaggedByCanary mirrors the classifier cumulative gate[2m > [22m[2mflags R (sustained drops) and not R2 (zero drops) after >= MIN_ROUNDS
[22m[39m{"timestamp":"2026-06-22T06:19:19.419Z","level":"INFO","source":"frontend","module":"webrtc/sframe-transform","message":"encrypted frame","context":{"kid":9,"ctr":7,"byteLength":62,"codecOffset":10}}

{"level":30,"time":1782109159419,"pid":29576,"hostname":"Quang","name":"canary/verifier","canaryKid":9,"mediaPackets":8,"byteIdentical":8,"divergences":0,"msg":"canary forwarding verified"}
{"level":30,"time":1782109159419,"pid":29576,"hostname":"Quang","name":"canary/loss-classifier","relayMinerId":"relay-honest-R2","promoted":0,"absorbed":0,"tampers":0,"cumulativeCrossed":false,"msg":"canary divergences classified (drop gate / tamper p=1)"}
{"level":30,"time":1782109159419,"pid":29576,"hostname":"Quang","name":"canary/verify-loop","round":3,"relayMinerId":"relay-honest-R2","roomId":"mesh-room","perReceiver":2,"promoted":0,"absorbed":0,"stunLossBps":"0","msg":"canary verify round classified (hermetic half — synthetic capture, STUN read live)"}
[90mstdout[2m | apps/validator-daemon/src/canary/__tests__/mesh-byzantine.test.ts[2m > [22m[2mREQ-RMS-015 — isRelayFlaggedByCanary mirrors the classifier cumulative gate[2m > [22m[2mflags R (sustained drops) and not R2 (zero drops) after >= MIN_ROUNDS
[22m[39m{"timestamp":"2026-06-22T06:19:19.419Z","level":"INFO","source":"frontend","module":"webrtc/sframe-transform","message":"encrypted frame","context":{"kid":9,"ctr":0,"byteLength":62,"codecOffset":10}}

[90mstdout[2m | apps/validator-daemon/src/canary/__tests__/mesh-byzantine.test.ts[2m > [22m[2mREQ-RMS-015 — isRelayFlaggedByCanary mirrors the classifier cumulative gate[2m > [22m[2mflags R (sustained drops) and not R2 (zero drops) after >= MIN_ROUNDS
[22m[39m{"timestamp":"2026-06-22T06:19:19.420Z","level":"INFO","source":"frontend","module":"webrtc/sframe-transform","message":"encrypted frame","context":{"kid":9,"ctr":1,"byteLength":62,"codecOffset":10}}

[90mstdout[2m | apps/validator-daemon/src/canary/__tests__/mesh-byzantine.test.ts[2m > [22m[2mREQ-RMS-015 — isRelayFlaggedByCanary mirrors the classifier cumulative gate[2m > [22m[2mflags R (sustained drops) and not R2 (zero drops) after >= MIN_ROUNDS
[22m[39m{"timestamp":"2026-06-22T06:19:19.420Z","level":"INFO","source":"frontend","module":"webrtc/sframe-transform","message":"encrypted frame","context":{"kid":9,"ctr":2,"byteLength":62,"codecOffset":10}}

[90mstdout[2m | apps/validator-daemon/src/canary/__tests__/mesh-byzantine.test.ts[2m > [22m[2mREQ-RMS-015 — isRelayFlaggedByCanary mirrors the classifier cumulative gate[2m > [22m[2mflags R (sustained drops) and not R2 (zero drops) after >= MIN_ROUNDS
[22m[39m{"timestamp":"2026-06-22T06:19:19.420Z","level":"INFO","source":"frontend","module":"webrtc/sframe-transform","message":"encrypted frame","context":{"kid":9,"ctr":3,"byteLength":62,"codecOffset":10}}

[90mstdout[2m | apps/validator-daemon/src/canary/__tests__/mesh-byzantine.test.ts[2m > [22m[2mREQ-RMS-015 — isRelayFlaggedByCanary mirrors the classifier cumulative gate[2m > [22m[2mflags R (sustained drops) and not R2 (zero drops) after >= MIN_ROUNDS
[22m[39m{"timestamp":"2026-06-22T06:19:19.421Z","level":"INFO","source":"frontend","module":"webrtc/sframe-transform","message":"encrypted frame","context":{"kid":9,"ctr":4,"byteLength":62,"codecOffset":10}}

[90mstdout[2m | apps/validator-daemon/src/canary/__tests__/mesh-byzantine.test.ts[2m > [22m[2mREQ-RMS-015 — isRelayFlaggedByCanary mirrors the classifier cumulative gate[2m > [22m[2mflags R (sustained drops) and not R2 (zero drops) after >= MIN_ROUNDS
[22m[39m{"timestamp":"2026-06-22T06:19:19.421Z","level":"INFO","source":"frontend","module":"webrtc/sframe-transform","message":"encrypted frame","context":{"kid":9,"ctr":6,"byteLength":62,"codecOffset":10}}

[90mstdout[2m | apps/validator-daemon/src/canary/__tests__/mesh-byzantine.test.ts[2m > [22m[2mREQ-RMS-015 — isRelayFlaggedByCanary mirrors the classifier cumulative gate[2m > [22m[2mflags R (sustained drops) and not R2 (zero drops) after >= MIN_ROUNDS
[22m[39m{"timestamp":"2026-06-22T06:19:19.422Z","level":"INFO","source":"frontend","module":"webrtc/sframe-transform","message":"encrypted frame","context":{"kid":9,"ctr":7,"byteLength":62,"codecOffset":10}}

[90mstdout[2m | apps/validator-daemon/src/canary/__tests__/mesh-byzantine.test.ts[2m > [22m[2mREQ-RMS-015 — isRelayFlaggedByCanary mirrors the classifier cumulative gate[2m > [22m[2mflags R (sustained drops) and not R2 (zero drops) after >= MIN_ROUNDS
[22m[39m{"timestamp":"2026-06-22T06:19:19.422Z","level":"INFO","source":"frontend","module":"webrtc/sframe-transform","message":"encrypted frame","context":{"kid":9,"ctr":0,"byteLength":62,"codecOffset":10}}

[90mstdout[2m | apps/validator-daemon/src/canary/__tests__/mesh-byzantine.test.ts[2m > [22m[2mREQ-RMS-015 — isRelayFlaggedByCanary mirrors the classifier cumulative gate[2m > [22m[2mflags R (sustained drops) and not R2 (zero drops) after >= MIN_ROUNDS
[22m[39m{"timestamp":"2026-06-22T06:19:19.422Z","level":"INFO","source":"frontend","module":"webrtc/sframe-transform","message":"encrypted frame","context":{"kid":9,"ctr":1,"byteLength":62,"codecOffset":10}}

[90mstdout[2m | apps/validator-daemon/src/canary/__tests__/mesh-byzantine.test.ts[2m > [22m[2mREQ-RMS-015 — isRelayFlaggedByCanary mirrors the classifier cumulative gate[2m > [22m[2mflags R (sustained drops) and not R2 (zero drops) after >= MIN_ROUNDS
[22m[39m{"timestamp":"2026-06-22T06:19:19.423Z","level":"INFO","source":"frontend","module":"webrtc/sframe-transform","message":"encrypted frame","context":{"kid":9,"ctr":2,"byteLength":62,"codecOffset":10}}

[90mstdout[2m | apps/validator-daemon/src/canary/__tests__/mesh-byzantine.test.ts[2m > [22m[2mREQ-RMS-015 — isRelayFlaggedByCanary mirrors the classifier cumulative gate[2m > [22m[2mflags R (sustained drops) and not R2 (zero drops) after >= MIN_ROUNDS
[22m[39m{"timestamp":"2026-06-22T06:19:19.423Z","level":"INFO","source":"frontend","module":"webrtc/sframe-transform","message":"encrypted frame","context":{"kid":9,"ctr":3,"byteLength":62,"codecOffset":10}}

[90mstdout[2m | apps/validator-daemon/src/canary/__tests__/mesh-byzantine.test.ts[2m > [22m[2mREQ-RMS-015 — isRelayFlaggedByCanary mirrors the classifier cumulative gate[2m > [22m[2mflags R (sustained drops) and not R2 (zero drops) after >= MIN_ROUNDS
[22m[39m{"timestamp":"2026-06-22T06:19:19.424Z","level":"INFO","source":"frontend","module":"webrtc/sframe-transform","message":"encrypted frame","context":{"kid":9,"ctr":4,"byteLength":62,"codecOffset":10}}

[90mstdout[2m | apps/validator-daemon/src/canary/__tests__/mesh-byzantine.test.ts[2m > [22m[2mREQ-RMS-015 — isRelayFlaggedByCanary mirrors the classifier cumulative gate[2m > [22m[2mflags R (sustained drops) and not R2 (zero drops) after >= MIN_ROUNDS
[22m[39m{"timestamp":"2026-06-22T06:19:19.424Z","level":"INFO","source":"frontend","module":"webrtc/sframe-transform","message":"encrypted frame","context":{"kid":9,"ctr":5,"byteLength":62,"codecOffset":10}}

[90mstdout[2m | apps/validator-daemon/src/canary/__tests__/mesh-byzantine.test.ts[2m > [22m[2mREQ-RMS-015 — isRelayFlaggedByCanary mirrors the classifier cumulative gate[2m > [22m[2mflags R (sustained drops) and not R2 (zero drops) after >= MIN_ROUNDS
[22m[39m{"timestamp":"2026-06-22T06:19:19.425Z","level":"INFO","source":"frontend","module":"webrtc/sframe-transform","message":"encrypted frame","context":{"kid":9,"ctr":6,"byteLength":62,"codecOffset":10}}

[90mstdout[2m | apps/validator-daemon/src/canary/__tests__/mesh-byzantine.test.ts[2m > [22m[2mREQ-RMS-015 — isRelayFlaggedByCanary mirrors the classifier cumulative gate[2m > [22m[2mflags R (sustained drops) and not R2 (zero drops) after >= MIN_ROUNDS
[22m[39m{"timestamp":"2026-06-22T06:19:19.425Z","level":"INFO","source":"frontend","module":"webrtc/sframe-transform","message":"encrypted frame","context":{"kid":9,"ctr":7,"byteLength":62,"codecOffset":10}}

{"level":30,"time":1782109159425,"pid":29576,"hostname":"Quang","name":"canary/verifier","canaryKid":9,"mediaPackets":7,"byteIdentical":7,"divergences":1,"msg":"canary forwarding verified"}
[90mstdout[2m | apps/validator-daemon/src/canary/__tests__/mesh-byzantine.test.ts[2m > [22m[2mREQ-RMS-015 — isRelayFlaggedByCanary mirrors the classifier cumulative gate[2m > [22m[2mflags R (sustained drops) and not R2 (zero drops) after >= MIN_ROUNDS
[22m[39m{"timestamp":"2026-06-22T06:19:19.426Z","level":"INFO","source":"frontend","module":"webrtc/sframe-transform","message":"encrypted frame","context":{"kid":9,"ctr":0,"byteLength":62,"codecOffset":10}}

[90mstdout[2m | apps/validator-daemon/src/canary/__tests__/mesh-byzantine.test.ts[2m > [22m[2mREQ-RMS-015 — isRelayFlaggedByCanary mirrors the classifier cumulative gate[2m > [22m[2mflags R (sustained drops) and not R2 (zero drops) after >= MIN_ROUNDS
[22m[39m{"timestamp":"2026-06-22T06:19:19.426Z","level":"INFO","source":"frontend","module":"webrtc/sframe-transform","message":"encrypted frame","context":{"kid":9,"ctr":1,"byteLength":62,"codecOffset":10}}

[90mstdout[2m | apps/validator-daemon/src/canary/__tests__/mesh-byzantine.test.ts[2m > [22m[2mREQ-RMS-015 — isRelayFlaggedByCanary mirrors the classifier cumulative gate[2m > [22m[2mflags R (sustained drops) and not R2 (zero drops) after >= MIN_ROUNDS
[22m[39m{"timestamp":"2026-06-22T06:19:19.427Z","level":"INFO","source":"frontend","module":"webrtc/sframe-transform","message":"encrypted frame","context":{"kid":9,"ctr":2,"byteLength":62,"codecOffset":10}}

[90mstdout[2m | apps/validator-daemon/src/canary/__tests__/mesh-byzantine.test.ts[2m > [22m[2mREQ-RMS-015 — isRelayFlaggedByCanary mirrors the classifier cumulative gate[2m > [22m[2mflags R (sustained drops) and not R2 (zero drops) after >= MIN_ROUNDS
[22m[39m{"timestamp":"2026-06-22T06:19:19.428Z","level":"INFO","source":"frontend","module":"webrtc/sframe-transform","message":"encrypted frame","context":{"kid":9,"ctr":3,"byteLength":62,"codecOffset":10}}

[90mstdout[2m | apps/validator-daemon/src/canary/__tests__/mesh-byzantine.test.ts[2m > [22m[2mREQ-RMS-015 — isRelayFlaggedByCanary mirrors the classifier cumulative gate[2m > [22m[2mflags R (sustained drops) and not R2 (zero drops) after >= MIN_ROUNDS
[22m[39m{"timestamp":"2026-06-22T06:19:19.428Z","level":"INFO","source":"frontend","module":"webrtc/sframe-transform","message":"encrypted frame","context":{"kid":9,"ctr":4,"byteLength":62,"codecOffset":10}}

[90mstdout[2m | apps/validator-daemon/src/canary/__tests__/mesh-byzantine.test.ts[2m > [22m[2mREQ-RMS-015 — isRelayFlaggedByCanary mirrors the classifier cumulative gate[2m > [22m[2mflags R (sustained drops) and not R2 (zero drops) after >= MIN_ROUNDS
[22m[39m{"timestamp":"2026-06-22T06:19:19.429Z","level":"INFO","source":"frontend","module":"webrtc/sframe-transform","message":"encrypted frame","context":{"kid":9,"ctr":5,"byteLength":62,"codecOffset":10}}

[90mstdout[2m | apps/validator-daemon/src/canary/__tests__/mesh-byzantine.test.ts[2m > [22m[2mREQ-RMS-015 — isRelayFlaggedByCanary mirrors the classifier cumulative gate[2m > [22m[2mflags R (sustained drops) and not R2 (zero drops) after >= MIN_ROUNDS
[22m[39m{"timestamp":"2026-06-22T06:19:19.429Z","level":"INFO","source":"frontend","module":"webrtc/sframe-transform","message":"encrypted frame","context":{"kid":9,"ctr":6,"byteLength":62,"codecOffset":10}}

[90mstdout[2m | apps/validator-daemon/src/canary/__tests__/mesh-byzantine.test.ts[2m > [22m[2mREQ-RMS-015 — isRelayFlaggedByCanary mirrors the classifier cumulative gate[2m > [22m[2mflags R (sustained drops) and not R2 (zero drops) after >= MIN_ROUNDS
[22m[39m{"timestamp":"2026-06-22T06:19:19.430Z","level":"INFO","source":"frontend","module":"webrtc/sframe-transform","message":"encrypted frame","context":{"kid":9,"ctr":7,"byteLength":62,"codecOffset":10}}

{"level":30,"time":1782109159430,"pid":29576,"hostname":"Quang","name":"canary/verifier","canaryKid":9,"mediaPackets":7,"byteIdentical":7,"divergences":1,"msg":"canary forwarding verified"}
{"level":30,"time":1782109159430,"pid":29576,"hostname":"Quang","name":"canary/loss-classifier","relayMinerId":"relay-byzantine-R","promoted":1,"absorbed":0,"tampers":0,"cumulativeCrossed":true,"msg":"canary divergences classified (drop gate / tamper p=1)"}
{"level":30,"time":1782109159432,"pid":29576,"hostname":"Quang","name":"canary/verify-loop","round":4,"relayMinerId":"relay-byzantine-R","roomId":"mesh-room","perReceiver":2,"promoted":1,"absorbed":0,"stunLossBps":"0","msg":"canary verify round classified (hermetic half — synthetic capture, STUN read live)"}
[90mstdout[2m | apps/validator-daemon/src/canary/__tests__/mesh-byzantine.test.ts[2m > [22m[2mREQ-RMS-015 — isRelayFlaggedByCanary mirrors the classifier cumulative gate[2m > [22m[2mflags R (sustained drops) and not R2 (zero drops) after >= MIN_ROUNDS
[22m[39m{"timestamp":"2026-06-22T06:19:19.433Z","level":"INFO","source":"frontend","module":"webrtc/sframe-transform","message":"encrypted frame","context":{"kid":9,"ctr":0,"byteLength":62,"codecOffset":10}}

[90mstdout[2m | apps/validator-daemon/src/canary/__tests__/mesh-byzantine.test.ts[2m > [22m[2mREQ-RMS-015 — isRelayFlaggedByCanary mirrors the classifier cumulative gate[2m > [22m[2mflags R (sustained drops) and not R2 (zero drops) after >= MIN_ROUNDS
[22m[39m{"timestamp":"2026-06-22T06:19:19.434Z","level":"INFO","source":"frontend","module":"webrtc/sframe-transform","message":"encrypted frame","context":{"kid":9,"ctr":1,"byteLength":62,"codecOffset":10}}

[90mstdout[2m | apps/validator-daemon/src/canary/__tests__/mesh-byzantine.test.ts[2m > [22m[2mREQ-RMS-015 — isRelayFlaggedByCanary mirrors the classifier cumulative gate[2m > [22m[2mflags R (sustained drops) and not R2 (zero drops) after >= MIN_ROUNDS
[22m[39m{"timestamp":"2026-06-22T06:19:19.435Z","level":"INFO","source":"frontend","module":"webrtc/sframe-transform","message":"encrypted frame","context":{"kid":9,"ctr":2,"byteLength":62,"codecOffset":10}}

[90mstdout[2m | apps/validator-daemon/src/canary/__tests__/mesh-byzantine.test.ts[2m > [22m[2mREQ-RMS-015 — isRelayFlaggedByCanary mirrors the classifier cumulative gate[2m > [22m[2mflags R (sustained drops) and not R2 (zero drops) after >= MIN_ROUNDS
[22m[39m{"timestamp":"2026-06-22T06:19:19.435Z","level":"INFO","source":"frontend","module":"webrtc/sframe-transform","message":"encrypted frame","context":{"kid":9,"ctr":3,"byteLength":62,"codecOffset":10}}

[90mstdout[2m | apps/validator-daemon/src/canary/__tests__/mesh-byzantine.test.ts[2m > [22m[2mREQ-RMS-015 — isRelayFlaggedByCanary mirrors the classifier cumulative gate[2m > [22m[2mflags R (sustained drops) and not R2 (zero drops) after >= MIN_ROUNDS
[22m[39m{"timestamp":"2026-06-22T06:19:19.435Z","level":"INFO","source":"frontend","module":"webrtc/sframe-transform","message":"encrypted frame","context":{"kid":9,"ctr":4,"byteLength":62,"codecOffset":10}}

[90mstdout[2m | apps/validator-daemon/src/canary/__tests__/mesh-byzantine.test.ts[2m > [22m[2mREQ-RMS-015 — isRelayFlaggedByCanary mirrors the classifier cumulative gate[2m > [22m[2mflags R (sustained drops) and not R2 (zero drops) after >= MIN_ROUNDS
[22m[39m{"timestamp":"2026-06-22T06:19:19.436Z","level":"INFO","source":"frontend","module":"webrtc/sframe-transform","message":"encrypted frame","context":{"kid":9,"ctr":5,"byteLength":62,"codecOffset":10}}

[90mstdout[2m | apps/validator-daemon/src/canary/__tests__/mesh-byzantine.test.ts[2m > [22m[2mREQ-RMS-015 — isRelayFlaggedByCanary mirrors the classifier cumulative gate[2m > [22m[2mflags R (sustained drops) and not R2 (zero drops) after >= MIN_ROUNDS
[22m[39m{"timestamp":"2026-06-22T06:19:19.436Z","level":"INFO","source":"frontend","module":"webrtc/sframe-transform","message":"encrypted frame","context":{"kid":9,"ctr":6,"byteLength":62,"codecOffset":10}}

[90mstdout[2m | apps/validator-daemon/src/canary/__tests__/mesh-byzantine.test.ts[2m > [22m[2mREQ-RMS-015 — isRelayFlaggedByCanary mirrors the classifier cumulative gate[2m > [22m[2mflags R (sustained drops) and not R2 (zero drops) after >= MIN_ROUNDS
[22m[39m{"timestamp":"2026-06-22T06:19:19.437Z","level":"INFO","source":"frontend","module":"webrtc/sframe-transform","message":"encrypted frame","context":{"kid":9,"ctr":7,"byteLength":62,"codecOffset":10}}

[90mstdout[2m | apps/validator-daemon/src/canary/__tests__/mesh-byzantine.test.ts[2m > [22m[2mREQ-RMS-015 — isRelayFlaggedByCanary mirrors the classifier cumulative gate[2m > [22m[2mflags R (sustained drops) and not R2 (zero drops) after >= MIN_ROUNDS
[22m[39m{"timestamp":"2026-06-22T06:19:19.437Z","level":"INFO","source":"frontend","module":"webrtc/sframe-transform","message":"encrypted frame","context":{"kid":9,"ctr":0,"byteLength":62,"codecOffset":10}}

[90mstdout[2m | apps/validator-daemon/src/canary/__tests__/mesh-byzantine.test.ts[2m > [22m[2mREQ-RMS-015 — isRelayFlaggedByCanary mirrors the classifier cumulative gate[2m > [22m[2mflags R (sustained drops) and not R2 (zero drops) after >= MIN_ROUNDS
[22m[39m{"timestamp":"2026-06-22T06:19:19.437Z","level":"INFO","source":"frontend","module":"webrtc/sframe-transform","message":"encrypted frame","context":{"kid":9,"ctr":1,"byteLength":62,"codecOffset":10}}

[90mstdout[2m | apps/validator-daemon/src/canary/__tests__/mesh-byzantine.test.ts[2m > [22m[2mREQ-RMS-015 — isRelayFlaggedByCanary mirrors the classifier cumulative gate[2m > [22m[2mflags R (sustained drops) and not R2 (zero drops) after >= MIN_ROUNDS
[22m[39m{"timestamp":"2026-06-22T06:19:19.438Z","level":"INFO","source":"frontend","module":"webrtc/sframe-transform","message":"encrypted frame","context":{"kid":9,"ctr":2,"byteLength":62,"codecOffset":10}}

[90mstdout[2m | apps/validator-daemon/src/canary/__tests__/mesh-byzantine.test.ts[2m > [22m[2mREQ-RMS-015 — isRelayFlaggedByCanary mirrors the classifier cumulative gate[2m > [22m[2mflags R (sustained drops) and not R2 (zero drops) after >= MIN_ROUNDS
[22m[39m{"timestamp":"2026-06-22T06:19:19.438Z","level":"INFO","source":"frontend","module":"webrtc/sframe-transform","message":"encrypted frame","context":{"kid":9,"ctr":3,"byteLength":62,"codecOffset":10}}

[90mstdout[2m | apps/validator-daemon/src/canary/__tests__/mesh-byzantine.test.ts[2m > [22m[2mREQ-RMS-015 — isRelayFlaggedByCanary mirrors the classifier cumulative gate[2m > [22m[2mflags R (sustained drops) and not R2 (zero drops) after >= MIN_ROUNDS
[22m[39m{"timestamp":"2026-06-22T06:19:19.438Z","level":"INFO","source":"frontend","module":"webrtc/sframe-transform","message":"encrypted frame","context":{"kid":9,"ctr":4,"byteLength":62,"codecOffset":10}}

[90mstdout[2m | apps/validator-daemon/src/canary/__tests__/mesh-byzantine.test.ts[2m > [22m[2mREQ-RMS-015 — isRelayFlaggedByCanary mirrors the classifier cumulative gate[2m > [22m[2mflags R (sustained drops) and not R2 (zero drops) after >= MIN_ROUNDS
[22m[39m{"timestamp":"2026-06-22T06:19:19.439Z","level":"INFO","source":"frontend","module":"webrtc/sframe-transform","message":"encrypted frame","context":{"kid":9,"ctr":5,"byteLength":62,"codecOffset":10}}

[90mstdout[2m | apps/validator-daemon/src/canary/__tests__/mesh-byzantine.test.ts[2m > [22m[2mREQ-RMS-015 — isRelayFlaggedByCanary mirrors the classifier cumulative gate[2m > [22m[2mflags R (sustained drops) and not R2 (zero drops) after >= MIN_ROUNDS
[22m[39m{"timestamp":"2026-06-22T06:19:19.439Z","level":"INFO","source":"frontend","module":"webrtc/sframe-transform","message":"encrypted frame","context":{"kid":9,"ctr":6,"byteLength":62,"codecOffset":10}}

[90mstdout[2m | apps/validator-daemon/src/canary/__tests__/mesh-byzantine.test.ts[2m > [22m[2mREQ-RMS-015 — isRelayFlaggedByCanary mirrors the classifier cumulative gate[2m > [22m[2mflags R (sustained drops) and not R2 (zero drops) after >= MIN_ROUNDS
[22m[39m{"timestamp":"2026-06-22T06:19:19.439Z","level":"INFO","source":"frontend","module":"webrtc/sframe-transform","message":"encrypted frame","context":{"kid":9,"ctr":7,"byteLength":62,"codecOffset":10}}

{"level":30,"time":1782109159440,"pid":29576,"hostname":"Quang","name":"canary/verifier","canaryKid":9,"mediaPackets":8,"byteIdentical":8,"divergences":0,"msg":"canary forwarding verified"}
[90mstdout[2m | apps/validator-daemon/src/canary/__tests__/mesh-byzantine.test.ts[2m > [22m[2mREQ-RMS-015 — isRelayFlaggedByCanary mirrors the classifier cumulative gate[2m > [22m[2mflags R (sustained drops) and not R2 (zero drops) after >= MIN_ROUNDS
[22m[39m{"timestamp":"2026-06-22T06:19:19.440Z","level":"INFO","source":"frontend","module":"webrtc/sframe-transform","message":"encrypted frame","context":{"kid":9,"ctr":0,"byteLength":62,"codecOffset":10}}

[90mstdout[2m | apps/validator-daemon/src/canary/__tests__/mesh-byzantine.test.ts[2m > [22m[2mREQ-RMS-015 — isRelayFlaggedByCanary mirrors the classifier cumulative gate[2m > [22m[2mflags R (sustained drops) and not R2 (zero drops) after >= MIN_ROUNDS
[22m[39m{"timestamp":"2026-06-22T06:19:19.440Z","level":"INFO","source":"frontend","module":"webrtc/sframe-transform","message":"encrypted frame","context":{"kid":9,"ctr":1,"byteLength":62,"codecOffset":10}}

[90mstdout[2m | apps/validator-daemon/src/canary/__tests__/mesh-byzantine.test.ts[2m > [22m[2mREQ-RMS-015 — isRelayFlaggedByCanary mirrors the classifier cumulative gate[2m > [22m[2mflags R (sustained drops) and not R2 (zero drops) after >= MIN_ROUNDS
[22m[39m{"timestamp":"2026-06-22T06:19:19.441Z","level":"INFO","source":"frontend","module":"webrtc/sframe-transform","message":"encrypted frame","context":{"kid":9,"ctr":2,"byteLength":62,"codecOffset":10}}

[90mstdout[2m | apps/validator-daemon/src/canary/__tests__/mesh-byzantine.test.ts[2m > [22m[2mREQ-RMS-015 — isRelayFlaggedByCanary mirrors the classifier cumulative gate[2m > [22m[2mflags R (sustained drops) and not R2 (zero drops) after >= MIN_ROUNDS
[22m[39m{"timestamp":"2026-06-22T06:19:19.441Z","level":"INFO","source":"frontend","module":"webrtc/sframe-transform","message":"encrypted frame","context":{"kid":9,"ctr":3,"byteLength":62,"codecOffset":10}}

[90mstdout[2m | apps/validator-daemon/src/canary/__tests__/mesh-byzantine.test.ts[2m > [22m[2mREQ-RMS-015 — isRelayFlaggedByCanary mirrors the classifier cumulative gate[2m > [22m[2mflags R (sustained drops) and not R2 (zero drops) after >= MIN_ROUNDS
[22m[39m{"timestamp":"2026-06-22T06:19:19.441Z","level":"INFO","source":"frontend","module":"webrtc/sframe-transform","message":"encrypted frame","context":{"kid":9,"ctr":4,"byteLength":62,"codecOffset":10}}

[90mstdout[2m | apps/validator-daemon/src/canary/__tests__/mesh-byzantine.test.ts[2m > [22m[2mREQ-RMS-015 — isRelayFlaggedByCanary mirrors the classifier cumulative gate[2m > [22m[2mflags R (sustained drops) and not R2 (zero drops) after >= MIN_ROUNDS
[22m[39m{"timestamp":"2026-06-22T06:19:19.442Z","level":"INFO","source":"frontend","module":"webrtc/sframe-transform","message":"encrypted frame","context":{"kid":9,"ctr":5,"byteLength":62,"codecOffset":10}}

[90mstdout[2m | apps/validator-daemon/src/canary/__tests__/mesh-byzantine.test.ts[2m > [22m[2mREQ-RMS-015 — isRelayFlaggedByCanary mirrors the classifier cumulative gate[2m > [22m[2mflags R (sustained drops) and not R2 (zero drops) after >= MIN_ROUNDS
[22m[39m{"timestamp":"2026-06-22T06:19:19.442Z","level":"INFO","source":"frontend","module":"webrtc/sframe-transform","message":"encrypted frame","context":{"kid":9,"ctr":6,"byteLength":62,"codecOffset":10}}

[90mstdout[2m | apps/validator-daemon/src/canary/__tests__/mesh-byzantine.test.ts[2m > [22m[2mREQ-RMS-015 — isRelayFlaggedByCanary mirrors the classifier cumulative gate[2m > [22m[2mflags R (sustained drops) and not R2 (zero drops) after >= MIN_ROUNDS
[22m[39m{"timestamp":"2026-06-22T06:19:19.442Z","level":"INFO","source":"frontend","module":"webrtc/sframe-transform","message":"encrypted frame","context":{"kid":9,"ctr":7,"byteLength":62,"codecOffset":10}}

{"level":30,"time":1782109159443,"pid":29576,"hostname":"Quang","name":"canary/verifier","canaryKid":9,"mediaPackets":8,"byteIdentical":8,"divergences":0,"msg":"canary forwarding verified"}
{"level":30,"time":1782109159443,"pid":29576,"hostname":"Quang","name":"canary/loss-classifier","relayMinerId":"relay-honest-R2","promoted":0,"absorbed":0,"tampers":0,"cumulativeCrossed":false,"msg":"canary divergences classified (drop gate / tamper p=1)"}
{"level":30,"time":1782109159443,"pid":29576,"hostname":"Quang","name":"canary/verify-loop","round":4,"relayMinerId":"relay-honest-R2","roomId":"mesh-room","perReceiver":2,"promoted":0,"absorbed":0,"stunLossBps":"0","msg":"canary verify round classified (hermetic half — synthetic capture, STUN read live)"}
[90mstdout[2m | apps/validator-daemon/src/canary/__tests__/mesh-byzantine.test.ts[2m > [22m[2mREQ-RMS-015 — isRelayFlaggedByCanary mirrors the classifier cumulative gate[2m > [22m[2mflags R (sustained drops) and not R2 (zero drops) after >= MIN_ROUNDS
[22m[39m{"timestamp":"2026-06-22T06:19:19.445Z","level":"INFO","source":"frontend","module":"webrtc/sframe-transform","message":"encrypted frame","context":{"kid":9,"ctr":0,"byteLength":62,"codecOffset":10}}

[90mstdout[2m | apps/validator-daemon/src/canary/__tests__/mesh-byzantine.test.ts[2m > [22m[2mREQ-RMS-015 — isRelayFlaggedByCanary mirrors the classifier cumulative gate[2m > [22m[2mflags R (sustained drops) and not R2 (zero drops) after >= MIN_ROUNDS
[22m[39m{"timestamp":"2026-06-22T06:19:19.445Z","level":"INFO","source":"frontend","module":"webrtc/sframe-transform","message":"encrypted frame","context":{"kid":9,"ctr":1,"byteLength":62,"codecOffset":10}}

[90mstdout[2m | apps/validator-daemon/src/canary/__tests__/mesh-byzantine.test.ts[2m > [22m[2mREQ-RMS-015 — isRelayFlaggedByCanary mirrors the classifier cumulative gate[2m > [22m[2mflags R (sustained drops) and not R2 (zero drops) after >= MIN_ROUNDS
[22m[39m{"timestamp":"2026-06-22T06:19:19.446Z","level":"INFO","source":"frontend","module":"webrtc/sframe-transform","message":"encrypted frame","context":{"kid":9,"ctr":2,"byteLength":62,"codecOffset":10}}

[90mstdout[2m | apps/validator-daemon/src/canary/__tests__/mesh-byzantine.test.ts[2m > [22m[2mREQ-RMS-015 — isRelayFlaggedByCanary mirrors the classifier cumulative gate[2m > [22m[2mflags R (sustained drops) and not R2 (zero drops) after >= MIN_ROUNDS
[22m[39m{"timestamp":"2026-06-22T06:19:19.446Z","level":"INFO","source":"frontend","module":"webrtc/sframe-transform","message":"encrypted frame","context":{"kid":9,"ctr":3,"byteLength":62,"codecOffset":10}}

[90mstdout[2m | apps/validator-daemon/src/canary/__tests__/mesh-byzantine.test.ts[2m > [22m[2mREQ-RMS-015 — isRelayFlaggedByCanary mirrors the classifier cumulative gate[2m > [22m[2mflags R (sustained drops) and not R2 (zero drops) after >= MIN_ROUNDS
[22m[39m{"timestamp":"2026-06-22T06:19:19.447Z","level":"INFO","source":"frontend","module":"webrtc/sframe-transform","message":"encrypted frame","context":{"kid":9,"ctr":4,"byteLength":62,"codecOffset":10}}

[90mstdout[2m | apps/validator-daemon/src/canary/__tests__/mesh-byzantine.test.ts[2m > [22m[2mREQ-RMS-015 — isRelayFlaggedByCanary mirrors the classifier cumulative gate[2m > [22m[2mflags R (sustained drops) and not R2 (zero drops) after >= MIN_ROUNDS
[22m[39m{"timestamp":"2026-06-22T06:19:19.447Z","level":"INFO","source":"frontend","module":"webrtc/sframe-transform","message":"encrypted frame","context":{"kid":9,"ctr":6,"byteLength":62,"codecOffset":10}}

[90mstdout[2m | apps/validator-daemon/src/canary/__tests__/mesh-byzantine.test.ts[2m > [22m[2mREQ-RMS-015 — isRelayFlaggedByCanary mirrors the classifier cumulative gate[2m > [22m[2mflags R (sustained drops) and not R2 (zero drops) after >= MIN_ROUNDS
[22m[39m{"timestamp":"2026-06-22T06:19:19.447Z","level":"INFO","source":"frontend","module":"webrtc/sframe-transform","message":"encrypted frame","context":{"kid":9,"ctr":7,"byteLength":62,"codecOffset":10}}

[90mstdout[2m | apps/validator-daemon/src/canary/__tests__/mesh-byzantine.test.ts[2m > [22m[2mREQ-RMS-015 — isRelayFlaggedByCanary mirrors the classifier cumulative gate[2m > [22m[2mflags R (sustained drops) and not R2 (zero drops) after >= MIN_ROUNDS
[22m[39m{"timestamp":"2026-06-22T06:19:19.448Z","level":"INFO","source":"frontend","module":"webrtc/sframe-transform","message":"encrypted frame","context":{"kid":9,"ctr":0,"byteLength":62,"codecOffset":10}}

[90mstdout[2m | apps/validator-daemon/src/canary/__tests__/mesh-byzantine.test.ts[2m > [22m[2mREQ-RMS-015 — isRelayFlaggedByCanary mirrors the classifier cumulative gate[2m > [22m[2mflags R (sustained drops) and not R2 (zero drops) after >= MIN_ROUNDS
[22m[39m{"timestamp":"2026-06-22T06:19:19.448Z","level":"INFO","source":"frontend","module":"webrtc/sframe-transform","message":"encrypted frame","context":{"kid":9,"ctr":1,"byteLength":62,"codecOffset":10}}

[90mstdout[2m | apps/validator-daemon/src/canary/__tests__/mesh-byzantine.test.ts[2m > [22m[2mREQ-RMS-015 — isRelayFlaggedByCanary mirrors the classifier cumulative gate[2m > [22m[2mflags R (sustained drops) and not R2 (zero drops) after >= MIN_ROUNDS
[22m[39m{"timestamp":"2026-06-22T06:19:19.448Z","level":"INFO","source":"frontend","module":"webrtc/sframe-transform","message":"encrypted frame","context":{"kid":9,"ctr":2,"byteLength":62,"codecOffset":10}}

[90mstdout[2m | apps/validator-daemon/src/canary/__tests__/mesh-byzantine.test.ts[2m > [22m[2mREQ-RMS-015 — isRelayFlaggedByCanary mirrors the classifier cumulative gate[2m > [22m[2mflags R (sustained drops) and not R2 (zero drops) after >= MIN_ROUNDS
[22m[39m{"timestamp":"2026-06-22T06:19:19.449Z","level":"INFO","source":"frontend","module":"webrtc/sframe-transform","message":"encrypted frame","context":{"kid":9,"ctr":3,"byteLength":62,"codecOffset":10}}

[90mstdout[2m | apps/validator-daemon/src/canary/__tests__/mesh-byzantine.test.ts[2m > [22m[2mREQ-RMS-015 — isRelayFlaggedByCanary mirrors the classifier cumulative gate[2m > [22m[2mflags R (sustained drops) and not R2 (zero drops) after >= MIN_ROUNDS
[22m[39m{"timestamp":"2026-06-22T06:19:19.449Z","level":"INFO","source":"frontend","module":"webrtc/sframe-transform","message":"encrypted frame","context":{"kid":9,"ctr":4,"byteLength":62,"codecOffset":10}}

[90mstdout[2m | apps/validator-daemon/src/canary/__tests__/mesh-byzantine.test.ts[2m > [22m[2mREQ-RMS-015 — isRelayFlaggedByCanary mirrors the classifier cumulative gate[2m > [22m[2mflags R (sustained drops) and not R2 (zero drops) after >= MIN_ROUNDS
[22m[39m{"timestamp":"2026-06-22T06:19:19.450Z","level":"INFO","source":"frontend","module":"webrtc/sframe-transform","message":"encrypted frame","context":{"kid":9,"ctr":5,"byteLength":62,"codecOffset":10}}

[90mstdout[2m | apps/validator-daemon/src/canary/__tests__/mesh-byzantine.test.ts[2m > [22m[2mREQ-RMS-015 — isRelayFlaggedByCanary mirrors the classifier cumulative gate[2m > [22m[2mflags R (sustained drops) and not R2 (zero drops) after >= MIN_ROUNDS
[22m[39m{"timestamp":"2026-06-22T06:19:19.450Z","level":"INFO","source":"frontend","module":"webrtc/sframe-transform","message":"encrypted frame","context":{"kid":9,"ctr":6,"byteLength":62,"codecOffset":10}}

[90mstdout[2m | apps/validator-daemon/src/canary/__tests__/mesh-byzantine.test.ts[2m > [22m[2mREQ-RMS-015 — isRelayFlaggedByCanary mirrors the classifier cumulative gate[2m > [22m[2mflags R (sustained drops) and not R2 (zero drops) after >= MIN_ROUNDS
[22m[39m{"timestamp":"2026-06-22T06:19:19.451Z","level":"INFO","source":"frontend","module":"webrtc/sframe-transform","message":"encrypted frame","context":{"kid":9,"ctr":7,"byteLength":62,"codecOffset":10}}

{"level":30,"time":1782109159451,"pid":29576,"hostname":"Quang","name":"canary/verifier","canaryKid":9,"mediaPackets":7,"byteIdentical":7,"divergences":1,"msg":"canary forwarding verified"}
[90mstdout[2m | apps/validator-daemon/src/canary/__tests__/mesh-byzantine.test.ts[2m > [22m[2mREQ-RMS-015 — isRelayFlaggedByCanary mirrors the classifier cumulative gate[2m > [22m[2mflags R (sustained drops) and not R2 (zero drops) after >= MIN_ROUNDS
[22m[39m{"timestamp":"2026-06-22T06:19:19.451Z","level":"INFO","source":"frontend","module":"webrtc/sframe-transform","message":"encrypted frame","context":{"kid":9,"ctr":0,"byteLength":62,"codecOffset":10}}

[90mstdout[2m | apps/validator-daemon/src/canary/__tests__/mesh-byzantine.test.ts[2m > [22m[2mREQ-RMS-015 — isRelayFlaggedByCanary mirrors the classifier cumulative gate[2m > [22m[2mflags R (sustained drops) and not R2 (zero drops) after >= MIN_ROUNDS
[22m[39m{"timestamp":"2026-06-22T06:19:19.452Z","level":"INFO","source":"frontend","module":"webrtc/sframe-transform","message":"encrypted frame","context":{"kid":9,"ctr":1,"byteLength":62,"codecOffset":10}}

[90mstdout[2m | apps/validator-daemon/src/canary/__tests__/mesh-byzantine.test.ts[2m > [22m[2mREQ-RMS-015 — isRelayFlaggedByCanary mirrors the classifier cumulative gate[2m > [22m[2mflags R (sustained drops) and not R2 (zero drops) after >= MIN_ROUNDS
[22m[39m{"timestamp":"2026-06-22T06:19:19.452Z","level":"INFO","source":"frontend","module":"webrtc/sframe-transform","message":"encrypted frame","context":{"kid":9,"ctr":2,"byteLength":62,"codecOffset":10}}

[90mstdout[2m | apps/validator-daemon/src/canary/__tests__/mesh-byzantine.test.ts[2m > [22m[2mREQ-RMS-015 — isRelayFlaggedByCanary mirrors the classifier cumulative gate[2m > [22m[2mflags R (sustained drops) and not R2 (zero drops) after >= MIN_ROUNDS
[22m[39m{"timestamp":"2026-06-22T06:19:19.452Z","level":"INFO","source":"frontend","module":"webrtc/sframe-transform","message":"encrypted frame","context":{"kid":9,"ctr":3,"byteLength":62,"codecOffset":10}}

[90mstdout[2m | apps/validator-daemon/src/canary/__tests__/mesh-byzantine.test.ts[2m > [22m[2mREQ-RMS-015 — isRelayFlaggedByCanary mirrors the classifier cumulative gate[2m > [22m[2mflags R (sustained drops) and not R2 (zero drops) after >= MIN_ROUNDS
[22m[39m{"timestamp":"2026-06-22T06:19:19.453Z","level":"INFO","source":"frontend","module":"webrtc/sframe-transform","message":"encrypted frame","context":{"kid":9,"ctr":4,"byteLength":62,"codecOffset":10}}

[90mstdout[2m | apps/validator-daemon/src/canary/__tests__/mesh-byzantine.test.ts[2m > [22m[2mREQ-RMS-015 — isRelayFlaggedByCanary mirrors the classifier cumulative gate[2m > [22m[2mflags R (sustained drops) and not R2 (zero drops) after >= MIN_ROUNDS
[22m[39m{"timestamp":"2026-06-22T06:19:19.453Z","level":"INFO","source":"frontend","module":"webrtc/sframe-transform","message":"encrypted frame","context":{"kid":9,"ctr":5,"byteLength":62,"codecOffset":10}}

[90mstdout[2m | apps/validator-daemon/src/canary/__tests__/mesh-byzantine.test.ts[2m > [22m[2mREQ-RMS-015 — isRelayFlaggedByCanary mirrors the classifier cumulative gate[2m > [22m[2mflags R (sustained drops) and not R2 (zero drops) after >= MIN_ROUNDS
[22m[39m{"timestamp":"2026-06-22T06:19:19.453Z","level":"INFO","source":"frontend","module":"webrtc/sframe-transform","message":"encrypted frame","context":{"kid":9,"ctr":6,"byteLength":62,"codecOffset":10}}

[90mstdout[2m | apps/validator-daemon/src/canary/__tests__/mesh-byzantine.test.ts[2m > [22m[2mREQ-RMS-015 — isRelayFlaggedByCanary mirrors the classifier cumulative gate[2m > [22m[2mflags R (sustained drops) and not R2 (zero drops) after >= MIN_ROUNDS
[22m[39m{"timestamp":"2026-06-22T06:19:19.454Z","level":"INFO","source":"frontend","module":"webrtc/sframe-transform","message":"encrypted frame","context":{"kid":9,"ctr":7,"byteLength":62,"codecOffset":10}}

{"level":30,"time":1782109159454,"pid":29576,"hostname":"Quang","name":"canary/verifier","canaryKid":9,"mediaPackets":7,"byteIdentical":7,"divergences":1,"msg":"canary forwarding verified"}
{"level":30,"time":1782109159454,"pid":29576,"hostname":"Quang","name":"canary/loss-classifier","relayMinerId":"relay-byzantine-R","promoted":1,"absorbed":0,"tampers":0,"cumulativeCrossed":true,"msg":"canary divergences classified (drop gate / tamper p=1)"}
{"level":30,"time":1782109159455,"pid":29576,"hostname":"Quang","name":"canary/verify-loop","round":5,"relayMinerId":"relay-byzantine-R","roomId":"mesh-room","perReceiver":2,"promoted":1,"absorbed":0,"stunLossBps":"0","msg":"canary verify round classified (hermetic half — synthetic capture, STUN read live)"}
[90mstdout[2m | apps/validator-daemon/src/canary/__tests__/mesh-byzantine.test.ts[2m > [22m[2mREQ-RMS-015 — isRelayFlaggedByCanary mirrors the classifier cumulative gate[2m > [22m[2mflags R (sustained drops) and not R2 (zero drops) after >= MIN_ROUNDS
[22m[39m{"timestamp":"2026-06-22T06:19:19.456Z","level":"INFO","source":"frontend","module":"webrtc/sframe-transform","message":"encrypted frame","context":{"kid":9,"ctr":0,"byteLength":62,"codecOffset":10}}

[90mstdout[2m | apps/validator-daemon/src/canary/__tests__/mesh-byzantine.test.ts[2m > [22m[2mREQ-RMS-015 — isRelayFlaggedByCanary mirrors the classifier cumulative gate[2m > [22m[2mflags R (sustained drops) and not R2 (zero drops) after >= MIN_ROUNDS
[22m[39m{"timestamp":"2026-06-22T06:19:19.456Z","level":"INFO","source":"frontend","module":"webrtc/sframe-transform","message":"encrypted frame","context":{"kid":9,"ctr":1,"byteLength":62,"codecOffset":10}}

[90mstdout[2m | apps/validator-daemon/src/canary/__tests__/mesh-byzantine.test.ts[2m > [22m[2mREQ-RMS-015 — isRelayFlaggedByCanary mirrors the classifier cumulative gate[2m > [22m[2mflags R (sustained drops) and not R2 (zero drops) after >= MIN_ROUNDS
[22m[39m{"timestamp":"2026-06-22T06:19:19.456Z","level":"INFO","source":"frontend","module":"webrtc/sframe-transform","message":"encrypted frame","context":{"kid":9,"ctr":2,"byteLength":62,"codecOffset":10}}

[90mstdout[2m | apps/validator-daemon/src/canary/__tests__/mesh-byzantine.test.ts[2m > [22m[2mREQ-RMS-015 — isRelayFlaggedByCanary mirrors the classifier cumulative gate[2m > [22m[2mflags R (sustained drops) and not R2 (zero drops) after >= MIN_ROUNDS
[22m[39m{"timestamp":"2026-06-22T06:19:19.457Z","level":"INFO","source":"frontend","module":"webrtc/sframe-transform","message":"encrypted frame","context":{"kid":9,"ctr":3,"byteLength":62,"codecOffset":10}}

[90mstdout[2m | apps/validator-daemon/src/canary/__tests__/mesh-byzantine.test.ts[2m > [22m[2mREQ-RMS-015 — isRelayFlaggedByCanary mirrors the classifier cumulative gate[2m > [22m[2mflags R (sustained drops) and not R2 (zero drops) after >= MIN_ROUNDS
[22m[39m{"timestamp":"2026-06-22T06:19:19.457Z","level":"INFO","source":"frontend","module":"webrtc/sframe-transform","message":"encrypted frame","context":{"kid":9,"ctr":4,"byteLength":62,"codecOffset":10}}

[90mstdout[2m | apps/validator-daemon/src/canary/__tests__/mesh-byzantine.test.ts[2m > [22m[2mREQ-RMS-015 — isRelayFlaggedByCanary mirrors the classifier cumulative gate[2m > [22m[2mflags R (sustained drops) and not R2 (zero drops) after >= MIN_ROUNDS
[22m[39m{"timestamp":"2026-06-22T06:19:19.457Z","level":"INFO","source":"frontend","module":"webrtc/sframe-transform","message":"encrypted frame","context":{"kid":9,"ctr":5,"byteLength":62,"codecOffset":10}}

[90mstdout[2m | apps/validator-daemon/src/canary/__tests__/mesh-byzantine.test.ts[2m > [22m[2mREQ-RMS-015 — isRelayFlaggedByCanary mirrors the classifier cumulative gate[2m > [22m[2mflags R (sustained drops) and not R2 (zero drops) after >= MIN_ROUNDS
[22m[39m{"timestamp":"2026-06-22T06:19:19.457Z","level":"INFO","source":"frontend","module":"webrtc/sframe-transform","message":"encrypted frame","context":{"kid":9,"ctr":6,"byteLength":62,"codecOffset":10}}

[90mstdout[2m | apps/validator-daemon/src/canary/__tests__/mesh-byzantine.test.ts[2m > [22m[2mREQ-RMS-015 — isRelayFlaggedByCanary mirrors the classifier cumulative gate[2m > [22m[2mflags R (sustained drops) and not R2 (zero drops) after >= MIN_ROUNDS
[22m[39m{"timestamp":"2026-06-22T06:19:19.458Z","level":"INFO","source":"frontend","module":"webrtc/sframe-transform","message":"encrypted frame","context":{"kid":9,"ctr":7,"byteLength":62,"codecOffset":10}}

[90mstdout[2m | apps/validator-daemon/src/canary/__tests__/mesh-byzantine.test.ts[2m > [22m[2mREQ-RMS-015 — isRelayFlaggedByCanary mirrors the classifier cumulative gate[2m > [22m[2mflags R (sustained drops) and not R2 (zero drops) after >= MIN_ROUNDS
[22m[39m{"timestamp":"2026-06-22T06:19:19.458Z","level":"INFO","source":"frontend","module":"webrtc/sframe-transform","message":"encrypted frame","context":{"kid":9,"ctr":0,"byteLength":62,"codecOffset":10}}

[90mstdout[2m | apps/validator-daemon/src/canary/__tests__/mesh-byzantine.test.ts[2m > [22m[2mREQ-RMS-015 — isRelayFlaggedByCanary mirrors the classifier cumulative gate[2m > [22m[2mflags R (sustained drops) and not R2 (zero drops) after >= MIN_ROUNDS
[22m[39m{"timestamp":"2026-06-22T06:19:19.458Z","level":"INFO","source":"frontend","module":"webrtc/sframe-transform","message":"encrypted frame","context":{"kid":9,"ctr":1,"byteLength":62,"codecOffset":10}}

[90mstdout[2m | apps/validator-daemon/src/canary/__tests__/mesh-byzantine.test.ts[2m > [22m[2mREQ-RMS-015 — isRelayFlaggedByCanary mirrors the classifier cumulative gate[2m > [22m[2mflags R (sustained drops) and not R2 (zero drops) after >= MIN_ROUNDS
[22m[39m{"timestamp":"2026-06-22T06:19:19.458Z","level":"INFO","source":"frontend","module":"webrtc/sframe-transform","message":"encrypted frame","context":{"kid":9,"ctr":2,"byteLength":62,"codecOffset":10}}

[90mstdout[2m | apps/validator-daemon/src/canary/__tests__/mesh-byzantine.test.ts[2m > [22m[2mREQ-RMS-015 — isRelayFlaggedByCanary mirrors the classifier cumulative gate[2m > [22m[2mflags R (sustained drops) and not R2 (zero drops) after >= MIN_ROUNDS
[22m[39m{"timestamp":"2026-06-22T06:19:19.459Z","level":"INFO","source":"frontend","module":"webrtc/sframe-transform","message":"encrypted frame","context":{"kid":9,"ctr":3,"byteLength":62,"codecOffset":10}}

[90mstdout[2m | apps/validator-daemon/src/canary/__tests__/mesh-byzantine.test.ts[2m > [22m[2mREQ-RMS-015 — isRelayFlaggedByCanary mirrors the classifier cumulative gate[2m > [22m[2mflags R (sustained drops) and not R2 (zero drops) after >= MIN_ROUNDS
[22m[39m{"timestamp":"2026-06-22T06:19:19.459Z","level":"INFO","source":"frontend","module":"webrtc/sframe-transform","message":"encrypted frame","context":{"kid":9,"ctr":4,"byteLength":62,"codecOffset":10}}

[90mstdout[2m | apps/validator-daemon/src/canary/__tests__/mesh-byzantine.test.ts[2m > [22m[2mREQ-RMS-015 — isRelayFlaggedByCanary mirrors the classifier cumulative gate[2m > [22m[2mflags R (sustained drops) and not R2 (zero drops) after >= MIN_ROUNDS
[22m[39m{"timestamp":"2026-06-22T06:19:19.459Z","level":"INFO","source":"frontend","module":"webrtc/sframe-transform","message":"encrypted frame","context":{"kid":9,"ctr":5,"byteLength":62,"codecOffset":10}}

[90mstdout[2m | apps/validator-daemon/src/canary/__tests__/mesh-byzantine.test.ts[2m > [22m[2mREQ-RMS-015 — isRelayFlaggedByCanary mirrors the classifier cumulative gate[2m > [22m[2mflags R (sustained drops) and not R2 (zero drops) after >= MIN_ROUNDS
[22m[39m{"timestamp":"2026-06-22T06:19:19.459Z","level":"INFO","source":"frontend","module":"webrtc/sframe-transform","message":"encrypted frame","context":{"kid":9,"ctr":6,"byteLength":62,"codecOffset":10}}

[90mstdout[2m | apps/validator-daemon/src/canary/__tests__/mesh-byzantine.test.ts[2m > [22m[2mREQ-RMS-015 — isRelayFlaggedByCanary mirrors the classifier cumulative gate[2m > [22m[2mflags R (sustained drops) and not R2 (zero drops) after >= MIN_ROUNDS
[22m[39m{"timestamp":"2026-06-22T06:19:19.460Z","level":"INFO","source":"frontend","module":"webrtc/sframe-transform","message":"encrypted frame","context":{"kid":9,"ctr":7,"byteLength":62,"codecOffset":10}}

{"level":30,"time":1782109159460,"pid":29576,"hostname":"Quang","name":"canary/verifier","canaryKid":9,"mediaPackets":8,"byteIdentical":8,"divergences":0,"msg":"canary forwarding verified"}
[90mstdout[2m | apps/validator-daemon/src/canary/__tests__/mesh-byzantine.test.ts[2m > [22m[2mREQ-RMS-015 — isRelayFlaggedByCanary mirrors the classifier cumulative gate[2m > [22m[2mflags R (sustained drops) and not R2 (zero drops) after >= MIN_ROUNDS
[22m[39m{"timestamp":"2026-06-22T06:19:19.460Z","level":"INFO","source":"frontend","module":"webrtc/sframe-transform","message":"encrypted frame","context":{"kid":9,"ctr":0,"byteLength":62,"codecOffset":10}}

[90mstdout[2m | apps/validator-daemon/src/canary/__tests__/mesh-byzantine.test.ts[2m > [22m[2mREQ-RMS-015 — isRelayFlaggedByCanary mirrors the classifier cumulative gate[2m > [22m[2mflags R (sustained drops) and not R2 (zero drops) after >= MIN_ROUNDS
[22m[39m{"timestamp":"2026-06-22T06:19:19.460Z","level":"INFO","source":"frontend","module":"webrtc/sframe-transform","message":"encrypted frame","context":{"kid":9,"ctr":1,"byteLength":62,"codecOffset":10}}

[90mstdout[2m | apps/validator-daemon/src/canary/__tests__/mesh-byzantine.test.ts[2m > [22m[2mREQ-RMS-015 — isRelayFlaggedByCanary mirrors the classifier cumulative gate[2m > [22m[2mflags R (sustained drops) and not R2 (zero drops) after >= MIN_ROUNDS
[22m[39m{"timestamp":"2026-06-22T06:19:19.461Z","level":"INFO","source":"frontend","module":"webrtc/sframe-transform","message":"encrypted frame","context":{"kid":9,"ctr":2,"byteLength":62,"codecOffset":10}}

[90mstdout[2m | apps/validator-daemon/src/canary/__tests__/mesh-byzantine.test.ts[2m > [22m[2mREQ-RMS-015 — isRelayFlaggedByCanary mirrors the classifier cumulative gate[2m > [22m[2mflags R (sustained drops) and not R2 (zero drops) after >= MIN_ROUNDS
[22m[39m{"timestamp":"2026-06-22T06:19:19.461Z","level":"INFO","source":"frontend","module":"webrtc/sframe-transform","message":"encrypted frame","context":{"kid":9,"ctr":3,"byteLength":62,"codecOffset":10}}

[90mstdout[2m | apps/validator-daemon/src/canary/__tests__/mesh-byzantine.test.ts[2m > [22m[2mREQ-RMS-015 — isRelayFlaggedByCanary mirrors the classifier cumulative gate[2m > [22m[2mflags R (sustained drops) and not R2 (zero drops) after >= MIN_ROUNDS
[22m[39m{"timestamp":"2026-06-22T06:19:19.461Z","level":"INFO","source":"frontend","module":"webrtc/sframe-transform","message":"encrypted frame","context":{"kid":9,"ctr":4,"byteLength":62,"codecOffset":10}}

[90mstdout[2m | apps/validator-daemon/src/canary/__tests__/mesh-byzantine.test.ts[2m > [22m[2mREQ-RMS-015 — isRelayFlaggedByCanary mirrors the classifier cumulative gate[2m > [22m[2mflags R (sustained drops) and not R2 (zero drops) after >= MIN_ROUNDS
[22m[39m{"timestamp":"2026-06-22T06:19:19.461Z","level":"INFO","source":"frontend","module":"webrtc/sframe-transform","message":"encrypted frame","context":{"kid":9,"ctr":5,"byteLength":62,"codecOffset":10}}

[90mstdout[2m | apps/validator-daemon/src/canary/__tests__/mesh-byzantine.test.ts[2m > [22m[2mREQ-RMS-015 — isRelayFlaggedByCanary mirrors the classifier cumulative gate[2m > [22m[2mflags R (sustained drops) and not R2 (zero drops) after >= MIN_ROUNDS
[22m[39m{"timestamp":"2026-06-22T06:19:19.462Z","level":"INFO","source":"frontend","module":"webrtc/sframe-transform","message":"encrypted frame","context":{"kid":9,"ctr":6,"byteLength":62,"codecOffset":10}}

[90mstdout[2m | apps/validator-daemon/src/canary/__tests__/mesh-byzantine.test.ts[2m > [22m[2mREQ-RMS-015 — isRelayFlaggedByCanary mirrors the classifier cumulative gate[2m > [22m[2mflags R (sustained drops) and not R2 (zero drops) after >= MIN_ROUNDS
[22m[39m{"timestamp":"2026-06-22T06:19:19.463Z","level":"INFO","source":"frontend","module":"webrtc/sframe-transform","message":"encrypted frame","context":{"kid":9,"ctr":7,"byteLength":62,"codecOffset":10}}

{"level":30,"time":1782109159463,"pid":29576,"hostname":"Quang","name":"canary/verifier","canaryKid":9,"mediaPackets":8,"byteIdentical":8,"divergences":0,"msg":"canary forwarding verified"}
{"level":30,"time":1782109159463,"pid":29576,"hostname":"Quang","name":"canary/loss-classifier","relayMinerId":"relay-honest-R2","promoted":0,"absorbed":0,"tampers":0,"cumulativeCrossed":false,"msg":"canary divergences classified (drop gate / tamper p=1)"}
{"level":30,"time":1782109159463,"pid":29576,"hostname":"Quang","name":"canary/verify-loop","round":5,"relayMinerId":"relay-honest-R2","roomId":"mesh-room","perReceiver":2,"promoted":0,"absorbed":0,"stunLossBps":"0","msg":"canary verify round classified (hermetic half — synthetic capture, STUN read live)"}
[90mstdout[2m | apps/validator-daemon/src/canary/__tests__/mesh-byzantine.test.ts[2m > [22m[2mREQ-RMS-015 — isRelayFlaggedByCanary mirrors the classifier cumulative gate[2m > [22m[2mflags R (sustained drops) and not R2 (zero drops) after >= MIN_ROUNDS
[22m[39m{"timestamp":"2026-06-22T06:19:19.465Z","level":"INFO","source":"frontend","module":"webrtc/sframe-transform","message":"encrypted frame","context":{"kid":9,"ctr":0,"byteLength":62,"codecOffset":10}}

[90mstdout[2m | apps/validator-daemon/src/canary/__tests__/mesh-byzantine.test.ts[2m > [22m[2mREQ-RMS-015 — isRelayFlaggedByCanary mirrors the classifier cumulative gate[2m > [22m[2mflags R (sustained drops) and not R2 (zero drops) after >= MIN_ROUNDS
[22m[39m{"timestamp":"2026-06-22T06:19:19.465Z","level":"INFO","source":"frontend","module":"webrtc/sframe-transform","message":"encrypted frame","context":{"kid":9,"ctr":1,"byteLength":62,"codecOffset":10}}

[90mstdout[2m | apps/validator-daemon/src/canary/__tests__/mesh-byzantine.test.ts[2m > [22m[2mREQ-RMS-015 — isRelayFlaggedByCanary mirrors the classifier cumulative gate[2m > [22m[2mflags R (sustained drops) and not R2 (zero drops) after >= MIN_ROUNDS
[22m[39m{"timestamp":"2026-06-22T06:19:19.466Z","level":"INFO","source":"frontend","module":"webrtc/sframe-transform","message":"encrypted frame","context":{"kid":9,"ctr":2,"byteLength":62,"codecOffset":10}}

[90mstdout[2m | apps/validator-daemon/src/canary/__tests__/mesh-byzantine.test.ts[2m > [22m[2mREQ-RMS-015 — isRelayFlaggedByCanary mirrors the classifier cumulative gate[2m > [22m[2mflags R (sustained drops) and not R2 (zero drops) after >= MIN_ROUNDS
[22m[39m{"timestamp":"2026-06-22T06:19:19.466Z","level":"INFO","source":"frontend","module":"webrtc/sframe-transform","message":"encrypted frame","context":{"kid":9,"ctr":3,"byteLength":62,"codecOffset":10}}

[90mstdout[2m | apps/validator-daemon/src/canary/__tests__/mesh-byzantine.test.ts[2m > [22m[2mREQ-RMS-015 — isRelayFlaggedByCanary mirrors the classifier cumulative gate[2m > [22m[2mflags R (sustained drops) and not R2 (zero drops) after >= MIN_ROUNDS
[22m[39m{"timestamp":"2026-06-22T06:19:19.469Z","level":"INFO","source":"frontend","module":"webrtc/sframe-transform","message":"encrypted frame","context":{"kid":9,"ctr":4,"byteLength":62,"codecOffset":10}}

[90mstdout[2m | apps/validator-daemon/src/canary/__tests__/mesh-byzantine.test.ts[2m > [22m[2mREQ-RMS-015 — isRelayFlaggedByCanary mirrors the classifier cumulative gate[2m > [22m[2mflags R (sustained drops) and not R2 (zero drops) after >= MIN_ROUNDS
[22m[39m{"timestamp":"2026-06-22T06:19:19.469Z","level":"INFO","source":"frontend","module":"webrtc/sframe-transform","message":"encrypted frame","context":{"kid":9,"ctr":6,"byteLength":62,"codecOffset":10}}

[90mstdout[2m | apps/validator-daemon/src/canary/__tests__/mesh-byzantine.test.ts[2m > [22m[2mREQ-RMS-015 — isRelayFlaggedByCanary mirrors the classifier cumulative gate[2m > [22m[2mflags R (sustained drops) and not R2 (zero drops) after >= MIN_ROUNDS
[22m[39m{"timestamp":"2026-06-22T06:19:19.470Z","level":"INFO","source":"frontend","module":"webrtc/sframe-transform","message":"encrypted frame","context":{"kid":9,"ctr":7,"byteLength":62,"codecOffset":10}}

[90mstdout[2m | apps/validator-daemon/src/canary/__tests__/mesh-byzantine.test.ts[2m > [22m[2mREQ-RMS-015 — isRelayFlaggedByCanary mirrors the classifier cumulative gate[2m > [22m[2mflags R (sustained drops) and not R2 (zero drops) after >= MIN_ROUNDS
[22m[39m{"timestamp":"2026-06-22T06:19:19.470Z","level":"INFO","source":"frontend","module":"webrtc/sframe-transform","message":"encrypted frame","context":{"kid":9,"ctr":0,"byteLength":62,"codecOffset":10}}

[90mstdout[2m | apps/validator-daemon/src/canary/__tests__/mesh-byzantine.test.ts[2m > [22m[2mREQ-RMS-015 — isRelayFlaggedByCanary mirrors the classifier cumulative gate[2m > [22m[2mflags R (sustained drops) and not R2 (zero drops) after >= MIN_ROUNDS
[22m[39m{"timestamp":"2026-06-22T06:19:19.470Z","level":"INFO","source":"frontend","module":"webrtc/sframe-transform","message":"encrypted frame","context":{"kid":9,"ctr":1,"byteLength":62,"codecOffset":10}}

[90mstdout[2m | apps/validator-daemon/src/canary/__tests__/mesh-byzantine.test.ts[2m > [22m[2mREQ-RMS-015 — isRelayFlaggedByCanary mirrors the classifier cumulative gate[2m > [22m[2mflags R (sustained drops) and not R2 (zero drops) after >= MIN_ROUNDS
[22m[39m{"timestamp":"2026-06-22T06:19:19.471Z","level":"INFO","source":"frontend","module":"webrtc/sframe-transform","message":"encrypted frame","context":{"kid":9,"ctr":2,"byteLength":62,"codecOffset":10}}

[90mstdout[2m | apps/validator-daemon/src/canary/__tests__/mesh-byzantine.test.ts[2m > [22m[2mREQ-RMS-015 — isRelayFlaggedByCanary mirrors the classifier cumulative gate[2m > [22m[2mflags R (sustained drops) and not R2 (zero drops) after >= MIN_ROUNDS
[22m[39m{"timestamp":"2026-06-22T06:19:19.471Z","level":"INFO","source":"frontend","module":"webrtc/sframe-transform","message":"encrypted frame","context":{"kid":9,"ctr":3,"byteLength":62,"codecOffset":10}}

[90mstdout[2m | apps/validator-daemon/src/canary/__tests__/mesh-byzantine.test.ts[2m > [22m[2mREQ-RMS-015 — isRelayFlaggedByCanary mirrors the classifier cumulative gate[2m > [22m[2mflags R (sustained drops) and not R2 (zero drops) after >= MIN_ROUNDS
[22m[39m{"timestamp":"2026-06-22T06:19:19.471Z","level":"INFO","source":"frontend","module":"webrtc/sframe-transform","message":"encrypted frame","context":{"kid":9,"ctr":4,"byteLength":62,"codecOffset":10}}

[90mstdout[2m | apps/validator-daemon/src/canary/__tests__/mesh-byzantine.test.ts[2m > [22m[2mREQ-RMS-015 — isRelayFlaggedByCanary mirrors the classifier cumulative gate[2m > [22m[2mflags R (sustained drops) and not R2 (zero drops) after >= MIN_ROUNDS
[22m[39m{"timestamp":"2026-06-22T06:19:19.472Z","level":"INFO","source":"frontend","module":"webrtc/sframe-transform","message":"encrypted frame","context":{"kid":9,"ctr":5,"byteLength":62,"codecOffset":10}}

[90mstdout[2m | apps/validator-daemon/src/canary/__tests__/mesh-byzantine.test.ts[2m > [22m[2mREQ-RMS-015 — isRelayFlaggedByCanary mirrors the classifier cumulative gate[2m > [22m[2mflags R (sustained drops) and not R2 (zero drops) after >= MIN_ROUNDS
[22m[39m{"timestamp":"2026-06-22T06:19:19.472Z","level":"INFO","source":"frontend","module":"webrtc/sframe-transform","message":"encrypted frame","context":{"kid":9,"ctr":6,"byteLength":62,"codecOffset":10}}

[90mstdout[2m | apps/validator-daemon/src/canary/__tests__/mesh-byzantine.test.ts[2m > [22m[2mREQ-RMS-015 — isRelayFlaggedByCanary mirrors the classifier cumulative gate[2m > [22m[2mflags R (sustained drops) and not R2 (zero drops) after >= MIN_ROUNDS
[22m[39m{"timestamp":"2026-06-22T06:19:19.472Z","level":"INFO","source":"frontend","module":"webrtc/sframe-transform","message":"encrypted frame","context":{"kid":9,"ctr":7,"byteLength":62,"codecOffset":10}}

{"level":30,"time":1782109159473,"pid":29576,"hostname":"Quang","name":"canary/verifier","canaryKid":9,"mediaPackets":7,"byteIdentical":7,"divergences":1,"msg":"canary forwarding verified"}
[90mstdout[2m | apps/validator-daemon/src/canary/__tests__/mesh-byzantine.test.ts[2m > [22m[2mREQ-RMS-015 — isRelayFlaggedByCanary mirrors the classifier cumulative gate[2m > [22m[2mflags R (sustained drops) and not R2 (zero drops) after >= MIN_ROUNDS
[22m[39m{"timestamp":"2026-06-22T06:19:19.473Z","level":"INFO","source":"frontend","module":"webrtc/sframe-transform","message":"encrypted frame","context":{"kid":9,"ctr":0,"byteLength":62,"codecOffset":10}}

[90mstdout[2m | apps/validator-daemon/src/canary/__tests__/mesh-byzantine.test.ts[2m > [22m[2mREQ-RMS-015 — isRelayFlaggedByCanary mirrors the classifier cumulative gate[2m > [22m[2mflags R (sustained drops) and not R2 (zero drops) after >= MIN_ROUNDS
[22m[39m{"timestamp":"2026-06-22T06:19:19.473Z","level":"INFO","source":"frontend","module":"webrtc/sframe-transform","message":"encrypted frame","context":{"kid":9,"ctr":1,"byteLength":62,"codecOffset":10}}

[90mstdout[2m | apps/validator-daemon/src/canary/__tests__/mesh-byzantine.test.ts[2m > [22m[2mREQ-RMS-015 — isRelayFlaggedByCanary mirrors the classifier cumulative gate[2m > [22m[2mflags R (sustained drops) and not R2 (zero drops) after >= MIN_ROUNDS
[22m[39m{"timestamp":"2026-06-22T06:19:19.474Z","level":"INFO","source":"frontend","module":"webrtc/sframe-transform","message":"encrypted frame","context":{"kid":9,"ctr":2,"byteLength":62,"codecOffset":10}}

[90mstdout[2m | apps/validator-daemon/src/canary/__tests__/mesh-byzantine.test.ts[2m > [22m[2mREQ-RMS-015 — isRelayFlaggedByCanary mirrors the classifier cumulative gate[2m > [22m[2mflags R (sustained drops) and not R2 (zero drops) after >= MIN_ROUNDS
[22m[39m{"timestamp":"2026-06-22T06:19:19.474Z","level":"INFO","source":"frontend","module":"webrtc/sframe-transform","message":"encrypted frame","context":{"kid":9,"ctr":3,"byteLength":62,"codecOffset":10}}

[90mstdout[2m | apps/validator-daemon/src/canary/__tests__/mesh-byzantine.test.ts[2m > [22m[2mREQ-RMS-015 — isRelayFlaggedByCanary mirrors the classifier cumulative gate[2m > [22m[2mflags R (sustained drops) and not R2 (zero drops) after >= MIN_ROUNDS
[22m[39m{"timestamp":"2026-06-22T06:19:19.475Z","level":"INFO","source":"frontend","module":"webrtc/sframe-transform","message":"encrypted frame","context":{"kid":9,"ctr":4,"byteLength":62,"codecOffset":10}}

[90mstdout[2m | apps/validator-daemon/src/canary/__tests__/mesh-byzantine.test.ts[2m > [22m[2mREQ-RMS-015 — isRelayFlaggedByCanary mirrors the classifier cumulative gate[2m > [22m[2mflags R (sustained drops) and not R2 (zero drops) after >= MIN_ROUNDS
[22m[39m{"timestamp":"2026-06-22T06:19:19.475Z","level":"INFO","source":"frontend","module":"webrtc/sframe-transform","message":"encrypted frame","context":{"kid":9,"ctr":5,"byteLength":62,"codecOffset":10}}

[90mstdout[2m | apps/validator-daemon/src/canary/__tests__/mesh-byzantine.test.ts[2m > [22m[2mREQ-RMS-015 — isRelayFlaggedByCanary mirrors the classifier cumulative gate[2m > [22m[2mflags R (sustained drops) and not R2 (zero drops) after >= MIN_ROUNDS
[22m[39m{"timestamp":"2026-06-22T06:19:19.475Z","level":"INFO","source":"frontend","module":"webrtc/sframe-transform","message":"encrypted frame","context":{"kid":9,"ctr":6,"byteLength":62,"codecOffset":10}}

[90mstdout[2m | apps/validator-daemon/src/canary/__tests__/mesh-byzantine.test.ts[2m > [22m[2mREQ-RMS-015 — isRelayFlaggedByCanary mirrors the classifier cumulative gate[2m > [22m[2mflags R (sustained drops) and not R2 (zero drops) after >= MIN_ROUNDS
[22m[39m{"timestamp":"2026-06-22T06:19:19.476Z","level":"INFO","source":"frontend","module":"webrtc/sframe-transform","message":"encrypted frame","context":{"kid":9,"ctr":7,"byteLength":62,"codecOffset":10}}

{"level":30,"time":1782109159476,"pid":29576,"hostname":"Quang","name":"canary/verifier","canaryKid":9,"mediaPackets":7,"byteIdentical":7,"divergences":1,"msg":"canary forwarding verified"}
{"level":30,"time":1782109159476,"pid":29576,"hostname":"Quang","name":"canary/loss-classifier","relayMinerId":"relay-byzantine-R","promoted":1,"absorbed":0,"tampers":0,"cumulativeCrossed":true,"msg":"canary divergences classified (drop gate / tamper p=1)"}
{"level":30,"time":1782109159477,"pid":29576,"hostname":"Quang","name":"canary/verify-loop","round":6,"relayMinerId":"relay-byzantine-R","roomId":"mesh-room","perReceiver":2,"promoted":1,"absorbed":0,"stunLossBps":"0","msg":"canary verify round classified (hermetic half — synthetic capture, STUN read live)"}
[90mstdout[2m | apps/validator-daemon/src/canary/__tests__/mesh-byzantine.test.ts[2m > [22m[2mREQ-RMS-015 — isRelayFlaggedByCanary mirrors the classifier cumulative gate[2m > [22m[2mflags R (sustained drops) and not R2 (zero drops) after >= MIN_ROUNDS
[22m[39m{"timestamp":"2026-06-22T06:19:19.478Z","level":"INFO","source":"frontend","module":"webrtc/sframe-transform","message":"encrypted frame","context":{"kid":9,"ctr":0,"byteLength":62,"codecOffset":10}}

[90mstdout[2m | apps/validator-daemon/src/canary/__tests__/mesh-byzantine.test.ts[2m > [22m[2mREQ-RMS-015 — isRelayFlaggedByCanary mirrors the classifier cumulative gate[2m > [22m[2mflags R (sustained drops) and not R2 (zero drops) after >= MIN_ROUNDS
[22m[39m{"timestamp":"2026-06-22T06:19:19.478Z","level":"INFO","source":"frontend","module":"webrtc/sframe-transform","message":"encrypted frame","context":{"kid":9,"ctr":1,"byteLength":62,"codecOffset":10}}

[90mstdout[2m | apps/validator-daemon/src/canary/__tests__/mesh-byzantine.test.ts[2m > [22m[2mREQ-RMS-015 — isRelayFlaggedByCanary mirrors the classifier cumulative gate[2m > [22m[2mflags R (sustained drops) and not R2 (zero drops) after >= MIN_ROUNDS
[22m[39m{"timestamp":"2026-06-22T06:19:19.478Z","level":"INFO","source":"frontend","module":"webrtc/sframe-transform","message":"encrypted frame","context":{"kid":9,"ctr":2,"byteLength":62,"codecOffset":10}}

[90mstdout[2m | apps/validator-daemon/src/canary/__tests__/mesh-byzantine.test.ts[2m > [22m[2mREQ-RMS-015 — isRelayFlaggedByCanary mirrors the classifier cumulative gate[2m > [22m[2mflags R (sustained drops) and not R2 (zero drops) after >= MIN_ROUNDS
[22m[39m{"timestamp":"2026-06-22T06:19:19.479Z","level":"INFO","source":"frontend","module":"webrtc/sframe-transform","message":"encrypted frame","context":{"kid":9,"ctr":3,"byteLength":62,"codecOffset":10}}

[90mstdout[2m | apps/validator-daemon/src/canary/__tests__/mesh-byzantine.test.ts[2m > [22m[2mREQ-RMS-015 — isRelayFlaggedByCanary mirrors the classifier cumulative gate[2m > [22m[2mflags R (sustained drops) and not R2 (zero drops) after >= MIN_ROUNDS
[22m[39m{"timestamp":"2026-06-22T06:19:19.479Z","level":"INFO","source":"frontend","module":"webrtc/sframe-transform","message":"encrypted frame","context":{"kid":9,"ctr":4,"byteLength":62,"codecOffset":10}}

[90mstdout[2m | apps/validator-daemon/src/canary/__tests__/mesh-byzantine.test.ts[2m > [22m[2mREQ-RMS-015 — isRelayFlaggedByCanary mirrors the classifier cumulative gate[2m > [22m[2mflags R (sustained drops) and not R2 (zero drops) after >= MIN_ROUNDS
[22m[39m{"timestamp":"2026-06-22T06:19:19.479Z","level":"INFO","source":"frontend","module":"webrtc/sframe-transform","message":"encrypted frame","context":{"kid":9,"ctr":5,"byteLength":62,"codecOffset":10}}

[90mstdout[2m | apps/validator-daemon/src/canary/__tests__/mesh-byzantine.test.ts[2m > [22m[2mREQ-RMS-015 — isRelayFlaggedByCanary mirrors the classifier cumulative gate[2m > [22m[2mflags R (sustained drops) and not R2 (zero drops) after >= MIN_ROUNDS
[22m[39m{"timestamp":"2026-06-22T06:19:19.480Z","level":"INFO","source":"frontend","module":"webrtc/sframe-transform","message":"encrypted frame","context":{"kid":9,"ctr":6,"byteLength":62,"codecOffset":10}}

[90mstdout[2m | apps/validator-daemon/src/canary/__tests__/mesh-byzantine.test.ts[2m > [22m[2mREQ-RMS-015 — isRelayFlaggedByCanary mirrors the classifier cumulative gate[2m > [22m[2mflags R (sustained drops) and not R2 (zero drops) after >= MIN_ROUNDS
[22m[39m{"timestamp":"2026-06-22T06:19:19.480Z","level":"INFO","source":"frontend","module":"webrtc/sframe-transform","message":"encrypted frame","context":{"kid":9,"ctr":7,"byteLength":62,"codecOffset":10}}

[90mstdout[2m | apps/validator-daemon/src/canary/__tests__/mesh-byzantine.test.ts[2m > [22m[2mREQ-RMS-015 — isRelayFlaggedByCanary mirrors the classifier cumulative gate[2m > [22m[2mflags R (sustained drops) and not R2 (zero drops) after >= MIN_ROUNDS
[22m[39m{"timestamp":"2026-06-22T06:19:19.480Z","level":"INFO","source":"frontend","module":"webrtc/sframe-transform","message":"encrypted frame","context":{"kid":9,"ctr":0,"byteLength":62,"codecOffset":10}}

[90mstdout[2m | apps/validator-daemon/src/canary/__tests__/mesh-byzantine.test.ts[2m > [22m[2mREQ-RMS-015 — isRelayFlaggedByCanary mirrors the classifier cumulative gate[2m > [22m[2mflags R (sustained drops) and not R2 (zero drops) after >= MIN_ROUNDS
[22m[39m{"timestamp":"2026-06-22T06:19:19.481Z","level":"INFO","source":"frontend","module":"webrtc/sframe-transform","message":"encrypted frame","context":{"kid":9,"ctr":1,"byteLength":62,"codecOffset":10}}

[90mstdout[2m | apps/validator-daemon/src/canary/__tests__/mesh-byzantine.test.ts[2m > [22m[2mREQ-RMS-015 — isRelayFlaggedByCanary mirrors the classifier cumulative gate[2m > [22m[2mflags R (sustained drops) and not R2 (zero drops) after >= MIN_ROUNDS
[22m[39m{"timestamp":"2026-06-22T06:19:19.481Z","level":"INFO","source":"frontend","module":"webrtc/sframe-transform","message":"encrypted frame","context":{"kid":9,"ctr":2,"byteLength":62,"codecOffset":10}}

[90mstdout[2m | apps/validator-daemon/src/canary/__tests__/mesh-byzantine.test.ts[2m > [22m[2mREQ-RMS-015 — isRelayFlaggedByCanary mirrors the classifier cumulative gate[2m > [22m[2mflags R (sustained drops) and not R2 (zero drops) after >= MIN_ROUNDS
[22m[39m{"timestamp":"2026-06-22T06:19:19.482Z","level":"INFO","source":"frontend","module":"webrtc/sframe-transform","message":"encrypted frame","context":{"kid":9,"ctr":3,"byteLength":62,"codecOffset":10}}

[90mstdout[2m | apps/validator-daemon/src/canary/__tests__/mesh-byzantine.test.ts[2m > [22m[2mREQ-RMS-015 — isRelayFlaggedByCanary mirrors the classifier cumulative gate[2m > [22m[2mflags R (sustained drops) and not R2 (zero drops) after >= MIN_ROUNDS
[22m[39m{"timestamp":"2026-06-22T06:19:19.483Z","level":"INFO","source":"frontend","module":"webrtc/sframe-transform","message":"encrypted frame","context":{"kid":9,"ctr":4,"byteLength":62,"codecOffset":10}}

[90mstdout[2m | apps/validator-daemon/src/canary/__tests__/mesh-byzantine.test.ts[2m > [22m[2mREQ-RMS-015 — isRelayFlaggedByCanary mirrors the classifier cumulative gate[2m > [22m[2mflags R (sustained drops) and not R2 (zero drops) after >= MIN_ROUNDS
[22m[39m{"timestamp":"2026-06-22T06:19:19.483Z","level":"INFO","source":"frontend","module":"webrtc/sframe-transform","message":"encrypted frame","context":{"kid":9,"ctr":5,"byteLength":62,"codecOffset":10}}

[90mstdout[2m | apps/validator-daemon/src/canary/__tests__/mesh-byzantine.test.ts[2m > [22m[2mREQ-RMS-015 — isRelayFlaggedByCanary mirrors the classifier cumulative gate[2m > [22m[2mflags R (sustained drops) and not R2 (zero drops) after >= MIN_ROUNDS
[22m[39m{"timestamp":"2026-06-22T06:19:19.484Z","level":"INFO","source":"frontend","module":"webrtc/sframe-transform","message":"encrypted frame","context":{"kid":9,"ctr":6,"byteLength":62,"codecOffset":10}}

[90mstdout[2m | apps/validator-daemon/src/canary/__tests__/mesh-byzantine.test.ts[2m > [22m[2mREQ-RMS-015 — isRelayFlaggedByCanary mirrors the classifier cumulative gate[2m > [22m[2mflags R (sustained drops) and not R2 (zero drops) after >= MIN_ROUNDS
[22m[39m{"timestamp":"2026-06-22T06:19:19.484Z","level":"INFO","source":"frontend","module":"webrtc/sframe-transform","message":"encrypted frame","context":{"kid":9,"ctr":7,"byteLength":62,"codecOffset":10}}

{"level":30,"time":1782109159484,"pid":29576,"hostname":"Quang","name":"canary/verifier","canaryKid":9,"mediaPackets":8,"byteIdentical":8,"divergences":0,"msg":"canary forwarding verified"}
[90mstdout[2m | apps/validator-daemon/src/canary/__tests__/mesh-byzantine.test.ts[2m > [22m[2mREQ-RMS-015 — isRelayFlaggedByCanary mirrors the classifier cumulative gate[2m > [22m[2mflags R (sustained drops) and not R2 (zero drops) after >= MIN_ROUNDS
[22m[39m{"timestamp":"2026-06-22T06:19:19.484Z","level":"INFO","source":"frontend","module":"webrtc/sframe-transform","message":"encrypted frame","context":{"kid":9,"ctr":0,"byteLength":62,"codecOffset":10}}

[90mstdout[2m | apps/validator-daemon/src/canary/__tests__/mesh-byzantine.test.ts[2m > [22m[2mREQ-RMS-015 — isRelayFlaggedByCanary mirrors the classifier cumulative gate[2m > [22m[2mflags R (sustained drops) and not R2 (zero drops) after >= MIN_ROUNDS
[22m[39m{"timestamp":"2026-06-22T06:19:19.485Z","level":"INFO","source":"frontend","module":"webrtc/sframe-transform","message":"encrypted frame","context":{"kid":9,"ctr":1,"byteLength":62,"codecOffset":10}}

[90mstdout[2m | apps/validator-daemon/src/canary/__tests__/mesh-byzantine.test.ts[2m > [22m[2mREQ-RMS-015 — isRelayFlaggedByCanary mirrors the classifier cumulative gate[2m > [22m[2mflags R (sustained drops) and not R2 (zero drops) after >= MIN_ROUNDS
[22m[39m{"timestamp":"2026-06-22T06:19:19.485Z","level":"INFO","source":"frontend","module":"webrtc/sframe-transform","message":"encrypted frame","context":{"kid":9,"ctr":2,"byteLength":62,"codecOffset":10}}

[90mstdout[2m | apps/validator-daemon/src/canary/__tests__/mesh-byzantine.test.ts[2m > [22m[2mREQ-RMS-015 — isRelayFlaggedByCanary mirrors the classifier cumulative gate[2m > [22m[2mflags R (sustained drops) and not R2 (zero drops) after >= MIN_ROUNDS
[22m[39m{"timestamp":"2026-06-22T06:19:19.485Z","level":"INFO","source":"frontend","module":"webrtc/sframe-transform","message":"encrypted frame","context":{"kid":9,"ctr":3,"byteLength":62,"codecOffset":10}}

[90mstdout[2m | apps/validator-daemon/src/canary/__tests__/mesh-byzantine.test.ts[2m > [22m[2mREQ-RMS-015 — isRelayFlaggedByCanary mirrors the classifier cumulative gate[2m > [22m[2mflags R (sustained drops) and not R2 (zero drops) after >= MIN_ROUNDS
[22m[39m{"timestamp":"2026-06-22T06:19:19.485Z","level":"INFO","source":"frontend","module":"webrtc/sframe-transform","message":"encrypted frame","context":{"kid":9,"ctr":4,"byteLength":62,"codecOffset":10}}

[90mstdout[2m | apps/validator-daemon/src/canary/__tests__/mesh-byzantine.test.ts[2m > [22m[2mREQ-RMS-015 — isRelayFlaggedByCanary mirrors the classifier cumulative gate[2m > [22m[2mflags R (sustained drops) and not R2 (zero drops) after >= MIN_ROUNDS
[22m[39m{"timestamp":"2026-06-22T06:19:19.486Z","level":"INFO","source":"frontend","module":"webrtc/sframe-transform","message":"encrypted frame","context":{"kid":9,"ctr":5,"byteLength":62,"codecOffset":10}}

[90mstdout[2m | apps/validator-daemon/src/canary/__tests__/mesh-byzantine.test.ts[2m > [22m[2mREQ-RMS-015 — isRelayFlaggedByCanary mirrors the classifier cumulative gate[2m > [22m[2mflags R (sustained drops) and not R2 (zero drops) after >= MIN_ROUNDS
[22m[39m{"timestamp":"2026-06-22T06:19:19.486Z","level":"INFO","source":"frontend","module":"webrtc/sframe-transform","message":"encrypted frame","context":{"kid":9,"ctr":6,"byteLength":62,"codecOffset":10}}

[90mstdout[2m | apps/validator-daemon/src/canary/__tests__/mesh-byzantine.test.ts[2m > [22m[2mREQ-RMS-015 — isRelayFlaggedByCanary mirrors the classifier cumulative gate[2m > [22m[2mflags R (sustained drops) and not R2 (zero drops) after >= MIN_ROUNDS
[22m[39m{"timestamp":"2026-06-22T06:19:19.486Z","level":"INFO","source":"frontend","module":"webrtc/sframe-transform","message":"encrypted frame","context":{"kid":9,"ctr":7,"byteLength":62,"codecOffset":10}}

{"level":30,"time":1782109159486,"pid":29576,"hostname":"Quang","name":"canary/verifier","canaryKid":9,"mediaPackets":8,"byteIdentical":8,"divergences":0,"msg":"canary forwarding verified"}
{"level":30,"time":1782109159486,"pid":29576,"hostname":"Quang","name":"canary/loss-classifier","relayMinerId":"relay-honest-R2","promoted":0,"absorbed":0,"tampers":0,"cumulativeCrossed":false,"msg":"canary divergences classified (drop gate / tamper p=1)"}
{"level":30,"time":1782109159486,"pid":29576,"hostname":"Quang","name":"canary/verify-loop","round":6,"relayMinerId":"relay-honest-R2","roomId":"mesh-room","perReceiver":2,"promoted":0,"absorbed":0,"stunLossBps":"0","msg":"canary verify round classified (hermetic half — synthetic capture, STUN read live)"}
[90mstdout[2m | apps/validator-daemon/src/canary/__tests__/mesh-byzantine.test.ts[2m > [22m[2mREQ-RMS-015 — isRelayFlaggedByCanary mirrors the classifier cumulative gate[2m > [22m[2mdoes NOT flag before MIN_ROUNDS of history (one unlucky round must not slash)
[22m[39m{"timestamp":"2026-06-22T06:19:19.489Z","level":"INFO","source":"frontend","module":"webrtc/sframe-transform","message":"encrypted frame","context":{"kid":9,"ctr":0,"byteLength":62,"codecOffset":10}}

[90mstdout[2m | apps/validator-daemon/src/canary/__tests__/mesh-byzantine.test.ts[2m > [22m[2mREQ-RMS-015 — isRelayFlaggedByCanary mirrors the classifier cumulative gate[2m > [22m[2mdoes NOT flag before MIN_ROUNDS of history (one unlucky round must not slash)
[22m[39m{"timestamp":"2026-06-22T06:19:19.490Z","level":"INFO","source":"frontend","module":"webrtc/sframe-transform","message":"encrypted frame","context":{"kid":9,"ctr":1,"byteLength":62,"codecOffset":10}}

[90mstdout[2m | apps/validator-daemon/src/canary/__tests__/mesh-byzantine.test.ts[2m > [22m[2mREQ-RMS-015 — isRelayFlaggedByCanary mirrors the classifier cumulative gate[2m > [22m[2mdoes NOT flag before MIN_ROUNDS of history (one unlucky round must not slash)
[22m[39m{"timestamp":"2026-06-22T06:19:19.490Z","level":"INFO","source":"frontend","module":"webrtc/sframe-transform","message":"encrypted frame","context":{"kid":9,"ctr":2,"byteLength":62,"codecOffset":10}}

[90mstdout[2m | apps/validator-daemon/src/canary/__tests__/mesh-byzantine.test.ts[2m > [22m[2mREQ-RMS-015 — isRelayFlaggedByCanary mirrors the classifier cumulative gate[2m > [22m[2mdoes NOT flag before MIN_ROUNDS of history (one unlucky round must not slash)
[22m[39m{"timestamp":"2026-06-22T06:19:19.490Z","level":"INFO","source":"frontend","module":"webrtc/sframe-transform","message":"encrypted frame","context":{"kid":9,"ctr":3,"byteLength":62,"codecOffset":10}}

[90mstdout[2m | apps/validator-daemon/src/canary/__tests__/mesh-byzantine.test.ts[2m > [22m[2mREQ-RMS-015 — isRelayFlaggedByCanary mirrors the classifier cumulative gate[2m > [22m[2mdoes NOT flag before MIN_ROUNDS of history (one unlucky round must not slash)
[22m[39m{"timestamp":"2026-06-22T06:19:19.491Z","level":"INFO","source":"frontend","module":"webrtc/sframe-transform","message":"encrypted frame","context":{"kid":9,"ctr":4,"byteLength":62,"codecOffset":10}}

[90mstdout[2m | apps/validator-daemon/src/canary/__tests__/mesh-byzantine.test.ts[2m > [22m[2mREQ-RMS-015 — isRelayFlaggedByCanary mirrors the classifier cumulative gate[2m > [22m[2mdoes NOT flag before MIN_ROUNDS of history (one unlucky round must not slash)
[22m[39m{"timestamp":"2026-06-22T06:19:19.491Z","level":"INFO","source":"frontend","module":"webrtc/sframe-transform","message":"encrypted frame","context":{"kid":9,"ctr":6,"byteLength":62,"codecOffset":10}}

[90mstdout[2m | apps/validator-daemon/src/canary/__tests__/mesh-byzantine.test.ts[2m > [22m[2mREQ-RMS-015 — isRelayFlaggedByCanary mirrors the classifier cumulative gate[2m > [22m[2mdoes NOT flag before MIN_ROUNDS of history (one unlucky round must not slash)
[22m[39m{"timestamp":"2026-06-22T06:19:19.491Z","level":"INFO","source":"frontend","module":"webrtc/sframe-transform","message":"encrypted frame","context":{"kid":9,"ctr":7,"byteLength":62,"codecOffset":10}}

[90mstdout[2m | apps/validator-daemon/src/canary/__tests__/mesh-byzantine.test.ts[2m > [22m[2mREQ-RMS-015 — isRelayFlaggedByCanary mirrors the classifier cumulative gate[2m > [22m[2mdoes NOT flag before MIN_ROUNDS of history (one unlucky round must not slash)
[22m[39m{"timestamp":"2026-06-22T06:19:19.491Z","level":"INFO","source":"frontend","module":"webrtc/sframe-transform","message":"encrypted frame","context":{"kid":9,"ctr":0,"byteLength":62,"codecOffset":10}}

[90mstdout[2m | apps/validator-daemon/src/canary/__tests__/mesh-byzantine.test.ts[2m > [22m[2mREQ-RMS-015 — isRelayFlaggedByCanary mirrors the classifier cumulative gate[2m > [22m[2mdoes NOT flag before MIN_ROUNDS of history (one unlucky round must not slash)
[22m[39m{"timestamp":"2026-06-22T06:19:19.492Z","level":"INFO","source":"frontend","module":"webrtc/sframe-transform","message":"encrypted frame","context":{"kid":9,"ctr":1,"byteLength":62,"codecOffset":10}}

[90mstdout[2m | apps/validator-daemon/src/canary/__tests__/mesh-byzantine.test.ts[2m > [22m[2mREQ-RMS-015 — isRelayFlaggedByCanary mirrors the classifier cumulative gate[2m > [22m[2mdoes NOT flag before MIN_ROUNDS of history (one unlucky round must not slash)
[22m[39m{"timestamp":"2026-06-22T06:19:19.492Z","level":"INFO","source":"frontend","module":"webrtc/sframe-transform","message":"encrypted frame","context":{"kid":9,"ctr":2,"byteLength":62,"codecOffset":10}}

[90mstdout[2m | apps/validator-daemon/src/canary/__tests__/mesh-byzantine.test.ts[2m > [22m[2mREQ-RMS-015 — isRelayFlaggedByCanary mirrors the classifier cumulative gate[2m > [22m[2mdoes NOT flag before MIN_ROUNDS of history (one unlucky round must not slash)
[22m[39m{"timestamp":"2026-06-22T06:19:19.492Z","level":"INFO","source":"frontend","module":"webrtc/sframe-transform","message":"encrypted frame","context":{"kid":9,"ctr":3,"byteLength":62,"codecOffset":10}}

[90mstdout[2m | apps/validator-daemon/src/canary/__tests__/mesh-byzantine.test.ts[2m > [22m[2mREQ-RMS-015 — isRelayFlaggedByCanary mirrors the classifier cumulative gate[2m > [22m[2mdoes NOT flag before MIN_ROUNDS of history (one unlucky round must not slash)
[22m[39m{"timestamp":"2026-06-22T06:19:19.493Z","level":"INFO","source":"frontend","module":"webrtc/sframe-transform","message":"encrypted frame","context":{"kid":9,"ctr":4,"byteLength":62,"codecOffset":10}}

[90mstdout[2m | apps/validator-daemon/src/canary/__tests__/mesh-byzantine.test.ts[2m > [22m[2mREQ-RMS-015 — isRelayFlaggedByCanary mirrors the classifier cumulative gate[2m > [22m[2mdoes NOT flag before MIN_ROUNDS of history (one unlucky round must not slash)
[22m[39m{"timestamp":"2026-06-22T06:19:19.493Z","level":"INFO","source":"frontend","module":"webrtc/sframe-transform","message":"encrypted frame","context":{"kid":9,"ctr":5,"byteLength":62,"codecOffset":10}}

[90mstdout[2m | apps/validator-daemon/src/canary/__tests__/mesh-byzantine.test.ts[2m > [22m[2mREQ-RMS-015 — isRelayFlaggedByCanary mirrors the classifier cumulative gate[2m > [22m[2mdoes NOT flag before MIN_ROUNDS of history (one unlucky round must not slash)
[22m[39m{"timestamp":"2026-06-22T06:19:19.493Z","level":"INFO","source":"frontend","module":"webrtc/sframe-transform","message":"encrypted frame","context":{"kid":9,"ctr":6,"byteLength":62,"codecOffset":10}}

[90mstdout[2m | apps/validator-daemon/src/canary/__tests__/mesh-byzantine.test.ts[2m > [22m[2mREQ-RMS-015 — isRelayFlaggedByCanary mirrors the classifier cumulative gate[2m > [22m[2mdoes NOT flag before MIN_ROUNDS of history (one unlucky round must not slash)
[22m[39m{"timestamp":"2026-06-22T06:19:19.493Z","level":"INFO","source":"frontend","module":"webrtc/sframe-transform","message":"encrypted frame","context":{"kid":9,"ctr":7,"byteLength":62,"codecOffset":10}}

{"level":30,"time":1782109159493,"pid":29576,"hostname":"Quang","name":"canary/verifier","canaryKid":9,"mediaPackets":7,"byteIdentical":7,"divergences":1,"msg":"canary forwarding verified"}
[90mstdout[2m | apps/validator-daemon/src/canary/__tests__/mesh-byzantine.test.ts[2m > [22m[2mREQ-RMS-015 — isRelayFlaggedByCanary mirrors the classifier cumulative gate[2m > [22m[2mdoes NOT flag before MIN_ROUNDS of history (one unlucky round must not slash)
[22m[39m{"timestamp":"2026-06-22T06:19:19.494Z","level":"INFO","source":"frontend","module":"webrtc/sframe-transform","message":"encrypted frame","context":{"kid":9,"ctr":0,"byteLength":62,"codecOffset":10}}

[90mstdout[2m | apps/validator-daemon/src/canary/__tests__/mesh-byzantine.test.ts[2m > [22m[2mREQ-RMS-015 — isRelayFlaggedByCanary mirrors the classifier cumulative gate[2m > [22m[2mdoes NOT flag before MIN_ROUNDS of history (one unlucky round must not slash)
[22m[39m{"timestamp":"2026-06-22T06:19:19.494Z","level":"INFO","source":"frontend","module":"webrtc/sframe-transform","message":"encrypted frame","context":{"kid":9,"ctr":1,"byteLength":62,"codecOffset":10}}

[90mstdout[2m | apps/validator-daemon/src/canary/__tests__/mesh-byzantine.test.ts[2m > [22m[2mREQ-RMS-015 — isRelayFlaggedByCanary mirrors the classifier cumulative gate[2m > [22m[2mdoes NOT flag before MIN_ROUNDS of history (one unlucky round must not slash)
[22m[39m{"timestamp":"2026-06-22T06:19:19.494Z","level":"INFO","source":"frontend","module":"webrtc/sframe-transform","message":"encrypted frame","context":{"kid":9,"ctr":2,"byteLength":62,"codecOffset":10}}

[90mstdout[2m | apps/validator-daemon/src/canary/__tests__/mesh-byzantine.test.ts[2m > [22m[2mREQ-RMS-015 — isRelayFlaggedByCanary mirrors the classifier cumulative gate[2m > [22m[2mdoes NOT flag before MIN_ROUNDS of history (one unlucky round must not slash)
[22m[39m{"timestamp":"2026-06-22T06:19:19.495Z","level":"INFO","source":"frontend","module":"webrtc/sframe-transform","message":"encrypted frame","context":{"kid":9,"ctr":3,"byteLength":62,"codecOffset":10}}

[90mstdout[2m | apps/validator-daemon/src/canary/__tests__/mesh-byzantine.test.ts[2m > [22m[2mREQ-RMS-015 — isRelayFlaggedByCanary mirrors the classifier cumulative gate[2m > [22m[2mdoes NOT flag before MIN_ROUNDS of history (one unlucky round must not slash)
[22m[39m{"timestamp":"2026-06-22T06:19:19.495Z","level":"INFO","source":"frontend","module":"webrtc/sframe-transform","message":"encrypted frame","context":{"kid":9,"ctr":4,"byteLength":62,"codecOffset":10}}

[90mstdout[2m | apps/validator-daemon/src/canary/__tests__/mesh-byzantine.test.ts[2m > [22m[2mREQ-RMS-015 — isRelayFlaggedByCanary mirrors the classifier cumulative gate[2m > [22m[2mdoes NOT flag before MIN_ROUNDS of history (one unlucky round must not slash)
[22m[39m{"timestamp":"2026-06-22T06:19:19.495Z","level":"INFO","source":"frontend","module":"webrtc/sframe-transform","message":"encrypted frame","context":{"kid":9,"ctr":5,"byteLength":62,"codecOffset":10}}

[90mstdout[2m | apps/validator-daemon/src/canary/__tests__/mesh-byzantine.test.ts[2m > [22m[2mREQ-RMS-015 — isRelayFlaggedByCanary mirrors the classifier cumulative gate[2m > [22m[2mdoes NOT flag before MIN_ROUNDS of history (one unlucky round must not slash)
[22m[39m{"timestamp":"2026-06-22T06:19:19.496Z","level":"INFO","source":"frontend","module":"webrtc/sframe-transform","message":"encrypted frame","context":{"kid":9,"ctr":6,"byteLength":62,"codecOffset":10}}

[90mstdout[2m | apps/validator-daemon/src/canary/__tests__/mesh-byzantine.test.ts[2m > [22m[2mREQ-RMS-015 — isRelayFlaggedByCanary mirrors the classifier cumulative gate[2m > [22m[2mdoes NOT flag before MIN_ROUNDS of history (one unlucky round must not slash)
[22m[39m{"timestamp":"2026-06-22T06:19:19.496Z","level":"INFO","source":"frontend","module":"webrtc/sframe-transform","message":"encrypted frame","context":{"kid":9,"ctr":7,"byteLength":62,"codecOffset":10}}

{"level":30,"time":1782109159496,"pid":29576,"hostname":"Quang","name":"canary/verifier","canaryKid":9,"mediaPackets":7,"byteIdentical":7,"divergences":1,"msg":"canary forwarding verified"}
{"level":30,"time":1782109159496,"pid":29576,"hostname":"Quang","name":"canary/loss-classifier","relayMinerId":"relay-byzantine-R","promoted":0,"absorbed":1,"tampers":0,"cumulativeCrossed":false,"msg":"canary divergences classified (drop gate / tamper p=1)"}
{"level":30,"time":1782109159496,"pid":29576,"hostname":"Quang","name":"canary/verify-loop","round":0,"relayMinerId":"relay-byzantine-R","roomId":"mesh-room","perReceiver":2,"promoted":0,"absorbed":1,"stunLossBps":"0","msg":"canary verify round classified (hermetic half — synthetic capture, STUN read live)"}
[90mstdout[2m | apps/validator-daemon/src/canary/__tests__/mesh-byzantine.test.ts[2m > [22m[2mREQ-RMS-015 — isRelayFlaggedByCanary mirrors the classifier cumulative gate[2m > [22m[2mdoes NOT flag before MIN_ROUNDS of history (one unlucky round must not slash)
[22m[39m{"timestamp":"2026-06-22T06:19:19.496Z","level":"INFO","source":"frontend","module":"webrtc/sframe-transform","message":"encrypted frame","context":{"kid":9,"ctr":0,"byteLength":62,"codecOffset":10}}

[90mstdout[2m | apps/validator-daemon/src/canary/__tests__/mesh-byzantine.test.ts[2m > [22m[2mREQ-RMS-015 — isRelayFlaggedByCanary mirrors the classifier cumulative gate[2m > [22m[2mdoes NOT flag before MIN_ROUNDS of history (one unlucky round must not slash)
[22m[39m{"timestamp":"2026-06-22T06:19:19.497Z","level":"INFO","source":"frontend","module":"webrtc/sframe-transform","message":"encrypted frame","context":{"kid":9,"ctr":1,"byteLength":62,"codecOffset":10}}

[90mstdout[2m | apps/validator-daemon/src/canary/__tests__/mesh-byzantine.test.ts[2m > [22m[2mREQ-RMS-015 — isRelayFlaggedByCanary mirrors the classifier cumulative gate[2m > [22m[2mdoes NOT flag before MIN_ROUNDS of history (one unlucky round must not slash)
[22m[39m{"timestamp":"2026-06-22T06:19:19.497Z","level":"INFO","source":"frontend","module":"webrtc/sframe-transform","message":"encrypted frame","context":{"kid":9,"ctr":2,"byteLength":62,"codecOffset":10}}

[90mstdout[2m | apps/validator-daemon/src/canary/__tests__/mesh-byzantine.test.ts[2m > [22m[2mREQ-RMS-015 — isRelayFlaggedByCanary mirrors the classifier cumulative gate[2m > [22m[2mdoes NOT flag before MIN_ROUNDS of history (one unlucky round must not slash)
[22m[39m{"timestamp":"2026-06-22T06:19:19.497Z","level":"INFO","source":"frontend","module":"webrtc/sframe-transform","message":"encrypted frame","context":{"kid":9,"ctr":3,"byteLength":62,"codecOffset":10}}

[90mstdout[2m | apps/validator-daemon/src/canary/__tests__/mesh-byzantine.test.ts[2m > [22m[2mREQ-RMS-015 — isRelayFlaggedByCanary mirrors the classifier cumulative gate[2m > [22m[2mdoes NOT flag before MIN_ROUNDS of history (one unlucky round must not slash)
[22m[39m{"timestamp":"2026-06-22T06:19:19.498Z","level":"INFO","source":"frontend","module":"webrtc/sframe-transform","message":"encrypted frame","context":{"kid":9,"ctr":4,"byteLength":62,"codecOffset":10}}

[90mstdout[2m | apps/validator-daemon/src/canary/__tests__/mesh-byzantine.test.ts[2m > [22m[2mREQ-RMS-015 — isRelayFlaggedByCanary mirrors the classifier cumulative gate[2m > [22m[2mdoes NOT flag before MIN_ROUNDS of history (one unlucky round must not slash)
[22m[39m{"timestamp":"2026-06-22T06:19:19.498Z","level":"INFO","source":"frontend","module":"webrtc/sframe-transform","message":"encrypted frame","context":{"kid":9,"ctr":5,"byteLength":62,"codecOffset":10}}

[90mstdout[2m | apps/validator-daemon/src/canary/__tests__/mesh-byzantine.test.ts[2m > [22m[2mREQ-RMS-015 — isRelayFlaggedByCanary mirrors the classifier cumulative gate[2m > [22m[2mdoes NOT flag before MIN_ROUNDS of history (one unlucky round must not slash)
[22m[39m{"timestamp":"2026-06-22T06:19:19.498Z","level":"INFO","source":"frontend","module":"webrtc/sframe-transform","message":"encrypted frame","context":{"kid":9,"ctr":6,"byteLength":62,"codecOffset":10}}

[90mstdout[2m | apps/validator-daemon/src/canary/__tests__/mesh-byzantine.test.ts[2m > [22m[2mREQ-RMS-015 — isRelayFlaggedByCanary mirrors the classifier cumulative gate[2m > [22m[2mdoes NOT flag before MIN_ROUNDS of history (one unlucky round must not slash)
[22m[39m{"timestamp":"2026-06-22T06:19:19.499Z","level":"INFO","source":"frontend","module":"webrtc/sframe-transform","message":"encrypted frame","context":{"kid":9,"ctr":7,"byteLength":62,"codecOffset":10}}

[90mstdout[2m | apps/validator-daemon/src/canary/__tests__/mesh-byzantine.test.ts[2m > [22m[2mREQ-RMS-015 — isRelayFlaggedByCanary mirrors the classifier cumulative gate[2m > [22m[2mdoes NOT flag before MIN_ROUNDS of history (one unlucky round must not slash)
[22m[39m{"timestamp":"2026-06-22T06:19:19.499Z","level":"INFO","source":"frontend","module":"webrtc/sframe-transform","message":"encrypted frame","context":{"kid":9,"ctr":0,"byteLength":62,"codecOffset":10}}

[90mstdout[2m | apps/validator-daemon/src/canary/__tests__/mesh-byzantine.test.ts[2m > [22m[2mREQ-RMS-015 — isRelayFlaggedByCanary mirrors the classifier cumulative gate[2m > [22m[2mdoes NOT flag before MIN_ROUNDS of history (one unlucky round must not slash)
[22m[39m{"timestamp":"2026-06-22T06:19:19.499Z","level":"INFO","source":"frontend","module":"webrtc/sframe-transform","message":"encrypted frame","context":{"kid":9,"ctr":1,"byteLength":62,"codecOffset":10}}

[90mstdout[2m | apps/validator-daemon/src/canary/__tests__/mesh-byzantine.test.ts[2m > [22m[2mREQ-RMS-015 — isRelayFlaggedByCanary mirrors the classifier cumulative gate[2m > [22m[2mdoes NOT flag before MIN_ROUNDS of history (one unlucky round must not slash)
[22m[39m{"timestamp":"2026-06-22T06:19:19.500Z","level":"INFO","source":"frontend","module":"webrtc/sframe-transform","message":"encrypted frame","context":{"kid":9,"ctr":2,"byteLength":62,"codecOffset":10}}

[90mstdout[2m | apps/validator-daemon/src/canary/__tests__/mesh-byzantine.test.ts[2m > [22m[2mREQ-RMS-015 — isRelayFlaggedByCanary mirrors the classifier cumulative gate[2m > [22m[2mdoes NOT flag before MIN_ROUNDS of history (one unlucky round must not slash)
[22m[39m{"timestamp":"2026-06-22T06:19:19.500Z","level":"INFO","source":"frontend","module":"webrtc/sframe-transform","message":"encrypted frame","context":{"kid":9,"ctr":3,"byteLength":62,"codecOffset":10}}

[90mstdout[2m | apps/validator-daemon/src/canary/__tests__/mesh-byzantine.test.ts[2m > [22m[2mREQ-RMS-015 — isRelayFlaggedByCanary mirrors the classifier cumulative gate[2m > [22m[2mdoes NOT flag before MIN_ROUNDS of history (one unlucky round must not slash)
[22m[39m{"timestamp":"2026-06-22T06:19:19.500Z","level":"INFO","source":"frontend","module":"webrtc/sframe-transform","message":"encrypted frame","context":{"kid":9,"ctr":4,"byteLength":62,"codecOffset":10}}

[90mstdout[2m | apps/validator-daemon/src/canary/__tests__/mesh-byzantine.test.ts[2m > [22m[2mREQ-RMS-015 — isRelayFlaggedByCanary mirrors the classifier cumulative gate[2m > [22m[2mdoes NOT flag before MIN_ROUNDS of history (one unlucky round must not slash)
[22m[39m{"timestamp":"2026-06-22T06:19:19.501Z","level":"INFO","source":"frontend","module":"webrtc/sframe-transform","message":"encrypted frame","context":{"kid":9,"ctr":5,"byteLength":62,"codecOffset":10}}

[90mstdout[2m | apps/validator-daemon/src/canary/__tests__/mesh-byzantine.test.ts[2m > [22m[2mREQ-RMS-015 — isRelayFlaggedByCanary mirrors the classifier cumulative gate[2m > [22m[2mdoes NOT flag before MIN_ROUNDS of history (one unlucky round must not slash)
[22m[39m{"timestamp":"2026-06-22T06:19:19.501Z","level":"INFO","source":"frontend","module":"webrtc/sframe-transform","message":"encrypted frame","context":{"kid":9,"ctr":6,"byteLength":62,"codecOffset":10}}

[90mstdout[2m | apps/validator-daemon/src/canary/__tests__/mesh-byzantine.test.ts[2m > [22m[2mREQ-RMS-015 — isRelayFlaggedByCanary mirrors the classifier cumulative gate[2m > [22m[2mdoes NOT flag before MIN_ROUNDS of history (one unlucky round must not slash)
[22m[39m{"timestamp":"2026-06-22T06:19:19.501Z","level":"INFO","source":"frontend","module":"webrtc/sframe-transform","message":"encrypted frame","context":{"kid":9,"ctr":7,"byteLength":62,"codecOffset":10}}

{"level":30,"time":1782109159501,"pid":29576,"hostname":"Quang","name":"canary/verifier","canaryKid":9,"mediaPackets":8,"byteIdentical":8,"divergences":0,"msg":"canary forwarding verified"}
[90mstdout[2m | apps/validator-daemon/src/canary/__tests__/mesh-byzantine.test.ts[2m > [22m[2mREQ-RMS-015 — isRelayFlaggedByCanary mirrors the classifier cumulative gate[2m > [22m[2mdoes NOT flag before MIN_ROUNDS of history (one unlucky round must not slash)
[22m[39m{"timestamp":"2026-06-22T06:19:19.502Z","level":"INFO","source":"frontend","module":"webrtc/sframe-transform","message":"encrypted frame","context":{"kid":9,"ctr":0,"byteLength":62,"codecOffset":10}}

[90mstdout[2m | apps/validator-daemon/src/canary/__tests__/mesh-byzantine.test.ts[2m > [22m[2mREQ-RMS-015 — isRelayFlaggedByCanary mirrors the classifier cumulative gate[2m > [22m[2mdoes NOT flag before MIN_ROUNDS of history (one unlucky round must not slash)
[22m[39m{"timestamp":"2026-06-22T06:19:19.502Z","level":"INFO","source":"frontend","module":"webrtc/sframe-transform","message":"encrypted frame","context":{"kid":9,"ctr":1,"byteLength":62,"codecOffset":10}}

[90mstdout[2m | apps/validator-daemon/src/canary/__tests__/mesh-byzantine.test.ts[2m > [22m[2mREQ-RMS-015 — isRelayFlaggedByCanary mirrors the classifier cumulative gate[2m > [22m[2mdoes NOT flag before MIN_ROUNDS of history (one unlucky round must not slash)
[22m[39m{"timestamp":"2026-06-22T06:19:19.502Z","level":"INFO","source":"frontend","module":"webrtc/sframe-transform","message":"encrypted frame","context":{"kid":9,"ctr":2,"byteLength":62,"codecOffset":10}}

[90mstdout[2m | apps/validator-daemon/src/canary/__tests__/mesh-byzantine.test.ts[2m > [22m[2mREQ-RMS-015 — isRelayFlaggedByCanary mirrors the classifier cumulative gate[2m > [22m[2mdoes NOT flag before MIN_ROUNDS of history (one unlucky round must not slash)
[22m[39m{"timestamp":"2026-06-22T06:19:19.502Z","level":"INFO","source":"frontend","module":"webrtc/sframe-transform","message":"encrypted frame","context":{"kid":9,"ctr":3,"byteLength":62,"codecOffset":10}}

[90mstdout[2m | apps/validator-daemon/src/canary/__tests__/mesh-byzantine.test.ts[2m > [22m[2mREQ-RMS-015 — isRelayFlaggedByCanary mirrors the classifier cumulative gate[2m > [22m[2mdoes NOT flag before MIN_ROUNDS of history (one unlucky round must not slash)
[22m[39m{"timestamp":"2026-06-22T06:19:19.503Z","level":"INFO","source":"frontend","module":"webrtc/sframe-transform","message":"encrypted frame","context":{"kid":9,"ctr":4,"byteLength":62,"codecOffset":10}}

[90mstdout[2m | apps/validator-daemon/src/canary/__tests__/mesh-byzantine.test.ts[2m > [22m[2mREQ-RMS-015 — isRelayFlaggedByCanary mirrors the classifier cumulative gate[2m > [22m[2mdoes NOT flag before MIN_ROUNDS of history (one unlucky round must not slash)
[22m[39m{"timestamp":"2026-06-22T06:19:19.503Z","level":"INFO","source":"frontend","module":"webrtc/sframe-transform","message":"encrypted frame","context":{"kid":9,"ctr":5,"byteLength":62,"codecOffset":10}}

[90mstdout[2m | apps/validator-daemon/src/canary/__tests__/mesh-byzantine.test.ts[2m > [22m[2mREQ-RMS-015 — isRelayFlaggedByCanary mirrors the classifier cumulative gate[2m > [22m[2mdoes NOT flag before MIN_ROUNDS of history (one unlucky round must not slash)
[22m[39m{"timestamp":"2026-06-22T06:19:19.503Z","level":"INFO","source":"frontend","module":"webrtc/sframe-transform","message":"encrypted frame","context":{"kid":9,"ctr":6,"byteLength":62,"codecOffset":10}}

[90mstdout[2m | apps/validator-daemon/src/canary/__tests__/mesh-byzantine.test.ts[2m > [22m[2mREQ-RMS-015 — isRelayFlaggedByCanary mirrors the classifier cumulative gate[2m > [22m[2mdoes NOT flag before MIN_ROUNDS of history (one unlucky round must not slash)
[22m[39m{"timestamp":"2026-06-22T06:19:19.503Z","level":"INFO","source":"frontend","module":"webrtc/sframe-transform","message":"encrypted frame","context":{"kid":9,"ctr":7,"byteLength":62,"codecOffset":10}}

{"level":30,"time":1782109159503,"pid":29576,"hostname":"Quang","name":"canary/verifier","canaryKid":9,"mediaPackets":8,"byteIdentical":8,"divergences":0,"msg":"canary forwarding verified"}
{"level":30,"time":1782109159504,"pid":29576,"hostname":"Quang","name":"canary/loss-classifier","relayMinerId":"relay-honest-R2","promoted":0,"absorbed":0,"tampers":0,"cumulativeCrossed":false,"msg":"canary divergences classified (drop gate / tamper p=1)"}
{"level":30,"time":1782109159504,"pid":29576,"hostname":"Quang","name":"canary/verify-loop","round":0,"relayMinerId":"relay-honest-R2","roomId":"mesh-room","perReceiver":2,"promoted":0,"absorbed":0,"stunLossBps":"0","msg":"canary verify round classified (hermetic half — synthetic capture, STUN read live)"}
 [32m✓[39m apps/validator-daemon/src/canary/__tests__/mesh-byzantine.test.ts [2m([22m[2m5 tests[22m[2m)[22m[33m 880[2mms[22m[39m
   [33m[2m✓[22m[39m REQ-RMS-017 — Byzantine under-server attributed to R via the SHIPPED canary pipeline[2m > [22mR (overclaim->under-serve) is slashed pinned to its miner_id; honest R2 is never slashed [33m 409[2mms[22m[39m

[2m Test Files [22m [1m[32m1 passed[39m[22m[90m (1)[39m
[2m      Tests [22m [1m[32m5 passed[39m[22m[90m (5)[39m
[2m   Start at [22m 13:19:16
[2m   Duration [22m 2.80s[2m (transform 272ms, setup 0ms, collect 1.33s, tests 880ms, environment 0ms, prepare 249ms)[22m


[1m[46m RUN [49m[22m [36mv3.2.4 [39m[90mC:/Thesis/dvconf/dvconf-daemons[39m

 [32m✓[39m apps/cp-daemon/src/__tests__/admission-capacity.test.ts [2m([22m[2m16 tests[22m[2m)[22m[32m 7[2mms[22m[39m

[2m Test Files [22m [1m[32m1 passed[39m[22m[90m (1)[39m
[2m      Tests [22m [1m[32m16 passed[39m[22m[90m (16)[39m
[2m   Start at [22m 13:26:29
[2m   Duration [22m 511ms[2m (transform 59ms, setup 0ms, collect 53ms, tests 7ms, environment 0ms, prepare 159ms)[22m


[1m[46m RUN [49m[22m [36mv3.2.4 [39m[90mC:/Thesis/dvconf/dvconf-daemons[39m


[31m⎯⎯⎯⎯⎯⎯[39m[1m[41m Failed Suites 1 [49m[22m[31m⎯⎯⎯⎯⎯⎯⎯[39m

[41m[1m FAIL [22m[49m apps/cp-daemon/src/__tests__/escrow-byzantine-exclusion.test.ts[2m [ apps/cp-daemon/src/__tests__/escrow-byzantine-exclusion.test.ts ][22m
[31m[1mError[22m: [vitest] There was an error when mocking a module. If you are using "vi.mock" factory, make sure there are no top level variables inside, since this call is hoisted to top of the file. Read more: https://vitest.dev/api/vi.html#vi-mock[39m
[36m [2m❯[22m apps/cp-daemon/src/event-handler.ts:[2m57:1[22m[39m
    [90m 55| [39m[35mimport[39m { [33mPVR_HEARTBEAT_STALE[39m } [35mfrom[39m [32m'./scoring.js'[39m[33m;[39m
    [90m 56| [39m[35mimport[39m { timedCanonicalSort } [35mfrom[39m [32m'./latency-probe.js'[39m[33m;[39m
    [90m 57| [39m[35mimport[39m {
    [90m   | [39m[31m^[39m
    [90m 58| [39m  submitProposal[33m,[39m
    [90m 59| [39m  pickSignalingNode[33m,[39m

[31m[1mCaused by: ReferenceError[22m: Cannot access 'submitProposalSpy' before initialization[39m
[36m [2m❯[22m apps/cp-daemon/src/__tests__/escrow-byzantine-exclusion.test.ts:[2m15:39[22m[39m
[90m [2m❯[22m apps/cp-daemon/src/event-handler.ts:[2m57:1[22m[39m

[31m[2m⎯⎯⎯⎯⎯⎯⎯⎯⎯⎯⎯⎯⎯⎯⎯⎯⎯⎯⎯⎯⎯⎯⎯⎯[1/1]⎯[22m[39m


[2m Test Files [22m [1m[31m1 failed[39m[22m[90m (1)[39m
[2m      Tests [22m [2mno tests[22m
[2m   Start at [22m 13:28:36
[2m   Duration [22m 1.34s[2m (transform 198ms, setup 0ms, collect 0ms, tests 0ms, environment 0ms, prepare 163ms)[22m


[1m[46m RUN [49m[22m [36mv3.2.4 [39m[90mC:/Thesis/dvconf/dvconf-daemons[39m

{"level":30,"time":1782109751759,"pid":35452,"hostname":"Quang","name":"test","roomId":"room1","creator":"c","relayMode":0,"msg":"Room created — waiting for escrow before assignment"}
{"level":30,"time":1782109751760,"pid":35452,"hostname":"Quang","name":"test","roomId":"room1","escrowId":"esc1","amount":"100","msg":"Escrow created — assigning infrastructure"}
{"level":30,"time":1782109751760,"pid":35452,"hostname":"Quang","name":"test","roomId":"room1","roomMode":"sfu","relayCount":2,"topRelays":["R1","R2"],"topRelayScore":"8000","validatorCount":0,"topValidators":[],"signalingMinerId":"S1","submittedScore":"8000","msg":"Room proposal: submitting TX"}
{"level":30,"time":1782109751763,"pid":35452,"hostname":"Quang","name":"test","roomId":"room1","relays":["R1","R2"],"validators":[],"signalingId":"S1","msg":"Pairing proposal submitted successfully"}
 [32m✓[39m apps/cp-daemon/src/__tests__/escrow-byzantine-exclusion.test.ts [2m([22m[2m1 test[22m[2m)[22m[32m 9[2mms[22m[39m

[2m Test Files [22m [1m[32m1 passed[39m[22m[90m (1)[39m
[2m      Tests [22m [1m[32m1 passed[39m[22m[90m (1)[39m
[2m   Start at [22m 13:29:10
[2m   Duration [22m 1.44s[2m (transform 248ms, setup 0ms, collect 883ms, tests 9ms, environment 0ms, prepare 241ms)[22m

