
[1m[46m RUN [49m[22m [36mv3.2.4 [39m[90mC:/Thesis/dvconf/dvconf-daemons[39m

[90mstdout[2m | apps/relay/src/__tests__/integration/mesh-placement-demo.integration.test.ts[2m > [22m[2mREQ-RMS-014 — integrated mesh placement demo (legs a+b: load-aware vs round-robin)[2m > [22m[2mHARD-GATE: load-aware max-relay-load << round-robin baseline (M=5, R=24)
[22m[39m[demo REQ-RMS-014 placement] baseline(round-robin) max=1800  optimized(load-aware) max=1800  lowerBound=1800  reduction=1.00x  vsLowerBound=1.00x

[90mstdout[2m | apps/relay/src/__tests__/integration/mesh-placement-demo.integration.test.ts[2m > [22m[2mREQ-RMS-014 — legs c+d: >C_worker room triggers M2 cascade, zero cross-hop loss, E2EE byte-identity[2m > [22m[2ma >C_worker room yields K_r>1 (cascade TRIGGERED by the load model) and the piped producer forwards body-byte-identical across the relay->relay hop
[22m[39m[demo cascade] captured=99 rtp pkts across the relay->relay hop; downstream outbound-rtp packetCount=99

[90mstdout[2m | apps/relay/src/__tests__/integration/mesh-placement-demo.integration.test.ts[2m > [22m[2mREQ-RMS-014 — legs e+f: +1 Byzantine relay slash-trigger SET + detect-latency bound[2m > [22m[2mthe +1 Byzantine relay (overclaim->under-serve) crosses the cumulative bound and the slash-trigger is SET (asserted, not live)
[22m[39m{"timestamp":"2026-06-22T06:52:41.138Z","level":"INFO","source":"frontend","module":"webrtc/sframe-transform","message":"encrypted frame","context":{"kid":9,"ctr":0,"byteLength":62,"codecOffset":10}}

[90mstdout[2m | apps/relay/src/__tests__/integration/mesh-placement-demo.integration.test.ts[2m > [22m[2mREQ-RMS-014 — legs e+f: +1 Byzantine relay slash-trigger SET + detect-latency bound[2m > [22m[2mthe +1 Byzantine relay (overclaim->under-serve) crosses the cumulative bound and the slash-trigger is SET (asserted, not live)
[22m[39m{"timestamp":"2026-06-22T06:52:41.141Z","level":"INFO","source":"frontend","module":"webrtc/sframe-transform","message":"encrypted frame","context":{"kid":9,"ctr":1,"byteLength":62,"codecOffset":10}}

[90mstdout[2m | apps/relay/src/__tests__/integration/mesh-placement-demo.integration.test.ts[2m > [22m[2mREQ-RMS-014 — legs e+f: +1 Byzantine relay slash-trigger SET + detect-latency bound[2m > [22m[2mthe +1 Byzantine relay (overclaim->under-serve) crosses the cumulative bound and the slash-trigger is SET (asserted, not live)
[22m[39m{"timestamp":"2026-06-22T06:52:41.143Z","level":"INFO","source":"frontend","module":"webrtc/sframe-transform","message":"encrypted frame","context":{"kid":9,"ctr":2,"byteLength":62,"codecOffset":10}}

[90mstdout[2m | apps/relay/src/__tests__/integration/mesh-placement-demo.integration.test.ts[2m > [22m[2mREQ-RMS-014 — legs e+f: +1 Byzantine relay slash-trigger SET + detect-latency bound[2m > [22m[2mthe +1 Byzantine relay (overclaim->under-serve) crosses the cumulative bound and the slash-trigger is SET (asserted, not live)
[22m[39m{"timestamp":"2026-06-22T06:52:41.145Z","level":"INFO","source":"frontend","module":"webrtc/sframe-transform","message":"encrypted frame","context":{"kid":9,"ctr":3,"byteLength":62,"codecOffset":10}}

[90mstdout[2m | apps/relay/src/__tests__/integration/mesh-placement-demo.integration.test.ts[2m > [22m[2mREQ-RMS-014 — legs e+f: +1 Byzantine relay slash-trigger SET + detect-latency bound[2m > [22m[2mthe +1 Byzantine relay (overclaim->under-serve) crosses the cumulative bound and the slash-trigger is SET (asserted, not live)
[22m[39m{"timestamp":"2026-06-22T06:52:41.148Z","level":"INFO","source":"frontend","module":"webrtc/sframe-transform","message":"encrypted frame","context":{"kid":9,"ctr":4,"byteLength":62,"codecOffset":10}}

[90mstdout[2m | apps/relay/src/__tests__/integration/mesh-placement-demo.integration.test.ts[2m > [22m[2mREQ-RMS-014 — legs e+f: +1 Byzantine relay slash-trigger SET + detect-latency bound[2m > [22m[2mthe +1 Byzantine relay (overclaim->under-serve) crosses the cumulative bound and the slash-trigger is SET (asserted, not live)
[22m[39m{"timestamp":"2026-06-22T06:52:41.153Z","level":"INFO","source":"frontend","module":"webrtc/sframe-transform","message":"encrypted frame","context":{"kid":9,"ctr":6,"byteLength":62,"codecOffset":10}}

[90mstdout[2m | apps/relay/src/__tests__/integration/mesh-placement-demo.integration.test.ts[2m > [22m[2mREQ-RMS-014 — legs e+f: +1 Byzantine relay slash-trigger SET + detect-latency bound[2m > [22m[2mthe +1 Byzantine relay (overclaim->under-serve) crosses the cumulative bound and the slash-trigger is SET (asserted, not live)
[22m[39m{"timestamp":"2026-06-22T06:52:41.155Z","level":"INFO","source":"frontend","module":"webrtc/sframe-transform","message":"encrypted frame","context":{"kid":9,"ctr":7,"byteLength":62,"codecOffset":10}}

[90mstdout[2m | apps/relay/src/__tests__/integration/mesh-placement-demo.integration.test.ts[2m > [22m[2mREQ-RMS-014 — legs e+f: +1 Byzantine relay slash-trigger SET + detect-latency bound[2m > [22m[2mthe +1 Byzantine relay (overclaim->under-serve) crosses the cumulative bound and the slash-trigger is SET (asserted, not live)
[22m[39m{"timestamp":"2026-06-22T06:52:41.159Z","level":"INFO","source":"frontend","module":"webrtc/sframe-transform","message":"encrypted frame","context":{"kid":9,"ctr":0,"byteLength":62,"codecOffset":10}}

[90mstdout[2m | apps/relay/src/__tests__/integration/mesh-placement-demo.integration.test.ts[2m > [22m[2mREQ-RMS-014 — legs e+f: +1 Byzantine relay slash-trigger SET + detect-latency bound[2m > [22m[2mthe +1 Byzantine relay (overclaim->under-serve) crosses the cumulative bound and the slash-trigger is SET (asserted, not live)
[22m[39m{"timestamp":"2026-06-22T06:52:41.161Z","level":"INFO","source":"frontend","module":"webrtc/sframe-transform","message":"encrypted frame","context":{"kid":9,"ctr":1,"byteLength":62,"codecOffset":10}}

[90mstdout[2m | apps/relay/src/__tests__/integration/mesh-placement-demo.integration.test.ts[2m > [22m[2mREQ-RMS-014 — legs e+f: +1 Byzantine relay slash-trigger SET + detect-latency bound[2m > [22m[2mthe +1 Byzantine relay (overclaim->under-serve) crosses the cumulative bound and the slash-trigger is SET (asserted, not live)
[22m[39m{"timestamp":"2026-06-22T06:52:41.163Z","level":"INFO","source":"frontend","module":"webrtc/sframe-transform","message":"encrypted frame","context":{"kid":9,"ctr":2,"byteLength":62,"codecOffset":10}}

[90mstdout[2m | apps/relay/src/__tests__/integration/mesh-placement-demo.integration.test.ts[2m > [22m[2mREQ-RMS-014 — legs e+f: +1 Byzantine relay slash-trigger SET + detect-latency bound[2m > [22m[2mthe +1 Byzantine relay (overclaim->under-serve) crosses the cumulative bound and the slash-trigger is SET (asserted, not live)
[22m[39m{"timestamp":"2026-06-22T06:52:41.164Z","level":"INFO","source":"frontend","module":"webrtc/sframe-transform","message":"encrypted frame","context":{"kid":9,"ctr":3,"byteLength":62,"codecOffset":10}}

[90mstdout[2m | apps/relay/src/__tests__/integration/mesh-placement-demo.integration.test.ts[2m > [22m[2mREQ-RMS-014 — legs e+f: +1 Byzantine relay slash-trigger SET + detect-latency bound[2m > [22m[2mthe +1 Byzantine relay (overclaim->under-serve) crosses the cumulative bound and the slash-trigger is SET (asserted, not live)
[22m[39m{"timestamp":"2026-06-22T06:52:41.166Z","level":"INFO","source":"frontend","module":"webrtc/sframe-transform","message":"encrypted frame","context":{"kid":9,"ctr":4,"byteLength":62,"codecOffset":10}}

[90mstdout[2m | apps/relay/src/__tests__/integration/mesh-placement-demo.integration.test.ts[2m > [22m[2mREQ-RMS-014 — legs e+f: +1 Byzantine relay slash-trigger SET + detect-latency bound[2m > [22m[2mthe +1 Byzantine relay (overclaim->under-serve) crosses the cumulative bound and the slash-trigger is SET (asserted, not live)
[22m[39m{"timestamp":"2026-06-22T06:52:41.168Z","level":"INFO","source":"frontend","module":"webrtc/sframe-transform","message":"encrypted frame","context":{"kid":9,"ctr":5,"byteLength":62,"codecOffset":10}}

[90mstdout[2m | apps/relay/src/__tests__/integration/mesh-placement-demo.integration.test.ts[2m > [22m[2mREQ-RMS-014 — legs e+f: +1 Byzantine relay slash-trigger SET + detect-latency bound[2m > [22m[2mthe +1 Byzantine relay (overclaim->under-serve) crosses the cumulative bound and the slash-trigger is SET (asserted, not live)
[22m[39m{"timestamp":"2026-06-22T06:52:41.169Z","level":"INFO","source":"frontend","module":"webrtc/sframe-transform","message":"encrypted frame","context":{"kid":9,"ctr":6,"byteLength":62,"codecOffset":10}}

[90mstdout[2m | apps/relay/src/__tests__/integration/mesh-placement-demo.integration.test.ts[2m > [22m[2mREQ-RMS-014 — legs e+f: +1 Byzantine relay slash-trigger SET + detect-latency bound[2m > [22m[2mthe +1 Byzantine relay (overclaim->under-serve) crosses the cumulative bound and the slash-trigger is SET (asserted, not live)
[22m[39m{"timestamp":"2026-06-22T06:52:41.172Z","level":"INFO","source":"frontend","module":"webrtc/sframe-transform","message":"encrypted frame","context":{"kid":9,"ctr":7,"byteLength":62,"codecOffset":10}}

{"level":30,"time":1782111161174,"pid":31608,"hostname":"Quang","name":"canary/verifier","canaryKid":9,"mediaPackets":7,"byteIdentical":7,"divergences":1,"msg":"canary forwarding verified"}
[90mstdout[2m | apps/relay/src/__tests__/integration/mesh-placement-demo.integration.test.ts[2m > [22m[2mREQ-RMS-014 — legs e+f: +1 Byzantine relay slash-trigger SET + detect-latency bound[2m > [22m[2mthe +1 Byzantine relay (overclaim->under-serve) crosses the cumulative bound and the slash-trigger is SET (asserted, not live)
[22m[39m{"timestamp":"2026-06-22T06:52:41.177Z","level":"INFO","source":"frontend","module":"webrtc/sframe-transform","message":"encrypted frame","context":{"kid":9,"ctr":0,"byteLength":62,"codecOffset":10}}

[90mstdout[2m | apps/relay/src/__tests__/integration/mesh-placement-demo.integration.test.ts[2m > [22m[2mREQ-RMS-014 — legs e+f: +1 Byzantine relay slash-trigger SET + detect-latency bound[2m > [22m[2mthe +1 Byzantine relay (overclaim->under-serve) crosses the cumulative bound and the slash-trigger is SET (asserted, not live)
[22m[39m{"timestamp":"2026-06-22T06:52:41.178Z","level":"INFO","source":"frontend","module":"webrtc/sframe-transform","message":"encrypted frame","context":{"kid":9,"ctr":1,"byteLength":62,"codecOffset":10}}

[90mstdout[2m | apps/relay/src/__tests__/integration/mesh-placement-demo.integration.test.ts[2m > [22m[2mREQ-RMS-014 — legs e+f: +1 Byzantine relay slash-trigger SET + detect-latency bound[2m > [22m[2mthe +1 Byzantine relay (overclaim->under-serve) crosses the cumulative bound and the slash-trigger is SET (asserted, not live)
[22m[39m{"timestamp":"2026-06-22T06:52:41.179Z","level":"INFO","source":"frontend","module":"webrtc/sframe-transform","message":"encrypted frame","context":{"kid":9,"ctr":2,"byteLength":62,"codecOffset":10}}

[90mstdout[2m | apps/relay/src/__tests__/integration/mesh-placement-demo.integration.test.ts[2m > [22m[2mREQ-RMS-014 — legs e+f: +1 Byzantine relay slash-trigger SET + detect-latency bound[2m > [22m[2mthe +1 Byzantine relay (overclaim->under-serve) crosses the cumulative bound and the slash-trigger is SET (asserted, not live)
[22m[39m{"timestamp":"2026-06-22T06:52:41.180Z","level":"INFO","source":"frontend","module":"webrtc/sframe-transform","message":"encrypted frame","context":{"kid":9,"ctr":3,"byteLength":62,"codecOffset":10}}

[90mstdout[2m | apps/relay/src/__tests__/integration/mesh-placement-demo.integration.test.ts[2m > [22m[2mREQ-RMS-014 — legs e+f: +1 Byzantine relay slash-trigger SET + detect-latency bound[2m > [22m[2mthe +1 Byzantine relay (overclaim->under-serve) crosses the cumulative bound and the slash-trigger is SET (asserted, not live)
[22m[39m{"timestamp":"2026-06-22T06:52:41.182Z","level":"INFO","source":"frontend","module":"webrtc/sframe-transform","message":"encrypted frame","context":{"kid":9,"ctr":4,"byteLength":62,"codecOffset":10}}

[90mstdout[2m | apps/relay/src/__tests__/integration/mesh-placement-demo.integration.test.ts[2m > [22m[2mREQ-RMS-014 — legs e+f: +1 Byzantine relay slash-trigger SET + detect-latency bound[2m > [22m[2mthe +1 Byzantine relay (overclaim->under-serve) crosses the cumulative bound and the slash-trigger is SET (asserted, not live)
[22m[39m{"timestamp":"2026-06-22T06:52:41.183Z","level":"INFO","source":"frontend","module":"webrtc/sframe-transform","message":"encrypted frame","context":{"kid":9,"ctr":5,"byteLength":62,"codecOffset":10}}

[90mstdout[2m | apps/relay/src/__tests__/integration/mesh-placement-demo.integration.test.ts[2m > [22m[2mREQ-RMS-014 — legs e+f: +1 Byzantine relay slash-trigger SET + detect-latency bound[2m > [22m[2mthe +1 Byzantine relay (overclaim->under-serve) crosses the cumulative bound and the slash-trigger is SET (asserted, not live)
[22m[39m{"timestamp":"2026-06-22T06:52:41.184Z","level":"INFO","source":"frontend","module":"webrtc/sframe-transform","message":"encrypted frame","context":{"kid":9,"ctr":6,"byteLength":62,"codecOffset":10}}

[90mstdout[2m | apps/relay/src/__tests__/integration/mesh-placement-demo.integration.test.ts[2m > [22m[2mREQ-RMS-014 — legs e+f: +1 Byzantine relay slash-trigger SET + detect-latency bound[2m > [22m[2mthe +1 Byzantine relay (overclaim->under-serve) crosses the cumulative bound and the slash-trigger is SET (asserted, not live)
[22m[39m{"timestamp":"2026-06-22T06:52:41.185Z","level":"INFO","source":"frontend","module":"webrtc/sframe-transform","message":"encrypted frame","context":{"kid":9,"ctr":7,"byteLength":62,"codecOffset":10}}

{"level":30,"time":1782111161186,"pid":31608,"hostname":"Quang","name":"canary/verifier","canaryKid":9,"mediaPackets":7,"byteIdentical":7,"divergences":1,"msg":"canary forwarding verified"}
{"level":30,"time":1782111161187,"pid":31608,"hostname":"Quang","name":"canary/loss-classifier","relayMinerId":"relay-byz-demo","promoted":0,"absorbed":1,"tampers":0,"cumulativeCrossed":false,"msg":"canary divergences classified (drop gate / tamper p=1)"}
{"level":30,"time":1782111161187,"pid":31608,"hostname":"Quang","name":"canary/verify-loop","round":0,"relayMinerId":"relay-byz-demo","roomId":"demo-byz-room","perReceiver":2,"promoted":0,"absorbed":1,"stunLossBps":"0","msg":"canary verify round classified (hermetic half — synthetic capture, STUN read live)"}
[90mstdout[2m | apps/relay/src/__tests__/integration/mesh-placement-demo.integration.test.ts[2m > [22m[2mREQ-RMS-014 — legs e+f: +1 Byzantine relay slash-trigger SET + detect-latency bound[2m > [22m[2mthe +1 Byzantine relay (overclaim->under-serve) crosses the cumulative bound and the slash-trigger is SET (asserted, not live)
[22m[39m{"timestamp":"2026-06-22T06:52:41.189Z","level":"INFO","source":"frontend","module":"webrtc/sframe-transform","message":"encrypted frame","context":{"kid":9,"ctr":0,"byteLength":62,"codecOffset":10}}

[90mstdout[2m | apps/relay/src/__tests__/integration/mesh-placement-demo.integration.test.ts[2m > [22m[2mREQ-RMS-014 — legs e+f: +1 Byzantine relay slash-trigger SET + detect-latency bound[2m > [22m[2mthe +1 Byzantine relay (overclaim->under-serve) crosses the cumulative bound and the slash-trigger is SET (asserted, not live)
[22m[39m{"timestamp":"2026-06-22T06:52:41.190Z","level":"INFO","source":"frontend","module":"webrtc/sframe-transform","message":"encrypted frame","context":{"kid":9,"ctr":1,"byteLength":62,"codecOffset":10}}

[90mstdout[2m | apps/relay/src/__tests__/integration/mesh-placement-demo.integration.test.ts[2m > [22m[2mREQ-RMS-014 — legs e+f: +1 Byzantine relay slash-trigger SET + detect-latency bound[2m > [22m[2mthe +1 Byzantine relay (overclaim->under-serve) crosses the cumulative bound and the slash-trigger is SET (asserted, not live)
[22m[39m{"timestamp":"2026-06-22T06:52:41.192Z","level":"INFO","source":"frontend","module":"webrtc/sframe-transform","message":"encrypted frame","context":{"kid":9,"ctr":2,"byteLength":62,"codecOffset":10}}

[90mstdout[2m | apps/relay/src/__tests__/integration/mesh-placement-demo.integration.test.ts[2m > [22m[2mREQ-RMS-014 — legs e+f: +1 Byzantine relay slash-trigger SET + detect-latency bound[2m > [22m[2mthe +1 Byzantine relay (overclaim->under-serve) crosses the cumulative bound and the slash-trigger is SET (asserted, not live)
[22m[39m{"timestamp":"2026-06-22T06:52:41.193Z","level":"INFO","source":"frontend","module":"webrtc/sframe-transform","message":"encrypted frame","context":{"kid":9,"ctr":3,"byteLength":62,"codecOffset":10}}

[90mstdout[2m | apps/relay/src/__tests__/integration/mesh-placement-demo.integration.test.ts[2m > [22m[2mREQ-RMS-014 — legs e+f: +1 Byzantine relay slash-trigger SET + detect-latency bound[2m > [22m[2mthe +1 Byzantine relay (overclaim->under-serve) crosses the cumulative bound and the slash-trigger is SET (asserted, not live)
[22m[39m{"timestamp":"2026-06-22T06:52:41.194Z","level":"INFO","source":"frontend","module":"webrtc/sframe-transform","message":"encrypted frame","context":{"kid":9,"ctr":4,"byteLength":62,"codecOffset":10}}

[90mstdout[2m | apps/relay/src/__tests__/integration/mesh-placement-demo.integration.test.ts[2m > [22m[2mREQ-RMS-014 — legs e+f: +1 Byzantine relay slash-trigger SET + detect-latency bound[2m > [22m[2mthe +1 Byzantine relay (overclaim->under-serve) crosses the cumulative bound and the slash-trigger is SET (asserted, not live)
[22m[39m{"timestamp":"2026-06-22T06:52:41.195Z","level":"INFO","source":"frontend","module":"webrtc/sframe-transform","message":"encrypted frame","context":{"kid":9,"ctr":6,"byteLength":62,"codecOffset":10}}

[90mstdout[2m | apps/relay/src/__tests__/integration/mesh-placement-demo.integration.test.ts[2m > [22m[2mREQ-RMS-014 — legs e+f: +1 Byzantine relay slash-trigger SET + detect-latency bound[2m > [22m[2mthe +1 Byzantine relay (overclaim->under-serve) crosses the cumulative bound and the slash-trigger is SET (asserted, not live)
[22m[39m{"timestamp":"2026-06-22T06:52:41.196Z","level":"INFO","source":"frontend","module":"webrtc/sframe-transform","message":"encrypted frame","context":{"kid":9,"ctr":7,"byteLength":62,"codecOffset":10}}

[90mstdout[2m | apps/relay/src/__tests__/integration/mesh-placement-demo.integration.test.ts[2m > [22m[2mREQ-RMS-014 — legs e+f: +1 Byzantine relay slash-trigger SET + detect-latency bound[2m > [22m[2mthe +1 Byzantine relay (overclaim->under-serve) crosses the cumulative bound and the slash-trigger is SET (asserted, not live)
[22m[39m{"timestamp":"2026-06-22T06:52:41.198Z","level":"INFO","source":"frontend","module":"webrtc/sframe-transform","message":"encrypted frame","context":{"kid":9,"ctr":0,"byteLength":62,"codecOffset":10}}

[90mstdout[2m | apps/relay/src/__tests__/integration/mesh-placement-demo.integration.test.ts[2m > [22m[2mREQ-RMS-014 — legs e+f: +1 Byzantine relay slash-trigger SET + detect-latency bound[2m > [22m[2mthe +1 Byzantine relay (overclaim->under-serve) crosses the cumulative bound and the slash-trigger is SET (asserted, not live)
[22m[39m{"timestamp":"2026-06-22T06:52:41.199Z","level":"INFO","source":"frontend","module":"webrtc/sframe-transform","message":"encrypted frame","context":{"kid":9,"ctr":1,"byteLength":62,"codecOffset":10}}

[90mstdout[2m | apps/relay/src/__tests__/integration/mesh-placement-demo.integration.test.ts[2m > [22m[2mREQ-RMS-014 — legs e+f: +1 Byzantine relay slash-trigger SET + detect-latency bound[2m > [22m[2mthe +1 Byzantine relay (overclaim->under-serve) crosses the cumulative bound and the slash-trigger is SET (asserted, not live)
[22m[39m{"timestamp":"2026-06-22T06:52:41.200Z","level":"INFO","source":"frontend","module":"webrtc/sframe-transform","message":"encrypted frame","context":{"kid":9,"ctr":2,"byteLength":62,"codecOffset":10}}

[90mstdout[2m | apps/relay/src/__tests__/integration/mesh-placement-demo.integration.test.ts[2m > [22m[2mREQ-RMS-014 — legs e+f: +1 Byzantine relay slash-trigger SET + detect-latency bound[2m > [22m[2mthe +1 Byzantine relay (overclaim->under-serve) crosses the cumulative bound and the slash-trigger is SET (asserted, not live)
[22m[39m{"timestamp":"2026-06-22T06:52:41.201Z","level":"INFO","source":"frontend","module":"webrtc/sframe-transform","message":"encrypted frame","context":{"kid":9,"ctr":3,"byteLength":62,"codecOffset":10}}

[90mstdout[2m | apps/relay/src/__tests__/integration/mesh-placement-demo.integration.test.ts[2m > [22m[2mREQ-RMS-014 — legs e+f: +1 Byzantine relay slash-trigger SET + detect-latency bound[2m > [22m[2mthe +1 Byzantine relay (overclaim->under-serve) crosses the cumulative bound and the slash-trigger is SET (asserted, not live)
[22m[39m{"timestamp":"2026-06-22T06:52:41.202Z","level":"INFO","source":"frontend","module":"webrtc/sframe-transform","message":"encrypted frame","context":{"kid":9,"ctr":4,"byteLength":62,"codecOffset":10}}

[90mstdout[2m | apps/relay/src/__tests__/integration/mesh-placement-demo.integration.test.ts[2m > [22m[2mREQ-RMS-014 — legs e+f: +1 Byzantine relay slash-trigger SET + detect-latency bound[2m > [22m[2mthe +1 Byzantine relay (overclaim->under-serve) crosses the cumulative bound and the slash-trigger is SET (asserted, not live)
[22m[39m{"timestamp":"2026-06-22T06:52:41.203Z","level":"INFO","source":"frontend","module":"webrtc/sframe-transform","message":"encrypted frame","context":{"kid":9,"ctr":5,"byteLength":62,"codecOffset":10}}

[90mstdout[2m | apps/relay/src/__tests__/integration/mesh-placement-demo.integration.test.ts[2m > [22m[2mREQ-RMS-014 — legs e+f: +1 Byzantine relay slash-trigger SET + detect-latency bound[2m > [22m[2mthe +1 Byzantine relay (overclaim->under-serve) crosses the cumulative bound and the slash-trigger is SET (asserted, not live)
[22m[39m{"timestamp":"2026-06-22T06:52:41.204Z","level":"INFO","source":"frontend","module":"webrtc/sframe-transform","message":"encrypted frame","context":{"kid":9,"ctr":6,"byteLength":62,"codecOffset":10}}

[90mstdout[2m | apps/relay/src/__tests__/integration/mesh-placement-demo.integration.test.ts[2m > [22m[2mREQ-RMS-014 — legs e+f: +1 Byzantine relay slash-trigger SET + detect-latency bound[2m > [22m[2mthe +1 Byzantine relay (overclaim->under-serve) crosses the cumulative bound and the slash-trigger is SET (asserted, not live)
[22m[39m{"timestamp":"2026-06-22T06:52:41.206Z","level":"INFO","source":"frontend","module":"webrtc/sframe-transform","message":"encrypted frame","context":{"kid":9,"ctr":7,"byteLength":62,"codecOffset":10}}

{"level":30,"time":1782111161207,"pid":31608,"hostname":"Quang","name":"canary/verifier","canaryKid":9,"mediaPackets":7,"byteIdentical":7,"divergences":1,"msg":"canary forwarding verified"}
[90mstdout[2m | apps/relay/src/__tests__/integration/mesh-placement-demo.integration.test.ts[2m > [22m[2mREQ-RMS-014 — legs e+f: +1 Byzantine relay slash-trigger SET + detect-latency bound[2m > [22m[2mthe +1 Byzantine relay (overclaim->under-serve) crosses the cumulative bound and the slash-trigger is SET (asserted, not live)
[22m[39m{"timestamp":"2026-06-22T06:52:41.209Z","level":"INFO","source":"frontend","module":"webrtc/sframe-transform","message":"encrypted frame","context":{"kid":9,"ctr":0,"byteLength":62,"codecOffset":10}}

[90mstdout[2m | apps/relay/src/__tests__/integration/mesh-placement-demo.integration.test.ts[2m > [22m[2mREQ-RMS-014 — legs e+f: +1 Byzantine relay slash-trigger SET + detect-latency bound[2m > [22m[2mthe +1 Byzantine relay (overclaim->under-serve) crosses the cumulative bound and the slash-trigger is SET (asserted, not live)
[22m[39m{"timestamp":"2026-06-22T06:52:41.210Z","level":"INFO","source":"frontend","module":"webrtc/sframe-transform","message":"encrypted frame","context":{"kid":9,"ctr":1,"byteLength":62,"codecOffset":10}}

[90mstdout[2m | apps/relay/src/__tests__/integration/mesh-placement-demo.integration.test.ts[2m > [22m[2mREQ-RMS-014 — legs e+f: +1 Byzantine relay slash-trigger SET + detect-latency bound[2m > [22m[2mthe +1 Byzantine relay (overclaim->under-serve) crosses the cumulative bound and the slash-trigger is SET (asserted, not live)
[22m[39m{"timestamp":"2026-06-22T06:52:41.211Z","level":"INFO","source":"frontend","module":"webrtc/sframe-transform","message":"encrypted frame","context":{"kid":9,"ctr":2,"byteLength":62,"codecOffset":10}}

[90mstdout[2m | apps/relay/src/__tests__/integration/mesh-placement-demo.integration.test.ts[2m > [22m[2mREQ-RMS-014 — legs e+f: +1 Byzantine relay slash-trigger SET + detect-latency bound[2m > [22m[2mthe +1 Byzantine relay (overclaim->under-serve) crosses the cumulative bound and the slash-trigger is SET (asserted, not live)
[22m[39m{"timestamp":"2026-06-22T06:52:41.213Z","level":"INFO","source":"frontend","module":"webrtc/sframe-transform","message":"encrypted frame","context":{"kid":9,"ctr":3,"byteLength":62,"codecOffset":10}}

[90mstdout[2m | apps/relay/src/__tests__/integration/mesh-placement-demo.integration.test.ts[2m > [22m[2mREQ-RMS-014 — legs e+f: +1 Byzantine relay slash-trigger SET + detect-latency bound[2m > [22m[2mthe +1 Byzantine relay (overclaim->under-serve) crosses the cumulative bound and the slash-trigger is SET (asserted, not live)
[22m[39m{"timestamp":"2026-06-22T06:52:41.214Z","level":"INFO","source":"frontend","module":"webrtc/sframe-transform","message":"encrypted frame","context":{"kid":9,"ctr":4,"byteLength":62,"codecOffset":10}}

[90mstdout[2m | apps/relay/src/__tests__/integration/mesh-placement-demo.integration.test.ts[2m > [22m[2mREQ-RMS-014 — legs e+f: +1 Byzantine relay slash-trigger SET + detect-latency bound[2m > [22m[2mthe +1 Byzantine relay (overclaim->under-serve) crosses the cumulative bound and the slash-trigger is SET (asserted, not live)
[22m[39m{"timestamp":"2026-06-22T06:52:41.215Z","level":"INFO","source":"frontend","module":"webrtc/sframe-transform","message":"encrypted frame","context":{"kid":9,"ctr":5,"byteLength":62,"codecOffset":10}}

[90mstdout[2m | apps/relay/src/__tests__/integration/mesh-placement-demo.integration.test.ts[2m > [22m[2mREQ-RMS-014 — legs e+f: +1 Byzantine relay slash-trigger SET + detect-latency bound[2m > [22m[2mthe +1 Byzantine relay (overclaim->under-serve) crosses the cumulative bound and the slash-trigger is SET (asserted, not live)
[22m[39m{"timestamp":"2026-06-22T06:52:41.216Z","level":"INFO","source":"frontend","module":"webrtc/sframe-transform","message":"encrypted frame","context":{"kid":9,"ctr":6,"byteLength":62,"codecOffset":10}}

[90mstdout[2m | apps/relay/src/__tests__/integration/mesh-placement-demo.integration.test.ts[2m > [22m[2mREQ-RMS-014 — legs e+f: +1 Byzantine relay slash-trigger SET + detect-latency bound[2m > [22m[2mthe +1 Byzantine relay (overclaim->under-serve) crosses the cumulative bound and the slash-trigger is SET (asserted, not live)
[22m[39m{"timestamp":"2026-06-22T06:52:41.217Z","level":"INFO","source":"frontend","module":"webrtc/sframe-transform","message":"encrypted frame","context":{"kid":9,"ctr":7,"byteLength":62,"codecOffset":10}}

{"level":30,"time":1782111161218,"pid":31608,"hostname":"Quang","name":"canary/verifier","canaryKid":9,"mediaPackets":7,"byteIdentical":7,"divergences":1,"msg":"canary forwarding verified"}
{"level":30,"time":1782111161219,"pid":31608,"hostname":"Quang","name":"canary/loss-classifier","relayMinerId":"relay-byz-demo","promoted":0,"absorbed":1,"tampers":0,"cumulativeCrossed":false,"msg":"canary divergences classified (drop gate / tamper p=1)"}
{"level":30,"time":1782111161219,"pid":31608,"hostname":"Quang","name":"canary/verify-loop","round":0,"relayMinerId":"relay-byz-demo","roomId":"demo-byz-room","perReceiver":2,"promoted":0,"absorbed":1,"stunLossBps":"0","msg":"canary verify round classified (hermetic half — synthetic capture, STUN read live)"}
[90mstdout[2m | apps/relay/src/__tests__/integration/mesh-placement-demo.integration.test.ts[2m > [22m[2mREQ-RMS-014 — legs e+f: +1 Byzantine relay slash-trigger SET + detect-latency bound[2m > [22m[2mthe +1 Byzantine relay (overclaim->under-serve) crosses the cumulative bound and the slash-trigger is SET (asserted, not live)
[22m[39m{"timestamp":"2026-06-22T06:52:41.220Z","level":"INFO","source":"frontend","module":"webrtc/sframe-transform","message":"encrypted frame","context":{"kid":9,"ctr":0,"byteLength":62,"codecOffset":10}}

[90mstdout[2m | apps/relay/src/__tests__/integration/mesh-placement-demo.integration.test.ts[2m > [22m[2mREQ-RMS-014 — legs e+f: +1 Byzantine relay slash-trigger SET + detect-latency bound[2m > [22m[2mthe +1 Byzantine relay (overclaim->under-serve) crosses the cumulative bound and the slash-trigger is SET (asserted, not live)
[22m[39m{"timestamp":"2026-06-22T06:52:41.222Z","level":"INFO","source":"frontend","module":"webrtc/sframe-transform","message":"encrypted frame","context":{"kid":9,"ctr":1,"byteLength":62,"codecOffset":10}}

[90mstdout[2m | apps/relay/src/__tests__/integration/mesh-placement-demo.integration.test.ts[2m > [22m[2mREQ-RMS-014 — legs e+f: +1 Byzantine relay slash-trigger SET + detect-latency bound[2m > [22m[2mthe +1 Byzantine relay (overclaim->under-serve) crosses the cumulative bound and the slash-trigger is SET (asserted, not live)
[22m[39m{"timestamp":"2026-06-22T06:52:41.224Z","level":"INFO","source":"frontend","module":"webrtc/sframe-transform","message":"encrypted frame","context":{"kid":9,"ctr":2,"byteLength":62,"codecOffset":10}}

[90mstdout[2m | apps/relay/src/__tests__/integration/mesh-placement-demo.integration.test.ts[2m > [22m[2mREQ-RMS-014 — legs e+f: +1 Byzantine relay slash-trigger SET + detect-latency bound[2m > [22m[2mthe +1 Byzantine relay (overclaim->under-serve) crosses the cumulative bound and the slash-trigger is SET (asserted, not live)
[22m[39m{"timestamp":"2026-06-22T06:52:41.225Z","level":"INFO","source":"frontend","module":"webrtc/sframe-transform","message":"encrypted frame","context":{"kid":9,"ctr":3,"byteLength":62,"codecOffset":10}}

[90mstdout[2m | apps/relay/src/__tests__/integration/mesh-placement-demo.integration.test.ts[2m > [22m[2mREQ-RMS-014 — legs e+f: +1 Byzantine relay slash-trigger SET + detect-latency bound[2m > [22m[2mthe +1 Byzantine relay (overclaim->under-serve) crosses the cumulative bound and the slash-trigger is SET (asserted, not live)
[22m[39m{"timestamp":"2026-06-22T06:52:41.227Z","level":"INFO","source":"frontend","module":"webrtc/sframe-transform","message":"encrypted frame","context":{"kid":9,"ctr":4,"byteLength":62,"codecOffset":10}}

[90mstdout[2m | apps/relay/src/__tests__/integration/mesh-placement-demo.integration.test.ts[2m > [22m[2mREQ-RMS-014 — legs e+f: +1 Byzantine relay slash-trigger SET + detect-latency bound[2m > [22m[2mthe +1 Byzantine relay (overclaim->under-serve) crosses the cumulative bound and the slash-trigger is SET (asserted, not live)
[22m[39m{"timestamp":"2026-06-22T06:52:41.229Z","level":"INFO","source":"frontend","module":"webrtc/sframe-transform","message":"encrypted frame","context":{"kid":9,"ctr":6,"byteLength":62,"codecOffset":10}}

[90mstdout[2m | apps/relay/src/__tests__/integration/mesh-placement-demo.integration.test.ts[2m > [22m[2mREQ-RMS-014 — legs e+f: +1 Byzantine relay slash-trigger SET + detect-latency bound[2m > [22m[2mthe +1 Byzantine relay (overclaim->under-serve) crosses the cumulative bound and the slash-trigger is SET (asserted, not live)
[22m[39m{"timestamp":"2026-06-22T06:52:41.231Z","level":"INFO","source":"frontend","module":"webrtc/sframe-transform","message":"encrypted frame","context":{"kid":9,"ctr":7,"byteLength":62,"codecOffset":10}}

[90mstdout[2m | apps/relay/src/__tests__/integration/mesh-placement-demo.integration.test.ts[2m > [22m[2mREQ-RMS-014 — legs e+f: +1 Byzantine relay slash-trigger SET + detect-latency bound[2m > [22m[2mthe +1 Byzantine relay (overclaim->under-serve) crosses the cumulative bound and the slash-trigger is SET (asserted, not live)
[22m[39m{"timestamp":"2026-06-22T06:52:41.232Z","level":"INFO","source":"frontend","module":"webrtc/sframe-transform","message":"encrypted frame","context":{"kid":9,"ctr":0,"byteLength":62,"codecOffset":10}}

[90mstdout[2m | apps/relay/src/__tests__/integration/mesh-placement-demo.integration.test.ts[2m > [22m[2mREQ-RMS-014 — legs e+f: +1 Byzantine relay slash-trigger SET + detect-latency bound[2m > [22m[2mthe +1 Byzantine relay (overclaim->under-serve) crosses the cumulative bound and the slash-trigger is SET (asserted, not live)
[22m[39m{"timestamp":"2026-06-22T06:52:41.233Z","level":"INFO","source":"frontend","module":"webrtc/sframe-transform","message":"encrypted frame","context":{"kid":9,"ctr":1,"byteLength":62,"codecOffset":10}}

[90mstdout[2m | apps/relay/src/__tests__/integration/mesh-placement-demo.integration.test.ts[2m > [22m[2mREQ-RMS-014 — legs e+f: +1 Byzantine relay slash-trigger SET + detect-latency bound[2m > [22m[2mthe +1 Byzantine relay (overclaim->under-serve) crosses the cumulative bound and the slash-trigger is SET (asserted, not live)
[22m[39m{"timestamp":"2026-06-22T06:52:41.234Z","level":"INFO","source":"frontend","module":"webrtc/sframe-transform","message":"encrypted frame","context":{"kid":9,"ctr":2,"byteLength":62,"codecOffset":10}}

[90mstdout[2m | apps/relay/src/__tests__/integration/mesh-placement-demo.integration.test.ts[2m > [22m[2mREQ-RMS-014 — legs e+f: +1 Byzantine relay slash-trigger SET + detect-latency bound[2m > [22m[2mthe +1 Byzantine relay (overclaim->under-serve) crosses the cumulative bound and the slash-trigger is SET (asserted, not live)
[22m[39m{"timestamp":"2026-06-22T06:52:41.235Z","level":"INFO","source":"frontend","module":"webrtc/sframe-transform","message":"encrypted frame","context":{"kid":9,"ctr":3,"byteLength":62,"codecOffset":10}}

[90mstdout[2m | apps/relay/src/__tests__/integration/mesh-placement-demo.integration.test.ts[2m > [22m[2mREQ-RMS-014 — legs e+f: +1 Byzantine relay slash-trigger SET + detect-latency bound[2m > [22m[2mthe +1 Byzantine relay (overclaim->under-serve) crosses the cumulative bound and the slash-trigger is SET (asserted, not live)
[22m[39m{"timestamp":"2026-06-22T06:52:41.237Z","level":"INFO","source":"frontend","module":"webrtc/sframe-transform","message":"encrypted frame","context":{"kid":9,"ctr":4,"byteLength":62,"codecOffset":10}}

[90mstdout[2m | apps/relay/src/__tests__/integration/mesh-placement-demo.integration.test.ts[2m > [22m[2mREQ-RMS-014 — legs e+f: +1 Byzantine relay slash-trigger SET + detect-latency bound[2m > [22m[2mthe +1 Byzantine relay (overclaim->under-serve) crosses the cumulative bound and the slash-trigger is SET (asserted, not live)
[22m[39m{"timestamp":"2026-06-22T06:52:41.240Z","level":"INFO","source":"frontend","module":"webrtc/sframe-transform","message":"encrypted frame","context":{"kid":9,"ctr":5,"byteLength":62,"codecOffset":10}}

[90mstdout[2m | apps/relay/src/__tests__/integration/mesh-placement-demo.integration.test.ts[2m > [22m[2mREQ-RMS-014 — legs e+f: +1 Byzantine relay slash-trigger SET + detect-latency bound[2m > [22m[2mthe +1 Byzantine relay (overclaim->under-serve) crosses the cumulative bound and the slash-trigger is SET (asserted, not live)
[22m[39m{"timestamp":"2026-06-22T06:52:41.242Z","level":"INFO","source":"frontend","module":"webrtc/sframe-transform","message":"encrypted frame","context":{"kid":9,"ctr":6,"byteLength":62,"codecOffset":10}}

[90mstdout[2m | apps/relay/src/__tests__/integration/mesh-placement-demo.integration.test.ts[2m > [22m[2mREQ-RMS-014 — legs e+f: +1 Byzantine relay slash-trigger SET + detect-latency bound[2m > [22m[2mthe +1 Byzantine relay (overclaim->under-serve) crosses the cumulative bound and the slash-trigger is SET (asserted, not live)
[22m[39m{"timestamp":"2026-06-22T06:52:41.243Z","level":"INFO","source":"frontend","module":"webrtc/sframe-transform","message":"encrypted frame","context":{"kid":9,"ctr":7,"byteLength":62,"codecOffset":10}}

{"level":30,"time":1782111161244,"pid":31608,"hostname":"Quang","name":"canary/verifier","canaryKid":9,"mediaPackets":7,"byteIdentical":7,"divergences":1,"msg":"canary forwarding verified"}
[90mstdout[2m | apps/relay/src/__tests__/integration/mesh-placement-demo.integration.test.ts[2m > [22m[2mREQ-RMS-014 — legs e+f: +1 Byzantine relay slash-trigger SET + detect-latency bound[2m > [22m[2mthe +1 Byzantine relay (overclaim->under-serve) crosses the cumulative bound and the slash-trigger is SET (asserted, not live)
[22m[39m{"timestamp":"2026-06-22T06:52:41.246Z","level":"INFO","source":"frontend","module":"webrtc/sframe-transform","message":"encrypted frame","context":{"kid":9,"ctr":0,"byteLength":62,"codecOffset":10}}

[90mstdout[2m | apps/relay/src/__tests__/integration/mesh-placement-demo.integration.test.ts[2m > [22m[2mREQ-RMS-014 — legs e+f: +1 Byzantine relay slash-trigger SET + detect-latency bound[2m > [22m[2mthe +1 Byzantine relay (overclaim->under-serve) crosses the cumulative bound and the slash-trigger is SET (asserted, not live)
[22m[39m{"timestamp":"2026-06-22T06:52:41.247Z","level":"INFO","source":"frontend","module":"webrtc/sframe-transform","message":"encrypted frame","context":{"kid":9,"ctr":1,"byteLength":62,"codecOffset":10}}

[90mstdout[2m | apps/relay/src/__tests__/integration/mesh-placement-demo.integration.test.ts[2m > [22m[2mREQ-RMS-014 — legs e+f: +1 Byzantine relay slash-trigger SET + detect-latency bound[2m > [22m[2mthe +1 Byzantine relay (overclaim->under-serve) crosses the cumulative bound and the slash-trigger is SET (asserted, not live)
[22m[39m{"timestamp":"2026-06-22T06:52:41.249Z","level":"INFO","source":"frontend","module":"webrtc/sframe-transform","message":"encrypted frame","context":{"kid":9,"ctr":2,"byteLength":62,"codecOffset":10}}

[90mstdout[2m | apps/relay/src/__tests__/integration/mesh-placement-demo.integration.test.ts[2m > [22m[2mREQ-RMS-014 — legs e+f: +1 Byzantine relay slash-trigger SET + detect-latency bound[2m > [22m[2mthe +1 Byzantine relay (overclaim->under-serve) crosses the cumulative bound and the slash-trigger is SET (asserted, not live)
[22m[39m{"timestamp":"2026-06-22T06:52:41.250Z","level":"INFO","source":"frontend","module":"webrtc/sframe-transform","message":"encrypted frame","context":{"kid":9,"ctr":3,"byteLength":62,"codecOffset":10}}

[90mstdout[2m | apps/relay/src/__tests__/integration/mesh-placement-demo.integration.test.ts[2m > [22m[2mREQ-RMS-014 — legs e+f: +1 Byzantine relay slash-trigger SET + detect-latency bound[2m > [22m[2mthe +1 Byzantine relay (overclaim->under-serve) crosses the cumulative bound and the slash-trigger is SET (asserted, not live)
[22m[39m{"timestamp":"2026-06-22T06:52:41.251Z","level":"INFO","source":"frontend","module":"webrtc/sframe-transform","message":"encrypted frame","context":{"kid":9,"ctr":4,"byteLength":62,"codecOffset":10}}

[90mstdout[2m | apps/relay/src/__tests__/integration/mesh-placement-demo.integration.test.ts[2m > [22m[2mREQ-RMS-014 — legs e+f: +1 Byzantine relay slash-trigger SET + detect-latency bound[2m > [22m[2mthe +1 Byzantine relay (overclaim->under-serve) crosses the cumulative bound and the slash-trigger is SET (asserted, not live)
[22m[39m{"timestamp":"2026-06-22T06:52:41.253Z","level":"INFO","source":"frontend","module":"webrtc/sframe-transform","message":"encrypted frame","context":{"kid":9,"ctr":5,"byteLength":62,"codecOffset":10}}

[90mstdout[2m | apps/relay/src/__tests__/integration/mesh-placement-demo.integration.test.ts[2m > [22m[2mREQ-RMS-014 — legs e+f: +1 Byzantine relay slash-trigger SET + detect-latency bound[2m > [22m[2mthe +1 Byzantine relay (overclaim->under-serve) crosses the cumulative bound and the slash-trigger is SET (asserted, not live)
[22m[39m{"timestamp":"2026-06-22T06:52:41.254Z","level":"INFO","source":"frontend","module":"webrtc/sframe-transform","message":"encrypted frame","context":{"kid":9,"ctr":6,"byteLength":62,"codecOffset":10}}

[90mstdout[2m | apps/relay/src/__tests__/integration/mesh-placement-demo.integration.test.ts[2m > [22m[2mREQ-RMS-014 — legs e+f: +1 Byzantine relay slash-trigger SET + detect-latency bound[2m > [22m[2mthe +1 Byzantine relay (overclaim->under-serve) crosses the cumulative bound and the slash-trigger is SET (asserted, not live)
[22m[39m{"timestamp":"2026-06-22T06:52:41.256Z","level":"INFO","source":"frontend","module":"webrtc/sframe-transform","message":"encrypted frame","context":{"kid":9,"ctr":7,"byteLength":62,"codecOffset":10}}

{"level":30,"time":1782111161257,"pid":31608,"hostname":"Quang","name":"canary/verifier","canaryKid":9,"mediaPackets":7,"byteIdentical":7,"divergences":1,"msg":"canary forwarding verified"}
{"level":30,"time":1782111161257,"pid":31608,"hostname":"Quang","name":"canary/loss-classifier","relayMinerId":"relay-byz-demo","promoted":0,"absorbed":1,"tampers":0,"cumulativeCrossed":false,"msg":"canary divergences classified (drop gate / tamper p=1)"}
{"level":30,"time":1782111161257,"pid":31608,"hostname":"Quang","name":"canary/verify-loop","round":1,"relayMinerId":"relay-byz-demo","roomId":"demo-byz-room","perReceiver":2,"promoted":0,"absorbed":1,"stunLossBps":"0","msg":"canary verify round classified (hermetic half — synthetic capture, STUN read live)"}
[90mstdout[2m | apps/relay/src/__tests__/integration/mesh-placement-demo.integration.test.ts[2m > [22m[2mREQ-RMS-014 — legs e+f: +1 Byzantine relay slash-trigger SET + detect-latency bound[2m > [22m[2mthe +1 Byzantine relay (overclaim->under-serve) crosses the cumulative bound and the slash-trigger is SET (asserted, not live)
[22m[39m{"timestamp":"2026-06-22T06:52:41.259Z","level":"INFO","source":"frontend","module":"webrtc/sframe-transform","message":"encrypted frame","context":{"kid":9,"ctr":0,"byteLength":62,"codecOffset":10}}

[90mstdout[2m | apps/relay/src/__tests__/integration/mesh-placement-demo.integration.test.ts[2m > [22m[2mREQ-RMS-014 — legs e+f: +1 Byzantine relay slash-trigger SET + detect-latency bound[2m > [22m[2mthe +1 Byzantine relay (overclaim->under-serve) crosses the cumulative bound and the slash-trigger is SET (asserted, not live)
[22m[39m{"timestamp":"2026-06-22T06:52:41.261Z","level":"INFO","source":"frontend","module":"webrtc/sframe-transform","message":"encrypted frame","context":{"kid":9,"ctr":1,"byteLength":62,"codecOffset":10}}

[90mstdout[2m | apps/relay/src/__tests__/integration/mesh-placement-demo.integration.test.ts[2m > [22m[2mREQ-RMS-014 — legs e+f: +1 Byzantine relay slash-trigger SET + detect-latency bound[2m > [22m[2mthe +1 Byzantine relay (overclaim->under-serve) crosses the cumulative bound and the slash-trigger is SET (asserted, not live)
[22m[39m{"timestamp":"2026-06-22T06:52:41.262Z","level":"INFO","source":"frontend","module":"webrtc/sframe-transform","message":"encrypted frame","context":{"kid":9,"ctr":2,"byteLength":62,"codecOffset":10}}

[90mstdout[2m | apps/relay/src/__tests__/integration/mesh-placement-demo.integration.test.ts[2m > [22m[2mREQ-RMS-014 — legs e+f: +1 Byzantine relay slash-trigger SET + detect-latency bound[2m > [22m[2mthe +1 Byzantine relay (overclaim->under-serve) crosses the cumulative bound and the slash-trigger is SET (asserted, not live)
[22m[39m{"timestamp":"2026-06-22T06:52:41.264Z","level":"INFO","source":"frontend","module":"webrtc/sframe-transform","message":"encrypted frame","context":{"kid":9,"ctr":3,"byteLength":62,"codecOffset":10}}

[90mstdout[2m | apps/relay/src/__tests__/integration/mesh-placement-demo.integration.test.ts[2m > [22m[2mREQ-RMS-014 — legs e+f: +1 Byzantine relay slash-trigger SET + detect-latency bound[2m > [22m[2mthe +1 Byzantine relay (overclaim->under-serve) crosses the cumulative bound and the slash-trigger is SET (asserted, not live)
[22m[39m{"timestamp":"2026-06-22T06:52:41.265Z","level":"INFO","source":"frontend","module":"webrtc/sframe-transform","message":"encrypted frame","context":{"kid":9,"ctr":4,"byteLength":62,"codecOffset":10}}

[90mstdout[2m | apps/relay/src/__tests__/integration/mesh-placement-demo.integration.test.ts[2m > [22m[2mREQ-RMS-014 — legs e+f: +1 Byzantine relay slash-trigger SET + detect-latency bound[2m > [22m[2mthe +1 Byzantine relay (overclaim->under-serve) crosses the cumulative bound and the slash-trigger is SET (asserted, not live)
[22m[39m{"timestamp":"2026-06-22T06:52:41.267Z","level":"INFO","source":"frontend","module":"webrtc/sframe-transform","message":"encrypted frame","context":{"kid":9,"ctr":6,"byteLength":62,"codecOffset":10}}

[90mstdout[2m | apps/relay/src/__tests__/integration/mesh-placement-demo.integration.test.ts[2m > [22m[2mREQ-RMS-014 — legs e+f: +1 Byzantine relay slash-trigger SET + detect-latency bound[2m > [22m[2mthe +1 Byzantine relay (overclaim->under-serve) crosses the cumulative bound and the slash-trigger is SET (asserted, not live)
[22m[39m{"timestamp":"2026-06-22T06:52:41.268Z","level":"INFO","source":"frontend","module":"webrtc/sframe-transform","message":"encrypted frame","context":{"kid":9,"ctr":7,"byteLength":62,"codecOffset":10}}

[90mstdout[2m | apps/relay/src/__tests__/integration/mesh-placement-demo.integration.test.ts[2m > [22m[2mREQ-RMS-014 — legs e+f: +1 Byzantine relay slash-trigger SET + detect-latency bound[2m > [22m[2mthe +1 Byzantine relay (overclaim->under-serve) crosses the cumulative bound and the slash-trigger is SET (asserted, not live)
[22m[39m{"timestamp":"2026-06-22T06:52:41.270Z","level":"INFO","source":"frontend","module":"webrtc/sframe-transform","message":"encrypted frame","context":{"kid":9,"ctr":0,"byteLength":62,"codecOffset":10}}

[90mstdout[2m | apps/relay/src/__tests__/integration/mesh-placement-demo.integration.test.ts[2m > [22m[2mREQ-RMS-014 — legs e+f: +1 Byzantine relay slash-trigger SET + detect-latency bound[2m > [22m[2mthe +1 Byzantine relay (overclaim->under-serve) crosses the cumulative bound and the slash-trigger is SET (asserted, not live)
[22m[39m{"timestamp":"2026-06-22T06:52:41.271Z","level":"INFO","source":"frontend","module":"webrtc/sframe-transform","message":"encrypted frame","context":{"kid":9,"ctr":1,"byteLength":62,"codecOffset":10}}

[90mstdout[2m | apps/relay/src/__tests__/integration/mesh-placement-demo.integration.test.ts[2m > [22m[2mREQ-RMS-014 — legs e+f: +1 Byzantine relay slash-trigger SET + detect-latency bound[2m > [22m[2mthe +1 Byzantine relay (overclaim->under-serve) crosses the cumulative bound and the slash-trigger is SET (asserted, not live)
[22m[39m{"timestamp":"2026-06-22T06:52:41.272Z","level":"INFO","source":"frontend","module":"webrtc/sframe-transform","message":"encrypted frame","context":{"kid":9,"ctr":2,"byteLength":62,"codecOffset":10}}

[90mstdout[2m | apps/relay/src/__tests__/integration/mesh-placement-demo.integration.test.ts[2m > [22m[2mREQ-RMS-014 — legs e+f: +1 Byzantine relay slash-trigger SET + detect-latency bound[2m > [22m[2mthe +1 Byzantine relay (overclaim->under-serve) crosses the cumulative bound and the slash-trigger is SET (asserted, not live)
[22m[39m{"timestamp":"2026-06-22T06:52:41.273Z","level":"INFO","source":"frontend","module":"webrtc/sframe-transform","message":"encrypted frame","context":{"kid":9,"ctr":3,"byteLength":62,"codecOffset":10}}

[90mstdout[2m | apps/relay/src/__tests__/integration/mesh-placement-demo.integration.test.ts[2m > [22m[2mREQ-RMS-014 — legs e+f: +1 Byzantine relay slash-trigger SET + detect-latency bound[2m > [22m[2mthe +1 Byzantine relay (overclaim->under-serve) crosses the cumulative bound and the slash-trigger is SET (asserted, not live)
[22m[39m{"timestamp":"2026-06-22T06:52:41.274Z","level":"INFO","source":"frontend","module":"webrtc/sframe-transform","message":"encrypted frame","context":{"kid":9,"ctr":4,"byteLength":62,"codecOffset":10}}

[90mstdout[2m | apps/relay/src/__tests__/integration/mesh-placement-demo.integration.test.ts[2m > [22m[2mREQ-RMS-014 — legs e+f: +1 Byzantine relay slash-trigger SET + detect-latency bound[2m > [22m[2mthe +1 Byzantine relay (overclaim->under-serve) crosses the cumulative bound and the slash-trigger is SET (asserted, not live)
[22m[39m{"timestamp":"2026-06-22T06:52:41.275Z","level":"INFO","source":"frontend","module":"webrtc/sframe-transform","message":"encrypted frame","context":{"kid":9,"ctr":5,"byteLength":62,"codecOffset":10}}

[90mstdout[2m | apps/relay/src/__tests__/integration/mesh-placement-demo.integration.test.ts[2m > [22m[2mREQ-RMS-014 — legs e+f: +1 Byzantine relay slash-trigger SET + detect-latency bound[2m > [22m[2mthe +1 Byzantine relay (overclaim->under-serve) crosses the cumulative bound and the slash-trigger is SET (asserted, not live)
[22m[39m{"timestamp":"2026-06-22T06:52:41.276Z","level":"INFO","source":"frontend","module":"webrtc/sframe-transform","message":"encrypted frame","context":{"kid":9,"ctr":6,"byteLength":62,"codecOffset":10}}

[90mstdout[2m | apps/relay/src/__tests__/integration/mesh-placement-demo.integration.test.ts[2m > [22m[2mREQ-RMS-014 — legs e+f: +1 Byzantine relay slash-trigger SET + detect-latency bound[2m > [22m[2mthe +1 Byzantine relay (overclaim->under-serve) crosses the cumulative bound and the slash-trigger is SET (asserted, not live)
[22m[39m{"timestamp":"2026-06-22T06:52:41.277Z","level":"INFO","source":"frontend","module":"webrtc/sframe-transform","message":"encrypted frame","context":{"kid":9,"ctr":7,"byteLength":62,"codecOffset":10}}

{"level":30,"time":1782111161277,"pid":31608,"hostname":"Quang","name":"canary/verifier","canaryKid":9,"mediaPackets":7,"byteIdentical":7,"divergences":1,"msg":"canary forwarding verified"}
[90mstdout[2m | apps/relay/src/__tests__/integration/mesh-placement-demo.integration.test.ts[2m > [22m[2mREQ-RMS-014 — legs e+f: +1 Byzantine relay slash-trigger SET + detect-latency bound[2m > [22m[2mthe +1 Byzantine relay (overclaim->under-serve) crosses the cumulative bound and the slash-trigger is SET (asserted, not live)
[22m[39m{"timestamp":"2026-06-22T06:52:41.278Z","level":"INFO","source":"frontend","module":"webrtc/sframe-transform","message":"encrypted frame","context":{"kid":9,"ctr":0,"byteLength":62,"codecOffset":10}}

[90mstdout[2m | apps/relay/src/__tests__/integration/mesh-placement-demo.integration.test.ts[2m > [22m[2mREQ-RMS-014 — legs e+f: +1 Byzantine relay slash-trigger SET + detect-latency bound[2m > [22m[2mthe +1 Byzantine relay (overclaim->under-serve) crosses the cumulative bound and the slash-trigger is SET (asserted, not live)
[22m[39m{"timestamp":"2026-06-22T06:52:41.279Z","level":"INFO","source":"frontend","module":"webrtc/sframe-transform","message":"encrypted frame","context":{"kid":9,"ctr":1,"byteLength":62,"codecOffset":10}}

[90mstdout[2m | apps/relay/src/__tests__/integration/mesh-placement-demo.integration.test.ts[2m > [22m[2mREQ-RMS-014 — legs e+f: +1 Byzantine relay slash-trigger SET + detect-latency bound[2m > [22m[2mthe +1 Byzantine relay (overclaim->under-serve) crosses the cumulative bound and the slash-trigger is SET (asserted, not live)
[22m[39m{"timestamp":"2026-06-22T06:52:41.280Z","level":"INFO","source":"frontend","module":"webrtc/sframe-transform","message":"encrypted frame","context":{"kid":9,"ctr":2,"byteLength":62,"codecOffset":10}}

[90mstdout[2m | apps/relay/src/__tests__/integration/mesh-placement-demo.integration.test.ts[2m > [22m[2mREQ-RMS-014 — legs e+f: +1 Byzantine relay slash-trigger SET + detect-latency bound[2m > [22m[2mthe +1 Byzantine relay (overclaim->under-serve) crosses the cumulative bound and the slash-trigger is SET (asserted, not live)
[22m[39m{"timestamp":"2026-06-22T06:52:41.281Z","level":"INFO","source":"frontend","module":"webrtc/sframe-transform","message":"encrypted frame","context":{"kid":9,"ctr":3,"byteLength":62,"codecOffset":10}}

[90mstdout[2m | apps/relay/src/__tests__/integration/mesh-placement-demo.integration.test.ts[2m > [22m[2mREQ-RMS-014 — legs e+f: +1 Byzantine relay slash-trigger SET + detect-latency bound[2m > [22m[2mthe +1 Byzantine relay (overclaim->under-serve) crosses the cumulative bound and the slash-trigger is SET (asserted, not live)
[22m[39m{"timestamp":"2026-06-22T06:52:41.282Z","level":"INFO","source":"frontend","module":"webrtc/sframe-transform","message":"encrypted frame","context":{"kid":9,"ctr":4,"byteLength":62,"codecOffset":10}}

[90mstdout[2m | apps/relay/src/__tests__/integration/mesh-placement-demo.integration.test.ts[2m > [22m[2mREQ-RMS-014 — legs e+f: +1 Byzantine relay slash-trigger SET + detect-latency bound[2m > [22m[2mthe +1 Byzantine relay (overclaim->under-serve) crosses the cumulative bound and the slash-trigger is SET (asserted, not live)
[22m[39m{"timestamp":"2026-06-22T06:52:41.283Z","level":"INFO","source":"frontend","module":"webrtc/sframe-transform","message":"encrypted frame","context":{"kid":9,"ctr":5,"byteLength":62,"codecOffset":10}}

[90mstdout[2m | apps/relay/src/__tests__/integration/mesh-placement-demo.integration.test.ts[2m > [22m[2mREQ-RMS-014 — legs e+f: +1 Byzantine relay slash-trigger SET + detect-latency bound[2m > [22m[2mthe +1 Byzantine relay (overclaim->under-serve) crosses the cumulative bound and the slash-trigger is SET (asserted, not live)
[22m[39m{"timestamp":"2026-06-22T06:52:41.285Z","level":"INFO","source":"frontend","module":"webrtc/sframe-transform","message":"encrypted frame","context":{"kid":9,"ctr":6,"byteLength":62,"codecOffset":10}}

[90mstdout[2m | apps/relay/src/__tests__/integration/mesh-placement-demo.integration.test.ts[2m > [22m[2mREQ-RMS-014 — legs e+f: +1 Byzantine relay slash-trigger SET + detect-latency bound[2m > [22m[2mthe +1 Byzantine relay (overclaim->under-serve) crosses the cumulative bound and the slash-trigger is SET (asserted, not live)
[22m[39m{"timestamp":"2026-06-22T06:52:41.286Z","level":"INFO","source":"frontend","module":"webrtc/sframe-transform","message":"encrypted frame","context":{"kid":9,"ctr":7,"byteLength":62,"codecOffset":10}}

{"level":30,"time":1782111161286,"pid":31608,"hostname":"Quang","name":"canary/verifier","canaryKid":9,"mediaPackets":7,"byteIdentical":7,"divergences":1,"msg":"canary forwarding verified"}
{"level":30,"time":1782111161286,"pid":31608,"hostname":"Quang","name":"canary/loss-classifier","relayMinerId":"relay-byz-demo","promoted":0,"absorbed":1,"tampers":0,"cumulativeCrossed":false,"msg":"canary divergences classified (drop gate / tamper p=1)"}
{"level":30,"time":1782111161286,"pid":31608,"hostname":"Quang","name":"canary/verify-loop","round":1,"relayMinerId":"relay-byz-demo","roomId":"demo-byz-room","perReceiver":2,"promoted":0,"absorbed":1,"stunLossBps":"0","msg":"canary verify round classified (hermetic half — synthetic capture, STUN read live)"}
[90mstdout[2m | apps/relay/src/__tests__/integration/mesh-placement-demo.integration.test.ts[2m > [22m[2mREQ-RMS-014 — legs e+f: +1 Byzantine relay slash-trigger SET + detect-latency bound[2m > [22m[2mthe +1 Byzantine relay (overclaim->under-serve) crosses the cumulative bound and the slash-trigger is SET (asserted, not live)
[22m[39m{"timestamp":"2026-06-22T06:52:41.288Z","level":"INFO","source":"frontend","module":"webrtc/sframe-transform","message":"encrypted frame","context":{"kid":9,"ctr":0,"byteLength":62,"codecOffset":10}}

[90mstdout[2m | apps/relay/src/__tests__/integration/mesh-placement-demo.integration.test.ts[2m > [22m[2mREQ-RMS-014 — legs e+f: +1 Byzantine relay slash-trigger SET + detect-latency bound[2m > [22m[2mthe +1 Byzantine relay (overclaim->under-serve) crosses the cumulative bound and the slash-trigger is SET (asserted, not live)
[22m[39m{"timestamp":"2026-06-22T06:52:41.289Z","level":"INFO","source":"frontend","module":"webrtc/sframe-transform","message":"encrypted frame","context":{"kid":9,"ctr":1,"byteLength":62,"codecOffset":10}}

[90mstdout[2m | apps/relay/src/__tests__/integration/mesh-placement-demo.integration.test.ts[2m > [22m[2mREQ-RMS-014 — legs e+f: +1 Byzantine relay slash-trigger SET + detect-latency bound[2m > [22m[2mthe +1 Byzantine relay (overclaim->under-serve) crosses the cumulative bound and the slash-trigger is SET (asserted, not live)
[22m[39m{"timestamp":"2026-06-22T06:52:41.290Z","level":"INFO","source":"frontend","module":"webrtc/sframe-transform","message":"encrypted frame","context":{"kid":9,"ctr":2,"byteLength":62,"codecOffset":10}}

[90mstdout[2m | apps/relay/src/__tests__/integration/mesh-placement-demo.integration.test.ts[2m > [22m[2mREQ-RMS-014 — legs e+f: +1 Byzantine relay slash-trigger SET + detect-latency bound[2m > [22m[2mthe +1 Byzantine relay (overclaim->under-serve) crosses the cumulative bound and the slash-trigger is SET (asserted, not live)
[22m[39m{"timestamp":"2026-06-22T06:52:41.291Z","level":"INFO","source":"frontend","module":"webrtc/sframe-transform","message":"encrypted frame","context":{"kid":9,"ctr":3,"byteLength":62,"codecOffset":10}}

[90mstdout[2m | apps/relay/src/__tests__/integration/mesh-placement-demo.integration.test.ts[2m > [22m[2mREQ-RMS-014 — legs e+f: +1 Byzantine relay slash-trigger SET + detect-latency bound[2m > [22m[2mthe +1 Byzantine relay (overclaim->under-serve) crosses the cumulative bound and the slash-trigger is SET (asserted, not live)
[22m[39m{"timestamp":"2026-06-22T06:52:41.292Z","level":"INFO","source":"frontend","module":"webrtc/sframe-transform","message":"encrypted frame","context":{"kid":9,"ctr":4,"byteLength":62,"codecOffset":10}}

[90mstdout[2m | apps/relay/src/__tests__/integration/mesh-placement-demo.integration.test.ts[2m > [22m[2mREQ-RMS-014 — legs e+f: +1 Byzantine relay slash-trigger SET + detect-latency bound[2m > [22m[2mthe +1 Byzantine relay (overclaim->under-serve) crosses the cumulative bound and the slash-trigger is SET (asserted, not live)
[22m[39m{"timestamp":"2026-06-22T06:52:41.293Z","level":"INFO","source":"frontend","module":"webrtc/sframe-transform","message":"encrypted frame","context":{"kid":9,"ctr":6,"byteLength":62,"codecOffset":10}}

[90mstdout[2m | apps/relay/src/__tests__/integration/mesh-placement-demo.integration.test.ts[2m > [22m[2mREQ-RMS-014 — legs e+f: +1 Byzantine relay slash-trigger SET + detect-latency bound[2m > [22m[2mthe +1 Byzantine relay (overclaim->under-serve) crosses the cumulative bound and the slash-trigger is SET (asserted, not live)
[22m[39m{"timestamp":"2026-06-22T06:52:41.293Z","level":"INFO","source":"frontend","module":"webrtc/sframe-transform","message":"encrypted frame","context":{"kid":9,"ctr":7,"byteLength":62,"codecOffset":10}}

[90mstdout[2m | apps/relay/src/__tests__/integration/mesh-placement-demo.integration.test.ts[2m > [22m[2mREQ-RMS-014 — legs e+f: +1 Byzantine relay slash-trigger SET + detect-latency bound[2m > [22m[2mthe +1 Byzantine relay (overclaim->under-serve) crosses the cumulative bound and the slash-trigger is SET (asserted, not live)
[22m[39m{"timestamp":"2026-06-22T06:52:41.294Z","level":"INFO","source":"frontend","module":"webrtc/sframe-transform","message":"encrypted frame","context":{"kid":9,"ctr":0,"byteLength":62,"codecOffset":10}}

[90mstdout[2m | apps/relay/src/__tests__/integration/mesh-placement-demo.integration.test.ts[2m > [22m[2mREQ-RMS-014 — legs e+f: +1 Byzantine relay slash-trigger SET + detect-latency bound[2m > [22m[2mthe +1 Byzantine relay (overclaim->under-serve) crosses the cumulative bound and the slash-trigger is SET (asserted, not live)
[22m[39m{"timestamp":"2026-06-22T06:52:41.295Z","level":"INFO","source":"frontend","module":"webrtc/sframe-transform","message":"encrypted frame","context":{"kid":9,"ctr":1,"byteLength":62,"codecOffset":10}}

[90mstdout[2m | apps/relay/src/__tests__/integration/mesh-placement-demo.integration.test.ts[2m > [22m[2mREQ-RMS-014 — legs e+f: +1 Byzantine relay slash-trigger SET + detect-latency bound[2m > [22m[2mthe +1 Byzantine relay (overclaim->under-serve) crosses the cumulative bound and the slash-trigger is SET (asserted, not live)
[22m[39m{"timestamp":"2026-06-22T06:52:41.296Z","level":"INFO","source":"frontend","module":"webrtc/sframe-transform","message":"encrypted frame","context":{"kid":9,"ctr":2,"byteLength":62,"codecOffset":10}}

[90mstdout[2m | apps/relay/src/__tests__/integration/mesh-placement-demo.integration.test.ts[2m > [22m[2mREQ-RMS-014 — legs e+f: +1 Byzantine relay slash-trigger SET + detect-latency bound[2m > [22m[2mthe +1 Byzantine relay (overclaim->under-serve) crosses the cumulative bound and the slash-trigger is SET (asserted, not live)
[22m[39m{"timestamp":"2026-06-22T06:52:41.297Z","level":"INFO","source":"frontend","module":"webrtc/sframe-transform","message":"encrypted frame","context":{"kid":9,"ctr":3,"byteLength":62,"codecOffset":10}}

[90mstdout[2m | apps/relay/src/__tests__/integration/mesh-placement-demo.integration.test.ts[2m > [22m[2mREQ-RMS-014 — legs e+f: +1 Byzantine relay slash-trigger SET + detect-latency bound[2m > [22m[2mthe +1 Byzantine relay (overclaim->under-serve) crosses the cumulative bound and the slash-trigger is SET (asserted, not live)
[22m[39m{"timestamp":"2026-06-22T06:52:41.298Z","level":"INFO","source":"frontend","module":"webrtc/sframe-transform","message":"encrypted frame","context":{"kid":9,"ctr":4,"byteLength":62,"codecOffset":10}}

[90mstdout[2m | apps/relay/src/__tests__/integration/mesh-placement-demo.integration.test.ts[2m > [22m[2mREQ-RMS-014 — legs e+f: +1 Byzantine relay slash-trigger SET + detect-latency bound[2m > [22m[2mthe +1 Byzantine relay (overclaim->under-serve) crosses the cumulative bound and the slash-trigger is SET (asserted, not live)
[22m[39m{"timestamp":"2026-06-22T06:52:41.299Z","level":"INFO","source":"frontend","module":"webrtc/sframe-transform","message":"encrypted frame","context":{"kid":9,"ctr":5,"byteLength":62,"codecOffset":10}}

[90mstdout[2m | apps/relay/src/__tests__/integration/mesh-placement-demo.integration.test.ts[2m > [22m[2mREQ-RMS-014 — legs e+f: +1 Byzantine relay slash-trigger SET + detect-latency bound[2m > [22m[2mthe +1 Byzantine relay (overclaim->under-serve) crosses the cumulative bound and the slash-trigger is SET (asserted, not live)
[22m[39m{"timestamp":"2026-06-22T06:52:41.300Z","level":"INFO","source":"frontend","module":"webrtc/sframe-transform","message":"encrypted frame","context":{"kid":9,"ctr":6,"byteLength":62,"codecOffset":10}}

[90mstdout[2m | apps/relay/src/__tests__/integration/mesh-placement-demo.integration.test.ts[2m > [22m[2mREQ-RMS-014 — legs e+f: +1 Byzantine relay slash-trigger SET + detect-latency bound[2m > [22m[2mthe +1 Byzantine relay (overclaim->under-serve) crosses the cumulative bound and the slash-trigger is SET (asserted, not live)
[22m[39m{"timestamp":"2026-06-22T06:52:41.301Z","level":"INFO","source":"frontend","module":"webrtc/sframe-transform","message":"encrypted frame","context":{"kid":9,"ctr":7,"byteLength":62,"codecOffset":10}}

{"level":30,"time":1782111161302,"pid":31608,"hostname":"Quang","name":"canary/verifier","canaryKid":9,"mediaPackets":7,"byteIdentical":7,"divergences":1,"msg":"canary forwarding verified"}
[90mstdout[2m | apps/relay/src/__tests__/integration/mesh-placement-demo.integration.test.ts[2m > [22m[2mREQ-RMS-014 — legs e+f: +1 Byzantine relay slash-trigger SET + detect-latency bound[2m > [22m[2mthe +1 Byzantine relay (overclaim->under-serve) crosses the cumulative bound and the slash-trigger is SET (asserted, not live)
[22m[39m{"timestamp":"2026-06-22T06:52:41.302Z","level":"INFO","source":"frontend","module":"webrtc/sframe-transform","message":"encrypted frame","context":{"kid":9,"ctr":0,"byteLength":62,"codecOffset":10}}

[90mstdout[2m | apps/relay/src/__tests__/integration/mesh-placement-demo.integration.test.ts[2m > [22m[2mREQ-RMS-014 — legs e+f: +1 Byzantine relay slash-trigger SET + detect-latency bound[2m > [22m[2mthe +1 Byzantine relay (overclaim->under-serve) crosses the cumulative bound and the slash-trigger is SET (asserted, not live)
[22m[39m{"timestamp":"2026-06-22T06:52:41.303Z","level":"INFO","source":"frontend","module":"webrtc/sframe-transform","message":"encrypted frame","context":{"kid":9,"ctr":1,"byteLength":62,"codecOffset":10}}

[90mstdout[2m | apps/relay/src/__tests__/integration/mesh-placement-demo.integration.test.ts[2m > [22m[2mREQ-RMS-014 — legs e+f: +1 Byzantine relay slash-trigger SET + detect-latency bound[2m > [22m[2mthe +1 Byzantine relay (overclaim->under-serve) crosses the cumulative bound and the slash-trigger is SET (asserted, not live)
[22m[39m{"timestamp":"2026-06-22T06:52:41.304Z","level":"INFO","source":"frontend","module":"webrtc/sframe-transform","message":"encrypted frame","context":{"kid":9,"ctr":2,"byteLength":62,"codecOffset":10}}

[90mstdout[2m | apps/relay/src/__tests__/integration/mesh-placement-demo.integration.test.ts[2m > [22m[2mREQ-RMS-014 — legs e+f: +1 Byzantine relay slash-trigger SET + detect-latency bound[2m > [22m[2mthe +1 Byzantine relay (overclaim->under-serve) crosses the cumulative bound and the slash-trigger is SET (asserted, not live)
[22m[39m{"timestamp":"2026-06-22T06:52:41.306Z","level":"INFO","source":"frontend","module":"webrtc/sframe-transform","message":"encrypted frame","context":{"kid":9,"ctr":3,"byteLength":62,"codecOffset":10}}

[90mstdout[2m | apps/relay/src/__tests__/integration/mesh-placement-demo.integration.test.ts[2m > [22m[2mREQ-RMS-014 — legs e+f: +1 Byzantine relay slash-trigger SET + detect-latency bound[2m > [22m[2mthe +1 Byzantine relay (overclaim->under-serve) crosses the cumulative bound and the slash-trigger is SET (asserted, not live)
[22m[39m{"timestamp":"2026-06-22T06:52:41.307Z","level":"INFO","source":"frontend","module":"webrtc/sframe-transform","message":"encrypted frame","context":{"kid":9,"ctr":4,"byteLength":62,"codecOffset":10}}

[90mstdout[2m | apps/relay/src/__tests__/integration/mesh-placement-demo.integration.test.ts[2m > [22m[2mREQ-RMS-014 — legs e+f: +1 Byzantine relay slash-trigger SET + detect-latency bound[2m > [22m[2mthe +1 Byzantine relay (overclaim->under-serve) crosses the cumulative bound and the slash-trigger is SET (asserted, not live)
[22m[39m{"timestamp":"2026-06-22T06:52:41.308Z","level":"INFO","source":"frontend","module":"webrtc/sframe-transform","message":"encrypted frame","context":{"kid":9,"ctr":5,"byteLength":62,"codecOffset":10}}

[90mstdout[2m | apps/relay/src/__tests__/integration/mesh-placement-demo.integration.test.ts[2m > [22m[2mREQ-RMS-014 — legs e+f: +1 Byzantine relay slash-trigger SET + detect-latency bound[2m > [22m[2mthe +1 Byzantine relay (overclaim->under-serve) crosses the cumulative bound and the slash-trigger is SET (asserted, not live)
[22m[39m{"timestamp":"2026-06-22T06:52:41.309Z","level":"INFO","source":"frontend","module":"webrtc/sframe-transform","message":"encrypted frame","context":{"kid":9,"ctr":6,"byteLength":62,"codecOffset":10}}

[90mstdout[2m | apps/relay/src/__tests__/integration/mesh-placement-demo.integration.test.ts[2m > [22m[2mREQ-RMS-014 — legs e+f: +1 Byzantine relay slash-trigger SET + detect-latency bound[2m > [22m[2mthe +1 Byzantine relay (overclaim->under-serve) crosses the cumulative bound and the slash-trigger is SET (asserted, not live)
[22m[39m{"timestamp":"2026-06-22T06:52:41.310Z","level":"INFO","source":"frontend","module":"webrtc/sframe-transform","message":"encrypted frame","context":{"kid":9,"ctr":7,"byteLength":62,"codecOffset":10}}

{"level":30,"time":1782111161311,"pid":31608,"hostname":"Quang","name":"canary/verifier","canaryKid":9,"mediaPackets":7,"byteIdentical":7,"divergences":1,"msg":"canary forwarding verified"}
{"level":30,"time":1782111161311,"pid":31608,"hostname":"Quang","name":"canary/loss-classifier","relayMinerId":"relay-byz-demo","promoted":0,"absorbed":1,"tampers":0,"cumulativeCrossed":false,"msg":"canary divergences classified (drop gate / tamper p=1)"}
{"level":30,"time":1782111161311,"pid":31608,"hostname":"Quang","name":"canary/verify-loop","round":2,"relayMinerId":"relay-byz-demo","roomId":"demo-byz-room","perReceiver":2,"promoted":0,"absorbed":1,"stunLossBps":"0","msg":"canary verify round classified (hermetic half — synthetic capture, STUN read live)"}
[90mstdout[2m | apps/relay/src/__tests__/integration/mesh-placement-demo.integration.test.ts[2m > [22m[2mREQ-RMS-014 — legs e+f: +1 Byzantine relay slash-trigger SET + detect-latency bound[2m > [22m[2mthe +1 Byzantine relay (overclaim->under-serve) crosses the cumulative bound and the slash-trigger is SET (asserted, not live)
[22m[39m{"timestamp":"2026-06-22T06:52:41.313Z","level":"INFO","source":"frontend","module":"webrtc/sframe-transform","message":"encrypted frame","context":{"kid":9,"ctr":0,"byteLength":62,"codecOffset":10}}

[90mstdout[2m | apps/relay/src/__tests__/integration/mesh-placement-demo.integration.test.ts[2m > [22m[2mREQ-RMS-014 — legs e+f: +1 Byzantine relay slash-trigger SET + detect-latency bound[2m > [22m[2mthe +1 Byzantine relay (overclaim->under-serve) crosses the cumulative bound and the slash-trigger is SET (asserted, not live)
[22m[39m{"timestamp":"2026-06-22T06:52:41.314Z","level":"INFO","source":"frontend","module":"webrtc/sframe-transform","message":"encrypted frame","context":{"kid":9,"ctr":1,"byteLength":62,"codecOffset":10}}

[90mstdout[2m | apps/relay/src/__tests__/integration/mesh-placement-demo.integration.test.ts[2m > [22m[2mREQ-RMS-014 — legs e+f: +1 Byzantine relay slash-trigger SET + detect-latency bound[2m > [22m[2mthe +1 Byzantine relay (overclaim->under-serve) crosses the cumulative bound and the slash-trigger is SET (asserted, not live)
[22m[39m{"timestamp":"2026-06-22T06:52:41.315Z","level":"INFO","source":"frontend","module":"webrtc/sframe-transform","message":"encrypted frame","context":{"kid":9,"ctr":2,"byteLength":62,"codecOffset":10}}

[90mstdout[2m | apps/relay/src/__tests__/integration/mesh-placement-demo.integration.test.ts[2m > [22m[2mREQ-RMS-014 — legs e+f: +1 Byzantine relay slash-trigger SET + detect-latency bound[2m > [22m[2mthe +1 Byzantine relay (overclaim->under-serve) crosses the cumulative bound and the slash-trigger is SET (asserted, not live)
[22m[39m{"timestamp":"2026-06-22T06:52:41.316Z","level":"INFO","source":"frontend","module":"webrtc/sframe-transform","message":"encrypted frame","context":{"kid":9,"ctr":3,"byteLength":62,"codecOffset":10}}

[90mstdout[2m | apps/relay/src/__tests__/integration/mesh-placement-demo.integration.test.ts[2m > [22m[2mREQ-RMS-014 — legs e+f: +1 Byzantine relay slash-trigger SET + detect-latency bound[2m > [22m[2mthe +1 Byzantine relay (overclaim->under-serve) crosses the cumulative bound and the slash-trigger is SET (asserted, not live)
[22m[39m{"timestamp":"2026-06-22T06:52:41.317Z","level":"INFO","source":"frontend","module":"webrtc/sframe-transform","message":"encrypted frame","context":{"kid":9,"ctr":4,"byteLength":62,"codecOffset":10}}

[90mstdout[2m | apps/relay/src/__tests__/integration/mesh-placement-demo.integration.test.ts[2m > [22m[2mREQ-RMS-014 — legs e+f: +1 Byzantine relay slash-trigger SET + detect-latency bound[2m > [22m[2mthe +1 Byzantine relay (overclaim->under-serve) crosses the cumulative bound and the slash-trigger is SET (asserted, not live)
[22m[39m{"timestamp":"2026-06-22T06:52:41.318Z","level":"INFO","source":"frontend","module":"webrtc/sframe-transform","message":"encrypted frame","context":{"kid":9,"ctr":6,"byteLength":62,"codecOffset":10}}

[90mstdout[2m | apps/relay/src/__tests__/integration/mesh-placement-demo.integration.test.ts[2m > [22m[2mREQ-RMS-014 — legs e+f: +1 Byzantine relay slash-trigger SET + detect-latency bound[2m > [22m[2mthe +1 Byzantine relay (overclaim->under-serve) crosses the cumulative bound and the slash-trigger is SET (asserted, not live)
[22m[39m{"timestamp":"2026-06-22T06:52:41.328Z","level":"INFO","source":"frontend","module":"webrtc/sframe-transform","message":"encrypted frame","context":{"kid":9,"ctr":7,"byteLength":62,"codecOffset":10}}

[90mstdout[2m | apps/relay/src/__tests__/integration/mesh-placement-demo.integration.test.ts[2m > [22m[2mREQ-RMS-014 — legs e+f: +1 Byzantine relay slash-trigger SET + detect-latency bound[2m > [22m[2mthe +1 Byzantine relay (overclaim->under-serve) crosses the cumulative bound and the slash-trigger is SET (asserted, not live)
[22m[39m{"timestamp":"2026-06-22T06:52:41.330Z","level":"INFO","source":"frontend","module":"webrtc/sframe-transform","message":"encrypted frame","context":{"kid":9,"ctr":0,"byteLength":62,"codecOffset":10}}

[90mstdout[2m | apps/relay/src/__tests__/integration/mesh-placement-demo.integration.test.ts[2m > [22m[2mREQ-RMS-014 — legs e+f: +1 Byzantine relay slash-trigger SET + detect-latency bound[2m > [22m[2mthe +1 Byzantine relay (overclaim->under-serve) crosses the cumulative bound and the slash-trigger is SET (asserted, not live)
[22m[39m{"timestamp":"2026-06-22T06:52:41.331Z","level":"INFO","source":"frontend","module":"webrtc/sframe-transform","message":"encrypted frame","context":{"kid":9,"ctr":1,"byteLength":62,"codecOffset":10}}

[90mstdout[2m | apps/relay/src/__tests__/integration/mesh-placement-demo.integration.test.ts[2m > [22m[2mREQ-RMS-014 — legs e+f: +1 Byzantine relay slash-trigger SET + detect-latency bound[2m > [22m[2mthe +1 Byzantine relay (overclaim->under-serve) crosses the cumulative bound and the slash-trigger is SET (asserted, not live)
[22m[39m{"timestamp":"2026-06-22T06:52:41.332Z","level":"INFO","source":"frontend","module":"webrtc/sframe-transform","message":"encrypted frame","context":{"kid":9,"ctr":2,"byteLength":62,"codecOffset":10}}

[90mstdout[2m | apps/relay/src/__tests__/integration/mesh-placement-demo.integration.test.ts[2m > [22m[2mREQ-RMS-014 — legs e+f: +1 Byzantine relay slash-trigger SET + detect-latency bound[2m > [22m[2mthe +1 Byzantine relay (overclaim->under-serve) crosses the cumulative bound and the slash-trigger is SET (asserted, not live)
[22m[39m{"timestamp":"2026-06-22T06:52:41.333Z","level":"INFO","source":"frontend","module":"webrtc/sframe-transform","message":"encrypted frame","context":{"kid":9,"ctr":3,"byteLength":62,"codecOffset":10}}

[90mstdout[2m | apps/relay/src/__tests__/integration/mesh-placement-demo.integration.test.ts[2m > [22m[2mREQ-RMS-014 — legs e+f: +1 Byzantine relay slash-trigger SET + detect-latency bound[2m > [22m[2mthe +1 Byzantine relay (overclaim->under-serve) crosses the cumulative bound and the slash-trigger is SET (asserted, not live)
[22m[39m{"timestamp":"2026-06-22T06:52:41.335Z","level":"INFO","source":"frontend","module":"webrtc/sframe-transform","message":"encrypted frame","context":{"kid":9,"ctr":4,"byteLength":62,"codecOffset":10}}

[90mstdout[2m | apps/relay/src/__tests__/integration/mesh-placement-demo.integration.test.ts[2m > [22m[2mREQ-RMS-014 — legs e+f: +1 Byzantine relay slash-trigger SET + detect-latency bound[2m > [22m[2mthe +1 Byzantine relay (overclaim->under-serve) crosses the cumulative bound and the slash-trigger is SET (asserted, not live)
[22m[39m{"timestamp":"2026-06-22T06:52:41.339Z","level":"INFO","source":"frontend","module":"webrtc/sframe-transform","message":"encrypted frame","context":{"kid":9,"ctr":5,"byteLength":62,"codecOffset":10}}

[90mstdout[2m | apps/relay/src/__tests__/integration/mesh-placement-demo.integration.test.ts[2m > [22m[2mREQ-RMS-014 — legs e+f: +1 Byzantine relay slash-trigger SET + detect-latency bound[2m > [22m[2mthe +1 Byzantine relay (overclaim->under-serve) crosses the cumulative bound and the slash-trigger is SET (asserted, not live)
[22m[39m{"timestamp":"2026-06-22T06:52:41.341Z","level":"INFO","source":"frontend","module":"webrtc/sframe-transform","message":"encrypted frame","context":{"kid":9,"ctr":6,"byteLength":62,"codecOffset":10}}

[90mstdout[2m | apps/relay/src/__tests__/integration/mesh-placement-demo.integration.test.ts[2m > [22m[2mREQ-RMS-014 — legs e+f: +1 Byzantine relay slash-trigger SET + detect-latency bound[2m > [22m[2mthe +1 Byzantine relay (overclaim->under-serve) crosses the cumulative bound and the slash-trigger is SET (asserted, not live)
[22m[39m{"timestamp":"2026-06-22T06:52:41.342Z","level":"INFO","source":"frontend","module":"webrtc/sframe-transform","message":"encrypted frame","context":{"kid":9,"ctr":7,"byteLength":62,"codecOffset":10}}

{"level":30,"time":1782111161343,"pid":31608,"hostname":"Quang","name":"canary/verifier","canaryKid":9,"mediaPackets":7,"byteIdentical":7,"divergences":1,"msg":"canary forwarding verified"}
[90mstdout[2m | apps/relay/src/__tests__/integration/mesh-placement-demo.integration.test.ts[2m > [22m[2mREQ-RMS-014 — legs e+f: +1 Byzantine relay slash-trigger SET + detect-latency bound[2m > [22m[2mthe +1 Byzantine relay (overclaim->under-serve) crosses the cumulative bound and the slash-trigger is SET (asserted, not live)
[22m[39m{"timestamp":"2026-06-22T06:52:41.344Z","level":"INFO","source":"frontend","module":"webrtc/sframe-transform","message":"encrypted frame","context":{"kid":9,"ctr":0,"byteLength":62,"codecOffset":10}}

[90mstdout[2m | apps/relay/src/__tests__/integration/mesh-placement-demo.integration.test.ts[2m > [22m[2mREQ-RMS-014 — legs e+f: +1 Byzantine relay slash-trigger SET + detect-latency bound[2m > [22m[2mthe +1 Byzantine relay (overclaim->under-serve) crosses the cumulative bound and the slash-trigger is SET (asserted, not live)
[22m[39m{"timestamp":"2026-06-22T06:52:41.345Z","level":"INFO","source":"frontend","module":"webrtc/sframe-transform","message":"encrypted frame","context":{"kid":9,"ctr":1,"byteLength":62,"codecOffset":10}}

[90mstdout[2m | apps/relay/src/__tests__/integration/mesh-placement-demo.integration.test.ts[2m > [22m[2mREQ-RMS-014 — legs e+f: +1 Byzantine relay slash-trigger SET + detect-latency bound[2m > [22m[2mthe +1 Byzantine relay (overclaim->under-serve) crosses the cumulative bound and the slash-trigger is SET (asserted, not live)
[22m[39m{"timestamp":"2026-06-22T06:52:41.346Z","level":"INFO","source":"frontend","module":"webrtc/sframe-transform","message":"encrypted frame","context":{"kid":9,"ctr":2,"byteLength":62,"codecOffset":10}}

[90mstdout[2m | apps/relay/src/__tests__/integration/mesh-placement-demo.integration.test.ts[2m > [22m[2mREQ-RMS-014 — legs e+f: +1 Byzantine relay slash-trigger SET + detect-latency bound[2m > [22m[2mthe +1 Byzantine relay (overclaim->under-serve) crosses the cumulative bound and the slash-trigger is SET (asserted, not live)
[22m[39m{"timestamp":"2026-06-22T06:52:41.347Z","level":"INFO","source":"frontend","module":"webrtc/sframe-transform","message":"encrypted frame","context":{"kid":9,"ctr":3,"byteLength":62,"codecOffset":10}}

[90mstdout[2m | apps/relay/src/__tests__/integration/mesh-placement-demo.integration.test.ts[2m > [22m[2mREQ-RMS-014 — legs e+f: +1 Byzantine relay slash-trigger SET + detect-latency bound[2m > [22m[2mthe +1 Byzantine relay (overclaim->under-serve) crosses the cumulative bound and the slash-trigger is SET (asserted, not live)
[22m[39m{"timestamp":"2026-06-22T06:52:41.348Z","level":"INFO","source":"frontend","module":"webrtc/sframe-transform","message":"encrypted frame","context":{"kid":9,"ctr":4,"byteLength":62,"codecOffset":10}}

[90mstdout[2m | apps/relay/src/__tests__/integration/mesh-placement-demo.integration.test.ts[2m > [22m[2mREQ-RMS-014 — legs e+f: +1 Byzantine relay slash-trigger SET + detect-latency bound[2m > [22m[2mthe +1 Byzantine relay (overclaim->under-serve) crosses the cumulative bound and the slash-trigger is SET (asserted, not live)
[22m[39m{"timestamp":"2026-06-22T06:52:41.350Z","level":"INFO","source":"frontend","module":"webrtc/sframe-transform","message":"encrypted frame","context":{"kid":9,"ctr":5,"byteLength":62,"codecOffset":10}}

[90mstdout[2m | apps/relay/src/__tests__/integration/mesh-placement-demo.integration.test.ts[2m > [22m[2mREQ-RMS-014 — legs e+f: +1 Byzantine relay slash-trigger SET + detect-latency bound[2m > [22m[2mthe +1 Byzantine relay (overclaim->under-serve) crosses the cumulative bound and the slash-trigger is SET (asserted, not live)
[22m[39m{"timestamp":"2026-06-22T06:52:41.352Z","level":"INFO","source":"frontend","module":"webrtc/sframe-transform","message":"encrypted frame","context":{"kid":9,"ctr":6,"byteLength":62,"codecOffset":10}}

[90mstdout[2m | apps/relay/src/__tests__/integration/mesh-placement-demo.integration.test.ts[2m > [22m[2mREQ-RMS-014 — legs e+f: +1 Byzantine relay slash-trigger SET + detect-latency bound[2m > [22m[2mthe +1 Byzantine relay (overclaim->under-serve) crosses the cumulative bound and the slash-trigger is SET (asserted, not live)
[22m[39m{"timestamp":"2026-06-22T06:52:41.354Z","level":"INFO","source":"frontend","module":"webrtc/sframe-transform","message":"encrypted frame","context":{"kid":9,"ctr":7,"byteLength":62,"codecOffset":10}}

{"level":30,"time":1782111161355,"pid":31608,"hostname":"Quang","name":"canary/verifier","canaryKid":9,"mediaPackets":7,"byteIdentical":7,"divergences":1,"msg":"canary forwarding verified"}
{"level":30,"time":1782111161356,"pid":31608,"hostname":"Quang","name":"canary/loss-classifier","relayMinerId":"relay-byz-demo","promoted":0,"absorbed":1,"tampers":0,"cumulativeCrossed":false,"msg":"canary divergences classified (drop gate / tamper p=1)"}
{"level":30,"time":1782111161356,"pid":31608,"hostname":"Quang","name":"canary/verify-loop","round":2,"relayMinerId":"relay-byz-demo","roomId":"demo-byz-room","perReceiver":2,"promoted":0,"absorbed":1,"stunLossBps":"0","msg":"canary verify round classified (hermetic half — synthetic capture, STUN read live)"}
[90mstdout[2m | apps/relay/src/__tests__/integration/mesh-placement-demo.integration.test.ts[2m > [22m[2mREQ-RMS-014 — legs e+f: +1 Byzantine relay slash-trigger SET + detect-latency bound[2m > [22m[2mthe +1 Byzantine relay (overclaim->under-serve) crosses the cumulative bound and the slash-trigger is SET (asserted, not live)
[22m[39m{"timestamp":"2026-06-22T06:52:41.358Z","level":"INFO","source":"frontend","module":"webrtc/sframe-transform","message":"encrypted frame","context":{"kid":9,"ctr":0,"byteLength":62,"codecOffset":10}}

[90mstdout[2m | apps/relay/src/__tests__/integration/mesh-placement-demo.integration.test.ts[2m > [22m[2mREQ-RMS-014 — legs e+f: +1 Byzantine relay slash-trigger SET + detect-latency bound[2m > [22m[2mthe +1 Byzantine relay (overclaim->under-serve) crosses the cumulative bound and the slash-trigger is SET (asserted, not live)
[22m[39m{"timestamp":"2026-06-22T06:52:41.359Z","level":"INFO","source":"frontend","module":"webrtc/sframe-transform","message":"encrypted frame","context":{"kid":9,"ctr":1,"byteLength":62,"codecOffset":10}}

[90mstdout[2m | apps/relay/src/__tests__/integration/mesh-placement-demo.integration.test.ts[2m > [22m[2mREQ-RMS-014 — legs e+f: +1 Byzantine relay slash-trigger SET + detect-latency bound[2m > [22m[2mthe +1 Byzantine relay (overclaim->under-serve) crosses the cumulative bound and the slash-trigger is SET (asserted, not live)
[22m[39m{"timestamp":"2026-06-22T06:52:41.360Z","level":"INFO","source":"frontend","module":"webrtc/sframe-transform","message":"encrypted frame","context":{"kid":9,"ctr":2,"byteLength":62,"codecOffset":10}}

[90mstdout[2m | apps/relay/src/__tests__/integration/mesh-placement-demo.integration.test.ts[2m > [22m[2mREQ-RMS-014 — legs e+f: +1 Byzantine relay slash-trigger SET + detect-latency bound[2m > [22m[2mthe +1 Byzantine relay (overclaim->under-serve) crosses the cumulative bound and the slash-trigger is SET (asserted, not live)
[22m[39m{"timestamp":"2026-06-22T06:52:41.361Z","level":"INFO","source":"frontend","module":"webrtc/sframe-transform","message":"encrypted frame","context":{"kid":9,"ctr":3,"byteLength":62,"codecOffset":10}}

[90mstdout[2m | apps/relay/src/__tests__/integration/mesh-placement-demo.integration.test.ts[2m > [22m[2mREQ-RMS-014 — legs e+f: +1 Byzantine relay slash-trigger SET + detect-latency bound[2m > [22m[2mthe +1 Byzantine relay (overclaim->under-serve) crosses the cumulative bound and the slash-trigger is SET (asserted, not live)
[22m[39m{"timestamp":"2026-06-22T06:52:41.362Z","level":"INFO","source":"frontend","module":"webrtc/sframe-transform","message":"encrypted frame","context":{"kid":9,"ctr":4,"byteLength":62,"codecOffset":10}}

[90mstdout[2m | apps/relay/src/__tests__/integration/mesh-placement-demo.integration.test.ts[2m > [22m[2mREQ-RMS-014 — legs e+f: +1 Byzantine relay slash-trigger SET + detect-latency bound[2m > [22m[2mthe +1 Byzantine relay (overclaim->under-serve) crosses the cumulative bound and the slash-trigger is SET (asserted, not live)
[22m[39m{"timestamp":"2026-06-22T06:52:41.363Z","level":"INFO","source":"frontend","module":"webrtc/sframe-transform","message":"encrypted frame","context":{"kid":9,"ctr":6,"byteLength":62,"codecOffset":10}}

[90mstdout[2m | apps/relay/src/__tests__/integration/mesh-placement-demo.integration.test.ts[2m > [22m[2mREQ-RMS-014 — legs e+f: +1 Byzantine relay slash-trigger SET + detect-latency bound[2m > [22m[2mthe +1 Byzantine relay (overclaim->under-serve) crosses the cumulative bound and the slash-trigger is SET (asserted, not live)
[22m[39m{"timestamp":"2026-06-22T06:52:41.365Z","level":"INFO","source":"frontend","module":"webrtc/sframe-transform","message":"encrypted frame","context":{"kid":9,"ctr":7,"byteLength":62,"codecOffset":10}}

[90mstdout[2m | apps/relay/src/__tests__/integration/mesh-placement-demo.integration.test.ts[2m > [22m[2mREQ-RMS-014 — legs e+f: +1 Byzantine relay slash-trigger SET + detect-latency bound[2m > [22m[2mthe +1 Byzantine relay (overclaim->under-serve) crosses the cumulative bound and the slash-trigger is SET (asserted, not live)
[22m[39m{"timestamp":"2026-06-22T06:52:41.366Z","level":"INFO","source":"frontend","module":"webrtc/sframe-transform","message":"encrypted frame","context":{"kid":9,"ctr":0,"byteLength":62,"codecOffset":10}}

[90mstdout[2m | apps/relay/src/__tests__/integration/mesh-placement-demo.integration.test.ts[2m > [22m[2mREQ-RMS-014 — legs e+f: +1 Byzantine relay slash-trigger SET + detect-latency bound[2m > [22m[2mthe +1 Byzantine relay (overclaim->under-serve) crosses the cumulative bound and the slash-trigger is SET (asserted, not live)
[22m[39m{"timestamp":"2026-06-22T06:52:41.367Z","level":"INFO","source":"frontend","module":"webrtc/sframe-transform","message":"encrypted frame","context":{"kid":9,"ctr":1,"byteLength":62,"codecOffset":10}}

[90mstdout[2m | apps/relay/src/__tests__/integration/mesh-placement-demo.integration.test.ts[2m > [22m[2mREQ-RMS-014 — legs e+f: +1 Byzantine relay slash-trigger SET + detect-latency bound[2m > [22m[2mthe +1 Byzantine relay (overclaim->under-serve) crosses the cumulative bound and the slash-trigger is SET (asserted, not live)
[22m[39m{"timestamp":"2026-06-22T06:52:41.368Z","level":"INFO","source":"frontend","module":"webrtc/sframe-transform","message":"encrypted frame","context":{"kid":9,"ctr":2,"byteLength":62,"codecOffset":10}}

[90mstdout[2m | apps/relay/src/__tests__/integration/mesh-placement-demo.integration.test.ts[2m > [22m[2mREQ-RMS-014 — legs e+f: +1 Byzantine relay slash-trigger SET + detect-latency bound[2m > [22m[2mthe +1 Byzantine relay (overclaim->under-serve) crosses the cumulative bound and the slash-trigger is SET (asserted, not live)
[22m[39m{"timestamp":"2026-06-22T06:52:41.369Z","level":"INFO","source":"frontend","module":"webrtc/sframe-transform","message":"encrypted frame","context":{"kid":9,"ctr":3,"byteLength":62,"codecOffset":10}}

[90mstdout[2m | apps/relay/src/__tests__/integration/mesh-placement-demo.integration.test.ts[2m > [22m[2mREQ-RMS-014 — legs e+f: +1 Byzantine relay slash-trigger SET + detect-latency bound[2m > [22m[2mthe +1 Byzantine relay (overclaim->under-serve) crosses the cumulative bound and the slash-trigger is SET (asserted, not live)
[22m[39m{"timestamp":"2026-06-22T06:52:41.370Z","level":"INFO","source":"frontend","module":"webrtc/sframe-transform","message":"encrypted frame","context":{"kid":9,"ctr":4,"byteLength":62,"codecOffset":10}}

[90mstdout[2m | apps/relay/src/__tests__/integration/mesh-placement-demo.integration.test.ts[2m > [22m[2mREQ-RMS-014 — legs e+f: +1 Byzantine relay slash-trigger SET + detect-latency bound[2m > [22m[2mthe +1 Byzantine relay (overclaim->under-serve) crosses the cumulative bound and the slash-trigger is SET (asserted, not live)
[22m[39m{"timestamp":"2026-06-22T06:52:41.372Z","level":"INFO","source":"frontend","module":"webrtc/sframe-transform","message":"encrypted frame","context":{"kid":9,"ctr":5,"byteLength":62,"codecOffset":10}}

[90mstdout[2m | apps/relay/src/__tests__/integration/mesh-placement-demo.integration.test.ts[2m > [22m[2mREQ-RMS-014 — legs e+f: +1 Byzantine relay slash-trigger SET + detect-latency bound[2m > [22m[2mthe +1 Byzantine relay (overclaim->under-serve) crosses the cumulative bound and the slash-trigger is SET (asserted, not live)
[22m[39m{"timestamp":"2026-06-22T06:52:41.373Z","level":"INFO","source":"frontend","module":"webrtc/sframe-transform","message":"encrypted frame","context":{"kid":9,"ctr":6,"byteLength":62,"codecOffset":10}}

[90mstdout[2m | apps/relay/src/__tests__/integration/mesh-placement-demo.integration.test.ts[2m > [22m[2mREQ-RMS-014 — legs e+f: +1 Byzantine relay slash-trigger SET + detect-latency bound[2m > [22m[2mthe +1 Byzantine relay (overclaim->under-serve) crosses the cumulative bound and the slash-trigger is SET (asserted, not live)
[22m[39m{"timestamp":"2026-06-22T06:52:41.374Z","level":"INFO","source":"frontend","module":"webrtc/sframe-transform","message":"encrypted frame","context":{"kid":9,"ctr":7,"byteLength":62,"codecOffset":10}}

{"level":30,"time":1782111161375,"pid":31608,"hostname":"Quang","name":"canary/verifier","canaryKid":9,"mediaPackets":7,"byteIdentical":7,"divergences":1,"msg":"canary forwarding verified"}
[90mstdout[2m | apps/relay/src/__tests__/integration/mesh-placement-demo.integration.test.ts[2m > [22m[2mREQ-RMS-014 — legs e+f: +1 Byzantine relay slash-trigger SET + detect-latency bound[2m > [22m[2mthe +1 Byzantine relay (overclaim->under-serve) crosses the cumulative bound and the slash-trigger is SET (asserted, not live)
[22m[39m{"timestamp":"2026-06-22T06:52:41.376Z","level":"INFO","source":"frontend","module":"webrtc/sframe-transform","message":"encrypted frame","context":{"kid":9,"ctr":0,"byteLength":62,"codecOffset":10}}

[90mstdout[2m | apps/relay/src/__tests__/integration/mesh-placement-demo.integration.test.ts[2m > [22m[2mREQ-RMS-014 — legs e+f: +1 Byzantine relay slash-trigger SET + detect-latency bound[2m > [22m[2mthe +1 Byzantine relay (overclaim->under-serve) crosses the cumulative bound and the slash-trigger is SET (asserted, not live)
[22m[39m{"timestamp":"2026-06-22T06:52:41.377Z","level":"INFO","source":"frontend","module":"webrtc/sframe-transform","message":"encrypted frame","context":{"kid":9,"ctr":1,"byteLength":62,"codecOffset":10}}

[90mstdout[2m | apps/relay/src/__tests__/integration/mesh-placement-demo.integration.test.ts[2m > [22m[2mREQ-RMS-014 — legs e+f: +1 Byzantine relay slash-trigger SET + detect-latency bound[2m > [22m[2mthe +1 Byzantine relay (overclaim->under-serve) crosses the cumulative bound and the slash-trigger is SET (asserted, not live)
[22m[39m{"timestamp":"2026-06-22T06:52:41.378Z","level":"INFO","source":"frontend","module":"webrtc/sframe-transform","message":"encrypted frame","context":{"kid":9,"ctr":2,"byteLength":62,"codecOffset":10}}

[90mstdout[2m | apps/relay/src/__tests__/integration/mesh-placement-demo.integration.test.ts[2m > [22m[2mREQ-RMS-014 — legs e+f: +1 Byzantine relay slash-trigger SET + detect-latency bound[2m > [22m[2mthe +1 Byzantine relay (overclaim->under-serve) crosses the cumulative bound and the slash-trigger is SET (asserted, not live)
[22m[39m{"timestamp":"2026-06-22T06:52:41.379Z","level":"INFO","source":"frontend","module":"webrtc/sframe-transform","message":"encrypted frame","context":{"kid":9,"ctr":3,"byteLength":62,"codecOffset":10}}

[90mstdout[2m | apps/relay/src/__tests__/integration/mesh-placement-demo.integration.test.ts[2m > [22m[2mREQ-RMS-014 — legs e+f: +1 Byzantine relay slash-trigger SET + detect-latency bound[2m > [22m[2mthe +1 Byzantine relay (overclaim->under-serve) crosses the cumulative bound and the slash-trigger is SET (asserted, not live)
[22m[39m{"timestamp":"2026-06-22T06:52:41.381Z","level":"INFO","source":"frontend","module":"webrtc/sframe-transform","message":"encrypted frame","context":{"kid":9,"ctr":4,"byteLength":62,"codecOffset":10}}

[90mstdout[2m | apps/relay/src/__tests__/integration/mesh-placement-demo.integration.test.ts[2m > [22m[2mREQ-RMS-014 — legs e+f: +1 Byzantine relay slash-trigger SET + detect-latency bound[2m > [22m[2mthe +1 Byzantine relay (overclaim->under-serve) crosses the cumulative bound and the slash-trigger is SET (asserted, not live)
[22m[39m{"timestamp":"2026-06-22T06:52:41.382Z","level":"INFO","source":"frontend","module":"webrtc/sframe-transform","message":"encrypted frame","context":{"kid":9,"ctr":5,"byteLength":62,"codecOffset":10}}

[90mstdout[2m | apps/relay/src/__tests__/integration/mesh-placement-demo.integration.test.ts[2m > [22m[2mREQ-RMS-014 — legs e+f: +1 Byzantine relay slash-trigger SET + detect-latency bound[2m > [22m[2mthe +1 Byzantine relay (overclaim->under-serve) crosses the cumulative bound and the slash-trigger is SET (asserted, not live)
[22m[39m{"timestamp":"2026-06-22T06:52:41.383Z","level":"INFO","source":"frontend","module":"webrtc/sframe-transform","message":"encrypted frame","context":{"kid":9,"ctr":6,"byteLength":62,"codecOffset":10}}

[90mstdout[2m | apps/relay/src/__tests__/integration/mesh-placement-demo.integration.test.ts[2m > [22m[2mREQ-RMS-014 — legs e+f: +1 Byzantine relay slash-trigger SET + detect-latency bound[2m > [22m[2mthe +1 Byzantine relay (overclaim->under-serve) crosses the cumulative bound and the slash-trigger is SET (asserted, not live)
[22m[39m{"timestamp":"2026-06-22T06:52:41.384Z","level":"INFO","source":"frontend","module":"webrtc/sframe-transform","message":"encrypted frame","context":{"kid":9,"ctr":7,"byteLength":62,"codecOffset":10}}

{"level":30,"time":1782111161385,"pid":31608,"hostname":"Quang","name":"canary/verifier","canaryKid":9,"mediaPackets":7,"byteIdentical":7,"divergences":1,"msg":"canary forwarding verified"}
{"level":30,"time":1782111161386,"pid":31608,"hostname":"Quang","name":"canary/loss-classifier","relayMinerId":"relay-byz-demo","promoted":0,"absorbed":1,"tampers":0,"cumulativeCrossed":false,"msg":"canary divergences classified (drop gate / tamper p=1)"}
{"level":30,"time":1782111161386,"pid":31608,"hostname":"Quang","name":"canary/verify-loop","round":3,"relayMinerId":"relay-byz-demo","roomId":"demo-byz-room","perReceiver":2,"promoted":0,"absorbed":1,"stunLossBps":"0","msg":"canary verify round classified (hermetic half — synthetic capture, STUN read live)"}
[90mstdout[2m | apps/relay/src/__tests__/integration/mesh-placement-demo.integration.test.ts[2m > [22m[2mREQ-RMS-014 — legs e+f: +1 Byzantine relay slash-trigger SET + detect-latency bound[2m > [22m[2mthe +1 Byzantine relay (overclaim->under-serve) crosses the cumulative bound and the slash-trigger is SET (asserted, not live)
[22m[39m{"timestamp":"2026-06-22T06:52:41.388Z","level":"INFO","source":"frontend","module":"webrtc/sframe-transform","message":"encrypted frame","context":{"kid":9,"ctr":0,"byteLength":62,"codecOffset":10}}

[90mstdout[2m | apps/relay/src/__tests__/integration/mesh-placement-demo.integration.test.ts[2m > [22m[2mREQ-RMS-014 — legs e+f: +1 Byzantine relay slash-trigger SET + detect-latency bound[2m > [22m[2mthe +1 Byzantine relay (overclaim->under-serve) crosses the cumulative bound and the slash-trigger is SET (asserted, not live)
[22m[39m{"timestamp":"2026-06-22T06:52:41.389Z","level":"INFO","source":"frontend","module":"webrtc/sframe-transform","message":"encrypted frame","context":{"kid":9,"ctr":1,"byteLength":62,"codecOffset":10}}

[90mstdout[2m | apps/relay/src/__tests__/integration/mesh-placement-demo.integration.test.ts[2m > [22m[2mREQ-RMS-014 — legs e+f: +1 Byzantine relay slash-trigger SET + detect-latency bound[2m > [22m[2mthe +1 Byzantine relay (overclaim->under-serve) crosses the cumulative bound and the slash-trigger is SET (asserted, not live)
[22m[39m{"timestamp":"2026-06-22T06:52:41.390Z","level":"INFO","source":"frontend","module":"webrtc/sframe-transform","message":"encrypted frame","context":{"kid":9,"ctr":2,"byteLength":62,"codecOffset":10}}

[90mstdout[2m | apps/relay/src/__tests__/integration/mesh-placement-demo.integration.test.ts[2m > [22m[2mREQ-RMS-014 — legs e+f: +1 Byzantine relay slash-trigger SET + detect-latency bound[2m > [22m[2mthe +1 Byzantine relay (overclaim->under-serve) crosses the cumulative bound and the slash-trigger is SET (asserted, not live)
[22m[39m{"timestamp":"2026-06-22T06:52:41.390Z","level":"INFO","source":"frontend","module":"webrtc/sframe-transform","message":"encrypted frame","context":{"kid":9,"ctr":3,"byteLength":62,"codecOffset":10}}

[90mstdout[2m | apps/relay/src/__tests__/integration/mesh-placement-demo.integration.test.ts[2m > [22m[2mREQ-RMS-014 — legs e+f: +1 Byzantine relay slash-trigger SET + detect-latency bound[2m > [22m[2mthe +1 Byzantine relay (overclaim->under-serve) crosses the cumulative bound and the slash-trigger is SET (asserted, not live)
[22m[39m{"timestamp":"2026-06-22T06:52:41.391Z","level":"INFO","source":"frontend","module":"webrtc/sframe-transform","message":"encrypted frame","context":{"kid":9,"ctr":4,"byteLength":62,"codecOffset":10}}

[90mstdout[2m | apps/relay/src/__tests__/integration/mesh-placement-demo.integration.test.ts[2m > [22m[2mREQ-RMS-014 — legs e+f: +1 Byzantine relay slash-trigger SET + detect-latency bound[2m > [22m[2mthe +1 Byzantine relay (overclaim->under-serve) crosses the cumulative bound and the slash-trigger is SET (asserted, not live)
[22m[39m{"timestamp":"2026-06-22T06:52:41.392Z","level":"INFO","source":"frontend","module":"webrtc/sframe-transform","message":"encrypted frame","context":{"kid":9,"ctr":6,"byteLength":62,"codecOffset":10}}

[90mstdout[2m | apps/relay/src/__tests__/integration/mesh-placement-demo.integration.test.ts[2m > [22m[2mREQ-RMS-014 — legs e+f: +1 Byzantine relay slash-trigger SET + detect-latency bound[2m > [22m[2mthe +1 Byzantine relay (overclaim->under-serve) crosses the cumulative bound and the slash-trigger is SET (asserted, not live)
[22m[39m{"timestamp":"2026-06-22T06:52:41.393Z","level":"INFO","source":"frontend","module":"webrtc/sframe-transform","message":"encrypted frame","context":{"kid":9,"ctr":7,"byteLength":62,"codecOffset":10}}

[90mstdout[2m | apps/relay/src/__tests__/integration/mesh-placement-demo.integration.test.ts[2m > [22m[2mREQ-RMS-014 — legs e+f: +1 Byzantine relay slash-trigger SET + detect-latency bound[2m > [22m[2mthe +1 Byzantine relay (overclaim->under-serve) crosses the cumulative bound and the slash-trigger is SET (asserted, not live)
[22m[39m{"timestamp":"2026-06-22T06:52:41.394Z","level":"INFO","source":"frontend","module":"webrtc/sframe-transform","message":"encrypted frame","context":{"kid":9,"ctr":0,"byteLength":62,"codecOffset":10}}

[90mstdout[2m | apps/relay/src/__tests__/integration/mesh-placement-demo.integration.test.ts[2m > [22m[2mREQ-RMS-014 — legs e+f: +1 Byzantine relay slash-trigger SET + detect-latency bound[2m > [22m[2mthe +1 Byzantine relay (overclaim->under-serve) crosses the cumulative bound and the slash-trigger is SET (asserted, not live)
[22m[39m{"timestamp":"2026-06-22T06:52:41.395Z","level":"INFO","source":"frontend","module":"webrtc/sframe-transform","message":"encrypted frame","context":{"kid":9,"ctr":1,"byteLength":62,"codecOffset":10}}

[90mstdout[2m | apps/relay/src/__tests__/integration/mesh-placement-demo.integration.test.ts[2m > [22m[2mREQ-RMS-014 — legs e+f: +1 Byzantine relay slash-trigger SET + detect-latency bound[2m > [22m[2mthe +1 Byzantine relay (overclaim->under-serve) crosses the cumulative bound and the slash-trigger is SET (asserted, not live)
[22m[39m{"timestamp":"2026-06-22T06:52:41.396Z","level":"INFO","source":"frontend","module":"webrtc/sframe-transform","message":"encrypted frame","context":{"kid":9,"ctr":2,"byteLength":62,"codecOffset":10}}

[90mstdout[2m | apps/relay/src/__tests__/integration/mesh-placement-demo.integration.test.ts[2m > [22m[2mREQ-RMS-014 — legs e+f: +1 Byzantine relay slash-trigger SET + detect-latency bound[2m > [22m[2mthe +1 Byzantine relay (overclaim->under-serve) crosses the cumulative bound and the slash-trigger is SET (asserted, not live)
[22m[39m{"timestamp":"2026-06-22T06:52:41.397Z","level":"INFO","source":"frontend","module":"webrtc/sframe-transform","message":"encrypted frame","context":{"kid":9,"ctr":3,"byteLength":62,"codecOffset":10}}

[90mstdout[2m | apps/relay/src/__tests__/integration/mesh-placement-demo.integration.test.ts[2m > [22m[2mREQ-RMS-014 — legs e+f: +1 Byzantine relay slash-trigger SET + detect-latency bound[2m > [22m[2mthe +1 Byzantine relay (overclaim->under-serve) crosses the cumulative bound and the slash-trigger is SET (asserted, not live)
[22m[39m{"timestamp":"2026-06-22T06:52:41.398Z","level":"INFO","source":"frontend","module":"webrtc/sframe-transform","message":"encrypted frame","context":{"kid":9,"ctr":4,"byteLength":62,"codecOffset":10}}

[90mstdout[2m | apps/relay/src/__tests__/integration/mesh-placement-demo.integration.test.ts[2m > [22m[2mREQ-RMS-014 — legs e+f: +1 Byzantine relay slash-trigger SET + detect-latency bound[2m > [22m[2mthe +1 Byzantine relay (overclaim->under-serve) crosses the cumulative bound and the slash-trigger is SET (asserted, not live)
[22m[39m{"timestamp":"2026-06-22T06:52:41.399Z","level":"INFO","source":"frontend","module":"webrtc/sframe-transform","message":"encrypted frame","context":{"kid":9,"ctr":5,"byteLength":62,"codecOffset":10}}

[90mstdout[2m | apps/relay/src/__tests__/integration/mesh-placement-demo.integration.test.ts[2m > [22m[2mREQ-RMS-014 — legs e+f: +1 Byzantine relay slash-trigger SET + detect-latency bound[2m > [22m[2mthe +1 Byzantine relay (overclaim->under-serve) crosses the cumulative bound and the slash-trigger is SET (asserted, not live)
[22m[39m{"timestamp":"2026-06-22T06:52:41.400Z","level":"INFO","source":"frontend","module":"webrtc/sframe-transform","message":"encrypted frame","context":{"kid":9,"ctr":6,"byteLength":62,"codecOffset":10}}

[90mstdout[2m | apps/relay/src/__tests__/integration/mesh-placement-demo.integration.test.ts[2m > [22m[2mREQ-RMS-014 — legs e+f: +1 Byzantine relay slash-trigger SET + detect-latency bound[2m > [22m[2mthe +1 Byzantine relay (overclaim->under-serve) crosses the cumulative bound and the slash-trigger is SET (asserted, not live)
[22m[39m{"timestamp":"2026-06-22T06:52:41.401Z","level":"INFO","source":"frontend","module":"webrtc/sframe-transform","message":"encrypted frame","context":{"kid":9,"ctr":7,"byteLength":62,"codecOffset":10}}

{"level":30,"time":1782111161401,"pid":31608,"hostname":"Quang","name":"canary/verifier","canaryKid":9,"mediaPackets":7,"byteIdentical":7,"divergences":1,"msg":"canary forwarding verified"}
[90mstdout[2m | apps/relay/src/__tests__/integration/mesh-placement-demo.integration.test.ts[2m > [22m[2mREQ-RMS-014 — legs e+f: +1 Byzantine relay slash-trigger SET + detect-latency bound[2m > [22m[2mthe +1 Byzantine relay (overclaim->under-serve) crosses the cumulative bound and the slash-trigger is SET (asserted, not live)
[22m[39m{"timestamp":"2026-06-22T06:52:41.402Z","level":"INFO","source":"frontend","module":"webrtc/sframe-transform","message":"encrypted frame","context":{"kid":9,"ctr":0,"byteLength":62,"codecOffset":10}}

[90mstdout[2m | apps/relay/src/__tests__/integration/mesh-placement-demo.integration.test.ts[2m > [22m[2mREQ-RMS-014 — legs e+f: +1 Byzantine relay slash-trigger SET + detect-latency bound[2m > [22m[2mthe +1 Byzantine relay (overclaim->under-serve) crosses the cumulative bound and the slash-trigger is SET (asserted, not live)
[22m[39m{"timestamp":"2026-06-22T06:52:41.403Z","level":"INFO","source":"frontend","module":"webrtc/sframe-transform","message":"encrypted frame","context":{"kid":9,"ctr":1,"byteLength":62,"codecOffset":10}}

[90mstdout[2m | apps/relay/src/__tests__/integration/mesh-placement-demo.integration.test.ts[2m > [22m[2mREQ-RMS-014 — legs e+f: +1 Byzantine relay slash-trigger SET + detect-latency bound[2m > [22m[2mthe +1 Byzantine relay (overclaim->under-serve) crosses the cumulative bound and the slash-trigger is SET (asserted, not live)
[22m[39m{"timestamp":"2026-06-22T06:52:41.404Z","level":"INFO","source":"frontend","module":"webrtc/sframe-transform","message":"encrypted frame","context":{"kid":9,"ctr":2,"byteLength":62,"codecOffset":10}}

[90mstdout[2m | apps/relay/src/__tests__/integration/mesh-placement-demo.integration.test.ts[2m > [22m[2mREQ-RMS-014 — legs e+f: +1 Byzantine relay slash-trigger SET + detect-latency bound[2m > [22m[2mthe +1 Byzantine relay (overclaim->under-serve) crosses the cumulative bound and the slash-trigger is SET (asserted, not live)
[22m[39m{"timestamp":"2026-06-22T06:52:41.405Z","level":"INFO","source":"frontend","module":"webrtc/sframe-transform","message":"encrypted frame","context":{"kid":9,"ctr":3,"byteLength":62,"codecOffset":10}}

[90mstdout[2m | apps/relay/src/__tests__/integration/mesh-placement-demo.integration.test.ts[2m > [22m[2mREQ-RMS-014 — legs e+f: +1 Byzantine relay slash-trigger SET + detect-latency bound[2m > [22m[2mthe +1 Byzantine relay (overclaim->under-serve) crosses the cumulative bound and the slash-trigger is SET (asserted, not live)
[22m[39m{"timestamp":"2026-06-22T06:52:41.406Z","level":"INFO","source":"frontend","module":"webrtc/sframe-transform","message":"encrypted frame","context":{"kid":9,"ctr":4,"byteLength":62,"codecOffset":10}}

[90mstdout[2m | apps/relay/src/__tests__/integration/mesh-placement-demo.integration.test.ts[2m > [22m[2mREQ-RMS-014 — legs e+f: +1 Byzantine relay slash-trigger SET + detect-latency bound[2m > [22m[2mthe +1 Byzantine relay (overclaim->under-serve) crosses the cumulative bound and the slash-trigger is SET (asserted, not live)
[22m[39m{"timestamp":"2026-06-22T06:52:41.407Z","level":"INFO","source":"frontend","module":"webrtc/sframe-transform","message":"encrypted frame","context":{"kid":9,"ctr":5,"byteLength":62,"codecOffset":10}}

[90mstdout[2m | apps/relay/src/__tests__/integration/mesh-placement-demo.integration.test.ts[2m > [22m[2mREQ-RMS-014 — legs e+f: +1 Byzantine relay slash-trigger SET + detect-latency bound[2m > [22m[2mthe +1 Byzantine relay (overclaim->under-serve) crosses the cumulative bound and the slash-trigger is SET (asserted, not live)
[22m[39m{"timestamp":"2026-06-22T06:52:41.408Z","level":"INFO","source":"frontend","module":"webrtc/sframe-transform","message":"encrypted frame","context":{"kid":9,"ctr":6,"byteLength":62,"codecOffset":10}}

[90mstdout[2m | apps/relay/src/__tests__/integration/mesh-placement-demo.integration.test.ts[2m > [22m[2mREQ-RMS-014 — legs e+f: +1 Byzantine relay slash-trigger SET + detect-latency bound[2m > [22m[2mthe +1 Byzantine relay (overclaim->under-serve) crosses the cumulative bound and the slash-trigger is SET (asserted, not live)
[22m[39m{"timestamp":"2026-06-22T06:52:41.409Z","level":"INFO","source":"frontend","module":"webrtc/sframe-transform","message":"encrypted frame","context":{"kid":9,"ctr":7,"byteLength":62,"codecOffset":10}}

{"level":30,"time":1782111161410,"pid":31608,"hostname":"Quang","name":"canary/verifier","canaryKid":9,"mediaPackets":7,"byteIdentical":7,"divergences":1,"msg":"canary forwarding verified"}
{"level":30,"time":1782111161410,"pid":31608,"hostname":"Quang","name":"canary/loss-classifier","relayMinerId":"relay-byz-demo","promoted":0,"absorbed":1,"tampers":0,"cumulativeCrossed":false,"msg":"canary divergences classified (drop gate / tamper p=1)"}
{"level":30,"time":1782111161410,"pid":31608,"hostname":"Quang","name":"canary/verify-loop","round":3,"relayMinerId":"relay-byz-demo","roomId":"demo-byz-room","perReceiver":2,"promoted":0,"absorbed":1,"stunLossBps":"0","msg":"canary verify round classified (hermetic half — synthetic capture, STUN read live)"}
[90mstdout[2m | apps/relay/src/__tests__/integration/mesh-placement-demo.integration.test.ts[2m > [22m[2mREQ-RMS-014 — legs e+f: +1 Byzantine relay slash-trigger SET + detect-latency bound[2m > [22m[2mthe +1 Byzantine relay (overclaim->under-serve) crosses the cumulative bound and the slash-trigger is SET (asserted, not live)
[22m[39m{"timestamp":"2026-06-22T06:52:41.412Z","level":"INFO","source":"frontend","module":"webrtc/sframe-transform","message":"encrypted frame","context":{"kid":9,"ctr":0,"byteLength":62,"codecOffset":10}}

[90mstdout[2m | apps/relay/src/__tests__/integration/mesh-placement-demo.integration.test.ts[2m > [22m[2mREQ-RMS-014 — legs e+f: +1 Byzantine relay slash-trigger SET + detect-latency bound[2m > [22m[2mthe +1 Byzantine relay (overclaim->under-serve) crosses the cumulative bound and the slash-trigger is SET (asserted, not live)
[22m[39m{"timestamp":"2026-06-22T06:52:41.413Z","level":"INFO","source":"frontend","module":"webrtc/sframe-transform","message":"encrypted frame","context":{"kid":9,"ctr":1,"byteLength":62,"codecOffset":10}}

[90mstdout[2m | apps/relay/src/__tests__/integration/mesh-placement-demo.integration.test.ts[2m > [22m[2mREQ-RMS-014 — legs e+f: +1 Byzantine relay slash-trigger SET + detect-latency bound[2m > [22m[2mthe +1 Byzantine relay (overclaim->under-serve) crosses the cumulative bound and the slash-trigger is SET (asserted, not live)
[22m[39m{"timestamp":"2026-06-22T06:52:41.414Z","level":"INFO","source":"frontend","module":"webrtc/sframe-transform","message":"encrypted frame","context":{"kid":9,"ctr":2,"byteLength":62,"codecOffset":10}}

[90mstdout[2m | apps/relay/src/__tests__/integration/mesh-placement-demo.integration.test.ts[2m > [22m[2mREQ-RMS-014 — legs e+f: +1 Byzantine relay slash-trigger SET + detect-latency bound[2m > [22m[2mthe +1 Byzantine relay (overclaim->under-serve) crosses the cumulative bound and the slash-trigger is SET (asserted, not live)
[22m[39m{"timestamp":"2026-06-22T06:52:41.415Z","level":"INFO","source":"frontend","module":"webrtc/sframe-transform","message":"encrypted frame","context":{"kid":9,"ctr":3,"byteLength":62,"codecOffset":10}}

[90mstdout[2m | apps/relay/src/__tests__/integration/mesh-placement-demo.integration.test.ts[2m > [22m[2mREQ-RMS-014 — legs e+f: +1 Byzantine relay slash-trigger SET + detect-latency bound[2m > [22m[2mthe +1 Byzantine relay (overclaim->under-serve) crosses the cumulative bound and the slash-trigger is SET (asserted, not live)
[22m[39m{"timestamp":"2026-06-22T06:52:41.417Z","level":"INFO","source":"frontend","module":"webrtc/sframe-transform","message":"encrypted frame","context":{"kid":9,"ctr":4,"byteLength":62,"codecOffset":10}}

[90mstdout[2m | apps/relay/src/__tests__/integration/mesh-placement-demo.integration.test.ts[2m > [22m[2mREQ-RMS-014 — legs e+f: +1 Byzantine relay slash-trigger SET + detect-latency bound[2m > [22m[2mthe +1 Byzantine relay (overclaim->under-serve) crosses the cumulative bound and the slash-trigger is SET (asserted, not live)
[22m[39m{"timestamp":"2026-06-22T06:52:41.418Z","level":"INFO","source":"frontend","module":"webrtc/sframe-transform","message":"encrypted frame","context":{"kid":9,"ctr":6,"byteLength":62,"codecOffset":10}}

[90mstdout[2m | apps/relay/src/__tests__/integration/mesh-placement-demo.integration.test.ts[2m > [22m[2mREQ-RMS-014 — legs e+f: +1 Byzantine relay slash-trigger SET + detect-latency bound[2m > [22m[2mthe +1 Byzantine relay (overclaim->under-serve) crosses the cumulative bound and the slash-trigger is SET (asserted, not live)
[22m[39m{"timestamp":"2026-06-22T06:52:41.419Z","level":"INFO","source":"frontend","module":"webrtc/sframe-transform","message":"encrypted frame","context":{"kid":9,"ctr":7,"byteLength":62,"codecOffset":10}}

[90mstdout[2m | apps/relay/src/__tests__/integration/mesh-placement-demo.integration.test.ts[2m > [22m[2mREQ-RMS-014 — legs e+f: +1 Byzantine relay slash-trigger SET + detect-latency bound[2m > [22m[2mthe +1 Byzantine relay (overclaim->under-serve) crosses the cumulative bound and the slash-trigger is SET (asserted, not live)
[22m[39m{"timestamp":"2026-06-22T06:52:41.420Z","level":"INFO","source":"frontend","module":"webrtc/sframe-transform","message":"encrypted frame","context":{"kid":9,"ctr":0,"byteLength":62,"codecOffset":10}}

[90mstdout[2m | apps/relay/src/__tests__/integration/mesh-placement-demo.integration.test.ts[2m > [22m[2mREQ-RMS-014 — legs e+f: +1 Byzantine relay slash-trigger SET + detect-latency bound[2m > [22m[2mthe +1 Byzantine relay (overclaim->under-serve) crosses the cumulative bound and the slash-trigger is SET (asserted, not live)
[22m[39m{"timestamp":"2026-06-22T06:52:41.421Z","level":"INFO","source":"frontend","module":"webrtc/sframe-transform","message":"encrypted frame","context":{"kid":9,"ctr":1,"byteLength":62,"codecOffset":10}}

[90mstdout[2m | apps/relay/src/__tests__/integration/mesh-placement-demo.integration.test.ts[2m > [22m[2mREQ-RMS-014 — legs e+f: +1 Byzantine relay slash-trigger SET + detect-latency bound[2m > [22m[2mthe +1 Byzantine relay (overclaim->under-serve) crosses the cumulative bound and the slash-trigger is SET (asserted, not live)
[22m[39m{"timestamp":"2026-06-22T06:52:41.422Z","level":"INFO","source":"frontend","module":"webrtc/sframe-transform","message":"encrypted frame","context":{"kid":9,"ctr":2,"byteLength":62,"codecOffset":10}}

[90mstdout[2m | apps/relay/src/__tests__/integration/mesh-placement-demo.integration.test.ts[2m > [22m[2mREQ-RMS-014 — legs e+f: +1 Byzantine relay slash-trigger SET + detect-latency bound[2m > [22m[2mthe +1 Byzantine relay (overclaim->under-serve) crosses the cumulative bound and the slash-trigger is SET (asserted, not live)
[22m[39m{"timestamp":"2026-06-22T06:52:41.423Z","level":"INFO","source":"frontend","module":"webrtc/sframe-transform","message":"encrypted frame","context":{"kid":9,"ctr":3,"byteLength":62,"codecOffset":10}}

[90mstdout[2m | apps/relay/src/__tests__/integration/mesh-placement-demo.integration.test.ts[2m > [22m[2mREQ-RMS-014 — legs e+f: +1 Byzantine relay slash-trigger SET + detect-latency bound[2m > [22m[2mthe +1 Byzantine relay (overclaim->under-serve) crosses the cumulative bound and the slash-trigger is SET (asserted, not live)
[22m[39m{"timestamp":"2026-06-22T06:52:41.424Z","level":"INFO","source":"frontend","module":"webrtc/sframe-transform","message":"encrypted frame","context":{"kid":9,"ctr":4,"byteLength":62,"codecOffset":10}}

[90mstdout[2m | apps/relay/src/__tests__/integration/mesh-placement-demo.integration.test.ts[2m > [22m[2mREQ-RMS-014 — legs e+f: +1 Byzantine relay slash-trigger SET + detect-latency bound[2m > [22m[2mthe +1 Byzantine relay (overclaim->under-serve) crosses the cumulative bound and the slash-trigger is SET (asserted, not live)
[22m[39m{"timestamp":"2026-06-22T06:52:41.425Z","level":"INFO","source":"frontend","module":"webrtc/sframe-transform","message":"encrypted frame","context":{"kid":9,"ctr":5,"byteLength":62,"codecOffset":10}}

[90mstdout[2m | apps/relay/src/__tests__/integration/mesh-placement-demo.integration.test.ts[2m > [22m[2mREQ-RMS-014 — legs e+f: +1 Byzantine relay slash-trigger SET + detect-latency bound[2m > [22m[2mthe +1 Byzantine relay (overclaim->under-serve) crosses the cumulative bound and the slash-trigger is SET (asserted, not live)
[22m[39m{"timestamp":"2026-06-22T06:52:41.426Z","level":"INFO","source":"frontend","module":"webrtc/sframe-transform","message":"encrypted frame","context":{"kid":9,"ctr":6,"byteLength":62,"codecOffset":10}}

[90mstdout[2m | apps/relay/src/__tests__/integration/mesh-placement-demo.integration.test.ts[2m > [22m[2mREQ-RMS-014 — legs e+f: +1 Byzantine relay slash-trigger SET + detect-latency bound[2m > [22m[2mthe +1 Byzantine relay (overclaim->under-serve) crosses the cumulative bound and the slash-trigger is SET (asserted, not live)
[22m[39m{"timestamp":"2026-06-22T06:52:41.427Z","level":"INFO","source":"frontend","module":"webrtc/sframe-transform","message":"encrypted frame","context":{"kid":9,"ctr":7,"byteLength":62,"codecOffset":10}}

{"level":30,"time":1782111161427,"pid":31608,"hostname":"Quang","name":"canary/verifier","canaryKid":9,"mediaPackets":7,"byteIdentical":7,"divergences":1,"msg":"canary forwarding verified"}
[90mstdout[2m | apps/relay/src/__tests__/integration/mesh-placement-demo.integration.test.ts[2m > [22m[2mREQ-RMS-014 — legs e+f: +1 Byzantine relay slash-trigger SET + detect-latency bound[2m > [22m[2mthe +1 Byzantine relay (overclaim->under-serve) crosses the cumulative bound and the slash-trigger is SET (asserted, not live)
[22m[39m{"timestamp":"2026-06-22T06:52:41.428Z","level":"INFO","source":"frontend","module":"webrtc/sframe-transform","message":"encrypted frame","context":{"kid":9,"ctr":0,"byteLength":62,"codecOffset":10}}

[90mstdout[2m | apps/relay/src/__tests__/integration/mesh-placement-demo.integration.test.ts[2m > [22m[2mREQ-RMS-014 — legs e+f: +1 Byzantine relay slash-trigger SET + detect-latency bound[2m > [22m[2mthe +1 Byzantine relay (overclaim->under-serve) crosses the cumulative bound and the slash-trigger is SET (asserted, not live)
[22m[39m{"timestamp":"2026-06-22T06:52:41.429Z","level":"INFO","source":"frontend","module":"webrtc/sframe-transform","message":"encrypted frame","context":{"kid":9,"ctr":1,"byteLength":62,"codecOffset":10}}

[90mstdout[2m | apps/relay/src/__tests__/integration/mesh-placement-demo.integration.test.ts[2m > [22m[2mREQ-RMS-014 — legs e+f: +1 Byzantine relay slash-trigger SET + detect-latency bound[2m > [22m[2mthe +1 Byzantine relay (overclaim->under-serve) crosses the cumulative bound and the slash-trigger is SET (asserted, not live)
[22m[39m{"timestamp":"2026-06-22T06:52:41.430Z","level":"INFO","source":"frontend","module":"webrtc/sframe-transform","message":"encrypted frame","context":{"kid":9,"ctr":2,"byteLength":62,"codecOffset":10}}

[90mstdout[2m | apps/relay/src/__tests__/integration/mesh-placement-demo.integration.test.ts[2m > [22m[2mREQ-RMS-014 — legs e+f: +1 Byzantine relay slash-trigger SET + detect-latency bound[2m > [22m[2mthe +1 Byzantine relay (overclaim->under-serve) crosses the cumulative bound and the slash-trigger is SET (asserted, not live)
[22m[39m{"timestamp":"2026-06-22T06:52:41.432Z","level":"INFO","source":"frontend","module":"webrtc/sframe-transform","message":"encrypted frame","context":{"kid":9,"ctr":3,"byteLength":62,"codecOffset":10}}

[90mstdout[2m | apps/relay/src/__tests__/integration/mesh-placement-demo.integration.test.ts[2m > [22m[2mREQ-RMS-014 — legs e+f: +1 Byzantine relay slash-trigger SET + detect-latency bound[2m > [22m[2mthe +1 Byzantine relay (overclaim->under-serve) crosses the cumulative bound and the slash-trigger is SET (asserted, not live)
[22m[39m{"timestamp":"2026-06-22T06:52:41.433Z","level":"INFO","source":"frontend","module":"webrtc/sframe-transform","message":"encrypted frame","context":{"kid":9,"ctr":4,"byteLength":62,"codecOffset":10}}

[90mstdout[2m | apps/relay/src/__tests__/integration/mesh-placement-demo.integration.test.ts[2m > [22m[2mREQ-RMS-014 — legs e+f: +1 Byzantine relay slash-trigger SET + detect-latency bound[2m > [22m[2mthe +1 Byzantine relay (overclaim->under-serve) crosses the cumulative bound and the slash-trigger is SET (asserted, not live)
[22m[39m{"timestamp":"2026-06-22T06:52:41.434Z","level":"INFO","source":"frontend","module":"webrtc/sframe-transform","message":"encrypted frame","context":{"kid":9,"ctr":5,"byteLength":62,"codecOffset":10}}

[90mstdout[2m | apps/relay/src/__tests__/integration/mesh-placement-demo.integration.test.ts[2m > [22m[2mREQ-RMS-014 — legs e+f: +1 Byzantine relay slash-trigger SET + detect-latency bound[2m > [22m[2mthe +1 Byzantine relay (overclaim->under-serve) crosses the cumulative bound and the slash-trigger is SET (asserted, not live)
[22m[39m{"timestamp":"2026-06-22T06:52:41.436Z","level":"INFO","source":"frontend","module":"webrtc/sframe-transform","message":"encrypted frame","context":{"kid":9,"ctr":6,"byteLength":62,"codecOffset":10}}

[90mstdout[2m | apps/relay/src/__tests__/integration/mesh-placement-demo.integration.test.ts[2m > [22m[2mREQ-RMS-014 — legs e+f: +1 Byzantine relay slash-trigger SET + detect-latency bound[2m > [22m[2mthe +1 Byzantine relay (overclaim->under-serve) crosses the cumulative bound and the slash-trigger is SET (asserted, not live)
[22m[39m{"timestamp":"2026-06-22T06:52:41.437Z","level":"INFO","source":"frontend","module":"webrtc/sframe-transform","message":"encrypted frame","context":{"kid":9,"ctr":7,"byteLength":62,"codecOffset":10}}

{"level":30,"time":1782111161438,"pid":31608,"hostname":"Quang","name":"canary/verifier","canaryKid":9,"mediaPackets":7,"byteIdentical":7,"divergences":1,"msg":"canary forwarding verified"}
{"level":30,"time":1782111161438,"pid":31608,"hostname":"Quang","name":"canary/loss-classifier","relayMinerId":"relay-byz-demo","promoted":1,"absorbed":0,"tampers":0,"cumulativeCrossed":true,"msg":"canary divergences classified (drop gate / tamper p=1)"}
{"level":30,"time":1782111161446,"pid":31608,"hostname":"Quang","name":"canary/verify-loop","round":4,"relayMinerId":"relay-byz-demo","roomId":"demo-byz-room","perReceiver":2,"promoted":1,"absorbed":0,"stunLossBps":"0","msg":"canary verify round classified (hermetic half — synthetic capture, STUN read live)"}
[90mstdout[2m | apps/relay/src/__tests__/integration/mesh-placement-demo.integration.test.ts[2m > [22m[2mREQ-RMS-014 — legs e+f: +1 Byzantine relay slash-trigger SET + detect-latency bound[2m > [22m[2mthe +1 Byzantine relay (overclaim->under-serve) crosses the cumulative bound and the slash-trigger is SET (asserted, not live)
[22m[39m{"timestamp":"2026-06-22T06:52:41.454Z","level":"INFO","source":"frontend","module":"webrtc/sframe-transform","message":"encrypted frame","context":{"kid":9,"ctr":0,"byteLength":62,"codecOffset":10}}

[90mstdout[2m | apps/relay/src/__tests__/integration/mesh-placement-demo.integration.test.ts[2m > [22m[2mREQ-RMS-014 — legs e+f: +1 Byzantine relay slash-trigger SET + detect-latency bound[2m > [22m[2mthe +1 Byzantine relay (overclaim->under-serve) crosses the cumulative bound and the slash-trigger is SET (asserted, not live)
[22m[39m{"timestamp":"2026-06-22T06:52:41.455Z","level":"INFO","source":"frontend","module":"webrtc/sframe-transform","message":"encrypted frame","context":{"kid":9,"ctr":1,"byteLength":62,"codecOffset":10}}

[90mstdout[2m | apps/relay/src/__tests__/integration/mesh-placement-demo.integration.test.ts[2m > [22m[2mREQ-RMS-014 — legs e+f: +1 Byzantine relay slash-trigger SET + detect-latency bound[2m > [22m[2mthe +1 Byzantine relay (overclaim->under-serve) crosses the cumulative bound and the slash-trigger is SET (asserted, not live)
[22m[39m{"timestamp":"2026-06-22T06:52:41.457Z","level":"INFO","source":"frontend","module":"webrtc/sframe-transform","message":"encrypted frame","context":{"kid":9,"ctr":2,"byteLength":62,"codecOffset":10}}

[90mstdout[2m | apps/relay/src/__tests__/integration/mesh-placement-demo.integration.test.ts[2m > [22m[2mREQ-RMS-014 — legs e+f: +1 Byzantine relay slash-trigger SET + detect-latency bound[2m > [22m[2mthe +1 Byzantine relay (overclaim->under-serve) crosses the cumulative bound and the slash-trigger is SET (asserted, not live)
[22m[39m{"timestamp":"2026-06-22T06:52:41.458Z","level":"INFO","source":"frontend","module":"webrtc/sframe-transform","message":"encrypted frame","context":{"kid":9,"ctr":3,"byteLength":62,"codecOffset":10}}

[90mstdout[2m | apps/relay/src/__tests__/integration/mesh-placement-demo.integration.test.ts[2m > [22m[2mREQ-RMS-014 — legs e+f: +1 Byzantine relay slash-trigger SET + detect-latency bound[2m > [22m[2mthe +1 Byzantine relay (overclaim->under-serve) crosses the cumulative bound and the slash-trigger is SET (asserted, not live)
[22m[39m{"timestamp":"2026-06-22T06:52:41.459Z","level":"INFO","source":"frontend","module":"webrtc/sframe-transform","message":"encrypted frame","context":{"kid":9,"ctr":4,"byteLength":62,"codecOffset":10}}

[90mstdout[2m | apps/relay/src/__tests__/integration/mesh-placement-demo.integration.test.ts[2m > [22m[2mREQ-RMS-014 — legs e+f: +1 Byzantine relay slash-trigger SET + detect-latency bound[2m > [22m[2mthe +1 Byzantine relay (overclaim->under-serve) crosses the cumulative bound and the slash-trigger is SET (asserted, not live)
[22m[39m{"timestamp":"2026-06-22T06:52:41.461Z","level":"INFO","source":"frontend","module":"webrtc/sframe-transform","message":"encrypted frame","context":{"kid":9,"ctr":6,"byteLength":62,"codecOffset":10}}

[90mstdout[2m | apps/relay/src/__tests__/integration/mesh-placement-demo.integration.test.ts[2m > [22m[2mREQ-RMS-014 — legs e+f: +1 Byzantine relay slash-trigger SET + detect-latency bound[2m > [22m[2mthe +1 Byzantine relay (overclaim->under-serve) crosses the cumulative bound and the slash-trigger is SET (asserted, not live)
[22m[39m{"timestamp":"2026-06-22T06:52:41.463Z","level":"INFO","source":"frontend","module":"webrtc/sframe-transform","message":"encrypted frame","context":{"kid":9,"ctr":7,"byteLength":62,"codecOffset":10}}

[90mstdout[2m | apps/relay/src/__tests__/integration/mesh-placement-demo.integration.test.ts[2m > [22m[2mREQ-RMS-014 — legs e+f: +1 Byzantine relay slash-trigger SET + detect-latency bound[2m > [22m[2mthe +1 Byzantine relay (overclaim->under-serve) crosses the cumulative bound and the slash-trigger is SET (asserted, not live)
[22m[39m{"timestamp":"2026-06-22T06:52:41.469Z","level":"INFO","source":"frontend","module":"webrtc/sframe-transform","message":"encrypted frame","context":{"kid":9,"ctr":0,"byteLength":62,"codecOffset":10}}

[90mstdout[2m | apps/relay/src/__tests__/integration/mesh-placement-demo.integration.test.ts[2m > [22m[2mREQ-RMS-014 — legs e+f: +1 Byzantine relay slash-trigger SET + detect-latency bound[2m > [22m[2mthe +1 Byzantine relay (overclaim->under-serve) crosses the cumulative bound and the slash-trigger is SET (asserted, not live)
[22m[39m{"timestamp":"2026-06-22T06:52:41.475Z","level":"INFO","source":"frontend","module":"webrtc/sframe-transform","message":"encrypted frame","context":{"kid":9,"ctr":1,"byteLength":62,"codecOffset":10}}

[90mstdout[2m | apps/relay/src/__tests__/integration/mesh-placement-demo.integration.test.ts[2m > [22m[2mREQ-RMS-014 — legs e+f: +1 Byzantine relay slash-trigger SET + detect-latency bound[2m > [22m[2mthe +1 Byzantine relay (overclaim->under-serve) crosses the cumulative bound and the slash-trigger is SET (asserted, not live)
[22m[39m{"timestamp":"2026-06-22T06:52:41.480Z","level":"INFO","source":"frontend","module":"webrtc/sframe-transform","message":"encrypted frame","context":{"kid":9,"ctr":2,"byteLength":62,"codecOffset":10}}

[90mstdout[2m | apps/relay/src/__tests__/integration/mesh-placement-demo.integration.test.ts[2m > [22m[2mREQ-RMS-014 — legs e+f: +1 Byzantine relay slash-trigger SET + detect-latency bound[2m > [22m[2mthe +1 Byzantine relay (overclaim->under-serve) crosses the cumulative bound and the slash-trigger is SET (asserted, not live)
[22m[39m{"timestamp":"2026-06-22T06:52:41.482Z","level":"INFO","source":"frontend","module":"webrtc/sframe-transform","message":"encrypted frame","context":{"kid":9,"ctr":3,"byteLength":62,"codecOffset":10}}

[90mstdout[2m | apps/relay/src/__tests__/integration/mesh-placement-demo.integration.test.ts[2m > [22m[2mREQ-RMS-014 — legs e+f: +1 Byzantine relay slash-trigger SET + detect-latency bound[2m > [22m[2mthe +1 Byzantine relay (overclaim->under-serve) crosses the cumulative bound and the slash-trigger is SET (asserted, not live)
[22m[39m{"timestamp":"2026-06-22T06:52:41.486Z","level":"INFO","source":"frontend","module":"webrtc/sframe-transform","message":"encrypted frame","context":{"kid":9,"ctr":4,"byteLength":62,"codecOffset":10}}

[90mstdout[2m | apps/relay/src/__tests__/integration/mesh-placement-demo.integration.test.ts[2m > [22m[2mREQ-RMS-014 — legs e+f: +1 Byzantine relay slash-trigger SET + detect-latency bound[2m > [22m[2mthe +1 Byzantine relay (overclaim->under-serve) crosses the cumulative bound and the slash-trigger is SET (asserted, not live)
[22m[39m{"timestamp":"2026-06-22T06:52:41.491Z","level":"INFO","source":"frontend","module":"webrtc/sframe-transform","message":"encrypted frame","context":{"kid":9,"ctr":5,"byteLength":62,"codecOffset":10}}

[90mstdout[2m | apps/relay/src/__tests__/integration/mesh-placement-demo.integration.test.ts[2m > [22m[2mREQ-RMS-014 — legs e+f: +1 Byzantine relay slash-trigger SET + detect-latency bound[2m > [22m[2mthe +1 Byzantine relay (overclaim->under-serve) crosses the cumulative bound and the slash-trigger is SET (asserted, not live)
[22m[39m{"timestamp":"2026-06-22T06:52:41.492Z","level":"INFO","source":"frontend","module":"webrtc/sframe-transform","message":"encrypted frame","context":{"kid":9,"ctr":6,"byteLength":62,"codecOffset":10}}

[90mstdout[2m | apps/relay/src/__tests__/integration/mesh-placement-demo.integration.test.ts[2m > [22m[2mREQ-RMS-014 — legs e+f: +1 Byzantine relay slash-trigger SET + detect-latency bound[2m > [22m[2mthe +1 Byzantine relay (overclaim->under-serve) crosses the cumulative bound and the slash-trigger is SET (asserted, not live)
[22m[39m{"timestamp":"2026-06-22T06:52:41.495Z","level":"INFO","source":"frontend","module":"webrtc/sframe-transform","message":"encrypted frame","context":{"kid":9,"ctr":7,"byteLength":62,"codecOffset":10}}

{"level":30,"time":1782111161496,"pid":31608,"hostname":"Quang","name":"canary/verifier","canaryKid":9,"mediaPackets":7,"byteIdentical":7,"divergences":1,"msg":"canary forwarding verified"}
[90mstdout[2m | apps/relay/src/__tests__/integration/mesh-placement-demo.integration.test.ts[2m > [22m[2mREQ-RMS-014 — legs e+f: +1 Byzantine relay slash-trigger SET + detect-latency bound[2m > [22m[2mthe +1 Byzantine relay (overclaim->under-serve) crosses the cumulative bound and the slash-trigger is SET (asserted, not live)
[22m[39m{"timestamp":"2026-06-22T06:52:41.498Z","level":"INFO","source":"frontend","module":"webrtc/sframe-transform","message":"encrypted frame","context":{"kid":9,"ctr":0,"byteLength":62,"codecOffset":10}}

[90mstdout[2m | apps/relay/src/__tests__/integration/mesh-placement-demo.integration.test.ts[2m > [22m[2mREQ-RMS-014 — legs e+f: +1 Byzantine relay slash-trigger SET + detect-latency bound[2m > [22m[2mthe +1 Byzantine relay (overclaim->under-serve) crosses the cumulative bound and the slash-trigger is SET (asserted, not live)
[22m[39m{"timestamp":"2026-06-22T06:52:41.500Z","level":"INFO","source":"frontend","module":"webrtc/sframe-transform","message":"encrypted frame","context":{"kid":9,"ctr":1,"byteLength":62,"codecOffset":10}}

[90mstdout[2m | apps/relay/src/__tests__/integration/mesh-placement-demo.integration.test.ts[2m > [22m[2mREQ-RMS-014 — legs e+f: +1 Byzantine relay slash-trigger SET + detect-latency bound[2m > [22m[2mthe +1 Byzantine relay (overclaim->under-serve) crosses the cumulative bound and the slash-trigger is SET (asserted, not live)
[22m[39m{"timestamp":"2026-06-22T06:52:41.502Z","level":"INFO","source":"frontend","module":"webrtc/sframe-transform","message":"encrypted frame","context":{"kid":9,"ctr":2,"byteLength":62,"codecOffset":10}}

[90mstdout[2m | apps/relay/src/__tests__/integration/mesh-placement-demo.integration.test.ts[2m > [22m[2mREQ-RMS-014 — legs e+f: +1 Byzantine relay slash-trigger SET + detect-latency bound[2m > [22m[2mthe +1 Byzantine relay (overclaim->under-serve) crosses the cumulative bound and the slash-trigger is SET (asserted, not live)
[22m[39m{"timestamp":"2026-06-22T06:52:41.505Z","level":"INFO","source":"frontend","module":"webrtc/sframe-transform","message":"encrypted frame","context":{"kid":9,"ctr":3,"byteLength":62,"codecOffset":10}}

[90mstdout[2m | apps/relay/src/__tests__/integration/mesh-placement-demo.integration.test.ts[2m > [22m[2mREQ-RMS-014 — legs e+f: +1 Byzantine relay slash-trigger SET + detect-latency bound[2m > [22m[2mthe +1 Byzantine relay (overclaim->under-serve) crosses the cumulative bound and the slash-trigger is SET (asserted, not live)
[22m[39m{"timestamp":"2026-06-22T06:52:41.509Z","level":"INFO","source":"frontend","module":"webrtc/sframe-transform","message":"encrypted frame","context":{"kid":9,"ctr":4,"byteLength":62,"codecOffset":10}}

[90mstdout[2m | apps/relay/src/__tests__/integration/mesh-placement-demo.integration.test.ts[2m > [22m[2mREQ-RMS-014 — legs e+f: +1 Byzantine relay slash-trigger SET + detect-latency bound[2m > [22m[2mthe +1 Byzantine relay (overclaim->under-serve) crosses the cumulative bound and the slash-trigger is SET (asserted, not live)
[22m[39m{"timestamp":"2026-06-22T06:52:41.511Z","level":"INFO","source":"frontend","module":"webrtc/sframe-transform","message":"encrypted frame","context":{"kid":9,"ctr":5,"byteLength":62,"codecOffset":10}}

[90mstdout[2m | apps/relay/src/__tests__/integration/mesh-placement-demo.integration.test.ts[2m > [22m[2mREQ-RMS-014 — legs e+f: +1 Byzantine relay slash-trigger SET + detect-latency bound[2m > [22m[2mthe +1 Byzantine relay (overclaim->under-serve) crosses the cumulative bound and the slash-trigger is SET (asserted, not live)
[22m[39m{"timestamp":"2026-06-22T06:52:41.513Z","level":"INFO","source":"frontend","module":"webrtc/sframe-transform","message":"encrypted frame","context":{"kid":9,"ctr":6,"byteLength":62,"codecOffset":10}}

[90mstdout[2m | apps/relay/src/__tests__/integration/mesh-placement-demo.integration.test.ts[2m > [22m[2mREQ-RMS-014 — legs e+f: +1 Byzantine relay slash-trigger SET + detect-latency bound[2m > [22m[2mthe +1 Byzantine relay (overclaim->under-serve) crosses the cumulative bound and the slash-trigger is SET (asserted, not live)
[22m[39m{"timestamp":"2026-06-22T06:52:41.514Z","level":"INFO","source":"frontend","module":"webrtc/sframe-transform","message":"encrypted frame","context":{"kid":9,"ctr":7,"byteLength":62,"codecOffset":10}}

{"level":30,"time":1782111161515,"pid":31608,"hostname":"Quang","name":"canary/verifier","canaryKid":9,"mediaPackets":7,"byteIdentical":7,"divergences":1,"msg":"canary forwarding verified"}
{"level":30,"time":1782111161516,"pid":31608,"hostname":"Quang","name":"canary/loss-classifier","relayMinerId":"relay-byz-demo","promoted":1,"absorbed":0,"tampers":0,"cumulativeCrossed":true,"msg":"canary divergences classified (drop gate / tamper p=1)"}
{"level":30,"time":1782111161524,"pid":31608,"hostname":"Quang","name":"canary/verify-loop","round":4,"relayMinerId":"relay-byz-demo","roomId":"demo-byz-room","perReceiver":2,"promoted":1,"absorbed":0,"stunLossBps":"0","msg":"canary verify round classified (hermetic half — synthetic capture, STUN read live)"}
{"level":30,"time":1782111161530,"pid":31608,"hostname":"Quang","name":"canary/proof","roomId":"demo-byz-room","relayMinerId":"relay-byz-demo","canaryId":9,"frameSeq":5,"drop":true,"distinctAttesters":2,"totalAttestations":2,"msg":"canary divergence proof assembled from remote attestations (W-M4-COSIGN)"}
[90mstdout[2m | apps/relay/src/__tests__/integration/mesh-placement-demo.integration.test.ts[2m > [22m[2mREQ-RMS-014 — legs e+f: +1 Byzantine relay slash-trigger SET + detect-latency bound[2m > [22m[2mthe +1 Byzantine relay (overclaim->under-serve) crosses the cumulative bound and the slash-trigger is SET (asserted, not live)
[22m[39m{"timestamp":"2026-06-22T06:52:41.532Z","level":"INFO","source":"frontend","module":"webrtc/sframe-transform","message":"encrypted frame","context":{"kid":9,"ctr":0,"byteLength":62,"codecOffset":10}}

[90mstdout[2m | apps/relay/src/__tests__/integration/mesh-placement-demo.integration.test.ts[2m > [22m[2mREQ-RMS-014 — legs e+f: +1 Byzantine relay slash-trigger SET + detect-latency bound[2m > [22m[2mthe +1 Byzantine relay (overclaim->under-serve) crosses the cumulative bound and the slash-trigger is SET (asserted, not live)
[22m[39m{"timestamp":"2026-06-22T06:52:41.534Z","level":"INFO","source":"frontend","module":"webrtc/sframe-transform","message":"encrypted frame","context":{"kid":9,"ctr":1,"byteLength":62,"codecOffset":10}}

[90mstdout[2m | apps/relay/src/__tests__/integration/mesh-placement-demo.integration.test.ts[2m > [22m[2mREQ-RMS-014 — legs e+f: +1 Byzantine relay slash-trigger SET + detect-latency bound[2m > [22m[2mthe +1 Byzantine relay (overclaim->under-serve) crosses the cumulative bound and the slash-trigger is SET (asserted, not live)
[22m[39m{"timestamp":"2026-06-22T06:52:41.535Z","level":"INFO","source":"frontend","module":"webrtc/sframe-transform","message":"encrypted frame","context":{"kid":9,"ctr":2,"byteLength":62,"codecOffset":10}}

[90mstdout[2m | apps/relay/src/__tests__/integration/mesh-placement-demo.integration.test.ts[2m > [22m[2mREQ-RMS-014 — legs e+f: +1 Byzantine relay slash-trigger SET + detect-latency bound[2m > [22m[2mthe +1 Byzantine relay (overclaim->under-serve) crosses the cumulative bound and the slash-trigger is SET (asserted, not live)
[22m[39m{"timestamp":"2026-06-22T06:52:41.536Z","level":"INFO","source":"frontend","module":"webrtc/sframe-transform","message":"encrypted frame","context":{"kid":9,"ctr":3,"byteLength":62,"codecOffset":10}}

[90mstdout[2m | apps/relay/src/__tests__/integration/mesh-placement-demo.integration.test.ts[2m > [22m[2mREQ-RMS-014 — legs e+f: +1 Byzantine relay slash-trigger SET + detect-latency bound[2m > [22m[2mthe +1 Byzantine relay (overclaim->under-serve) crosses the cumulative bound and the slash-trigger is SET (asserted, not live)
[22m[39m{"timestamp":"2026-06-22T06:52:41.537Z","level":"INFO","source":"frontend","module":"webrtc/sframe-transform","message":"encrypted frame","context":{"kid":9,"ctr":4,"byteLength":62,"codecOffset":10}}

[90mstdout[2m | apps/relay/src/__tests__/integration/mesh-placement-demo.integration.test.ts[2m > [22m[2mREQ-RMS-014 — legs e+f: +1 Byzantine relay slash-trigger SET + detect-latency bound[2m > [22m[2mthe +1 Byzantine relay (overclaim->under-serve) crosses the cumulative bound and the slash-trigger is SET (asserted, not live)
[22m[39m{"timestamp":"2026-06-22T06:52:41.538Z","level":"INFO","source":"frontend","module":"webrtc/sframe-transform","message":"encrypted frame","context":{"kid":9,"ctr":6,"byteLength":62,"codecOffset":10}}

[90mstdout[2m | apps/relay/src/__tests__/integration/mesh-placement-demo.integration.test.ts[2m > [22m[2mREQ-RMS-014 — legs e+f: +1 Byzantine relay slash-trigger SET + detect-latency bound[2m > [22m[2mthe +1 Byzantine relay (overclaim->under-serve) crosses the cumulative bound and the slash-trigger is SET (asserted, not live)
[22m[39m{"timestamp":"2026-06-22T06:52:41.541Z","level":"INFO","source":"frontend","module":"webrtc/sframe-transform","message":"encrypted frame","context":{"kid":9,"ctr":7,"byteLength":62,"codecOffset":10}}

[90mstdout[2m | apps/relay/src/__tests__/integration/mesh-placement-demo.integration.test.ts[2m > [22m[2mREQ-RMS-014 — legs e+f: +1 Byzantine relay slash-trigger SET + detect-latency bound[2m > [22m[2mthe +1 Byzantine relay (overclaim->under-serve) crosses the cumulative bound and the slash-trigger is SET (asserted, not live)
[22m[39m{"timestamp":"2026-06-22T06:52:41.543Z","level":"INFO","source":"frontend","module":"webrtc/sframe-transform","message":"encrypted frame","context":{"kid":9,"ctr":0,"byteLength":62,"codecOffset":10}}

[90mstdout[2m | apps/relay/src/__tests__/integration/mesh-placement-demo.integration.test.ts[2m > [22m[2mREQ-RMS-014 — legs e+f: +1 Byzantine relay slash-trigger SET + detect-latency bound[2m > [22m[2mthe +1 Byzantine relay (overclaim->under-serve) crosses the cumulative bound and the slash-trigger is SET (asserted, not live)
[22m[39m{"timestamp":"2026-06-22T06:52:41.545Z","level":"INFO","source":"frontend","module":"webrtc/sframe-transform","message":"encrypted frame","context":{"kid":9,"ctr":1,"byteLength":62,"codecOffset":10}}

[90mstdout[2m | apps/relay/src/__tests__/integration/mesh-placement-demo.integration.test.ts[2m > [22m[2mREQ-RMS-014 — legs e+f: +1 Byzantine relay slash-trigger SET + detect-latency bound[2m > [22m[2mthe +1 Byzantine relay (overclaim->under-serve) crosses the cumulative bound and the slash-trigger is SET (asserted, not live)
[22m[39m{"timestamp":"2026-06-22T06:52:41.547Z","level":"INFO","source":"frontend","module":"webrtc/sframe-transform","message":"encrypted frame","context":{"kid":9,"ctr":2,"byteLength":62,"codecOffset":10}}

[90mstdout[2m | apps/relay/src/__tests__/integration/mesh-placement-demo.integration.test.ts[2m > [22m[2mREQ-RMS-014 — legs e+f: +1 Byzantine relay slash-trigger SET + detect-latency bound[2m > [22m[2mthe +1 Byzantine relay (overclaim->under-serve) crosses the cumulative bound and the slash-trigger is SET (asserted, not live)
[22m[39m{"timestamp":"2026-06-22T06:52:41.549Z","level":"INFO","source":"frontend","module":"webrtc/sframe-transform","message":"encrypted frame","context":{"kid":9,"ctr":3,"byteLength":62,"codecOffset":10}}

[90mstdout[2m | apps/relay/src/__tests__/integration/mesh-placement-demo.integration.test.ts[2m > [22m[2mREQ-RMS-014 — legs e+f: +1 Byzantine relay slash-trigger SET + detect-latency bound[2m > [22m[2mthe +1 Byzantine relay (overclaim->under-serve) crosses the cumulative bound and the slash-trigger is SET (asserted, not live)
[22m[39m{"timestamp":"2026-06-22T06:52:41.551Z","level":"INFO","source":"frontend","module":"webrtc/sframe-transform","message":"encrypted frame","context":{"kid":9,"ctr":4,"byteLength":62,"codecOffset":10}}

[90mstdout[2m | apps/relay/src/__tests__/integration/mesh-placement-demo.integration.test.ts[2m > [22m[2mREQ-RMS-014 — legs e+f: +1 Byzantine relay slash-trigger SET + detect-latency bound[2m > [22m[2mthe +1 Byzantine relay (overclaim->under-serve) crosses the cumulative bound and the slash-trigger is SET (asserted, not live)
[22m[39m{"timestamp":"2026-06-22T06:52:41.552Z","level":"INFO","source":"frontend","module":"webrtc/sframe-transform","message":"encrypted frame","context":{"kid":9,"ctr":5,"byteLength":62,"codecOffset":10}}

[90mstdout[2m | apps/relay/src/__tests__/integration/mesh-placement-demo.integration.test.ts[2m > [22m[2mREQ-RMS-014 — legs e+f: +1 Byzantine relay slash-trigger SET + detect-latency bound[2m > [22m[2mthe +1 Byzantine relay (overclaim->under-serve) crosses the cumulative bound and the slash-trigger is SET (asserted, not live)
[22m[39m{"timestamp":"2026-06-22T06:52:41.553Z","level":"INFO","source":"frontend","module":"webrtc/sframe-transform","message":"encrypted frame","context":{"kid":9,"ctr":6,"byteLength":62,"codecOffset":10}}

[90mstdout[2m | apps/relay/src/__tests__/integration/mesh-placement-demo.integration.test.ts[2m > [22m[2mREQ-RMS-014 — legs e+f: +1 Byzantine relay slash-trigger SET + detect-latency bound[2m > [22m[2mthe +1 Byzantine relay (overclaim->under-serve) crosses the cumulative bound and the slash-trigger is SET (asserted, not live)
[22m[39m{"timestamp":"2026-06-22T06:52:41.554Z","level":"INFO","source":"frontend","module":"webrtc/sframe-transform","message":"encrypted frame","context":{"kid":9,"ctr":7,"byteLength":62,"codecOffset":10}}

{"level":30,"time":1782111161555,"pid":31608,"hostname":"Quang","name":"canary/verifier","canaryKid":9,"mediaPackets":7,"byteIdentical":7,"divergences":1,"msg":"canary forwarding verified"}
[90mstdout[2m | apps/relay/src/__tests__/integration/mesh-placement-demo.integration.test.ts[2m > [22m[2mREQ-RMS-014 — legs e+f: +1 Byzantine relay slash-trigger SET + detect-latency bound[2m > [22m[2mthe +1 Byzantine relay (overclaim->under-serve) crosses the cumulative bound and the slash-trigger is SET (asserted, not live)
[22m[39m{"timestamp":"2026-06-22T06:52:41.558Z","level":"INFO","source":"frontend","module":"webrtc/sframe-transform","message":"encrypted frame","context":{"kid":9,"ctr":0,"byteLength":62,"codecOffset":10}}

[90mstdout[2m | apps/relay/src/__tests__/integration/mesh-placement-demo.integration.test.ts[2m > [22m[2mREQ-RMS-014 — legs e+f: +1 Byzantine relay slash-trigger SET + detect-latency bound[2m > [22m[2mthe +1 Byzantine relay (overclaim->under-serve) crosses the cumulative bound and the slash-trigger is SET (asserted, not live)
[22m[39m{"timestamp":"2026-06-22T06:52:41.560Z","level":"INFO","source":"frontend","module":"webrtc/sframe-transform","message":"encrypted frame","context":{"kid":9,"ctr":1,"byteLength":62,"codecOffset":10}}

[90mstdout[2m | apps/relay/src/__tests__/integration/mesh-placement-demo.integration.test.ts[2m > [22m[2mREQ-RMS-014 — legs e+f: +1 Byzantine relay slash-trigger SET + detect-latency bound[2m > [22m[2mthe +1 Byzantine relay (overclaim->under-serve) crosses the cumulative bound and the slash-trigger is SET (asserted, not live)
[22m[39m{"timestamp":"2026-06-22T06:52:41.561Z","level":"INFO","source":"frontend","module":"webrtc/sframe-transform","message":"encrypted frame","context":{"kid":9,"ctr":2,"byteLength":62,"codecOffset":10}}

[90mstdout[2m | apps/relay/src/__tests__/integration/mesh-placement-demo.integration.test.ts[2m > [22m[2mREQ-RMS-014 — legs e+f: +1 Byzantine relay slash-trigger SET + detect-latency bound[2m > [22m[2mthe +1 Byzantine relay (overclaim->under-serve) crosses the cumulative bound and the slash-trigger is SET (asserted, not live)
[22m[39m{"timestamp":"2026-06-22T06:52:41.562Z","level":"INFO","source":"frontend","module":"webrtc/sframe-transform","message":"encrypted frame","context":{"kid":9,"ctr":3,"byteLength":62,"codecOffset":10}}

[90mstdout[2m | apps/relay/src/__tests__/integration/mesh-placement-demo.integration.test.ts[2m > [22m[2mREQ-RMS-014 — legs e+f: +1 Byzantine relay slash-trigger SET + detect-latency bound[2m > [22m[2mthe +1 Byzantine relay (overclaim->under-serve) crosses the cumulative bound and the slash-trigger is SET (asserted, not live)
[22m[39m{"timestamp":"2026-06-22T06:52:41.563Z","level":"INFO","source":"frontend","module":"webrtc/sframe-transform","message":"encrypted frame","context":{"kid":9,"ctr":4,"byteLength":62,"codecOffset":10}}

[90mstdout[2m | apps/relay/src/__tests__/integration/mesh-placement-demo.integration.test.ts[2m > [22m[2mREQ-RMS-014 — legs e+f: +1 Byzantine relay slash-trigger SET + detect-latency bound[2m > [22m[2mthe +1 Byzantine relay (overclaim->under-serve) crosses the cumulative bound and the slash-trigger is SET (asserted, not live)
[22m[39m{"timestamp":"2026-06-22T06:52:41.565Z","level":"INFO","source":"frontend","module":"webrtc/sframe-transform","message":"encrypted frame","context":{"kid":9,"ctr":5,"byteLength":62,"codecOffset":10}}

[90mstdout[2m | apps/relay/src/__tests__/integration/mesh-placement-demo.integration.test.ts[2m > [22m[2mREQ-RMS-014 — legs e+f: +1 Byzantine relay slash-trigger SET + detect-latency bound[2m > [22m[2mthe +1 Byzantine relay (overclaim->under-serve) crosses the cumulative bound and the slash-trigger is SET (asserted, not live)
[22m[39m{"timestamp":"2026-06-22T06:52:41.566Z","level":"INFO","source":"frontend","module":"webrtc/sframe-transform","message":"encrypted frame","context":{"kid":9,"ctr":6,"byteLength":62,"codecOffset":10}}

[90mstdout[2m | apps/relay/src/__tests__/integration/mesh-placement-demo.integration.test.ts[2m > [22m[2mREQ-RMS-014 — legs e+f: +1 Byzantine relay slash-trigger SET + detect-latency bound[2m > [22m[2mthe +1 Byzantine relay (overclaim->under-serve) crosses the cumulative bound and the slash-trigger is SET (asserted, not live)
[22m[39m{"timestamp":"2026-06-22T06:52:41.567Z","level":"INFO","source":"frontend","module":"webrtc/sframe-transform","message":"encrypted frame","context":{"kid":9,"ctr":7,"byteLength":62,"codecOffset":10}}

{"level":30,"time":1782111161568,"pid":31608,"hostname":"Quang","name":"canary/verifier","canaryKid":9,"mediaPackets":7,"byteIdentical":7,"divergences":1,"msg":"canary forwarding verified"}
{"level":30,"time":1782111161568,"pid":31608,"hostname":"Quang","name":"canary/loss-classifier","relayMinerId":"relay-byz-demo","promoted":1,"absorbed":0,"tampers":0,"cumulativeCrossed":true,"msg":"canary divergences classified (drop gate / tamper p=1)"}
{"level":30,"time":1782111161572,"pid":31608,"hostname":"Quang","name":"canary/verify-loop","round":5,"relayMinerId":"relay-byz-demo","roomId":"demo-byz-room","perReceiver":2,"promoted":1,"absorbed":0,"stunLossBps":"0","msg":"canary verify round classified (hermetic half — synthetic capture, STUN read live)"}
[90mstdout[2m | apps/relay/src/__tests__/integration/mesh-placement-demo.integration.test.ts[2m > [22m[2mREQ-RMS-014 — legs e+f: +1 Byzantine relay slash-trigger SET + detect-latency bound[2m > [22m[2mthe +1 Byzantine relay (overclaim->under-serve) crosses the cumulative bound and the slash-trigger is SET (asserted, not live)
[22m[39m{"timestamp":"2026-06-22T06:52:41.573Z","level":"INFO","source":"frontend","module":"webrtc/sframe-transform","message":"encrypted frame","context":{"kid":9,"ctr":0,"byteLength":62,"codecOffset":10}}

[90mstdout[2m | apps/relay/src/__tests__/integration/mesh-placement-demo.integration.test.ts[2m > [22m[2mREQ-RMS-014 — legs e+f: +1 Byzantine relay slash-trigger SET + detect-latency bound[2m > [22m[2mthe +1 Byzantine relay (overclaim->under-serve) crosses the cumulative bound and the slash-trigger is SET (asserted, not live)
[22m[39m{"timestamp":"2026-06-22T06:52:41.574Z","level":"INFO","source":"frontend","module":"webrtc/sframe-transform","message":"encrypted frame","context":{"kid":9,"ctr":1,"byteLength":62,"codecOffset":10}}

[90mstdout[2m | apps/relay/src/__tests__/integration/mesh-placement-demo.integration.test.ts[2m > [22m[2mREQ-RMS-014 — legs e+f: +1 Byzantine relay slash-trigger SET + detect-latency bound[2m > [22m[2mthe +1 Byzantine relay (overclaim->under-serve) crosses the cumulative bound and the slash-trigger is SET (asserted, not live)
[22m[39m{"timestamp":"2026-06-22T06:52:41.575Z","level":"INFO","source":"frontend","module":"webrtc/sframe-transform","message":"encrypted frame","context":{"kid":9,"ctr":2,"byteLength":62,"codecOffset":10}}

[90mstdout[2m | apps/relay/src/__tests__/integration/mesh-placement-demo.integration.test.ts[2m > [22m[2mREQ-RMS-014 — legs e+f: +1 Byzantine relay slash-trigger SET + detect-latency bound[2m > [22m[2mthe +1 Byzantine relay (overclaim->under-serve) crosses the cumulative bound and the slash-trigger is SET (asserted, not live)
[22m[39m{"timestamp":"2026-06-22T06:52:41.577Z","level":"INFO","source":"frontend","module":"webrtc/sframe-transform","message":"encrypted frame","context":{"kid":9,"ctr":3,"byteLength":62,"codecOffset":10}}

[90mstdout[2m | apps/relay/src/__tests__/integration/mesh-placement-demo.integration.test.ts[2m > [22m[2mREQ-RMS-014 — legs e+f: +1 Byzantine relay slash-trigger SET + detect-latency bound[2m > [22m[2mthe +1 Byzantine relay (overclaim->under-serve) crosses the cumulative bound and the slash-trigger is SET (asserted, not live)
[22m[39m{"timestamp":"2026-06-22T06:52:41.580Z","level":"INFO","source":"frontend","module":"webrtc/sframe-transform","message":"encrypted frame","context":{"kid":9,"ctr":4,"byteLength":62,"codecOffset":10}}

[90mstdout[2m | apps/relay/src/__tests__/integration/mesh-placement-demo.integration.test.ts[2m > [22m[2mREQ-RMS-014 — legs e+f: +1 Byzantine relay slash-trigger SET + detect-latency bound[2m > [22m[2mthe +1 Byzantine relay (overclaim->under-serve) crosses the cumulative bound and the slash-trigger is SET (asserted, not live)
[22m[39m{"timestamp":"2026-06-22T06:52:41.583Z","level":"INFO","source":"frontend","module":"webrtc/sframe-transform","message":"encrypted frame","context":{"kid":9,"ctr":6,"byteLength":62,"codecOffset":10}}

[90mstdout[2m | apps/relay/src/__tests__/integration/mesh-placement-demo.integration.test.ts[2m > [22m[2mREQ-RMS-014 — legs e+f: +1 Byzantine relay slash-trigger SET + detect-latency bound[2m > [22m[2mthe +1 Byzantine relay (overclaim->under-serve) crosses the cumulative bound and the slash-trigger is SET (asserted, not live)
[22m[39m{"timestamp":"2026-06-22T06:52:41.584Z","level":"INFO","source":"frontend","module":"webrtc/sframe-transform","message":"encrypted frame","context":{"kid":9,"ctr":7,"byteLength":62,"codecOffset":10}}

[90mstdout[2m | apps/relay/src/__tests__/integration/mesh-placement-demo.integration.test.ts[2m > [22m[2mREQ-RMS-014 — legs e+f: +1 Byzantine relay slash-trigger SET + detect-latency bound[2m > [22m[2mthe +1 Byzantine relay (overclaim->under-serve) crosses the cumulative bound and the slash-trigger is SET (asserted, not live)
[22m[39m{"timestamp":"2026-06-22T06:52:41.586Z","level":"INFO","source":"frontend","module":"webrtc/sframe-transform","message":"encrypted frame","context":{"kid":9,"ctr":0,"byteLength":62,"codecOffset":10}}

[90mstdout[2m | apps/relay/src/__tests__/integration/mesh-placement-demo.integration.test.ts[2m > [22m[2mREQ-RMS-014 — legs e+f: +1 Byzantine relay slash-trigger SET + detect-latency bound[2m > [22m[2mthe +1 Byzantine relay (overclaim->under-serve) crosses the cumulative bound and the slash-trigger is SET (asserted, not live)
[22m[39m{"timestamp":"2026-06-22T06:52:41.587Z","level":"INFO","source":"frontend","module":"webrtc/sframe-transform","message":"encrypted frame","context":{"kid":9,"ctr":1,"byteLength":62,"codecOffset":10}}

[90mstdout[2m | apps/relay/src/__tests__/integration/mesh-placement-demo.integration.test.ts[2m > [22m[2mREQ-RMS-014 — legs e+f: +1 Byzantine relay slash-trigger SET + detect-latency bound[2m > [22m[2mthe +1 Byzantine relay (overclaim->under-serve) crosses the cumulative bound and the slash-trigger is SET (asserted, not live)
[22m[39m{"timestamp":"2026-06-22T06:52:41.589Z","level":"INFO","source":"frontend","module":"webrtc/sframe-transform","message":"encrypted frame","context":{"kid":9,"ctr":2,"byteLength":62,"codecOffset":10}}

[90mstdout[2m | apps/relay/src/__tests__/integration/mesh-placement-demo.integration.test.ts[2m > [22m[2mREQ-RMS-014 — legs e+f: +1 Byzantine relay slash-trigger SET + detect-latency bound[2m > [22m[2mthe +1 Byzantine relay (overclaim->under-serve) crosses the cumulative bound and the slash-trigger is SET (asserted, not live)
[22m[39m{"timestamp":"2026-06-22T06:52:41.590Z","level":"INFO","source":"frontend","module":"webrtc/sframe-transform","message":"encrypted frame","context":{"kid":9,"ctr":3,"byteLength":62,"codecOffset":10}}

[90mstdout[2m | apps/relay/src/__tests__/integration/mesh-placement-demo.integration.test.ts[2m > [22m[2mREQ-RMS-014 — legs e+f: +1 Byzantine relay slash-trigger SET + detect-latency bound[2m > [22m[2mthe +1 Byzantine relay (overclaim->under-serve) crosses the cumulative bound and the slash-trigger is SET (asserted, not live)
[22m[39m{"timestamp":"2026-06-22T06:52:41.591Z","level":"INFO","source":"frontend","module":"webrtc/sframe-transform","message":"encrypted frame","context":{"kid":9,"ctr":4,"byteLength":62,"codecOffset":10}}

[90mstdout[2m | apps/relay/src/__tests__/integration/mesh-placement-demo.integration.test.ts[2m > [22m[2mREQ-RMS-014 — legs e+f: +1 Byzantine relay slash-trigger SET + detect-latency bound[2m > [22m[2mthe +1 Byzantine relay (overclaim->under-serve) crosses the cumulative bound and the slash-trigger is SET (asserted, not live)
[22m[39m{"timestamp":"2026-06-22T06:52:41.593Z","level":"INFO","source":"frontend","module":"webrtc/sframe-transform","message":"encrypted frame","context":{"kid":9,"ctr":5,"byteLength":62,"codecOffset":10}}

[90mstdout[2m | apps/relay/src/__tests__/integration/mesh-placement-demo.integration.test.ts[2m > [22m[2mREQ-RMS-014 — legs e+f: +1 Byzantine relay slash-trigger SET + detect-latency bound[2m > [22m[2mthe +1 Byzantine relay (overclaim->under-serve) crosses the cumulative bound and the slash-trigger is SET (asserted, not live)
[22m[39m{"timestamp":"2026-06-22T06:52:41.594Z","level":"INFO","source":"frontend","module":"webrtc/sframe-transform","message":"encrypted frame","context":{"kid":9,"ctr":6,"byteLength":62,"codecOffset":10}}

[90mstdout[2m | apps/relay/src/__tests__/integration/mesh-placement-demo.integration.test.ts[2m > [22m[2mREQ-RMS-014 — legs e+f: +1 Byzantine relay slash-trigger SET + detect-latency bound[2m > [22m[2mthe +1 Byzantine relay (overclaim->under-serve) crosses the cumulative bound and the slash-trigger is SET (asserted, not live)
[22m[39m{"timestamp":"2026-06-22T06:52:41.595Z","level":"INFO","source":"frontend","module":"webrtc/sframe-transform","message":"encrypted frame","context":{"kid":9,"ctr":7,"byteLength":62,"codecOffset":10}}

{"level":30,"time":1782111161596,"pid":31608,"hostname":"Quang","name":"canary/verifier","canaryKid":9,"mediaPackets":7,"byteIdentical":7,"divergences":1,"msg":"canary forwarding verified"}
[90mstdout[2m | apps/relay/src/__tests__/integration/mesh-placement-demo.integration.test.ts[2m > [22m[2mREQ-RMS-014 — legs e+f: +1 Byzantine relay slash-trigger SET + detect-latency bound[2m > [22m[2mthe +1 Byzantine relay (overclaim->under-serve) crosses the cumulative bound and the slash-trigger is SET (asserted, not live)
[22m[39m{"timestamp":"2026-06-22T06:52:41.597Z","level":"INFO","source":"frontend","module":"webrtc/sframe-transform","message":"encrypted frame","context":{"kid":9,"ctr":0,"byteLength":62,"codecOffset":10}}

[90mstdout[2m | apps/relay/src/__tests__/integration/mesh-placement-demo.integration.test.ts[2m > [22m[2mREQ-RMS-014 — legs e+f: +1 Byzantine relay slash-trigger SET + detect-latency bound[2m > [22m[2mthe +1 Byzantine relay (overclaim->under-serve) crosses the cumulative bound and the slash-trigger is SET (asserted, not live)
[22m[39m{"timestamp":"2026-06-22T06:52:41.598Z","level":"INFO","source":"frontend","module":"webrtc/sframe-transform","message":"encrypted frame","context":{"kid":9,"ctr":1,"byteLength":62,"codecOffset":10}}

[90mstdout[2m | apps/relay/src/__tests__/integration/mesh-placement-demo.integration.test.ts[2m > [22m[2mREQ-RMS-014 — legs e+f: +1 Byzantine relay slash-trigger SET + detect-latency bound[2m > [22m[2mthe +1 Byzantine relay (overclaim->under-serve) crosses the cumulative bound and the slash-trigger is SET (asserted, not live)
[22m[39m{"timestamp":"2026-06-22T06:52:41.599Z","level":"INFO","source":"frontend","module":"webrtc/sframe-transform","message":"encrypted frame","context":{"kid":9,"ctr":2,"byteLength":62,"codecOffset":10}}

[90mstdout[2m | apps/relay/src/__tests__/integration/mesh-placement-demo.integration.test.ts[2m > [22m[2mREQ-RMS-014 — legs e+f: +1 Byzantine relay slash-trigger SET + detect-latency bound[2m > [22m[2mthe +1 Byzantine relay (overclaim->under-serve) crosses the cumulative bound and the slash-trigger is SET (asserted, not live)
[22m[39m{"timestamp":"2026-06-22T06:52:41.600Z","level":"INFO","source":"frontend","module":"webrtc/sframe-transform","message":"encrypted frame","context":{"kid":9,"ctr":3,"byteLength":62,"codecOffset":10}}

[90mstdout[2m | apps/relay/src/__tests__/integration/mesh-placement-demo.integration.test.ts[2m > [22m[2mREQ-RMS-014 — legs e+f: +1 Byzantine relay slash-trigger SET + detect-latency bound[2m > [22m[2mthe +1 Byzantine relay (overclaim->under-serve) crosses the cumulative bound and the slash-trigger is SET (asserted, not live)
[22m[39m{"timestamp":"2026-06-22T06:52:41.601Z","level":"INFO","source":"frontend","module":"webrtc/sframe-transform","message":"encrypted frame","context":{"kid":9,"ctr":4,"byteLength":62,"codecOffset":10}}

[90mstdout[2m | apps/relay/src/__tests__/integration/mesh-placement-demo.integration.test.ts[2m > [22m[2mREQ-RMS-014 — legs e+f: +1 Byzantine relay slash-trigger SET + detect-latency bound[2m > [22m[2mthe +1 Byzantine relay (overclaim->under-serve) crosses the cumulative bound and the slash-trigger is SET (asserted, not live)
[22m[39m{"timestamp":"2026-06-22T06:52:41.602Z","level":"INFO","source":"frontend","module":"webrtc/sframe-transform","message":"encrypted frame","context":{"kid":9,"ctr":5,"byteLength":62,"codecOffset":10}}

[90mstdout[2m | apps/relay/src/__tests__/integration/mesh-placement-demo.integration.test.ts[2m > [22m[2mREQ-RMS-014 — legs e+f: +1 Byzantine relay slash-trigger SET + detect-latency bound[2m > [22m[2mthe +1 Byzantine relay (overclaim->under-serve) crosses the cumulative bound and the slash-trigger is SET (asserted, not live)
[22m[39m{"timestamp":"2026-06-22T06:52:41.603Z","level":"INFO","source":"frontend","module":"webrtc/sframe-transform","message":"encrypted frame","context":{"kid":9,"ctr":6,"byteLength":62,"codecOffset":10}}

[90mstdout[2m | apps/relay/src/__tests__/integration/mesh-placement-demo.integration.test.ts[2m > [22m[2mREQ-RMS-014 — legs e+f: +1 Byzantine relay slash-trigger SET + detect-latency bound[2m > [22m[2mthe +1 Byzantine relay (overclaim->under-serve) crosses the cumulative bound and the slash-trigger is SET (asserted, not live)
[22m[39m{"timestamp":"2026-06-22T06:52:41.605Z","level":"INFO","source":"frontend","module":"webrtc/sframe-transform","message":"encrypted frame","context":{"kid":9,"ctr":7,"byteLength":62,"codecOffset":10}}

{"level":30,"time":1782111161605,"pid":31608,"hostname":"Quang","name":"canary/verifier","canaryKid":9,"mediaPackets":7,"byteIdentical":7,"divergences":1,"msg":"canary forwarding verified"}
{"level":30,"time":1782111161605,"pid":31608,"hostname":"Quang","name":"canary/loss-classifier","relayMinerId":"relay-byz-demo","promoted":1,"absorbed":0,"tampers":0,"cumulativeCrossed":true,"msg":"canary divergences classified (drop gate / tamper p=1)"}
{"level":30,"time":1782111161608,"pid":31608,"hostname":"Quang","name":"canary/verify-loop","round":5,"relayMinerId":"relay-byz-demo","roomId":"demo-byz-room","perReceiver":2,"promoted":1,"absorbed":0,"stunLossBps":"0","msg":"canary verify round classified (hermetic half — synthetic capture, STUN read live)"}
[90mstdout[2m | apps/relay/src/__tests__/integration/mesh-placement-demo.integration.test.ts[2m > [22m[2mREQ-RMS-014 — legs e+f: +1 Byzantine relay slash-trigger SET + detect-latency bound[2m > [22m[2mthe +1 Byzantine relay (overclaim->under-serve) crosses the cumulative bound and the slash-trigger is SET (asserted, not live)
[22m[39m{"timestamp":"2026-06-22T06:52:41.610Z","level":"INFO","source":"frontend","module":"webrtc/sframe-transform","message":"encrypted frame","context":{"kid":9,"ctr":0,"byteLength":62,"codecOffset":10}}

[90mstdout[2m | apps/relay/src/__tests__/integration/mesh-placement-demo.integration.test.ts[2m > [22m[2mREQ-RMS-014 — legs e+f: +1 Byzantine relay slash-trigger SET + detect-latency bound[2m > [22m[2mthe +1 Byzantine relay (overclaim->under-serve) crosses the cumulative bound and the slash-trigger is SET (asserted, not live)
[22m[39m{"timestamp":"2026-06-22T06:52:41.611Z","level":"INFO","source":"frontend","module":"webrtc/sframe-transform","message":"encrypted frame","context":{"kid":9,"ctr":1,"byteLength":62,"codecOffset":10}}

[90mstdout[2m | apps/relay/src/__tests__/integration/mesh-placement-demo.integration.test.ts[2m > [22m[2mREQ-RMS-014 — legs e+f: +1 Byzantine relay slash-trigger SET + detect-latency bound[2m > [22m[2mthe +1 Byzantine relay (overclaim->under-serve) crosses the cumulative bound and the slash-trigger is SET (asserted, not live)
[22m[39m{"timestamp":"2026-06-22T06:52:41.613Z","level":"INFO","source":"frontend","module":"webrtc/sframe-transform","message":"encrypted frame","context":{"kid":9,"ctr":2,"byteLength":62,"codecOffset":10}}

[90mstdout[2m | apps/relay/src/__tests__/integration/mesh-placement-demo.integration.test.ts[2m > [22m[2mREQ-RMS-014 — legs e+f: +1 Byzantine relay slash-trigger SET + detect-latency bound[2m > [22m[2mthe +1 Byzantine relay (overclaim->under-serve) crosses the cumulative bound and the slash-trigger is SET (asserted, not live)
[22m[39m{"timestamp":"2026-06-22T06:52:41.614Z","level":"INFO","source":"frontend","module":"webrtc/sframe-transform","message":"encrypted frame","context":{"kid":9,"ctr":3,"byteLength":62,"codecOffset":10}}

[90mstdout[2m | apps/relay/src/__tests__/integration/mesh-placement-demo.integration.test.ts[2m > [22m[2mREQ-RMS-014 — legs e+f: +1 Byzantine relay slash-trigger SET + detect-latency bound[2m > [22m[2mthe +1 Byzantine relay (overclaim->under-serve) crosses the cumulative bound and the slash-trigger is SET (asserted, not live)
[22m[39m{"timestamp":"2026-06-22T06:52:41.615Z","level":"INFO","source":"frontend","module":"webrtc/sframe-transform","message":"encrypted frame","context":{"kid":9,"ctr":4,"byteLength":62,"codecOffset":10}}

[90mstdout[2m | apps/relay/src/__tests__/integration/mesh-placement-demo.integration.test.ts[2m > [22m[2mREQ-RMS-014 — legs e+f: +1 Byzantine relay slash-trigger SET + detect-latency bound[2m > [22m[2mthe +1 Byzantine relay (overclaim->under-serve) crosses the cumulative bound and the slash-trigger is SET (asserted, not live)
[22m[39m{"timestamp":"2026-06-22T06:52:41.616Z","level":"INFO","source":"frontend","module":"webrtc/sframe-transform","message":"encrypted frame","context":{"kid":9,"ctr":6,"byteLength":62,"codecOffset":10}}

[90mstdout[2m | apps/relay/src/__tests__/integration/mesh-placement-demo.integration.test.ts[2m > [22m[2mREQ-RMS-014 — legs e+f: +1 Byzantine relay slash-trigger SET + detect-latency bound[2m > [22m[2mthe +1 Byzantine relay (overclaim->under-serve) crosses the cumulative bound and the slash-trigger is SET (asserted, not live)
[22m[39m{"timestamp":"2026-06-22T06:52:41.618Z","level":"INFO","source":"frontend","module":"webrtc/sframe-transform","message":"encrypted frame","context":{"kid":9,"ctr":7,"byteLength":62,"codecOffset":10}}

[90mstdout[2m | apps/relay/src/__tests__/integration/mesh-placement-demo.integration.test.ts[2m > [22m[2mREQ-RMS-014 — legs e+f: +1 Byzantine relay slash-trigger SET + detect-latency bound[2m > [22m[2mthe +1 Byzantine relay (overclaim->under-serve) crosses the cumulative bound and the slash-trigger is SET (asserted, not live)
[22m[39m{"timestamp":"2026-06-22T06:52:41.622Z","level":"INFO","source":"frontend","module":"webrtc/sframe-transform","message":"encrypted frame","context":{"kid":9,"ctr":0,"byteLength":62,"codecOffset":10}}

[90mstdout[2m | apps/relay/src/__tests__/integration/mesh-placement-demo.integration.test.ts[2m > [22m[2mREQ-RMS-014 — legs e+f: +1 Byzantine relay slash-trigger SET + detect-latency bound[2m > [22m[2mthe +1 Byzantine relay (overclaim->under-serve) crosses the cumulative bound and the slash-trigger is SET (asserted, not live)
[22m[39m{"timestamp":"2026-06-22T06:52:41.626Z","level":"INFO","source":"frontend","module":"webrtc/sframe-transform","message":"encrypted frame","context":{"kid":9,"ctr":1,"byteLength":62,"codecOffset":10}}

[90mstdout[2m | apps/relay/src/__tests__/integration/mesh-placement-demo.integration.test.ts[2m > [22m[2mREQ-RMS-014 — legs e+f: +1 Byzantine relay slash-trigger SET + detect-latency bound[2m > [22m[2mthe +1 Byzantine relay (overclaim->under-serve) crosses the cumulative bound and the slash-trigger is SET (asserted, not live)
[22m[39m{"timestamp":"2026-06-22T06:52:41.628Z","level":"INFO","source":"frontend","module":"webrtc/sframe-transform","message":"encrypted frame","context":{"kid":9,"ctr":2,"byteLength":62,"codecOffset":10}}

[90mstdout[2m | apps/relay/src/__tests__/integration/mesh-placement-demo.integration.test.ts[2m > [22m[2mREQ-RMS-014 — legs e+f: +1 Byzantine relay slash-trigger SET + detect-latency bound[2m > [22m[2mthe +1 Byzantine relay (overclaim->under-serve) crosses the cumulative bound and the slash-trigger is SET (asserted, not live)
[22m[39m{"timestamp":"2026-06-22T06:52:41.630Z","level":"INFO","source":"frontend","module":"webrtc/sframe-transform","message":"encrypted frame","context":{"kid":9,"ctr":3,"byteLength":62,"codecOffset":10}}

[90mstdout[2m | apps/relay/src/__tests__/integration/mesh-placement-demo.integration.test.ts[2m > [22m[2mREQ-RMS-014 — legs e+f: +1 Byzantine relay slash-trigger SET + detect-latency bound[2m > [22m[2mthe +1 Byzantine relay (overclaim->under-serve) crosses the cumulative bound and the slash-trigger is SET (asserted, not live)
[22m[39m{"timestamp":"2026-06-22T06:52:41.632Z","level":"INFO","source":"frontend","module":"webrtc/sframe-transform","message":"encrypted frame","context":{"kid":9,"ctr":4,"byteLength":62,"codecOffset":10}}

[90mstdout[2m | apps/relay/src/__tests__/integration/mesh-placement-demo.integration.test.ts[2m > [22m[2mREQ-RMS-014 — legs e+f: +1 Byzantine relay slash-trigger SET + detect-latency bound[2m > [22m[2mthe +1 Byzantine relay (overclaim->under-serve) crosses the cumulative bound and the slash-trigger is SET (asserted, not live)
[22m[39m{"timestamp":"2026-06-22T06:52:41.633Z","level":"INFO","source":"frontend","module":"webrtc/sframe-transform","message":"encrypted frame","context":{"kid":9,"ctr":5,"byteLength":62,"codecOffset":10}}

[90mstdout[2m | apps/relay/src/__tests__/integration/mesh-placement-demo.integration.test.ts[2m > [22m[2mREQ-RMS-014 — legs e+f: +1 Byzantine relay slash-trigger SET + detect-latency bound[2m > [22m[2mthe +1 Byzantine relay (overclaim->under-serve) crosses the cumulative bound and the slash-trigger is SET (asserted, not live)
[22m[39m{"timestamp":"2026-06-22T06:52:41.635Z","level":"INFO","source":"frontend","module":"webrtc/sframe-transform","message":"encrypted frame","context":{"kid":9,"ctr":6,"byteLength":62,"codecOffset":10}}

[90mstdout[2m | apps/relay/src/__tests__/integration/mesh-placement-demo.integration.test.ts[2m > [22m[2mREQ-RMS-014 — legs e+f: +1 Byzantine relay slash-trigger SET + detect-latency bound[2m > [22m[2mthe +1 Byzantine relay (overclaim->under-serve) crosses the cumulative bound and the slash-trigger is SET (asserted, not live)
[22m[39m{"timestamp":"2026-06-22T06:52:41.636Z","level":"INFO","source":"frontend","module":"webrtc/sframe-transform","message":"encrypted frame","context":{"kid":9,"ctr":7,"byteLength":62,"codecOffset":10}}

{"level":30,"time":1782111161637,"pid":31608,"hostname":"Quang","name":"canary/verifier","canaryKid":9,"mediaPackets":7,"byteIdentical":7,"divergences":1,"msg":"canary forwarding verified"}
[90mstdout[2m | apps/relay/src/__tests__/integration/mesh-placement-demo.integration.test.ts[2m > [22m[2mREQ-RMS-014 — legs e+f: +1 Byzantine relay slash-trigger SET + detect-latency bound[2m > [22m[2mthe +1 Byzantine relay (overclaim->under-serve) crosses the cumulative bound and the slash-trigger is SET (asserted, not live)
[22m[39m{"timestamp":"2026-06-22T06:52:41.642Z","level":"INFO","source":"frontend","module":"webrtc/sframe-transform","message":"encrypted frame","context":{"kid":9,"ctr":0,"byteLength":62,"codecOffset":10}}

[90mstdout[2m | apps/relay/src/__tests__/integration/mesh-placement-demo.integration.test.ts[2m > [22m[2mREQ-RMS-014 — legs e+f: +1 Byzantine relay slash-trigger SET + detect-latency bound[2m > [22m[2mthe +1 Byzantine relay (overclaim->under-serve) crosses the cumulative bound and the slash-trigger is SET (asserted, not live)
[22m[39m{"timestamp":"2026-06-22T06:52:41.643Z","level":"INFO","source":"frontend","module":"webrtc/sframe-transform","message":"encrypted frame","context":{"kid":9,"ctr":1,"byteLength":62,"codecOffset":10}}

[90mstdout[2m | apps/relay/src/__tests__/integration/mesh-placement-demo.integration.test.ts[2m > [22m[2mREQ-RMS-014 — legs e+f: +1 Byzantine relay slash-trigger SET + detect-latency bound[2m > [22m[2mthe +1 Byzantine relay (overclaim->under-serve) crosses the cumulative bound and the slash-trigger is SET (asserted, not live)
[22m[39m{"timestamp":"2026-06-22T06:52:41.644Z","level":"INFO","source":"frontend","module":"webrtc/sframe-transform","message":"encrypted frame","context":{"kid":9,"ctr":2,"byteLength":62,"codecOffset":10}}

[90mstdout[2m | apps/relay/src/__tests__/integration/mesh-placement-demo.integration.test.ts[2m > [22m[2mREQ-RMS-014 — legs e+f: +1 Byzantine relay slash-trigger SET + detect-latency bound[2m > [22m[2mthe +1 Byzantine relay (overclaim->under-serve) crosses the cumulative bound and the slash-trigger is SET (asserted, not live)
[22m[39m{"timestamp":"2026-06-22T06:52:41.645Z","level":"INFO","source":"frontend","module":"webrtc/sframe-transform","message":"encrypted frame","context":{"kid":9,"ctr":3,"byteLength":62,"codecOffset":10}}

[90mstdout[2m | apps/relay/src/__tests__/integration/mesh-placement-demo.integration.test.ts[2m > [22m[2mREQ-RMS-014 — legs e+f: +1 Byzantine relay slash-trigger SET + detect-latency bound[2m > [22m[2mthe +1 Byzantine relay (overclaim->under-serve) crosses the cumulative bound and the slash-trigger is SET (asserted, not live)
[22m[39m{"timestamp":"2026-06-22T06:52:41.646Z","level":"INFO","source":"frontend","module":"webrtc/sframe-transform","message":"encrypted frame","context":{"kid":9,"ctr":4,"byteLength":62,"codecOffset":10}}

[90mstdout[2m | apps/relay/src/__tests__/integration/mesh-placement-demo.integration.test.ts[2m > [22m[2mREQ-RMS-014 — legs e+f: +1 Byzantine relay slash-trigger SET + detect-latency bound[2m > [22m[2mthe +1 Byzantine relay (overclaim->under-serve) crosses the cumulative bound and the slash-trigger is SET (asserted, not live)
[22m[39m{"timestamp":"2026-06-22T06:52:41.647Z","level":"INFO","source":"frontend","module":"webrtc/sframe-transform","message":"encrypted frame","context":{"kid":9,"ctr":5,"byteLength":62,"codecOffset":10}}

[90mstdout[2m | apps/relay/src/__tests__/integration/mesh-placement-demo.integration.test.ts[2m > [22m[2mREQ-RMS-014 — legs e+f: +1 Byzantine relay slash-trigger SET + detect-latency bound[2m > [22m[2mthe +1 Byzantine relay (overclaim->under-serve) crosses the cumulative bound and the slash-trigger is SET (asserted, not live)
[22m[39m{"timestamp":"2026-06-22T06:52:41.648Z","level":"INFO","source":"frontend","module":"webrtc/sframe-transform","message":"encrypted frame","context":{"kid":9,"ctr":6,"byteLength":62,"codecOffset":10}}

[90mstdout[2m | apps/relay/src/__tests__/integration/mesh-placement-demo.integration.test.ts[2m > [22m[2mREQ-RMS-014 — legs e+f: +1 Byzantine relay slash-trigger SET + detect-latency bound[2m > [22m[2mthe +1 Byzantine relay (overclaim->under-serve) crosses the cumulative bound and the slash-trigger is SET (asserted, not live)
[22m[39m{"timestamp":"2026-06-22T06:52:41.650Z","level":"INFO","source":"frontend","module":"webrtc/sframe-transform","message":"encrypted frame","context":{"kid":9,"ctr":7,"byteLength":62,"codecOffset":10}}

{"level":30,"time":1782111161651,"pid":31608,"hostname":"Quang","name":"canary/verifier","canaryKid":9,"mediaPackets":7,"byteIdentical":7,"divergences":1,"msg":"canary forwarding verified"}
{"level":30,"time":1782111161651,"pid":31608,"hostname":"Quang","name":"canary/loss-classifier","relayMinerId":"relay-byz-demo","promoted":1,"absorbed":0,"tampers":0,"cumulativeCrossed":true,"msg":"canary divergences classified (drop gate / tamper p=1)"}
{"level":30,"time":1782111161654,"pid":31608,"hostname":"Quang","name":"canary/verify-loop","round":6,"relayMinerId":"relay-byz-demo","roomId":"demo-byz-room","perReceiver":2,"promoted":1,"absorbed":0,"stunLossBps":"0","msg":"canary verify round classified (hermetic half — synthetic capture, STUN read live)"}
[90mstdout[2m | apps/relay/src/__tests__/integration/mesh-placement-demo.integration.test.ts[2m > [22m[2mREQ-RMS-014 — legs e+f: +1 Byzantine relay slash-trigger SET + detect-latency bound[2m > [22m[2mthe +1 Byzantine relay (overclaim->under-serve) crosses the cumulative bound and the slash-trigger is SET (asserted, not live)
[22m[39m{"timestamp":"2026-06-22T06:52:41.656Z","level":"INFO","source":"frontend","module":"webrtc/sframe-transform","message":"encrypted frame","context":{"kid":9,"ctr":0,"byteLength":62,"codecOffset":10}}

[90mstdout[2m | apps/relay/src/__tests__/integration/mesh-placement-demo.integration.test.ts[2m > [22m[2mREQ-RMS-014 — legs e+f: +1 Byzantine relay slash-trigger SET + detect-latency bound[2m > [22m[2mthe +1 Byzantine relay (overclaim->under-serve) crosses the cumulative bound and the slash-trigger is SET (asserted, not live)
[22m[39m{"timestamp":"2026-06-22T06:52:41.657Z","level":"INFO","source":"frontend","module":"webrtc/sframe-transform","message":"encrypted frame","context":{"kid":9,"ctr":1,"byteLength":62,"codecOffset":10}}

[90mstdout[2m | apps/relay/src/__tests__/integration/mesh-placement-demo.integration.test.ts[2m > [22m[2mREQ-RMS-014 — legs e+f: +1 Byzantine relay slash-trigger SET + detect-latency bound[2m > [22m[2mthe +1 Byzantine relay (overclaim->under-serve) crosses the cumulative bound and the slash-trigger is SET (asserted, not live)
[22m[39m{"timestamp":"2026-06-22T06:52:41.658Z","level":"INFO","source":"frontend","module":"webrtc/sframe-transform","message":"encrypted frame","context":{"kid":9,"ctr":2,"byteLength":62,"codecOffset":10}}

[90mstdout[2m | apps/relay/src/__tests__/integration/mesh-placement-demo.integration.test.ts[2m > [22m[2mREQ-RMS-014 — legs e+f: +1 Byzantine relay slash-trigger SET + detect-latency bound[2m > [22m[2mthe +1 Byzantine relay (overclaim->under-serve) crosses the cumulative bound and the slash-trigger is SET (asserted, not live)
[22m[39m{"timestamp":"2026-06-22T06:52:41.659Z","level":"INFO","source":"frontend","module":"webrtc/sframe-transform","message":"encrypted frame","context":{"kid":9,"ctr":3,"byteLength":62,"codecOffset":10}}

[90mstdout[2m | apps/relay/src/__tests__/integration/mesh-placement-demo.integration.test.ts[2m > [22m[2mREQ-RMS-014 — legs e+f: +1 Byzantine relay slash-trigger SET + detect-latency bound[2m > [22m[2mthe +1 Byzantine relay (overclaim->under-serve) crosses the cumulative bound and the slash-trigger is SET (asserted, not live)
[22m[39m{"timestamp":"2026-06-22T06:52:41.660Z","level":"INFO","source":"frontend","module":"webrtc/sframe-transform","message":"encrypted frame","context":{"kid":9,"ctr":4,"byteLength":62,"codecOffset":10}}

[90mstdout[2m | apps/relay/src/__tests__/integration/mesh-placement-demo.integration.test.ts[2m > [22m[2mREQ-RMS-014 — legs e+f: +1 Byzantine relay slash-trigger SET + detect-latency bound[2m > [22m[2mthe +1 Byzantine relay (overclaim->under-serve) crosses the cumulative bound and the slash-trigger is SET (asserted, not live)
[22m[39m{"timestamp":"2026-06-22T06:52:41.660Z","level":"INFO","source":"frontend","module":"webrtc/sframe-transform","message":"encrypted frame","context":{"kid":9,"ctr":6,"byteLength":62,"codecOffset":10}}

[90mstdout[2m | apps/relay/src/__tests__/integration/mesh-placement-demo.integration.test.ts[2m > [22m[2mREQ-RMS-014 — legs e+f: +1 Byzantine relay slash-trigger SET + detect-latency bound[2m > [22m[2mthe +1 Byzantine relay (overclaim->under-serve) crosses the cumulative bound and the slash-trigger is SET (asserted, not live)
[22m[39m{"timestamp":"2026-06-22T06:52:41.661Z","level":"INFO","source":"frontend","module":"webrtc/sframe-transform","message":"encrypted frame","context":{"kid":9,"ctr":7,"byteLength":62,"codecOffset":10}}

[90mstdout[2m | apps/relay/src/__tests__/integration/mesh-placement-demo.integration.test.ts[2m > [22m[2mREQ-RMS-014 — legs e+f: +1 Byzantine relay slash-trigger SET + detect-latency bound[2m > [22m[2mthe +1 Byzantine relay (overclaim->under-serve) crosses the cumulative bound and the slash-trigger is SET (asserted, not live)
[22m[39m{"timestamp":"2026-06-22T06:52:41.662Z","level":"INFO","source":"frontend","module":"webrtc/sframe-transform","message":"encrypted frame","context":{"kid":9,"ctr":0,"byteLength":62,"codecOffset":10}}

[90mstdout[2m | apps/relay/src/__tests__/integration/mesh-placement-demo.integration.test.ts[2m > [22m[2mREQ-RMS-014 — legs e+f: +1 Byzantine relay slash-trigger SET + detect-latency bound[2m > [22m[2mthe +1 Byzantine relay (overclaim->under-serve) crosses the cumulative bound and the slash-trigger is SET (asserted, not live)
[22m[39m{"timestamp":"2026-06-22T06:52:41.663Z","level":"INFO","source":"frontend","module":"webrtc/sframe-transform","message":"encrypted frame","context":{"kid":9,"ctr":1,"byteLength":62,"codecOffset":10}}

[90mstdout[2m | apps/relay/src/__tests__/integration/mesh-placement-demo.integration.test.ts[2m > [22m[2mREQ-RMS-014 — legs e+f: +1 Byzantine relay slash-trigger SET + detect-latency bound[2m > [22m[2mthe +1 Byzantine relay (overclaim->under-serve) crosses the cumulative bound and the slash-trigger is SET (asserted, not live)
[22m[39m{"timestamp":"2026-06-22T06:52:41.665Z","level":"INFO","source":"frontend","module":"webrtc/sframe-transform","message":"encrypted frame","context":{"kid":9,"ctr":2,"byteLength":62,"codecOffset":10}}

[90mstdout[2m | apps/relay/src/__tests__/integration/mesh-placement-demo.integration.test.ts[2m > [22m[2mREQ-RMS-014 — legs e+f: +1 Byzantine relay slash-trigger SET + detect-latency bound[2m > [22m[2mthe +1 Byzantine relay (overclaim->under-serve) crosses the cumulative bound and the slash-trigger is SET (asserted, not live)
[22m[39m{"timestamp":"2026-06-22T06:52:41.666Z","level":"INFO","source":"frontend","module":"webrtc/sframe-transform","message":"encrypted frame","context":{"kid":9,"ctr":3,"byteLength":62,"codecOffset":10}}

[90mstdout[2m | apps/relay/src/__tests__/integration/mesh-placement-demo.integration.test.ts[2m > [22m[2mREQ-RMS-014 — legs e+f: +1 Byzantine relay slash-trigger SET + detect-latency bound[2m > [22m[2mthe +1 Byzantine relay (overclaim->under-serve) crosses the cumulative bound and the slash-trigger is SET (asserted, not live)
[22m[39m{"timestamp":"2026-06-22T06:52:41.667Z","level":"INFO","source":"frontend","module":"webrtc/sframe-transform","message":"encrypted frame","context":{"kid":9,"ctr":4,"byteLength":62,"codecOffset":10}}

[90mstdout[2m | apps/relay/src/__tests__/integration/mesh-placement-demo.integration.test.ts[2m > [22m[2mREQ-RMS-014 — legs e+f: +1 Byzantine relay slash-trigger SET + detect-latency bound[2m > [22m[2mthe +1 Byzantine relay (overclaim->under-serve) crosses the cumulative bound and the slash-trigger is SET (asserted, not live)
[22m[39m{"timestamp":"2026-06-22T06:52:41.668Z","level":"INFO","source":"frontend","module":"webrtc/sframe-transform","message":"encrypted frame","context":{"kid":9,"ctr":5,"byteLength":62,"codecOffset":10}}

[90mstdout[2m | apps/relay/src/__tests__/integration/mesh-placement-demo.integration.test.ts[2m > [22m[2mREQ-RMS-014 — legs e+f: +1 Byzantine relay slash-trigger SET + detect-latency bound[2m > [22m[2mthe +1 Byzantine relay (overclaim->under-serve) crosses the cumulative bound and the slash-trigger is SET (asserted, not live)
[22m[39m{"timestamp":"2026-06-22T06:52:41.669Z","level":"INFO","source":"frontend","module":"webrtc/sframe-transform","message":"encrypted frame","context":{"kid":9,"ctr":6,"byteLength":62,"codecOffset":10}}

[90mstdout[2m | apps/relay/src/__tests__/integration/mesh-placement-demo.integration.test.ts[2m > [22m[2mREQ-RMS-014 — legs e+f: +1 Byzantine relay slash-trigger SET + detect-latency bound[2m > [22m[2mthe +1 Byzantine relay (overclaim->under-serve) crosses the cumulative bound and the slash-trigger is SET (asserted, not live)
[22m[39m{"timestamp":"2026-06-22T06:52:41.670Z","level":"INFO","source":"frontend","module":"webrtc/sframe-transform","message":"encrypted frame","context":{"kid":9,"ctr":7,"byteLength":62,"codecOffset":10}}

{"level":30,"time":1782111161671,"pid":31608,"hostname":"Quang","name":"canary/verifier","canaryKid":9,"mediaPackets":7,"byteIdentical":7,"divergences":1,"msg":"canary forwarding verified"}
[90mstdout[2m | apps/relay/src/__tests__/integration/mesh-placement-demo.integration.test.ts[2m > [22m[2mREQ-RMS-014 — legs e+f: +1 Byzantine relay slash-trigger SET + detect-latency bound[2m > [22m[2mthe +1 Byzantine relay (overclaim->under-serve) crosses the cumulative bound and the slash-trigger is SET (asserted, not live)
[22m[39m{"timestamp":"2026-06-22T06:52:41.672Z","level":"INFO","source":"frontend","module":"webrtc/sframe-transform","message":"encrypted frame","context":{"kid":9,"ctr":0,"byteLength":62,"codecOffset":10}}

[90mstdout[2m | apps/relay/src/__tests__/integration/mesh-placement-demo.integration.test.ts[2m > [22m[2mREQ-RMS-014 — legs e+f: +1 Byzantine relay slash-trigger SET + detect-latency bound[2m > [22m[2mthe +1 Byzantine relay (overclaim->under-serve) crosses the cumulative bound and the slash-trigger is SET (asserted, not live)
[22m[39m{"timestamp":"2026-06-22T06:52:41.674Z","level":"INFO","source":"frontend","module":"webrtc/sframe-transform","message":"encrypted frame","context":{"kid":9,"ctr":1,"byteLength":62,"codecOffset":10}}

[90mstdout[2m | apps/relay/src/__tests__/integration/mesh-placement-demo.integration.test.ts[2m > [22m[2mREQ-RMS-014 — legs e+f: +1 Byzantine relay slash-trigger SET + detect-latency bound[2m > [22m[2mthe +1 Byzantine relay (overclaim->under-serve) crosses the cumulative bound and the slash-trigger is SET (asserted, not live)
[22m[39m{"timestamp":"2026-06-22T06:52:41.675Z","level":"INFO","source":"frontend","module":"webrtc/sframe-transform","message":"encrypted frame","context":{"kid":9,"ctr":2,"byteLength":62,"codecOffset":10}}

[90mstdout[2m | apps/relay/src/__tests__/integration/mesh-placement-demo.integration.test.ts[2m > [22m[2mREQ-RMS-014 — legs e+f: +1 Byzantine relay slash-trigger SET + detect-latency bound[2m > [22m[2mthe +1 Byzantine relay (overclaim->under-serve) crosses the cumulative bound and the slash-trigger is SET (asserted, not live)
[22m[39m{"timestamp":"2026-06-22T06:52:41.677Z","level":"INFO","source":"frontend","module":"webrtc/sframe-transform","message":"encrypted frame","context":{"kid":9,"ctr":3,"byteLength":62,"codecOffset":10}}

[90mstdout[2m | apps/relay/src/__tests__/integration/mesh-placement-demo.integration.test.ts[2m > [22m[2mREQ-RMS-014 — legs e+f: +1 Byzantine relay slash-trigger SET + detect-latency bound[2m > [22m[2mthe +1 Byzantine relay (overclaim->under-serve) crosses the cumulative bound and the slash-trigger is SET (asserted, not live)
[22m[39m{"timestamp":"2026-06-22T06:52:41.679Z","level":"INFO","source":"frontend","module":"webrtc/sframe-transform","message":"encrypted frame","context":{"kid":9,"ctr":4,"byteLength":62,"codecOffset":10}}

[90mstdout[2m | apps/relay/src/__tests__/integration/mesh-placement-demo.integration.test.ts[2m > [22m[2mREQ-RMS-014 — legs e+f: +1 Byzantine relay slash-trigger SET + detect-latency bound[2m > [22m[2mthe +1 Byzantine relay (overclaim->under-serve) crosses the cumulative bound and the slash-trigger is SET (asserted, not live)
[22m[39m{"timestamp":"2026-06-22T06:52:41.681Z","level":"INFO","source":"frontend","module":"webrtc/sframe-transform","message":"encrypted frame","context":{"kid":9,"ctr":5,"byteLength":62,"codecOffset":10}}

[90mstdout[2m | apps/relay/src/__tests__/integration/mesh-placement-demo.integration.test.ts[2m > [22m[2mREQ-RMS-014 — legs e+f: +1 Byzantine relay slash-trigger SET + detect-latency bound[2m > [22m[2mthe +1 Byzantine relay (overclaim->under-serve) crosses the cumulative bound and the slash-trigger is SET (asserted, not live)
[22m[39m{"timestamp":"2026-06-22T06:52:41.682Z","level":"INFO","source":"frontend","module":"webrtc/sframe-transform","message":"encrypted frame","context":{"kid":9,"ctr":6,"byteLength":62,"codecOffset":10}}

[90mstdout[2m | apps/relay/src/__tests__/integration/mesh-placement-demo.integration.test.ts[2m > [22m[2mREQ-RMS-014 — legs e+f: +1 Byzantine relay slash-trigger SET + detect-latency bound[2m > [22m[2mthe +1 Byzantine relay (overclaim->under-serve) crosses the cumulative bound and the slash-trigger is SET (asserted, not live)
[22m[39m{"timestamp":"2026-06-22T06:52:41.683Z","level":"INFO","source":"frontend","module":"webrtc/sframe-transform","message":"encrypted frame","context":{"kid":9,"ctr":7,"byteLength":62,"codecOffset":10}}

{"level":30,"time":1782111161684,"pid":31608,"hostname":"Quang","name":"canary/verifier","canaryKid":9,"mediaPackets":7,"byteIdentical":7,"divergences":1,"msg":"canary forwarding verified"}
{"level":30,"time":1782111161684,"pid":31608,"hostname":"Quang","name":"canary/loss-classifier","relayMinerId":"relay-byz-demo","promoted":1,"absorbed":0,"tampers":0,"cumulativeCrossed":true,"msg":"canary divergences classified (drop gate / tamper p=1)"}
{"level":30,"time":1782111161686,"pid":31608,"hostname":"Quang","name":"canary/verify-loop","round":6,"relayMinerId":"relay-byz-demo","roomId":"demo-byz-room","perReceiver":2,"promoted":1,"absorbed":0,"stunLossBps":"0","msg":"canary verify round classified (hermetic half — synthetic capture, STUN read live)"}
[90mstdout[2m | apps/relay/src/__tests__/integration/mesh-placement-demo.integration.test.ts[2m > [22m[2mREQ-RMS-014 — legs e+f: +1 Byzantine relay slash-trigger SET + detect-latency bound[2m > [22m[2mthe +1 Byzantine relay (overclaim->under-serve) crosses the cumulative bound and the slash-trigger is SET (asserted, not live)
[22m[39m{"timestamp":"2026-06-22T06:52:41.687Z","level":"INFO","source":"frontend","module":"webrtc/sframe-transform","message":"encrypted frame","context":{"kid":9,"ctr":0,"byteLength":62,"codecOffset":10}}

[90mstdout[2m | apps/relay/src/__tests__/integration/mesh-placement-demo.integration.test.ts[2m > [22m[2mREQ-RMS-014 — legs e+f: +1 Byzantine relay slash-trigger SET + detect-latency bound[2m > [22m[2mthe +1 Byzantine relay (overclaim->under-serve) crosses the cumulative bound and the slash-trigger is SET (asserted, not live)
[22m[39m{"timestamp":"2026-06-22T06:52:41.689Z","level":"INFO","source":"frontend","module":"webrtc/sframe-transform","message":"encrypted frame","context":{"kid":9,"ctr":1,"byteLength":62,"codecOffset":10}}

[90mstdout[2m | apps/relay/src/__tests__/integration/mesh-placement-demo.integration.test.ts[2m > [22m[2mREQ-RMS-014 — legs e+f: +1 Byzantine relay slash-trigger SET + detect-latency bound[2m > [22m[2mthe +1 Byzantine relay (overclaim->under-serve) crosses the cumulative bound and the slash-trigger is SET (asserted, not live)
[22m[39m{"timestamp":"2026-06-22T06:52:41.690Z","level":"INFO","source":"frontend","module":"webrtc/sframe-transform","message":"encrypted frame","context":{"kid":9,"ctr":2,"byteLength":62,"codecOffset":10}}

[90mstdout[2m | apps/relay/src/__tests__/integration/mesh-placement-demo.integration.test.ts[2m > [22m[2mREQ-RMS-014 — legs e+f: +1 Byzantine relay slash-trigger SET + detect-latency bound[2m > [22m[2mthe +1 Byzantine relay (overclaim->under-serve) crosses the cumulative bound and the slash-trigger is SET (asserted, not live)
[22m[39m{"timestamp":"2026-06-22T06:52:41.691Z","level":"INFO","source":"frontend","module":"webrtc/sframe-transform","message":"encrypted frame","context":{"kid":9,"ctr":3,"byteLength":62,"codecOffset":10}}

[90mstdout[2m | apps/relay/src/__tests__/integration/mesh-placement-demo.integration.test.ts[2m > [22m[2mREQ-RMS-014 — legs e+f: +1 Byzantine relay slash-trigger SET + detect-latency bound[2m > [22m[2mthe +1 Byzantine relay (overclaim->under-serve) crosses the cumulative bound and the slash-trigger is SET (asserted, not live)
[22m[39m{"timestamp":"2026-06-22T06:52:41.692Z","level":"INFO","source":"frontend","module":"webrtc/sframe-transform","message":"encrypted frame","context":{"kid":9,"ctr":4,"byteLength":62,"codecOffset":10}}

[90mstdout[2m | apps/relay/src/__tests__/integration/mesh-placement-demo.integration.test.ts[2m > [22m[2mREQ-RMS-014 — legs e+f: +1 Byzantine relay slash-trigger SET + detect-latency bound[2m > [22m[2mthe +1 Byzantine relay (overclaim->under-serve) crosses the cumulative bound and the slash-trigger is SET (asserted, not live)
[22m[39m{"timestamp":"2026-06-22T06:52:41.693Z","level":"INFO","source":"frontend","module":"webrtc/sframe-transform","message":"encrypted frame","context":{"kid":9,"ctr":6,"byteLength":62,"codecOffset":10}}

[90mstdout[2m | apps/relay/src/__tests__/integration/mesh-placement-demo.integration.test.ts[2m > [22m[2mREQ-RMS-014 — legs e+f: +1 Byzantine relay slash-trigger SET + detect-latency bound[2m > [22m[2mthe +1 Byzantine relay (overclaim->under-serve) crosses the cumulative bound and the slash-trigger is SET (asserted, not live)
[22m[39m{"timestamp":"2026-06-22T06:52:41.694Z","level":"INFO","source":"frontend","module":"webrtc/sframe-transform","message":"encrypted frame","context":{"kid":9,"ctr":7,"byteLength":62,"codecOffset":10}}

[90mstdout[2m | apps/relay/src/__tests__/integration/mesh-placement-demo.integration.test.ts[2m > [22m[2mREQ-RMS-014 — legs e+f: +1 Byzantine relay slash-trigger SET + detect-latency bound[2m > [22m[2mthe +1 Byzantine relay (overclaim->under-serve) crosses the cumulative bound and the slash-trigger is SET (asserted, not live)
[22m[39m{"timestamp":"2026-06-22T06:52:41.697Z","level":"INFO","source":"frontend","module":"webrtc/sframe-transform","message":"encrypted frame","context":{"kid":9,"ctr":0,"byteLength":62,"codecOffset":10}}

[90mstdout[2m | apps/relay/src/__tests__/integration/mesh-placement-demo.integration.test.ts[2m > [22m[2mREQ-RMS-014 — legs e+f: +1 Byzantine relay slash-trigger SET + detect-latency bound[2m > [22m[2mthe +1 Byzantine relay (overclaim->under-serve) crosses the cumulative bound and the slash-trigger is SET (asserted, not live)
[22m[39m{"timestamp":"2026-06-22T06:52:41.699Z","level":"INFO","source":"frontend","module":"webrtc/sframe-transform","message":"encrypted frame","context":{"kid":9,"ctr":1,"byteLength":62,"codecOffset":10}}

[90mstdout[2m | apps/relay/src/__tests__/integration/mesh-placement-demo.integration.test.ts[2m > [22m[2mREQ-RMS-014 — legs e+f: +1 Byzantine relay slash-trigger SET + detect-latency bound[2m > [22m[2mthe +1 Byzantine relay (overclaim->under-serve) crosses the cumulative bound and the slash-trigger is SET (asserted, not live)
[22m[39m{"timestamp":"2026-06-22T06:52:41.700Z","level":"INFO","source":"frontend","module":"webrtc/sframe-transform","message":"encrypted frame","context":{"kid":9,"ctr":2,"byteLength":62,"codecOffset":10}}

[90mstdout[2m | apps/relay/src/__tests__/integration/mesh-placement-demo.integration.test.ts[2m > [22m[2mREQ-RMS-014 — legs e+f: +1 Byzantine relay slash-trigger SET + detect-latency bound[2m > [22m[2mthe +1 Byzantine relay (overclaim->under-serve) crosses the cumulative bound and the slash-trigger is SET (asserted, not live)
[22m[39m{"timestamp":"2026-06-22T06:52:41.702Z","level":"INFO","source":"frontend","module":"webrtc/sframe-transform","message":"encrypted frame","context":{"kid":9,"ctr":3,"byteLength":62,"codecOffset":10}}

[90mstdout[2m | apps/relay/src/__tests__/integration/mesh-placement-demo.integration.test.ts[2m > [22m[2mREQ-RMS-014 — legs e+f: +1 Byzantine relay slash-trigger SET + detect-latency bound[2m > [22m[2mthe +1 Byzantine relay (overclaim->under-serve) crosses the cumulative bound and the slash-trigger is SET (asserted, not live)
[22m[39m{"timestamp":"2026-06-22T06:52:41.703Z","level":"INFO","source":"frontend","module":"webrtc/sframe-transform","message":"encrypted frame","context":{"kid":9,"ctr":4,"byteLength":62,"codecOffset":10}}

[90mstdout[2m | apps/relay/src/__tests__/integration/mesh-placement-demo.integration.test.ts[2m > [22m[2mREQ-RMS-014 — legs e+f: +1 Byzantine relay slash-trigger SET + detect-latency bound[2m > [22m[2mthe +1 Byzantine relay (overclaim->under-serve) crosses the cumulative bound and the slash-trigger is SET (asserted, not live)
[22m[39m{"timestamp":"2026-06-22T06:52:41.704Z","level":"INFO","source":"frontend","module":"webrtc/sframe-transform","message":"encrypted frame","context":{"kid":9,"ctr":5,"byteLength":62,"codecOffset":10}}

[90mstdout[2m | apps/relay/src/__tests__/integration/mesh-placement-demo.integration.test.ts[2m > [22m[2mREQ-RMS-014 — legs e+f: +1 Byzantine relay slash-trigger SET + detect-latency bound[2m > [22m[2mthe +1 Byzantine relay (overclaim->under-serve) crosses the cumulative bound and the slash-trigger is SET (asserted, not live)
[22m[39m{"timestamp":"2026-06-22T06:52:41.707Z","level":"INFO","source":"frontend","module":"webrtc/sframe-transform","message":"encrypted frame","context":{"kid":9,"ctr":6,"byteLength":62,"codecOffset":10}}

[90mstdout[2m | apps/relay/src/__tests__/integration/mesh-placement-demo.integration.test.ts[2m > [22m[2mREQ-RMS-014 — legs e+f: +1 Byzantine relay slash-trigger SET + detect-latency bound[2m > [22m[2mthe +1 Byzantine relay (overclaim->under-serve) crosses the cumulative bound and the slash-trigger is SET (asserted, not live)
[22m[39m{"timestamp":"2026-06-22T06:52:41.708Z","level":"INFO","source":"frontend","module":"webrtc/sframe-transform","message":"encrypted frame","context":{"kid":9,"ctr":7,"byteLength":62,"codecOffset":10}}

{"level":30,"time":1782111161709,"pid":31608,"hostname":"Quang","name":"canary/verifier","canaryKid":9,"mediaPackets":7,"byteIdentical":7,"divergences":1,"msg":"canary forwarding verified"}
[90mstdout[2m | apps/relay/src/__tests__/integration/mesh-placement-demo.integration.test.ts[2m > [22m[2mREQ-RMS-014 — legs e+f: +1 Byzantine relay slash-trigger SET + detect-latency bound[2m > [22m[2mthe +1 Byzantine relay (overclaim->under-serve) crosses the cumulative bound and the slash-trigger is SET (asserted, not live)
[22m[39m{"timestamp":"2026-06-22T06:52:41.710Z","level":"INFO","source":"frontend","module":"webrtc/sframe-transform","message":"encrypted frame","context":{"kid":9,"ctr":0,"byteLength":62,"codecOffset":10}}

[90mstdout[2m | apps/relay/src/__tests__/integration/mesh-placement-demo.integration.test.ts[2m > [22m[2mREQ-RMS-014 — legs e+f: +1 Byzantine relay slash-trigger SET + detect-latency bound[2m > [22m[2mthe +1 Byzantine relay (overclaim->under-serve) crosses the cumulative bound and the slash-trigger is SET (asserted, not live)
[22m[39m{"timestamp":"2026-06-22T06:52:41.711Z","level":"INFO","source":"frontend","module":"webrtc/sframe-transform","message":"encrypted frame","context":{"kid":9,"ctr":1,"byteLength":62,"codecOffset":10}}

[90mstdout[2m | apps/relay/src/__tests__/integration/mesh-placement-demo.integration.test.ts[2m > [22m[2mREQ-RMS-014 — legs e+f: +1 Byzantine relay slash-trigger SET + detect-latency bound[2m > [22m[2mthe +1 Byzantine relay (overclaim->under-serve) crosses the cumulative bound and the slash-trigger is SET (asserted, not live)
[22m[39m{"timestamp":"2026-06-22T06:52:41.712Z","level":"INFO","source":"frontend","module":"webrtc/sframe-transform","message":"encrypted frame","context":{"kid":9,"ctr":2,"byteLength":62,"codecOffset":10}}

[90mstdout[2m | apps/relay/src/__tests__/integration/mesh-placement-demo.integration.test.ts[2m > [22m[2mREQ-RMS-014 — legs e+f: +1 Byzantine relay slash-trigger SET + detect-latency bound[2m > [22m[2mthe +1 Byzantine relay (overclaim->under-serve) crosses the cumulative bound and the slash-trigger is SET (asserted, not live)
[22m[39m{"timestamp":"2026-06-22T06:52:41.713Z","level":"INFO","source":"frontend","module":"webrtc/sframe-transform","message":"encrypted frame","context":{"kid":9,"ctr":3,"byteLength":62,"codecOffset":10}}

[90mstdout[2m | apps/relay/src/__tests__/integration/mesh-placement-demo.integration.test.ts[2m > [22m[2mREQ-RMS-014 — legs e+f: +1 Byzantine relay slash-trigger SET + detect-latency bound[2m > [22m[2mthe +1 Byzantine relay (overclaim->under-serve) crosses the cumulative bound and the slash-trigger is SET (asserted, not live)
[22m[39m{"timestamp":"2026-06-22T06:52:41.714Z","level":"INFO","source":"frontend","module":"webrtc/sframe-transform","message":"encrypted frame","context":{"kid":9,"ctr":4,"byteLength":62,"codecOffset":10}}

[90mstdout[2m | apps/relay/src/__tests__/integration/mesh-placement-demo.integration.test.ts[2m > [22m[2mREQ-RMS-014 — legs e+f: +1 Byzantine relay slash-trigger SET + detect-latency bound[2m > [22m[2mthe +1 Byzantine relay (overclaim->under-serve) crosses the cumulative bound and the slash-trigger is SET (asserted, not live)
[22m[39m{"timestamp":"2026-06-22T06:52:41.716Z","level":"INFO","source":"frontend","module":"webrtc/sframe-transform","message":"encrypted frame","context":{"kid":9,"ctr":5,"byteLength":62,"codecOffset":10}}

[90mstdout[2m | apps/relay/src/__tests__/integration/mesh-placement-demo.integration.test.ts[2m > [22m[2mREQ-RMS-014 — legs e+f: +1 Byzantine relay slash-trigger SET + detect-latency bound[2m > [22m[2mthe +1 Byzantine relay (overclaim->under-serve) crosses the cumulative bound and the slash-trigger is SET (asserted, not live)
[22m[39m{"timestamp":"2026-06-22T06:52:41.718Z","level":"INFO","source":"frontend","module":"webrtc/sframe-transform","message":"encrypted frame","context":{"kid":9,"ctr":6,"byteLength":62,"codecOffset":10}}

[90mstdout[2m | apps/relay/src/__tests__/integration/mesh-placement-demo.integration.test.ts[2m > [22m[2mREQ-RMS-014 — legs e+f: +1 Byzantine relay slash-trigger SET + detect-latency bound[2m > [22m[2mthe +1 Byzantine relay (overclaim->under-serve) crosses the cumulative bound and the slash-trigger is SET (asserted, not live)
[22m[39m{"timestamp":"2026-06-22T06:52:41.719Z","level":"INFO","source":"frontend","module":"webrtc/sframe-transform","message":"encrypted frame","context":{"kid":9,"ctr":7,"byteLength":62,"codecOffset":10}}

{"level":30,"time":1782111161719,"pid":31608,"hostname":"Quang","name":"canary/verifier","canaryKid":9,"mediaPackets":7,"byteIdentical":7,"divergences":1,"msg":"canary forwarding verified"}
{"level":30,"time":1782111161720,"pid":31608,"hostname":"Quang","name":"canary/loss-classifier","relayMinerId":"relay-byz-demo","promoted":1,"absorbed":0,"tampers":0,"cumulativeCrossed":true,"msg":"canary divergences classified (drop gate / tamper p=1)"}
{"level":30,"time":1782111161722,"pid":31608,"hostname":"Quang","name":"canary/verify-loop","round":7,"relayMinerId":"relay-byz-demo","roomId":"demo-byz-room","perReceiver":2,"promoted":1,"absorbed":0,"stunLossBps":"0","msg":"canary verify round classified (hermetic half — synthetic capture, STUN read live)"}
[90mstdout[2m | apps/relay/src/__tests__/integration/mesh-placement-demo.integration.test.ts[2m > [22m[2mREQ-RMS-014 — legs e+f: +1 Byzantine relay slash-trigger SET + detect-latency bound[2m > [22m[2mthe +1 Byzantine relay (overclaim->under-serve) crosses the cumulative bound and the slash-trigger is SET (asserted, not live)
[22m[39m{"timestamp":"2026-06-22T06:52:41.723Z","level":"INFO","source":"frontend","module":"webrtc/sframe-transform","message":"encrypted frame","context":{"kid":9,"ctr":0,"byteLength":62,"codecOffset":10}}

[90mstdout[2m | apps/relay/src/__tests__/integration/mesh-placement-demo.integration.test.ts[2m > [22m[2mREQ-RMS-014 — legs e+f: +1 Byzantine relay slash-trigger SET + detect-latency bound[2m > [22m[2mthe +1 Byzantine relay (overclaim->under-serve) crosses the cumulative bound and the slash-trigger is SET (asserted, not live)
[22m[39m{"timestamp":"2026-06-22T06:52:41.725Z","level":"INFO","source":"frontend","module":"webrtc/sframe-transform","message":"encrypted frame","context":{"kid":9,"ctr":1,"byteLength":62,"codecOffset":10}}

[90mstdout[2m | apps/relay/src/__tests__/integration/mesh-placement-demo.integration.test.ts[2m > [22m[2mREQ-RMS-014 — legs e+f: +1 Byzantine relay slash-trigger SET + detect-latency bound[2m > [22m[2mthe +1 Byzantine relay (overclaim->under-serve) crosses the cumulative bound and the slash-trigger is SET (asserted, not live)
[22m[39m{"timestamp":"2026-06-22T06:52:41.726Z","level":"INFO","source":"frontend","module":"webrtc/sframe-transform","message":"encrypted frame","context":{"kid":9,"ctr":2,"byteLength":62,"codecOffset":10}}

[90mstdout[2m | apps/relay/src/__tests__/integration/mesh-placement-demo.integration.test.ts[2m > [22m[2mREQ-RMS-014 — legs e+f: +1 Byzantine relay slash-trigger SET + detect-latency bound[2m > [22m[2mthe +1 Byzantine relay (overclaim->under-serve) crosses the cumulative bound and the slash-trigger is SET (asserted, not live)
[22m[39m{"timestamp":"2026-06-22T06:52:41.727Z","level":"INFO","source":"frontend","module":"webrtc/sframe-transform","message":"encrypted frame","context":{"kid":9,"ctr":3,"byteLength":62,"codecOffset":10}}

[90mstdout[2m | apps/relay/src/__tests__/integration/mesh-placement-demo.integration.test.ts[2m > [22m[2mREQ-RMS-014 — legs e+f: +1 Byzantine relay slash-trigger SET + detect-latency bound[2m > [22m[2mthe +1 Byzantine relay (overclaim->under-serve) crosses the cumulative bound and the slash-trigger is SET (asserted, not live)
[22m[39m{"timestamp":"2026-06-22T06:52:41.728Z","level":"INFO","source":"frontend","module":"webrtc/sframe-transform","message":"encrypted frame","context":{"kid":9,"ctr":4,"byteLength":62,"codecOffset":10}}

[90mstdout[2m | apps/relay/src/__tests__/integration/mesh-placement-demo.integration.test.ts[2m > [22m[2mREQ-RMS-014 — legs e+f: +1 Byzantine relay slash-trigger SET + detect-latency bound[2m > [22m[2mthe +1 Byzantine relay (overclaim->under-serve) crosses the cumulative bound and the slash-trigger is SET (asserted, not live)
[22m[39m{"timestamp":"2026-06-22T06:52:41.729Z","level":"INFO","source":"frontend","module":"webrtc/sframe-transform","message":"encrypted frame","context":{"kid":9,"ctr":6,"byteLength":62,"codecOffset":10}}

[90mstdout[2m | apps/relay/src/__tests__/integration/mesh-placement-demo.integration.test.ts[2m > [22m[2mREQ-RMS-014 — legs e+f: +1 Byzantine relay slash-trigger SET + detect-latency bound[2m > [22m[2mthe +1 Byzantine relay (overclaim->under-serve) crosses the cumulative bound and the slash-trigger is SET (asserted, not live)
[22m[39m{"timestamp":"2026-06-22T06:52:41.730Z","level":"INFO","source":"frontend","module":"webrtc/sframe-transform","message":"encrypted frame","context":{"kid":9,"ctr":7,"byteLength":62,"codecOffset":10}}

[90mstdout[2m | apps/relay/src/__tests__/integration/mesh-placement-demo.integration.test.ts[2m > [22m[2mREQ-RMS-014 — legs e+f: +1 Byzantine relay slash-trigger SET + detect-latency bound[2m > [22m[2mthe +1 Byzantine relay (overclaim->under-serve) crosses the cumulative bound and the slash-trigger is SET (asserted, not live)
[22m[39m{"timestamp":"2026-06-22T06:52:41.731Z","level":"INFO","source":"frontend","module":"webrtc/sframe-transform","message":"encrypted frame","context":{"kid":9,"ctr":0,"byteLength":62,"codecOffset":10}}

[90mstdout[2m | apps/relay/src/__tests__/integration/mesh-placement-demo.integration.test.ts[2m > [22m[2mREQ-RMS-014 — legs e+f: +1 Byzantine relay slash-trigger SET + detect-latency bound[2m > [22m[2mthe +1 Byzantine relay (overclaim->under-serve) crosses the cumulative bound and the slash-trigger is SET (asserted, not live)
[22m[39m{"timestamp":"2026-06-22T06:52:41.732Z","level":"INFO","source":"frontend","module":"webrtc/sframe-transform","message":"encrypted frame","context":{"kid":9,"ctr":1,"byteLength":62,"codecOffset":10}}

[90mstdout[2m | apps/relay/src/__tests__/integration/mesh-placement-demo.integration.test.ts[2m > [22m[2mREQ-RMS-014 — legs e+f: +1 Byzantine relay slash-trigger SET + detect-latency bound[2m > [22m[2mthe +1 Byzantine relay (overclaim->under-serve) crosses the cumulative bound and the slash-trigger is SET (asserted, not live)
[22m[39m{"timestamp":"2026-06-22T06:52:41.733Z","level":"INFO","source":"frontend","module":"webrtc/sframe-transform","message":"encrypted frame","context":{"kid":9,"ctr":2,"byteLength":62,"codecOffset":10}}

[90mstdout[2m | apps/relay/src/__tests__/integration/mesh-placement-demo.integration.test.ts[2m > [22m[2mREQ-RMS-014 — legs e+f: +1 Byzantine relay slash-trigger SET + detect-latency bound[2m > [22m[2mthe +1 Byzantine relay (overclaim->under-serve) crosses the cumulative bound and the slash-trigger is SET (asserted, not live)
[22m[39m{"timestamp":"2026-06-22T06:52:41.734Z","level":"INFO","source":"frontend","module":"webrtc/sframe-transform","message":"encrypted frame","context":{"kid":9,"ctr":3,"byteLength":62,"codecOffset":10}}

[90mstdout[2m | apps/relay/src/__tests__/integration/mesh-placement-demo.integration.test.ts[2m > [22m[2mREQ-RMS-014 — legs e+f: +1 Byzantine relay slash-trigger SET + detect-latency bound[2m > [22m[2mthe +1 Byzantine relay (overclaim->under-serve) crosses the cumulative bound and the slash-trigger is SET (asserted, not live)
[22m[39m{"timestamp":"2026-06-22T06:52:41.735Z","level":"INFO","source":"frontend","module":"webrtc/sframe-transform","message":"encrypted frame","context":{"kid":9,"ctr":4,"byteLength":62,"codecOffset":10}}

[90mstdout[2m | apps/relay/src/__tests__/integration/mesh-placement-demo.integration.test.ts[2m > [22m[2mREQ-RMS-014 — legs e+f: +1 Byzantine relay slash-trigger SET + detect-latency bound[2m > [22m[2mthe +1 Byzantine relay (overclaim->under-serve) crosses the cumulative bound and the slash-trigger is SET (asserted, not live)
[22m[39m{"timestamp":"2026-06-22T06:52:41.736Z","level":"INFO","source":"frontend","module":"webrtc/sframe-transform","message":"encrypted frame","context":{"kid":9,"ctr":5,"byteLength":62,"codecOffset":10}}

[90mstdout[2m | apps/relay/src/__tests__/integration/mesh-placement-demo.integration.test.ts[2m > [22m[2mREQ-RMS-014 — legs e+f: +1 Byzantine relay slash-trigger SET + detect-latency bound[2m > [22m[2mthe +1 Byzantine relay (overclaim->under-serve) crosses the cumulative bound and the slash-trigger is SET (asserted, not live)
[22m[39m{"timestamp":"2026-06-22T06:52:41.737Z","level":"INFO","source":"frontend","module":"webrtc/sframe-transform","message":"encrypted frame","context":{"kid":9,"ctr":6,"byteLength":62,"codecOffset":10}}

[90mstdout[2m | apps/relay/src/__tests__/integration/mesh-placement-demo.integration.test.ts[2m > [22m[2mREQ-RMS-014 — legs e+f: +1 Byzantine relay slash-trigger SET + detect-latency bound[2m > [22m[2mthe +1 Byzantine relay (overclaim->under-serve) crosses the cumulative bound and the slash-trigger is SET (asserted, not live)
[22m[39m{"timestamp":"2026-06-22T06:52:41.739Z","level":"INFO","source":"frontend","module":"webrtc/sframe-transform","message":"encrypted frame","context":{"kid":9,"ctr":7,"byteLength":62,"codecOffset":10}}

{"level":30,"time":1782111161739,"pid":31608,"hostname":"Quang","name":"canary/verifier","canaryKid":9,"mediaPackets":7,"byteIdentical":7,"divergences":1,"msg":"canary forwarding verified"}
[90mstdout[2m | apps/relay/src/__tests__/integration/mesh-placement-demo.integration.test.ts[2m > [22m[2mREQ-RMS-014 — legs e+f: +1 Byzantine relay slash-trigger SET + detect-latency bound[2m > [22m[2mthe +1 Byzantine relay (overclaim->under-serve) crosses the cumulative bound and the slash-trigger is SET (asserted, not live)
[22m[39m{"timestamp":"2026-06-22T06:52:41.740Z","level":"INFO","source":"frontend","module":"webrtc/sframe-transform","message":"encrypted frame","context":{"kid":9,"ctr":0,"byteLength":62,"codecOffset":10}}

[90mstdout[2m | apps/relay/src/__tests__/integration/mesh-placement-demo.integration.test.ts[2m > [22m[2mREQ-RMS-014 — legs e+f: +1 Byzantine relay slash-trigger SET + detect-latency bound[2m > [22m[2mthe +1 Byzantine relay (overclaim->under-serve) crosses the cumulative bound and the slash-trigger is SET (asserted, not live)
[22m[39m{"timestamp":"2026-06-22T06:52:41.741Z","level":"INFO","source":"frontend","module":"webrtc/sframe-transform","message":"encrypted frame","context":{"kid":9,"ctr":1,"byteLength":62,"codecOffset":10}}

[90mstdout[2m | apps/relay/src/__tests__/integration/mesh-placement-demo.integration.test.ts[2m > [22m[2mREQ-RMS-014 — legs e+f: +1 Byzantine relay slash-trigger SET + detect-latency bound[2m > [22m[2mthe +1 Byzantine relay (overclaim->under-serve) crosses the cumulative bound and the slash-trigger is SET (asserted, not live)
[22m[39m{"timestamp":"2026-06-22T06:52:41.743Z","level":"INFO","source":"frontend","module":"webrtc/sframe-transform","message":"encrypted frame","context":{"kid":9,"ctr":2,"byteLength":62,"codecOffset":10}}

[90mstdout[2m | apps/relay/src/__tests__/integration/mesh-placement-demo.integration.test.ts[2m > [22m[2mREQ-RMS-014 — legs e+f: +1 Byzantine relay slash-trigger SET + detect-latency bound[2m > [22m[2mthe +1 Byzantine relay (overclaim->under-serve) crosses the cumulative bound and the slash-trigger is SET (asserted, not live)
[22m[39m{"timestamp":"2026-06-22T06:52:41.744Z","level":"INFO","source":"frontend","module":"webrtc/sframe-transform","message":"encrypted frame","context":{"kid":9,"ctr":3,"byteLength":62,"codecOffset":10}}

[90mstdout[2m | apps/relay/src/__tests__/integration/mesh-placement-demo.integration.test.ts[2m > [22m[2mREQ-RMS-014 — legs e+f: +1 Byzantine relay slash-trigger SET + detect-latency bound[2m > [22m[2mthe +1 Byzantine relay (overclaim->under-serve) crosses the cumulative bound and the slash-trigger is SET (asserted, not live)
[22m[39m{"timestamp":"2026-06-22T06:52:41.745Z","level":"INFO","source":"frontend","module":"webrtc/sframe-transform","message":"encrypted frame","context":{"kid":9,"ctr":4,"byteLength":62,"codecOffset":10}}

[90mstdout[2m | apps/relay/src/__tests__/integration/mesh-placement-demo.integration.test.ts[2m > [22m[2mREQ-RMS-014 — legs e+f: +1 Byzantine relay slash-trigger SET + detect-latency bound[2m > [22m[2mthe +1 Byzantine relay (overclaim->under-serve) crosses the cumulative bound and the slash-trigger is SET (asserted, not live)
[22m[39m{"timestamp":"2026-06-22T06:52:41.746Z","level":"INFO","source":"frontend","module":"webrtc/sframe-transform","message":"encrypted frame","context":{"kid":9,"ctr":5,"byteLength":62,"codecOffset":10}}

[90mstdout[2m | apps/relay/src/__tests__/integration/mesh-placement-demo.integration.test.ts[2m > [22m[2mREQ-RMS-014 — legs e+f: +1 Byzantine relay slash-trigger SET + detect-latency bound[2m > [22m[2mthe +1 Byzantine relay (overclaim->under-serve) crosses the cumulative bound and the slash-trigger is SET (asserted, not live)
[22m[39m{"timestamp":"2026-06-22T06:52:41.747Z","level":"INFO","source":"frontend","module":"webrtc/sframe-transform","message":"encrypted frame","context":{"kid":9,"ctr":6,"byteLength":62,"codecOffset":10}}

[90mstdout[2m | apps/relay/src/__tests__/integration/mesh-placement-demo.integration.test.ts[2m > [22m[2mREQ-RMS-014 — legs e+f: +1 Byzantine relay slash-trigger SET + detect-latency bound[2m > [22m[2mthe +1 Byzantine relay (overclaim->under-serve) crosses the cumulative bound and the slash-trigger is SET (asserted, not live)
[22m[39m{"timestamp":"2026-06-22T06:52:41.748Z","level":"INFO","source":"frontend","module":"webrtc/sframe-transform","message":"encrypted frame","context":{"kid":9,"ctr":7,"byteLength":62,"codecOffset":10}}

{"level":30,"time":1782111161749,"pid":31608,"hostname":"Quang","name":"canary/verifier","canaryKid":9,"mediaPackets":7,"byteIdentical":7,"divergences":1,"msg":"canary forwarding verified"}
{"level":30,"time":1782111161749,"pid":31608,"hostname":"Quang","name":"canary/loss-classifier","relayMinerId":"relay-byz-demo","promoted":1,"absorbed":0,"tampers":0,"cumulativeCrossed":true,"msg":"canary divergences classified (drop gate / tamper p=1)"}
{"level":30,"time":1782111161752,"pid":31608,"hostname":"Quang","name":"canary/verify-loop","round":7,"relayMinerId":"relay-byz-demo","roomId":"demo-byz-room","perReceiver":2,"promoted":1,"absorbed":0,"stunLossBps":"0","msg":"canary verify round classified (hermetic half — synthetic capture, STUN read live)"}
[90mstdout[2m | apps/relay/src/__tests__/integration/mesh-placement-demo.integration.test.ts[2m > [22m[2mREQ-RMS-014 — legs e+f: +1 Byzantine relay slash-trigger SET + detect-latency bound[2m > [22m[2mthe +1 Byzantine relay (overclaim->under-serve) crosses the cumulative bound and the slash-trigger is SET (asserted, not live)
[22m[39m{"timestamp":"2026-06-22T06:52:41.753Z","level":"INFO","source":"frontend","module":"webrtc/sframe-transform","message":"encrypted frame","context":{"kid":9,"ctr":0,"byteLength":62,"codecOffset":10}}

[90mstdout[2m | apps/relay/src/__tests__/integration/mesh-placement-demo.integration.test.ts[2m > [22m[2mREQ-RMS-014 — legs e+f: +1 Byzantine relay slash-trigger SET + detect-latency bound[2m > [22m[2mthe +1 Byzantine relay (overclaim->under-serve) crosses the cumulative bound and the slash-trigger is SET (asserted, not live)
[22m[39m{"timestamp":"2026-06-22T06:52:41.754Z","level":"INFO","source":"frontend","module":"webrtc/sframe-transform","message":"encrypted frame","context":{"kid":9,"ctr":1,"byteLength":62,"codecOffset":10}}

[90mstdout[2m | apps/relay/src/__tests__/integration/mesh-placement-demo.integration.test.ts[2m > [22m[2mREQ-RMS-014 — legs e+f: +1 Byzantine relay slash-trigger SET + detect-latency bound[2m > [22m[2mthe +1 Byzantine relay (overclaim->under-serve) crosses the cumulative bound and the slash-trigger is SET (asserted, not live)
[22m[39m{"timestamp":"2026-06-22T06:52:41.756Z","level":"INFO","source":"frontend","module":"webrtc/sframe-transform","message":"encrypted frame","context":{"kid":9,"ctr":2,"byteLength":62,"codecOffset":10}}

[90mstdout[2m | apps/relay/src/__tests__/integration/mesh-placement-demo.integration.test.ts[2m > [22m[2mREQ-RMS-014 — legs e+f: +1 Byzantine relay slash-trigger SET + detect-latency bound[2m > [22m[2mthe +1 Byzantine relay (overclaim->under-serve) crosses the cumulative bound and the slash-trigger is SET (asserted, not live)
[22m[39m{"timestamp":"2026-06-22T06:52:41.757Z","level":"INFO","source":"frontend","module":"webrtc/sframe-transform","message":"encrypted frame","context":{"kid":9,"ctr":3,"byteLength":62,"codecOffset":10}}

[90mstdout[2m | apps/relay/src/__tests__/integration/mesh-placement-demo.integration.test.ts[2m > [22m[2mREQ-RMS-014 — legs e+f: +1 Byzantine relay slash-trigger SET + detect-latency bound[2m > [22m[2mthe +1 Byzantine relay (overclaim->under-serve) crosses the cumulative bound and the slash-trigger is SET (asserted, not live)
[22m[39m{"timestamp":"2026-06-22T06:52:41.758Z","level":"INFO","source":"frontend","module":"webrtc/sframe-transform","message":"encrypted frame","context":{"kid":9,"ctr":4,"byteLength":62,"codecOffset":10}}

[90mstdout[2m | apps/relay/src/__tests__/integration/mesh-placement-demo.integration.test.ts[2m > [22m[2mREQ-RMS-014 — legs e+f: +1 Byzantine relay slash-trigger SET + detect-latency bound[2m > [22m[2mthe +1 Byzantine relay (overclaim->under-serve) crosses the cumulative bound and the slash-trigger is SET (asserted, not live)
[22m[39m{"timestamp":"2026-06-22T06:52:41.759Z","level":"INFO","source":"frontend","module":"webrtc/sframe-transform","message":"encrypted frame","context":{"kid":9,"ctr":6,"byteLength":62,"codecOffset":10}}

[90mstdout[2m | apps/relay/src/__tests__/integration/mesh-placement-demo.integration.test.ts[2m > [22m[2mREQ-RMS-014 — legs e+f: +1 Byzantine relay slash-trigger SET + detect-latency bound[2m > [22m[2mthe +1 Byzantine relay (overclaim->under-serve) crosses the cumulative bound and the slash-trigger is SET (asserted, not live)
[22m[39m{"timestamp":"2026-06-22T06:52:41.761Z","level":"INFO","source":"frontend","module":"webrtc/sframe-transform","message":"encrypted frame","context":{"kid":9,"ctr":7,"byteLength":62,"codecOffset":10}}

[90mstdout[2m | apps/relay/src/__tests__/integration/mesh-placement-demo.integration.test.ts[2m > [22m[2mREQ-RMS-014 — legs e+f: +1 Byzantine relay slash-trigger SET + detect-latency bound[2m > [22m[2mthe +1 Byzantine relay (overclaim->under-serve) crosses the cumulative bound and the slash-trigger is SET (asserted, not live)
[22m[39m{"timestamp":"2026-06-22T06:52:41.762Z","level":"INFO","source":"frontend","module":"webrtc/sframe-transform","message":"encrypted frame","context":{"kid":9,"ctr":0,"byteLength":62,"codecOffset":10}}

[90mstdout[2m | apps/relay/src/__tests__/integration/mesh-placement-demo.integration.test.ts[2m > [22m[2mREQ-RMS-014 — legs e+f: +1 Byzantine relay slash-trigger SET + detect-latency bound[2m > [22m[2mthe +1 Byzantine relay (overclaim->under-serve) crosses the cumulative bound and the slash-trigger is SET (asserted, not live)
[22m[39m{"timestamp":"2026-06-22T06:52:41.764Z","level":"INFO","source":"frontend","module":"webrtc/sframe-transform","message":"encrypted frame","context":{"kid":9,"ctr":1,"byteLength":62,"codecOffset":10}}

[90mstdout[2m | apps/relay/src/__tests__/integration/mesh-placement-demo.integration.test.ts[2m > [22m[2mREQ-RMS-014 — legs e+f: +1 Byzantine relay slash-trigger SET + detect-latency bound[2m > [22m[2mthe +1 Byzantine relay (overclaim->under-serve) crosses the cumulative bound and the slash-trigger is SET (asserted, not live)
[22m[39m{"timestamp":"2026-06-22T06:52:41.767Z","level":"INFO","source":"frontend","module":"webrtc/sframe-transform","message":"encrypted frame","context":{"kid":9,"ctr":2,"byteLength":62,"codecOffset":10}}

[90mstdout[2m | apps/relay/src/__tests__/integration/mesh-placement-demo.integration.test.ts[2m > [22m[2mREQ-RMS-014 — legs e+f: +1 Byzantine relay slash-trigger SET + detect-latency bound[2m > [22m[2mthe +1 Byzantine relay (overclaim->under-serve) crosses the cumulative bound and the slash-trigger is SET (asserted, not live)
[22m[39m{"timestamp":"2026-06-22T06:52:41.770Z","level":"INFO","source":"frontend","module":"webrtc/sframe-transform","message":"encrypted frame","context":{"kid":9,"ctr":3,"byteLength":62,"codecOffset":10}}

[90mstdout[2m | apps/relay/src/__tests__/integration/mesh-placement-demo.integration.test.ts[2m > [22m[2mREQ-RMS-014 — legs e+f: +1 Byzantine relay slash-trigger SET + detect-latency bound[2m > [22m[2mthe +1 Byzantine relay (overclaim->under-serve) crosses the cumulative bound and the slash-trigger is SET (asserted, not live)
[22m[39m{"timestamp":"2026-06-22T06:52:41.771Z","level":"INFO","source":"frontend","module":"webrtc/sframe-transform","message":"encrypted frame","context":{"kid":9,"ctr":4,"byteLength":62,"codecOffset":10}}

[90mstdout[2m | apps/relay/src/__tests__/integration/mesh-placement-demo.integration.test.ts[2m > [22m[2mREQ-RMS-014 — legs e+f: +1 Byzantine relay slash-trigger SET + detect-latency bound[2m > [22m[2mthe +1 Byzantine relay (overclaim->under-serve) crosses the cumulative bound and the slash-trigger is SET (asserted, not live)
[22m[39m{"timestamp":"2026-06-22T06:52:41.773Z","level":"INFO","source":"frontend","module":"webrtc/sframe-transform","message":"encrypted frame","context":{"kid":9,"ctr":5,"byteLength":62,"codecOffset":10}}

[90mstdout[2m | apps/relay/src/__tests__/integration/mesh-placement-demo.integration.test.ts[2m > [22m[2mREQ-RMS-014 — legs e+f: +1 Byzantine relay slash-trigger SET + detect-latency bound[2m > [22m[2mthe +1 Byzantine relay (overclaim->under-serve) crosses the cumulative bound and the slash-trigger is SET (asserted, not live)
[22m[39m{"timestamp":"2026-06-22T06:52:41.774Z","level":"INFO","source":"frontend","module":"webrtc/sframe-transform","message":"encrypted frame","context":{"kid":9,"ctr":6,"byteLength":62,"codecOffset":10}}

[90mstdout[2m | apps/relay/src/__tests__/integration/mesh-placement-demo.integration.test.ts[2m > [22m[2mREQ-RMS-014 — legs e+f: +1 Byzantine relay slash-trigger SET + detect-latency bound[2m > [22m[2mthe +1 Byzantine relay (overclaim->under-serve) crosses the cumulative bound and the slash-trigger is SET (asserted, not live)
[22m[39m{"timestamp":"2026-06-22T06:52:41.776Z","level":"INFO","source":"frontend","module":"webrtc/sframe-transform","message":"encrypted frame","context":{"kid":9,"ctr":7,"byteLength":62,"codecOffset":10}}

{"level":30,"time":1782111161777,"pid":31608,"hostname":"Quang","name":"canary/verifier","canaryKid":9,"mediaPackets":7,"byteIdentical":7,"divergences":1,"msg":"canary forwarding verified"}
[90mstdout[2m | apps/relay/src/__tests__/integration/mesh-placement-demo.integration.test.ts[2m > [22m[2mREQ-RMS-014 — legs e+f: +1 Byzantine relay slash-trigger SET + detect-latency bound[2m > [22m[2mthe +1 Byzantine relay (overclaim->under-serve) crosses the cumulative bound and the slash-trigger is SET (asserted, not live)
[22m[39m{"timestamp":"2026-06-22T06:52:41.778Z","level":"INFO","source":"frontend","module":"webrtc/sframe-transform","message":"encrypted frame","context":{"kid":9,"ctr":0,"byteLength":62,"codecOffset":10}}

[90mstdout[2m | apps/relay/src/__tests__/integration/mesh-placement-demo.integration.test.ts[2m > [22m[2mREQ-RMS-014 — legs e+f: +1 Byzantine relay slash-trigger SET + detect-latency bound[2m > [22m[2mthe +1 Byzantine relay (overclaim->under-serve) crosses the cumulative bound and the slash-trigger is SET (asserted, not live)
[22m[39m{"timestamp":"2026-06-22T06:52:41.780Z","level":"INFO","source":"frontend","module":"webrtc/sframe-transform","message":"encrypted frame","context":{"kid":9,"ctr":1,"byteLength":62,"codecOffset":10}}

[90mstdout[2m | apps/relay/src/__tests__/integration/mesh-placement-demo.integration.test.ts[2m > [22m[2mREQ-RMS-014 — legs e+f: +1 Byzantine relay slash-trigger SET + detect-latency bound[2m > [22m[2mthe +1 Byzantine relay (overclaim->under-serve) crosses the cumulative bound and the slash-trigger is SET (asserted, not live)
[22m[39m{"timestamp":"2026-06-22T06:52:41.781Z","level":"INFO","source":"frontend","module":"webrtc/sframe-transform","message":"encrypted frame","context":{"kid":9,"ctr":2,"byteLength":62,"codecOffset":10}}

[90mstdout[2m | apps/relay/src/__tests__/integration/mesh-placement-demo.integration.test.ts[2m > [22m[2mREQ-RMS-014 — legs e+f: +1 Byzantine relay slash-trigger SET + detect-latency bound[2m > [22m[2mthe +1 Byzantine relay (overclaim->under-serve) crosses the cumulative bound and the slash-trigger is SET (asserted, not live)
[22m[39m{"timestamp":"2026-06-22T06:52:41.783Z","level":"INFO","source":"frontend","module":"webrtc/sframe-transform","message":"encrypted frame","context":{"kid":9,"ctr":3,"byteLength":62,"codecOffset":10}}

[90mstdout[2m | apps/relay/src/__tests__/integration/mesh-placement-demo.integration.test.ts[2m > [22m[2mREQ-RMS-014 — legs e+f: +1 Byzantine relay slash-trigger SET + detect-latency bound[2m > [22m[2mthe +1 Byzantine relay (overclaim->under-serve) crosses the cumulative bound and the slash-trigger is SET (asserted, not live)
[22m[39m{"timestamp":"2026-06-22T06:52:41.784Z","level":"INFO","source":"frontend","module":"webrtc/sframe-transform","message":"encrypted frame","context":{"kid":9,"ctr":4,"byteLength":62,"codecOffset":10}}

[90mstdout[2m | apps/relay/src/__tests__/integration/mesh-placement-demo.integration.test.ts[2m > [22m[2mREQ-RMS-014 — legs e+f: +1 Byzantine relay slash-trigger SET + detect-latency bound[2m > [22m[2mthe +1 Byzantine relay (overclaim->under-serve) crosses the cumulative bound and the slash-trigger is SET (asserted, not live)
[22m[39m{"timestamp":"2026-06-22T06:52:41.786Z","level":"INFO","source":"frontend","module":"webrtc/sframe-transform","message":"encrypted frame","context":{"kid":9,"ctr":5,"byteLength":62,"codecOffset":10}}

[90mstdout[2m | apps/relay/src/__tests__/integration/mesh-placement-demo.integration.test.ts[2m > [22m[2mREQ-RMS-014 — legs e+f: +1 Byzantine relay slash-trigger SET + detect-latency bound[2m > [22m[2mthe +1 Byzantine relay (overclaim->under-serve) crosses the cumulative bound and the slash-trigger is SET (asserted, not live)
[22m[39m{"timestamp":"2026-06-22T06:52:41.787Z","level":"INFO","source":"frontend","module":"webrtc/sframe-transform","message":"encrypted frame","context":{"kid":9,"ctr":6,"byteLength":62,"codecOffset":10}}

[90mstdout[2m | apps/relay/src/__tests__/integration/mesh-placement-demo.integration.test.ts[2m > [22m[2mREQ-RMS-014 — legs e+f: +1 Byzantine relay slash-trigger SET + detect-latency bound[2m > [22m[2mthe +1 Byzantine relay (overclaim->under-serve) crosses the cumulative bound and the slash-trigger is SET (asserted, not live)
[22m[39m{"timestamp":"2026-06-22T06:52:41.788Z","level":"INFO","source":"frontend","module":"webrtc/sframe-transform","message":"encrypted frame","context":{"kid":9,"ctr":7,"byteLength":62,"codecOffset":10}}

{"level":30,"time":1782111161789,"pid":31608,"hostname":"Quang","name":"canary/verifier","canaryKid":9,"mediaPackets":7,"byteIdentical":7,"divergences":1,"msg":"canary forwarding verified"}
{"level":30,"time":1782111161789,"pid":31608,"hostname":"Quang","name":"canary/loss-classifier","relayMinerId":"relay-byz-demo","promoted":1,"absorbed":0,"tampers":0,"cumulativeCrossed":true,"msg":"canary divergences classified (drop gate / tamper p=1)"}
{"level":30,"time":1782111161791,"pid":31608,"hostname":"Quang","name":"canary/verify-loop","round":8,"relayMinerId":"relay-byz-demo","roomId":"demo-byz-room","perReceiver":2,"promoted":1,"absorbed":0,"stunLossBps":"0","msg":"canary verify round classified (hermetic half — synthetic capture, STUN read live)"}
[90mstdout[2m | apps/relay/src/__tests__/integration/mesh-placement-demo.integration.test.ts[2m > [22m[2mREQ-RMS-014 — legs e+f: +1 Byzantine relay slash-trigger SET + detect-latency bound[2m > [22m[2mthe +1 Byzantine relay (overclaim->under-serve) crosses the cumulative bound and the slash-trigger is SET (asserted, not live)
[22m[39m{"timestamp":"2026-06-22T06:52:41.793Z","level":"INFO","source":"frontend","module":"webrtc/sframe-transform","message":"encrypted frame","context":{"kid":9,"ctr":0,"byteLength":62,"codecOffset":10}}

[90mstdout[2m | apps/relay/src/__tests__/integration/mesh-placement-demo.integration.test.ts[2m > [22m[2mREQ-RMS-014 — legs e+f: +1 Byzantine relay slash-trigger SET + detect-latency bound[2m > [22m[2mthe +1 Byzantine relay (overclaim->under-serve) crosses the cumulative bound and the slash-trigger is SET (asserted, not live)
[22m[39m{"timestamp":"2026-06-22T06:52:41.794Z","level":"INFO","source":"frontend","module":"webrtc/sframe-transform","message":"encrypted frame","context":{"kid":9,"ctr":1,"byteLength":62,"codecOffset":10}}

[90mstdout[2m | apps/relay/src/__tests__/integration/mesh-placement-demo.integration.test.ts[2m > [22m[2mREQ-RMS-014 — legs e+f: +1 Byzantine relay slash-trigger SET + detect-latency bound[2m > [22m[2mthe +1 Byzantine relay (overclaim->under-serve) crosses the cumulative bound and the slash-trigger is SET (asserted, not live)
[22m[39m{"timestamp":"2026-06-22T06:52:41.795Z","level":"INFO","source":"frontend","module":"webrtc/sframe-transform","message":"encrypted frame","context":{"kid":9,"ctr":2,"byteLength":62,"codecOffset":10}}

[90mstdout[2m | apps/relay/src/__tests__/integration/mesh-placement-demo.integration.test.ts[2m > [22m[2mREQ-RMS-014 — legs e+f: +1 Byzantine relay slash-trigger SET + detect-latency bound[2m > [22m[2mthe +1 Byzantine relay (overclaim->under-serve) crosses the cumulative bound and the slash-trigger is SET (asserted, not live)
[22m[39m{"timestamp":"2026-06-22T06:52:41.796Z","level":"INFO","source":"frontend","module":"webrtc/sframe-transform","message":"encrypted frame","context":{"kid":9,"ctr":3,"byteLength":62,"codecOffset":10}}

[90mstdout[2m | apps/relay/src/__tests__/integration/mesh-placement-demo.integration.test.ts[2m > [22m[2mREQ-RMS-014 — legs e+f: +1 Byzantine relay slash-trigger SET + detect-latency bound[2m > [22m[2mthe +1 Byzantine relay (overclaim->under-serve) crosses the cumulative bound and the slash-trigger is SET (asserted, not live)
[22m[39m{"timestamp":"2026-06-22T06:52:41.797Z","level":"INFO","source":"frontend","module":"webrtc/sframe-transform","message":"encrypted frame","context":{"kid":9,"ctr":4,"byteLength":62,"codecOffset":10}}

[90mstdout[2m | apps/relay/src/__tests__/integration/mesh-placement-demo.integration.test.ts[2m > [22m[2mREQ-RMS-014 — legs e+f: +1 Byzantine relay slash-trigger SET + detect-latency bound[2m > [22m[2mthe +1 Byzantine relay (overclaim->under-serve) crosses the cumulative bound and the slash-trigger is SET (asserted, not live)
[22m[39m{"timestamp":"2026-06-22T06:52:41.799Z","level":"INFO","source":"frontend","module":"webrtc/sframe-transform","message":"encrypted frame","context":{"kid":9,"ctr":6,"byteLength":62,"codecOffset":10}}

[90mstdout[2m | apps/relay/src/__tests__/integration/mesh-placement-demo.integration.test.ts[2m > [22m[2mREQ-RMS-014 — legs e+f: +1 Byzantine relay slash-trigger SET + detect-latency bound[2m > [22m[2mthe +1 Byzantine relay (overclaim->under-serve) crosses the cumulative bound and the slash-trigger is SET (asserted, not live)
[22m[39m{"timestamp":"2026-06-22T06:52:41.801Z","level":"INFO","source":"frontend","module":"webrtc/sframe-transform","message":"encrypted frame","context":{"kid":9,"ctr":7,"byteLength":62,"codecOffset":10}}

[90mstdout[2m | apps/relay/src/__tests__/integration/mesh-placement-demo.integration.test.ts[2m > [22m[2mREQ-RMS-014 — legs e+f: +1 Byzantine relay slash-trigger SET + detect-latency bound[2m > [22m[2mthe +1 Byzantine relay (overclaim->under-serve) crosses the cumulative bound and the slash-trigger is SET (asserted, not live)
[22m[39m{"timestamp":"2026-06-22T06:52:41.803Z","level":"INFO","source":"frontend","module":"webrtc/sframe-transform","message":"encrypted frame","context":{"kid":9,"ctr":0,"byteLength":62,"codecOffset":10}}

[90mstdout[2m | apps/relay/src/__tests__/integration/mesh-placement-demo.integration.test.ts[2m > [22m[2mREQ-RMS-014 — legs e+f: +1 Byzantine relay slash-trigger SET + detect-latency bound[2m > [22m[2mthe +1 Byzantine relay (overclaim->under-serve) crosses the cumulative bound and the slash-trigger is SET (asserted, not live)
[22m[39m{"timestamp":"2026-06-22T06:52:41.805Z","level":"INFO","source":"frontend","module":"webrtc/sframe-transform","message":"encrypted frame","context":{"kid":9,"ctr":1,"byteLength":62,"codecOffset":10}}

[90mstdout[2m | apps/relay/src/__tests__/integration/mesh-placement-demo.integration.test.ts[2m > [22m[2mREQ-RMS-014 — legs e+f: +1 Byzantine relay slash-trigger SET + detect-latency bound[2m > [22m[2mthe +1 Byzantine relay (overclaim->under-serve) crosses the cumulative bound and the slash-trigger is SET (asserted, not live)
[22m[39m{"timestamp":"2026-06-22T06:52:41.806Z","level":"INFO","source":"frontend","module":"webrtc/sframe-transform","message":"encrypted frame","context":{"kid":9,"ctr":2,"byteLength":62,"codecOffset":10}}

[90mstdout[2m | apps/relay/src/__tests__/integration/mesh-placement-demo.integration.test.ts[2m > [22m[2mREQ-RMS-014 — legs e+f: +1 Byzantine relay slash-trigger SET + detect-latency bound[2m > [22m[2mthe +1 Byzantine relay (overclaim->under-serve) crosses the cumulative bound and the slash-trigger is SET (asserted, not live)
[22m[39m{"timestamp":"2026-06-22T06:52:41.808Z","level":"INFO","source":"frontend","module":"webrtc/sframe-transform","message":"encrypted frame","context":{"kid":9,"ctr":3,"byteLength":62,"codecOffset":10}}

[90mstdout[2m | apps/relay/src/__tests__/integration/mesh-placement-demo.integration.test.ts[2m > [22m[2mREQ-RMS-014 — legs e+f: +1 Byzantine relay slash-trigger SET + detect-latency bound[2m > [22m[2mthe +1 Byzantine relay (overclaim->under-serve) crosses the cumulative bound and the slash-trigger is SET (asserted, not live)
[22m[39m{"timestamp":"2026-06-22T06:52:41.809Z","level":"INFO","source":"frontend","module":"webrtc/sframe-transform","message":"encrypted frame","context":{"kid":9,"ctr":4,"byteLength":62,"codecOffset":10}}

[90mstdout[2m | apps/relay/src/__tests__/integration/mesh-placement-demo.integration.test.ts[2m > [22m[2mREQ-RMS-014 — legs e+f: +1 Byzantine relay slash-trigger SET + detect-latency bound[2m > [22m[2mthe +1 Byzantine relay (overclaim->under-serve) crosses the cumulative bound and the slash-trigger is SET (asserted, not live)
[22m[39m{"timestamp":"2026-06-22T06:52:41.815Z","level":"INFO","source":"frontend","module":"webrtc/sframe-transform","message":"encrypted frame","context":{"kid":9,"ctr":5,"byteLength":62,"codecOffset":10}}

[90mstdout[2m | apps/relay/src/__tests__/integration/mesh-placement-demo.integration.test.ts[2m > [22m[2mREQ-RMS-014 — legs e+f: +1 Byzantine relay slash-trigger SET + detect-latency bound[2m > [22m[2mthe +1 Byzantine relay (overclaim->under-serve) crosses the cumulative bound and the slash-trigger is SET (asserted, not live)
[22m[39m{"timestamp":"2026-06-22T06:52:41.818Z","level":"INFO","source":"frontend","module":"webrtc/sframe-transform","message":"encrypted frame","context":{"kid":9,"ctr":6,"byteLength":62,"codecOffset":10}}

[90mstdout[2m | apps/relay/src/__tests__/integration/mesh-placement-demo.integration.test.ts[2m > [22m[2mREQ-RMS-014 — legs e+f: +1 Byzantine relay slash-trigger SET + detect-latency bound[2m > [22m[2mthe +1 Byzantine relay (overclaim->under-serve) crosses the cumulative bound and the slash-trigger is SET (asserted, not live)
[22m[39m{"timestamp":"2026-06-22T06:52:41.820Z","level":"INFO","source":"frontend","module":"webrtc/sframe-transform","message":"encrypted frame","context":{"kid":9,"ctr":7,"byteLength":62,"codecOffset":10}}

{"level":30,"time":1782111161820,"pid":31608,"hostname":"Quang","name":"canary/verifier","canaryKid":9,"mediaPackets":7,"byteIdentical":7,"divergences":1,"msg":"canary forwarding verified"}
[90mstdout[2m | apps/relay/src/__tests__/integration/mesh-placement-demo.integration.test.ts[2m > [22m[2mREQ-RMS-014 — legs e+f: +1 Byzantine relay slash-trigger SET + detect-latency bound[2m > [22m[2mthe +1 Byzantine relay (overclaim->under-serve) crosses the cumulative bound and the slash-trigger is SET (asserted, not live)
[22m[39m{"timestamp":"2026-06-22T06:52:41.822Z","level":"INFO","source":"frontend","module":"webrtc/sframe-transform","message":"encrypted frame","context":{"kid":9,"ctr":0,"byteLength":62,"codecOffset":10}}

[90mstdout[2m | apps/relay/src/__tests__/integration/mesh-placement-demo.integration.test.ts[2m > [22m[2mREQ-RMS-014 — legs e+f: +1 Byzantine relay slash-trigger SET + detect-latency bound[2m > [22m[2mthe +1 Byzantine relay (overclaim->under-serve) crosses the cumulative bound and the slash-trigger is SET (asserted, not live)
[22m[39m{"timestamp":"2026-06-22T06:52:41.823Z","level":"INFO","source":"frontend","module":"webrtc/sframe-transform","message":"encrypted frame","context":{"kid":9,"ctr":1,"byteLength":62,"codecOffset":10}}

[90mstdout[2m | apps/relay/src/__tests__/integration/mesh-placement-demo.integration.test.ts[2m > [22m[2mREQ-RMS-014 — legs e+f: +1 Byzantine relay slash-trigger SET + detect-latency bound[2m > [22m[2mthe +1 Byzantine relay (overclaim->under-serve) crosses the cumulative bound and the slash-trigger is SET (asserted, not live)
[22m[39m{"timestamp":"2026-06-22T06:52:41.825Z","level":"INFO","source":"frontend","module":"webrtc/sframe-transform","message":"encrypted frame","context":{"kid":9,"ctr":2,"byteLength":62,"codecOffset":10}}

[90mstdout[2m | apps/relay/src/__tests__/integration/mesh-placement-demo.integration.test.ts[2m > [22m[2mREQ-RMS-014 — legs e+f: +1 Byzantine relay slash-trigger SET + detect-latency bound[2m > [22m[2mthe +1 Byzantine relay (overclaim->under-serve) crosses the cumulative bound and the slash-trigger is SET (asserted, not live)
[22m[39m{"timestamp":"2026-06-22T06:52:41.827Z","level":"INFO","source":"frontend","module":"webrtc/sframe-transform","message":"encrypted frame","context":{"kid":9,"ctr":3,"byteLength":62,"codecOffset":10}}

[90mstdout[2m | apps/relay/src/__tests__/integration/mesh-placement-demo.integration.test.ts[2m > [22m[2mREQ-RMS-014 — legs e+f: +1 Byzantine relay slash-trigger SET + detect-latency bound[2m > [22m[2mthe +1 Byzantine relay (overclaim->under-serve) crosses the cumulative bound and the slash-trigger is SET (asserted, not live)
[22m[39m{"timestamp":"2026-06-22T06:52:41.829Z","level":"INFO","source":"frontend","module":"webrtc/sframe-transform","message":"encrypted frame","context":{"kid":9,"ctr":4,"byteLength":62,"codecOffset":10}}

[90mstdout[2m | apps/relay/src/__tests__/integration/mesh-placement-demo.integration.test.ts[2m > [22m[2mREQ-RMS-014 — legs e+f: +1 Byzantine relay slash-trigger SET + detect-latency bound[2m > [22m[2mthe +1 Byzantine relay (overclaim->under-serve) crosses the cumulative bound and the slash-trigger is SET (asserted, not live)
[22m[39m{"timestamp":"2026-06-22T06:52:41.830Z","level":"INFO","source":"frontend","module":"webrtc/sframe-transform","message":"encrypted frame","context":{"kid":9,"ctr":5,"byteLength":62,"codecOffset":10}}

[90mstdout[2m | apps/relay/src/__tests__/integration/mesh-placement-demo.integration.test.ts[2m > [22m[2mREQ-RMS-014 — legs e+f: +1 Byzantine relay slash-trigger SET + detect-latency bound[2m > [22m[2mthe +1 Byzantine relay (overclaim->under-serve) crosses the cumulative bound and the slash-trigger is SET (asserted, not live)
[22m[39m{"timestamp":"2026-06-22T06:52:41.832Z","level":"INFO","source":"frontend","module":"webrtc/sframe-transform","message":"encrypted frame","context":{"kid":9,"ctr":6,"byteLength":62,"codecOffset":10}}

[90mstdout[2m | apps/relay/src/__tests__/integration/mesh-placement-demo.integration.test.ts[2m > [22m[2mREQ-RMS-014 — legs e+f: +1 Byzantine relay slash-trigger SET + detect-latency bound[2m > [22m[2mthe +1 Byzantine relay (overclaim->under-serve) crosses the cumulative bound and the slash-trigger is SET (asserted, not live)
[22m[39m{"timestamp":"2026-06-22T06:52:41.833Z","level":"INFO","source":"frontend","module":"webrtc/sframe-transform","message":"encrypted frame","context":{"kid":9,"ctr":7,"byteLength":62,"codecOffset":10}}

{"level":30,"time":1782111161833,"pid":31608,"hostname":"Quang","name":"canary/verifier","canaryKid":9,"mediaPackets":7,"byteIdentical":7,"divergences":1,"msg":"canary forwarding verified"}
{"level":30,"time":1782111161834,"pid":31608,"hostname":"Quang","name":"canary/loss-classifier","relayMinerId":"relay-byz-demo","promoted":1,"absorbed":0,"tampers":0,"cumulativeCrossed":true,"msg":"canary divergences classified (drop gate / tamper p=1)"}
{"level":30,"time":1782111161836,"pid":31608,"hostname":"Quang","name":"canary/verify-loop","round":8,"relayMinerId":"relay-byz-demo","roomId":"demo-byz-room","perReceiver":2,"promoted":1,"absorbed":0,"stunLossBps":"0","msg":"canary verify round classified (hermetic half — synthetic capture, STUN read live)"}
[90mstdout[2m | apps/relay/src/__tests__/integration/mesh-placement-demo.integration.test.ts[2m > [22m[2mREQ-RMS-014 — legs e+f: +1 Byzantine relay slash-trigger SET + detect-latency bound[2m > [22m[2mthe +1 Byzantine relay (overclaim->under-serve) crosses the cumulative bound and the slash-trigger is SET (asserted, not live)
[22m[39m{"timestamp":"2026-06-22T06:52:41.838Z","level":"INFO","source":"frontend","module":"webrtc/sframe-transform","message":"encrypted frame","context":{"kid":9,"ctr":0,"byteLength":62,"codecOffset":10}}

[90mstdout[2m | apps/relay/src/__tests__/integration/mesh-placement-demo.integration.test.ts[2m > [22m[2mREQ-RMS-014 — legs e+f: +1 Byzantine relay slash-trigger SET + detect-latency bound[2m > [22m[2mthe +1 Byzantine relay (overclaim->under-serve) crosses the cumulative bound and the slash-trigger is SET (asserted, not live)
[22m[39m{"timestamp":"2026-06-22T06:52:41.839Z","level":"INFO","source":"frontend","module":"webrtc/sframe-transform","message":"encrypted frame","context":{"kid":9,"ctr":1,"byteLength":62,"codecOffset":10}}

[90mstdout[2m | apps/relay/src/__tests__/integration/mesh-placement-demo.integration.test.ts[2m > [22m[2mREQ-RMS-014 — legs e+f: +1 Byzantine relay slash-trigger SET + detect-latency bound[2m > [22m[2mthe +1 Byzantine relay (overclaim->under-serve) crosses the cumulative bound and the slash-trigger is SET (asserted, not live)
[22m[39m{"timestamp":"2026-06-22T06:52:41.840Z","level":"INFO","source":"frontend","module":"webrtc/sframe-transform","message":"encrypted frame","context":{"kid":9,"ctr":2,"byteLength":62,"codecOffset":10}}

[90mstdout[2m | apps/relay/src/__tests__/integration/mesh-placement-demo.integration.test.ts[2m > [22m[2mREQ-RMS-014 — legs e+f: +1 Byzantine relay slash-trigger SET + detect-latency bound[2m > [22m[2mthe +1 Byzantine relay (overclaim->under-serve) crosses the cumulative bound and the slash-trigger is SET (asserted, not live)
[22m[39m{"timestamp":"2026-06-22T06:52:41.841Z","level":"INFO","source":"frontend","module":"webrtc/sframe-transform","message":"encrypted frame","context":{"kid":9,"ctr":3,"byteLength":62,"codecOffset":10}}

[90mstdout[2m | apps/relay/src/__tests__/integration/mesh-placement-demo.integration.test.ts[2m > [22m[2mREQ-RMS-014 — legs e+f: +1 Byzantine relay slash-trigger SET + detect-latency bound[2m > [22m[2mthe +1 Byzantine relay (overclaim->under-serve) crosses the cumulative bound and the slash-trigger is SET (asserted, not live)
[22m[39m{"timestamp":"2026-06-22T06:52:41.843Z","level":"INFO","source":"frontend","module":"webrtc/sframe-transform","message":"encrypted frame","context":{"kid":9,"ctr":4,"byteLength":62,"codecOffset":10}}

[90mstdout[2m | apps/relay/src/__tests__/integration/mesh-placement-demo.integration.test.ts[2m > [22m[2mREQ-RMS-014 — legs e+f: +1 Byzantine relay slash-trigger SET + detect-latency bound[2m > [22m[2mthe +1 Byzantine relay (overclaim->under-serve) crosses the cumulative bound and the slash-trigger is SET (asserted, not live)
[22m[39m{"timestamp":"2026-06-22T06:52:41.844Z","level":"INFO","source":"frontend","module":"webrtc/sframe-transform","message":"encrypted frame","context":{"kid":9,"ctr":6,"byteLength":62,"codecOffset":10}}

[90mstdout[2m | apps/relay/src/__tests__/integration/mesh-placement-demo.integration.test.ts[2m > [22m[2mREQ-RMS-014 — legs e+f: +1 Byzantine relay slash-trigger SET + detect-latency bound[2m > [22m[2mthe +1 Byzantine relay (overclaim->under-serve) crosses the cumulative bound and the slash-trigger is SET (asserted, not live)
[22m[39m{"timestamp":"2026-06-22T06:52:41.845Z","level":"INFO","source":"frontend","module":"webrtc/sframe-transform","message":"encrypted frame","context":{"kid":9,"ctr":7,"byteLength":62,"codecOffset":10}}

[90mstdout[2m | apps/relay/src/__tests__/integration/mesh-placement-demo.integration.test.ts[2m > [22m[2mREQ-RMS-014 — legs e+f: +1 Byzantine relay slash-trigger SET + detect-latency bound[2m > [22m[2mthe +1 Byzantine relay (overclaim->under-serve) crosses the cumulative bound and the slash-trigger is SET (asserted, not live)
[22m[39m{"timestamp":"2026-06-22T06:52:41.847Z","level":"INFO","source":"frontend","module":"webrtc/sframe-transform","message":"encrypted frame","context":{"kid":9,"ctr":0,"byteLength":62,"codecOffset":10}}

[90mstdout[2m | apps/relay/src/__tests__/integration/mesh-placement-demo.integration.test.ts[2m > [22m[2mREQ-RMS-014 — legs e+f: +1 Byzantine relay slash-trigger SET + detect-latency bound[2m > [22m[2mthe +1 Byzantine relay (overclaim->under-serve) crosses the cumulative bound and the slash-trigger is SET (asserted, not live)
[22m[39m{"timestamp":"2026-06-22T06:52:41.848Z","level":"INFO","source":"frontend","module":"webrtc/sframe-transform","message":"encrypted frame","context":{"kid":9,"ctr":1,"byteLength":62,"codecOffset":10}}

[90mstdout[2m | apps/relay/src/__tests__/integration/mesh-placement-demo.integration.test.ts[2m > [22m[2mREQ-RMS-014 — legs e+f: +1 Byzantine relay slash-trigger SET + detect-latency bound[2m > [22m[2mthe +1 Byzantine relay (overclaim->under-serve) crosses the cumulative bound and the slash-trigger is SET (asserted, not live)
[22m[39m{"timestamp":"2026-06-22T06:52:41.849Z","level":"INFO","source":"frontend","module":"webrtc/sframe-transform","message":"encrypted frame","context":{"kid":9,"ctr":2,"byteLength":62,"codecOffset":10}}

[90mstdout[2m | apps/relay/src/__tests__/integration/mesh-placement-demo.integration.test.ts[2m > [22m[2mREQ-RMS-014 — legs e+f: +1 Byzantine relay slash-trigger SET + detect-latency bound[2m > [22m[2mthe +1 Byzantine relay (overclaim->under-serve) crosses the cumulative bound and the slash-trigger is SET (asserted, not live)
[22m[39m{"timestamp":"2026-06-22T06:52:41.850Z","level":"INFO","source":"frontend","module":"webrtc/sframe-transform","message":"encrypted frame","context":{"kid":9,"ctr":3,"byteLength":62,"codecOffset":10}}

[90mstdout[2m | apps/relay/src/__tests__/integration/mesh-placement-demo.integration.test.ts[2m > [22m[2mREQ-RMS-014 — legs e+f: +1 Byzantine relay slash-trigger SET + detect-latency bound[2m > [22m[2mthe +1 Byzantine relay (overclaim->under-serve) crosses the cumulative bound and the slash-trigger is SET (asserted, not live)
[22m[39m{"timestamp":"2026-06-22T06:52:41.851Z","level":"INFO","source":"frontend","module":"webrtc/sframe-transform","message":"encrypted frame","context":{"kid":9,"ctr":4,"byteLength":62,"codecOffset":10}}

[90mstdout[2m | apps/relay/src/__tests__/integration/mesh-placement-demo.integration.test.ts[2m > [22m[2mREQ-RMS-014 — legs e+f: +1 Byzantine relay slash-trigger SET + detect-latency bound[2m > [22m[2mthe +1 Byzantine relay (overclaim->under-serve) crosses the cumulative bound and the slash-trigger is SET (asserted, not live)
[22m[39m{"timestamp":"2026-06-22T06:52:41.852Z","level":"INFO","source":"frontend","module":"webrtc/sframe-transform","message":"encrypted frame","context":{"kid":9,"ctr":5,"byteLength":62,"codecOffset":10}}

[90mstdout[2m | apps/relay/src/__tests__/integration/mesh-placement-demo.integration.test.ts[2m > [22m[2mREQ-RMS-014 — legs e+f: +1 Byzantine relay slash-trigger SET + detect-latency bound[2m > [22m[2mthe +1 Byzantine relay (overclaim->under-serve) crosses the cumulative bound and the slash-trigger is SET (asserted, not live)
[22m[39m{"timestamp":"2026-06-22T06:52:41.853Z","level":"INFO","source":"frontend","module":"webrtc/sframe-transform","message":"encrypted frame","context":{"kid":9,"ctr":6,"byteLength":62,"codecOffset":10}}

[90mstdout[2m | apps/relay/src/__tests__/integration/mesh-placement-demo.integration.test.ts[2m > [22m[2mREQ-RMS-014 — legs e+f: +1 Byzantine relay slash-trigger SET + detect-latency bound[2m > [22m[2mthe +1 Byzantine relay (overclaim->under-serve) crosses the cumulative bound and the slash-trigger is SET (asserted, not live)
[22m[39m{"timestamp":"2026-06-22T06:52:41.854Z","level":"INFO","source":"frontend","module":"webrtc/sframe-transform","message":"encrypted frame","context":{"kid":9,"ctr":7,"byteLength":62,"codecOffset":10}}

{"level":30,"time":1782111161854,"pid":31608,"hostname":"Quang","name":"canary/verifier","canaryKid":9,"mediaPackets":7,"byteIdentical":7,"divergences":1,"msg":"canary forwarding verified"}
[90mstdout[2m | apps/relay/src/__tests__/integration/mesh-placement-demo.integration.test.ts[2m > [22m[2mREQ-RMS-014 — legs e+f: +1 Byzantine relay slash-trigger SET + detect-latency bound[2m > [22m[2mthe +1 Byzantine relay (overclaim->under-serve) crosses the cumulative bound and the slash-trigger is SET (asserted, not live)
[22m[39m{"timestamp":"2026-06-22T06:52:41.855Z","level":"INFO","source":"frontend","module":"webrtc/sframe-transform","message":"encrypted frame","context":{"kid":9,"ctr":0,"byteLength":62,"codecOffset":10}}

[90mstdout[2m | apps/relay/src/__tests__/integration/mesh-placement-demo.integration.test.ts[2m > [22m[2mREQ-RMS-014 — legs e+f: +1 Byzantine relay slash-trigger SET + detect-latency bound[2m > [22m[2mthe +1 Byzantine relay (overclaim->under-serve) crosses the cumulative bound and the slash-trigger is SET (asserted, not live)
[22m[39m{"timestamp":"2026-06-22T06:52:41.856Z","level":"INFO","source":"frontend","module":"webrtc/sframe-transform","message":"encrypted frame","context":{"kid":9,"ctr":1,"byteLength":62,"codecOffset":10}}

[90mstdout[2m | apps/relay/src/__tests__/integration/mesh-placement-demo.integration.test.ts[2m > [22m[2mREQ-RMS-014 — legs e+f: +1 Byzantine relay slash-trigger SET + detect-latency bound[2m > [22m[2mthe +1 Byzantine relay (overclaim->under-serve) crosses the cumulative bound and the slash-trigger is SET (asserted, not live)
[22m[39m{"timestamp":"2026-06-22T06:52:41.858Z","level":"INFO","source":"frontend","module":"webrtc/sframe-transform","message":"encrypted frame","context":{"kid":9,"ctr":2,"byteLength":62,"codecOffset":10}}

[90mstdout[2m | apps/relay/src/__tests__/integration/mesh-placement-demo.integration.test.ts[2m > [22m[2mREQ-RMS-014 — legs e+f: +1 Byzantine relay slash-trigger SET + detect-latency bound[2m > [22m[2mthe +1 Byzantine relay (overclaim->under-serve) crosses the cumulative bound and the slash-trigger is SET (asserted, not live)
[22m[39m{"timestamp":"2026-06-22T06:52:41.858Z","level":"INFO","source":"frontend","module":"webrtc/sframe-transform","message":"encrypted frame","context":{"kid":9,"ctr":3,"byteLength":62,"codecOffset":10}}

[90mstdout[2m | apps/relay/src/__tests__/integration/mesh-placement-demo.integration.test.ts[2m > [22m[2mREQ-RMS-014 — legs e+f: +1 Byzantine relay slash-trigger SET + detect-latency bound[2m > [22m[2mthe +1 Byzantine relay (overclaim->under-serve) crosses the cumulative bound and the slash-trigger is SET (asserted, not live)
[22m[39m{"timestamp":"2026-06-22T06:52:41.860Z","level":"INFO","source":"frontend","module":"webrtc/sframe-transform","message":"encrypted frame","context":{"kid":9,"ctr":4,"byteLength":62,"codecOffset":10}}

[90mstdout[2m | apps/relay/src/__tests__/integration/mesh-placement-demo.integration.test.ts[2m > [22m[2mREQ-RMS-014 — legs e+f: +1 Byzantine relay slash-trigger SET + detect-latency bound[2m > [22m[2mthe +1 Byzantine relay (overclaim->under-serve) crosses the cumulative bound and the slash-trigger is SET (asserted, not live)
[22m[39m{"timestamp":"2026-06-22T06:52:41.861Z","level":"INFO","source":"frontend","module":"webrtc/sframe-transform","message":"encrypted frame","context":{"kid":9,"ctr":5,"byteLength":62,"codecOffset":10}}

[90mstdout[2m | apps/relay/src/__tests__/integration/mesh-placement-demo.integration.test.ts[2m > [22m[2mREQ-RMS-014 — legs e+f: +1 Byzantine relay slash-trigger SET + detect-latency bound[2m > [22m[2mthe +1 Byzantine relay (overclaim->under-serve) crosses the cumulative bound and the slash-trigger is SET (asserted, not live)
[22m[39m{"timestamp":"2026-06-22T06:52:41.862Z","level":"INFO","source":"frontend","module":"webrtc/sframe-transform","message":"encrypted frame","context":{"kid":9,"ctr":6,"byteLength":62,"codecOffset":10}}

[90mstdout[2m | apps/relay/src/__tests__/integration/mesh-placement-demo.integration.test.ts[2m > [22m[2mREQ-RMS-014 — legs e+f: +1 Byzantine relay slash-trigger SET + detect-latency bound[2m > [22m[2mthe +1 Byzantine relay (overclaim->under-serve) crosses the cumulative bound and the slash-trigger is SET (asserted, not live)
[22m[39m{"timestamp":"2026-06-22T06:52:41.863Z","level":"INFO","source":"frontend","module":"webrtc/sframe-transform","message":"encrypted frame","context":{"kid":9,"ctr":7,"byteLength":62,"codecOffset":10}}

{"level":30,"time":1782111161863,"pid":31608,"hostname":"Quang","name":"canary/verifier","canaryKid":9,"mediaPackets":7,"byteIdentical":7,"divergences":1,"msg":"canary forwarding verified"}
{"level":30,"time":1782111161863,"pid":31608,"hostname":"Quang","name":"canary/loss-classifier","relayMinerId":"relay-byz-demo","promoted":1,"absorbed":0,"tampers":0,"cumulativeCrossed":true,"msg":"canary divergences classified (drop gate / tamper p=1)"}
{"level":30,"time":1782111161865,"pid":31608,"hostname":"Quang","name":"canary/verify-loop","round":9,"relayMinerId":"relay-byz-demo","roomId":"demo-byz-room","perReceiver":2,"promoted":1,"absorbed":0,"stunLossBps":"0","msg":"canary verify round classified (hermetic half — synthetic capture, STUN read live)"}
[90mstdout[2m | apps/relay/src/__tests__/integration/mesh-placement-demo.integration.test.ts[2m > [22m[2mREQ-RMS-014 — legs e+f: +1 Byzantine relay slash-trigger SET + detect-latency bound[2m > [22m[2mthe +1 Byzantine relay (overclaim->under-serve) crosses the cumulative bound and the slash-trigger is SET (asserted, not live)
[22m[39m{"timestamp":"2026-06-22T06:52:41.867Z","level":"INFO","source":"frontend","module":"webrtc/sframe-transform","message":"encrypted frame","context":{"kid":9,"ctr":0,"byteLength":62,"codecOffset":10}}

[90mstdout[2m | apps/relay/src/__tests__/integration/mesh-placement-demo.integration.test.ts[2m > [22m[2mREQ-RMS-014 — legs e+f: +1 Byzantine relay slash-trigger SET + detect-latency bound[2m > [22m[2mthe +1 Byzantine relay (overclaim->under-serve) crosses the cumulative bound and the slash-trigger is SET (asserted, not live)
[22m[39m{"timestamp":"2026-06-22T06:52:41.868Z","level":"INFO","source":"frontend","module":"webrtc/sframe-transform","message":"encrypted frame","context":{"kid":9,"ctr":1,"byteLength":62,"codecOffset":10}}

[90mstdout[2m | apps/relay/src/__tests__/integration/mesh-placement-demo.integration.test.ts[2m > [22m[2mREQ-RMS-014 — legs e+f: +1 Byzantine relay slash-trigger SET + detect-latency bound[2m > [22m[2mthe +1 Byzantine relay (overclaim->under-serve) crosses the cumulative bound and the slash-trigger is SET (asserted, not live)
[22m[39m{"timestamp":"2026-06-22T06:52:41.869Z","level":"INFO","source":"frontend","module":"webrtc/sframe-transform","message":"encrypted frame","context":{"kid":9,"ctr":2,"byteLength":62,"codecOffset":10}}

[90mstdout[2m | apps/relay/src/__tests__/integration/mesh-placement-demo.integration.test.ts[2m > [22m[2mREQ-RMS-014 — legs e+f: +1 Byzantine relay slash-trigger SET + detect-latency bound[2m > [22m[2mthe +1 Byzantine relay (overclaim->under-serve) crosses the cumulative bound and the slash-trigger is SET (asserted, not live)
[22m[39m{"timestamp":"2026-06-22T06:52:41.870Z","level":"INFO","source":"frontend","module":"webrtc/sframe-transform","message":"encrypted frame","context":{"kid":9,"ctr":3,"byteLength":62,"codecOffset":10}}

[90mstdout[2m | apps/relay/src/__tests__/integration/mesh-placement-demo.integration.test.ts[2m > [22m[2mREQ-RMS-014 — legs e+f: +1 Byzantine relay slash-trigger SET + detect-latency bound[2m > [22m[2mthe +1 Byzantine relay (overclaim->under-serve) crosses the cumulative bound and the slash-trigger is SET (asserted, not live)
[22m[39m{"timestamp":"2026-06-22T06:52:41.870Z","level":"INFO","source":"frontend","module":"webrtc/sframe-transform","message":"encrypted frame","context":{"kid":9,"ctr":4,"byteLength":62,"codecOffset":10}}

[90mstdout[2m | apps/relay/src/__tests__/integration/mesh-placement-demo.integration.test.ts[2m > [22m[2mREQ-RMS-014 — legs e+f: +1 Byzantine relay slash-trigger SET + detect-latency bound[2m > [22m[2mthe +1 Byzantine relay (overclaim->under-serve) crosses the cumulative bound and the slash-trigger is SET (asserted, not live)
[22m[39m{"timestamp":"2026-06-22T06:52:41.871Z","level":"INFO","source":"frontend","module":"webrtc/sframe-transform","message":"encrypted frame","context":{"kid":9,"ctr":6,"byteLength":62,"codecOffset":10}}

[90mstdout[2m | apps/relay/src/__tests__/integration/mesh-placement-demo.integration.test.ts[2m > [22m[2mREQ-RMS-014 — legs e+f: +1 Byzantine relay slash-trigger SET + detect-latency bound[2m > [22m[2mthe +1 Byzantine relay (overclaim->under-serve) crosses the cumulative bound and the slash-trigger is SET (asserted, not live)
[22m[39m{"timestamp":"2026-06-22T06:52:41.872Z","level":"INFO","source":"frontend","module":"webrtc/sframe-transform","message":"encrypted frame","context":{"kid":9,"ctr":7,"byteLength":62,"codecOffset":10}}

[90mstdout[2m | apps/relay/src/__tests__/integration/mesh-placement-demo.integration.test.ts[2m > [22m[2mREQ-RMS-014 — legs e+f: +1 Byzantine relay slash-trigger SET + detect-latency bound[2m > [22m[2mthe +1 Byzantine relay (overclaim->under-serve) crosses the cumulative bound and the slash-trigger is SET (asserted, not live)
[22m[39m{"timestamp":"2026-06-22T06:52:41.873Z","level":"INFO","source":"frontend","module":"webrtc/sframe-transform","message":"encrypted frame","context":{"kid":9,"ctr":0,"byteLength":62,"codecOffset":10}}

[90mstdout[2m | apps/relay/src/__tests__/integration/mesh-placement-demo.integration.test.ts[2m > [22m[2mREQ-RMS-014 — legs e+f: +1 Byzantine relay slash-trigger SET + detect-latency bound[2m > [22m[2mthe +1 Byzantine relay (overclaim->under-serve) crosses the cumulative bound and the slash-trigger is SET (asserted, not live)
[22m[39m{"timestamp":"2026-06-22T06:52:41.874Z","level":"INFO","source":"frontend","module":"webrtc/sframe-transform","message":"encrypted frame","context":{"kid":9,"ctr":1,"byteLength":62,"codecOffset":10}}

[90mstdout[2m | apps/relay/src/__tests__/integration/mesh-placement-demo.integration.test.ts[2m > [22m[2mREQ-RMS-014 — legs e+f: +1 Byzantine relay slash-trigger SET + detect-latency bound[2m > [22m[2mthe +1 Byzantine relay (overclaim->under-serve) crosses the cumulative bound and the slash-trigger is SET (asserted, not live)
[22m[39m{"timestamp":"2026-06-22T06:52:41.876Z","level":"INFO","source":"frontend","module":"webrtc/sframe-transform","message":"encrypted frame","context":{"kid":9,"ctr":2,"byteLength":62,"codecOffset":10}}

[90mstdout[2m | apps/relay/src/__tests__/integration/mesh-placement-demo.integration.test.ts[2m > [22m[2mREQ-RMS-014 — legs e+f: +1 Byzantine relay slash-trigger SET + detect-latency bound[2m > [22m[2mthe +1 Byzantine relay (overclaim->under-serve) crosses the cumulative bound and the slash-trigger is SET (asserted, not live)
[22m[39m{"timestamp":"2026-06-22T06:52:41.877Z","level":"INFO","source":"frontend","module":"webrtc/sframe-transform","message":"encrypted frame","context":{"kid":9,"ctr":3,"byteLength":62,"codecOffset":10}}

[90mstdout[2m | apps/relay/src/__tests__/integration/mesh-placement-demo.integration.test.ts[2m > [22m[2mREQ-RMS-014 — legs e+f: +1 Byzantine relay slash-trigger SET + detect-latency bound[2m > [22m[2mthe +1 Byzantine relay (overclaim->under-serve) crosses the cumulative bound and the slash-trigger is SET (asserted, not live)
[22m[39m{"timestamp":"2026-06-22T06:52:41.878Z","level":"INFO","source":"frontend","module":"webrtc/sframe-transform","message":"encrypted frame","context":{"kid":9,"ctr":4,"byteLength":62,"codecOffset":10}}

[90mstdout[2m | apps/relay/src/__tests__/integration/mesh-placement-demo.integration.test.ts[2m > [22m[2mREQ-RMS-014 — legs e+f: +1 Byzantine relay slash-trigger SET + detect-latency bound[2m > [22m[2mthe +1 Byzantine relay (overclaim->under-serve) crosses the cumulative bound and the slash-trigger is SET (asserted, not live)
[22m[39m{"timestamp":"2026-06-22T06:52:41.879Z","level":"INFO","source":"frontend","module":"webrtc/sframe-transform","message":"encrypted frame","context":{"kid":9,"ctr":5,"byteLength":62,"codecOffset":10}}

[90mstdout[2m | apps/relay/src/__tests__/integration/mesh-placement-demo.integration.test.ts[2m > [22m[2mREQ-RMS-014 — legs e+f: +1 Byzantine relay slash-trigger SET + detect-latency bound[2m > [22m[2mthe +1 Byzantine relay (overclaim->under-serve) crosses the cumulative bound and the slash-trigger is SET (asserted, not live)
[22m[39m{"timestamp":"2026-06-22T06:52:41.880Z","level":"INFO","source":"frontend","module":"webrtc/sframe-transform","message":"encrypted frame","context":{"kid":9,"ctr":6,"byteLength":62,"codecOffset":10}}

[90mstdout[2m | apps/relay/src/__tests__/integration/mesh-placement-demo.integration.test.ts[2m > [22m[2mREQ-RMS-014 — legs e+f: +1 Byzantine relay slash-trigger SET + detect-latency bound[2m > [22m[2mthe +1 Byzantine relay (overclaim->under-serve) crosses the cumulative bound and the slash-trigger is SET (asserted, not live)
[22m[39m{"timestamp":"2026-06-22T06:52:41.881Z","level":"INFO","source":"frontend","module":"webrtc/sframe-transform","message":"encrypted frame","context":{"kid":9,"ctr":7,"byteLength":62,"codecOffset":10}}

{"level":30,"time":1782111161882,"pid":31608,"hostname":"Quang","name":"canary/verifier","canaryKid":9,"mediaPackets":7,"byteIdentical":7,"divergences":1,"msg":"canary forwarding verified"}
[90mstdout[2m | apps/relay/src/__tests__/integration/mesh-placement-demo.integration.test.ts[2m > [22m[2mREQ-RMS-014 — legs e+f: +1 Byzantine relay slash-trigger SET + detect-latency bound[2m > [22m[2mthe +1 Byzantine relay (overclaim->under-serve) crosses the cumulative bound and the slash-trigger is SET (asserted, not live)
[22m[39m{"timestamp":"2026-06-22T06:52:41.882Z","level":"INFO","source":"frontend","module":"webrtc/sframe-transform","message":"encrypted frame","context":{"kid":9,"ctr":0,"byteLength":62,"codecOffset":10}}

[90mstdout[2m | apps/relay/src/__tests__/integration/mesh-placement-demo.integration.test.ts[2m > [22m[2mREQ-RMS-014 — legs e+f: +1 Byzantine relay slash-trigger SET + detect-latency bound[2m > [22m[2mthe +1 Byzantine relay (overclaim->under-serve) crosses the cumulative bound and the slash-trigger is SET (asserted, not live)
[22m[39m{"timestamp":"2026-06-22T06:52:41.883Z","level":"INFO","source":"frontend","module":"webrtc/sframe-transform","message":"encrypted frame","context":{"kid":9,"ctr":1,"byteLength":62,"codecOffset":10}}

[90mstdout[2m | apps/relay/src/__tests__/integration/mesh-placement-demo.integration.test.ts[2m > [22m[2mREQ-RMS-014 — legs e+f: +1 Byzantine relay slash-trigger SET + detect-latency bound[2m > [22m[2mthe +1 Byzantine relay (overclaim->under-serve) crosses the cumulative bound and the slash-trigger is SET (asserted, not live)
[22m[39m{"timestamp":"2026-06-22T06:52:41.884Z","level":"INFO","source":"frontend","module":"webrtc/sframe-transform","message":"encrypted frame","context":{"kid":9,"ctr":2,"byteLength":62,"codecOffset":10}}

[90mstdout[2m | apps/relay/src/__tests__/integration/mesh-placement-demo.integration.test.ts[2m > [22m[2mREQ-RMS-014 — legs e+f: +1 Byzantine relay slash-trigger SET + detect-latency bound[2m > [22m[2mthe +1 Byzantine relay (overclaim->under-serve) crosses the cumulative bound and the slash-trigger is SET (asserted, not live)
[22m[39m{"timestamp":"2026-06-22T06:52:41.885Z","level":"INFO","source":"frontend","module":"webrtc/sframe-transform","message":"encrypted frame","context":{"kid":9,"ctr":3,"byteLength":62,"codecOffset":10}}

[90mstdout[2m | apps/relay/src/__tests__/integration/mesh-placement-demo.integration.test.ts[2m > [22m[2mREQ-RMS-014 — legs e+f: +1 Byzantine relay slash-trigger SET + detect-latency bound[2m > [22m[2mthe +1 Byzantine relay (overclaim->under-serve) crosses the cumulative bound and the slash-trigger is SET (asserted, not live)
[22m[39m{"timestamp":"2026-06-22T06:52:41.887Z","level":"INFO","source":"frontend","module":"webrtc/sframe-transform","message":"encrypted frame","context":{"kid":9,"ctr":4,"byteLength":62,"codecOffset":10}}

[90mstdout[2m | apps/relay/src/__tests__/integration/mesh-placement-demo.integration.test.ts[2m > [22m[2mREQ-RMS-014 — legs e+f: +1 Byzantine relay slash-trigger SET + detect-latency bound[2m > [22m[2mthe +1 Byzantine relay (overclaim->under-serve) crosses the cumulative bound and the slash-trigger is SET (asserted, not live)
[22m[39m{"timestamp":"2026-06-22T06:52:41.888Z","level":"INFO","source":"frontend","module":"webrtc/sframe-transform","message":"encrypted frame","context":{"kid":9,"ctr":5,"byteLength":62,"codecOffset":10}}

[90mstdout[2m | apps/relay/src/__tests__/integration/mesh-placement-demo.integration.test.ts[2m > [22m[2mREQ-RMS-014 — legs e+f: +1 Byzantine relay slash-trigger SET + detect-latency bound[2m > [22m[2mthe +1 Byzantine relay (overclaim->under-serve) crosses the cumulative bound and the slash-trigger is SET (asserted, not live)
[22m[39m{"timestamp":"2026-06-22T06:52:41.890Z","level":"INFO","source":"frontend","module":"webrtc/sframe-transform","message":"encrypted frame","context":{"kid":9,"ctr":6,"byteLength":62,"codecOffset":10}}

[90mstdout[2m | apps/relay/src/__tests__/integration/mesh-placement-demo.integration.test.ts[2m > [22m[2mREQ-RMS-014 — legs e+f: +1 Byzantine relay slash-trigger SET + detect-latency bound[2m > [22m[2mthe +1 Byzantine relay (overclaim->under-serve) crosses the cumulative bound and the slash-trigger is SET (asserted, not live)
[22m[39m{"timestamp":"2026-06-22T06:52:41.891Z","level":"INFO","source":"frontend","module":"webrtc/sframe-transform","message":"encrypted frame","context":{"kid":9,"ctr":7,"byteLength":62,"codecOffset":10}}

{"level":30,"time":1782111161891,"pid":31608,"hostname":"Quang","name":"canary/verifier","canaryKid":9,"mediaPackets":7,"byteIdentical":7,"divergences":1,"msg":"canary forwarding verified"}
{"level":30,"time":1782111161891,"pid":31608,"hostname":"Quang","name":"canary/loss-classifier","relayMinerId":"relay-byz-demo","promoted":1,"absorbed":0,"tampers":0,"cumulativeCrossed":true,"msg":"canary divergences classified (drop gate / tamper p=1)"}
{"level":30,"time":1782111161895,"pid":31608,"hostname":"Quang","name":"canary/verify-loop","round":9,"relayMinerId":"relay-byz-demo","roomId":"demo-byz-room","perReceiver":2,"promoted":1,"absorbed":0,"stunLossBps":"0","msg":"canary verify round classified (hermetic half — synthetic capture, STUN read live)"}
[90mstdout[2m | apps/relay/src/__tests__/integration/mesh-placement-demo.integration.test.ts[2m > [22m[2mREQ-RMS-014 — emit consolidated demo sidecar[2m > [22m[2mwrites .logs/bench/rms/mesh-demo.json for report-rms-bench
[22m[39m[demo] sidecar -> C:\Thesis\dvconf\dvconf-daemons\.logs\bench\rms\mesh-demo.json

 [32m✓[39m apps/relay/src/__tests__/integration/mesh-placement-demo.integration.test.ts [2m([22m[2m4 tests[22m[2m)[22m[33m 3001[2mms[22m[39m
   [33m[2m✓[22m[39m REQ-RMS-014 — legs c+d: >C_worker room triggers M2 cascade, zero cross-hop loss, E2EE byte-identity[2m > [22ma >C_worker room yields K_r>1 (cascade TRIGGERED by the load model) and the piped producer forwards body-byte-identical across the relay->relay hop [33m 2072[2mms[22m[39m
   [33m[2m✓[22m[39m REQ-RMS-014 — legs e+f: +1 Byzantine relay slash-trigger SET + detect-latency bound[2m > [22mthe +1 Byzantine relay (overclaim->under-serve) crosses the cumulative bound and the slash-trigger is SET (asserted, not live) [33m 919[2mms[22m[39m

[2m Test Files [22m [1m[32m1 passed[39m[22m[90m (1)[39m
[2m      Tests [22m [1m[32m4 passed[39m[22m[90m (4)[39m
[2m   Start at [22m 13:52:36
[2m   Duration [22m 5.35s[2m (transform 299ms, setup 0ms, collect 1.93s, tests 3.00s, environment 0ms, prepare 151ms)[22m

