
[1m[46m RUN [49m[22m [36mv3.2.4 [39m[90mC:/Thesis/dvconf/dvconf-daemons[39m

[90mstdout[2m | apps/validator-daemon/src/canary/__tests__/mesh-byzantine.test.ts[2m > [22m[2mREQ-RMS-017 — Byzantine under-server attributed to R via the SHIPPED canary pipeline[2m > [22m[2mR (overclaim->under-serve) is slashed pinned to its miner_id; honest R2 is never slashed
[22m[39m{"timestamp":"2026-06-22T06:17:49.776Z","level":"INFO","source":"frontend","module":"webrtc/sframe-transform","message":"encrypted frame","context":{"kid":9,"ctr":0,"byteLength":62,"codecOffset":10}}

[90mstdout[2m | apps/validator-daemon/src/canary/__tests__/mesh-byzantine.test.ts[2m > [22m[2mREQ-RMS-017 — Byzantine under-server attributed to R via the SHIPPED canary pipeline[2m > [22m[2mR (overclaim->under-serve) is slashed pinned to its miner_id; honest R2 is never slashed
[22m[39m{"timestamp":"2026-06-22T06:17:49.779Z","level":"INFO","source":"frontend","module":"webrtc/sframe-transform","message":"encrypted frame","context":{"kid":9,"ctr":1,"byteLength":62,"codecOffset":10}}

[90mstdout[2m | apps/validator-daemon/src/canary/__tests__/mesh-byzantine.test.ts[2m > [22m[2mREQ-RMS-017 — Byzantine under-server attributed to R via the SHIPPED canary pipeline[2m > [22m[2mR (overclaim->under-serve) is slashed pinned to its miner_id; honest R2 is never slashed
[22m[39m{"timestamp":"2026-06-22T06:17:49.780Z","level":"INFO","source":"frontend","module":"webrtc/sframe-transform","message":"encrypted frame","context":{"kid":9,"ctr":2,"byteLength":62,"codecOffset":10}}

[90mstdout[2m | apps/validator-daemon/src/canary/__tests__/mesh-byzantine.test.ts[2m > [22m[2mREQ-RMS-017 — Byzantine under-server attributed to R via the SHIPPED canary pipeline[2m > [22m[2mR (overclaim->under-serve) is slashed pinned to its miner_id; honest R2 is never slashed
[22m[39m{"timestamp":"2026-06-22T06:17:49.780Z","level":"INFO","source":"frontend","module":"webrtc/sframe-transform","message":"encrypted frame","context":{"kid":9,"ctr":3,"byteLength":62,"codecOffset":10}}

[90mstdout[2m | apps/validator-daemon/src/canary/__tests__/mesh-byzantine.test.ts[2m > [22m[2mREQ-RMS-017 — Byzantine under-server attributed to R via the SHIPPED canary pipeline[2m > [22m[2mR (overclaim->under-serve) is slashed pinned to its miner_id; honest R2 is never slashed
[22m[39m{"timestamp":"2026-06-22T06:17:49.781Z","level":"INFO","source":"frontend","module":"webrtc/sframe-transform","message":"encrypted frame","context":{"kid":9,"ctr":4,"byteLength":62,"codecOffset":10}}

[90mstdout[2m | apps/validator-daemon/src/canary/__tests__/mesh-byzantine.test.ts[2m > [22m[2mREQ-RMS-017 — Byzantine under-server attributed to R via the SHIPPED canary pipeline[2m > [22m[2mR (overclaim->under-serve) is slashed pinned to its miner_id; honest R2 is never slashed
[22m[39m{"timestamp":"2026-06-22T06:17:49.782Z","level":"INFO","source":"frontend","module":"webrtc/sframe-transform","message":"encrypted frame","context":{"kid":9,"ctr":6,"byteLength":62,"codecOffset":10}}

[90mstdout[2m | apps/validator-daemon/src/canary/__tests__/mesh-byzantine.test.ts[2m > [22m[2mREQ-RMS-017 — Byzantine under-server attributed to R via the SHIPPED canary pipeline[2m > [22m[2mR (overclaim->under-serve) is slashed pinned to its miner_id; honest R2 is never slashed
[22m[39m{"timestamp":"2026-06-22T06:17:49.782Z","level":"INFO","source":"frontend","module":"webrtc/sframe-transform","message":"encrypted frame","context":{"kid":9,"ctr":7,"byteLength":62,"codecOffset":10}}

[90mstdout[2m | apps/validator-daemon/src/canary/__tests__/mesh-byzantine.test.ts[2m > [22m[2mREQ-RMS-017 — Byzantine under-server attributed to R via the SHIPPED canary pipeline[2m > [22m[2mR (overclaim->under-serve) is slashed pinned to its miner_id; honest R2 is never slashed
[22m[39m{"timestamp":"2026-06-22T06:17:49.783Z","level":"INFO","source":"frontend","module":"webrtc/sframe-transform","message":"encrypted frame","context":{"kid":9,"ctr":0,"byteLength":62,"codecOffset":10}}

[90mstdout[2m | apps/validator-daemon/src/canary/__tests__/mesh-byzantine.test.ts[2m > [22m[2mREQ-RMS-017 — Byzantine under-server attributed to R via the SHIPPED canary pipeline[2m > [22m[2mR (overclaim->under-serve) is slashed pinned to its miner_id; honest R2 is never slashed
[22m[39m{"timestamp":"2026-06-22T06:17:49.784Z","level":"INFO","source":"frontend","module":"webrtc/sframe-transform","message":"encrypted frame","context":{"kid":9,"ctr":1,"byteLength":62,"codecOffset":10}}

[90mstdout[2m | apps/validator-daemon/src/canary/__tests__/mesh-byzantine.test.ts[2m > [22m[2mREQ-RMS-017 — Byzantine under-server attributed to R via the SHIPPED canary pipeline[2m > [22m[2mR (overclaim->under-serve) is slashed pinned to its miner_id; honest R2 is never slashed
[22m[39m{"timestamp":"2026-06-22T06:17:49.785Z","level":"INFO","source":"frontend","module":"webrtc/sframe-transform","message":"encrypted frame","context":{"kid":9,"ctr":2,"byteLength":62,"codecOffset":10}}

[90mstdout[2m | apps/validator-daemon/src/canary/__tests__/mesh-byzantine.test.ts[2m > [22m[2mREQ-RMS-017 — Byzantine under-server attributed to R via the SHIPPED canary pipeline[2m > [22m[2mR (overclaim->under-serve) is slashed pinned to its miner_id; honest R2 is never slashed
[22m[39m{"timestamp":"2026-06-22T06:17:49.786Z","level":"INFO","source":"frontend","module":"webrtc/sframe-transform","message":"encrypted frame","context":{"kid":9,"ctr":3,"byteLength":62,"codecOffset":10}}

[90mstdout[2m | apps/validator-daemon/src/canary/__tests__/mesh-byzantine.test.ts[2m > [22m[2mREQ-RMS-017 — Byzantine under-server attributed to R via the SHIPPED canary pipeline[2m > [22m[2mR (overclaim->under-serve) is slashed pinned to its miner_id; honest R2 is never slashed
[22m[39m{"timestamp":"2026-06-22T06:17:49.786Z","level":"INFO","source":"frontend","module":"webrtc/sframe-transform","message":"encrypted frame","context":{"kid":9,"ctr":4,"byteLength":62,"codecOffset":10}}

[90mstdout[2m | apps/validator-daemon/src/canary/__tests__/mesh-byzantine.test.ts[2m > [22m[2mREQ-RMS-017 — Byzantine under-server attributed to R via the SHIPPED canary pipeline[2m > [22m[2mR (overclaim->under-serve) is slashed pinned to its miner_id; honest R2 is never slashed
[22m[39m{"timestamp":"2026-06-22T06:17:49.787Z","level":"INFO","source":"frontend","module":"webrtc/sframe-transform","message":"encrypted frame","context":{"kid":9,"ctr":5,"byteLength":62,"codecOffset":10}}

[90mstdout[2m | apps/validator-daemon/src/canary/__tests__/mesh-byzantine.test.ts[2m > [22m[2mREQ-RMS-017 — Byzantine under-server attributed to R via the SHIPPED canary pipeline[2m > [22m[2mR (overclaim->under-serve) is slashed pinned to its miner_id; honest R2 is never slashed
[22m[39m{"timestamp":"2026-06-22T06:17:49.787Z","level":"INFO","source":"frontend","module":"webrtc/sframe-transform","message":"encrypted frame","context":{"kid":9,"ctr":6,"byteLength":62,"codecOffset":10}}

[90mstdout[2m | apps/validator-daemon/src/canary/__tests__/mesh-byzantine.test.ts[2m > [22m[2mREQ-RMS-017 — Byzantine under-server attributed to R via the SHIPPED canary pipeline[2m > [22m[2mR (overclaim->under-serve) is slashed pinned to its miner_id; honest R2 is never slashed
[22m[39m{"timestamp":"2026-06-22T06:17:49.788Z","level":"INFO","source":"frontend","module":"webrtc/sframe-transform","message":"encrypted frame","context":{"kid":9,"ctr":7,"byteLength":62,"codecOffset":10}}

{"level":30,"time":1782109069789,"pid":5904,"hostname":"Quang","name":"canary/verifier","canaryKid":9,"mediaPackets":7,"byteIdentical":7,"divergences":1,"msg":"canary forwarding verified"}
[90mstdout[2m | apps/validator-daemon/src/canary/__tests__/mesh-byzantine.test.ts[2m > [22m[2mREQ-RMS-017 — Byzantine under-server attributed to R via the SHIPPED canary pipeline[2m > [22m[2mR (overclaim->under-serve) is slashed pinned to its miner_id; honest R2 is never slashed
[22m[39m{"timestamp":"2026-06-22T06:17:49.790Z","level":"INFO","source":"frontend","module":"webrtc/sframe-transform","message":"encrypted frame","context":{"kid":9,"ctr":0,"byteLength":62,"codecOffset":10}}

[90mstdout[2m | apps/validator-daemon/src/canary/__tests__/mesh-byzantine.test.ts[2m > [22m[2mREQ-RMS-017 — Byzantine under-server attributed to R via the SHIPPED canary pipeline[2m > [22m[2mR (overclaim->under-serve) is slashed pinned to its miner_id; honest R2 is never slashed
[22m[39m{"timestamp":"2026-06-22T06:17:49.790Z","level":"INFO","source":"frontend","module":"webrtc/sframe-transform","message":"encrypted frame","context":{"kid":9,"ctr":1,"byteLength":62,"codecOffset":10}}

[90mstdout[2m | apps/validator-daemon/src/canary/__tests__/mesh-byzantine.test.ts[2m > [22m[2mREQ-RMS-017 — Byzantine under-server attributed to R via the SHIPPED canary pipeline[2m > [22m[2mR (overclaim->under-serve) is slashed pinned to its miner_id; honest R2 is never slashed
[22m[39m{"timestamp":"2026-06-22T06:17:49.791Z","level":"INFO","source":"frontend","module":"webrtc/sframe-transform","message":"encrypted frame","context":{"kid":9,"ctr":2,"byteLength":62,"codecOffset":10}}

[90mstdout[2m | apps/validator-daemon/src/canary/__tests__/mesh-byzantine.test.ts[2m > [22m[2mREQ-RMS-017 — Byzantine under-server attributed to R via the SHIPPED canary pipeline[2m > [22m[2mR (overclaim->under-serve) is slashed pinned to its miner_id; honest R2 is never slashed
[22m[39m{"timestamp":"2026-06-22T06:17:49.792Z","level":"INFO","source":"frontend","module":"webrtc/sframe-transform","message":"encrypted frame","context":{"kid":9,"ctr":3,"byteLength":62,"codecOffset":10}}

[90mstdout[2m | apps/validator-daemon/src/canary/__tests__/mesh-byzantine.test.ts[2m > [22m[2mREQ-RMS-017 — Byzantine under-server attributed to R via the SHIPPED canary pipeline[2m > [22m[2mR (overclaim->under-serve) is slashed pinned to its miner_id; honest R2 is never slashed
[22m[39m{"timestamp":"2026-06-22T06:17:49.792Z","level":"INFO","source":"frontend","module":"webrtc/sframe-transform","message":"encrypted frame","context":{"kid":9,"ctr":4,"byteLength":62,"codecOffset":10}}

[90mstdout[2m | apps/validator-daemon/src/canary/__tests__/mesh-byzantine.test.ts[2m > [22m[2mREQ-RMS-017 — Byzantine under-server attributed to R via the SHIPPED canary pipeline[2m > [22m[2mR (overclaim->under-serve) is slashed pinned to its miner_id; honest R2 is never slashed
[22m[39m{"timestamp":"2026-06-22T06:17:49.793Z","level":"INFO","source":"frontend","module":"webrtc/sframe-transform","message":"encrypted frame","context":{"kid":9,"ctr":5,"byteLength":62,"codecOffset":10}}

[90mstdout[2m | apps/validator-daemon/src/canary/__tests__/mesh-byzantine.test.ts[2m > [22m[2mREQ-RMS-017 — Byzantine under-server attributed to R via the SHIPPED canary pipeline[2m > [22m[2mR (overclaim->under-serve) is slashed pinned to its miner_id; honest R2 is never slashed
[22m[39m{"timestamp":"2026-06-22T06:17:49.793Z","level":"INFO","source":"frontend","module":"webrtc/sframe-transform","message":"encrypted frame","context":{"kid":9,"ctr":6,"byteLength":62,"codecOffset":10}}

[90mstdout[2m | apps/validator-daemon/src/canary/__tests__/mesh-byzantine.test.ts[2m > [22m[2mREQ-RMS-017 — Byzantine under-server attributed to R via the SHIPPED canary pipeline[2m > [22m[2mR (overclaim->under-serve) is slashed pinned to its miner_id; honest R2 is never slashed
[22m[39m{"timestamp":"2026-06-22T06:17:49.794Z","level":"INFO","source":"frontend","module":"webrtc/sframe-transform","message":"encrypted frame","context":{"kid":9,"ctr":7,"byteLength":62,"codecOffset":10}}

{"level":30,"time":1782109069794,"pid":5904,"hostname":"Quang","name":"canary/verifier","canaryKid":9,"mediaPackets":7,"byteIdentical":7,"divergences":1,"msg":"canary forwarding verified"}
{"level":30,"time":1782109069794,"pid":5904,"hostname":"Quang","name":"canary/loss-classifier","relayMinerId":"relay-byzantine-R","promoted":0,"absorbed":1,"tampers":0,"cumulativeCrossed":false,"msg":"canary divergences classified (drop gate / tamper p=1)"}
{"level":30,"time":1782109069794,"pid":5904,"hostname":"Quang","name":"canary/verify-loop","round":0,"relayMinerId":"relay-byzantine-R","roomId":"mesh-room","perReceiver":2,"promoted":0,"absorbed":1,"stunLossBps":"0","msg":"canary verify round classified (hermetic half — synthetic capture, STUN read live)"}
[90mstdout[2m | apps/validator-daemon/src/canary/__tests__/mesh-byzantine.test.ts[2m > [22m[2mREQ-RMS-017 — Byzantine under-server attributed to R via the SHIPPED canary pipeline[2m > [22m[2mR (overclaim->under-serve) is slashed pinned to its miner_id; honest R2 is never slashed
[22m[39m{"timestamp":"2026-06-22T06:17:49.795Z","level":"INFO","source":"frontend","module":"webrtc/sframe-transform","message":"encrypted frame","context":{"kid":9,"ctr":0,"byteLength":62,"codecOffset":10}}

[90mstdout[2m | apps/validator-daemon/src/canary/__tests__/mesh-byzantine.test.ts[2m > [22m[2mREQ-RMS-017 — Byzantine under-server attributed to R via the SHIPPED canary pipeline[2m > [22m[2mR (overclaim->under-serve) is slashed pinned to its miner_id; honest R2 is never slashed
[22m[39m{"timestamp":"2026-06-22T06:17:49.796Z","level":"INFO","source":"frontend","module":"webrtc/sframe-transform","message":"encrypted frame","context":{"kid":9,"ctr":1,"byteLength":62,"codecOffset":10}}

[90mstdout[2m | apps/validator-daemon/src/canary/__tests__/mesh-byzantine.test.ts[2m > [22m[2mREQ-RMS-017 — Byzantine under-server attributed to R via the SHIPPED canary pipeline[2m > [22m[2mR (overclaim->under-serve) is slashed pinned to its miner_id; honest R2 is never slashed
[22m[39m{"timestamp":"2026-06-22T06:17:49.796Z","level":"INFO","source":"frontend","module":"webrtc/sframe-transform","message":"encrypted frame","context":{"kid":9,"ctr":2,"byteLength":62,"codecOffset":10}}

[90mstdout[2m | apps/validator-daemon/src/canary/__tests__/mesh-byzantine.test.ts[2m > [22m[2mREQ-RMS-017 — Byzantine under-server attributed to R via the SHIPPED canary pipeline[2m > [22m[2mR (overclaim->under-serve) is slashed pinned to its miner_id; honest R2 is never slashed
[22m[39m{"timestamp":"2026-06-22T06:17:49.796Z","level":"INFO","source":"frontend","module":"webrtc/sframe-transform","message":"encrypted frame","context":{"kid":9,"ctr":3,"byteLength":62,"codecOffset":10}}

[90mstdout[2m | apps/validator-daemon/src/canary/__tests__/mesh-byzantine.test.ts[2m > [22m[2mREQ-RMS-017 — Byzantine under-server attributed to R via the SHIPPED canary pipeline[2m > [22m[2mR (overclaim->under-serve) is slashed pinned to its miner_id; honest R2 is never slashed
[22m[39m{"timestamp":"2026-06-22T06:17:49.797Z","level":"INFO","source":"frontend","module":"webrtc/sframe-transform","message":"encrypted frame","context":{"kid":9,"ctr":4,"byteLength":62,"codecOffset":10}}

[90mstdout[2m | apps/validator-daemon/src/canary/__tests__/mesh-byzantine.test.ts[2m > [22m[2mREQ-RMS-017 — Byzantine under-server attributed to R via the SHIPPED canary pipeline[2m > [22m[2mR (overclaim->under-serve) is slashed pinned to its miner_id; honest R2 is never slashed
[22m[39m{"timestamp":"2026-06-22T06:17:49.797Z","level":"INFO","source":"frontend","module":"webrtc/sframe-transform","message":"encrypted frame","context":{"kid":9,"ctr":5,"byteLength":62,"codecOffset":10}}

[90mstdout[2m | apps/validator-daemon/src/canary/__tests__/mesh-byzantine.test.ts[2m > [22m[2mREQ-RMS-017 — Byzantine under-server attributed to R via the SHIPPED canary pipeline[2m > [22m[2mR (overclaim->under-serve) is slashed pinned to its miner_id; honest R2 is never slashed
[22m[39m{"timestamp":"2026-06-22T06:17:49.798Z","level":"INFO","source":"frontend","module":"webrtc/sframe-transform","message":"encrypted frame","context":{"kid":9,"ctr":6,"byteLength":62,"codecOffset":10}}

[90mstdout[2m | apps/validator-daemon/src/canary/__tests__/mesh-byzantine.test.ts[2m > [22m[2mREQ-RMS-017 — Byzantine under-server attributed to R via the SHIPPED canary pipeline[2m > [22m[2mR (overclaim->under-serve) is slashed pinned to its miner_id; honest R2 is never slashed
[22m[39m{"timestamp":"2026-06-22T06:17:49.798Z","level":"INFO","source":"frontend","module":"webrtc/sframe-transform","message":"encrypted frame","context":{"kid":9,"ctr":7,"byteLength":62,"codecOffset":10}}

[90mstdout[2m | apps/validator-daemon/src/canary/__tests__/mesh-byzantine.test.ts[2m > [22m[2mREQ-RMS-017 — Byzantine under-server attributed to R via the SHIPPED canary pipeline[2m > [22m[2mR (overclaim->under-serve) is slashed pinned to its miner_id; honest R2 is never slashed
[22m[39m{"timestamp":"2026-06-22T06:17:49.799Z","level":"INFO","source":"frontend","module":"webrtc/sframe-transform","message":"encrypted frame","context":{"kid":9,"ctr":0,"byteLength":62,"codecOffset":10}}

[90mstdout[2m | apps/validator-daemon/src/canary/__tests__/mesh-byzantine.test.ts[2m > [22m[2mREQ-RMS-017 — Byzantine under-server attributed to R via the SHIPPED canary pipeline[2m > [22m[2mR (overclaim->under-serve) is slashed pinned to its miner_id; honest R2 is never slashed
[22m[39m{"timestamp":"2026-06-22T06:17:49.799Z","level":"INFO","source":"frontend","module":"webrtc/sframe-transform","message":"encrypted frame","context":{"kid":9,"ctr":1,"byteLength":62,"codecOffset":10}}

[90mstdout[2m | apps/validator-daemon/src/canary/__tests__/mesh-byzantine.test.ts[2m > [22m[2mREQ-RMS-017 — Byzantine under-server attributed to R via the SHIPPED canary pipeline[2m > [22m[2mR (overclaim->under-serve) is slashed pinned to its miner_id; honest R2 is never slashed
[22m[39m{"timestamp":"2026-06-22T06:17:49.800Z","level":"INFO","source":"frontend","module":"webrtc/sframe-transform","message":"encrypted frame","context":{"kid":9,"ctr":2,"byteLength":62,"codecOffset":10}}

[90mstdout[2m | apps/validator-daemon/src/canary/__tests__/mesh-byzantine.test.ts[2m > [22m[2mREQ-RMS-017 — Byzantine under-server attributed to R via the SHIPPED canary pipeline[2m > [22m[2mR (overclaim->under-serve) is slashed pinned to its miner_id; honest R2 is never slashed
[22m[39m{"timestamp":"2026-06-22T06:17:49.800Z","level":"INFO","source":"frontend","module":"webrtc/sframe-transform","message":"encrypted frame","context":{"kid":9,"ctr":3,"byteLength":62,"codecOffset":10}}

[90mstdout[2m | apps/validator-daemon/src/canary/__tests__/mesh-byzantine.test.ts[2m > [22m[2mREQ-RMS-017 — Byzantine under-server attributed to R via the SHIPPED canary pipeline[2m > [22m[2mR (overclaim->under-serve) is slashed pinned to its miner_id; honest R2 is never slashed
[22m[39m{"timestamp":"2026-06-22T06:17:49.800Z","level":"INFO","source":"frontend","module":"webrtc/sframe-transform","message":"encrypted frame","context":{"kid":9,"ctr":4,"byteLength":62,"codecOffset":10}}

[90mstdout[2m | apps/validator-daemon/src/canary/__tests__/mesh-byzantine.test.ts[2m > [22m[2mREQ-RMS-017 — Byzantine under-server attributed to R via the SHIPPED canary pipeline[2m > [22m[2mR (overclaim->under-serve) is slashed pinned to its miner_id; honest R2 is never slashed
[22m[39m{"timestamp":"2026-06-22T06:17:49.801Z","level":"INFO","source":"frontend","module":"webrtc/sframe-transform","message":"encrypted frame","context":{"kid":9,"ctr":5,"byteLength":62,"codecOffset":10}}

[90mstdout[2m | apps/validator-daemon/src/canary/__tests__/mesh-byzantine.test.ts[2m > [22m[2mREQ-RMS-017 — Byzantine under-server attributed to R via the SHIPPED canary pipeline[2m > [22m[2mR (overclaim->under-serve) is slashed pinned to its miner_id; honest R2 is never slashed
[22m[39m{"timestamp":"2026-06-22T06:17:49.801Z","level":"INFO","source":"frontend","module":"webrtc/sframe-transform","message":"encrypted frame","context":{"kid":9,"ctr":6,"byteLength":62,"codecOffset":10}}

[90mstdout[2m | apps/validator-daemon/src/canary/__tests__/mesh-byzantine.test.ts[2m > [22m[2mREQ-RMS-017 — Byzantine under-server attributed to R via the SHIPPED canary pipeline[2m > [22m[2mR (overclaim->under-serve) is slashed pinned to its miner_id; honest R2 is never slashed
[22m[39m{"timestamp":"2026-06-22T06:17:49.801Z","level":"INFO","source":"frontend","module":"webrtc/sframe-transform","message":"encrypted frame","context":{"kid":9,"ctr":7,"byteLength":62,"codecOffset":10}}

{"level":30,"time":1782109069802,"pid":5904,"hostname":"Quang","name":"canary/verifier","canaryKid":9,"mediaPackets":8,"byteIdentical":8,"divergences":0,"msg":"canary forwarding verified"}
[90mstdout[2m | apps/validator-daemon/src/canary/__tests__/mesh-byzantine.test.ts[2m > [22m[2mREQ-RMS-017 — Byzantine under-server attributed to R via the SHIPPED canary pipeline[2m > [22m[2mR (overclaim->under-serve) is slashed pinned to its miner_id; honest R2 is never slashed
[22m[39m{"timestamp":"2026-06-22T06:17:49.802Z","level":"INFO","source":"frontend","module":"webrtc/sframe-transform","message":"encrypted frame","context":{"kid":9,"ctr":0,"byteLength":62,"codecOffset":10}}

[90mstdout[2m | apps/validator-daemon/src/canary/__tests__/mesh-byzantine.test.ts[2m > [22m[2mREQ-RMS-017 — Byzantine under-server attributed to R via the SHIPPED canary pipeline[2m > [22m[2mR (overclaim->under-serve) is slashed pinned to its miner_id; honest R2 is never slashed
[22m[39m{"timestamp":"2026-06-22T06:17:49.803Z","level":"INFO","source":"frontend","module":"webrtc/sframe-transform","message":"encrypted frame","context":{"kid":9,"ctr":1,"byteLength":62,"codecOffset":10}}

[90mstdout[2m | apps/validator-daemon/src/canary/__tests__/mesh-byzantine.test.ts[2m > [22m[2mREQ-RMS-017 — Byzantine under-server attributed to R via the SHIPPED canary pipeline[2m > [22m[2mR (overclaim->under-serve) is slashed pinned to its miner_id; honest R2 is never slashed
[22m[39m{"timestamp":"2026-06-22T06:17:49.803Z","level":"INFO","source":"frontend","module":"webrtc/sframe-transform","message":"encrypted frame","context":{"kid":9,"ctr":2,"byteLength":62,"codecOffset":10}}

[90mstdout[2m | apps/validator-daemon/src/canary/__tests__/mesh-byzantine.test.ts[2m > [22m[2mREQ-RMS-017 — Byzantine under-server attributed to R via the SHIPPED canary pipeline[2m > [22m[2mR (overclaim->under-serve) is slashed pinned to its miner_id; honest R2 is never slashed
[22m[39m{"timestamp":"2026-06-22T06:17:49.803Z","level":"INFO","source":"frontend","module":"webrtc/sframe-transform","message":"encrypted frame","context":{"kid":9,"ctr":3,"byteLength":62,"codecOffset":10}}

[90mstdout[2m | apps/validator-daemon/src/canary/__tests__/mesh-byzantine.test.ts[2m > [22m[2mREQ-RMS-017 — Byzantine under-server attributed to R via the SHIPPED canary pipeline[2m > [22m[2mR (overclaim->under-serve) is slashed pinned to its miner_id; honest R2 is never slashed
[22m[39m{"timestamp":"2026-06-22T06:17:49.804Z","level":"INFO","source":"frontend","module":"webrtc/sframe-transform","message":"encrypted frame","context":{"kid":9,"ctr":4,"byteLength":62,"codecOffset":10}}

[90mstdout[2m | apps/validator-daemon/src/canary/__tests__/mesh-byzantine.test.ts[2m > [22m[2mREQ-RMS-017 — Byzantine under-server attributed to R via the SHIPPED canary pipeline[2m > [22m[2mR (overclaim->under-serve) is slashed pinned to its miner_id; honest R2 is never slashed
[22m[39m{"timestamp":"2026-06-22T06:17:49.804Z","level":"INFO","source":"frontend","module":"webrtc/sframe-transform","message":"encrypted frame","context":{"kid":9,"ctr":5,"byteLength":62,"codecOffset":10}}

[90mstdout[2m | apps/validator-daemon/src/canary/__tests__/mesh-byzantine.test.ts[2m > [22m[2mREQ-RMS-017 — Byzantine under-server attributed to R via the SHIPPED canary pipeline[2m > [22m[2mR (overclaim->under-serve) is slashed pinned to its miner_id; honest R2 is never slashed
[22m[39m{"timestamp":"2026-06-22T06:17:49.804Z","level":"INFO","source":"frontend","module":"webrtc/sframe-transform","message":"encrypted frame","context":{"kid":9,"ctr":6,"byteLength":62,"codecOffset":10}}

[90mstdout[2m | apps/validator-daemon/src/canary/__tests__/mesh-byzantine.test.ts[2m > [22m[2mREQ-RMS-017 — Byzantine under-server attributed to R via the SHIPPED canary pipeline[2m > [22m[2mR (overclaim->under-serve) is slashed pinned to its miner_id; honest R2 is never slashed
[22m[39m{"timestamp":"2026-06-22T06:17:49.805Z","level":"INFO","source":"frontend","module":"webrtc/sframe-transform","message":"encrypted frame","context":{"kid":9,"ctr":7,"byteLength":62,"codecOffset":10}}

{"level":30,"time":1782109069805,"pid":5904,"hostname":"Quang","name":"canary/verifier","canaryKid":9,"mediaPackets":8,"byteIdentical":8,"divergences":0,"msg":"canary forwarding verified"}
{"level":30,"time":1782109069805,"pid":5904,"hostname":"Quang","name":"canary/loss-classifier","relayMinerId":"relay-honest-R2","promoted":0,"absorbed":0,"tampers":0,"cumulativeCrossed":false,"msg":"canary divergences classified (drop gate / tamper p=1)"}
{"level":30,"time":1782109069805,"pid":5904,"hostname":"Quang","name":"canary/verify-loop","round":0,"relayMinerId":"relay-honest-R2","roomId":"mesh-room","perReceiver":2,"promoted":0,"absorbed":0,"stunLossBps":"0","msg":"canary verify round classified (hermetic half — synthetic capture, STUN read live)"}
[90mstdout[2m | apps/validator-daemon/src/canary/__tests__/mesh-byzantine.test.ts[2m > [22m[2mREQ-RMS-017 — Byzantine under-server attributed to R via the SHIPPED canary pipeline[2m > [22m[2mR (overclaim->under-serve) is slashed pinned to its miner_id; honest R2 is never slashed
[22m[39m{"timestamp":"2026-06-22T06:17:49.806Z","level":"INFO","source":"frontend","module":"webrtc/sframe-transform","message":"encrypted frame","context":{"kid":9,"ctr":0,"byteLength":62,"codecOffset":10}}

[90mstdout[2m | apps/validator-daemon/src/canary/__tests__/mesh-byzantine.test.ts[2m > [22m[2mREQ-RMS-017 — Byzantine under-server attributed to R via the SHIPPED canary pipeline[2m > [22m[2mR (overclaim->under-serve) is slashed pinned to its miner_id; honest R2 is never slashed
[22m[39m{"timestamp":"2026-06-22T06:17:49.806Z","level":"INFO","source":"frontend","module":"webrtc/sframe-transform","message":"encrypted frame","context":{"kid":9,"ctr":1,"byteLength":62,"codecOffset":10}}

[90mstdout[2m | apps/validator-daemon/src/canary/__tests__/mesh-byzantine.test.ts[2m > [22m[2mREQ-RMS-017 — Byzantine under-server attributed to R via the SHIPPED canary pipeline[2m > [22m[2mR (overclaim->under-serve) is slashed pinned to its miner_id; honest R2 is never slashed
[22m[39m{"timestamp":"2026-06-22T06:17:49.806Z","level":"INFO","source":"frontend","module":"webrtc/sframe-transform","message":"encrypted frame","context":{"kid":9,"ctr":2,"byteLength":62,"codecOffset":10}}

[90mstdout[2m | apps/validator-daemon/src/canary/__tests__/mesh-byzantine.test.ts[2m > [22m[2mREQ-RMS-017 — Byzantine under-server attributed to R via the SHIPPED canary pipeline[2m > [22m[2mR (overclaim->under-serve) is slashed pinned to its miner_id; honest R2 is never slashed
[22m[39m{"timestamp":"2026-06-22T06:17:49.807Z","level":"INFO","source":"frontend","module":"webrtc/sframe-transform","message":"encrypted frame","context":{"kid":9,"ctr":3,"byteLength":62,"codecOffset":10}}

[90mstdout[2m | apps/validator-daemon/src/canary/__tests__/mesh-byzantine.test.ts[2m > [22m[2mREQ-RMS-017 — Byzantine under-server attributed to R via the SHIPPED canary pipeline[2m > [22m[2mR (overclaim->under-serve) is slashed pinned to its miner_id; honest R2 is never slashed
[22m[39m{"timestamp":"2026-06-22T06:17:49.807Z","level":"INFO","source":"frontend","module":"webrtc/sframe-transform","message":"encrypted frame","context":{"kid":9,"ctr":4,"byteLength":62,"codecOffset":10}}

[90mstdout[2m | apps/validator-daemon/src/canary/__tests__/mesh-byzantine.test.ts[2m > [22m[2mREQ-RMS-017 — Byzantine under-server attributed to R via the SHIPPED canary pipeline[2m > [22m[2mR (overclaim->under-serve) is slashed pinned to its miner_id; honest R2 is never slashed
[22m[39m{"timestamp":"2026-06-22T06:17:49.808Z","level":"INFO","source":"frontend","module":"webrtc/sframe-transform","message":"encrypted frame","context":{"kid":9,"ctr":6,"byteLength":62,"codecOffset":10}}

[90mstdout[2m | apps/validator-daemon/src/canary/__tests__/mesh-byzantine.test.ts[2m > [22m[2mREQ-RMS-017 — Byzantine under-server attributed to R via the SHIPPED canary pipeline[2m > [22m[2mR (overclaim->under-serve) is slashed pinned to its miner_id; honest R2 is never slashed
[22m[39m{"timestamp":"2026-06-22T06:17:49.808Z","level":"INFO","source":"frontend","module":"webrtc/sframe-transform","message":"encrypted frame","context":{"kid":9,"ctr":7,"byteLength":62,"codecOffset":10}}

[90mstdout[2m | apps/validator-daemon/src/canary/__tests__/mesh-byzantine.test.ts[2m > [22m[2mREQ-RMS-017 — Byzantine under-server attributed to R via the SHIPPED canary pipeline[2m > [22m[2mR (overclaim->under-serve) is slashed pinned to its miner_id; honest R2 is never slashed
[22m[39m{"timestamp":"2026-06-22T06:17:49.809Z","level":"INFO","source":"frontend","module":"webrtc/sframe-transform","message":"encrypted frame","context":{"kid":9,"ctr":0,"byteLength":62,"codecOffset":10}}

[90mstdout[2m | apps/validator-daemon/src/canary/__tests__/mesh-byzantine.test.ts[2m > [22m[2mREQ-RMS-017 — Byzantine under-server attributed to R via the SHIPPED canary pipeline[2m > [22m[2mR (overclaim->under-serve) is slashed pinned to its miner_id; honest R2 is never slashed
[22m[39m{"timestamp":"2026-06-22T06:17:49.809Z","level":"INFO","source":"frontend","module":"webrtc/sframe-transform","message":"encrypted frame","context":{"kid":9,"ctr":1,"byteLength":62,"codecOffset":10}}

[90mstdout[2m | apps/validator-daemon/src/canary/__tests__/mesh-byzantine.test.ts[2m > [22m[2mREQ-RMS-017 — Byzantine under-server attributed to R via the SHIPPED canary pipeline[2m > [22m[2mR (overclaim->under-serve) is slashed pinned to its miner_id; honest R2 is never slashed
[22m[39m{"timestamp":"2026-06-22T06:17:49.810Z","level":"INFO","source":"frontend","module":"webrtc/sframe-transform","message":"encrypted frame","context":{"kid":9,"ctr":2,"byteLength":62,"codecOffset":10}}

[90mstdout[2m | apps/validator-daemon/src/canary/__tests__/mesh-byzantine.test.ts[2m > [22m[2mREQ-RMS-017 — Byzantine under-server attributed to R via the SHIPPED canary pipeline[2m > [22m[2mR (overclaim->under-serve) is slashed pinned to its miner_id; honest R2 is never slashed
[22m[39m{"timestamp":"2026-06-22T06:17:49.810Z","level":"INFO","source":"frontend","module":"webrtc/sframe-transform","message":"encrypted frame","context":{"kid":9,"ctr":3,"byteLength":62,"codecOffset":10}}

[90mstdout[2m | apps/validator-daemon/src/canary/__tests__/mesh-byzantine.test.ts[2m > [22m[2mREQ-RMS-017 — Byzantine under-server attributed to R via the SHIPPED canary pipeline[2m > [22m[2mR (overclaim->under-serve) is slashed pinned to its miner_id; honest R2 is never slashed
[22m[39m{"timestamp":"2026-06-22T06:17:49.810Z","level":"INFO","source":"frontend","module":"webrtc/sframe-transform","message":"encrypted frame","context":{"kid":9,"ctr":4,"byteLength":62,"codecOffset":10}}

[90mstdout[2m | apps/validator-daemon/src/canary/__tests__/mesh-byzantine.test.ts[2m > [22m[2mREQ-RMS-017 — Byzantine under-server attributed to R via the SHIPPED canary pipeline[2m > [22m[2mR (overclaim->under-serve) is slashed pinned to its miner_id; honest R2 is never slashed
[22m[39m{"timestamp":"2026-06-22T06:17:49.811Z","level":"INFO","source":"frontend","module":"webrtc/sframe-transform","message":"encrypted frame","context":{"kid":9,"ctr":5,"byteLength":62,"codecOffset":10}}

[90mstdout[2m | apps/validator-daemon/src/canary/__tests__/mesh-byzantine.test.ts[2m > [22m[2mREQ-RMS-017 — Byzantine under-server attributed to R via the SHIPPED canary pipeline[2m > [22m[2mR (overclaim->under-serve) is slashed pinned to its miner_id; honest R2 is never slashed
[22m[39m{"timestamp":"2026-06-22T06:17:49.811Z","level":"INFO","source":"frontend","module":"webrtc/sframe-transform","message":"encrypted frame","context":{"kid":9,"ctr":6,"byteLength":62,"codecOffset":10}}

[90mstdout[2m | apps/validator-daemon/src/canary/__tests__/mesh-byzantine.test.ts[2m > [22m[2mREQ-RMS-017 — Byzantine under-server attributed to R via the SHIPPED canary pipeline[2m > [22m[2mR (overclaim->under-serve) is slashed pinned to its miner_id; honest R2 is never slashed
[22m[39m{"timestamp":"2026-06-22T06:17:49.811Z","level":"INFO","source":"frontend","module":"webrtc/sframe-transform","message":"encrypted frame","context":{"kid":9,"ctr":7,"byteLength":62,"codecOffset":10}}

{"level":30,"time":1782109069812,"pid":5904,"hostname":"Quang","name":"canary/verifier","canaryKid":9,"mediaPackets":7,"byteIdentical":7,"divergences":1,"msg":"canary forwarding verified"}
[90mstdout[2m | apps/validator-daemon/src/canary/__tests__/mesh-byzantine.test.ts[2m > [22m[2mREQ-RMS-017 — Byzantine under-server attributed to R via the SHIPPED canary pipeline[2m > [22m[2mR (overclaim->under-serve) is slashed pinned to its miner_id; honest R2 is never slashed
[22m[39m{"timestamp":"2026-06-22T06:17:49.812Z","level":"INFO","source":"frontend","module":"webrtc/sframe-transform","message":"encrypted frame","context":{"kid":9,"ctr":0,"byteLength":62,"codecOffset":10}}

[90mstdout[2m | apps/validator-daemon/src/canary/__tests__/mesh-byzantine.test.ts[2m > [22m[2mREQ-RMS-017 — Byzantine under-server attributed to R via the SHIPPED canary pipeline[2m > [22m[2mR (overclaim->under-serve) is slashed pinned to its miner_id; honest R2 is never slashed
[22m[39m{"timestamp":"2026-06-22T06:17:49.813Z","level":"INFO","source":"frontend","module":"webrtc/sframe-transform","message":"encrypted frame","context":{"kid":9,"ctr":1,"byteLength":62,"codecOffset":10}}

[90mstdout[2m | apps/validator-daemon/src/canary/__tests__/mesh-byzantine.test.ts[2m > [22m[2mREQ-RMS-017 — Byzantine under-server attributed to R via the SHIPPED canary pipeline[2m > [22m[2mR (overclaim->under-serve) is slashed pinned to its miner_id; honest R2 is never slashed
[22m[39m{"timestamp":"2026-06-22T06:17:49.813Z","level":"INFO","source":"frontend","module":"webrtc/sframe-transform","message":"encrypted frame","context":{"kid":9,"ctr":2,"byteLength":62,"codecOffset":10}}

[90mstdout[2m | apps/validator-daemon/src/canary/__tests__/mesh-byzantine.test.ts[2m > [22m[2mREQ-RMS-017 — Byzantine under-server attributed to R via the SHIPPED canary pipeline[2m > [22m[2mR (overclaim->under-serve) is slashed pinned to its miner_id; honest R2 is never slashed
[22m[39m{"timestamp":"2026-06-22T06:17:49.814Z","level":"INFO","source":"frontend","module":"webrtc/sframe-transform","message":"encrypted frame","context":{"kid":9,"ctr":3,"byteLength":62,"codecOffset":10}}

[90mstdout[2m | apps/validator-daemon/src/canary/__tests__/mesh-byzantine.test.ts[2m > [22m[2mREQ-RMS-017 — Byzantine under-server attributed to R via the SHIPPED canary pipeline[2m > [22m[2mR (overclaim->under-serve) is slashed pinned to its miner_id; honest R2 is never slashed
[22m[39m{"timestamp":"2026-06-22T06:17:49.814Z","level":"INFO","source":"frontend","module":"webrtc/sframe-transform","message":"encrypted frame","context":{"kid":9,"ctr":4,"byteLength":62,"codecOffset":10}}

[90mstdout[2m | apps/validator-daemon/src/canary/__tests__/mesh-byzantine.test.ts[2m > [22m[2mREQ-RMS-017 — Byzantine under-server attributed to R via the SHIPPED canary pipeline[2m > [22m[2mR (overclaim->under-serve) is slashed pinned to its miner_id; honest R2 is never slashed
[22m[39m{"timestamp":"2026-06-22T06:17:49.815Z","level":"INFO","source":"frontend","module":"webrtc/sframe-transform","message":"encrypted frame","context":{"kid":9,"ctr":5,"byteLength":62,"codecOffset":10}}

[90mstdout[2m | apps/validator-daemon/src/canary/__tests__/mesh-byzantine.test.ts[2m > [22m[2mREQ-RMS-017 — Byzantine under-server attributed to R via the SHIPPED canary pipeline[2m > [22m[2mR (overclaim->under-serve) is slashed pinned to its miner_id; honest R2 is never slashed
[22m[39m{"timestamp":"2026-06-22T06:17:49.815Z","level":"INFO","source":"frontend","module":"webrtc/sframe-transform","message":"encrypted frame","context":{"kid":9,"ctr":6,"byteLength":62,"codecOffset":10}}

[90mstdout[2m | apps/validator-daemon/src/canary/__tests__/mesh-byzantine.test.ts[2m > [22m[2mREQ-RMS-017 — Byzantine under-server attributed to R via the SHIPPED canary pipeline[2m > [22m[2mR (overclaim->under-serve) is slashed pinned to its miner_id; honest R2 is never slashed
[22m[39m{"timestamp":"2026-06-22T06:17:49.816Z","level":"INFO","source":"frontend","module":"webrtc/sframe-transform","message":"encrypted frame","context":{"kid":9,"ctr":7,"byteLength":62,"codecOffset":10}}

{"level":30,"time":1782109069816,"pid":5904,"hostname":"Quang","name":"canary/verifier","canaryKid":9,"mediaPackets":7,"byteIdentical":7,"divergences":1,"msg":"canary forwarding verified"}
{"level":30,"time":1782109069816,"pid":5904,"hostname":"Quang","name":"canary/loss-classifier","relayMinerId":"relay-byzantine-R","promoted":0,"absorbed":1,"tampers":0,"cumulativeCrossed":false,"msg":"canary divergences classified (drop gate / tamper p=1)"}
{"level":30,"time":1782109069816,"pid":5904,"hostname":"Quang","name":"canary/verify-loop","round":0,"relayMinerId":"relay-byzantine-R","roomId":"mesh-room","perReceiver":2,"promoted":0,"absorbed":1,"stunLossBps":"0","msg":"canary verify round classified (hermetic half — synthetic capture, STUN read live)"}
[90mstdout[2m | apps/validator-daemon/src/canary/__tests__/mesh-byzantine.test.ts[2m > [22m[2mREQ-RMS-017 — Byzantine under-server attributed to R via the SHIPPED canary pipeline[2m > [22m[2mR (overclaim->under-serve) is slashed pinned to its miner_id; honest R2 is never slashed
[22m[39m{"timestamp":"2026-06-22T06:17:49.816Z","level":"INFO","source":"frontend","module":"webrtc/sframe-transform","message":"encrypted frame","context":{"kid":9,"ctr":0,"byteLength":62,"codecOffset":10}}

[90mstdout[2m | apps/validator-daemon/src/canary/__tests__/mesh-byzantine.test.ts[2m > [22m[2mREQ-RMS-017 — Byzantine under-server attributed to R via the SHIPPED canary pipeline[2m > [22m[2mR (overclaim->under-serve) is slashed pinned to its miner_id; honest R2 is never slashed
[22m[39m{"timestamp":"2026-06-22T06:17:49.817Z","level":"INFO","source":"frontend","module":"webrtc/sframe-transform","message":"encrypted frame","context":{"kid":9,"ctr":1,"byteLength":62,"codecOffset":10}}

[90mstdout[2m | apps/validator-daemon/src/canary/__tests__/mesh-byzantine.test.ts[2m > [22m[2mREQ-RMS-017 — Byzantine under-server attributed to R via the SHIPPED canary pipeline[2m > [22m[2mR (overclaim->under-serve) is slashed pinned to its miner_id; honest R2 is never slashed
[22m[39m{"timestamp":"2026-06-22T06:17:49.817Z","level":"INFO","source":"frontend","module":"webrtc/sframe-transform","message":"encrypted frame","context":{"kid":9,"ctr":2,"byteLength":62,"codecOffset":10}}

[90mstdout[2m | apps/validator-daemon/src/canary/__tests__/mesh-byzantine.test.ts[2m > [22m[2mREQ-RMS-017 — Byzantine under-server attributed to R via the SHIPPED canary pipeline[2m > [22m[2mR (overclaim->under-serve) is slashed pinned to its miner_id; honest R2 is never slashed
[22m[39m{"timestamp":"2026-06-22T06:17:49.818Z","level":"INFO","source":"frontend","module":"webrtc/sframe-transform","message":"encrypted frame","context":{"kid":9,"ctr":3,"byteLength":62,"codecOffset":10}}

[90mstdout[2m | apps/validator-daemon/src/canary/__tests__/mesh-byzantine.test.ts[2m > [22m[2mREQ-RMS-017 — Byzantine under-server attributed to R via the SHIPPED canary pipeline[2m > [22m[2mR (overclaim->under-serve) is slashed pinned to its miner_id; honest R2 is never slashed
[22m[39m{"timestamp":"2026-06-22T06:17:49.818Z","level":"INFO","source":"frontend","module":"webrtc/sframe-transform","message":"encrypted frame","context":{"kid":9,"ctr":4,"byteLength":62,"codecOffset":10}}

[90mstdout[2m | apps/validator-daemon/src/canary/__tests__/mesh-byzantine.test.ts[2m > [22m[2mREQ-RMS-017 — Byzantine under-server attributed to R via the SHIPPED canary pipeline[2m > [22m[2mR (overclaim->under-serve) is slashed pinned to its miner_id; honest R2 is never slashed
[22m[39m{"timestamp":"2026-06-22T06:17:49.819Z","level":"INFO","source":"frontend","module":"webrtc/sframe-transform","message":"encrypted frame","context":{"kid":9,"ctr":5,"byteLength":62,"codecOffset":10}}

[90mstdout[2m | apps/validator-daemon/src/canary/__tests__/mesh-byzantine.test.ts[2m > [22m[2mREQ-RMS-017 — Byzantine under-server attributed to R via the SHIPPED canary pipeline[2m > [22m[2mR (overclaim->under-serve) is slashed pinned to its miner_id; honest R2 is never slashed
[22m[39m{"timestamp":"2026-06-22T06:17:49.819Z","level":"INFO","source":"frontend","module":"webrtc/sframe-transform","message":"encrypted frame","context":{"kid":9,"ctr":6,"byteLength":62,"codecOffset":10}}

[90mstdout[2m | apps/validator-daemon/src/canary/__tests__/mesh-byzantine.test.ts[2m > [22m[2mREQ-RMS-017 — Byzantine under-server attributed to R via the SHIPPED canary pipeline[2m > [22m[2mR (overclaim->under-serve) is slashed pinned to its miner_id; honest R2 is never slashed
[22m[39m{"timestamp":"2026-06-22T06:17:49.820Z","level":"INFO","source":"frontend","module":"webrtc/sframe-transform","message":"encrypted frame","context":{"kid":9,"ctr":7,"byteLength":62,"codecOffset":10}}

[90mstdout[2m | apps/validator-daemon/src/canary/__tests__/mesh-byzantine.test.ts[2m > [22m[2mREQ-RMS-017 — Byzantine under-server attributed to R via the SHIPPED canary pipeline[2m > [22m[2mR (overclaim->under-serve) is slashed pinned to its miner_id; honest R2 is never slashed
[22m[39m{"timestamp":"2026-06-22T06:17:49.820Z","level":"INFO","source":"frontend","module":"webrtc/sframe-transform","message":"encrypted frame","context":{"kid":9,"ctr":0,"byteLength":62,"codecOffset":10}}

[90mstdout[2m | apps/validator-daemon/src/canary/__tests__/mesh-byzantine.test.ts[2m > [22m[2mREQ-RMS-017 — Byzantine under-server attributed to R via the SHIPPED canary pipeline[2m > [22m[2mR (overclaim->under-serve) is slashed pinned to its miner_id; honest R2 is never slashed
[22m[39m{"timestamp":"2026-06-22T06:17:49.821Z","level":"INFO","source":"frontend","module":"webrtc/sframe-transform","message":"encrypted frame","context":{"kid":9,"ctr":1,"byteLength":62,"codecOffset":10}}

[90mstdout[2m | apps/validator-daemon/src/canary/__tests__/mesh-byzantine.test.ts[2m > [22m[2mREQ-RMS-017 — Byzantine under-server attributed to R via the SHIPPED canary pipeline[2m > [22m[2mR (overclaim->under-serve) is slashed pinned to its miner_id; honest R2 is never slashed
[22m[39m{"timestamp":"2026-06-22T06:17:49.821Z","level":"INFO","source":"frontend","module":"webrtc/sframe-transform","message":"encrypted frame","context":{"kid":9,"ctr":2,"byteLength":62,"codecOffset":10}}

[90mstdout[2m | apps/validator-daemon/src/canary/__tests__/mesh-byzantine.test.ts[2m > [22m[2mREQ-RMS-017 — Byzantine under-server attributed to R via the SHIPPED canary pipeline[2m > [22m[2mR (overclaim->under-serve) is slashed pinned to its miner_id; honest R2 is never slashed
[22m[39m{"timestamp":"2026-06-22T06:17:49.822Z","level":"INFO","source":"frontend","module":"webrtc/sframe-transform","message":"encrypted frame","context":{"kid":9,"ctr":3,"byteLength":62,"codecOffset":10}}

[90mstdout[2m | apps/validator-daemon/src/canary/__tests__/mesh-byzantine.test.ts[2m > [22m[2mREQ-RMS-017 — Byzantine under-server attributed to R via the SHIPPED canary pipeline[2m > [22m[2mR (overclaim->under-serve) is slashed pinned to its miner_id; honest R2 is never slashed
[22m[39m{"timestamp":"2026-06-22T06:17:49.822Z","level":"INFO","source":"frontend","module":"webrtc/sframe-transform","message":"encrypted frame","context":{"kid":9,"ctr":4,"byteLength":62,"codecOffset":10}}

[90mstdout[2m | apps/validator-daemon/src/canary/__tests__/mesh-byzantine.test.ts[2m > [22m[2mREQ-RMS-017 — Byzantine under-server attributed to R via the SHIPPED canary pipeline[2m > [22m[2mR (overclaim->under-serve) is slashed pinned to its miner_id; honest R2 is never slashed
[22m[39m{"timestamp":"2026-06-22T06:17:49.823Z","level":"INFO","source":"frontend","module":"webrtc/sframe-transform","message":"encrypted frame","context":{"kid":9,"ctr":5,"byteLength":62,"codecOffset":10}}

[90mstdout[2m | apps/validator-daemon/src/canary/__tests__/mesh-byzantine.test.ts[2m > [22m[2mREQ-RMS-017 — Byzantine under-server attributed to R via the SHIPPED canary pipeline[2m > [22m[2mR (overclaim->under-serve) is slashed pinned to its miner_id; honest R2 is never slashed
[22m[39m{"timestamp":"2026-06-22T06:17:49.823Z","level":"INFO","source":"frontend","module":"webrtc/sframe-transform","message":"encrypted frame","context":{"kid":9,"ctr":6,"byteLength":62,"codecOffset":10}}

[90mstdout[2m | apps/validator-daemon/src/canary/__tests__/mesh-byzantine.test.ts[2m > [22m[2mREQ-RMS-017 — Byzantine under-server attributed to R via the SHIPPED canary pipeline[2m > [22m[2mR (overclaim->under-serve) is slashed pinned to its miner_id; honest R2 is never slashed
[22m[39m{"timestamp":"2026-06-22T06:17:49.824Z","level":"INFO","source":"frontend","module":"webrtc/sframe-transform","message":"encrypted frame","context":{"kid":9,"ctr":7,"byteLength":62,"codecOffset":10}}

{"level":30,"time":1782109069824,"pid":5904,"hostname":"Quang","name":"canary/verifier","canaryKid":9,"mediaPackets":8,"byteIdentical":8,"divergences":0,"msg":"canary forwarding verified"}
[90mstdout[2m | apps/validator-daemon/src/canary/__tests__/mesh-byzantine.test.ts[2m > [22m[2mREQ-RMS-017 — Byzantine under-server attributed to R via the SHIPPED canary pipeline[2m > [22m[2mR (overclaim->under-serve) is slashed pinned to its miner_id; honest R2 is never slashed
[22m[39m{"timestamp":"2026-06-22T06:17:49.824Z","level":"INFO","source":"frontend","module":"webrtc/sframe-transform","message":"encrypted frame","context":{"kid":9,"ctr":0,"byteLength":62,"codecOffset":10}}

[90mstdout[2m | apps/validator-daemon/src/canary/__tests__/mesh-byzantine.test.ts[2m > [22m[2mREQ-RMS-017 — Byzantine under-server attributed to R via the SHIPPED canary pipeline[2m > [22m[2mR (overclaim->under-serve) is slashed pinned to its miner_id; honest R2 is never slashed
[22m[39m{"timestamp":"2026-06-22T06:17:49.825Z","level":"INFO","source":"frontend","module":"webrtc/sframe-transform","message":"encrypted frame","context":{"kid":9,"ctr":1,"byteLength":62,"codecOffset":10}}

[90mstdout[2m | apps/validator-daemon/src/canary/__tests__/mesh-byzantine.test.ts[2m > [22m[2mREQ-RMS-017 — Byzantine under-server attributed to R via the SHIPPED canary pipeline[2m > [22m[2mR (overclaim->under-serve) is slashed pinned to its miner_id; honest R2 is never slashed
[22m[39m{"timestamp":"2026-06-22T06:17:49.825Z","level":"INFO","source":"frontend","module":"webrtc/sframe-transform","message":"encrypted frame","context":{"kid":9,"ctr":2,"byteLength":62,"codecOffset":10}}

[90mstdout[2m | apps/validator-daemon/src/canary/__tests__/mesh-byzantine.test.ts[2m > [22m[2mREQ-RMS-017 — Byzantine under-server attributed to R via the SHIPPED canary pipeline[2m > [22m[2mR (overclaim->under-serve) is slashed pinned to its miner_id; honest R2 is never slashed
[22m[39m{"timestamp":"2026-06-22T06:17:49.825Z","level":"INFO","source":"frontend","module":"webrtc/sframe-transform","message":"encrypted frame","context":{"kid":9,"ctr":3,"byteLength":62,"codecOffset":10}}

[90mstdout[2m | apps/validator-daemon/src/canary/__tests__/mesh-byzantine.test.ts[2m > [22m[2mREQ-RMS-017 — Byzantine under-server attributed to R via the SHIPPED canary pipeline[2m > [22m[2mR (overclaim->under-serve) is slashed pinned to its miner_id; honest R2 is never slashed
[22m[39m{"timestamp":"2026-06-22T06:17:49.826Z","level":"INFO","source":"frontend","module":"webrtc/sframe-transform","message":"encrypted frame","context":{"kid":9,"ctr":4,"byteLength":62,"codecOffset":10}}

[90mstdout[2m | apps/validator-daemon/src/canary/__tests__/mesh-byzantine.test.ts[2m > [22m[2mREQ-RMS-017 — Byzantine under-server attributed to R via the SHIPPED canary pipeline[2m > [22m[2mR (overclaim->under-serve) is slashed pinned to its miner_id; honest R2 is never slashed
[22m[39m{"timestamp":"2026-06-22T06:17:49.827Z","level":"INFO","source":"frontend","module":"webrtc/sframe-transform","message":"encrypted frame","context":{"kid":9,"ctr":5,"byteLength":62,"codecOffset":10}}

[90mstdout[2m | apps/validator-daemon/src/canary/__tests__/mesh-byzantine.test.ts[2m > [22m[2mREQ-RMS-017 — Byzantine under-server attributed to R via the SHIPPED canary pipeline[2m > [22m[2mR (overclaim->under-serve) is slashed pinned to its miner_id; honest R2 is never slashed
[22m[39m{"timestamp":"2026-06-22T06:17:49.827Z","level":"INFO","source":"frontend","module":"webrtc/sframe-transform","message":"encrypted frame","context":{"kid":9,"ctr":6,"byteLength":62,"codecOffset":10}}

[90mstdout[2m | apps/validator-daemon/src/canary/__tests__/mesh-byzantine.test.ts[2m > [22m[2mREQ-RMS-017 — Byzantine under-server attributed to R via the SHIPPED canary pipeline[2m > [22m[2mR (overclaim->under-serve) is slashed pinned to its miner_id; honest R2 is never slashed
[22m[39m{"timestamp":"2026-06-22T06:17:49.827Z","level":"INFO","source":"frontend","module":"webrtc/sframe-transform","message":"encrypted frame","context":{"kid":9,"ctr":7,"byteLength":62,"codecOffset":10}}

{"level":30,"time":1782109069827,"pid":5904,"hostname":"Quang","name":"canary/verifier","canaryKid":9,"mediaPackets":8,"byteIdentical":8,"divergences":0,"msg":"canary forwarding verified"}
{"level":30,"time":1782109069828,"pid":5904,"hostname":"Quang","name":"canary/loss-classifier","relayMinerId":"relay-honest-R2","promoted":0,"absorbed":0,"tampers":0,"cumulativeCrossed":false,"msg":"canary divergences classified (drop gate / tamper p=1)"}
{"level":30,"time":1782109069828,"pid":5904,"hostname":"Quang","name":"canary/verify-loop","round":0,"relayMinerId":"relay-honest-R2","roomId":"mesh-room","perReceiver":2,"promoted":0,"absorbed":0,"stunLossBps":"0","msg":"canary verify round classified (hermetic half — synthetic capture, STUN read live)"}
[90mstdout[2m | apps/validator-daemon/src/canary/__tests__/mesh-byzantine.test.ts[2m > [22m[2mREQ-RMS-017 — Byzantine under-server attributed to R via the SHIPPED canary pipeline[2m > [22m[2mR (overclaim->under-serve) is slashed pinned to its miner_id; honest R2 is never slashed
[22m[39m{"timestamp":"2026-06-22T06:17:49.828Z","level":"INFO","source":"frontend","module":"webrtc/sframe-transform","message":"encrypted frame","context":{"kid":9,"ctr":0,"byteLength":62,"codecOffset":10}}

[90mstdout[2m | apps/validator-daemon/src/canary/__tests__/mesh-byzantine.test.ts[2m > [22m[2mREQ-RMS-017 — Byzantine under-server attributed to R via the SHIPPED canary pipeline[2m > [22m[2mR (overclaim->under-serve) is slashed pinned to its miner_id; honest R2 is never slashed
[22m[39m{"timestamp":"2026-06-22T06:17:49.829Z","level":"INFO","source":"frontend","module":"webrtc/sframe-transform","message":"encrypted frame","context":{"kid":9,"ctr":1,"byteLength":62,"codecOffset":10}}

[90mstdout[2m | apps/validator-daemon/src/canary/__tests__/mesh-byzantine.test.ts[2m > [22m[2mREQ-RMS-017 — Byzantine under-server attributed to R via the SHIPPED canary pipeline[2m > [22m[2mR (overclaim->under-serve) is slashed pinned to its miner_id; honest R2 is never slashed
[22m[39m{"timestamp":"2026-06-22T06:17:49.829Z","level":"INFO","source":"frontend","module":"webrtc/sframe-transform","message":"encrypted frame","context":{"kid":9,"ctr":2,"byteLength":62,"codecOffset":10}}

[90mstdout[2m | apps/validator-daemon/src/canary/__tests__/mesh-byzantine.test.ts[2m > [22m[2mREQ-RMS-017 — Byzantine under-server attributed to R via the SHIPPED canary pipeline[2m > [22m[2mR (overclaim->under-serve) is slashed pinned to its miner_id; honest R2 is never slashed
[22m[39m{"timestamp":"2026-06-22T06:17:49.830Z","level":"INFO","source":"frontend","module":"webrtc/sframe-transform","message":"encrypted frame","context":{"kid":9,"ctr":3,"byteLength":62,"codecOffset":10}}

[90mstdout[2m | apps/validator-daemon/src/canary/__tests__/mesh-byzantine.test.ts[2m > [22m[2mREQ-RMS-017 — Byzantine under-server attributed to R via the SHIPPED canary pipeline[2m > [22m[2mR (overclaim->under-serve) is slashed pinned to its miner_id; honest R2 is never slashed
[22m[39m{"timestamp":"2026-06-22T06:17:49.830Z","level":"INFO","source":"frontend","module":"webrtc/sframe-transform","message":"encrypted frame","context":{"kid":9,"ctr":4,"byteLength":62,"codecOffset":10}}

[90mstdout[2m | apps/validator-daemon/src/canary/__tests__/mesh-byzantine.test.ts[2m > [22m[2mREQ-RMS-017 — Byzantine under-server attributed to R via the SHIPPED canary pipeline[2m > [22m[2mR (overclaim->under-serve) is slashed pinned to its miner_id; honest R2 is never slashed
[22m[39m{"timestamp":"2026-06-22T06:17:49.831Z","level":"INFO","source":"frontend","module":"webrtc/sframe-transform","message":"encrypted frame","context":{"kid":9,"ctr":6,"byteLength":62,"codecOffset":10}}

[90mstdout[2m | apps/validator-daemon/src/canary/__tests__/mesh-byzantine.test.ts[2m > [22m[2mREQ-RMS-017 — Byzantine under-server attributed to R via the SHIPPED canary pipeline[2m > [22m[2mR (overclaim->under-serve) is slashed pinned to its miner_id; honest R2 is never slashed
[22m[39m{"timestamp":"2026-06-22T06:17:49.831Z","level":"INFO","source":"frontend","module":"webrtc/sframe-transform","message":"encrypted frame","context":{"kid":9,"ctr":7,"byteLength":62,"codecOffset":10}}

[90mstdout[2m | apps/validator-daemon/src/canary/__tests__/mesh-byzantine.test.ts[2m > [22m[2mREQ-RMS-017 — Byzantine under-server attributed to R via the SHIPPED canary pipeline[2m > [22m[2mR (overclaim->under-serve) is slashed pinned to its miner_id; honest R2 is never slashed
[22m[39m{"timestamp":"2026-06-22T06:17:49.832Z","level":"INFO","source":"frontend","module":"webrtc/sframe-transform","message":"encrypted frame","context":{"kid":9,"ctr":0,"byteLength":62,"codecOffset":10}}

[90mstdout[2m | apps/validator-daemon/src/canary/__tests__/mesh-byzantine.test.ts[2m > [22m[2mREQ-RMS-017 — Byzantine under-server attributed to R via the SHIPPED canary pipeline[2m > [22m[2mR (overclaim->under-serve) is slashed pinned to its miner_id; honest R2 is never slashed
[22m[39m{"timestamp":"2026-06-22T06:17:49.832Z","level":"INFO","source":"frontend","module":"webrtc/sframe-transform","message":"encrypted frame","context":{"kid":9,"ctr":1,"byteLength":62,"codecOffset":10}}

[90mstdout[2m | apps/validator-daemon/src/canary/__tests__/mesh-byzantine.test.ts[2m > [22m[2mREQ-RMS-017 — Byzantine under-server attributed to R via the SHIPPED canary pipeline[2m > [22m[2mR (overclaim->under-serve) is slashed pinned to its miner_id; honest R2 is never slashed
[22m[39m{"timestamp":"2026-06-22T06:17:49.833Z","level":"INFO","source":"frontend","module":"webrtc/sframe-transform","message":"encrypted frame","context":{"kid":9,"ctr":2,"byteLength":62,"codecOffset":10}}

[90mstdout[2m | apps/validator-daemon/src/canary/__tests__/mesh-byzantine.test.ts[2m > [22m[2mREQ-RMS-017 — Byzantine under-server attributed to R via the SHIPPED canary pipeline[2m > [22m[2mR (overclaim->under-serve) is slashed pinned to its miner_id; honest R2 is never slashed
[22m[39m{"timestamp":"2026-06-22T06:17:49.833Z","level":"INFO","source":"frontend","module":"webrtc/sframe-transform","message":"encrypted frame","context":{"kid":9,"ctr":3,"byteLength":62,"codecOffset":10}}

[90mstdout[2m | apps/validator-daemon/src/canary/__tests__/mesh-byzantine.test.ts[2m > [22m[2mREQ-RMS-017 — Byzantine under-server attributed to R via the SHIPPED canary pipeline[2m > [22m[2mR (overclaim->under-serve) is slashed pinned to its miner_id; honest R2 is never slashed
[22m[39m{"timestamp":"2026-06-22T06:17:49.834Z","level":"INFO","source":"frontend","module":"webrtc/sframe-transform","message":"encrypted frame","context":{"kid":9,"ctr":4,"byteLength":62,"codecOffset":10}}

[90mstdout[2m | apps/validator-daemon/src/canary/__tests__/mesh-byzantine.test.ts[2m > [22m[2mREQ-RMS-017 — Byzantine under-server attributed to R via the SHIPPED canary pipeline[2m > [22m[2mR (overclaim->under-serve) is slashed pinned to its miner_id; honest R2 is never slashed
[22m[39m{"timestamp":"2026-06-22T06:17:49.834Z","level":"INFO","source":"frontend","module":"webrtc/sframe-transform","message":"encrypted frame","context":{"kid":9,"ctr":5,"byteLength":62,"codecOffset":10}}

[90mstdout[2m | apps/validator-daemon/src/canary/__tests__/mesh-byzantine.test.ts[2m > [22m[2mREQ-RMS-017 — Byzantine under-server attributed to R via the SHIPPED canary pipeline[2m > [22m[2mR (overclaim->under-serve) is slashed pinned to its miner_id; honest R2 is never slashed
[22m[39m{"timestamp":"2026-06-22T06:17:49.834Z","level":"INFO","source":"frontend","module":"webrtc/sframe-transform","message":"encrypted frame","context":{"kid":9,"ctr":6,"byteLength":62,"codecOffset":10}}

[90mstdout[2m | apps/validator-daemon/src/canary/__tests__/mesh-byzantine.test.ts[2m > [22m[2mREQ-RMS-017 — Byzantine under-server attributed to R via the SHIPPED canary pipeline[2m > [22m[2mR (overclaim->under-serve) is slashed pinned to its miner_id; honest R2 is never slashed
[22m[39m{"timestamp":"2026-06-22T06:17:49.835Z","level":"INFO","source":"frontend","module":"webrtc/sframe-transform","message":"encrypted frame","context":{"kid":9,"ctr":7,"byteLength":62,"codecOffset":10}}

{"level":30,"time":1782109069835,"pid":5904,"hostname":"Quang","name":"canary/verifier","canaryKid":9,"mediaPackets":7,"byteIdentical":7,"divergences":1,"msg":"canary forwarding verified"}
[90mstdout[2m | apps/validator-daemon/src/canary/__tests__/mesh-byzantine.test.ts[2m > [22m[2mREQ-RMS-017 — Byzantine under-server attributed to R via the SHIPPED canary pipeline[2m > [22m[2mR (overclaim->under-serve) is slashed pinned to its miner_id; honest R2 is never slashed
[22m[39m{"timestamp":"2026-06-22T06:17:49.835Z","level":"INFO","source":"frontend","module":"webrtc/sframe-transform","message":"encrypted frame","context":{"kid":9,"ctr":0,"byteLength":62,"codecOffset":10}}

[90mstdout[2m | apps/validator-daemon/src/canary/__tests__/mesh-byzantine.test.ts[2m > [22m[2mREQ-RMS-017 — Byzantine under-server attributed to R via the SHIPPED canary pipeline[2m > [22m[2mR (overclaim->under-serve) is slashed pinned to its miner_id; honest R2 is never slashed
[22m[39m{"timestamp":"2026-06-22T06:17:49.836Z","level":"INFO","source":"frontend","module":"webrtc/sframe-transform","message":"encrypted frame","context":{"kid":9,"ctr":1,"byteLength":62,"codecOffset":10}}

[90mstdout[2m | apps/validator-daemon/src/canary/__tests__/mesh-byzantine.test.ts[2m > [22m[2mREQ-RMS-017 — Byzantine under-server attributed to R via the SHIPPED canary pipeline[2m > [22m[2mR (overclaim->under-serve) is slashed pinned to its miner_id; honest R2 is never slashed
[22m[39m{"timestamp":"2026-06-22T06:17:49.836Z","level":"INFO","source":"frontend","module":"webrtc/sframe-transform","message":"encrypted frame","context":{"kid":9,"ctr":2,"byteLength":62,"codecOffset":10}}

[90mstdout[2m | apps/validator-daemon/src/canary/__tests__/mesh-byzantine.test.ts[2m > [22m[2mREQ-RMS-017 — Byzantine under-server attributed to R via the SHIPPED canary pipeline[2m > [22m[2mR (overclaim->under-serve) is slashed pinned to its miner_id; honest R2 is never slashed
[22m[39m{"timestamp":"2026-06-22T06:17:49.836Z","level":"INFO","source":"frontend","module":"webrtc/sframe-transform","message":"encrypted frame","context":{"kid":9,"ctr":3,"byteLength":62,"codecOffset":10}}

[90mstdout[2m | apps/validator-daemon/src/canary/__tests__/mesh-byzantine.test.ts[2m > [22m[2mREQ-RMS-017 — Byzantine under-server attributed to R via the SHIPPED canary pipeline[2m > [22m[2mR (overclaim->under-serve) is slashed pinned to its miner_id; honest R2 is never slashed
[22m[39m{"timestamp":"2026-06-22T06:17:49.837Z","level":"INFO","source":"frontend","module":"webrtc/sframe-transform","message":"encrypted frame","context":{"kid":9,"ctr":4,"byteLength":62,"codecOffset":10}}

[90mstdout[2m | apps/validator-daemon/src/canary/__tests__/mesh-byzantine.test.ts[2m > [22m[2mREQ-RMS-017 — Byzantine under-server attributed to R via the SHIPPED canary pipeline[2m > [22m[2mR (overclaim->under-serve) is slashed pinned to its miner_id; honest R2 is never slashed
[22m[39m{"timestamp":"2026-06-22T06:17:49.837Z","level":"INFO","source":"frontend","module":"webrtc/sframe-transform","message":"encrypted frame","context":{"kid":9,"ctr":5,"byteLength":62,"codecOffset":10}}

[90mstdout[2m | apps/validator-daemon/src/canary/__tests__/mesh-byzantine.test.ts[2m > [22m[2mREQ-RMS-017 — Byzantine under-server attributed to R via the SHIPPED canary pipeline[2m > [22m[2mR (overclaim->under-serve) is slashed pinned to its miner_id; honest R2 is never slashed
[22m[39m{"timestamp":"2026-06-22T06:17:49.838Z","level":"INFO","source":"frontend","module":"webrtc/sframe-transform","message":"encrypted frame","context":{"kid":9,"ctr":6,"byteLength":62,"codecOffset":10}}

[90mstdout[2m | apps/validator-daemon/src/canary/__tests__/mesh-byzantine.test.ts[2m > [22m[2mREQ-RMS-017 — Byzantine under-server attributed to R via the SHIPPED canary pipeline[2m > [22m[2mR (overclaim->under-serve) is slashed pinned to its miner_id; honest R2 is never slashed
[22m[39m{"timestamp":"2026-06-22T06:17:49.838Z","level":"INFO","source":"frontend","module":"webrtc/sframe-transform","message":"encrypted frame","context":{"kid":9,"ctr":7,"byteLength":62,"codecOffset":10}}

{"level":30,"time":1782109069838,"pid":5904,"hostname":"Quang","name":"canary/verifier","canaryKid":9,"mediaPackets":7,"byteIdentical":7,"divergences":1,"msg":"canary forwarding verified"}
{"level":30,"time":1782109069839,"pid":5904,"hostname":"Quang","name":"canary/loss-classifier","relayMinerId":"relay-byzantine-R","promoted":0,"absorbed":1,"tampers":0,"cumulativeCrossed":false,"msg":"canary divergences classified (drop gate / tamper p=1)"}
{"level":30,"time":1782109069839,"pid":5904,"hostname":"Quang","name":"canary/verify-loop","round":1,"relayMinerId":"relay-byzantine-R","roomId":"mesh-room","perReceiver":2,"promoted":0,"absorbed":1,"stunLossBps":"0","msg":"canary verify round classified (hermetic half — synthetic capture, STUN read live)"}
[90mstdout[2m | apps/validator-daemon/src/canary/__tests__/mesh-byzantine.test.ts[2m > [22m[2mREQ-RMS-017 — Byzantine under-server attributed to R via the SHIPPED canary pipeline[2m > [22m[2mR (overclaim->under-serve) is slashed pinned to its miner_id; honest R2 is never slashed
[22m[39m{"timestamp":"2026-06-22T06:17:49.839Z","level":"INFO","source":"frontend","module":"webrtc/sframe-transform","message":"encrypted frame","context":{"kid":9,"ctr":0,"byteLength":62,"codecOffset":10}}

[90mstdout[2m | apps/validator-daemon/src/canary/__tests__/mesh-byzantine.test.ts[2m > [22m[2mREQ-RMS-017 — Byzantine under-server attributed to R via the SHIPPED canary pipeline[2m > [22m[2mR (overclaim->under-serve) is slashed pinned to its miner_id; honest R2 is never slashed
[22m[39m{"timestamp":"2026-06-22T06:17:49.839Z","level":"INFO","source":"frontend","module":"webrtc/sframe-transform","message":"encrypted frame","context":{"kid":9,"ctr":1,"byteLength":62,"codecOffset":10}}

[90mstdout[2m | apps/validator-daemon/src/canary/__tests__/mesh-byzantine.test.ts[2m > [22m[2mREQ-RMS-017 — Byzantine under-server attributed to R via the SHIPPED canary pipeline[2m > [22m[2mR (overclaim->under-serve) is slashed pinned to its miner_id; honest R2 is never slashed
[22m[39m{"timestamp":"2026-06-22T06:17:49.840Z","level":"INFO","source":"frontend","module":"webrtc/sframe-transform","message":"encrypted frame","context":{"kid":9,"ctr":2,"byteLength":62,"codecOffset":10}}

[90mstdout[2m | apps/validator-daemon/src/canary/__tests__/mesh-byzantine.test.ts[2m > [22m[2mREQ-RMS-017 — Byzantine under-server attributed to R via the SHIPPED canary pipeline[2m > [22m[2mR (overclaim->under-serve) is slashed pinned to its miner_id; honest R2 is never slashed
[22m[39m{"timestamp":"2026-06-22T06:17:49.840Z","level":"INFO","source":"frontend","module":"webrtc/sframe-transform","message":"encrypted frame","context":{"kid":9,"ctr":3,"byteLength":62,"codecOffset":10}}

[90mstdout[2m | apps/validator-daemon/src/canary/__tests__/mesh-byzantine.test.ts[2m > [22m[2mREQ-RMS-017 — Byzantine under-server attributed to R via the SHIPPED canary pipeline[2m > [22m[2mR (overclaim->under-serve) is slashed pinned to its miner_id; honest R2 is never slashed
[22m[39m{"timestamp":"2026-06-22T06:17:49.841Z","level":"INFO","source":"frontend","module":"webrtc/sframe-transform","message":"encrypted frame","context":{"kid":9,"ctr":4,"byteLength":62,"codecOffset":10}}

[90mstdout[2m | apps/validator-daemon/src/canary/__tests__/mesh-byzantine.test.ts[2m > [22m[2mREQ-RMS-017 — Byzantine under-server attributed to R via the SHIPPED canary pipeline[2m > [22m[2mR (overclaim->under-serve) is slashed pinned to its miner_id; honest R2 is never slashed
[22m[39m{"timestamp":"2026-06-22T06:17:49.841Z","level":"INFO","source":"frontend","module":"webrtc/sframe-transform","message":"encrypted frame","context":{"kid":9,"ctr":5,"byteLength":62,"codecOffset":10}}

[90mstdout[2m | apps/validator-daemon/src/canary/__tests__/mesh-byzantine.test.ts[2m > [22m[2mREQ-RMS-017 — Byzantine under-server attributed to R via the SHIPPED canary pipeline[2m > [22m[2mR (overclaim->under-serve) is slashed pinned to its miner_id; honest R2 is never slashed
[22m[39m{"timestamp":"2026-06-22T06:17:49.841Z","level":"INFO","source":"frontend","module":"webrtc/sframe-transform","message":"encrypted frame","context":{"kid":9,"ctr":6,"byteLength":62,"codecOffset":10}}

[90mstdout[2m | apps/validator-daemon/src/canary/__tests__/mesh-byzantine.test.ts[2m > [22m[2mREQ-RMS-017 — Byzantine under-server attributed to R via the SHIPPED canary pipeline[2m > [22m[2mR (overclaim->under-serve) is slashed pinned to its miner_id; honest R2 is never slashed
[22m[39m{"timestamp":"2026-06-22T06:17:49.842Z","level":"INFO","source":"frontend","module":"webrtc/sframe-transform","message":"encrypted frame","context":{"kid":9,"ctr":7,"byteLength":62,"codecOffset":10}}

[90mstdout[2m | apps/validator-daemon/src/canary/__tests__/mesh-byzantine.test.ts[2m > [22m[2mREQ-RMS-017 — Byzantine under-server attributed to R via the SHIPPED canary pipeline[2m > [22m[2mR (overclaim->under-serve) is slashed pinned to its miner_id; honest R2 is never slashed
[22m[39m{"timestamp":"2026-06-22T06:17:49.842Z","level":"INFO","source":"frontend","module":"webrtc/sframe-transform","message":"encrypted frame","context":{"kid":9,"ctr":0,"byteLength":62,"codecOffset":10}}

[90mstdout[2m | apps/validator-daemon/src/canary/__tests__/mesh-byzantine.test.ts[2m > [22m[2mREQ-RMS-017 — Byzantine under-server attributed to R via the SHIPPED canary pipeline[2m > [22m[2mR (overclaim->under-serve) is slashed pinned to its miner_id; honest R2 is never slashed
[22m[39m{"timestamp":"2026-06-22T06:17:49.842Z","level":"INFO","source":"frontend","module":"webrtc/sframe-transform","message":"encrypted frame","context":{"kid":9,"ctr":1,"byteLength":62,"codecOffset":10}}

[90mstdout[2m | apps/validator-daemon/src/canary/__tests__/mesh-byzantine.test.ts[2m > [22m[2mREQ-RMS-017 — Byzantine under-server attributed to R via the SHIPPED canary pipeline[2m > [22m[2mR (overclaim->under-serve) is slashed pinned to its miner_id; honest R2 is never slashed
[22m[39m{"timestamp":"2026-06-22T06:17:49.843Z","level":"INFO","source":"frontend","module":"webrtc/sframe-transform","message":"encrypted frame","context":{"kid":9,"ctr":2,"byteLength":62,"codecOffset":10}}

[90mstdout[2m | apps/validator-daemon/src/canary/__tests__/mesh-byzantine.test.ts[2m > [22m[2mREQ-RMS-017 — Byzantine under-server attributed to R via the SHIPPED canary pipeline[2m > [22m[2mR (overclaim->under-serve) is slashed pinned to its miner_id; honest R2 is never slashed
[22m[39m{"timestamp":"2026-06-22T06:17:49.843Z","level":"INFO","source":"frontend","module":"webrtc/sframe-transform","message":"encrypted frame","context":{"kid":9,"ctr":3,"byteLength":62,"codecOffset":10}}

[90mstdout[2m | apps/validator-daemon/src/canary/__tests__/mesh-byzantine.test.ts[2m > [22m[2mREQ-RMS-017 — Byzantine under-server attributed to R via the SHIPPED canary pipeline[2m > [22m[2mR (overclaim->under-serve) is slashed pinned to its miner_id; honest R2 is never slashed
[22m[39m{"timestamp":"2026-06-22T06:17:49.843Z","level":"INFO","source":"frontend","module":"webrtc/sframe-transform","message":"encrypted frame","context":{"kid":9,"ctr":4,"byteLength":62,"codecOffset":10}}

[90mstdout[2m | apps/validator-daemon/src/canary/__tests__/mesh-byzantine.test.ts[2m > [22m[2mREQ-RMS-017 — Byzantine under-server attributed to R via the SHIPPED canary pipeline[2m > [22m[2mR (overclaim->under-serve) is slashed pinned to its miner_id; honest R2 is never slashed
[22m[39m{"timestamp":"2026-06-22T06:17:49.844Z","level":"INFO","source":"frontend","module":"webrtc/sframe-transform","message":"encrypted frame","context":{"kid":9,"ctr":5,"byteLength":62,"codecOffset":10}}

[90mstdout[2m | apps/validator-daemon/src/canary/__tests__/mesh-byzantine.test.ts[2m > [22m[2mREQ-RMS-017 — Byzantine under-server attributed to R via the SHIPPED canary pipeline[2m > [22m[2mR (overclaim->under-serve) is slashed pinned to its miner_id; honest R2 is never slashed
[22m[39m{"timestamp":"2026-06-22T06:17:49.844Z","level":"INFO","source":"frontend","module":"webrtc/sframe-transform","message":"encrypted frame","context":{"kid":9,"ctr":6,"byteLength":62,"codecOffset":10}}

[90mstdout[2m | apps/validator-daemon/src/canary/__tests__/mesh-byzantine.test.ts[2m > [22m[2mREQ-RMS-017 — Byzantine under-server attributed to R via the SHIPPED canary pipeline[2m > [22m[2mR (overclaim->under-serve) is slashed pinned to its miner_id; honest R2 is never slashed
[22m[39m{"timestamp":"2026-06-22T06:17:49.844Z","level":"INFO","source":"frontend","module":"webrtc/sframe-transform","message":"encrypted frame","context":{"kid":9,"ctr":7,"byteLength":62,"codecOffset":10}}

{"level":30,"time":1782109069845,"pid":5904,"hostname":"Quang","name":"canary/verifier","canaryKid":9,"mediaPackets":8,"byteIdentical":8,"divergences":0,"msg":"canary forwarding verified"}
[90mstdout[2m | apps/validator-daemon/src/canary/__tests__/mesh-byzantine.test.ts[2m > [22m[2mREQ-RMS-017 — Byzantine under-server attributed to R via the SHIPPED canary pipeline[2m > [22m[2mR (overclaim->under-serve) is slashed pinned to its miner_id; honest R2 is never slashed
[22m[39m{"timestamp":"2026-06-22T06:17:49.845Z","level":"INFO","source":"frontend","module":"webrtc/sframe-transform","message":"encrypted frame","context":{"kid":9,"ctr":0,"byteLength":62,"codecOffset":10}}

[90mstdout[2m | apps/validator-daemon/src/canary/__tests__/mesh-byzantine.test.ts[2m > [22m[2mREQ-RMS-017 — Byzantine under-server attributed to R via the SHIPPED canary pipeline[2m > [22m[2mR (overclaim->under-serve) is slashed pinned to its miner_id; honest R2 is never slashed
[22m[39m{"timestamp":"2026-06-22T06:17:49.845Z","level":"INFO","source":"frontend","module":"webrtc/sframe-transform","message":"encrypted frame","context":{"kid":9,"ctr":1,"byteLength":62,"codecOffset":10}}

[90mstdout[2m | apps/validator-daemon/src/canary/__tests__/mesh-byzantine.test.ts[2m > [22m[2mREQ-RMS-017 — Byzantine under-server attributed to R via the SHIPPED canary pipeline[2m > [22m[2mR (overclaim->under-serve) is slashed pinned to its miner_id; honest R2 is never slashed
[22m[39m{"timestamp":"2026-06-22T06:17:49.846Z","level":"INFO","source":"frontend","module":"webrtc/sframe-transform","message":"encrypted frame","context":{"kid":9,"ctr":2,"byteLength":62,"codecOffset":10}}

[90mstdout[2m | apps/validator-daemon/src/canary/__tests__/mesh-byzantine.test.ts[2m > [22m[2mREQ-RMS-017 — Byzantine under-server attributed to R via the SHIPPED canary pipeline[2m > [22m[2mR (overclaim->under-serve) is slashed pinned to its miner_id; honest R2 is never slashed
[22m[39m{"timestamp":"2026-06-22T06:17:49.846Z","level":"INFO","source":"frontend","module":"webrtc/sframe-transform","message":"encrypted frame","context":{"kid":9,"ctr":3,"byteLength":62,"codecOffset":10}}

[90mstdout[2m | apps/validator-daemon/src/canary/__tests__/mesh-byzantine.test.ts[2m > [22m[2mREQ-RMS-017 — Byzantine under-server attributed to R via the SHIPPED canary pipeline[2m > [22m[2mR (overclaim->under-serve) is slashed pinned to its miner_id; honest R2 is never slashed
[22m[39m{"timestamp":"2026-06-22T06:17:49.847Z","level":"INFO","source":"frontend","module":"webrtc/sframe-transform","message":"encrypted frame","context":{"kid":9,"ctr":4,"byteLength":62,"codecOffset":10}}

[90mstdout[2m | apps/validator-daemon/src/canary/__tests__/mesh-byzantine.test.ts[2m > [22m[2mREQ-RMS-017 — Byzantine under-server attributed to R via the SHIPPED canary pipeline[2m > [22m[2mR (overclaim->under-serve) is slashed pinned to its miner_id; honest R2 is never slashed
[22m[39m{"timestamp":"2026-06-22T06:17:49.847Z","level":"INFO","source":"frontend","module":"webrtc/sframe-transform","message":"encrypted frame","context":{"kid":9,"ctr":5,"byteLength":62,"codecOffset":10}}

[90mstdout[2m | apps/validator-daemon/src/canary/__tests__/mesh-byzantine.test.ts[2m > [22m[2mREQ-RMS-017 — Byzantine under-server attributed to R via the SHIPPED canary pipeline[2m > [22m[2mR (overclaim->under-serve) is slashed pinned to its miner_id; honest R2 is never slashed
[22m[39m{"timestamp":"2026-06-22T06:17:49.847Z","level":"INFO","source":"frontend","module":"webrtc/sframe-transform","message":"encrypted frame","context":{"kid":9,"ctr":6,"byteLength":62,"codecOffset":10}}

[90mstdout[2m | apps/validator-daemon/src/canary/__tests__/mesh-byzantine.test.ts[2m > [22m[2mREQ-RMS-017 — Byzantine under-server attributed to R via the SHIPPED canary pipeline[2m > [22m[2mR (overclaim->under-serve) is slashed pinned to its miner_id; honest R2 is never slashed
[22m[39m{"timestamp":"2026-06-22T06:17:49.848Z","level":"INFO","source":"frontend","module":"webrtc/sframe-transform","message":"encrypted frame","context":{"kid":9,"ctr":7,"byteLength":62,"codecOffset":10}}

{"level":30,"time":1782109069848,"pid":5904,"hostname":"Quang","name":"canary/verifier","canaryKid":9,"mediaPackets":8,"byteIdentical":8,"divergences":0,"msg":"canary forwarding verified"}
{"level":30,"time":1782109069848,"pid":5904,"hostname":"Quang","name":"canary/loss-classifier","relayMinerId":"relay-honest-R2","promoted":0,"absorbed":0,"tampers":0,"cumulativeCrossed":false,"msg":"canary divergences classified (drop gate / tamper p=1)"}
{"level":30,"time":1782109069848,"pid":5904,"hostname":"Quang","name":"canary/verify-loop","round":1,"relayMinerId":"relay-honest-R2","roomId":"mesh-room","perReceiver":2,"promoted":0,"absorbed":0,"stunLossBps":"0","msg":"canary verify round classified (hermetic half — synthetic capture, STUN read live)"}
[90mstdout[2m | apps/validator-daemon/src/canary/__tests__/mesh-byzantine.test.ts[2m > [22m[2mREQ-RMS-017 — Byzantine under-server attributed to R via the SHIPPED canary pipeline[2m > [22m[2mR (overclaim->under-serve) is slashed pinned to its miner_id; honest R2 is never slashed
[22m[39m{"timestamp":"2026-06-22T06:17:49.849Z","level":"INFO","source":"frontend","module":"webrtc/sframe-transform","message":"encrypted frame","context":{"kid":9,"ctr":0,"byteLength":62,"codecOffset":10}}

[90mstdout[2m | apps/validator-daemon/src/canary/__tests__/mesh-byzantine.test.ts[2m > [22m[2mREQ-RMS-017 — Byzantine under-server attributed to R via the SHIPPED canary pipeline[2m > [22m[2mR (overclaim->under-serve) is slashed pinned to its miner_id; honest R2 is never slashed
[22m[39m{"timestamp":"2026-06-22T06:17:49.850Z","level":"INFO","source":"frontend","module":"webrtc/sframe-transform","message":"encrypted frame","context":{"kid":9,"ctr":1,"byteLength":62,"codecOffset":10}}

[90mstdout[2m | apps/validator-daemon/src/canary/__tests__/mesh-byzantine.test.ts[2m > [22m[2mREQ-RMS-017 — Byzantine under-server attributed to R via the SHIPPED canary pipeline[2m > [22m[2mR (overclaim->under-serve) is slashed pinned to its miner_id; honest R2 is never slashed
[22m[39m{"timestamp":"2026-06-22T06:17:49.850Z","level":"INFO","source":"frontend","module":"webrtc/sframe-transform","message":"encrypted frame","context":{"kid":9,"ctr":2,"byteLength":62,"codecOffset":10}}

[90mstdout[2m | apps/validator-daemon/src/canary/__tests__/mesh-byzantine.test.ts[2m > [22m[2mREQ-RMS-017 — Byzantine under-server attributed to R via the SHIPPED canary pipeline[2m > [22m[2mR (overclaim->under-serve) is slashed pinned to its miner_id; honest R2 is never slashed
[22m[39m{"timestamp":"2026-06-22T06:17:49.850Z","level":"INFO","source":"frontend","module":"webrtc/sframe-transform","message":"encrypted frame","context":{"kid":9,"ctr":3,"byteLength":62,"codecOffset":10}}

[90mstdout[2m | apps/validator-daemon/src/canary/__tests__/mesh-byzantine.test.ts[2m > [22m[2mREQ-RMS-017 — Byzantine under-server attributed to R via the SHIPPED canary pipeline[2m > [22m[2mR (overclaim->under-serve) is slashed pinned to its miner_id; honest R2 is never slashed
[22m[39m{"timestamp":"2026-06-22T06:17:49.851Z","level":"INFO","source":"frontend","module":"webrtc/sframe-transform","message":"encrypted frame","context":{"kid":9,"ctr":4,"byteLength":62,"codecOffset":10}}

[90mstdout[2m | apps/validator-daemon/src/canary/__tests__/mesh-byzantine.test.ts[2m > [22m[2mREQ-RMS-017 — Byzantine under-server attributed to R via the SHIPPED canary pipeline[2m > [22m[2mR (overclaim->under-serve) is slashed pinned to its miner_id; honest R2 is never slashed
[22m[39m{"timestamp":"2026-06-22T06:17:49.851Z","level":"INFO","source":"frontend","module":"webrtc/sframe-transform","message":"encrypted frame","context":{"kid":9,"ctr":6,"byteLength":62,"codecOffset":10}}

[90mstdout[2m | apps/validator-daemon/src/canary/__tests__/mesh-byzantine.test.ts[2m > [22m[2mREQ-RMS-017 — Byzantine under-server attributed to R via the SHIPPED canary pipeline[2m > [22m[2mR (overclaim->under-serve) is slashed pinned to its miner_id; honest R2 is never slashed
[22m[39m{"timestamp":"2026-06-22T06:17:49.852Z","level":"INFO","source":"frontend","module":"webrtc/sframe-transform","message":"encrypted frame","context":{"kid":9,"ctr":7,"byteLength":62,"codecOffset":10}}

[90mstdout[2m | apps/validator-daemon/src/canary/__tests__/mesh-byzantine.test.ts[2m > [22m[2mREQ-RMS-017 — Byzantine under-server attributed to R via the SHIPPED canary pipeline[2m > [22m[2mR (overclaim->under-serve) is slashed pinned to its miner_id; honest R2 is never slashed
[22m[39m{"timestamp":"2026-06-22T06:17:49.852Z","level":"INFO","source":"frontend","module":"webrtc/sframe-transform","message":"encrypted frame","context":{"kid":9,"ctr":0,"byteLength":62,"codecOffset":10}}

[90mstdout[2m | apps/validator-daemon/src/canary/__tests__/mesh-byzantine.test.ts[2m > [22m[2mREQ-RMS-017 — Byzantine under-server attributed to R via the SHIPPED canary pipeline[2m > [22m[2mR (overclaim->under-serve) is slashed pinned to its miner_id; honest R2 is never slashed
[22m[39m{"timestamp":"2026-06-22T06:17:49.852Z","level":"INFO","source":"frontend","module":"webrtc/sframe-transform","message":"encrypted frame","context":{"kid":9,"ctr":1,"byteLength":62,"codecOffset":10}}

[90mstdout[2m | apps/validator-daemon/src/canary/__tests__/mesh-byzantine.test.ts[2m > [22m[2mREQ-RMS-017 — Byzantine under-server attributed to R via the SHIPPED canary pipeline[2m > [22m[2mR (overclaim->under-serve) is slashed pinned to its miner_id; honest R2 is never slashed
[22m[39m{"timestamp":"2026-06-22T06:17:49.853Z","level":"INFO","source":"frontend","module":"webrtc/sframe-transform","message":"encrypted frame","context":{"kid":9,"ctr":2,"byteLength":62,"codecOffset":10}}

[90mstdout[2m | apps/validator-daemon/src/canary/__tests__/mesh-byzantine.test.ts[2m > [22m[2mREQ-RMS-017 — Byzantine under-server attributed to R via the SHIPPED canary pipeline[2m > [22m[2mR (overclaim->under-serve) is slashed pinned to its miner_id; honest R2 is never slashed
[22m[39m{"timestamp":"2026-06-22T06:17:49.853Z","level":"INFO","source":"frontend","module":"webrtc/sframe-transform","message":"encrypted frame","context":{"kid":9,"ctr":3,"byteLength":62,"codecOffset":10}}

[90mstdout[2m | apps/validator-daemon/src/canary/__tests__/mesh-byzantine.test.ts[2m > [22m[2mREQ-RMS-017 — Byzantine under-server attributed to R via the SHIPPED canary pipeline[2m > [22m[2mR (overclaim->under-serve) is slashed pinned to its miner_id; honest R2 is never slashed
[22m[39m{"timestamp":"2026-06-22T06:17:49.854Z","level":"INFO","source":"frontend","module":"webrtc/sframe-transform","message":"encrypted frame","context":{"kid":9,"ctr":4,"byteLength":62,"codecOffset":10}}

[90mstdout[2m | apps/validator-daemon/src/canary/__tests__/mesh-byzantine.test.ts[2m > [22m[2mREQ-RMS-017 — Byzantine under-server attributed to R via the SHIPPED canary pipeline[2m > [22m[2mR (overclaim->under-serve) is slashed pinned to its miner_id; honest R2 is never slashed
[22m[39m{"timestamp":"2026-06-22T06:17:49.854Z","level":"INFO","source":"frontend","module":"webrtc/sframe-transform","message":"encrypted frame","context":{"kid":9,"ctr":5,"byteLength":62,"codecOffset":10}}

[90mstdout[2m | apps/validator-daemon/src/canary/__tests__/mesh-byzantine.test.ts[2m > [22m[2mREQ-RMS-017 — Byzantine under-server attributed to R via the SHIPPED canary pipeline[2m > [22m[2mR (overclaim->under-serve) is slashed pinned to its miner_id; honest R2 is never slashed
[22m[39m{"timestamp":"2026-06-22T06:17:49.855Z","level":"INFO","source":"frontend","module":"webrtc/sframe-transform","message":"encrypted frame","context":{"kid":9,"ctr":6,"byteLength":62,"codecOffset":10}}

[90mstdout[2m | apps/validator-daemon/src/canary/__tests__/mesh-byzantine.test.ts[2m > [22m[2mREQ-RMS-017 — Byzantine under-server attributed to R via the SHIPPED canary pipeline[2m > [22m[2mR (overclaim->under-serve) is slashed pinned to its miner_id; honest R2 is never slashed
[22m[39m{"timestamp":"2026-06-22T06:17:49.856Z","level":"INFO","source":"frontend","module":"webrtc/sframe-transform","message":"encrypted frame","context":{"kid":9,"ctr":7,"byteLength":62,"codecOffset":10}}

{"level":30,"time":1782109069856,"pid":5904,"hostname":"Quang","name":"canary/verifier","canaryKid":9,"mediaPackets":7,"byteIdentical":7,"divergences":1,"msg":"canary forwarding verified"}
[90mstdout[2m | apps/validator-daemon/src/canary/__tests__/mesh-byzantine.test.ts[2m > [22m[2mREQ-RMS-017 — Byzantine under-server attributed to R via the SHIPPED canary pipeline[2m > [22m[2mR (overclaim->under-serve) is slashed pinned to its miner_id; honest R2 is never slashed
[22m[39m{"timestamp":"2026-06-22T06:17:49.856Z","level":"INFO","source":"frontend","module":"webrtc/sframe-transform","message":"encrypted frame","context":{"kid":9,"ctr":0,"byteLength":62,"codecOffset":10}}

[90mstdout[2m | apps/validator-daemon/src/canary/__tests__/mesh-byzantine.test.ts[2m > [22m[2mREQ-RMS-017 — Byzantine under-server attributed to R via the SHIPPED canary pipeline[2m > [22m[2mR (overclaim->under-serve) is slashed pinned to its miner_id; honest R2 is never slashed
[22m[39m{"timestamp":"2026-06-22T06:17:49.857Z","level":"INFO","source":"frontend","module":"webrtc/sframe-transform","message":"encrypted frame","context":{"kid":9,"ctr":1,"byteLength":62,"codecOffset":10}}

[90mstdout[2m | apps/validator-daemon/src/canary/__tests__/mesh-byzantine.test.ts[2m > [22m[2mREQ-RMS-017 — Byzantine under-server attributed to R via the SHIPPED canary pipeline[2m > [22m[2mR (overclaim->under-serve) is slashed pinned to its miner_id; honest R2 is never slashed
[22m[39m{"timestamp":"2026-06-22T06:17:49.857Z","level":"INFO","source":"frontend","module":"webrtc/sframe-transform","message":"encrypted frame","context":{"kid":9,"ctr":2,"byteLength":62,"codecOffset":10}}

[90mstdout[2m | apps/validator-daemon/src/canary/__tests__/mesh-byzantine.test.ts[2m > [22m[2mREQ-RMS-017 — Byzantine under-server attributed to R via the SHIPPED canary pipeline[2m > [22m[2mR (overclaim->under-serve) is slashed pinned to its miner_id; honest R2 is never slashed
[22m[39m{"timestamp":"2026-06-22T06:17:49.857Z","level":"INFO","source":"frontend","module":"webrtc/sframe-transform","message":"encrypted frame","context":{"kid":9,"ctr":3,"byteLength":62,"codecOffset":10}}

[90mstdout[2m | apps/validator-daemon/src/canary/__tests__/mesh-byzantine.test.ts[2m > [22m[2mREQ-RMS-017 — Byzantine under-server attributed to R via the SHIPPED canary pipeline[2m > [22m[2mR (overclaim->under-serve) is slashed pinned to its miner_id; honest R2 is never slashed
[22m[39m{"timestamp":"2026-06-22T06:17:49.858Z","level":"INFO","source":"frontend","module":"webrtc/sframe-transform","message":"encrypted frame","context":{"kid":9,"ctr":4,"byteLength":62,"codecOffset":10}}

[90mstdout[2m | apps/validator-daemon/src/canary/__tests__/mesh-byzantine.test.ts[2m > [22m[2mREQ-RMS-017 — Byzantine under-server attributed to R via the SHIPPED canary pipeline[2m > [22m[2mR (overclaim->under-serve) is slashed pinned to its miner_id; honest R2 is never slashed
[22m[39m{"timestamp":"2026-06-22T06:17:49.858Z","level":"INFO","source":"frontend","module":"webrtc/sframe-transform","message":"encrypted frame","context":{"kid":9,"ctr":5,"byteLength":62,"codecOffset":10}}

[90mstdout[2m | apps/validator-daemon/src/canary/__tests__/mesh-byzantine.test.ts[2m > [22m[2mREQ-RMS-017 — Byzantine under-server attributed to R via the SHIPPED canary pipeline[2m > [22m[2mR (overclaim->under-serve) is slashed pinned to its miner_id; honest R2 is never slashed
[22m[39m{"timestamp":"2026-06-22T06:17:49.859Z","level":"INFO","source":"frontend","module":"webrtc/sframe-transform","message":"encrypted frame","context":{"kid":9,"ctr":6,"byteLength":62,"codecOffset":10}}

[90mstdout[2m | apps/validator-daemon/src/canary/__tests__/mesh-byzantine.test.ts[2m > [22m[2mREQ-RMS-017 — Byzantine under-server attributed to R via the SHIPPED canary pipeline[2m > [22m[2mR (overclaim->under-serve) is slashed pinned to its miner_id; honest R2 is never slashed
[22m[39m{"timestamp":"2026-06-22T06:17:49.859Z","level":"INFO","source":"frontend","module":"webrtc/sframe-transform","message":"encrypted frame","context":{"kid":9,"ctr":7,"byteLength":62,"codecOffset":10}}

{"level":30,"time":1782109069859,"pid":5904,"hostname":"Quang","name":"canary/verifier","canaryKid":9,"mediaPackets":7,"byteIdentical":7,"divergences":1,"msg":"canary forwarding verified"}
{"level":30,"time":1782109069859,"pid":5904,"hostname":"Quang","name":"canary/loss-classifier","relayMinerId":"relay-byzantine-R","promoted":0,"absorbed":1,"tampers":0,"cumulativeCrossed":false,"msg":"canary divergences classified (drop gate / tamper p=1)"}
{"level":30,"time":1782109069859,"pid":5904,"hostname":"Quang","name":"canary/verify-loop","round":1,"relayMinerId":"relay-byzantine-R","roomId":"mesh-room","perReceiver":2,"promoted":0,"absorbed":1,"stunLossBps":"0","msg":"canary verify round classified (hermetic half — synthetic capture, STUN read live)"}
[90mstdout[2m | apps/validator-daemon/src/canary/__tests__/mesh-byzantine.test.ts[2m > [22m[2mREQ-RMS-017 — Byzantine under-server attributed to R via the SHIPPED canary pipeline[2m > [22m[2mR (overclaim->under-serve) is slashed pinned to its miner_id; honest R2 is never slashed
[22m[39m{"timestamp":"2026-06-22T06:17:49.860Z","level":"INFO","source":"frontend","module":"webrtc/sframe-transform","message":"encrypted frame","context":{"kid":9,"ctr":0,"byteLength":62,"codecOffset":10}}

[90mstdout[2m | apps/validator-daemon/src/canary/__tests__/mesh-byzantine.test.ts[2m > [22m[2mREQ-RMS-017 — Byzantine under-server attributed to R via the SHIPPED canary pipeline[2m > [22m[2mR (overclaim->under-serve) is slashed pinned to its miner_id; honest R2 is never slashed
[22m[39m{"timestamp":"2026-06-22T06:17:49.860Z","level":"INFO","source":"frontend","module":"webrtc/sframe-transform","message":"encrypted frame","context":{"kid":9,"ctr":1,"byteLength":62,"codecOffset":10}}

[90mstdout[2m | apps/validator-daemon/src/canary/__tests__/mesh-byzantine.test.ts[2m > [22m[2mREQ-RMS-017 — Byzantine under-server attributed to R via the SHIPPED canary pipeline[2m > [22m[2mR (overclaim->under-serve) is slashed pinned to its miner_id; honest R2 is never slashed
[22m[39m{"timestamp":"2026-06-22T06:17:49.861Z","level":"INFO","source":"frontend","module":"webrtc/sframe-transform","message":"encrypted frame","context":{"kid":9,"ctr":2,"byteLength":62,"codecOffset":10}}

[90mstdout[2m | apps/validator-daemon/src/canary/__tests__/mesh-byzantine.test.ts[2m > [22m[2mREQ-RMS-017 — Byzantine under-server attributed to R via the SHIPPED canary pipeline[2m > [22m[2mR (overclaim->under-serve) is slashed pinned to its miner_id; honest R2 is never slashed
[22m[39m{"timestamp":"2026-06-22T06:17:49.862Z","level":"INFO","source":"frontend","module":"webrtc/sframe-transform","message":"encrypted frame","context":{"kid":9,"ctr":3,"byteLength":62,"codecOffset":10}}

[90mstdout[2m | apps/validator-daemon/src/canary/__tests__/mesh-byzantine.test.ts[2m > [22m[2mREQ-RMS-017 — Byzantine under-server attributed to R via the SHIPPED canary pipeline[2m > [22m[2mR (overclaim->under-serve) is slashed pinned to its miner_id; honest R2 is never slashed
[22m[39m{"timestamp":"2026-06-22T06:17:49.862Z","level":"INFO","source":"frontend","module":"webrtc/sframe-transform","message":"encrypted frame","context":{"kid":9,"ctr":4,"byteLength":62,"codecOffset":10}}

[90mstdout[2m | apps/validator-daemon/src/canary/__tests__/mesh-byzantine.test.ts[2m > [22m[2mREQ-RMS-017 — Byzantine under-server attributed to R via the SHIPPED canary pipeline[2m > [22m[2mR (overclaim->under-serve) is slashed pinned to its miner_id; honest R2 is never slashed
[22m[39m{"timestamp":"2026-06-22T06:17:49.863Z","level":"INFO","source":"frontend","module":"webrtc/sframe-transform","message":"encrypted frame","context":{"kid":9,"ctr":5,"byteLength":62,"codecOffset":10}}

[90mstdout[2m | apps/validator-daemon/src/canary/__tests__/mesh-byzantine.test.ts[2m > [22m[2mREQ-RMS-017 — Byzantine under-server attributed to R via the SHIPPED canary pipeline[2m > [22m[2mR (overclaim->under-serve) is slashed pinned to its miner_id; honest R2 is never slashed
[22m[39m{"timestamp":"2026-06-22T06:17:49.863Z","level":"INFO","source":"frontend","module":"webrtc/sframe-transform","message":"encrypted frame","context":{"kid":9,"ctr":6,"byteLength":62,"codecOffset":10}}

[90mstdout[2m | apps/validator-daemon/src/canary/__tests__/mesh-byzantine.test.ts[2m > [22m[2mREQ-RMS-017 — Byzantine under-server attributed to R via the SHIPPED canary pipeline[2m > [22m[2mR (overclaim->under-serve) is slashed pinned to its miner_id; honest R2 is never slashed
[22m[39m{"timestamp":"2026-06-22T06:17:49.864Z","level":"INFO","source":"frontend","module":"webrtc/sframe-transform","message":"encrypted frame","context":{"kid":9,"ctr":7,"byteLength":62,"codecOffset":10}}

[90mstdout[2m | apps/validator-daemon/src/canary/__tests__/mesh-byzantine.test.ts[2m > [22m[2mREQ-RMS-017 — Byzantine under-server attributed to R via the SHIPPED canary pipeline[2m > [22m[2mR (overclaim->under-serve) is slashed pinned to its miner_id; honest R2 is never slashed
[22m[39m{"timestamp":"2026-06-22T06:17:49.864Z","level":"INFO","source":"frontend","module":"webrtc/sframe-transform","message":"encrypted frame","context":{"kid":9,"ctr":0,"byteLength":62,"codecOffset":10}}

[90mstdout[2m | apps/validator-daemon/src/canary/__tests__/mesh-byzantine.test.ts[2m > [22m[2mREQ-RMS-017 — Byzantine under-server attributed to R via the SHIPPED canary pipeline[2m > [22m[2mR (overclaim->under-serve) is slashed pinned to its miner_id; honest R2 is never slashed
[22m[39m{"timestamp":"2026-06-22T06:17:49.865Z","level":"INFO","source":"frontend","module":"webrtc/sframe-transform","message":"encrypted frame","context":{"kid":9,"ctr":1,"byteLength":62,"codecOffset":10}}

[90mstdout[2m | apps/validator-daemon/src/canary/__tests__/mesh-byzantine.test.ts[2m > [22m[2mREQ-RMS-017 — Byzantine under-server attributed to R via the SHIPPED canary pipeline[2m > [22m[2mR (overclaim->under-serve) is slashed pinned to its miner_id; honest R2 is never slashed
[22m[39m{"timestamp":"2026-06-22T06:17:49.865Z","level":"INFO","source":"frontend","module":"webrtc/sframe-transform","message":"encrypted frame","context":{"kid":9,"ctr":2,"byteLength":62,"codecOffset":10}}

[90mstdout[2m | apps/validator-daemon/src/canary/__tests__/mesh-byzantine.test.ts[2m > [22m[2mREQ-RMS-017 — Byzantine under-server attributed to R via the SHIPPED canary pipeline[2m > [22m[2mR (overclaim->under-serve) is slashed pinned to its miner_id; honest R2 is never slashed
[22m[39m{"timestamp":"2026-06-22T06:17:49.865Z","level":"INFO","source":"frontend","module":"webrtc/sframe-transform","message":"encrypted frame","context":{"kid":9,"ctr":3,"byteLength":62,"codecOffset":10}}

[90mstdout[2m | apps/validator-daemon/src/canary/__tests__/mesh-byzantine.test.ts[2m > [22m[2mREQ-RMS-017 — Byzantine under-server attributed to R via the SHIPPED canary pipeline[2m > [22m[2mR (overclaim->under-serve) is slashed pinned to its miner_id; honest R2 is never slashed
[22m[39m{"timestamp":"2026-06-22T06:17:49.866Z","level":"INFO","source":"frontend","module":"webrtc/sframe-transform","message":"encrypted frame","context":{"kid":9,"ctr":4,"byteLength":62,"codecOffset":10}}

[90mstdout[2m | apps/validator-daemon/src/canary/__tests__/mesh-byzantine.test.ts[2m > [22m[2mREQ-RMS-017 — Byzantine under-server attributed to R via the SHIPPED canary pipeline[2m > [22m[2mR (overclaim->under-serve) is slashed pinned to its miner_id; honest R2 is never slashed
[22m[39m{"timestamp":"2026-06-22T06:17:49.866Z","level":"INFO","source":"frontend","module":"webrtc/sframe-transform","message":"encrypted frame","context":{"kid":9,"ctr":5,"byteLength":62,"codecOffset":10}}

[90mstdout[2m | apps/validator-daemon/src/canary/__tests__/mesh-byzantine.test.ts[2m > [22m[2mREQ-RMS-017 — Byzantine under-server attributed to R via the SHIPPED canary pipeline[2m > [22m[2mR (overclaim->under-serve) is slashed pinned to its miner_id; honest R2 is never slashed
[22m[39m{"timestamp":"2026-06-22T06:17:49.867Z","level":"INFO","source":"frontend","module":"webrtc/sframe-transform","message":"encrypted frame","context":{"kid":9,"ctr":6,"byteLength":62,"codecOffset":10}}

[90mstdout[2m | apps/validator-daemon/src/canary/__tests__/mesh-byzantine.test.ts[2m > [22m[2mREQ-RMS-017 — Byzantine under-server attributed to R via the SHIPPED canary pipeline[2m > [22m[2mR (overclaim->under-serve) is slashed pinned to its miner_id; honest R2 is never slashed
[22m[39m{"timestamp":"2026-06-22T06:17:49.867Z","level":"INFO","source":"frontend","module":"webrtc/sframe-transform","message":"encrypted frame","context":{"kid":9,"ctr":7,"byteLength":62,"codecOffset":10}}

{"level":30,"time":1782109069867,"pid":5904,"hostname":"Quang","name":"canary/verifier","canaryKid":9,"mediaPackets":8,"byteIdentical":8,"divergences":0,"msg":"canary forwarding verified"}
[90mstdout[2m | apps/validator-daemon/src/canary/__tests__/mesh-byzantine.test.ts[2m > [22m[2mREQ-RMS-017 — Byzantine under-server attributed to R via the SHIPPED canary pipeline[2m > [22m[2mR (overclaim->under-serve) is slashed pinned to its miner_id; honest R2 is never slashed
[22m[39m{"timestamp":"2026-06-22T06:17:49.868Z","level":"INFO","source":"frontend","module":"webrtc/sframe-transform","message":"encrypted frame","context":{"kid":9,"ctr":0,"byteLength":62,"codecOffset":10}}

[90mstdout[2m | apps/validator-daemon/src/canary/__tests__/mesh-byzantine.test.ts[2m > [22m[2mREQ-RMS-017 — Byzantine under-server attributed to R via the SHIPPED canary pipeline[2m > [22m[2mR (overclaim->under-serve) is slashed pinned to its miner_id; honest R2 is never slashed
[22m[39m{"timestamp":"2026-06-22T06:17:49.868Z","level":"INFO","source":"frontend","module":"webrtc/sframe-transform","message":"encrypted frame","context":{"kid":9,"ctr":1,"byteLength":62,"codecOffset":10}}

[90mstdout[2m | apps/validator-daemon/src/canary/__tests__/mesh-byzantine.test.ts[2m > [22m[2mREQ-RMS-017 — Byzantine under-server attributed to R via the SHIPPED canary pipeline[2m > [22m[2mR (overclaim->under-serve) is slashed pinned to its miner_id; honest R2 is never slashed
[22m[39m{"timestamp":"2026-06-22T06:17:49.869Z","level":"INFO","source":"frontend","module":"webrtc/sframe-transform","message":"encrypted frame","context":{"kid":9,"ctr":2,"byteLength":62,"codecOffset":10}}

[90mstdout[2m | apps/validator-daemon/src/canary/__tests__/mesh-byzantine.test.ts[2m > [22m[2mREQ-RMS-017 — Byzantine under-server attributed to R via the SHIPPED canary pipeline[2m > [22m[2mR (overclaim->under-serve) is slashed pinned to its miner_id; honest R2 is never slashed
[22m[39m{"timestamp":"2026-06-22T06:17:49.869Z","level":"INFO","source":"frontend","module":"webrtc/sframe-transform","message":"encrypted frame","context":{"kid":9,"ctr":3,"byteLength":62,"codecOffset":10}}

[90mstdout[2m | apps/validator-daemon/src/canary/__tests__/mesh-byzantine.test.ts[2m > [22m[2mREQ-RMS-017 — Byzantine under-server attributed to R via the SHIPPED canary pipeline[2m > [22m[2mR (overclaim->under-serve) is slashed pinned to its miner_id; honest R2 is never slashed
[22m[39m{"timestamp":"2026-06-22T06:17:49.869Z","level":"INFO","source":"frontend","module":"webrtc/sframe-transform","message":"encrypted frame","context":{"kid":9,"ctr":4,"byteLength":62,"codecOffset":10}}

[90mstdout[2m | apps/validator-daemon/src/canary/__tests__/mesh-byzantine.test.ts[2m > [22m[2mREQ-RMS-017 — Byzantine under-server attributed to R via the SHIPPED canary pipeline[2m > [22m[2mR (overclaim->under-serve) is slashed pinned to its miner_id; honest R2 is never slashed
[22m[39m{"timestamp":"2026-06-22T06:17:49.870Z","level":"INFO","source":"frontend","module":"webrtc/sframe-transform","message":"encrypted frame","context":{"kid":9,"ctr":5,"byteLength":62,"codecOffset":10}}

[90mstdout[2m | apps/validator-daemon/src/canary/__tests__/mesh-byzantine.test.ts[2m > [22m[2mREQ-RMS-017 — Byzantine under-server attributed to R via the SHIPPED canary pipeline[2m > [22m[2mR (overclaim->under-serve) is slashed pinned to its miner_id; honest R2 is never slashed
[22m[39m{"timestamp":"2026-06-22T06:17:49.870Z","level":"INFO","source":"frontend","module":"webrtc/sframe-transform","message":"encrypted frame","context":{"kid":9,"ctr":6,"byteLength":62,"codecOffset":10}}

[90mstdout[2m | apps/validator-daemon/src/canary/__tests__/mesh-byzantine.test.ts[2m > [22m[2mREQ-RMS-017 — Byzantine under-server attributed to R via the SHIPPED canary pipeline[2m > [22m[2mR (overclaim->under-serve) is slashed pinned to its miner_id; honest R2 is never slashed
[22m[39m{"timestamp":"2026-06-22T06:17:49.871Z","level":"INFO","source":"frontend","module":"webrtc/sframe-transform","message":"encrypted frame","context":{"kid":9,"ctr":7,"byteLength":62,"codecOffset":10}}

{"level":30,"time":1782109069871,"pid":5904,"hostname":"Quang","name":"canary/verifier","canaryKid":9,"mediaPackets":8,"byteIdentical":8,"divergences":0,"msg":"canary forwarding verified"}
{"level":30,"time":1782109069871,"pid":5904,"hostname":"Quang","name":"canary/loss-classifier","relayMinerId":"relay-honest-R2","promoted":0,"absorbed":0,"tampers":0,"cumulativeCrossed":false,"msg":"canary divergences classified (drop gate / tamper p=1)"}
{"level":30,"time":1782109069871,"pid":5904,"hostname":"Quang","name":"canary/verify-loop","round":1,"relayMinerId":"relay-honest-R2","roomId":"mesh-room","perReceiver":2,"promoted":0,"absorbed":0,"stunLossBps":"0","msg":"canary verify round classified (hermetic half — synthetic capture, STUN read live)"}
[90mstdout[2m | apps/validator-daemon/src/canary/__tests__/mesh-byzantine.test.ts[2m > [22m[2mREQ-RMS-017 — Byzantine under-server attributed to R via the SHIPPED canary pipeline[2m > [22m[2mR (overclaim->under-serve) is slashed pinned to its miner_id; honest R2 is never slashed
[22m[39m{"timestamp":"2026-06-22T06:17:49.872Z","level":"INFO","source":"frontend","module":"webrtc/sframe-transform","message":"encrypted frame","context":{"kid":9,"ctr":0,"byteLength":62,"codecOffset":10}}

[90mstdout[2m | apps/validator-daemon/src/canary/__tests__/mesh-byzantine.test.ts[2m > [22m[2mREQ-RMS-017 — Byzantine under-server attributed to R via the SHIPPED canary pipeline[2m > [22m[2mR (overclaim->under-serve) is slashed pinned to its miner_id; honest R2 is never slashed
[22m[39m{"timestamp":"2026-06-22T06:17:49.872Z","level":"INFO","source":"frontend","module":"webrtc/sframe-transform","message":"encrypted frame","context":{"kid":9,"ctr":1,"byteLength":62,"codecOffset":10}}

[90mstdout[2m | apps/validator-daemon/src/canary/__tests__/mesh-byzantine.test.ts[2m > [22m[2mREQ-RMS-017 — Byzantine under-server attributed to R via the SHIPPED canary pipeline[2m > [22m[2mR (overclaim->under-serve) is slashed pinned to its miner_id; honest R2 is never slashed
[22m[39m{"timestamp":"2026-06-22T06:17:49.874Z","level":"INFO","source":"frontend","module":"webrtc/sframe-transform","message":"encrypted frame","context":{"kid":9,"ctr":2,"byteLength":62,"codecOffset":10}}

[90mstdout[2m | apps/validator-daemon/src/canary/__tests__/mesh-byzantine.test.ts[2m > [22m[2mREQ-RMS-017 — Byzantine under-server attributed to R via the SHIPPED canary pipeline[2m > [22m[2mR (overclaim->under-serve) is slashed pinned to its miner_id; honest R2 is never slashed
[22m[39m{"timestamp":"2026-06-22T06:17:49.875Z","level":"INFO","source":"frontend","module":"webrtc/sframe-transform","message":"encrypted frame","context":{"kid":9,"ctr":3,"byteLength":62,"codecOffset":10}}

[90mstdout[2m | apps/validator-daemon/src/canary/__tests__/mesh-byzantine.test.ts[2m > [22m[2mREQ-RMS-017 — Byzantine under-server attributed to R via the SHIPPED canary pipeline[2m > [22m[2mR (overclaim->under-serve) is slashed pinned to its miner_id; honest R2 is never slashed
[22m[39m{"timestamp":"2026-06-22T06:17:49.875Z","level":"INFO","source":"frontend","module":"webrtc/sframe-transform","message":"encrypted frame","context":{"kid":9,"ctr":4,"byteLength":62,"codecOffset":10}}

[90mstdout[2m | apps/validator-daemon/src/canary/__tests__/mesh-byzantine.test.ts[2m > [22m[2mREQ-RMS-017 — Byzantine under-server attributed to R via the SHIPPED canary pipeline[2m > [22m[2mR (overclaim->under-serve) is slashed pinned to its miner_id; honest R2 is never slashed
[22m[39m{"timestamp":"2026-06-22T06:17:49.876Z","level":"INFO","source":"frontend","module":"webrtc/sframe-transform","message":"encrypted frame","context":{"kid":9,"ctr":6,"byteLength":62,"codecOffset":10}}

[90mstdout[2m | apps/validator-daemon/src/canary/__tests__/mesh-byzantine.test.ts[2m > [22m[2mREQ-RMS-017 — Byzantine under-server attributed to R via the SHIPPED canary pipeline[2m > [22m[2mR (overclaim->under-serve) is slashed pinned to its miner_id; honest R2 is never slashed
[22m[39m{"timestamp":"2026-06-22T06:17:49.876Z","level":"INFO","source":"frontend","module":"webrtc/sframe-transform","message":"encrypted frame","context":{"kid":9,"ctr":7,"byteLength":62,"codecOffset":10}}

[90mstdout[2m | apps/validator-daemon/src/canary/__tests__/mesh-byzantine.test.ts[2m > [22m[2mREQ-RMS-017 — Byzantine under-server attributed to R via the SHIPPED canary pipeline[2m > [22m[2mR (overclaim->under-serve) is slashed pinned to its miner_id; honest R2 is never slashed
[22m[39m{"timestamp":"2026-06-22T06:17:49.877Z","level":"INFO","source":"frontend","module":"webrtc/sframe-transform","message":"encrypted frame","context":{"kid":9,"ctr":0,"byteLength":62,"codecOffset":10}}

[90mstdout[2m | apps/validator-daemon/src/canary/__tests__/mesh-byzantine.test.ts[2m > [22m[2mREQ-RMS-017 — Byzantine under-server attributed to R via the SHIPPED canary pipeline[2m > [22m[2mR (overclaim->under-serve) is slashed pinned to its miner_id; honest R2 is never slashed
[22m[39m{"timestamp":"2026-06-22T06:17:49.877Z","level":"INFO","source":"frontend","module":"webrtc/sframe-transform","message":"encrypted frame","context":{"kid":9,"ctr":1,"byteLength":62,"codecOffset":10}}

[90mstdout[2m | apps/validator-daemon/src/canary/__tests__/mesh-byzantine.test.ts[2m > [22m[2mREQ-RMS-017 — Byzantine under-server attributed to R via the SHIPPED canary pipeline[2m > [22m[2mR (overclaim->under-serve) is slashed pinned to its miner_id; honest R2 is never slashed
[22m[39m{"timestamp":"2026-06-22T06:17:49.878Z","level":"INFO","source":"frontend","module":"webrtc/sframe-transform","message":"encrypted frame","context":{"kid":9,"ctr":2,"byteLength":62,"codecOffset":10}}

[90mstdout[2m | apps/validator-daemon/src/canary/__tests__/mesh-byzantine.test.ts[2m > [22m[2mREQ-RMS-017 — Byzantine under-server attributed to R via the SHIPPED canary pipeline[2m > [22m[2mR (overclaim->under-serve) is slashed pinned to its miner_id; honest R2 is never slashed
[22m[39m{"timestamp":"2026-06-22T06:17:49.878Z","level":"INFO","source":"frontend","module":"webrtc/sframe-transform","message":"encrypted frame","context":{"kid":9,"ctr":3,"byteLength":62,"codecOffset":10}}

[90mstdout[2m | apps/validator-daemon/src/canary/__tests__/mesh-byzantine.test.ts[2m > [22m[2mREQ-RMS-017 — Byzantine under-server attributed to R via the SHIPPED canary pipeline[2m > [22m[2mR (overclaim->under-serve) is slashed pinned to its miner_id; honest R2 is never slashed
[22m[39m{"timestamp":"2026-06-22T06:17:49.879Z","level":"INFO","source":"frontend","module":"webrtc/sframe-transform","message":"encrypted frame","context":{"kid":9,"ctr":4,"byteLength":62,"codecOffset":10}}

[90mstdout[2m | apps/validator-daemon/src/canary/__tests__/mesh-byzantine.test.ts[2m > [22m[2mREQ-RMS-017 — Byzantine under-server attributed to R via the SHIPPED canary pipeline[2m > [22m[2mR (overclaim->under-serve) is slashed pinned to its miner_id; honest R2 is never slashed
[22m[39m{"timestamp":"2026-06-22T06:17:49.879Z","level":"INFO","source":"frontend","module":"webrtc/sframe-transform","message":"encrypted frame","context":{"kid":9,"ctr":5,"byteLength":62,"codecOffset":10}}

[90mstdout[2m | apps/validator-daemon/src/canary/__tests__/mesh-byzantine.test.ts[2m > [22m[2mREQ-RMS-017 — Byzantine under-server attributed to R via the SHIPPED canary pipeline[2m > [22m[2mR (overclaim->under-serve) is slashed pinned to its miner_id; honest R2 is never slashed
[22m[39m{"timestamp":"2026-06-22T06:17:49.879Z","level":"INFO","source":"frontend","module":"webrtc/sframe-transform","message":"encrypted frame","context":{"kid":9,"ctr":6,"byteLength":62,"codecOffset":10}}

[90mstdout[2m | apps/validator-daemon/src/canary/__tests__/mesh-byzantine.test.ts[2m > [22m[2mREQ-RMS-017 — Byzantine under-server attributed to R via the SHIPPED canary pipeline[2m > [22m[2mR (overclaim->under-serve) is slashed pinned to its miner_id; honest R2 is never slashed
[22m[39m{"timestamp":"2026-06-22T06:17:49.880Z","level":"INFO","source":"frontend","module":"webrtc/sframe-transform","message":"encrypted frame","context":{"kid":9,"ctr":7,"byteLength":62,"codecOffset":10}}

{"level":30,"time":1782109069880,"pid":5904,"hostname":"Quang","name":"canary/verifier","canaryKid":9,"mediaPackets":7,"byteIdentical":7,"divergences":1,"msg":"canary forwarding verified"}
[90mstdout[2m | apps/validator-daemon/src/canary/__tests__/mesh-byzantine.test.ts[2m > [22m[2mREQ-RMS-017 — Byzantine under-server attributed to R via the SHIPPED canary pipeline[2m > [22m[2mR (overclaim->under-serve) is slashed pinned to its miner_id; honest R2 is never slashed
[22m[39m{"timestamp":"2026-06-22T06:17:49.880Z","level":"INFO","source":"frontend","module":"webrtc/sframe-transform","message":"encrypted frame","context":{"kid":9,"ctr":0,"byteLength":62,"codecOffset":10}}

[90mstdout[2m | apps/validator-daemon/src/canary/__tests__/mesh-byzantine.test.ts[2m > [22m[2mREQ-RMS-017 — Byzantine under-server attributed to R via the SHIPPED canary pipeline[2m > [22m[2mR (overclaim->under-serve) is slashed pinned to its miner_id; honest R2 is never slashed
[22m[39m{"timestamp":"2026-06-22T06:17:49.881Z","level":"INFO","source":"frontend","module":"webrtc/sframe-transform","message":"encrypted frame","context":{"kid":9,"ctr":1,"byteLength":62,"codecOffset":10}}

[90mstdout[2m | apps/validator-daemon/src/canary/__tests__/mesh-byzantine.test.ts[2m > [22m[2mREQ-RMS-017 — Byzantine under-server attributed to R via the SHIPPED canary pipeline[2m > [22m[2mR (overclaim->under-serve) is slashed pinned to its miner_id; honest R2 is never slashed
[22m[39m{"timestamp":"2026-06-22T06:17:49.881Z","level":"INFO","source":"frontend","module":"webrtc/sframe-transform","message":"encrypted frame","context":{"kid":9,"ctr":2,"byteLength":62,"codecOffset":10}}

[90mstdout[2m | apps/validator-daemon/src/canary/__tests__/mesh-byzantine.test.ts[2m > [22m[2mREQ-RMS-017 — Byzantine under-server attributed to R via the SHIPPED canary pipeline[2m > [22m[2mR (overclaim->under-serve) is slashed pinned to its miner_id; honest R2 is never slashed
[22m[39m{"timestamp":"2026-06-22T06:17:49.881Z","level":"INFO","source":"frontend","module":"webrtc/sframe-transform","message":"encrypted frame","context":{"kid":9,"ctr":3,"byteLength":62,"codecOffset":10}}

[90mstdout[2m | apps/validator-daemon/src/canary/__tests__/mesh-byzantine.test.ts[2m > [22m[2mREQ-RMS-017 — Byzantine under-server attributed to R via the SHIPPED canary pipeline[2m > [22m[2mR (overclaim->under-serve) is slashed pinned to its miner_id; honest R2 is never slashed
[22m[39m{"timestamp":"2026-06-22T06:17:49.882Z","level":"INFO","source":"frontend","module":"webrtc/sframe-transform","message":"encrypted frame","context":{"kid":9,"ctr":4,"byteLength":62,"codecOffset":10}}

[90mstdout[2m | apps/validator-daemon/src/canary/__tests__/mesh-byzantine.test.ts[2m > [22m[2mREQ-RMS-017 — Byzantine under-server attributed to R via the SHIPPED canary pipeline[2m > [22m[2mR (overclaim->under-serve) is slashed pinned to its miner_id; honest R2 is never slashed
[22m[39m{"timestamp":"2026-06-22T06:17:49.882Z","level":"INFO","source":"frontend","module":"webrtc/sframe-transform","message":"encrypted frame","context":{"kid":9,"ctr":5,"byteLength":62,"codecOffset":10}}

[90mstdout[2m | apps/validator-daemon/src/canary/__tests__/mesh-byzantine.test.ts[2m > [22m[2mREQ-RMS-017 — Byzantine under-server attributed to R via the SHIPPED canary pipeline[2m > [22m[2mR (overclaim->under-serve) is slashed pinned to its miner_id; honest R2 is never slashed
[22m[39m{"timestamp":"2026-06-22T06:17:49.883Z","level":"INFO","source":"frontend","module":"webrtc/sframe-transform","message":"encrypted frame","context":{"kid":9,"ctr":6,"byteLength":62,"codecOffset":10}}

[90mstdout[2m | apps/validator-daemon/src/canary/__tests__/mesh-byzantine.test.ts[2m > [22m[2mREQ-RMS-017 — Byzantine under-server attributed to R via the SHIPPED canary pipeline[2m > [22m[2mR (overclaim->under-serve) is slashed pinned to its miner_id; honest R2 is never slashed
[22m[39m{"timestamp":"2026-06-22T06:17:49.883Z","level":"INFO","source":"frontend","module":"webrtc/sframe-transform","message":"encrypted frame","context":{"kid":9,"ctr":7,"byteLength":62,"codecOffset":10}}

{"level":30,"time":1782109069883,"pid":5904,"hostname":"Quang","name":"canary/verifier","canaryKid":9,"mediaPackets":7,"byteIdentical":7,"divergences":1,"msg":"canary forwarding verified"}
{"level":30,"time":1782109069884,"pid":5904,"hostname":"Quang","name":"canary/loss-classifier","relayMinerId":"relay-byzantine-R","promoted":0,"absorbed":1,"tampers":0,"cumulativeCrossed":false,"msg":"canary divergences classified (drop gate / tamper p=1)"}
{"level":30,"time":1782109069884,"pid":5904,"hostname":"Quang","name":"canary/verify-loop","round":2,"relayMinerId":"relay-byzantine-R","roomId":"mesh-room","perReceiver":2,"promoted":0,"absorbed":1,"stunLossBps":"0","msg":"canary verify round classified (hermetic half — synthetic capture, STUN read live)"}
[90mstdout[2m | apps/validator-daemon/src/canary/__tests__/mesh-byzantine.test.ts[2m > [22m[2mREQ-RMS-017 — Byzantine under-server attributed to R via the SHIPPED canary pipeline[2m > [22m[2mR (overclaim->under-serve) is slashed pinned to its miner_id; honest R2 is never slashed
[22m[39m{"timestamp":"2026-06-22T06:17:49.884Z","level":"INFO","source":"frontend","module":"webrtc/sframe-transform","message":"encrypted frame","context":{"kid":9,"ctr":0,"byteLength":62,"codecOffset":10}}

[90mstdout[2m | apps/validator-daemon/src/canary/__tests__/mesh-byzantine.test.ts[2m > [22m[2mREQ-RMS-017 — Byzantine under-server attributed to R via the SHIPPED canary pipeline[2m > [22m[2mR (overclaim->under-serve) is slashed pinned to its miner_id; honest R2 is never slashed
[22m[39m{"timestamp":"2026-06-22T06:17:49.884Z","level":"INFO","source":"frontend","module":"webrtc/sframe-transform","message":"encrypted frame","context":{"kid":9,"ctr":1,"byteLength":62,"codecOffset":10}}

[90mstdout[2m | apps/validator-daemon/src/canary/__tests__/mesh-byzantine.test.ts[2m > [22m[2mREQ-RMS-017 — Byzantine under-server attributed to R via the SHIPPED canary pipeline[2m > [22m[2mR (overclaim->under-serve) is slashed pinned to its miner_id; honest R2 is never slashed
[22m[39m{"timestamp":"2026-06-22T06:17:49.885Z","level":"INFO","source":"frontend","module":"webrtc/sframe-transform","message":"encrypted frame","context":{"kid":9,"ctr":2,"byteLength":62,"codecOffset":10}}

[90mstdout[2m | apps/validator-daemon/src/canary/__tests__/mesh-byzantine.test.ts[2m > [22m[2mREQ-RMS-017 — Byzantine under-server attributed to R via the SHIPPED canary pipeline[2m > [22m[2mR (overclaim->under-serve) is slashed pinned to its miner_id; honest R2 is never slashed
[22m[39m{"timestamp":"2026-06-22T06:17:49.885Z","level":"INFO","source":"frontend","module":"webrtc/sframe-transform","message":"encrypted frame","context":{"kid":9,"ctr":3,"byteLength":62,"codecOffset":10}}

[90mstdout[2m | apps/validator-daemon/src/canary/__tests__/mesh-byzantine.test.ts[2m > [22m[2mREQ-RMS-017 — Byzantine under-server attributed to R via the SHIPPED canary pipeline[2m > [22m[2mR (overclaim->under-serve) is slashed pinned to its miner_id; honest R2 is never slashed
[22m[39m{"timestamp":"2026-06-22T06:17:49.886Z","level":"INFO","source":"frontend","module":"webrtc/sframe-transform","message":"encrypted frame","context":{"kid":9,"ctr":4,"byteLength":62,"codecOffset":10}}

[90mstdout[2m | apps/validator-daemon/src/canary/__tests__/mesh-byzantine.test.ts[2m > [22m[2mREQ-RMS-017 — Byzantine under-server attributed to R via the SHIPPED canary pipeline[2m > [22m[2mR (overclaim->under-serve) is slashed pinned to its miner_id; honest R2 is never slashed
[22m[39m{"timestamp":"2026-06-22T06:17:49.886Z","level":"INFO","source":"frontend","module":"webrtc/sframe-transform","message":"encrypted frame","context":{"kid":9,"ctr":5,"byteLength":62,"codecOffset":10}}

[90mstdout[2m | apps/validator-daemon/src/canary/__tests__/mesh-byzantine.test.ts[2m > [22m[2mREQ-RMS-017 — Byzantine under-server attributed to R via the SHIPPED canary pipeline[2m > [22m[2mR (overclaim->under-serve) is slashed pinned to its miner_id; honest R2 is never slashed
[22m[39m{"timestamp":"2026-06-22T06:17:49.887Z","level":"INFO","source":"frontend","module":"webrtc/sframe-transform","message":"encrypted frame","context":{"kid":9,"ctr":6,"byteLength":62,"codecOffset":10}}

[90mstdout[2m | apps/validator-daemon/src/canary/__tests__/mesh-byzantine.test.ts[2m > [22m[2mREQ-RMS-017 — Byzantine under-server attributed to R via the SHIPPED canary pipeline[2m > [22m[2mR (overclaim->under-serve) is slashed pinned to its miner_id; honest R2 is never slashed
[22m[39m{"timestamp":"2026-06-22T06:17:49.887Z","level":"INFO","source":"frontend","module":"webrtc/sframe-transform","message":"encrypted frame","context":{"kid":9,"ctr":7,"byteLength":62,"codecOffset":10}}

[90mstdout[2m | apps/validator-daemon/src/canary/__tests__/mesh-byzantine.test.ts[2m > [22m[2mREQ-RMS-017 — Byzantine under-server attributed to R via the SHIPPED canary pipeline[2m > [22m[2mR (overclaim->under-serve) is slashed pinned to its miner_id; honest R2 is never slashed
[22m[39m{"timestamp":"2026-06-22T06:17:49.888Z","level":"INFO","source":"frontend","module":"webrtc/sframe-transform","message":"encrypted frame","context":{"kid":9,"ctr":0,"byteLength":62,"codecOffset":10}}

[90mstdout[2m | apps/validator-daemon/src/canary/__tests__/mesh-byzantine.test.ts[2m > [22m[2mREQ-RMS-017 — Byzantine under-server attributed to R via the SHIPPED canary pipeline[2m > [22m[2mR (overclaim->under-serve) is slashed pinned to its miner_id; honest R2 is never slashed
[22m[39m{"timestamp":"2026-06-22T06:17:49.888Z","level":"INFO","source":"frontend","module":"webrtc/sframe-transform","message":"encrypted frame","context":{"kid":9,"ctr":1,"byteLength":62,"codecOffset":10}}

[90mstdout[2m | apps/validator-daemon/src/canary/__tests__/mesh-byzantine.test.ts[2m > [22m[2mREQ-RMS-017 — Byzantine under-server attributed to R via the SHIPPED canary pipeline[2m > [22m[2mR (overclaim->under-serve) is slashed pinned to its miner_id; honest R2 is never slashed
[22m[39m{"timestamp":"2026-06-22T06:17:49.889Z","level":"INFO","source":"frontend","module":"webrtc/sframe-transform","message":"encrypted frame","context":{"kid":9,"ctr":2,"byteLength":62,"codecOffset":10}}

[90mstdout[2m | apps/validator-daemon/src/canary/__tests__/mesh-byzantine.test.ts[2m > [22m[2mREQ-RMS-017 — Byzantine under-server attributed to R via the SHIPPED canary pipeline[2m > [22m[2mR (overclaim->under-serve) is slashed pinned to its miner_id; honest R2 is never slashed
[22m[39m{"timestamp":"2026-06-22T06:17:49.889Z","level":"INFO","source":"frontend","module":"webrtc/sframe-transform","message":"encrypted frame","context":{"kid":9,"ctr":3,"byteLength":62,"codecOffset":10}}

[90mstdout[2m | apps/validator-daemon/src/canary/__tests__/mesh-byzantine.test.ts[2m > [22m[2mREQ-RMS-017 — Byzantine under-server attributed to R via the SHIPPED canary pipeline[2m > [22m[2mR (overclaim->under-serve) is slashed pinned to its miner_id; honest R2 is never slashed
[22m[39m{"timestamp":"2026-06-22T06:17:49.890Z","level":"INFO","source":"frontend","module":"webrtc/sframe-transform","message":"encrypted frame","context":{"kid":9,"ctr":4,"byteLength":62,"codecOffset":10}}

[90mstdout[2m | apps/validator-daemon/src/canary/__tests__/mesh-byzantine.test.ts[2m > [22m[2mREQ-RMS-017 — Byzantine under-server attributed to R via the SHIPPED canary pipeline[2m > [22m[2mR (overclaim->under-serve) is slashed pinned to its miner_id; honest R2 is never slashed
[22m[39m{"timestamp":"2026-06-22T06:17:49.890Z","level":"INFO","source":"frontend","module":"webrtc/sframe-transform","message":"encrypted frame","context":{"kid":9,"ctr":5,"byteLength":62,"codecOffset":10}}

[90mstdout[2m | apps/validator-daemon/src/canary/__tests__/mesh-byzantine.test.ts[2m > [22m[2mREQ-RMS-017 — Byzantine under-server attributed to R via the SHIPPED canary pipeline[2m > [22m[2mR (overclaim->under-serve) is slashed pinned to its miner_id; honest R2 is never slashed
[22m[39m{"timestamp":"2026-06-22T06:17:49.890Z","level":"INFO","source":"frontend","module":"webrtc/sframe-transform","message":"encrypted frame","context":{"kid":9,"ctr":6,"byteLength":62,"codecOffset":10}}

[90mstdout[2m | apps/validator-daemon/src/canary/__tests__/mesh-byzantine.test.ts[2m > [22m[2mREQ-RMS-017 — Byzantine under-server attributed to R via the SHIPPED canary pipeline[2m > [22m[2mR (overclaim->under-serve) is slashed pinned to its miner_id; honest R2 is never slashed
[22m[39m{"timestamp":"2026-06-22T06:17:49.891Z","level":"INFO","source":"frontend","module":"webrtc/sframe-transform","message":"encrypted frame","context":{"kid":9,"ctr":7,"byteLength":62,"codecOffset":10}}

{"level":30,"time":1782109069891,"pid":5904,"hostname":"Quang","name":"canary/verifier","canaryKid":9,"mediaPackets":8,"byteIdentical":8,"divergences":0,"msg":"canary forwarding verified"}
[90mstdout[2m | apps/validator-daemon/src/canary/__tests__/mesh-byzantine.test.ts[2m > [22m[2mREQ-RMS-017 — Byzantine under-server attributed to R via the SHIPPED canary pipeline[2m > [22m[2mR (overclaim->under-serve) is slashed pinned to its miner_id; honest R2 is never slashed
[22m[39m{"timestamp":"2026-06-22T06:17:49.891Z","level":"INFO","source":"frontend","module":"webrtc/sframe-transform","message":"encrypted frame","context":{"kid":9,"ctr":0,"byteLength":62,"codecOffset":10}}

[90mstdout[2m | apps/validator-daemon/src/canary/__tests__/mesh-byzantine.test.ts[2m > [22m[2mREQ-RMS-017 — Byzantine under-server attributed to R via the SHIPPED canary pipeline[2m > [22m[2mR (overclaim->under-serve) is slashed pinned to its miner_id; honest R2 is never slashed
[22m[39m{"timestamp":"2026-06-22T06:17:49.892Z","level":"INFO","source":"frontend","module":"webrtc/sframe-transform","message":"encrypted frame","context":{"kid":9,"ctr":1,"byteLength":62,"codecOffset":10}}

[90mstdout[2m | apps/validator-daemon/src/canary/__tests__/mesh-byzantine.test.ts[2m > [22m[2mREQ-RMS-017 — Byzantine under-server attributed to R via the SHIPPED canary pipeline[2m > [22m[2mR (overclaim->under-serve) is slashed pinned to its miner_id; honest R2 is never slashed
[22m[39m{"timestamp":"2026-06-22T06:17:49.892Z","level":"INFO","source":"frontend","module":"webrtc/sframe-transform","message":"encrypted frame","context":{"kid":9,"ctr":2,"byteLength":62,"codecOffset":10}}

[90mstdout[2m | apps/validator-daemon/src/canary/__tests__/mesh-byzantine.test.ts[2m > [22m[2mREQ-RMS-017 — Byzantine under-server attributed to R via the SHIPPED canary pipeline[2m > [22m[2mR (overclaim->under-serve) is slashed pinned to its miner_id; honest R2 is never slashed
[22m[39m{"timestamp":"2026-06-22T06:17:49.892Z","level":"INFO","source":"frontend","module":"webrtc/sframe-transform","message":"encrypted frame","context":{"kid":9,"ctr":3,"byteLength":62,"codecOffset":10}}

[90mstdout[2m | apps/validator-daemon/src/canary/__tests__/mesh-byzantine.test.ts[2m > [22m[2mREQ-RMS-017 — Byzantine under-server attributed to R via the SHIPPED canary pipeline[2m > [22m[2mR (overclaim->under-serve) is slashed pinned to its miner_id; honest R2 is never slashed
[22m[39m{"timestamp":"2026-06-22T06:17:49.893Z","level":"INFO","source":"frontend","module":"webrtc/sframe-transform","message":"encrypted frame","context":{"kid":9,"ctr":4,"byteLength":62,"codecOffset":10}}

[90mstdout[2m | apps/validator-daemon/src/canary/__tests__/mesh-byzantine.test.ts[2m > [22m[2mREQ-RMS-017 — Byzantine under-server attributed to R via the SHIPPED canary pipeline[2m > [22m[2mR (overclaim->under-serve) is slashed pinned to its miner_id; honest R2 is never slashed
[22m[39m{"timestamp":"2026-06-22T06:17:49.893Z","level":"INFO","source":"frontend","module":"webrtc/sframe-transform","message":"encrypted frame","context":{"kid":9,"ctr":5,"byteLength":62,"codecOffset":10}}

[90mstdout[2m | apps/validator-daemon/src/canary/__tests__/mesh-byzantine.test.ts[2m > [22m[2mREQ-RMS-017 — Byzantine under-server attributed to R via the SHIPPED canary pipeline[2m > [22m[2mR (overclaim->under-serve) is slashed pinned to its miner_id; honest R2 is never slashed
[22m[39m{"timestamp":"2026-06-22T06:17:49.894Z","level":"INFO","source":"frontend","module":"webrtc/sframe-transform","message":"encrypted frame","context":{"kid":9,"ctr":6,"byteLength":62,"codecOffset":10}}

[90mstdout[2m | apps/validator-daemon/src/canary/__tests__/mesh-byzantine.test.ts[2m > [22m[2mREQ-RMS-017 — Byzantine under-server attributed to R via the SHIPPED canary pipeline[2m > [22m[2mR (overclaim->under-serve) is slashed pinned to its miner_id; honest R2 is never slashed
[22m[39m{"timestamp":"2026-06-22T06:17:49.894Z","level":"INFO","source":"frontend","module":"webrtc/sframe-transform","message":"encrypted frame","context":{"kid":9,"ctr":7,"byteLength":62,"codecOffset":10}}

{"level":30,"time":1782109069894,"pid":5904,"hostname":"Quang","name":"canary/verifier","canaryKid":9,"mediaPackets":8,"byteIdentical":8,"divergences":0,"msg":"canary forwarding verified"}
{"level":30,"time":1782109069894,"pid":5904,"hostname":"Quang","name":"canary/loss-classifier","relayMinerId":"relay-honest-R2","promoted":0,"absorbed":0,"tampers":0,"cumulativeCrossed":false,"msg":"canary divergences classified (drop gate / tamper p=1)"}
{"level":30,"time":1782109069894,"pid":5904,"hostname":"Quang","name":"canary/verify-loop","round":2,"relayMinerId":"relay-honest-R2","roomId":"mesh-room","perReceiver":2,"promoted":0,"absorbed":0,"stunLossBps":"0","msg":"canary verify round classified (hermetic half — synthetic capture, STUN read live)"}
[90mstdout[2m | apps/validator-daemon/src/canary/__tests__/mesh-byzantine.test.ts[2m > [22m[2mREQ-RMS-017 — Byzantine under-server attributed to R via the SHIPPED canary pipeline[2m > [22m[2mR (overclaim->under-serve) is slashed pinned to its miner_id; honest R2 is never slashed
[22m[39m{"timestamp":"2026-06-22T06:17:49.895Z","level":"INFO","source":"frontend","module":"webrtc/sframe-transform","message":"encrypted frame","context":{"kid":9,"ctr":0,"byteLength":62,"codecOffset":10}}

[90mstdout[2m | apps/validator-daemon/src/canary/__tests__/mesh-byzantine.test.ts[2m > [22m[2mREQ-RMS-017 — Byzantine under-server attributed to R via the SHIPPED canary pipeline[2m > [22m[2mR (overclaim->under-serve) is slashed pinned to its miner_id; honest R2 is never slashed
[22m[39m{"timestamp":"2026-06-22T06:17:49.895Z","level":"INFO","source":"frontend","module":"webrtc/sframe-transform","message":"encrypted frame","context":{"kid":9,"ctr":1,"byteLength":62,"codecOffset":10}}

[90mstdout[2m | apps/validator-daemon/src/canary/__tests__/mesh-byzantine.test.ts[2m > [22m[2mREQ-RMS-017 — Byzantine under-server attributed to R via the SHIPPED canary pipeline[2m > [22m[2mR (overclaim->under-serve) is slashed pinned to its miner_id; honest R2 is never slashed
[22m[39m{"timestamp":"2026-06-22T06:17:49.896Z","level":"INFO","source":"frontend","module":"webrtc/sframe-transform","message":"encrypted frame","context":{"kid":9,"ctr":2,"byteLength":62,"codecOffset":10}}

[90mstdout[2m | apps/validator-daemon/src/canary/__tests__/mesh-byzantine.test.ts[2m > [22m[2mREQ-RMS-017 — Byzantine under-server attributed to R via the SHIPPED canary pipeline[2m > [22m[2mR (overclaim->under-serve) is slashed pinned to its miner_id; honest R2 is never slashed
[22m[39m{"timestamp":"2026-06-22T06:17:49.896Z","level":"INFO","source":"frontend","module":"webrtc/sframe-transform","message":"encrypted frame","context":{"kid":9,"ctr":3,"byteLength":62,"codecOffset":10}}

[90mstdout[2m | apps/validator-daemon/src/canary/__tests__/mesh-byzantine.test.ts[2m > [22m[2mREQ-RMS-017 — Byzantine under-server attributed to R via the SHIPPED canary pipeline[2m > [22m[2mR (overclaim->under-serve) is slashed pinned to its miner_id; honest R2 is never slashed
[22m[39m{"timestamp":"2026-06-22T06:17:49.897Z","level":"INFO","source":"frontend","module":"webrtc/sframe-transform","message":"encrypted frame","context":{"kid":9,"ctr":4,"byteLength":62,"codecOffset":10}}

[90mstdout[2m | apps/validator-daemon/src/canary/__tests__/mesh-byzantine.test.ts[2m > [22m[2mREQ-RMS-017 — Byzantine under-server attributed to R via the SHIPPED canary pipeline[2m > [22m[2mR (overclaim->under-serve) is slashed pinned to its miner_id; honest R2 is never slashed
[22m[39m{"timestamp":"2026-06-22T06:17:49.897Z","level":"INFO","source":"frontend","module":"webrtc/sframe-transform","message":"encrypted frame","context":{"kid":9,"ctr":6,"byteLength":62,"codecOffset":10}}

[90mstdout[2m | apps/validator-daemon/src/canary/__tests__/mesh-byzantine.test.ts[2m > [22m[2mREQ-RMS-017 — Byzantine under-server attributed to R via the SHIPPED canary pipeline[2m > [22m[2mR (overclaim->under-serve) is slashed pinned to its miner_id; honest R2 is never slashed
[22m[39m{"timestamp":"2026-06-22T06:17:49.897Z","level":"INFO","source":"frontend","module":"webrtc/sframe-transform","message":"encrypted frame","context":{"kid":9,"ctr":7,"byteLength":62,"codecOffset":10}}

[90mstdout[2m | apps/validator-daemon/src/canary/__tests__/mesh-byzantine.test.ts[2m > [22m[2mREQ-RMS-017 — Byzantine under-server attributed to R via the SHIPPED canary pipeline[2m > [22m[2mR (overclaim->under-serve) is slashed pinned to its miner_id; honest R2 is never slashed
[22m[39m{"timestamp":"2026-06-22T06:17:49.898Z","level":"INFO","source":"frontend","module":"webrtc/sframe-transform","message":"encrypted frame","context":{"kid":9,"ctr":0,"byteLength":62,"codecOffset":10}}

[90mstdout[2m | apps/validator-daemon/src/canary/__tests__/mesh-byzantine.test.ts[2m > [22m[2mREQ-RMS-017 — Byzantine under-server attributed to R via the SHIPPED canary pipeline[2m > [22m[2mR (overclaim->under-serve) is slashed pinned to its miner_id; honest R2 is never slashed
[22m[39m{"timestamp":"2026-06-22T06:17:49.898Z","level":"INFO","source":"frontend","module":"webrtc/sframe-transform","message":"encrypted frame","context":{"kid":9,"ctr":1,"byteLength":62,"codecOffset":10}}

[90mstdout[2m | apps/validator-daemon/src/canary/__tests__/mesh-byzantine.test.ts[2m > [22m[2mREQ-RMS-017 — Byzantine under-server attributed to R via the SHIPPED canary pipeline[2m > [22m[2mR (overclaim->under-serve) is slashed pinned to its miner_id; honest R2 is never slashed
[22m[39m{"timestamp":"2026-06-22T06:17:49.899Z","level":"INFO","source":"frontend","module":"webrtc/sframe-transform","message":"encrypted frame","context":{"kid":9,"ctr":2,"byteLength":62,"codecOffset":10}}

[90mstdout[2m | apps/validator-daemon/src/canary/__tests__/mesh-byzantine.test.ts[2m > [22m[2mREQ-RMS-017 — Byzantine under-server attributed to R via the SHIPPED canary pipeline[2m > [22m[2mR (overclaim->under-serve) is slashed pinned to its miner_id; honest R2 is never slashed
[22m[39m{"timestamp":"2026-06-22T06:17:49.899Z","level":"INFO","source":"frontend","module":"webrtc/sframe-transform","message":"encrypted frame","context":{"kid":9,"ctr":3,"byteLength":62,"codecOffset":10}}

[90mstdout[2m | apps/validator-daemon/src/canary/__tests__/mesh-byzantine.test.ts[2m > [22m[2mREQ-RMS-017 — Byzantine under-server attributed to R via the SHIPPED canary pipeline[2m > [22m[2mR (overclaim->under-serve) is slashed pinned to its miner_id; honest R2 is never slashed
[22m[39m{"timestamp":"2026-06-22T06:17:49.900Z","level":"INFO","source":"frontend","module":"webrtc/sframe-transform","message":"encrypted frame","context":{"kid":9,"ctr":4,"byteLength":62,"codecOffset":10}}

[90mstdout[2m | apps/validator-daemon/src/canary/__tests__/mesh-byzantine.test.ts[2m > [22m[2mREQ-RMS-017 — Byzantine under-server attributed to R via the SHIPPED canary pipeline[2m > [22m[2mR (overclaim->under-serve) is slashed pinned to its miner_id; honest R2 is never slashed
[22m[39m{"timestamp":"2026-06-22T06:17:49.900Z","level":"INFO","source":"frontend","module":"webrtc/sframe-transform","message":"encrypted frame","context":{"kid":9,"ctr":5,"byteLength":62,"codecOffset":10}}

[90mstdout[2m | apps/validator-daemon/src/canary/__tests__/mesh-byzantine.test.ts[2m > [22m[2mREQ-RMS-017 — Byzantine under-server attributed to R via the SHIPPED canary pipeline[2m > [22m[2mR (overclaim->under-serve) is slashed pinned to its miner_id; honest R2 is never slashed
[22m[39m{"timestamp":"2026-06-22T06:17:49.901Z","level":"INFO","source":"frontend","module":"webrtc/sframe-transform","message":"encrypted frame","context":{"kid":9,"ctr":6,"byteLength":62,"codecOffset":10}}

[90mstdout[2m | apps/validator-daemon/src/canary/__tests__/mesh-byzantine.test.ts[2m > [22m[2mREQ-RMS-017 — Byzantine under-server attributed to R via the SHIPPED canary pipeline[2m > [22m[2mR (overclaim->under-serve) is slashed pinned to its miner_id; honest R2 is never slashed
[22m[39m{"timestamp":"2026-06-22T06:17:49.901Z","level":"INFO","source":"frontend","module":"webrtc/sframe-transform","message":"encrypted frame","context":{"kid":9,"ctr":7,"byteLength":62,"codecOffset":10}}

{"level":30,"time":1782109069902,"pid":5904,"hostname":"Quang","name":"canary/verifier","canaryKid":9,"mediaPackets":7,"byteIdentical":7,"divergences":1,"msg":"canary forwarding verified"}
[90mstdout[2m | apps/validator-daemon/src/canary/__tests__/mesh-byzantine.test.ts[2m > [22m[2mREQ-RMS-017 — Byzantine under-server attributed to R via the SHIPPED canary pipeline[2m > [22m[2mR (overclaim->under-serve) is slashed pinned to its miner_id; honest R2 is never slashed
[22m[39m{"timestamp":"2026-06-22T06:17:49.902Z","level":"INFO","source":"frontend","module":"webrtc/sframe-transform","message":"encrypted frame","context":{"kid":9,"ctr":0,"byteLength":62,"codecOffset":10}}

[90mstdout[2m | apps/validator-daemon/src/canary/__tests__/mesh-byzantine.test.ts[2m > [22m[2mREQ-RMS-017 — Byzantine under-server attributed to R via the SHIPPED canary pipeline[2m > [22m[2mR (overclaim->under-serve) is slashed pinned to its miner_id; honest R2 is never slashed
[22m[39m{"timestamp":"2026-06-22T06:17:49.903Z","level":"INFO","source":"frontend","module":"webrtc/sframe-transform","message":"encrypted frame","context":{"kid":9,"ctr":1,"byteLength":62,"codecOffset":10}}

[90mstdout[2m | apps/validator-daemon/src/canary/__tests__/mesh-byzantine.test.ts[2m > [22m[2mREQ-RMS-017 — Byzantine under-server attributed to R via the SHIPPED canary pipeline[2m > [22m[2mR (overclaim->under-serve) is slashed pinned to its miner_id; honest R2 is never slashed
[22m[39m{"timestamp":"2026-06-22T06:17:49.903Z","level":"INFO","source":"frontend","module":"webrtc/sframe-transform","message":"encrypted frame","context":{"kid":9,"ctr":2,"byteLength":62,"codecOffset":10}}

[90mstdout[2m | apps/validator-daemon/src/canary/__tests__/mesh-byzantine.test.ts[2m > [22m[2mREQ-RMS-017 — Byzantine under-server attributed to R via the SHIPPED canary pipeline[2m > [22m[2mR (overclaim->under-serve) is slashed pinned to its miner_id; honest R2 is never slashed
[22m[39m{"timestamp":"2026-06-22T06:17:49.904Z","level":"INFO","source":"frontend","module":"webrtc/sframe-transform","message":"encrypted frame","context":{"kid":9,"ctr":3,"byteLength":62,"codecOffset":10}}

[90mstdout[2m | apps/validator-daemon/src/canary/__tests__/mesh-byzantine.test.ts[2m > [22m[2mREQ-RMS-017 — Byzantine under-server attributed to R via the SHIPPED canary pipeline[2m > [22m[2mR (overclaim->under-serve) is slashed pinned to its miner_id; honest R2 is never slashed
[22m[39m{"timestamp":"2026-06-22T06:17:49.905Z","level":"INFO","source":"frontend","module":"webrtc/sframe-transform","message":"encrypted frame","context":{"kid":9,"ctr":4,"byteLength":62,"codecOffset":10}}

[90mstdout[2m | apps/validator-daemon/src/canary/__tests__/mesh-byzantine.test.ts[2m > [22m[2mREQ-RMS-017 — Byzantine under-server attributed to R via the SHIPPED canary pipeline[2m > [22m[2mR (overclaim->under-serve) is slashed pinned to its miner_id; honest R2 is never slashed
[22m[39m{"timestamp":"2026-06-22T06:17:49.906Z","level":"INFO","source":"frontend","module":"webrtc/sframe-transform","message":"encrypted frame","context":{"kid":9,"ctr":5,"byteLength":62,"codecOffset":10}}

[90mstdout[2m | apps/validator-daemon/src/canary/__tests__/mesh-byzantine.test.ts[2m > [22m[2mREQ-RMS-017 — Byzantine under-server attributed to R via the SHIPPED canary pipeline[2m > [22m[2mR (overclaim->under-serve) is slashed pinned to its miner_id; honest R2 is never slashed
[22m[39m{"timestamp":"2026-06-22T06:17:49.906Z","level":"INFO","source":"frontend","module":"webrtc/sframe-transform","message":"encrypted frame","context":{"kid":9,"ctr":6,"byteLength":62,"codecOffset":10}}

[90mstdout[2m | apps/validator-daemon/src/canary/__tests__/mesh-byzantine.test.ts[2m > [22m[2mREQ-RMS-017 — Byzantine under-server attributed to R via the SHIPPED canary pipeline[2m > [22m[2mR (overclaim->under-serve) is slashed pinned to its miner_id; honest R2 is never slashed
[22m[39m{"timestamp":"2026-06-22T06:17:49.907Z","level":"INFO","source":"frontend","module":"webrtc/sframe-transform","message":"encrypted frame","context":{"kid":9,"ctr":7,"byteLength":62,"codecOffset":10}}

{"level":30,"time":1782109069907,"pid":5904,"hostname":"Quang","name":"canary/verifier","canaryKid":9,"mediaPackets":7,"byteIdentical":7,"divergences":1,"msg":"canary forwarding verified"}
{"level":30,"time":1782109069907,"pid":5904,"hostname":"Quang","name":"canary/verify-loop","round":2,"relayMinerId":"relay-byzantine-R","roomId":"mesh-room","perReceiver":2,"promoted":0,"absorbed":1,"stunLossBps":"0","msg":"canary verify round classified (hermetic half — synthetic capture, STUN read live)"}
{"level":30,"time":1782109069907,"pid":5904,"hostname":"Quang","name":"canary/loss-classifier","relayMinerId":"relay-byzantine-R","promoted":0,"absorbed":1,"tampers":0,"cumulativeCrossed":false,"msg":"canary divergences classified (drop gate / tamper p=1)"}
[90mstdout[2m | apps/validator-daemon/src/canary/__tests__/mesh-byzantine.test.ts[2m > [22m[2mREQ-RMS-017 — Byzantine under-server attributed to R via the SHIPPED canary pipeline[2m > [22m[2mR (overclaim->under-serve) is slashed pinned to its miner_id; honest R2 is never slashed
[22m[39m{"timestamp":"2026-06-22T06:17:49.908Z","level":"INFO","source":"frontend","module":"webrtc/sframe-transform","message":"encrypted frame","context":{"kid":9,"ctr":0,"byteLength":62,"codecOffset":10}}

[90mstdout[2m | apps/validator-daemon/src/canary/__tests__/mesh-byzantine.test.ts[2m > [22m[2mREQ-RMS-017 — Byzantine under-server attributed to R via the SHIPPED canary pipeline[2m > [22m[2mR (overclaim->under-serve) is slashed pinned to its miner_id; honest R2 is never slashed
[22m[39m{"timestamp":"2026-06-22T06:17:49.908Z","level":"INFO","source":"frontend","module":"webrtc/sframe-transform","message":"encrypted frame","context":{"kid":9,"ctr":1,"byteLength":62,"codecOffset":10}}

[90mstdout[2m | apps/validator-daemon/src/canary/__tests__/mesh-byzantine.test.ts[2m > [22m[2mREQ-RMS-017 — Byzantine under-server attributed to R via the SHIPPED canary pipeline[2m > [22m[2mR (overclaim->under-serve) is slashed pinned to its miner_id; honest R2 is never slashed
[22m[39m{"timestamp":"2026-06-22T06:17:49.909Z","level":"INFO","source":"frontend","module":"webrtc/sframe-transform","message":"encrypted frame","context":{"kid":9,"ctr":2,"byteLength":62,"codecOffset":10}}

[90mstdout[2m | apps/validator-daemon/src/canary/__tests__/mesh-byzantine.test.ts[2m > [22m[2mREQ-RMS-017 — Byzantine under-server attributed to R via the SHIPPED canary pipeline[2m > [22m[2mR (overclaim->under-serve) is slashed pinned to its miner_id; honest R2 is never slashed
[22m[39m{"timestamp":"2026-06-22T06:17:49.910Z","level":"INFO","source":"frontend","module":"webrtc/sframe-transform","message":"encrypted frame","context":{"kid":9,"ctr":3,"byteLength":62,"codecOffset":10}}

[90mstdout[2m | apps/validator-daemon/src/canary/__tests__/mesh-byzantine.test.ts[2m > [22m[2mREQ-RMS-017 — Byzantine under-server attributed to R via the SHIPPED canary pipeline[2m > [22m[2mR (overclaim->under-serve) is slashed pinned to its miner_id; honest R2 is never slashed
[22m[39m{"timestamp":"2026-06-22T06:17:49.910Z","level":"INFO","source":"frontend","module":"webrtc/sframe-transform","message":"encrypted frame","context":{"kid":9,"ctr":4,"byteLength":62,"codecOffset":10}}

[90mstdout[2m | apps/validator-daemon/src/canary/__tests__/mesh-byzantine.test.ts[2m > [22m[2mREQ-RMS-017 — Byzantine under-server attributed to R via the SHIPPED canary pipeline[2m > [22m[2mR (overclaim->under-serve) is slashed pinned to its miner_id; honest R2 is never slashed
[22m[39m{"timestamp":"2026-06-22T06:17:49.911Z","level":"INFO","source":"frontend","module":"webrtc/sframe-transform","message":"encrypted frame","context":{"kid":9,"ctr":5,"byteLength":62,"codecOffset":10}}

[90mstdout[2m | apps/validator-daemon/src/canary/__tests__/mesh-byzantine.test.ts[2m > [22m[2mREQ-RMS-017 — Byzantine under-server attributed to R via the SHIPPED canary pipeline[2m > [22m[2mR (overclaim->under-serve) is slashed pinned to its miner_id; honest R2 is never slashed
[22m[39m{"timestamp":"2026-06-22T06:17:49.912Z","level":"INFO","source":"frontend","module":"webrtc/sframe-transform","message":"encrypted frame","context":{"kid":9,"ctr":6,"byteLength":62,"codecOffset":10}}

[90mstdout[2m | apps/validator-daemon/src/canary/__tests__/mesh-byzantine.test.ts[2m > [22m[2mREQ-RMS-017 — Byzantine under-server attributed to R via the SHIPPED canary pipeline[2m > [22m[2mR (overclaim->under-serve) is slashed pinned to its miner_id; honest R2 is never slashed
[22m[39m{"timestamp":"2026-06-22T06:17:49.912Z","level":"INFO","source":"frontend","module":"webrtc/sframe-transform","message":"encrypted frame","context":{"kid":9,"ctr":7,"byteLength":62,"codecOffset":10}}

[90mstdout[2m | apps/validator-daemon/src/canary/__tests__/mesh-byzantine.test.ts[2m > [22m[2mREQ-RMS-017 — Byzantine under-server attributed to R via the SHIPPED canary pipeline[2m > [22m[2mR (overclaim->under-serve) is slashed pinned to its miner_id; honest R2 is never slashed
[22m[39m{"timestamp":"2026-06-22T06:17:49.913Z","level":"INFO","source":"frontend","module":"webrtc/sframe-transform","message":"encrypted frame","context":{"kid":9,"ctr":0,"byteLength":62,"codecOffset":10}}

[90mstdout[2m | apps/validator-daemon/src/canary/__tests__/mesh-byzantine.test.ts[2m > [22m[2mREQ-RMS-017 — Byzantine under-server attributed to R via the SHIPPED canary pipeline[2m > [22m[2mR (overclaim->under-serve) is slashed pinned to its miner_id; honest R2 is never slashed
[22m[39m{"timestamp":"2026-06-22T06:17:49.913Z","level":"INFO","source":"frontend","module":"webrtc/sframe-transform","message":"encrypted frame","context":{"kid":9,"ctr":1,"byteLength":62,"codecOffset":10}}

[90mstdout[2m | apps/validator-daemon/src/canary/__tests__/mesh-byzantine.test.ts[2m > [22m[2mREQ-RMS-017 — Byzantine under-server attributed to R via the SHIPPED canary pipeline[2m > [22m[2mR (overclaim->under-serve) is slashed pinned to its miner_id; honest R2 is never slashed
[22m[39m{"timestamp":"2026-06-22T06:17:49.914Z","level":"INFO","source":"frontend","module":"webrtc/sframe-transform","message":"encrypted frame","context":{"kid":9,"ctr":2,"byteLength":62,"codecOffset":10}}

[90mstdout[2m | apps/validator-daemon/src/canary/__tests__/mesh-byzantine.test.ts[2m > [22m[2mREQ-RMS-017 — Byzantine under-server attributed to R via the SHIPPED canary pipeline[2m > [22m[2mR (overclaim->under-serve) is slashed pinned to its miner_id; honest R2 is never slashed
[22m[39m{"timestamp":"2026-06-22T06:17:49.914Z","level":"INFO","source":"frontend","module":"webrtc/sframe-transform","message":"encrypted frame","context":{"kid":9,"ctr":3,"byteLength":62,"codecOffset":10}}

[90mstdout[2m | apps/validator-daemon/src/canary/__tests__/mesh-byzantine.test.ts[2m > [22m[2mREQ-RMS-017 — Byzantine under-server attributed to R via the SHIPPED canary pipeline[2m > [22m[2mR (overclaim->under-serve) is slashed pinned to its miner_id; honest R2 is never slashed
[22m[39m{"timestamp":"2026-06-22T06:17:49.915Z","level":"INFO","source":"frontend","module":"webrtc/sframe-transform","message":"encrypted frame","context":{"kid":9,"ctr":4,"byteLength":62,"codecOffset":10}}

[90mstdout[2m | apps/validator-daemon/src/canary/__tests__/mesh-byzantine.test.ts[2m > [22m[2mREQ-RMS-017 — Byzantine under-server attributed to R via the SHIPPED canary pipeline[2m > [22m[2mR (overclaim->under-serve) is slashed pinned to its miner_id; honest R2 is never slashed
[22m[39m{"timestamp":"2026-06-22T06:17:49.915Z","level":"INFO","source":"frontend","module":"webrtc/sframe-transform","message":"encrypted frame","context":{"kid":9,"ctr":5,"byteLength":62,"codecOffset":10}}

[90mstdout[2m | apps/validator-daemon/src/canary/__tests__/mesh-byzantine.test.ts[2m > [22m[2mREQ-RMS-017 — Byzantine under-server attributed to R via the SHIPPED canary pipeline[2m > [22m[2mR (overclaim->under-serve) is slashed pinned to its miner_id; honest R2 is never slashed
[22m[39m{"timestamp":"2026-06-22T06:17:49.916Z","level":"INFO","source":"frontend","module":"webrtc/sframe-transform","message":"encrypted frame","context":{"kid":9,"ctr":6,"byteLength":62,"codecOffset":10}}

[90mstdout[2m | apps/validator-daemon/src/canary/__tests__/mesh-byzantine.test.ts[2m > [22m[2mREQ-RMS-017 — Byzantine under-server attributed to R via the SHIPPED canary pipeline[2m > [22m[2mR (overclaim->under-serve) is slashed pinned to its miner_id; honest R2 is never slashed
[22m[39m{"timestamp":"2026-06-22T06:17:49.916Z","level":"INFO","source":"frontend","module":"webrtc/sframe-transform","message":"encrypted frame","context":{"kid":9,"ctr":7,"byteLength":62,"codecOffset":10}}

{"level":30,"time":1782109069917,"pid":5904,"hostname":"Quang","name":"canary/verifier","canaryKid":9,"mediaPackets":8,"byteIdentical":8,"divergences":0,"msg":"canary forwarding verified"}
[90mstdout[2m | apps/validator-daemon/src/canary/__tests__/mesh-byzantine.test.ts[2m > [22m[2mREQ-RMS-017 — Byzantine under-server attributed to R via the SHIPPED canary pipeline[2m > [22m[2mR (overclaim->under-serve) is slashed pinned to its miner_id; honest R2 is never slashed
[22m[39m{"timestamp":"2026-06-22T06:17:49.917Z","level":"INFO","source":"frontend","module":"webrtc/sframe-transform","message":"encrypted frame","context":{"kid":9,"ctr":0,"byteLength":62,"codecOffset":10}}

[90mstdout[2m | apps/validator-daemon/src/canary/__tests__/mesh-byzantine.test.ts[2m > [22m[2mREQ-RMS-017 — Byzantine under-server attributed to R via the SHIPPED canary pipeline[2m > [22m[2mR (overclaim->under-serve) is slashed pinned to its miner_id; honest R2 is never slashed
[22m[39m{"timestamp":"2026-06-22T06:17:49.917Z","level":"INFO","source":"frontend","module":"webrtc/sframe-transform","message":"encrypted frame","context":{"kid":9,"ctr":1,"byteLength":62,"codecOffset":10}}

[90mstdout[2m | apps/validator-daemon/src/canary/__tests__/mesh-byzantine.test.ts[2m > [22m[2mREQ-RMS-017 — Byzantine under-server attributed to R via the SHIPPED canary pipeline[2m > [22m[2mR (overclaim->under-serve) is slashed pinned to its miner_id; honest R2 is never slashed
[22m[39m{"timestamp":"2026-06-22T06:17:49.918Z","level":"INFO","source":"frontend","module":"webrtc/sframe-transform","message":"encrypted frame","context":{"kid":9,"ctr":2,"byteLength":62,"codecOffset":10}}

[90mstdout[2m | apps/validator-daemon/src/canary/__tests__/mesh-byzantine.test.ts[2m > [22m[2mREQ-RMS-017 — Byzantine under-server attributed to R via the SHIPPED canary pipeline[2m > [22m[2mR (overclaim->under-serve) is slashed pinned to its miner_id; honest R2 is never slashed
[22m[39m{"timestamp":"2026-06-22T06:17:49.918Z","level":"INFO","source":"frontend","module":"webrtc/sframe-transform","message":"encrypted frame","context":{"kid":9,"ctr":3,"byteLength":62,"codecOffset":10}}

[90mstdout[2m | apps/validator-daemon/src/canary/__tests__/mesh-byzantine.test.ts[2m > [22m[2mREQ-RMS-017 — Byzantine under-server attributed to R via the SHIPPED canary pipeline[2m > [22m[2mR (overclaim->under-serve) is slashed pinned to its miner_id; honest R2 is never slashed
[22m[39m{"timestamp":"2026-06-22T06:17:49.919Z","level":"INFO","source":"frontend","module":"webrtc/sframe-transform","message":"encrypted frame","context":{"kid":9,"ctr":4,"byteLength":62,"codecOffset":10}}

[90mstdout[2m | apps/validator-daemon/src/canary/__tests__/mesh-byzantine.test.ts[2m > [22m[2mREQ-RMS-017 — Byzantine under-server attributed to R via the SHIPPED canary pipeline[2m > [22m[2mR (overclaim->under-serve) is slashed pinned to its miner_id; honest R2 is never slashed
[22m[39m{"timestamp":"2026-06-22T06:17:49.919Z","level":"INFO","source":"frontend","module":"webrtc/sframe-transform","message":"encrypted frame","context":{"kid":9,"ctr":5,"byteLength":62,"codecOffset":10}}

[90mstdout[2m | apps/validator-daemon/src/canary/__tests__/mesh-byzantine.test.ts[2m > [22m[2mREQ-RMS-017 — Byzantine under-server attributed to R via the SHIPPED canary pipeline[2m > [22m[2mR (overclaim->under-serve) is slashed pinned to its miner_id; honest R2 is never slashed
[22m[39m{"timestamp":"2026-06-22T06:17:49.919Z","level":"INFO","source":"frontend","module":"webrtc/sframe-transform","message":"encrypted frame","context":{"kid":9,"ctr":6,"byteLength":62,"codecOffset":10}}

[90mstdout[2m | apps/validator-daemon/src/canary/__tests__/mesh-byzantine.test.ts[2m > [22m[2mREQ-RMS-017 — Byzantine under-server attributed to R via the SHIPPED canary pipeline[2m > [22m[2mR (overclaim->under-serve) is slashed pinned to its miner_id; honest R2 is never slashed
[22m[39m{"timestamp":"2026-06-22T06:17:49.920Z","level":"INFO","source":"frontend","module":"webrtc/sframe-transform","message":"encrypted frame","context":{"kid":9,"ctr":7,"byteLength":62,"codecOffset":10}}

{"level":30,"time":1782109069920,"pid":5904,"hostname":"Quang","name":"canary/verifier","canaryKid":9,"mediaPackets":8,"byteIdentical":8,"divergences":0,"msg":"canary forwarding verified"}
{"level":30,"time":1782109069920,"pid":5904,"hostname":"Quang","name":"canary/loss-classifier","relayMinerId":"relay-honest-R2","promoted":0,"absorbed":0,"tampers":0,"cumulativeCrossed":false,"msg":"canary divergences classified (drop gate / tamper p=1)"}
{"level":30,"time":1782109069920,"pid":5904,"hostname":"Quang","name":"canary/verify-loop","round":2,"relayMinerId":"relay-honest-R2","roomId":"mesh-room","perReceiver":2,"promoted":0,"absorbed":0,"stunLossBps":"0","msg":"canary verify round classified (hermetic half — synthetic capture, STUN read live)"}
[90mstdout[2m | apps/validator-daemon/src/canary/__tests__/mesh-byzantine.test.ts[2m > [22m[2mREQ-RMS-017 — Byzantine under-server attributed to R via the SHIPPED canary pipeline[2m > [22m[2mR (overclaim->under-serve) is slashed pinned to its miner_id; honest R2 is never slashed
[22m[39m{"timestamp":"2026-06-22T06:17:49.921Z","level":"INFO","source":"frontend","module":"webrtc/sframe-transform","message":"encrypted frame","context":{"kid":9,"ctr":0,"byteLength":62,"codecOffset":10}}

[90mstdout[2m | apps/validator-daemon/src/canary/__tests__/mesh-byzantine.test.ts[2m > [22m[2mREQ-RMS-017 — Byzantine under-server attributed to R via the SHIPPED canary pipeline[2m > [22m[2mR (overclaim->under-serve) is slashed pinned to its miner_id; honest R2 is never slashed
[22m[39m{"timestamp":"2026-06-22T06:17:49.921Z","level":"INFO","source":"frontend","module":"webrtc/sframe-transform","message":"encrypted frame","context":{"kid":9,"ctr":1,"byteLength":62,"codecOffset":10}}

[90mstdout[2m | apps/validator-daemon/src/canary/__tests__/mesh-byzantine.test.ts[2m > [22m[2mREQ-RMS-017 — Byzantine under-server attributed to R via the SHIPPED canary pipeline[2m > [22m[2mR (overclaim->under-serve) is slashed pinned to its miner_id; honest R2 is never slashed
[22m[39m{"timestamp":"2026-06-22T06:17:49.922Z","level":"INFO","source":"frontend","module":"webrtc/sframe-transform","message":"encrypted frame","context":{"kid":9,"ctr":2,"byteLength":62,"codecOffset":10}}

[90mstdout[2m | apps/validator-daemon/src/canary/__tests__/mesh-byzantine.test.ts[2m > [22m[2mREQ-RMS-017 — Byzantine under-server attributed to R via the SHIPPED canary pipeline[2m > [22m[2mR (overclaim->under-serve) is slashed pinned to its miner_id; honest R2 is never slashed
[22m[39m{"timestamp":"2026-06-22T06:17:49.922Z","level":"INFO","source":"frontend","module":"webrtc/sframe-transform","message":"encrypted frame","context":{"kid":9,"ctr":3,"byteLength":62,"codecOffset":10}}

[90mstdout[2m | apps/validator-daemon/src/canary/__tests__/mesh-byzantine.test.ts[2m > [22m[2mREQ-RMS-017 — Byzantine under-server attributed to R via the SHIPPED canary pipeline[2m > [22m[2mR (overclaim->under-serve) is slashed pinned to its miner_id; honest R2 is never slashed
[22m[39m{"timestamp":"2026-06-22T06:17:49.923Z","level":"INFO","source":"frontend","module":"webrtc/sframe-transform","message":"encrypted frame","context":{"kid":9,"ctr":4,"byteLength":62,"codecOffset":10}}

[90mstdout[2m | apps/validator-daemon/src/canary/__tests__/mesh-byzantine.test.ts[2m > [22m[2mREQ-RMS-017 — Byzantine under-server attributed to R via the SHIPPED canary pipeline[2m > [22m[2mR (overclaim->under-serve) is slashed pinned to its miner_id; honest R2 is never slashed
[22m[39m{"timestamp":"2026-06-22T06:17:49.923Z","level":"INFO","source":"frontend","module":"webrtc/sframe-transform","message":"encrypted frame","context":{"kid":9,"ctr":6,"byteLength":62,"codecOffset":10}}

[90mstdout[2m | apps/validator-daemon/src/canary/__tests__/mesh-byzantine.test.ts[2m > [22m[2mREQ-RMS-017 — Byzantine under-server attributed to R via the SHIPPED canary pipeline[2m > [22m[2mR (overclaim->under-serve) is slashed pinned to its miner_id; honest R2 is never slashed
[22m[39m{"timestamp":"2026-06-22T06:17:49.923Z","level":"INFO","source":"frontend","module":"webrtc/sframe-transform","message":"encrypted frame","context":{"kid":9,"ctr":7,"byteLength":62,"codecOffset":10}}

[90mstdout[2m | apps/validator-daemon/src/canary/__tests__/mesh-byzantine.test.ts[2m > [22m[2mREQ-RMS-017 — Byzantine under-server attributed to R via the SHIPPED canary pipeline[2m > [22m[2mR (overclaim->under-serve) is slashed pinned to its miner_id; honest R2 is never slashed
[22m[39m{"timestamp":"2026-06-22T06:17:49.924Z","level":"INFO","source":"frontend","module":"webrtc/sframe-transform","message":"encrypted frame","context":{"kid":9,"ctr":0,"byteLength":62,"codecOffset":10}}

[90mstdout[2m | apps/validator-daemon/src/canary/__tests__/mesh-byzantine.test.ts[2m > [22m[2mREQ-RMS-017 — Byzantine under-server attributed to R via the SHIPPED canary pipeline[2m > [22m[2mR (overclaim->under-serve) is slashed pinned to its miner_id; honest R2 is never slashed
[22m[39m{"timestamp":"2026-06-22T06:17:49.924Z","level":"INFO","source":"frontend","module":"webrtc/sframe-transform","message":"encrypted frame","context":{"kid":9,"ctr":1,"byteLength":62,"codecOffset":10}}

[90mstdout[2m | apps/validator-daemon/src/canary/__tests__/mesh-byzantine.test.ts[2m > [22m[2mREQ-RMS-017 — Byzantine under-server attributed to R via the SHIPPED canary pipeline[2m > [22m[2mR (overclaim->under-serve) is slashed pinned to its miner_id; honest R2 is never slashed
[22m[39m{"timestamp":"2026-06-22T06:17:49.925Z","level":"INFO","source":"frontend","module":"webrtc/sframe-transform","message":"encrypted frame","context":{"kid":9,"ctr":2,"byteLength":62,"codecOffset":10}}

[90mstdout[2m | apps/validator-daemon/src/canary/__tests__/mesh-byzantine.test.ts[2m > [22m[2mREQ-RMS-017 — Byzantine under-server attributed to R via the SHIPPED canary pipeline[2m > [22m[2mR (overclaim->under-serve) is slashed pinned to its miner_id; honest R2 is never slashed
[22m[39m{"timestamp":"2026-06-22T06:17:49.925Z","level":"INFO","source":"frontend","module":"webrtc/sframe-transform","message":"encrypted frame","context":{"kid":9,"ctr":3,"byteLength":62,"codecOffset":10}}

[90mstdout[2m | apps/validator-daemon/src/canary/__tests__/mesh-byzantine.test.ts[2m > [22m[2mREQ-RMS-017 — Byzantine under-server attributed to R via the SHIPPED canary pipeline[2m > [22m[2mR (overclaim->under-serve) is slashed pinned to its miner_id; honest R2 is never slashed
[22m[39m{"timestamp":"2026-06-22T06:17:49.926Z","level":"INFO","source":"frontend","module":"webrtc/sframe-transform","message":"encrypted frame","context":{"kid":9,"ctr":4,"byteLength":62,"codecOffset":10}}

[90mstdout[2m | apps/validator-daemon/src/canary/__tests__/mesh-byzantine.test.ts[2m > [22m[2mREQ-RMS-017 — Byzantine under-server attributed to R via the SHIPPED canary pipeline[2m > [22m[2mR (overclaim->under-serve) is slashed pinned to its miner_id; honest R2 is never slashed
[22m[39m{"timestamp":"2026-06-22T06:17:49.926Z","level":"INFO","source":"frontend","module":"webrtc/sframe-transform","message":"encrypted frame","context":{"kid":9,"ctr":5,"byteLength":62,"codecOffset":10}}

[90mstdout[2m | apps/validator-daemon/src/canary/__tests__/mesh-byzantine.test.ts[2m > [22m[2mREQ-RMS-017 — Byzantine under-server attributed to R via the SHIPPED canary pipeline[2m > [22m[2mR (overclaim->under-serve) is slashed pinned to its miner_id; honest R2 is never slashed
[22m[39m{"timestamp":"2026-06-22T06:17:49.927Z","level":"INFO","source":"frontend","module":"webrtc/sframe-transform","message":"encrypted frame","context":{"kid":9,"ctr":6,"byteLength":62,"codecOffset":10}}

[90mstdout[2m | apps/validator-daemon/src/canary/__tests__/mesh-byzantine.test.ts[2m > [22m[2mREQ-RMS-017 — Byzantine under-server attributed to R via the SHIPPED canary pipeline[2m > [22m[2mR (overclaim->under-serve) is slashed pinned to its miner_id; honest R2 is never slashed
[22m[39m{"timestamp":"2026-06-22T06:17:49.927Z","level":"INFO","source":"frontend","module":"webrtc/sframe-transform","message":"encrypted frame","context":{"kid":9,"ctr":7,"byteLength":62,"codecOffset":10}}

{"level":30,"time":1782109069928,"pid":5904,"hostname":"Quang","name":"canary/verifier","canaryKid":9,"mediaPackets":7,"byteIdentical":7,"divergences":1,"msg":"canary forwarding verified"}
[90mstdout[2m | apps/validator-daemon/src/canary/__tests__/mesh-byzantine.test.ts[2m > [22m[2mREQ-RMS-017 — Byzantine under-server attributed to R via the SHIPPED canary pipeline[2m > [22m[2mR (overclaim->under-serve) is slashed pinned to its miner_id; honest R2 is never slashed
[22m[39m{"timestamp":"2026-06-22T06:17:49.928Z","level":"INFO","source":"frontend","module":"webrtc/sframe-transform","message":"encrypted frame","context":{"kid":9,"ctr":0,"byteLength":62,"codecOffset":10}}

[90mstdout[2m | apps/validator-daemon/src/canary/__tests__/mesh-byzantine.test.ts[2m > [22m[2mREQ-RMS-017 — Byzantine under-server attributed to R via the SHIPPED canary pipeline[2m > [22m[2mR (overclaim->under-serve) is slashed pinned to its miner_id; honest R2 is never slashed
[22m[39m{"timestamp":"2026-06-22T06:17:49.929Z","level":"INFO","source":"frontend","module":"webrtc/sframe-transform","message":"encrypted frame","context":{"kid":9,"ctr":1,"byteLength":62,"codecOffset":10}}

[90mstdout[2m | apps/validator-daemon/src/canary/__tests__/mesh-byzantine.test.ts[2m > [22m[2mREQ-RMS-017 — Byzantine under-server attributed to R via the SHIPPED canary pipeline[2m > [22m[2mR (overclaim->under-serve) is slashed pinned to its miner_id; honest R2 is never slashed
[22m[39m{"timestamp":"2026-06-22T06:17:49.930Z","level":"INFO","source":"frontend","module":"webrtc/sframe-transform","message":"encrypted frame","context":{"kid":9,"ctr":2,"byteLength":62,"codecOffset":10}}

[90mstdout[2m | apps/validator-daemon/src/canary/__tests__/mesh-byzantine.test.ts[2m > [22m[2mREQ-RMS-017 — Byzantine under-server attributed to R via the SHIPPED canary pipeline[2m > [22m[2mR (overclaim->under-serve) is slashed pinned to its miner_id; honest R2 is never slashed
[22m[39m{"timestamp":"2026-06-22T06:17:49.930Z","level":"INFO","source":"frontend","module":"webrtc/sframe-transform","message":"encrypted frame","context":{"kid":9,"ctr":3,"byteLength":62,"codecOffset":10}}

[90mstdout[2m | apps/validator-daemon/src/canary/__tests__/mesh-byzantine.test.ts[2m > [22m[2mREQ-RMS-017 — Byzantine under-server attributed to R via the SHIPPED canary pipeline[2m > [22m[2mR (overclaim->under-serve) is slashed pinned to its miner_id; honest R2 is never slashed
[22m[39m{"timestamp":"2026-06-22T06:17:49.931Z","level":"INFO","source":"frontend","module":"webrtc/sframe-transform","message":"encrypted frame","context":{"kid":9,"ctr":4,"byteLength":62,"codecOffset":10}}

[90mstdout[2m | apps/validator-daemon/src/canary/__tests__/mesh-byzantine.test.ts[2m > [22m[2mREQ-RMS-017 — Byzantine under-server attributed to R via the SHIPPED canary pipeline[2m > [22m[2mR (overclaim->under-serve) is slashed pinned to its miner_id; honest R2 is never slashed
[22m[39m{"timestamp":"2026-06-22T06:17:49.931Z","level":"INFO","source":"frontend","module":"webrtc/sframe-transform","message":"encrypted frame","context":{"kid":9,"ctr":5,"byteLength":62,"codecOffset":10}}

[90mstdout[2m | apps/validator-daemon/src/canary/__tests__/mesh-byzantine.test.ts[2m > [22m[2mREQ-RMS-017 — Byzantine under-server attributed to R via the SHIPPED canary pipeline[2m > [22m[2mR (overclaim->under-serve) is slashed pinned to its miner_id; honest R2 is never slashed
[22m[39m{"timestamp":"2026-06-22T06:17:49.931Z","level":"INFO","source":"frontend","module":"webrtc/sframe-transform","message":"encrypted frame","context":{"kid":9,"ctr":6,"byteLength":62,"codecOffset":10}}

[90mstdout[2m | apps/validator-daemon/src/canary/__tests__/mesh-byzantine.test.ts[2m > [22m[2mREQ-RMS-017 — Byzantine under-server attributed to R via the SHIPPED canary pipeline[2m > [22m[2mR (overclaim->under-serve) is slashed pinned to its miner_id; honest R2 is never slashed
[22m[39m{"timestamp":"2026-06-22T06:17:49.932Z","level":"INFO","source":"frontend","module":"webrtc/sframe-transform","message":"encrypted frame","context":{"kid":9,"ctr":7,"byteLength":62,"codecOffset":10}}

{"level":30,"time":1782109069932,"pid":5904,"hostname":"Quang","name":"canary/verifier","canaryKid":9,"mediaPackets":7,"byteIdentical":7,"divergences":1,"msg":"canary forwarding verified"}
{"level":30,"time":1782109069932,"pid":5904,"hostname":"Quang","name":"canary/loss-classifier","relayMinerId":"relay-byzantine-R","promoted":0,"absorbed":1,"tampers":0,"cumulativeCrossed":false,"msg":"canary divergences classified (drop gate / tamper p=1)"}
{"level":30,"time":1782109069932,"pid":5904,"hostname":"Quang","name":"canary/verify-loop","round":3,"relayMinerId":"relay-byzantine-R","roomId":"mesh-room","perReceiver":2,"promoted":0,"absorbed":1,"stunLossBps":"0","msg":"canary verify round classified (hermetic half — synthetic capture, STUN read live)"}
[90mstdout[2m | apps/validator-daemon/src/canary/__tests__/mesh-byzantine.test.ts[2m > [22m[2mREQ-RMS-017 — Byzantine under-server attributed to R via the SHIPPED canary pipeline[2m > [22m[2mR (overclaim->under-serve) is slashed pinned to its miner_id; honest R2 is never slashed
[22m[39m{"timestamp":"2026-06-22T06:17:49.932Z","level":"INFO","source":"frontend","module":"webrtc/sframe-transform","message":"encrypted frame","context":{"kid":9,"ctr":0,"byteLength":62,"codecOffset":10}}

[90mstdout[2m | apps/validator-daemon/src/canary/__tests__/mesh-byzantine.test.ts[2m > [22m[2mREQ-RMS-017 — Byzantine under-server attributed to R via the SHIPPED canary pipeline[2m > [22m[2mR (overclaim->under-serve) is slashed pinned to its miner_id; honest R2 is never slashed
[22m[39m{"timestamp":"2026-06-22T06:17:49.933Z","level":"INFO","source":"frontend","module":"webrtc/sframe-transform","message":"encrypted frame","context":{"kid":9,"ctr":1,"byteLength":62,"codecOffset":10}}

[90mstdout[2m | apps/validator-daemon/src/canary/__tests__/mesh-byzantine.test.ts[2m > [22m[2mREQ-RMS-017 — Byzantine under-server attributed to R via the SHIPPED canary pipeline[2m > [22m[2mR (overclaim->under-serve) is slashed pinned to its miner_id; honest R2 is never slashed
[22m[39m{"timestamp":"2026-06-22T06:17:49.933Z","level":"INFO","source":"frontend","module":"webrtc/sframe-transform","message":"encrypted frame","context":{"kid":9,"ctr":2,"byteLength":62,"codecOffset":10}}

[90mstdout[2m | apps/validator-daemon/src/canary/__tests__/mesh-byzantine.test.ts[2m > [22m[2mREQ-RMS-017 — Byzantine under-server attributed to R via the SHIPPED canary pipeline[2m > [22m[2mR (overclaim->under-serve) is slashed pinned to its miner_id; honest R2 is never slashed
[22m[39m{"timestamp":"2026-06-22T06:17:49.934Z","level":"INFO","source":"frontend","module":"webrtc/sframe-transform","message":"encrypted frame","context":{"kid":9,"ctr":3,"byteLength":62,"codecOffset":10}}

[90mstdout[2m | apps/validator-daemon/src/canary/__tests__/mesh-byzantine.test.ts[2m > [22m[2mREQ-RMS-017 — Byzantine under-server attributed to R via the SHIPPED canary pipeline[2m > [22m[2mR (overclaim->under-serve) is slashed pinned to its miner_id; honest R2 is never slashed
[22m[39m{"timestamp":"2026-06-22T06:17:49.934Z","level":"INFO","source":"frontend","module":"webrtc/sframe-transform","message":"encrypted frame","context":{"kid":9,"ctr":4,"byteLength":62,"codecOffset":10}}

[90mstdout[2m | apps/validator-daemon/src/canary/__tests__/mesh-byzantine.test.ts[2m > [22m[2mREQ-RMS-017 — Byzantine under-server attributed to R via the SHIPPED canary pipeline[2m > [22m[2mR (overclaim->under-serve) is slashed pinned to its miner_id; honest R2 is never slashed
[22m[39m{"timestamp":"2026-06-22T06:17:49.935Z","level":"INFO","source":"frontend","module":"webrtc/sframe-transform","message":"encrypted frame","context":{"kid":9,"ctr":5,"byteLength":62,"codecOffset":10}}

[90mstdout[2m | apps/validator-daemon/src/canary/__tests__/mesh-byzantine.test.ts[2m > [22m[2mREQ-RMS-017 — Byzantine under-server attributed to R via the SHIPPED canary pipeline[2m > [22m[2mR (overclaim->under-serve) is slashed pinned to its miner_id; honest R2 is never slashed
[22m[39m{"timestamp":"2026-06-22T06:17:49.935Z","level":"INFO","source":"frontend","module":"webrtc/sframe-transform","message":"encrypted frame","context":{"kid":9,"ctr":6,"byteLength":62,"codecOffset":10}}

[90mstdout[2m | apps/validator-daemon/src/canary/__tests__/mesh-byzantine.test.ts[2m > [22m[2mREQ-RMS-017 — Byzantine under-server attributed to R via the SHIPPED canary pipeline[2m > [22m[2mR (overclaim->under-serve) is slashed pinned to its miner_id; honest R2 is never slashed
[22m[39m{"timestamp":"2026-06-22T06:17:49.936Z","level":"INFO","source":"frontend","module":"webrtc/sframe-transform","message":"encrypted frame","context":{"kid":9,"ctr":7,"byteLength":62,"codecOffset":10}}

[90mstdout[2m | apps/validator-daemon/src/canary/__tests__/mesh-byzantine.test.ts[2m > [22m[2mREQ-RMS-017 — Byzantine under-server attributed to R via the SHIPPED canary pipeline[2m > [22m[2mR (overclaim->under-serve) is slashed pinned to its miner_id; honest R2 is never slashed
[22m[39m{"timestamp":"2026-06-22T06:17:49.936Z","level":"INFO","source":"frontend","module":"webrtc/sframe-transform","message":"encrypted frame","context":{"kid":9,"ctr":0,"byteLength":62,"codecOffset":10}}

[90mstdout[2m | apps/validator-daemon/src/canary/__tests__/mesh-byzantine.test.ts[2m > [22m[2mREQ-RMS-017 — Byzantine under-server attributed to R via the SHIPPED canary pipeline[2m > [22m[2mR (overclaim->under-serve) is slashed pinned to its miner_id; honest R2 is never slashed
[22m[39m{"timestamp":"2026-06-22T06:17:49.937Z","level":"INFO","source":"frontend","module":"webrtc/sframe-transform","message":"encrypted frame","context":{"kid":9,"ctr":1,"byteLength":62,"codecOffset":10}}

[90mstdout[2m | apps/validator-daemon/src/canary/__tests__/mesh-byzantine.test.ts[2m > [22m[2mREQ-RMS-017 — Byzantine under-server attributed to R via the SHIPPED canary pipeline[2m > [22m[2mR (overclaim->under-serve) is slashed pinned to its miner_id; honest R2 is never slashed
[22m[39m{"timestamp":"2026-06-22T06:17:49.937Z","level":"INFO","source":"frontend","module":"webrtc/sframe-transform","message":"encrypted frame","context":{"kid":9,"ctr":2,"byteLength":62,"codecOffset":10}}

[90mstdout[2m | apps/validator-daemon/src/canary/__tests__/mesh-byzantine.test.ts[2m > [22m[2mREQ-RMS-017 — Byzantine under-server attributed to R via the SHIPPED canary pipeline[2m > [22m[2mR (overclaim->under-serve) is slashed pinned to its miner_id; honest R2 is never slashed
[22m[39m{"timestamp":"2026-06-22T06:17:49.938Z","level":"INFO","source":"frontend","module":"webrtc/sframe-transform","message":"encrypted frame","context":{"kid":9,"ctr":3,"byteLength":62,"codecOffset":10}}

[90mstdout[2m | apps/validator-daemon/src/canary/__tests__/mesh-byzantine.test.ts[2m > [22m[2mREQ-RMS-017 — Byzantine under-server attributed to R via the SHIPPED canary pipeline[2m > [22m[2mR (overclaim->under-serve) is slashed pinned to its miner_id; honest R2 is never slashed
[22m[39m{"timestamp":"2026-06-22T06:17:49.938Z","level":"INFO","source":"frontend","module":"webrtc/sframe-transform","message":"encrypted frame","context":{"kid":9,"ctr":4,"byteLength":62,"codecOffset":10}}

[90mstdout[2m | apps/validator-daemon/src/canary/__tests__/mesh-byzantine.test.ts[2m > [22m[2mREQ-RMS-017 — Byzantine under-server attributed to R via the SHIPPED canary pipeline[2m > [22m[2mR (overclaim->under-serve) is slashed pinned to its miner_id; honest R2 is never slashed
[22m[39m{"timestamp":"2026-06-22T06:17:49.939Z","level":"INFO","source":"frontend","module":"webrtc/sframe-transform","message":"encrypted frame","context":{"kid":9,"ctr":5,"byteLength":62,"codecOffset":10}}

[90mstdout[2m | apps/validator-daemon/src/canary/__tests__/mesh-byzantine.test.ts[2m > [22m[2mREQ-RMS-017 — Byzantine under-server attributed to R via the SHIPPED canary pipeline[2m > [22m[2mR (overclaim->under-serve) is slashed pinned to its miner_id; honest R2 is never slashed
[22m[39m{"timestamp":"2026-06-22T06:17:49.939Z","level":"INFO","source":"frontend","module":"webrtc/sframe-transform","message":"encrypted frame","context":{"kid":9,"ctr":6,"byteLength":62,"codecOffset":10}}

[90mstdout[2m | apps/validator-daemon/src/canary/__tests__/mesh-byzantine.test.ts[2m > [22m[2mREQ-RMS-017 — Byzantine under-server attributed to R via the SHIPPED canary pipeline[2m > [22m[2mR (overclaim->under-serve) is slashed pinned to its miner_id; honest R2 is never slashed
[22m[39m{"timestamp":"2026-06-22T06:17:49.939Z","level":"INFO","source":"frontend","module":"webrtc/sframe-transform","message":"encrypted frame","context":{"kid":9,"ctr":7,"byteLength":62,"codecOffset":10}}

{"level":30,"time":1782109069940,"pid":5904,"hostname":"Quang","name":"canary/verifier","canaryKid":9,"mediaPackets":8,"byteIdentical":8,"divergences":0,"msg":"canary forwarding verified"}
[90mstdout[2m | apps/validator-daemon/src/canary/__tests__/mesh-byzantine.test.ts[2m > [22m[2mREQ-RMS-017 — Byzantine under-server attributed to R via the SHIPPED canary pipeline[2m > [22m[2mR (overclaim->under-serve) is slashed pinned to its miner_id; honest R2 is never slashed
[22m[39m{"timestamp":"2026-06-22T06:17:49.940Z","level":"INFO","source":"frontend","module":"webrtc/sframe-transform","message":"encrypted frame","context":{"kid":9,"ctr":0,"byteLength":62,"codecOffset":10}}

[90mstdout[2m | apps/validator-daemon/src/canary/__tests__/mesh-byzantine.test.ts[2m > [22m[2mREQ-RMS-017 — Byzantine under-server attributed to R via the SHIPPED canary pipeline[2m > [22m[2mR (overclaim->under-serve) is slashed pinned to its miner_id; honest R2 is never slashed
[22m[39m{"timestamp":"2026-06-22T06:17:49.940Z","level":"INFO","source":"frontend","module":"webrtc/sframe-transform","message":"encrypted frame","context":{"kid":9,"ctr":1,"byteLength":62,"codecOffset":10}}

[90mstdout[2m | apps/validator-daemon/src/canary/__tests__/mesh-byzantine.test.ts[2m > [22m[2mREQ-RMS-017 — Byzantine under-server attributed to R via the SHIPPED canary pipeline[2m > [22m[2mR (overclaim->under-serve) is slashed pinned to its miner_id; honest R2 is never slashed
[22m[39m{"timestamp":"2026-06-22T06:17:49.941Z","level":"INFO","source":"frontend","module":"webrtc/sframe-transform","message":"encrypted frame","context":{"kid":9,"ctr":2,"byteLength":62,"codecOffset":10}}

[90mstdout[2m | apps/validator-daemon/src/canary/__tests__/mesh-byzantine.test.ts[2m > [22m[2mREQ-RMS-017 — Byzantine under-server attributed to R via the SHIPPED canary pipeline[2m > [22m[2mR (overclaim->under-serve) is slashed pinned to its miner_id; honest R2 is never slashed
[22m[39m{"timestamp":"2026-06-22T06:17:49.941Z","level":"INFO","source":"frontend","module":"webrtc/sframe-transform","message":"encrypted frame","context":{"kid":9,"ctr":3,"byteLength":62,"codecOffset":10}}

[90mstdout[2m | apps/validator-daemon/src/canary/__tests__/mesh-byzantine.test.ts[2m > [22m[2mREQ-RMS-017 — Byzantine under-server attributed to R via the SHIPPED canary pipeline[2m > [22m[2mR (overclaim->under-serve) is slashed pinned to its miner_id; honest R2 is never slashed
[22m[39m{"timestamp":"2026-06-22T06:17:49.942Z","level":"INFO","source":"frontend","module":"webrtc/sframe-transform","message":"encrypted frame","context":{"kid":9,"ctr":4,"byteLength":62,"codecOffset":10}}

[90mstdout[2m | apps/validator-daemon/src/canary/__tests__/mesh-byzantine.test.ts[2m > [22m[2mREQ-RMS-017 — Byzantine under-server attributed to R via the SHIPPED canary pipeline[2m > [22m[2mR (overclaim->under-serve) is slashed pinned to its miner_id; honest R2 is never slashed
[22m[39m{"timestamp":"2026-06-22T06:17:49.942Z","level":"INFO","source":"frontend","module":"webrtc/sframe-transform","message":"encrypted frame","context":{"kid":9,"ctr":5,"byteLength":62,"codecOffset":10}}

[90mstdout[2m | apps/validator-daemon/src/canary/__tests__/mesh-byzantine.test.ts[2m > [22m[2mREQ-RMS-017 — Byzantine under-server attributed to R via the SHIPPED canary pipeline[2m > [22m[2mR (overclaim->under-serve) is slashed pinned to its miner_id; honest R2 is never slashed
[22m[39m{"timestamp":"2026-06-22T06:17:49.942Z","level":"INFO","source":"frontend","module":"webrtc/sframe-transform","message":"encrypted frame","context":{"kid":9,"ctr":6,"byteLength":62,"codecOffset":10}}

[90mstdout[2m | apps/validator-daemon/src/canary/__tests__/mesh-byzantine.test.ts[2m > [22m[2mREQ-RMS-017 — Byzantine under-server attributed to R via the SHIPPED canary pipeline[2m > [22m[2mR (overclaim->under-serve) is slashed pinned to its miner_id; honest R2 is never slashed
[22m[39m{"timestamp":"2026-06-22T06:17:49.943Z","level":"INFO","source":"frontend","module":"webrtc/sframe-transform","message":"encrypted frame","context":{"kid":9,"ctr":7,"byteLength":62,"codecOffset":10}}

{"level":30,"time":1782109069943,"pid":5904,"hostname":"Quang","name":"canary/verifier","canaryKid":9,"mediaPackets":8,"byteIdentical":8,"divergences":0,"msg":"canary forwarding verified"}
{"level":30,"time":1782109069943,"pid":5904,"hostname":"Quang","name":"canary/loss-classifier","relayMinerId":"relay-honest-R2","promoted":0,"absorbed":0,"tampers":0,"cumulativeCrossed":false,"msg":"canary divergences classified (drop gate / tamper p=1)"}
{"level":30,"time":1782109069943,"pid":5904,"hostname":"Quang","name":"canary/verify-loop","round":3,"relayMinerId":"relay-honest-R2","roomId":"mesh-room","perReceiver":2,"promoted":0,"absorbed":0,"stunLossBps":"0","msg":"canary verify round classified (hermetic half — synthetic capture, STUN read live)"}
[90mstdout[2m | apps/validator-daemon/src/canary/__tests__/mesh-byzantine.test.ts[2m > [22m[2mREQ-RMS-017 — Byzantine under-server attributed to R via the SHIPPED canary pipeline[2m > [22m[2mR (overclaim->under-serve) is slashed pinned to its miner_id; honest R2 is never slashed
[22m[39m{"timestamp":"2026-06-22T06:17:49.944Z","level":"INFO","source":"frontend","module":"webrtc/sframe-transform","message":"encrypted frame","context":{"kid":9,"ctr":0,"byteLength":62,"codecOffset":10}}

[90mstdout[2m | apps/validator-daemon/src/canary/__tests__/mesh-byzantine.test.ts[2m > [22m[2mREQ-RMS-017 — Byzantine under-server attributed to R via the SHIPPED canary pipeline[2m > [22m[2mR (overclaim->under-serve) is slashed pinned to its miner_id; honest R2 is never slashed
[22m[39m{"timestamp":"2026-06-22T06:17:49.945Z","level":"INFO","source":"frontend","module":"webrtc/sframe-transform","message":"encrypted frame","context":{"kid":9,"ctr":1,"byteLength":62,"codecOffset":10}}

[90mstdout[2m | apps/validator-daemon/src/canary/__tests__/mesh-byzantine.test.ts[2m > [22m[2mREQ-RMS-017 — Byzantine under-server attributed to R via the SHIPPED canary pipeline[2m > [22m[2mR (overclaim->under-serve) is slashed pinned to its miner_id; honest R2 is never slashed
[22m[39m{"timestamp":"2026-06-22T06:17:49.945Z","level":"INFO","source":"frontend","module":"webrtc/sframe-transform","message":"encrypted frame","context":{"kid":9,"ctr":2,"byteLength":62,"codecOffset":10}}

[90mstdout[2m | apps/validator-daemon/src/canary/__tests__/mesh-byzantine.test.ts[2m > [22m[2mREQ-RMS-017 — Byzantine under-server attributed to R via the SHIPPED canary pipeline[2m > [22m[2mR (overclaim->under-serve) is slashed pinned to its miner_id; honest R2 is never slashed
[22m[39m{"timestamp":"2026-06-22T06:17:49.946Z","level":"INFO","source":"frontend","module":"webrtc/sframe-transform","message":"encrypted frame","context":{"kid":9,"ctr":3,"byteLength":62,"codecOffset":10}}

[90mstdout[2m | apps/validator-daemon/src/canary/__tests__/mesh-byzantine.test.ts[2m > [22m[2mREQ-RMS-017 — Byzantine under-server attributed to R via the SHIPPED canary pipeline[2m > [22m[2mR (overclaim->under-serve) is slashed pinned to its miner_id; honest R2 is never slashed
[22m[39m{"timestamp":"2026-06-22T06:17:49.946Z","level":"INFO","source":"frontend","module":"webrtc/sframe-transform","message":"encrypted frame","context":{"kid":9,"ctr":4,"byteLength":62,"codecOffset":10}}

[90mstdout[2m | apps/validator-daemon/src/canary/__tests__/mesh-byzantine.test.ts[2m > [22m[2mREQ-RMS-017 — Byzantine under-server attributed to R via the SHIPPED canary pipeline[2m > [22m[2mR (overclaim->under-serve) is slashed pinned to its miner_id; honest R2 is never slashed
[22m[39m{"timestamp":"2026-06-22T06:17:49.947Z","level":"INFO","source":"frontend","module":"webrtc/sframe-transform","message":"encrypted frame","context":{"kid":9,"ctr":6,"byteLength":62,"codecOffset":10}}

[90mstdout[2m | apps/validator-daemon/src/canary/__tests__/mesh-byzantine.test.ts[2m > [22m[2mREQ-RMS-017 — Byzantine under-server attributed to R via the SHIPPED canary pipeline[2m > [22m[2mR (overclaim->under-serve) is slashed pinned to its miner_id; honest R2 is never slashed
[22m[39m{"timestamp":"2026-06-22T06:17:49.947Z","level":"INFO","source":"frontend","module":"webrtc/sframe-transform","message":"encrypted frame","context":{"kid":9,"ctr":7,"byteLength":62,"codecOffset":10}}

[90mstdout[2m | apps/validator-daemon/src/canary/__tests__/mesh-byzantine.test.ts[2m > [22m[2mREQ-RMS-017 — Byzantine under-server attributed to R via the SHIPPED canary pipeline[2m > [22m[2mR (overclaim->under-serve) is slashed pinned to its miner_id; honest R2 is never slashed
[22m[39m{"timestamp":"2026-06-22T06:17:49.948Z","level":"INFO","source":"frontend","module":"webrtc/sframe-transform","message":"encrypted frame","context":{"kid":9,"ctr":0,"byteLength":62,"codecOffset":10}}

[90mstdout[2m | apps/validator-daemon/src/canary/__tests__/mesh-byzantine.test.ts[2m > [22m[2mREQ-RMS-017 — Byzantine under-server attributed to R via the SHIPPED canary pipeline[2m > [22m[2mR (overclaim->under-serve) is slashed pinned to its miner_id; honest R2 is never slashed
[22m[39m{"timestamp":"2026-06-22T06:17:49.948Z","level":"INFO","source":"frontend","module":"webrtc/sframe-transform","message":"encrypted frame","context":{"kid":9,"ctr":1,"byteLength":62,"codecOffset":10}}

[90mstdout[2m | apps/validator-daemon/src/canary/__tests__/mesh-byzantine.test.ts[2m > [22m[2mREQ-RMS-017 — Byzantine under-server attributed to R via the SHIPPED canary pipeline[2m > [22m[2mR (overclaim->under-serve) is slashed pinned to its miner_id; honest R2 is never slashed
[22m[39m{"timestamp":"2026-06-22T06:17:49.949Z","level":"INFO","source":"frontend","module":"webrtc/sframe-transform","message":"encrypted frame","context":{"kid":9,"ctr":2,"byteLength":62,"codecOffset":10}}

[90mstdout[2m | apps/validator-daemon/src/canary/__tests__/mesh-byzantine.test.ts[2m > [22m[2mREQ-RMS-017 — Byzantine under-server attributed to R via the SHIPPED canary pipeline[2m > [22m[2mR (overclaim->under-serve) is slashed pinned to its miner_id; honest R2 is never slashed
[22m[39m{"timestamp":"2026-06-22T06:17:49.949Z","level":"INFO","source":"frontend","module":"webrtc/sframe-transform","message":"encrypted frame","context":{"kid":9,"ctr":3,"byteLength":62,"codecOffset":10}}

[90mstdout[2m | apps/validator-daemon/src/canary/__tests__/mesh-byzantine.test.ts[2m > [22m[2mREQ-RMS-017 — Byzantine under-server attributed to R via the SHIPPED canary pipeline[2m > [22m[2mR (overclaim->under-serve) is slashed pinned to its miner_id; honest R2 is never slashed
[22m[39m{"timestamp":"2026-06-22T06:17:49.950Z","level":"INFO","source":"frontend","module":"webrtc/sframe-transform","message":"encrypted frame","context":{"kid":9,"ctr":4,"byteLength":62,"codecOffset":10}}

[90mstdout[2m | apps/validator-daemon/src/canary/__tests__/mesh-byzantine.test.ts[2m > [22m[2mREQ-RMS-017 — Byzantine under-server attributed to R via the SHIPPED canary pipeline[2m > [22m[2mR (overclaim->under-serve) is slashed pinned to its miner_id; honest R2 is never slashed
[22m[39m{"timestamp":"2026-06-22T06:17:49.950Z","level":"INFO","source":"frontend","module":"webrtc/sframe-transform","message":"encrypted frame","context":{"kid":9,"ctr":5,"byteLength":62,"codecOffset":10}}

[90mstdout[2m | apps/validator-daemon/src/canary/__tests__/mesh-byzantine.test.ts[2m > [22m[2mREQ-RMS-017 — Byzantine under-server attributed to R via the SHIPPED canary pipeline[2m > [22m[2mR (overclaim->under-serve) is slashed pinned to its miner_id; honest R2 is never slashed
[22m[39m{"timestamp":"2026-06-22T06:17:49.950Z","level":"INFO","source":"frontend","module":"webrtc/sframe-transform","message":"encrypted frame","context":{"kid":9,"ctr":6,"byteLength":62,"codecOffset":10}}

[90mstdout[2m | apps/validator-daemon/src/canary/__tests__/mesh-byzantine.test.ts[2m > [22m[2mREQ-RMS-017 — Byzantine under-server attributed to R via the SHIPPED canary pipeline[2m > [22m[2mR (overclaim->under-serve) is slashed pinned to its miner_id; honest R2 is never slashed
[22m[39m{"timestamp":"2026-06-22T06:17:49.951Z","level":"INFO","source":"frontend","module":"webrtc/sframe-transform","message":"encrypted frame","context":{"kid":9,"ctr":7,"byteLength":62,"codecOffset":10}}

{"level":30,"time":1782109069951,"pid":5904,"hostname":"Quang","name":"canary/verifier","canaryKid":9,"mediaPackets":7,"byteIdentical":7,"divergences":1,"msg":"canary forwarding verified"}
[90mstdout[2m | apps/validator-daemon/src/canary/__tests__/mesh-byzantine.test.ts[2m > [22m[2mREQ-RMS-017 — Byzantine under-server attributed to R via the SHIPPED canary pipeline[2m > [22m[2mR (overclaim->under-serve) is slashed pinned to its miner_id; honest R2 is never slashed
[22m[39m{"timestamp":"2026-06-22T06:17:49.951Z","level":"INFO","source":"frontend","module":"webrtc/sframe-transform","message":"encrypted frame","context":{"kid":9,"ctr":0,"byteLength":62,"codecOffset":10}}

[90mstdout[2m | apps/validator-daemon/src/canary/__tests__/mesh-byzantine.test.ts[2m > [22m[2mREQ-RMS-017 — Byzantine under-server attributed to R via the SHIPPED canary pipeline[2m > [22m[2mR (overclaim->under-serve) is slashed pinned to its miner_id; honest R2 is never slashed
[22m[39m{"timestamp":"2026-06-22T06:17:49.952Z","level":"INFO","source":"frontend","module":"webrtc/sframe-transform","message":"encrypted frame","context":{"kid":9,"ctr":1,"byteLength":62,"codecOffset":10}}

[90mstdout[2m | apps/validator-daemon/src/canary/__tests__/mesh-byzantine.test.ts[2m > [22m[2mREQ-RMS-017 — Byzantine under-server attributed to R via the SHIPPED canary pipeline[2m > [22m[2mR (overclaim->under-serve) is slashed pinned to its miner_id; honest R2 is never slashed
[22m[39m{"timestamp":"2026-06-22T06:17:49.952Z","level":"INFO","source":"frontend","module":"webrtc/sframe-transform","message":"encrypted frame","context":{"kid":9,"ctr":2,"byteLength":62,"codecOffset":10}}

[90mstdout[2m | apps/validator-daemon/src/canary/__tests__/mesh-byzantine.test.ts[2m > [22m[2mREQ-RMS-017 — Byzantine under-server attributed to R via the SHIPPED canary pipeline[2m > [22m[2mR (overclaim->under-serve) is slashed pinned to its miner_id; honest R2 is never slashed
[22m[39m{"timestamp":"2026-06-22T06:17:49.953Z","level":"INFO","source":"frontend","module":"webrtc/sframe-transform","message":"encrypted frame","context":{"kid":9,"ctr":3,"byteLength":62,"codecOffset":10}}

[90mstdout[2m | apps/validator-daemon/src/canary/__tests__/mesh-byzantine.test.ts[2m > [22m[2mREQ-RMS-017 — Byzantine under-server attributed to R via the SHIPPED canary pipeline[2m > [22m[2mR (overclaim->under-serve) is slashed pinned to its miner_id; honest R2 is never slashed
[22m[39m{"timestamp":"2026-06-22T06:17:49.953Z","level":"INFO","source":"frontend","module":"webrtc/sframe-transform","message":"encrypted frame","context":{"kid":9,"ctr":4,"byteLength":62,"codecOffset":10}}

[90mstdout[2m | apps/validator-daemon/src/canary/__tests__/mesh-byzantine.test.ts[2m > [22m[2mREQ-RMS-017 — Byzantine under-server attributed to R via the SHIPPED canary pipeline[2m > [22m[2mR (overclaim->under-serve) is slashed pinned to its miner_id; honest R2 is never slashed
[22m[39m{"timestamp":"2026-06-22T06:17:49.954Z","level":"INFO","source":"frontend","module":"webrtc/sframe-transform","message":"encrypted frame","context":{"kid":9,"ctr":5,"byteLength":62,"codecOffset":10}}

[90mstdout[2m | apps/validator-daemon/src/canary/__tests__/mesh-byzantine.test.ts[2m > [22m[2mREQ-RMS-017 — Byzantine under-server attributed to R via the SHIPPED canary pipeline[2m > [22m[2mR (overclaim->under-serve) is slashed pinned to its miner_id; honest R2 is never slashed
[22m[39m{"timestamp":"2026-06-22T06:17:49.954Z","level":"INFO","source":"frontend","module":"webrtc/sframe-transform","message":"encrypted frame","context":{"kid":9,"ctr":6,"byteLength":62,"codecOffset":10}}

[90mstdout[2m | apps/validator-daemon/src/canary/__tests__/mesh-byzantine.test.ts[2m > [22m[2mREQ-RMS-017 — Byzantine under-server attributed to R via the SHIPPED canary pipeline[2m > [22m[2mR (overclaim->under-serve) is slashed pinned to its miner_id; honest R2 is never slashed
[22m[39m{"timestamp":"2026-06-22T06:17:49.954Z","level":"INFO","source":"frontend","module":"webrtc/sframe-transform","message":"encrypted frame","context":{"kid":9,"ctr":7,"byteLength":62,"codecOffset":10}}

{"level":30,"time":1782109069955,"pid":5904,"hostname":"Quang","name":"canary/verifier","canaryKid":9,"mediaPackets":7,"byteIdentical":7,"divergences":1,"msg":"canary forwarding verified"}
{"level":30,"time":1782109069955,"pid":5904,"hostname":"Quang","name":"canary/loss-classifier","relayMinerId":"relay-byzantine-R","promoted":0,"absorbed":1,"tampers":0,"cumulativeCrossed":false,"msg":"canary divergences classified (drop gate / tamper p=1)"}
{"level":30,"time":1782109069955,"pid":5904,"hostname":"Quang","name":"canary/verify-loop","round":3,"relayMinerId":"relay-byzantine-R","roomId":"mesh-room","perReceiver":2,"promoted":0,"absorbed":1,"stunLossBps":"0","msg":"canary verify round classified (hermetic half — synthetic capture, STUN read live)"}
[90mstdout[2m | apps/validator-daemon/src/canary/__tests__/mesh-byzantine.test.ts[2m > [22m[2mREQ-RMS-017 — Byzantine under-server attributed to R via the SHIPPED canary pipeline[2m > [22m[2mR (overclaim->under-serve) is slashed pinned to its miner_id; honest R2 is never slashed
[22m[39m{"timestamp":"2026-06-22T06:17:49.955Z","level":"INFO","source":"frontend","module":"webrtc/sframe-transform","message":"encrypted frame","context":{"kid":9,"ctr":0,"byteLength":62,"codecOffset":10}}

[90mstdout[2m | apps/validator-daemon/src/canary/__tests__/mesh-byzantine.test.ts[2m > [22m[2mREQ-RMS-017 — Byzantine under-server attributed to R via the SHIPPED canary pipeline[2m > [22m[2mR (overclaim->under-serve) is slashed pinned to its miner_id; honest R2 is never slashed
[22m[39m{"timestamp":"2026-06-22T06:17:49.956Z","level":"INFO","source":"frontend","module":"webrtc/sframe-transform","message":"encrypted frame","context":{"kid":9,"ctr":1,"byteLength":62,"codecOffset":10}}

[90mstdout[2m | apps/validator-daemon/src/canary/__tests__/mesh-byzantine.test.ts[2m > [22m[2mREQ-RMS-017 — Byzantine under-server attributed to R via the SHIPPED canary pipeline[2m > [22m[2mR (overclaim->under-serve) is slashed pinned to its miner_id; honest R2 is never slashed
[22m[39m{"timestamp":"2026-06-22T06:17:49.956Z","level":"INFO","source":"frontend","module":"webrtc/sframe-transform","message":"encrypted frame","context":{"kid":9,"ctr":2,"byteLength":62,"codecOffset":10}}

[90mstdout[2m | apps/validator-daemon/src/canary/__tests__/mesh-byzantine.test.ts[2m > [22m[2mREQ-RMS-017 — Byzantine under-server attributed to R via the SHIPPED canary pipeline[2m > [22m[2mR (overclaim->under-serve) is slashed pinned to its miner_id; honest R2 is never slashed
[22m[39m{"timestamp":"2026-06-22T06:17:49.957Z","level":"INFO","source":"frontend","module":"webrtc/sframe-transform","message":"encrypted frame","context":{"kid":9,"ctr":3,"byteLength":62,"codecOffset":10}}

[90mstdout[2m | apps/validator-daemon/src/canary/__tests__/mesh-byzantine.test.ts[2m > [22m[2mREQ-RMS-017 — Byzantine under-server attributed to R via the SHIPPED canary pipeline[2m > [22m[2mR (overclaim->under-serve) is slashed pinned to its miner_id; honest R2 is never slashed
[22m[39m{"timestamp":"2026-06-22T06:17:49.957Z","level":"INFO","source":"frontend","module":"webrtc/sframe-transform","message":"encrypted frame","context":{"kid":9,"ctr":4,"byteLength":62,"codecOffset":10}}

[90mstdout[2m | apps/validator-daemon/src/canary/__tests__/mesh-byzantine.test.ts[2m > [22m[2mREQ-RMS-017 — Byzantine under-server attributed to R via the SHIPPED canary pipeline[2m > [22m[2mR (overclaim->under-serve) is slashed pinned to its miner_id; honest R2 is never slashed
[22m[39m{"timestamp":"2026-06-22T06:17:49.957Z","level":"INFO","source":"frontend","module":"webrtc/sframe-transform","message":"encrypted frame","context":{"kid":9,"ctr":5,"byteLength":62,"codecOffset":10}}

[90mstdout[2m | apps/validator-daemon/src/canary/__tests__/mesh-byzantine.test.ts[2m > [22m[2mREQ-RMS-017 — Byzantine under-server attributed to R via the SHIPPED canary pipeline[2m > [22m[2mR (overclaim->under-serve) is slashed pinned to its miner_id; honest R2 is never slashed
[22m[39m{"timestamp":"2026-06-22T06:17:49.958Z","level":"INFO","source":"frontend","module":"webrtc/sframe-transform","message":"encrypted frame","context":{"kid":9,"ctr":6,"byteLength":62,"codecOffset":10}}

[90mstdout[2m | apps/validator-daemon/src/canary/__tests__/mesh-byzantine.test.ts[2m > [22m[2mREQ-RMS-017 — Byzantine under-server attributed to R via the SHIPPED canary pipeline[2m > [22m[2mR (overclaim->under-serve) is slashed pinned to its miner_id; honest R2 is never slashed
[22m[39m{"timestamp":"2026-06-22T06:17:49.958Z","level":"INFO","source":"frontend","module":"webrtc/sframe-transform","message":"encrypted frame","context":{"kid":9,"ctr":7,"byteLength":62,"codecOffset":10}}

[90mstdout[2m | apps/validator-daemon/src/canary/__tests__/mesh-byzantine.test.ts[2m > [22m[2mREQ-RMS-017 — Byzantine under-server attributed to R via the SHIPPED canary pipeline[2m > [22m[2mR (overclaim->under-serve) is slashed pinned to its miner_id; honest R2 is never slashed
[22m[39m{"timestamp":"2026-06-22T06:17:49.958Z","level":"INFO","source":"frontend","module":"webrtc/sframe-transform","message":"encrypted frame","context":{"kid":9,"ctr":0,"byteLength":62,"codecOffset":10}}

[90mstdout[2m | apps/validator-daemon/src/canary/__tests__/mesh-byzantine.test.ts[2m > [22m[2mREQ-RMS-017 — Byzantine under-server attributed to R via the SHIPPED canary pipeline[2m > [22m[2mR (overclaim->under-serve) is slashed pinned to its miner_id; honest R2 is never slashed
[22m[39m{"timestamp":"2026-06-22T06:17:49.959Z","level":"INFO","source":"frontend","module":"webrtc/sframe-transform","message":"encrypted frame","context":{"kid":9,"ctr":1,"byteLength":62,"codecOffset":10}}

[90mstdout[2m | apps/validator-daemon/src/canary/__tests__/mesh-byzantine.test.ts[2m > [22m[2mREQ-RMS-017 — Byzantine under-server attributed to R via the SHIPPED canary pipeline[2m > [22m[2mR (overclaim->under-serve) is slashed pinned to its miner_id; honest R2 is never slashed
[22m[39m{"timestamp":"2026-06-22T06:17:49.959Z","level":"INFO","source":"frontend","module":"webrtc/sframe-transform","message":"encrypted frame","context":{"kid":9,"ctr":2,"byteLength":62,"codecOffset":10}}

[90mstdout[2m | apps/validator-daemon/src/canary/__tests__/mesh-byzantine.test.ts[2m > [22m[2mREQ-RMS-017 — Byzantine under-server attributed to R via the SHIPPED canary pipeline[2m > [22m[2mR (overclaim->under-serve) is slashed pinned to its miner_id; honest R2 is never slashed
[22m[39m{"timestamp":"2026-06-22T06:17:49.959Z","level":"INFO","source":"frontend","module":"webrtc/sframe-transform","message":"encrypted frame","context":{"kid":9,"ctr":3,"byteLength":62,"codecOffset":10}}

[90mstdout[2m | apps/validator-daemon/src/canary/__tests__/mesh-byzantine.test.ts[2m > [22m[2mREQ-RMS-017 — Byzantine under-server attributed to R via the SHIPPED canary pipeline[2m > [22m[2mR (overclaim->under-serve) is slashed pinned to its miner_id; honest R2 is never slashed
[22m[39m{"timestamp":"2026-06-22T06:17:49.960Z","level":"INFO","source":"frontend","module":"webrtc/sframe-transform","message":"encrypted frame","context":{"kid":9,"ctr":4,"byteLength":62,"codecOffset":10}}

[90mstdout[2m | apps/validator-daemon/src/canary/__tests__/mesh-byzantine.test.ts[2m > [22m[2mREQ-RMS-017 — Byzantine under-server attributed to R via the SHIPPED canary pipeline[2m > [22m[2mR (overclaim->under-serve) is slashed pinned to its miner_id; honest R2 is never slashed
[22m[39m{"timestamp":"2026-06-22T06:17:49.960Z","level":"INFO","source":"frontend","module":"webrtc/sframe-transform","message":"encrypted frame","context":{"kid":9,"ctr":5,"byteLength":62,"codecOffset":10}}

[90mstdout[2m | apps/validator-daemon/src/canary/__tests__/mesh-byzantine.test.ts[2m > [22m[2mREQ-RMS-017 — Byzantine under-server attributed to R via the SHIPPED canary pipeline[2m > [22m[2mR (overclaim->under-serve) is slashed pinned to its miner_id; honest R2 is never slashed
[22m[39m{"timestamp":"2026-06-22T06:17:49.960Z","level":"INFO","source":"frontend","module":"webrtc/sframe-transform","message":"encrypted frame","context":{"kid":9,"ctr":6,"byteLength":62,"codecOffset":10}}

[90mstdout[2m | apps/validator-daemon/src/canary/__tests__/mesh-byzantine.test.ts[2m > [22m[2mREQ-RMS-017 — Byzantine under-server attributed to R via the SHIPPED canary pipeline[2m > [22m[2mR (overclaim->under-serve) is slashed pinned to its miner_id; honest R2 is never slashed
[22m[39m{"timestamp":"2026-06-22T06:17:49.961Z","level":"INFO","source":"frontend","module":"webrtc/sframe-transform","message":"encrypted frame","context":{"kid":9,"ctr":7,"byteLength":62,"codecOffset":10}}

{"level":30,"time":1782109069961,"pid":5904,"hostname":"Quang","name":"canary/verifier","canaryKid":9,"mediaPackets":8,"byteIdentical":8,"divergences":0,"msg":"canary forwarding verified"}
[90mstdout[2m | apps/validator-daemon/src/canary/__tests__/mesh-byzantine.test.ts[2m > [22m[2mREQ-RMS-017 — Byzantine under-server attributed to R via the SHIPPED canary pipeline[2m > [22m[2mR (overclaim->under-serve) is slashed pinned to its miner_id; honest R2 is never slashed
[22m[39m{"timestamp":"2026-06-22T06:17:49.961Z","level":"INFO","source":"frontend","module":"webrtc/sframe-transform","message":"encrypted frame","context":{"kid":9,"ctr":0,"byteLength":62,"codecOffset":10}}

[90mstdout[2m | apps/validator-daemon/src/canary/__tests__/mesh-byzantine.test.ts[2m > [22m[2mREQ-RMS-017 — Byzantine under-server attributed to R via the SHIPPED canary pipeline[2m > [22m[2mR (overclaim->under-serve) is slashed pinned to its miner_id; honest R2 is never slashed
[22m[39m{"timestamp":"2026-06-22T06:17:49.961Z","level":"INFO","source":"frontend","module":"webrtc/sframe-transform","message":"encrypted frame","context":{"kid":9,"ctr":1,"byteLength":62,"codecOffset":10}}

[90mstdout[2m | apps/validator-daemon/src/canary/__tests__/mesh-byzantine.test.ts[2m > [22m[2mREQ-RMS-017 — Byzantine under-server attributed to R via the SHIPPED canary pipeline[2m > [22m[2mR (overclaim->under-serve) is slashed pinned to its miner_id; honest R2 is never slashed
[22m[39m{"timestamp":"2026-06-22T06:17:49.962Z","level":"INFO","source":"frontend","module":"webrtc/sframe-transform","message":"encrypted frame","context":{"kid":9,"ctr":2,"byteLength":62,"codecOffset":10}}

[90mstdout[2m | apps/validator-daemon/src/canary/__tests__/mesh-byzantine.test.ts[2m > [22m[2mREQ-RMS-017 — Byzantine under-server attributed to R via the SHIPPED canary pipeline[2m > [22m[2mR (overclaim->under-serve) is slashed pinned to its miner_id; honest R2 is never slashed
[22m[39m{"timestamp":"2026-06-22T06:17:49.962Z","level":"INFO","source":"frontend","module":"webrtc/sframe-transform","message":"encrypted frame","context":{"kid":9,"ctr":3,"byteLength":62,"codecOffset":10}}

[90mstdout[2m | apps/validator-daemon/src/canary/__tests__/mesh-byzantine.test.ts[2m > [22m[2mREQ-RMS-017 — Byzantine under-server attributed to R via the SHIPPED canary pipeline[2m > [22m[2mR (overclaim->under-serve) is slashed pinned to its miner_id; honest R2 is never slashed
[22m[39m{"timestamp":"2026-06-22T06:17:49.962Z","level":"INFO","source":"frontend","module":"webrtc/sframe-transform","message":"encrypted frame","context":{"kid":9,"ctr":4,"byteLength":62,"codecOffset":10}}

[90mstdout[2m | apps/validator-daemon/src/canary/__tests__/mesh-byzantine.test.ts[2m > [22m[2mREQ-RMS-017 — Byzantine under-server attributed to R via the SHIPPED canary pipeline[2m > [22m[2mR (overclaim->under-serve) is slashed pinned to its miner_id; honest R2 is never slashed
[22m[39m{"timestamp":"2026-06-22T06:17:49.963Z","level":"INFO","source":"frontend","module":"webrtc/sframe-transform","message":"encrypted frame","context":{"kid":9,"ctr":5,"byteLength":62,"codecOffset":10}}

[90mstdout[2m | apps/validator-daemon/src/canary/__tests__/mesh-byzantine.test.ts[2m > [22m[2mREQ-RMS-017 — Byzantine under-server attributed to R via the SHIPPED canary pipeline[2m > [22m[2mR (overclaim->under-serve) is slashed pinned to its miner_id; honest R2 is never slashed
[22m[39m{"timestamp":"2026-06-22T06:17:49.963Z","level":"INFO","source":"frontend","module":"webrtc/sframe-transform","message":"encrypted frame","context":{"kid":9,"ctr":6,"byteLength":62,"codecOffset":10}}

[90mstdout[2m | apps/validator-daemon/src/canary/__tests__/mesh-byzantine.test.ts[2m > [22m[2mREQ-RMS-017 — Byzantine under-server attributed to R via the SHIPPED canary pipeline[2m > [22m[2mR (overclaim->under-serve) is slashed pinned to its miner_id; honest R2 is never slashed
[22m[39m{"timestamp":"2026-06-22T06:17:49.963Z","level":"INFO","source":"frontend","module":"webrtc/sframe-transform","message":"encrypted frame","context":{"kid":9,"ctr":7,"byteLength":62,"codecOffset":10}}

{"level":30,"time":1782109069964,"pid":5904,"hostname":"Quang","name":"canary/verifier","canaryKid":9,"mediaPackets":8,"byteIdentical":8,"divergences":0,"msg":"canary forwarding verified"}
{"level":30,"time":1782109069964,"pid":5904,"hostname":"Quang","name":"canary/loss-classifier","relayMinerId":"relay-honest-R2","promoted":0,"absorbed":0,"tampers":0,"cumulativeCrossed":false,"msg":"canary divergences classified (drop gate / tamper p=1)"}
{"level":30,"time":1782109069964,"pid":5904,"hostname":"Quang","name":"canary/verify-loop","round":3,"relayMinerId":"relay-honest-R2","roomId":"mesh-room","perReceiver":2,"promoted":0,"absorbed":0,"stunLossBps":"0","msg":"canary verify round classified (hermetic half — synthetic capture, STUN read live)"}
[90mstdout[2m | apps/validator-daemon/src/canary/__tests__/mesh-byzantine.test.ts[2m > [22m[2mREQ-RMS-017 — Byzantine under-server attributed to R via the SHIPPED canary pipeline[2m > [22m[2mR (overclaim->under-serve) is slashed pinned to its miner_id; honest R2 is never slashed
[22m[39m{"timestamp":"2026-06-22T06:17:49.964Z","level":"INFO","source":"frontend","module":"webrtc/sframe-transform","message":"encrypted frame","context":{"kid":9,"ctr":0,"byteLength":62,"codecOffset":10}}

[90mstdout[2m | apps/validator-daemon/src/canary/__tests__/mesh-byzantine.test.ts[2m > [22m[2mREQ-RMS-017 — Byzantine under-server attributed to R via the SHIPPED canary pipeline[2m > [22m[2mR (overclaim->under-serve) is slashed pinned to its miner_id; honest R2 is never slashed
[22m[39m{"timestamp":"2026-06-22T06:17:49.965Z","level":"INFO","source":"frontend","module":"webrtc/sframe-transform","message":"encrypted frame","context":{"kid":9,"ctr":1,"byteLength":62,"codecOffset":10}}

[90mstdout[2m | apps/validator-daemon/src/canary/__tests__/mesh-byzantine.test.ts[2m > [22m[2mREQ-RMS-017 — Byzantine under-server attributed to R via the SHIPPED canary pipeline[2m > [22m[2mR (overclaim->under-serve) is slashed pinned to its miner_id; honest R2 is never slashed
[22m[39m{"timestamp":"2026-06-22T06:17:49.965Z","level":"INFO","source":"frontend","module":"webrtc/sframe-transform","message":"encrypted frame","context":{"kid":9,"ctr":2,"byteLength":62,"codecOffset":10}}

[90mstdout[2m | apps/validator-daemon/src/canary/__tests__/mesh-byzantine.test.ts[2m > [22m[2mREQ-RMS-017 — Byzantine under-server attributed to R via the SHIPPED canary pipeline[2m > [22m[2mR (overclaim->under-serve) is slashed pinned to its miner_id; honest R2 is never slashed
[22m[39m{"timestamp":"2026-06-22T06:17:49.965Z","level":"INFO","source":"frontend","module":"webrtc/sframe-transform","message":"encrypted frame","context":{"kid":9,"ctr":3,"byteLength":62,"codecOffset":10}}

[90mstdout[2m | apps/validator-daemon/src/canary/__tests__/mesh-byzantine.test.ts[2m > [22m[2mREQ-RMS-017 — Byzantine under-server attributed to R via the SHIPPED canary pipeline[2m > [22m[2mR (overclaim->under-serve) is slashed pinned to its miner_id; honest R2 is never slashed
[22m[39m{"timestamp":"2026-06-22T06:17:49.966Z","level":"INFO","source":"frontend","module":"webrtc/sframe-transform","message":"encrypted frame","context":{"kid":9,"ctr":4,"byteLength":62,"codecOffset":10}}

[90mstdout[2m | apps/validator-daemon/src/canary/__tests__/mesh-byzantine.test.ts[2m > [22m[2mREQ-RMS-017 — Byzantine under-server attributed to R via the SHIPPED canary pipeline[2m > [22m[2mR (overclaim->under-serve) is slashed pinned to its miner_id; honest R2 is never slashed
[22m[39m{"timestamp":"2026-06-22T06:17:49.966Z","level":"INFO","source":"frontend","module":"webrtc/sframe-transform","message":"encrypted frame","context":{"kid":9,"ctr":6,"byteLength":62,"codecOffset":10}}

[90mstdout[2m | apps/validator-daemon/src/canary/__tests__/mesh-byzantine.test.ts[2m > [22m[2mREQ-RMS-017 — Byzantine under-server attributed to R via the SHIPPED canary pipeline[2m > [22m[2mR (overclaim->under-serve) is slashed pinned to its miner_id; honest R2 is never slashed
[22m[39m{"timestamp":"2026-06-22T06:17:49.967Z","level":"INFO","source":"frontend","module":"webrtc/sframe-transform","message":"encrypted frame","context":{"kid":9,"ctr":7,"byteLength":62,"codecOffset":10}}

[90mstdout[2m | apps/validator-daemon/src/canary/__tests__/mesh-byzantine.test.ts[2m > [22m[2mREQ-RMS-017 — Byzantine under-server attributed to R via the SHIPPED canary pipeline[2m > [22m[2mR (overclaim->under-serve) is slashed pinned to its miner_id; honest R2 is never slashed
[22m[39m{"timestamp":"2026-06-22T06:17:49.967Z","level":"INFO","source":"frontend","module":"webrtc/sframe-transform","message":"encrypted frame","context":{"kid":9,"ctr":0,"byteLength":62,"codecOffset":10}}

[90mstdout[2m | apps/validator-daemon/src/canary/__tests__/mesh-byzantine.test.ts[2m > [22m[2mREQ-RMS-017 — Byzantine under-server attributed to R via the SHIPPED canary pipeline[2m > [22m[2mR (overclaim->under-serve) is slashed pinned to its miner_id; honest R2 is never slashed
[22m[39m{"timestamp":"2026-06-22T06:17:49.967Z","level":"INFO","source":"frontend","module":"webrtc/sframe-transform","message":"encrypted frame","context":{"kid":9,"ctr":1,"byteLength":62,"codecOffset":10}}

[90mstdout[2m | apps/validator-daemon/src/canary/__tests__/mesh-byzantine.test.ts[2m > [22m[2mREQ-RMS-017 — Byzantine under-server attributed to R via the SHIPPED canary pipeline[2m > [22m[2mR (overclaim->under-serve) is slashed pinned to its miner_id; honest R2 is never slashed
[22m[39m{"timestamp":"2026-06-22T06:17:49.968Z","level":"INFO","source":"frontend","module":"webrtc/sframe-transform","message":"encrypted frame","context":{"kid":9,"ctr":2,"byteLength":62,"codecOffset":10}}

[90mstdout[2m | apps/validator-daemon/src/canary/__tests__/mesh-byzantine.test.ts[2m > [22m[2mREQ-RMS-017 — Byzantine under-server attributed to R via the SHIPPED canary pipeline[2m > [22m[2mR (overclaim->under-serve) is slashed pinned to its miner_id; honest R2 is never slashed
[22m[39m{"timestamp":"2026-06-22T06:17:49.968Z","level":"INFO","source":"frontend","module":"webrtc/sframe-transform","message":"encrypted frame","context":{"kid":9,"ctr":3,"byteLength":62,"codecOffset":10}}

[90mstdout[2m | apps/validator-daemon/src/canary/__tests__/mesh-byzantine.test.ts[2m > [22m[2mREQ-RMS-017 — Byzantine under-server attributed to R via the SHIPPED canary pipeline[2m > [22m[2mR (overclaim->under-serve) is slashed pinned to its miner_id; honest R2 is never slashed
[22m[39m{"timestamp":"2026-06-22T06:17:49.968Z","level":"INFO","source":"frontend","module":"webrtc/sframe-transform","message":"encrypted frame","context":{"kid":9,"ctr":4,"byteLength":62,"codecOffset":10}}

[90mstdout[2m | apps/validator-daemon/src/canary/__tests__/mesh-byzantine.test.ts[2m > [22m[2mREQ-RMS-017 — Byzantine under-server attributed to R via the SHIPPED canary pipeline[2m > [22m[2mR (overclaim->under-serve) is slashed pinned to its miner_id; honest R2 is never slashed
[22m[39m{"timestamp":"2026-06-22T06:17:49.969Z","level":"INFO","source":"frontend","module":"webrtc/sframe-transform","message":"encrypted frame","context":{"kid":9,"ctr":5,"byteLength":62,"codecOffset":10}}

[90mstdout[2m | apps/validator-daemon/src/canary/__tests__/mesh-byzantine.test.ts[2m > [22m[2mREQ-RMS-017 — Byzantine under-server attributed to R via the SHIPPED canary pipeline[2m > [22m[2mR (overclaim->under-serve) is slashed pinned to its miner_id; honest R2 is never slashed
[22m[39m{"timestamp":"2026-06-22T06:17:49.969Z","level":"INFO","source":"frontend","module":"webrtc/sframe-transform","message":"encrypted frame","context":{"kid":9,"ctr":6,"byteLength":62,"codecOffset":10}}

[90mstdout[2m | apps/validator-daemon/src/canary/__tests__/mesh-byzantine.test.ts[2m > [22m[2mREQ-RMS-017 — Byzantine under-server attributed to R via the SHIPPED canary pipeline[2m > [22m[2mR (overclaim->under-serve) is slashed pinned to its miner_id; honest R2 is never slashed
[22m[39m{"timestamp":"2026-06-22T06:17:49.970Z","level":"INFO","source":"frontend","module":"webrtc/sframe-transform","message":"encrypted frame","context":{"kid":9,"ctr":7,"byteLength":62,"codecOffset":10}}

{"level":30,"time":1782109069970,"pid":5904,"hostname":"Quang","name":"canary/verifier","canaryKid":9,"mediaPackets":7,"byteIdentical":7,"divergences":1,"msg":"canary forwarding verified"}
[90mstdout[2m | apps/validator-daemon/src/canary/__tests__/mesh-byzantine.test.ts[2m > [22m[2mREQ-RMS-017 — Byzantine under-server attributed to R via the SHIPPED canary pipeline[2m > [22m[2mR (overclaim->under-serve) is slashed pinned to its miner_id; honest R2 is never slashed
[22m[39m{"timestamp":"2026-06-22T06:17:49.970Z","level":"INFO","source":"frontend","module":"webrtc/sframe-transform","message":"encrypted frame","context":{"kid":9,"ctr":0,"byteLength":62,"codecOffset":10}}

[90mstdout[2m | apps/validator-daemon/src/canary/__tests__/mesh-byzantine.test.ts[2m > [22m[2mREQ-RMS-017 — Byzantine under-server attributed to R via the SHIPPED canary pipeline[2m > [22m[2mR (overclaim->under-serve) is slashed pinned to its miner_id; honest R2 is never slashed
[22m[39m{"timestamp":"2026-06-22T06:17:49.970Z","level":"INFO","source":"frontend","module":"webrtc/sframe-transform","message":"encrypted frame","context":{"kid":9,"ctr":1,"byteLength":62,"codecOffset":10}}

[90mstdout[2m | apps/validator-daemon/src/canary/__tests__/mesh-byzantine.test.ts[2m > [22m[2mREQ-RMS-017 — Byzantine under-server attributed to R via the SHIPPED canary pipeline[2m > [22m[2mR (overclaim->under-serve) is slashed pinned to its miner_id; honest R2 is never slashed
[22m[39m{"timestamp":"2026-06-22T06:17:49.971Z","level":"INFO","source":"frontend","module":"webrtc/sframe-transform","message":"encrypted frame","context":{"kid":9,"ctr":2,"byteLength":62,"codecOffset":10}}

[90mstdout[2m | apps/validator-daemon/src/canary/__tests__/mesh-byzantine.test.ts[2m > [22m[2mREQ-RMS-017 — Byzantine under-server attributed to R via the SHIPPED canary pipeline[2m > [22m[2mR (overclaim->under-serve) is slashed pinned to its miner_id; honest R2 is never slashed
[22m[39m{"timestamp":"2026-06-22T06:17:49.971Z","level":"INFO","source":"frontend","module":"webrtc/sframe-transform","message":"encrypted frame","context":{"kid":9,"ctr":3,"byteLength":62,"codecOffset":10}}

[90mstdout[2m | apps/validator-daemon/src/canary/__tests__/mesh-byzantine.test.ts[2m > [22m[2mREQ-RMS-017 — Byzantine under-server attributed to R via the SHIPPED canary pipeline[2m > [22m[2mR (overclaim->under-serve) is slashed pinned to its miner_id; honest R2 is never slashed
[22m[39m{"timestamp":"2026-06-22T06:17:49.972Z","level":"INFO","source":"frontend","module":"webrtc/sframe-transform","message":"encrypted frame","context":{"kid":9,"ctr":4,"byteLength":62,"codecOffset":10}}

[90mstdout[2m | apps/validator-daemon/src/canary/__tests__/mesh-byzantine.test.ts[2m > [22m[2mREQ-RMS-017 — Byzantine under-server attributed to R via the SHIPPED canary pipeline[2m > [22m[2mR (overclaim->under-serve) is slashed pinned to its miner_id; honest R2 is never slashed
[22m[39m{"timestamp":"2026-06-22T06:17:49.972Z","level":"INFO","source":"frontend","module":"webrtc/sframe-transform","message":"encrypted frame","context":{"kid":9,"ctr":5,"byteLength":62,"codecOffset":10}}

[90mstdout[2m | apps/validator-daemon/src/canary/__tests__/mesh-byzantine.test.ts[2m > [22m[2mREQ-RMS-017 — Byzantine under-server attributed to R via the SHIPPED canary pipeline[2m > [22m[2mR (overclaim->under-serve) is slashed pinned to its miner_id; honest R2 is never slashed
[22m[39m{"timestamp":"2026-06-22T06:17:49.973Z","level":"INFO","source":"frontend","module":"webrtc/sframe-transform","message":"encrypted frame","context":{"kid":9,"ctr":6,"byteLength":62,"codecOffset":10}}

[90mstdout[2m | apps/validator-daemon/src/canary/__tests__/mesh-byzantine.test.ts[2m > [22m[2mREQ-RMS-017 — Byzantine under-server attributed to R via the SHIPPED canary pipeline[2m > [22m[2mR (overclaim->under-serve) is slashed pinned to its miner_id; honest R2 is never slashed
[22m[39m{"timestamp":"2026-06-22T06:17:49.973Z","level":"INFO","source":"frontend","module":"webrtc/sframe-transform","message":"encrypted frame","context":{"kid":9,"ctr":7,"byteLength":62,"codecOffset":10}}

{"level":30,"time":1782109069973,"pid":5904,"hostname":"Quang","name":"canary/verifier","canaryKid":9,"mediaPackets":7,"byteIdentical":7,"divergences":1,"msg":"canary forwarding verified"}
{"level":30,"time":1782109069973,"pid":5904,"hostname":"Quang","name":"canary/loss-classifier","relayMinerId":"relay-byzantine-R","promoted":1,"absorbed":0,"tampers":0,"cumulativeCrossed":true,"msg":"canary divergences classified (drop gate / tamper p=1)"}
{"level":30,"time":1782109069976,"pid":5904,"hostname":"Quang","name":"canary/verify-loop","round":4,"relayMinerId":"relay-byzantine-R","roomId":"mesh-room","perReceiver":2,"promoted":1,"absorbed":0,"stunLossBps":"0","msg":"canary verify round classified (hermetic half — synthetic capture, STUN read live)"}
[90mstdout[2m | apps/validator-daemon/src/canary/__tests__/mesh-byzantine.test.ts[2m > [22m[2mREQ-RMS-017 — Byzantine under-server attributed to R via the SHIPPED canary pipeline[2m > [22m[2mR (overclaim->under-serve) is slashed pinned to its miner_id; honest R2 is never slashed
[22m[39m{"timestamp":"2026-06-22T06:17:49.977Z","level":"INFO","source":"frontend","module":"webrtc/sframe-transform","message":"encrypted frame","context":{"kid":9,"ctr":0,"byteLength":62,"codecOffset":10}}

[90mstdout[2m | apps/validator-daemon/src/canary/__tests__/mesh-byzantine.test.ts[2m > [22m[2mREQ-RMS-017 — Byzantine under-server attributed to R via the SHIPPED canary pipeline[2m > [22m[2mR (overclaim->under-serve) is slashed pinned to its miner_id; honest R2 is never slashed
[22m[39m{"timestamp":"2026-06-22T06:17:49.977Z","level":"INFO","source":"frontend","module":"webrtc/sframe-transform","message":"encrypted frame","context":{"kid":9,"ctr":1,"byteLength":62,"codecOffset":10}}

[90mstdout[2m | apps/validator-daemon/src/canary/__tests__/mesh-byzantine.test.ts[2m > [22m[2mREQ-RMS-017 — Byzantine under-server attributed to R via the SHIPPED canary pipeline[2m > [22m[2mR (overclaim->under-serve) is slashed pinned to its miner_id; honest R2 is never slashed
[22m[39m{"timestamp":"2026-06-22T06:17:49.978Z","level":"INFO","source":"frontend","module":"webrtc/sframe-transform","message":"encrypted frame","context":{"kid":9,"ctr":2,"byteLength":62,"codecOffset":10}}

[90mstdout[2m | apps/validator-daemon/src/canary/__tests__/mesh-byzantine.test.ts[2m > [22m[2mREQ-RMS-017 — Byzantine under-server attributed to R via the SHIPPED canary pipeline[2m > [22m[2mR (overclaim->under-serve) is slashed pinned to its miner_id; honest R2 is never slashed
[22m[39m{"timestamp":"2026-06-22T06:17:49.978Z","level":"INFO","source":"frontend","module":"webrtc/sframe-transform","message":"encrypted frame","context":{"kid":9,"ctr":3,"byteLength":62,"codecOffset":10}}

[90mstdout[2m | apps/validator-daemon/src/canary/__tests__/mesh-byzantine.test.ts[2m > [22m[2mREQ-RMS-017 — Byzantine under-server attributed to R via the SHIPPED canary pipeline[2m > [22m[2mR (overclaim->under-serve) is slashed pinned to its miner_id; honest R2 is never slashed
[22m[39m{"timestamp":"2026-06-22T06:17:49.979Z","level":"INFO","source":"frontend","module":"webrtc/sframe-transform","message":"encrypted frame","context":{"kid":9,"ctr":4,"byteLength":62,"codecOffset":10}}

[90mstdout[2m | apps/validator-daemon/src/canary/__tests__/mesh-byzantine.test.ts[2m > [22m[2mREQ-RMS-017 — Byzantine under-server attributed to R via the SHIPPED canary pipeline[2m > [22m[2mR (overclaim->under-serve) is slashed pinned to its miner_id; honest R2 is never slashed
[22m[39m{"timestamp":"2026-06-22T06:17:49.981Z","level":"INFO","source":"frontend","module":"webrtc/sframe-transform","message":"encrypted frame","context":{"kid":9,"ctr":5,"byteLength":62,"codecOffset":10}}

[90mstdout[2m | apps/validator-daemon/src/canary/__tests__/mesh-byzantine.test.ts[2m > [22m[2mREQ-RMS-017 — Byzantine under-server attributed to R via the SHIPPED canary pipeline[2m > [22m[2mR (overclaim->under-serve) is slashed pinned to its miner_id; honest R2 is never slashed
[22m[39m{"timestamp":"2026-06-22T06:17:49.981Z","level":"INFO","source":"frontend","module":"webrtc/sframe-transform","message":"encrypted frame","context":{"kid":9,"ctr":6,"byteLength":62,"codecOffset":10}}

[90mstdout[2m | apps/validator-daemon/src/canary/__tests__/mesh-byzantine.test.ts[2m > [22m[2mREQ-RMS-017 — Byzantine under-server attributed to R via the SHIPPED canary pipeline[2m > [22m[2mR (overclaim->under-serve) is slashed pinned to its miner_id; honest R2 is never slashed
[22m[39m{"timestamp":"2026-06-22T06:17:49.981Z","level":"INFO","source":"frontend","module":"webrtc/sframe-transform","message":"encrypted frame","context":{"kid":9,"ctr":7,"byteLength":62,"codecOffset":10}}

[90mstdout[2m | apps/validator-daemon/src/canary/__tests__/mesh-byzantine.test.ts[2m > [22m[2mREQ-RMS-017 — Byzantine under-server attributed to R via the SHIPPED canary pipeline[2m > [22m[2mR (overclaim->under-serve) is slashed pinned to its miner_id; honest R2 is never slashed
[22m[39m{"timestamp":"2026-06-22T06:17:49.982Z","level":"INFO","source":"frontend","module":"webrtc/sframe-transform","message":"encrypted frame","context":{"kid":9,"ctr":0,"byteLength":62,"codecOffset":10}}

[90mstdout[2m | apps/validator-daemon/src/canary/__tests__/mesh-byzantine.test.ts[2m > [22m[2mREQ-RMS-017 — Byzantine under-server attributed to R via the SHIPPED canary pipeline[2m > [22m[2mR (overclaim->under-serve) is slashed pinned to its miner_id; honest R2 is never slashed
[22m[39m{"timestamp":"2026-06-22T06:17:49.982Z","level":"INFO","source":"frontend","module":"webrtc/sframe-transform","message":"encrypted frame","context":{"kid":9,"ctr":1,"byteLength":62,"codecOffset":10}}

[90mstdout[2m | apps/validator-daemon/src/canary/__tests__/mesh-byzantine.test.ts[2m > [22m[2mREQ-RMS-017 — Byzantine under-server attributed to R via the SHIPPED canary pipeline[2m > [22m[2mR (overclaim->under-serve) is slashed pinned to its miner_id; honest R2 is never slashed
[22m[39m{"timestamp":"2026-06-22T06:17:49.983Z","level":"INFO","source":"frontend","module":"webrtc/sframe-transform","message":"encrypted frame","context":{"kid":9,"ctr":2,"byteLength":62,"codecOffset":10}}

[90mstdout[2m | apps/validator-daemon/src/canary/__tests__/mesh-byzantine.test.ts[2m > [22m[2mREQ-RMS-017 — Byzantine under-server attributed to R via the SHIPPED canary pipeline[2m > [22m[2mR (overclaim->under-serve) is slashed pinned to its miner_id; honest R2 is never slashed
[22m[39m{"timestamp":"2026-06-22T06:17:49.983Z","level":"INFO","source":"frontend","module":"webrtc/sframe-transform","message":"encrypted frame","context":{"kid":9,"ctr":3,"byteLength":62,"codecOffset":10}}

[90mstdout[2m | apps/validator-daemon/src/canary/__tests__/mesh-byzantine.test.ts[2m > [22m[2mREQ-RMS-017 — Byzantine under-server attributed to R via the SHIPPED canary pipeline[2m > [22m[2mR (overclaim->under-serve) is slashed pinned to its miner_id; honest R2 is never slashed
[22m[39m{"timestamp":"2026-06-22T06:17:49.983Z","level":"INFO","source":"frontend","module":"webrtc/sframe-transform","message":"encrypted frame","context":{"kid":9,"ctr":4,"byteLength":62,"codecOffset":10}}

[90mstdout[2m | apps/validator-daemon/src/canary/__tests__/mesh-byzantine.test.ts[2m > [22m[2mREQ-RMS-017 — Byzantine under-server attributed to R via the SHIPPED canary pipeline[2m > [22m[2mR (overclaim->under-serve) is slashed pinned to its miner_id; honest R2 is never slashed
[22m[39m{"timestamp":"2026-06-22T06:17:49.984Z","level":"INFO","source":"frontend","module":"webrtc/sframe-transform","message":"encrypted frame","context":{"kid":9,"ctr":5,"byteLength":62,"codecOffset":10}}

[90mstdout[2m | apps/validator-daemon/src/canary/__tests__/mesh-byzantine.test.ts[2m > [22m[2mREQ-RMS-017 — Byzantine under-server attributed to R via the SHIPPED canary pipeline[2m > [22m[2mR (overclaim->under-serve) is slashed pinned to its miner_id; honest R2 is never slashed
[22m[39m{"timestamp":"2026-06-22T06:17:49.984Z","level":"INFO","source":"frontend","module":"webrtc/sframe-transform","message":"encrypted frame","context":{"kid":9,"ctr":6,"byteLength":62,"codecOffset":10}}

[90mstdout[2m | apps/validator-daemon/src/canary/__tests__/mesh-byzantine.test.ts[2m > [22m[2mREQ-RMS-017 — Byzantine under-server attributed to R via the SHIPPED canary pipeline[2m > [22m[2mR (overclaim->under-serve) is slashed pinned to its miner_id; honest R2 is never slashed
[22m[39m{"timestamp":"2026-06-22T06:17:49.984Z","level":"INFO","source":"frontend","module":"webrtc/sframe-transform","message":"encrypted frame","context":{"kid":9,"ctr":7,"byteLength":62,"codecOffset":10}}

{"level":30,"time":1782109069985,"pid":5904,"hostname":"Quang","name":"canary/verifier","canaryKid":9,"mediaPackets":8,"byteIdentical":8,"divergences":0,"msg":"canary forwarding verified"}
[90mstdout[2m | apps/validator-daemon/src/canary/__tests__/mesh-byzantine.test.ts[2m > [22m[2mREQ-RMS-017 — Byzantine under-server attributed to R via the SHIPPED canary pipeline[2m > [22m[2mR (overclaim->under-serve) is slashed pinned to its miner_id; honest R2 is never slashed
[22m[39m{"timestamp":"2026-06-22T06:17:49.985Z","level":"INFO","source":"frontend","module":"webrtc/sframe-transform","message":"encrypted frame","context":{"kid":9,"ctr":0,"byteLength":62,"codecOffset":10}}

[90mstdout[2m | apps/validator-daemon/src/canary/__tests__/mesh-byzantine.test.ts[2m > [22m[2mREQ-RMS-017 — Byzantine under-server attributed to R via the SHIPPED canary pipeline[2m > [22m[2mR (overclaim->under-serve) is slashed pinned to its miner_id; honest R2 is never slashed
[22m[39m{"timestamp":"2026-06-22T06:17:49.985Z","level":"INFO","source":"frontend","module":"webrtc/sframe-transform","message":"encrypted frame","context":{"kid":9,"ctr":1,"byteLength":62,"codecOffset":10}}

[90mstdout[2m | apps/validator-daemon/src/canary/__tests__/mesh-byzantine.test.ts[2m > [22m[2mREQ-RMS-017 — Byzantine under-server attributed to R via the SHIPPED canary pipeline[2m > [22m[2mR (overclaim->under-serve) is slashed pinned to its miner_id; honest R2 is never slashed
[22m[39m{"timestamp":"2026-06-22T06:17:49.986Z","level":"INFO","source":"frontend","module":"webrtc/sframe-transform","message":"encrypted frame","context":{"kid":9,"ctr":2,"byteLength":62,"codecOffset":10}}

[90mstdout[2m | apps/validator-daemon/src/canary/__tests__/mesh-byzantine.test.ts[2m > [22m[2mREQ-RMS-017 — Byzantine under-server attributed to R via the SHIPPED canary pipeline[2m > [22m[2mR (overclaim->under-serve) is slashed pinned to its miner_id; honest R2 is never slashed
[22m[39m{"timestamp":"2026-06-22T06:17:49.986Z","level":"INFO","source":"frontend","module":"webrtc/sframe-transform","message":"encrypted frame","context":{"kid":9,"ctr":3,"byteLength":62,"codecOffset":10}}

[90mstdout[2m | apps/validator-daemon/src/canary/__tests__/mesh-byzantine.test.ts[2m > [22m[2mREQ-RMS-017 — Byzantine under-server attributed to R via the SHIPPED canary pipeline[2m > [22m[2mR (overclaim->under-serve) is slashed pinned to its miner_id; honest R2 is never slashed
[22m[39m{"timestamp":"2026-06-22T06:17:49.987Z","level":"INFO","source":"frontend","module":"webrtc/sframe-transform","message":"encrypted frame","context":{"kid":9,"ctr":4,"byteLength":62,"codecOffset":10}}

[90mstdout[2m | apps/validator-daemon/src/canary/__tests__/mesh-byzantine.test.ts[2m > [22m[2mREQ-RMS-017 — Byzantine under-server attributed to R via the SHIPPED canary pipeline[2m > [22m[2mR (overclaim->under-serve) is slashed pinned to its miner_id; honest R2 is never slashed
[22m[39m{"timestamp":"2026-06-22T06:17:49.987Z","level":"INFO","source":"frontend","module":"webrtc/sframe-transform","message":"encrypted frame","context":{"kid":9,"ctr":5,"byteLength":62,"codecOffset":10}}

[90mstdout[2m | apps/validator-daemon/src/canary/__tests__/mesh-byzantine.test.ts[2m > [22m[2mREQ-RMS-017 — Byzantine under-server attributed to R via the SHIPPED canary pipeline[2m > [22m[2mR (overclaim->under-serve) is slashed pinned to its miner_id; honest R2 is never slashed
[22m[39m{"timestamp":"2026-06-22T06:17:49.988Z","level":"INFO","source":"frontend","module":"webrtc/sframe-transform","message":"encrypted frame","context":{"kid":9,"ctr":6,"byteLength":62,"codecOffset":10}}

[90mstdout[2m | apps/validator-daemon/src/canary/__tests__/mesh-byzantine.test.ts[2m > [22m[2mREQ-RMS-017 — Byzantine under-server attributed to R via the SHIPPED canary pipeline[2m > [22m[2mR (overclaim->under-serve) is slashed pinned to its miner_id; honest R2 is never slashed
[22m[39m{"timestamp":"2026-06-22T06:17:49.988Z","level":"INFO","source":"frontend","module":"webrtc/sframe-transform","message":"encrypted frame","context":{"kid":9,"ctr":7,"byteLength":62,"codecOffset":10}}

{"level":30,"time":1782109069988,"pid":5904,"hostname":"Quang","name":"canary/verifier","canaryKid":9,"mediaPackets":8,"byteIdentical":8,"divergences":0,"msg":"canary forwarding verified"}
{"level":30,"time":1782109069988,"pid":5904,"hostname":"Quang","name":"canary/loss-classifier","relayMinerId":"relay-honest-R2","promoted":0,"absorbed":0,"tampers":0,"cumulativeCrossed":false,"msg":"canary divergences classified (drop gate / tamper p=1)"}
{"level":30,"time":1782109069988,"pid":5904,"hostname":"Quang","name":"canary/verify-loop","round":4,"relayMinerId":"relay-honest-R2","roomId":"mesh-room","perReceiver":2,"promoted":0,"absorbed":0,"stunLossBps":"0","msg":"canary verify round classified (hermetic half — synthetic capture, STUN read live)"}
[90mstdout[2m | apps/validator-daemon/src/canary/__tests__/mesh-byzantine.test.ts[2m > [22m[2mREQ-RMS-017 — Byzantine under-server attributed to R via the SHIPPED canary pipeline[2m > [22m[2mR (overclaim->under-serve) is slashed pinned to its miner_id; honest R2 is never slashed
[22m[39m{"timestamp":"2026-06-22T06:17:49.991Z","level":"INFO","source":"frontend","module":"webrtc/sframe-transform","message":"encrypted frame","context":{"kid":9,"ctr":0,"byteLength":62,"codecOffset":10}}

[90mstdout[2m | apps/validator-daemon/src/canary/__tests__/mesh-byzantine.test.ts[2m > [22m[2mREQ-RMS-017 — Byzantine under-server attributed to R via the SHIPPED canary pipeline[2m > [22m[2mR (overclaim->under-serve) is slashed pinned to its miner_id; honest R2 is never slashed
[22m[39m{"timestamp":"2026-06-22T06:17:49.991Z","level":"INFO","source":"frontend","module":"webrtc/sframe-transform","message":"encrypted frame","context":{"kid":9,"ctr":1,"byteLength":62,"codecOffset":10}}

[90mstdout[2m | apps/validator-daemon/src/canary/__tests__/mesh-byzantine.test.ts[2m > [22m[2mREQ-RMS-017 — Byzantine under-server attributed to R via the SHIPPED canary pipeline[2m > [22m[2mR (overclaim->under-serve) is slashed pinned to its miner_id; honest R2 is never slashed
[22m[39m{"timestamp":"2026-06-22T06:17:49.992Z","level":"INFO","source":"frontend","module":"webrtc/sframe-transform","message":"encrypted frame","context":{"kid":9,"ctr":2,"byteLength":62,"codecOffset":10}}

[90mstdout[2m | apps/validator-daemon/src/canary/__tests__/mesh-byzantine.test.ts[2m > [22m[2mREQ-RMS-017 — Byzantine under-server attributed to R via the SHIPPED canary pipeline[2m > [22m[2mR (overclaim->under-serve) is slashed pinned to its miner_id; honest R2 is never slashed
[22m[39m{"timestamp":"2026-06-22T06:17:49.992Z","level":"INFO","source":"frontend","module":"webrtc/sframe-transform","message":"encrypted frame","context":{"kid":9,"ctr":3,"byteLength":62,"codecOffset":10}}

[90mstdout[2m | apps/validator-daemon/src/canary/__tests__/mesh-byzantine.test.ts[2m > [22m[2mREQ-RMS-017 — Byzantine under-server attributed to R via the SHIPPED canary pipeline[2m > [22m[2mR (overclaim->under-serve) is slashed pinned to its miner_id; honest R2 is never slashed
[22m[39m{"timestamp":"2026-06-22T06:17:49.993Z","level":"INFO","source":"frontend","module":"webrtc/sframe-transform","message":"encrypted frame","context":{"kid":9,"ctr":4,"byteLength":62,"codecOffset":10}}

[90mstdout[2m | apps/validator-daemon/src/canary/__tests__/mesh-byzantine.test.ts[2m > [22m[2mREQ-RMS-017 — Byzantine under-server attributed to R via the SHIPPED canary pipeline[2m > [22m[2mR (overclaim->under-serve) is slashed pinned to its miner_id; honest R2 is never slashed
[22m[39m{"timestamp":"2026-06-22T06:17:49.993Z","level":"INFO","source":"frontend","module":"webrtc/sframe-transform","message":"encrypted frame","context":{"kid":9,"ctr":6,"byteLength":62,"codecOffset":10}}

[90mstdout[2m | apps/validator-daemon/src/canary/__tests__/mesh-byzantine.test.ts[2m > [22m[2mREQ-RMS-017 — Byzantine under-server attributed to R via the SHIPPED canary pipeline[2m > [22m[2mR (overclaim->under-serve) is slashed pinned to its miner_id; honest R2 is never slashed
[22m[39m{"timestamp":"2026-06-22T06:17:49.994Z","level":"INFO","source":"frontend","module":"webrtc/sframe-transform","message":"encrypted frame","context":{"kid":9,"ctr":7,"byteLength":62,"codecOffset":10}}

[90mstdout[2m | apps/validator-daemon/src/canary/__tests__/mesh-byzantine.test.ts[2m > [22m[2mREQ-RMS-017 — Byzantine under-server attributed to R via the SHIPPED canary pipeline[2m > [22m[2mR (overclaim->under-serve) is slashed pinned to its miner_id; honest R2 is never slashed
[22m[39m{"timestamp":"2026-06-22T06:17:49.994Z","level":"INFO","source":"frontend","module":"webrtc/sframe-transform","message":"encrypted frame","context":{"kid":9,"ctr":0,"byteLength":62,"codecOffset":10}}

[90mstdout[2m | apps/validator-daemon/src/canary/__tests__/mesh-byzantine.test.ts[2m > [22m[2mREQ-RMS-017 — Byzantine under-server attributed to R via the SHIPPED canary pipeline[2m > [22m[2mR (overclaim->under-serve) is slashed pinned to its miner_id; honest R2 is never slashed
[22m[39m{"timestamp":"2026-06-22T06:17:49.995Z","level":"INFO","source":"frontend","module":"webrtc/sframe-transform","message":"encrypted frame","context":{"kid":9,"ctr":1,"byteLength":62,"codecOffset":10}}

[90mstdout[2m | apps/validator-daemon/src/canary/__tests__/mesh-byzantine.test.ts[2m > [22m[2mREQ-RMS-017 — Byzantine under-server attributed to R via the SHIPPED canary pipeline[2m > [22m[2mR (overclaim->under-serve) is slashed pinned to its miner_id; honest R2 is never slashed
[22m[39m{"timestamp":"2026-06-22T06:17:49.995Z","level":"INFO","source":"frontend","module":"webrtc/sframe-transform","message":"encrypted frame","context":{"kid":9,"ctr":2,"byteLength":62,"codecOffset":10}}

[90mstdout[2m | apps/validator-daemon/src/canary/__tests__/mesh-byzantine.test.ts[2m > [22m[2mREQ-RMS-017 — Byzantine under-server attributed to R via the SHIPPED canary pipeline[2m > [22m[2mR (overclaim->under-serve) is slashed pinned to its miner_id; honest R2 is never slashed
[22m[39m{"timestamp":"2026-06-22T06:17:49.996Z","level":"INFO","source":"frontend","module":"webrtc/sframe-transform","message":"encrypted frame","context":{"kid":9,"ctr":3,"byteLength":62,"codecOffset":10}}

[90mstdout[2m | apps/validator-daemon/src/canary/__tests__/mesh-byzantine.test.ts[2m > [22m[2mREQ-RMS-017 — Byzantine under-server attributed to R via the SHIPPED canary pipeline[2m > [22m[2mR (overclaim->under-serve) is slashed pinned to its miner_id; honest R2 is never slashed
[22m[39m{"timestamp":"2026-06-22T06:17:49.996Z","level":"INFO","source":"frontend","module":"webrtc/sframe-transform","message":"encrypted frame","context":{"kid":9,"ctr":4,"byteLength":62,"codecOffset":10}}

[90mstdout[2m | apps/validator-daemon/src/canary/__tests__/mesh-byzantine.test.ts[2m > [22m[2mREQ-RMS-017 — Byzantine under-server attributed to R via the SHIPPED canary pipeline[2m > [22m[2mR (overclaim->under-serve) is slashed pinned to its miner_id; honest R2 is never slashed
[22m[39m{"timestamp":"2026-06-22T06:17:49.997Z","level":"INFO","source":"frontend","module":"webrtc/sframe-transform","message":"encrypted frame","context":{"kid":9,"ctr":5,"byteLength":62,"codecOffset":10}}

[90mstdout[2m | apps/validator-daemon/src/canary/__tests__/mesh-byzantine.test.ts[2m > [22m[2mREQ-RMS-017 — Byzantine under-server attributed to R via the SHIPPED canary pipeline[2m > [22m[2mR (overclaim->under-serve) is slashed pinned to its miner_id; honest R2 is never slashed
[22m[39m{"timestamp":"2026-06-22T06:17:49.997Z","level":"INFO","source":"frontend","module":"webrtc/sframe-transform","message":"encrypted frame","context":{"kid":9,"ctr":6,"byteLength":62,"codecOffset":10}}

[90mstdout[2m | apps/validator-daemon/src/canary/__tests__/mesh-byzantine.test.ts[2m > [22m[2mREQ-RMS-017 — Byzantine under-server attributed to R via the SHIPPED canary pipeline[2m > [22m[2mR (overclaim->under-serve) is slashed pinned to its miner_id; honest R2 is never slashed
[22m[39m{"timestamp":"2026-06-22T06:17:49.997Z","level":"INFO","source":"frontend","module":"webrtc/sframe-transform","message":"encrypted frame","context":{"kid":9,"ctr":7,"byteLength":62,"codecOffset":10}}

{"level":30,"time":1782109069998,"pid":5904,"hostname":"Quang","name":"canary/verifier","canaryKid":9,"mediaPackets":7,"byteIdentical":7,"divergences":1,"msg":"canary forwarding verified"}
[90mstdout[2m | apps/validator-daemon/src/canary/__tests__/mesh-byzantine.test.ts[2m > [22m[2mREQ-RMS-017 — Byzantine under-server attributed to R via the SHIPPED canary pipeline[2m > [22m[2mR (overclaim->under-serve) is slashed pinned to its miner_id; honest R2 is never slashed
[22m[39m{"timestamp":"2026-06-22T06:17:49.998Z","level":"INFO","source":"frontend","module":"webrtc/sframe-transform","message":"encrypted frame","context":{"kid":9,"ctr":0,"byteLength":62,"codecOffset":10}}

[90mstdout[2m | apps/validator-daemon/src/canary/__tests__/mesh-byzantine.test.ts[2m > [22m[2mREQ-RMS-017 — Byzantine under-server attributed to R via the SHIPPED canary pipeline[2m > [22m[2mR (overclaim->under-serve) is slashed pinned to its miner_id; honest R2 is never slashed
[22m[39m{"timestamp":"2026-06-22T06:17:49.998Z","level":"INFO","source":"frontend","module":"webrtc/sframe-transform","message":"encrypted frame","context":{"kid":9,"ctr":1,"byteLength":62,"codecOffset":10}}

[90mstdout[2m | apps/validator-daemon/src/canary/__tests__/mesh-byzantine.test.ts[2m > [22m[2mREQ-RMS-017 — Byzantine under-server attributed to R via the SHIPPED canary pipeline[2m > [22m[2mR (overclaim->under-serve) is slashed pinned to its miner_id; honest R2 is never slashed
[22m[39m{"timestamp":"2026-06-22T06:17:49.999Z","level":"INFO","source":"frontend","module":"webrtc/sframe-transform","message":"encrypted frame","context":{"kid":9,"ctr":2,"byteLength":62,"codecOffset":10}}

[90mstdout[2m | apps/validator-daemon/src/canary/__tests__/mesh-byzantine.test.ts[2m > [22m[2mREQ-RMS-017 — Byzantine under-server attributed to R via the SHIPPED canary pipeline[2m > [22m[2mR (overclaim->under-serve) is slashed pinned to its miner_id; honest R2 is never slashed
[22m[39m{"timestamp":"2026-06-22T06:17:49.999Z","level":"INFO","source":"frontend","module":"webrtc/sframe-transform","message":"encrypted frame","context":{"kid":9,"ctr":3,"byteLength":62,"codecOffset":10}}

[90mstdout[2m | apps/validator-daemon/src/canary/__tests__/mesh-byzantine.test.ts[2m > [22m[2mREQ-RMS-017 — Byzantine under-server attributed to R via the SHIPPED canary pipeline[2m > [22m[2mR (overclaim->under-serve) is slashed pinned to its miner_id; honest R2 is never slashed
[22m[39m{"timestamp":"2026-06-22T06:17:49.999Z","level":"INFO","source":"frontend","module":"webrtc/sframe-transform","message":"encrypted frame","context":{"kid":9,"ctr":4,"byteLength":62,"codecOffset":10}}

[90mstdout[2m | apps/validator-daemon/src/canary/__tests__/mesh-byzantine.test.ts[2m > [22m[2mREQ-RMS-017 — Byzantine under-server attributed to R via the SHIPPED canary pipeline[2m > [22m[2mR (overclaim->under-serve) is slashed pinned to its miner_id; honest R2 is never slashed
[22m[39m{"timestamp":"2026-06-22T06:17:50.000Z","level":"INFO","source":"frontend","module":"webrtc/sframe-transform","message":"encrypted frame","context":{"kid":9,"ctr":5,"byteLength":62,"codecOffset":10}}

[90mstdout[2m | apps/validator-daemon/src/canary/__tests__/mesh-byzantine.test.ts[2m > [22m[2mREQ-RMS-017 — Byzantine under-server attributed to R via the SHIPPED canary pipeline[2m > [22m[2mR (overclaim->under-serve) is slashed pinned to its miner_id; honest R2 is never slashed
[22m[39m{"timestamp":"2026-06-22T06:17:50.000Z","level":"INFO","source":"frontend","module":"webrtc/sframe-transform","message":"encrypted frame","context":{"kid":9,"ctr":6,"byteLength":62,"codecOffset":10}}

[90mstdout[2m | apps/validator-daemon/src/canary/__tests__/mesh-byzantine.test.ts[2m > [22m[2mREQ-RMS-017 — Byzantine under-server attributed to R via the SHIPPED canary pipeline[2m > [22m[2mR (overclaim->under-serve) is slashed pinned to its miner_id; honest R2 is never slashed
[22m[39m{"timestamp":"2026-06-22T06:17:50.001Z","level":"INFO","source":"frontend","module":"webrtc/sframe-transform","message":"encrypted frame","context":{"kid":9,"ctr":7,"byteLength":62,"codecOffset":10}}

{"level":30,"time":1782109070001,"pid":5904,"hostname":"Quang","name":"canary/verifier","canaryKid":9,"mediaPackets":7,"byteIdentical":7,"divergences":1,"msg":"canary forwarding verified"}
{"level":30,"time":1782109070001,"pid":5904,"hostname":"Quang","name":"canary/loss-classifier","relayMinerId":"relay-byzantine-R","promoted":1,"absorbed":0,"tampers":0,"cumulativeCrossed":true,"msg":"canary divergences classified (drop gate / tamper p=1)"}
{"level":30,"time":1782109070003,"pid":5904,"hostname":"Quang","name":"canary/verify-loop","round":4,"relayMinerId":"relay-byzantine-R","roomId":"mesh-room","perReceiver":2,"promoted":1,"absorbed":0,"stunLossBps":"0","msg":"canary verify round classified (hermetic half — synthetic capture, STUN read live)"}
[90mstdout[2m | apps/validator-daemon/src/canary/__tests__/mesh-byzantine.test.ts[2m > [22m[2mREQ-RMS-017 — Byzantine under-server attributed to R via the SHIPPED canary pipeline[2m > [22m[2mR (overclaim->under-serve) is slashed pinned to its miner_id; honest R2 is never slashed
[22m[39m{"timestamp":"2026-06-22T06:17:50.003Z","level":"INFO","source":"frontend","module":"webrtc/sframe-transform","message":"encrypted frame","context":{"kid":9,"ctr":0,"byteLength":62,"codecOffset":10}}

[90mstdout[2m | apps/validator-daemon/src/canary/__tests__/mesh-byzantine.test.ts[2m > [22m[2mREQ-RMS-017 — Byzantine under-server attributed to R via the SHIPPED canary pipeline[2m > [22m[2mR (overclaim->under-serve) is slashed pinned to its miner_id; honest R2 is never slashed
[22m[39m{"timestamp":"2026-06-22T06:17:50.003Z","level":"INFO","source":"frontend","module":"webrtc/sframe-transform","message":"encrypted frame","context":{"kid":9,"ctr":1,"byteLength":62,"codecOffset":10}}

[90mstdout[2m | apps/validator-daemon/src/canary/__tests__/mesh-byzantine.test.ts[2m > [22m[2mREQ-RMS-017 — Byzantine under-server attributed to R via the SHIPPED canary pipeline[2m > [22m[2mR (overclaim->under-serve) is slashed pinned to its miner_id; honest R2 is never slashed
[22m[39m{"timestamp":"2026-06-22T06:17:50.004Z","level":"INFO","source":"frontend","module":"webrtc/sframe-transform","message":"encrypted frame","context":{"kid":9,"ctr":2,"byteLength":62,"codecOffset":10}}

[90mstdout[2m | apps/validator-daemon/src/canary/__tests__/mesh-byzantine.test.ts[2m > [22m[2mREQ-RMS-017 — Byzantine under-server attributed to R via the SHIPPED canary pipeline[2m > [22m[2mR (overclaim->under-serve) is slashed pinned to its miner_id; honest R2 is never slashed
[22m[39m{"timestamp":"2026-06-22T06:17:50.005Z","level":"INFO","source":"frontend","module":"webrtc/sframe-transform","message":"encrypted frame","context":{"kid":9,"ctr":3,"byteLength":62,"codecOffset":10}}

[90mstdout[2m | apps/validator-daemon/src/canary/__tests__/mesh-byzantine.test.ts[2m > [22m[2mREQ-RMS-017 — Byzantine under-server attributed to R via the SHIPPED canary pipeline[2m > [22m[2mR (overclaim->under-serve) is slashed pinned to its miner_id; honest R2 is never slashed
[22m[39m{"timestamp":"2026-06-22T06:17:50.005Z","level":"INFO","source":"frontend","module":"webrtc/sframe-transform","message":"encrypted frame","context":{"kid":9,"ctr":4,"byteLength":62,"codecOffset":10}}

[90mstdout[2m | apps/validator-daemon/src/canary/__tests__/mesh-byzantine.test.ts[2m > [22m[2mREQ-RMS-017 — Byzantine under-server attributed to R via the SHIPPED canary pipeline[2m > [22m[2mR (overclaim->under-serve) is slashed pinned to its miner_id; honest R2 is never slashed
[22m[39m{"timestamp":"2026-06-22T06:17:50.006Z","level":"INFO","source":"frontend","module":"webrtc/sframe-transform","message":"encrypted frame","context":{"kid":9,"ctr":5,"byteLength":62,"codecOffset":10}}

[90mstdout[2m | apps/validator-daemon/src/canary/__tests__/mesh-byzantine.test.ts[2m > [22m[2mREQ-RMS-017 — Byzantine under-server attributed to R via the SHIPPED canary pipeline[2m > [22m[2mR (overclaim->under-serve) is slashed pinned to its miner_id; honest R2 is never slashed
[22m[39m{"timestamp":"2026-06-22T06:17:50.007Z","level":"INFO","source":"frontend","module":"webrtc/sframe-transform","message":"encrypted frame","context":{"kid":9,"ctr":6,"byteLength":62,"codecOffset":10}}

[90mstdout[2m | apps/validator-daemon/src/canary/__tests__/mesh-byzantine.test.ts[2m > [22m[2mREQ-RMS-017 — Byzantine under-server attributed to R via the SHIPPED canary pipeline[2m > [22m[2mR (overclaim->under-serve) is slashed pinned to its miner_id; honest R2 is never slashed
[22m[39m{"timestamp":"2026-06-22T06:17:50.007Z","level":"INFO","source":"frontend","module":"webrtc/sframe-transform","message":"encrypted frame","context":{"kid":9,"ctr":7,"byteLength":62,"codecOffset":10}}

[90mstdout[2m | apps/validator-daemon/src/canary/__tests__/mesh-byzantine.test.ts[2m > [22m[2mREQ-RMS-017 — Byzantine under-server attributed to R via the SHIPPED canary pipeline[2m > [22m[2mR (overclaim->under-serve) is slashed pinned to its miner_id; honest R2 is never slashed
[22m[39m{"timestamp":"2026-06-22T06:17:50.008Z","level":"INFO","source":"frontend","module":"webrtc/sframe-transform","message":"encrypted frame","context":{"kid":9,"ctr":0,"byteLength":62,"codecOffset":10}}

[90mstdout[2m | apps/validator-daemon/src/canary/__tests__/mesh-byzantine.test.ts[2m > [22m[2mREQ-RMS-017 — Byzantine under-server attributed to R via the SHIPPED canary pipeline[2m > [22m[2mR (overclaim->under-serve) is slashed pinned to its miner_id; honest R2 is never slashed
[22m[39m{"timestamp":"2026-06-22T06:17:50.008Z","level":"INFO","source":"frontend","module":"webrtc/sframe-transform","message":"encrypted frame","context":{"kid":9,"ctr":1,"byteLength":62,"codecOffset":10}}

[90mstdout[2m | apps/validator-daemon/src/canary/__tests__/mesh-byzantine.test.ts[2m > [22m[2mREQ-RMS-017 — Byzantine under-server attributed to R via the SHIPPED canary pipeline[2m > [22m[2mR (overclaim->under-serve) is slashed pinned to its miner_id; honest R2 is never slashed
[22m[39m{"timestamp":"2026-06-22T06:17:50.008Z","level":"INFO","source":"frontend","module":"webrtc/sframe-transform","message":"encrypted frame","context":{"kid":9,"ctr":2,"byteLength":62,"codecOffset":10}}

[90mstdout[2m | apps/validator-daemon/src/canary/__tests__/mesh-byzantine.test.ts[2m > [22m[2mREQ-RMS-017 — Byzantine under-server attributed to R via the SHIPPED canary pipeline[2m > [22m[2mR (overclaim->under-serve) is slashed pinned to its miner_id; honest R2 is never slashed
[22m[39m{"timestamp":"2026-06-22T06:17:50.009Z","level":"INFO","source":"frontend","module":"webrtc/sframe-transform","message":"encrypted frame","context":{"kid":9,"ctr":3,"byteLength":62,"codecOffset":10}}

[90mstdout[2m | apps/validator-daemon/src/canary/__tests__/mesh-byzantine.test.ts[2m > [22m[2mREQ-RMS-017 — Byzantine under-server attributed to R via the SHIPPED canary pipeline[2m > [22m[2mR (overclaim->under-serve) is slashed pinned to its miner_id; honest R2 is never slashed
[22m[39m{"timestamp":"2026-06-22T06:17:50.009Z","level":"INFO","source":"frontend","module":"webrtc/sframe-transform","message":"encrypted frame","context":{"kid":9,"ctr":4,"byteLength":62,"codecOffset":10}}

[90mstdout[2m | apps/validator-daemon/src/canary/__tests__/mesh-byzantine.test.ts[2m > [22m[2mREQ-RMS-017 — Byzantine under-server attributed to R via the SHIPPED canary pipeline[2m > [22m[2mR (overclaim->under-serve) is slashed pinned to its miner_id; honest R2 is never slashed
[22m[39m{"timestamp":"2026-06-22T06:17:50.010Z","level":"INFO","source":"frontend","module":"webrtc/sframe-transform","message":"encrypted frame","context":{"kid":9,"ctr":5,"byteLength":62,"codecOffset":10}}

[90mstdout[2m | apps/validator-daemon/src/canary/__tests__/mesh-byzantine.test.ts[2m > [22m[2mREQ-RMS-017 — Byzantine under-server attributed to R via the SHIPPED canary pipeline[2m > [22m[2mR (overclaim->under-serve) is slashed pinned to its miner_id; honest R2 is never slashed
[22m[39m{"timestamp":"2026-06-22T06:17:50.011Z","level":"INFO","source":"frontend","module":"webrtc/sframe-transform","message":"encrypted frame","context":{"kid":9,"ctr":6,"byteLength":62,"codecOffset":10}}

[90mstdout[2m | apps/validator-daemon/src/canary/__tests__/mesh-byzantine.test.ts[2m > [22m[2mREQ-RMS-017 — Byzantine under-server attributed to R via the SHIPPED canary pipeline[2m > [22m[2mR (overclaim->under-serve) is slashed pinned to its miner_id; honest R2 is never slashed
[22m[39m{"timestamp":"2026-06-22T06:17:50.011Z","level":"INFO","source":"frontend","module":"webrtc/sframe-transform","message":"encrypted frame","context":{"kid":9,"ctr":7,"byteLength":62,"codecOffset":10}}

{"level":30,"time":1782109070011,"pid":5904,"hostname":"Quang","name":"canary/verifier","canaryKid":9,"mediaPackets":8,"byteIdentical":8,"divergences":0,"msg":"canary forwarding verified"}
[90mstdout[2m | apps/validator-daemon/src/canary/__tests__/mesh-byzantine.test.ts[2m > [22m[2mREQ-RMS-017 — Byzantine under-server attributed to R via the SHIPPED canary pipeline[2m > [22m[2mR (overclaim->under-serve) is slashed pinned to its miner_id; honest R2 is never slashed
[22m[39m{"timestamp":"2026-06-22T06:17:50.012Z","level":"INFO","source":"frontend","module":"webrtc/sframe-transform","message":"encrypted frame","context":{"kid":9,"ctr":0,"byteLength":62,"codecOffset":10}}

[90mstdout[2m | apps/validator-daemon/src/canary/__tests__/mesh-byzantine.test.ts[2m > [22m[2mREQ-RMS-017 — Byzantine under-server attributed to R via the SHIPPED canary pipeline[2m > [22m[2mR (overclaim->under-serve) is slashed pinned to its miner_id; honest R2 is never slashed
[22m[39m{"timestamp":"2026-06-22T06:17:50.013Z","level":"INFO","source":"frontend","module":"webrtc/sframe-transform","message":"encrypted frame","context":{"kid":9,"ctr":1,"byteLength":62,"codecOffset":10}}

[90mstdout[2m | apps/validator-daemon/src/canary/__tests__/mesh-byzantine.test.ts[2m > [22m[2mREQ-RMS-017 — Byzantine under-server attributed to R via the SHIPPED canary pipeline[2m > [22m[2mR (overclaim->under-serve) is slashed pinned to its miner_id; honest R2 is never slashed
[22m[39m{"timestamp":"2026-06-22T06:17:50.013Z","level":"INFO","source":"frontend","module":"webrtc/sframe-transform","message":"encrypted frame","context":{"kid":9,"ctr":2,"byteLength":62,"codecOffset":10}}

[90mstdout[2m | apps/validator-daemon/src/canary/__tests__/mesh-byzantine.test.ts[2m > [22m[2mREQ-RMS-017 — Byzantine under-server attributed to R via the SHIPPED canary pipeline[2m > [22m[2mR (overclaim->under-serve) is slashed pinned to its miner_id; honest R2 is never slashed
[22m[39m{"timestamp":"2026-06-22T06:17:50.014Z","level":"INFO","source":"frontend","module":"webrtc/sframe-transform","message":"encrypted frame","context":{"kid":9,"ctr":3,"byteLength":62,"codecOffset":10}}

[90mstdout[2m | apps/validator-daemon/src/canary/__tests__/mesh-byzantine.test.ts[2m > [22m[2mREQ-RMS-017 — Byzantine under-server attributed to R via the SHIPPED canary pipeline[2m > [22m[2mR (overclaim->under-serve) is slashed pinned to its miner_id; honest R2 is never slashed
[22m[39m{"timestamp":"2026-06-22T06:17:50.014Z","level":"INFO","source":"frontend","module":"webrtc/sframe-transform","message":"encrypted frame","context":{"kid":9,"ctr":4,"byteLength":62,"codecOffset":10}}

[90mstdout[2m | apps/validator-daemon/src/canary/__tests__/mesh-byzantine.test.ts[2m > [22m[2mREQ-RMS-017 — Byzantine under-server attributed to R via the SHIPPED canary pipeline[2m > [22m[2mR (overclaim->under-serve) is slashed pinned to its miner_id; honest R2 is never slashed
[22m[39m{"timestamp":"2026-06-22T06:17:50.015Z","level":"INFO","source":"frontend","module":"webrtc/sframe-transform","message":"encrypted frame","context":{"kid":9,"ctr":5,"byteLength":62,"codecOffset":10}}

[90mstdout[2m | apps/validator-daemon/src/canary/__tests__/mesh-byzantine.test.ts[2m > [22m[2mREQ-RMS-017 — Byzantine under-server attributed to R via the SHIPPED canary pipeline[2m > [22m[2mR (overclaim->under-serve) is slashed pinned to its miner_id; honest R2 is never slashed
[22m[39m{"timestamp":"2026-06-22T06:17:50.015Z","level":"INFO","source":"frontend","module":"webrtc/sframe-transform","message":"encrypted frame","context":{"kid":9,"ctr":6,"byteLength":62,"codecOffset":10}}

[90mstdout[2m | apps/validator-daemon/src/canary/__tests__/mesh-byzantine.test.ts[2m > [22m[2mREQ-RMS-017 — Byzantine under-server attributed to R via the SHIPPED canary pipeline[2m > [22m[2mR (overclaim->under-serve) is slashed pinned to its miner_id; honest R2 is never slashed
[22m[39m{"timestamp":"2026-06-22T06:17:50.016Z","level":"INFO","source":"frontend","module":"webrtc/sframe-transform","message":"encrypted frame","context":{"kid":9,"ctr":7,"byteLength":62,"codecOffset":10}}

{"level":30,"time":1782109070016,"pid":5904,"hostname":"Quang","name":"canary/verifier","canaryKid":9,"mediaPackets":8,"byteIdentical":8,"divergences":0,"msg":"canary forwarding verified"}
{"level":30,"time":1782109070016,"pid":5904,"hostname":"Quang","name":"canary/loss-classifier","relayMinerId":"relay-honest-R2","promoted":0,"absorbed":0,"tampers":0,"cumulativeCrossed":false,"msg":"canary divergences classified (drop gate / tamper p=1)"}
{"level":30,"time":1782109070016,"pid":5904,"hostname":"Quang","name":"canary/verify-loop","round":4,"relayMinerId":"relay-honest-R2","roomId":"mesh-room","perReceiver":2,"promoted":0,"absorbed":0,"stunLossBps":"0","msg":"canary verify round classified (hermetic half — synthetic capture, STUN read live)"}
{"level":30,"time":1782109070017,"pid":5904,"hostname":"Quang","name":"canary/proof","roomId":"mesh-room","relayMinerId":"relay-byzantine-R","canaryId":9,"frameSeq":5,"drop":true,"distinctAttesters":2,"totalAttestations":2,"msg":"canary divergence proof assembled from remote attestations (W-M4-COSIGN)"}
[90mstdout[2m | apps/validator-daemon/src/canary/__tests__/mesh-byzantine.test.ts[2m > [22m[2mREQ-RMS-017 — Byzantine under-server attributed to R via the SHIPPED canary pipeline[2m > [22m[2mR (overclaim->under-serve) is slashed pinned to its miner_id; honest R2 is never slashed
[22m[39m{"timestamp":"2026-06-22T06:17:50.018Z","level":"INFO","source":"frontend","module":"webrtc/sframe-transform","message":"encrypted frame","context":{"kid":9,"ctr":0,"byteLength":62,"codecOffset":10}}

[90mstdout[2m | apps/validator-daemon/src/canary/__tests__/mesh-byzantine.test.ts[2m > [22m[2mREQ-RMS-017 — Byzantine under-server attributed to R via the SHIPPED canary pipeline[2m > [22m[2mR (overclaim->under-serve) is slashed pinned to its miner_id; honest R2 is never slashed
[22m[39m{"timestamp":"2026-06-22T06:17:50.019Z","level":"INFO","source":"frontend","module":"webrtc/sframe-transform","message":"encrypted frame","context":{"kid":9,"ctr":1,"byteLength":62,"codecOffset":10}}

[90mstdout[2m | apps/validator-daemon/src/canary/__tests__/mesh-byzantine.test.ts[2m > [22m[2mREQ-RMS-017 — Byzantine under-server attributed to R via the SHIPPED canary pipeline[2m > [22m[2mR (overclaim->under-serve) is slashed pinned to its miner_id; honest R2 is never slashed
[22m[39m{"timestamp":"2026-06-22T06:17:50.019Z","level":"INFO","source":"frontend","module":"webrtc/sframe-transform","message":"encrypted frame","context":{"kid":9,"ctr":2,"byteLength":62,"codecOffset":10}}

[90mstdout[2m | apps/validator-daemon/src/canary/__tests__/mesh-byzantine.test.ts[2m > [22m[2mREQ-RMS-017 — Byzantine under-server attributed to R via the SHIPPED canary pipeline[2m > [22m[2mR (overclaim->under-serve) is slashed pinned to its miner_id; honest R2 is never slashed
[22m[39m{"timestamp":"2026-06-22T06:17:50.019Z","level":"INFO","source":"frontend","module":"webrtc/sframe-transform","message":"encrypted frame","context":{"kid":9,"ctr":3,"byteLength":62,"codecOffset":10}}

[90mstdout[2m | apps/validator-daemon/src/canary/__tests__/mesh-byzantine.test.ts[2m > [22m[2mREQ-RMS-017 — Byzantine under-server attributed to R via the SHIPPED canary pipeline[2m > [22m[2mR (overclaim->under-serve) is slashed pinned to its miner_id; honest R2 is never slashed
[22m[39m{"timestamp":"2026-06-22T06:17:50.020Z","level":"INFO","source":"frontend","module":"webrtc/sframe-transform","message":"encrypted frame","context":{"kid":9,"ctr":4,"byteLength":62,"codecOffset":10}}

[90mstdout[2m | apps/validator-daemon/src/canary/__tests__/mesh-byzantine.test.ts[2m > [22m[2mREQ-RMS-017 — Byzantine under-server attributed to R via the SHIPPED canary pipeline[2m > [22m[2mR (overclaim->under-serve) is slashed pinned to its miner_id; honest R2 is never slashed
[22m[39m{"timestamp":"2026-06-22T06:17:50.020Z","level":"INFO","source":"frontend","module":"webrtc/sframe-transform","message":"encrypted frame","context":{"kid":9,"ctr":6,"byteLength":62,"codecOffset":10}}

[90mstdout[2m | apps/validator-daemon/src/canary/__tests__/mesh-byzantine.test.ts[2m > [22m[2mREQ-RMS-017 — Byzantine under-server attributed to R via the SHIPPED canary pipeline[2m > [22m[2mR (overclaim->under-serve) is slashed pinned to its miner_id; honest R2 is never slashed
[22m[39m{"timestamp":"2026-06-22T06:17:50.021Z","level":"INFO","source":"frontend","module":"webrtc/sframe-transform","message":"encrypted frame","context":{"kid":9,"ctr":7,"byteLength":62,"codecOffset":10}}

[90mstdout[2m | apps/validator-daemon/src/canary/__tests__/mesh-byzantine.test.ts[2m > [22m[2mREQ-RMS-017 — Byzantine under-server attributed to R via the SHIPPED canary pipeline[2m > [22m[2mR (overclaim->under-serve) is slashed pinned to its miner_id; honest R2 is never slashed
[22m[39m{"timestamp":"2026-06-22T06:17:50.021Z","level":"INFO","source":"frontend","module":"webrtc/sframe-transform","message":"encrypted frame","context":{"kid":9,"ctr":0,"byteLength":62,"codecOffset":10}}

[90mstdout[2m | apps/validator-daemon/src/canary/__tests__/mesh-byzantine.test.ts[2m > [22m[2mREQ-RMS-017 — Byzantine under-server attributed to R via the SHIPPED canary pipeline[2m > [22m[2mR (overclaim->under-serve) is slashed pinned to its miner_id; honest R2 is never slashed
[22m[39m{"timestamp":"2026-06-22T06:17:50.021Z","level":"INFO","source":"frontend","module":"webrtc/sframe-transform","message":"encrypted frame","context":{"kid":9,"ctr":1,"byteLength":62,"codecOffset":10}}

[90mstdout[2m | apps/validator-daemon/src/canary/__tests__/mesh-byzantine.test.ts[2m > [22m[2mREQ-RMS-017 — Byzantine under-server attributed to R via the SHIPPED canary pipeline[2m > [22m[2mR (overclaim->under-serve) is slashed pinned to its miner_id; honest R2 is never slashed
[22m[39m{"timestamp":"2026-06-22T06:17:50.022Z","level":"INFO","source":"frontend","module":"webrtc/sframe-transform","message":"encrypted frame","context":{"kid":9,"ctr":2,"byteLength":62,"codecOffset":10}}

[90mstdout[2m | apps/validator-daemon/src/canary/__tests__/mesh-byzantine.test.ts[2m > [22m[2mREQ-RMS-017 — Byzantine under-server attributed to R via the SHIPPED canary pipeline[2m > [22m[2mR (overclaim->under-serve) is slashed pinned to its miner_id; honest R2 is never slashed
[22m[39m{"timestamp":"2026-06-22T06:17:50.022Z","level":"INFO","source":"frontend","module":"webrtc/sframe-transform","message":"encrypted frame","context":{"kid":9,"ctr":3,"byteLength":62,"codecOffset":10}}

[90mstdout[2m | apps/validator-daemon/src/canary/__tests__/mesh-byzantine.test.ts[2m > [22m[2mREQ-RMS-017 — Byzantine under-server attributed to R via the SHIPPED canary pipeline[2m > [22m[2mR (overclaim->under-serve) is slashed pinned to its miner_id; honest R2 is never slashed
[22m[39m{"timestamp":"2026-06-22T06:17:50.023Z","level":"INFO","source":"frontend","module":"webrtc/sframe-transform","message":"encrypted frame","context":{"kid":9,"ctr":4,"byteLength":62,"codecOffset":10}}

[90mstdout[2m | apps/validator-daemon/src/canary/__tests__/mesh-byzantine.test.ts[2m > [22m[2mREQ-RMS-017 — Byzantine under-server attributed to R via the SHIPPED canary pipeline[2m > [22m[2mR (overclaim->under-serve) is slashed pinned to its miner_id; honest R2 is never slashed
[22m[39m{"timestamp":"2026-06-22T06:17:50.023Z","level":"INFO","source":"frontend","module":"webrtc/sframe-transform","message":"encrypted frame","context":{"kid":9,"ctr":5,"byteLength":62,"codecOffset":10}}

[90mstdout[2m | apps/validator-daemon/src/canary/__tests__/mesh-byzantine.test.ts[2m > [22m[2mREQ-RMS-017 — Byzantine under-server attributed to R via the SHIPPED canary pipeline[2m > [22m[2mR (overclaim->under-serve) is slashed pinned to its miner_id; honest R2 is never slashed
[22m[39m{"timestamp":"2026-06-22T06:17:50.024Z","level":"INFO","source":"frontend","module":"webrtc/sframe-transform","message":"encrypted frame","context":{"kid":9,"ctr":6,"byteLength":62,"codecOffset":10}}

[90mstdout[2m | apps/validator-daemon/src/canary/__tests__/mesh-byzantine.test.ts[2m > [22m[2mREQ-RMS-017 — Byzantine under-server attributed to R via the SHIPPED canary pipeline[2m > [22m[2mR (overclaim->under-serve) is slashed pinned to its miner_id; honest R2 is never slashed
[22m[39m{"timestamp":"2026-06-22T06:17:50.025Z","level":"INFO","source":"frontend","module":"webrtc/sframe-transform","message":"encrypted frame","context":{"kid":9,"ctr":7,"byteLength":62,"codecOffset":10}}

{"level":30,"time":1782109070025,"pid":5904,"hostname":"Quang","name":"canary/verifier","canaryKid":9,"mediaPackets":7,"byteIdentical":7,"divergences":1,"msg":"canary forwarding verified"}
[90mstdout[2m | apps/validator-daemon/src/canary/__tests__/mesh-byzantine.test.ts[2m > [22m[2mREQ-RMS-017 — Byzantine under-server attributed to R via the SHIPPED canary pipeline[2m > [22m[2mR (overclaim->under-serve) is slashed pinned to its miner_id; honest R2 is never slashed
[22m[39m{"timestamp":"2026-06-22T06:17:50.025Z","level":"INFO","source":"frontend","module":"webrtc/sframe-transform","message":"encrypted frame","context":{"kid":9,"ctr":0,"byteLength":62,"codecOffset":10}}

[90mstdout[2m | apps/validator-daemon/src/canary/__tests__/mesh-byzantine.test.ts[2m > [22m[2mREQ-RMS-017 — Byzantine under-server attributed to R via the SHIPPED canary pipeline[2m > [22m[2mR (overclaim->under-serve) is slashed pinned to its miner_id; honest R2 is never slashed
[22m[39m{"timestamp":"2026-06-22T06:17:50.026Z","level":"INFO","source":"frontend","module":"webrtc/sframe-transform","message":"encrypted frame","context":{"kid":9,"ctr":1,"byteLength":62,"codecOffset":10}}

[90mstdout[2m | apps/validator-daemon/src/canary/__tests__/mesh-byzantine.test.ts[2m > [22m[2mREQ-RMS-017 — Byzantine under-server attributed to R via the SHIPPED canary pipeline[2m > [22m[2mR (overclaim->under-serve) is slashed pinned to its miner_id; honest R2 is never slashed
[22m[39m{"timestamp":"2026-06-22T06:17:50.026Z","level":"INFO","source":"frontend","module":"webrtc/sframe-transform","message":"encrypted frame","context":{"kid":9,"ctr":2,"byteLength":62,"codecOffset":10}}

[90mstdout[2m | apps/validator-daemon/src/canary/__tests__/mesh-byzantine.test.ts[2m > [22m[2mREQ-RMS-017 — Byzantine under-server attributed to R via the SHIPPED canary pipeline[2m > [22m[2mR (overclaim->under-serve) is slashed pinned to its miner_id; honest R2 is never slashed
[22m[39m{"timestamp":"2026-06-22T06:17:50.027Z","level":"INFO","source":"frontend","module":"webrtc/sframe-transform","message":"encrypted frame","context":{"kid":9,"ctr":3,"byteLength":62,"codecOffset":10}}

[90mstdout[2m | apps/validator-daemon/src/canary/__tests__/mesh-byzantine.test.ts[2m > [22m[2mREQ-RMS-017 — Byzantine under-server attributed to R via the SHIPPED canary pipeline[2m > [22m[2mR (overclaim->under-serve) is slashed pinned to its miner_id; honest R2 is never slashed
[22m[39m{"timestamp":"2026-06-22T06:17:50.027Z","level":"INFO","source":"frontend","module":"webrtc/sframe-transform","message":"encrypted frame","context":{"kid":9,"ctr":4,"byteLength":62,"codecOffset":10}}

[90mstdout[2m | apps/validator-daemon/src/canary/__tests__/mesh-byzantine.test.ts[2m > [22m[2mREQ-RMS-017 — Byzantine under-server attributed to R via the SHIPPED canary pipeline[2m > [22m[2mR (overclaim->under-serve) is slashed pinned to its miner_id; honest R2 is never slashed
[22m[39m{"timestamp":"2026-06-22T06:17:50.027Z","level":"INFO","source":"frontend","module":"webrtc/sframe-transform","message":"encrypted frame","context":{"kid":9,"ctr":5,"byteLength":62,"codecOffset":10}}

[90mstdout[2m | apps/validator-daemon/src/canary/__tests__/mesh-byzantine.test.ts[2m > [22m[2mREQ-RMS-017 — Byzantine under-server attributed to R via the SHIPPED canary pipeline[2m > [22m[2mR (overclaim->under-serve) is slashed pinned to its miner_id; honest R2 is never slashed
[22m[39m{"timestamp":"2026-06-22T06:17:50.028Z","level":"INFO","source":"frontend","module":"webrtc/sframe-transform","message":"encrypted frame","context":{"kid":9,"ctr":6,"byteLength":62,"codecOffset":10}}

[90mstdout[2m | apps/validator-daemon/src/canary/__tests__/mesh-byzantine.test.ts[2m > [22m[2mREQ-RMS-017 — Byzantine under-server attributed to R via the SHIPPED canary pipeline[2m > [22m[2mR (overclaim->under-serve) is slashed pinned to its miner_id; honest R2 is never slashed
[22m[39m{"timestamp":"2026-06-22T06:17:50.029Z","level":"INFO","source":"frontend","module":"webrtc/sframe-transform","message":"encrypted frame","context":{"kid":9,"ctr":7,"byteLength":62,"codecOffset":10}}

{"level":30,"time":1782109070029,"pid":5904,"hostname":"Quang","name":"canary/verifier","canaryKid":9,"mediaPackets":7,"byteIdentical":7,"divergences":1,"msg":"canary forwarding verified"}
{"level":30,"time":1782109070029,"pid":5904,"hostname":"Quang","name":"canary/loss-classifier","relayMinerId":"relay-byzantine-R","promoted":1,"absorbed":0,"tampers":0,"cumulativeCrossed":true,"msg":"canary divergences classified (drop gate / tamper p=1)"}
{"level":30,"time":1782109070030,"pid":5904,"hostname":"Quang","name":"canary/verify-loop","round":5,"relayMinerId":"relay-byzantine-R","roomId":"mesh-room","perReceiver":2,"promoted":1,"absorbed":0,"stunLossBps":"0","msg":"canary verify round classified (hermetic half — synthetic capture, STUN read live)"}
[90mstdout[2m | apps/validator-daemon/src/canary/__tests__/mesh-byzantine.test.ts[2m > [22m[2mREQ-RMS-017 — Byzantine under-server attributed to R via the SHIPPED canary pipeline[2m > [22m[2mR (overclaim->under-serve) is slashed pinned to its miner_id; honest R2 is never slashed
[22m[39m{"timestamp":"2026-06-22T06:17:50.031Z","level":"INFO","source":"frontend","module":"webrtc/sframe-transform","message":"encrypted frame","context":{"kid":9,"ctr":0,"byteLength":62,"codecOffset":10}}

[90mstdout[2m | apps/validator-daemon/src/canary/__tests__/mesh-byzantine.test.ts[2m > [22m[2mREQ-RMS-017 — Byzantine under-server attributed to R via the SHIPPED canary pipeline[2m > [22m[2mR (overclaim->under-serve) is slashed pinned to its miner_id; honest R2 is never slashed
[22m[39m{"timestamp":"2026-06-22T06:17:50.031Z","level":"INFO","source":"frontend","module":"webrtc/sframe-transform","message":"encrypted frame","context":{"kid":9,"ctr":1,"byteLength":62,"codecOffset":10}}

[90mstdout[2m | apps/validator-daemon/src/canary/__tests__/mesh-byzantine.test.ts[2m > [22m[2mREQ-RMS-017 — Byzantine under-server attributed to R via the SHIPPED canary pipeline[2m > [22m[2mR (overclaim->under-serve) is slashed pinned to its miner_id; honest R2 is never slashed
[22m[39m{"timestamp":"2026-06-22T06:17:50.031Z","level":"INFO","source":"frontend","module":"webrtc/sframe-transform","message":"encrypted frame","context":{"kid":9,"ctr":2,"byteLength":62,"codecOffset":10}}

[90mstdout[2m | apps/validator-daemon/src/canary/__tests__/mesh-byzantine.test.ts[2m > [22m[2mREQ-RMS-017 — Byzantine under-server attributed to R via the SHIPPED canary pipeline[2m > [22m[2mR (overclaim->under-serve) is slashed pinned to its miner_id; honest R2 is never slashed
[22m[39m{"timestamp":"2026-06-22T06:17:50.032Z","level":"INFO","source":"frontend","module":"webrtc/sframe-transform","message":"encrypted frame","context":{"kid":9,"ctr":3,"byteLength":62,"codecOffset":10}}

[90mstdout[2m | apps/validator-daemon/src/canary/__tests__/mesh-byzantine.test.ts[2m > [22m[2mREQ-RMS-017 — Byzantine under-server attributed to R via the SHIPPED canary pipeline[2m > [22m[2mR (overclaim->under-serve) is slashed pinned to its miner_id; honest R2 is never slashed
[22m[39m{"timestamp":"2026-06-22T06:17:50.032Z","level":"INFO","source":"frontend","module":"webrtc/sframe-transform","message":"encrypted frame","context":{"kid":9,"ctr":4,"byteLength":62,"codecOffset":10}}

[90mstdout[2m | apps/validator-daemon/src/canary/__tests__/mesh-byzantine.test.ts[2m > [22m[2mREQ-RMS-017 — Byzantine under-server attributed to R via the SHIPPED canary pipeline[2m > [22m[2mR (overclaim->under-serve) is slashed pinned to its miner_id; honest R2 is never slashed
[22m[39m{"timestamp":"2026-06-22T06:17:50.033Z","level":"INFO","source":"frontend","module":"webrtc/sframe-transform","message":"encrypted frame","context":{"kid":9,"ctr":5,"byteLength":62,"codecOffset":10}}

[90mstdout[2m | apps/validator-daemon/src/canary/__tests__/mesh-byzantine.test.ts[2m > [22m[2mREQ-RMS-017 — Byzantine under-server attributed to R via the SHIPPED canary pipeline[2m > [22m[2mR (overclaim->under-serve) is slashed pinned to its miner_id; honest R2 is never slashed
[22m[39m{"timestamp":"2026-06-22T06:17:50.033Z","level":"INFO","source":"frontend","module":"webrtc/sframe-transform","message":"encrypted frame","context":{"kid":9,"ctr":6,"byteLength":62,"codecOffset":10}}

[90mstdout[2m | apps/validator-daemon/src/canary/__tests__/mesh-byzantine.test.ts[2m > [22m[2mREQ-RMS-017 — Byzantine under-server attributed to R via the SHIPPED canary pipeline[2m > [22m[2mR (overclaim->under-serve) is slashed pinned to its miner_id; honest R2 is never slashed
[22m[39m{"timestamp":"2026-06-22T06:17:50.033Z","level":"INFO","source":"frontend","module":"webrtc/sframe-transform","message":"encrypted frame","context":{"kid":9,"ctr":7,"byteLength":62,"codecOffset":10}}

[90mstdout[2m | apps/validator-daemon/src/canary/__tests__/mesh-byzantine.test.ts[2m > [22m[2mREQ-RMS-017 — Byzantine under-server attributed to R via the SHIPPED canary pipeline[2m > [22m[2mR (overclaim->under-serve) is slashed pinned to its miner_id; honest R2 is never slashed
[22m[39m{"timestamp":"2026-06-22T06:17:50.034Z","level":"INFO","source":"frontend","module":"webrtc/sframe-transform","message":"encrypted frame","context":{"kid":9,"ctr":0,"byteLength":62,"codecOffset":10}}

[90mstdout[2m | apps/validator-daemon/src/canary/__tests__/mesh-byzantine.test.ts[2m > [22m[2mREQ-RMS-017 — Byzantine under-server attributed to R via the SHIPPED canary pipeline[2m > [22m[2mR (overclaim->under-serve) is slashed pinned to its miner_id; honest R2 is never slashed
[22m[39m{"timestamp":"2026-06-22T06:17:50.035Z","level":"INFO","source":"frontend","module":"webrtc/sframe-transform","message":"encrypted frame","context":{"kid":9,"ctr":1,"byteLength":62,"codecOffset":10}}

[90mstdout[2m | apps/validator-daemon/src/canary/__tests__/mesh-byzantine.test.ts[2m > [22m[2mREQ-RMS-017 — Byzantine under-server attributed to R via the SHIPPED canary pipeline[2m > [22m[2mR (overclaim->under-serve) is slashed pinned to its miner_id; honest R2 is never slashed
[22m[39m{"timestamp":"2026-06-22T06:17:50.035Z","level":"INFO","source":"frontend","module":"webrtc/sframe-transform","message":"encrypted frame","context":{"kid":9,"ctr":2,"byteLength":62,"codecOffset":10}}

[90mstdout[2m | apps/validator-daemon/src/canary/__tests__/mesh-byzantine.test.ts[2m > [22m[2mREQ-RMS-017 — Byzantine under-server attributed to R via the SHIPPED canary pipeline[2m > [22m[2mR (overclaim->under-serve) is slashed pinned to its miner_id; honest R2 is never slashed
[22m[39m{"timestamp":"2026-06-22T06:17:50.036Z","level":"INFO","source":"frontend","module":"webrtc/sframe-transform","message":"encrypted frame","context":{"kid":9,"ctr":3,"byteLength":62,"codecOffset":10}}

[90mstdout[2m | apps/validator-daemon/src/canary/__tests__/mesh-byzantine.test.ts[2m > [22m[2mREQ-RMS-017 — Byzantine under-server attributed to R via the SHIPPED canary pipeline[2m > [22m[2mR (overclaim->under-serve) is slashed pinned to its miner_id; honest R2 is never slashed
[22m[39m{"timestamp":"2026-06-22T06:17:50.036Z","level":"INFO","source":"frontend","module":"webrtc/sframe-transform","message":"encrypted frame","context":{"kid":9,"ctr":4,"byteLength":62,"codecOffset":10}}

[90mstdout[2m | apps/validator-daemon/src/canary/__tests__/mesh-byzantine.test.ts[2m > [22m[2mREQ-RMS-017 — Byzantine under-server attributed to R via the SHIPPED canary pipeline[2m > [22m[2mR (overclaim->under-serve) is slashed pinned to its miner_id; honest R2 is never slashed
[22m[39m{"timestamp":"2026-06-22T06:17:50.037Z","level":"INFO","source":"frontend","module":"webrtc/sframe-transform","message":"encrypted frame","context":{"kid":9,"ctr":5,"byteLength":62,"codecOffset":10}}

[90mstdout[2m | apps/validator-daemon/src/canary/__tests__/mesh-byzantine.test.ts[2m > [22m[2mREQ-RMS-017 — Byzantine under-server attributed to R via the SHIPPED canary pipeline[2m > [22m[2mR (overclaim->under-serve) is slashed pinned to its miner_id; honest R2 is never slashed
[22m[39m{"timestamp":"2026-06-22T06:17:50.037Z","level":"INFO","source":"frontend","module":"webrtc/sframe-transform","message":"encrypted frame","context":{"kid":9,"ctr":6,"byteLength":62,"codecOffset":10}}

[90mstdout[2m | apps/validator-daemon/src/canary/__tests__/mesh-byzantine.test.ts[2m > [22m[2mREQ-RMS-017 — Byzantine under-server attributed to R via the SHIPPED canary pipeline[2m > [22m[2mR (overclaim->under-serve) is slashed pinned to its miner_id; honest R2 is never slashed
[22m[39m{"timestamp":"2026-06-22T06:17:50.038Z","level":"INFO","source":"frontend","module":"webrtc/sframe-transform","message":"encrypted frame","context":{"kid":9,"ctr":7,"byteLength":62,"codecOffset":10}}

{"level":30,"time":1782109070038,"pid":5904,"hostname":"Quang","name":"canary/verifier","canaryKid":9,"mediaPackets":8,"byteIdentical":8,"divergences":0,"msg":"canary forwarding verified"}
[90mstdout[2m | apps/validator-daemon/src/canary/__tests__/mesh-byzantine.test.ts[2m > [22m[2mREQ-RMS-017 — Byzantine under-server attributed to R via the SHIPPED canary pipeline[2m > [22m[2mR (overclaim->under-serve) is slashed pinned to its miner_id; honest R2 is never slashed
[22m[39m{"timestamp":"2026-06-22T06:17:50.039Z","level":"INFO","source":"frontend","module":"webrtc/sframe-transform","message":"encrypted frame","context":{"kid":9,"ctr":0,"byteLength":62,"codecOffset":10}}

[90mstdout[2m | apps/validator-daemon/src/canary/__tests__/mesh-byzantine.test.ts[2m > [22m[2mREQ-RMS-017 — Byzantine under-server attributed to R via the SHIPPED canary pipeline[2m > [22m[2mR (overclaim->under-serve) is slashed pinned to its miner_id; honest R2 is never slashed
[22m[39m{"timestamp":"2026-06-22T06:17:50.039Z","level":"INFO","source":"frontend","module":"webrtc/sframe-transform","message":"encrypted frame","context":{"kid":9,"ctr":1,"byteLength":62,"codecOffset":10}}

[90mstdout[2m | apps/validator-daemon/src/canary/__tests__/mesh-byzantine.test.ts[2m > [22m[2mREQ-RMS-017 — Byzantine under-server attributed to R via the SHIPPED canary pipeline[2m > [22m[2mR (overclaim->under-serve) is slashed pinned to its miner_id; honest R2 is never slashed
[22m[39m{"timestamp":"2026-06-22T06:17:50.040Z","level":"INFO","source":"frontend","module":"webrtc/sframe-transform","message":"encrypted frame","context":{"kid":9,"ctr":2,"byteLength":62,"codecOffset":10}}

[90mstdout[2m | apps/validator-daemon/src/canary/__tests__/mesh-byzantine.test.ts[2m > [22m[2mREQ-RMS-017 — Byzantine under-server attributed to R via the SHIPPED canary pipeline[2m > [22m[2mR (overclaim->under-serve) is slashed pinned to its miner_id; honest R2 is never slashed
[22m[39m{"timestamp":"2026-06-22T06:17:50.040Z","level":"INFO","source":"frontend","module":"webrtc/sframe-transform","message":"encrypted frame","context":{"kid":9,"ctr":3,"byteLength":62,"codecOffset":10}}

[90mstdout[2m | apps/validator-daemon/src/canary/__tests__/mesh-byzantine.test.ts[2m > [22m[2mREQ-RMS-017 — Byzantine under-server attributed to R via the SHIPPED canary pipeline[2m > [22m[2mR (overclaim->under-serve) is slashed pinned to its miner_id; honest R2 is never slashed
[22m[39m{"timestamp":"2026-06-22T06:17:50.041Z","level":"INFO","source":"frontend","module":"webrtc/sframe-transform","message":"encrypted frame","context":{"kid":9,"ctr":4,"byteLength":62,"codecOffset":10}}

[90mstdout[2m | apps/validator-daemon/src/canary/__tests__/mesh-byzantine.test.ts[2m > [22m[2mREQ-RMS-017 — Byzantine under-server attributed to R via the SHIPPED canary pipeline[2m > [22m[2mR (overclaim->under-serve) is slashed pinned to its miner_id; honest R2 is never slashed
[22m[39m{"timestamp":"2026-06-22T06:17:50.041Z","level":"INFO","source":"frontend","module":"webrtc/sframe-transform","message":"encrypted frame","context":{"kid":9,"ctr":5,"byteLength":62,"codecOffset":10}}

[90mstdout[2m | apps/validator-daemon/src/canary/__tests__/mesh-byzantine.test.ts[2m > [22m[2mREQ-RMS-017 — Byzantine under-server attributed to R via the SHIPPED canary pipeline[2m > [22m[2mR (overclaim->under-serve) is slashed pinned to its miner_id; honest R2 is never slashed
[22m[39m{"timestamp":"2026-06-22T06:17:50.042Z","level":"INFO","source":"frontend","module":"webrtc/sframe-transform","message":"encrypted frame","context":{"kid":9,"ctr":6,"byteLength":62,"codecOffset":10}}

[90mstdout[2m | apps/validator-daemon/src/canary/__tests__/mesh-byzantine.test.ts[2m > [22m[2mREQ-RMS-017 — Byzantine under-server attributed to R via the SHIPPED canary pipeline[2m > [22m[2mR (overclaim->under-serve) is slashed pinned to its miner_id; honest R2 is never slashed
[22m[39m{"timestamp":"2026-06-22T06:17:50.042Z","level":"INFO","source":"frontend","module":"webrtc/sframe-transform","message":"encrypted frame","context":{"kid":9,"ctr":7,"byteLength":62,"codecOffset":10}}

{"level":30,"time":1782109070042,"pid":5904,"hostname":"Quang","name":"canary/verifier","canaryKid":9,"mediaPackets":8,"byteIdentical":8,"divergences":0,"msg":"canary forwarding verified"}
{"level":30,"time":1782109070043,"pid":5904,"hostname":"Quang","name":"canary/loss-classifier","relayMinerId":"relay-honest-R2","promoted":0,"absorbed":0,"tampers":0,"cumulativeCrossed":false,"msg":"canary divergences classified (drop gate / tamper p=1)"}
{"level":30,"time":1782109070043,"pid":5904,"hostname":"Quang","name":"canary/verify-loop","round":5,"relayMinerId":"relay-honest-R2","roomId":"mesh-room","perReceiver":2,"promoted":0,"absorbed":0,"stunLossBps":"0","msg":"canary verify round classified (hermetic half — synthetic capture, STUN read live)"}
[90mstdout[2m | apps/validator-daemon/src/canary/__tests__/mesh-byzantine.test.ts[2m > [22m[2mREQ-RMS-017 — Byzantine under-server attributed to R via the SHIPPED canary pipeline[2m > [22m[2mR (overclaim->under-serve) is slashed pinned to its miner_id; honest R2 is never slashed
[22m[39m{"timestamp":"2026-06-22T06:17:50.043Z","level":"INFO","source":"frontend","module":"webrtc/sframe-transform","message":"encrypted frame","context":{"kid":9,"ctr":0,"byteLength":62,"codecOffset":10}}

[90mstdout[2m | apps/validator-daemon/src/canary/__tests__/mesh-byzantine.test.ts[2m > [22m[2mREQ-RMS-017 — Byzantine under-server attributed to R via the SHIPPED canary pipeline[2m > [22m[2mR (overclaim->under-serve) is slashed pinned to its miner_id; honest R2 is never slashed
[22m[39m{"timestamp":"2026-06-22T06:17:50.044Z","level":"INFO","source":"frontend","module":"webrtc/sframe-transform","message":"encrypted frame","context":{"kid":9,"ctr":1,"byteLength":62,"codecOffset":10}}

[90mstdout[2m | apps/validator-daemon/src/canary/__tests__/mesh-byzantine.test.ts[2m > [22m[2mREQ-RMS-017 — Byzantine under-server attributed to R via the SHIPPED canary pipeline[2m > [22m[2mR (overclaim->under-serve) is slashed pinned to its miner_id; honest R2 is never slashed
[22m[39m{"timestamp":"2026-06-22T06:17:50.045Z","level":"INFO","source":"frontend","module":"webrtc/sframe-transform","message":"encrypted frame","context":{"kid":9,"ctr":2,"byteLength":62,"codecOffset":10}}

[90mstdout[2m | apps/validator-daemon/src/canary/__tests__/mesh-byzantine.test.ts[2m > [22m[2mREQ-RMS-017 — Byzantine under-server attributed to R via the SHIPPED canary pipeline[2m > [22m[2mR (overclaim->under-serve) is slashed pinned to its miner_id; honest R2 is never slashed
[22m[39m{"timestamp":"2026-06-22T06:17:50.045Z","level":"INFO","source":"frontend","module":"webrtc/sframe-transform","message":"encrypted frame","context":{"kid":9,"ctr":3,"byteLength":62,"codecOffset":10}}

[90mstdout[2m | apps/validator-daemon/src/canary/__tests__/mesh-byzantine.test.ts[2m > [22m[2mREQ-RMS-017 — Byzantine under-server attributed to R via the SHIPPED canary pipeline[2m > [22m[2mR (overclaim->under-serve) is slashed pinned to its miner_id; honest R2 is never slashed
[22m[39m{"timestamp":"2026-06-22T06:17:50.046Z","level":"INFO","source":"frontend","module":"webrtc/sframe-transform","message":"encrypted frame","context":{"kid":9,"ctr":4,"byteLength":62,"codecOffset":10}}

[90mstdout[2m | apps/validator-daemon/src/canary/__tests__/mesh-byzantine.test.ts[2m > [22m[2mREQ-RMS-017 — Byzantine under-server attributed to R via the SHIPPED canary pipeline[2m > [22m[2mR (overclaim->under-serve) is slashed pinned to its miner_id; honest R2 is never slashed
[22m[39m{"timestamp":"2026-06-22T06:17:50.046Z","level":"INFO","source":"frontend","module":"webrtc/sframe-transform","message":"encrypted frame","context":{"kid":9,"ctr":6,"byteLength":62,"codecOffset":10}}

[90mstdout[2m | apps/validator-daemon/src/canary/__tests__/mesh-byzantine.test.ts[2m > [22m[2mREQ-RMS-017 — Byzantine under-server attributed to R via the SHIPPED canary pipeline[2m > [22m[2mR (overclaim->under-serve) is slashed pinned to its miner_id; honest R2 is never slashed
[22m[39m{"timestamp":"2026-06-22T06:17:50.047Z","level":"INFO","source":"frontend","module":"webrtc/sframe-transform","message":"encrypted frame","context":{"kid":9,"ctr":7,"byteLength":62,"codecOffset":10}}

[90mstdout[2m | apps/validator-daemon/src/canary/__tests__/mesh-byzantine.test.ts[2m > [22m[2mREQ-RMS-017 — Byzantine under-server attributed to R via the SHIPPED canary pipeline[2m > [22m[2mR (overclaim->under-serve) is slashed pinned to its miner_id; honest R2 is never slashed
[22m[39m{"timestamp":"2026-06-22T06:17:50.047Z","level":"INFO","source":"frontend","module":"webrtc/sframe-transform","message":"encrypted frame","context":{"kid":9,"ctr":0,"byteLength":62,"codecOffset":10}}

[90mstdout[2m | apps/validator-daemon/src/canary/__tests__/mesh-byzantine.test.ts[2m > [22m[2mREQ-RMS-017 — Byzantine under-server attributed to R via the SHIPPED canary pipeline[2m > [22m[2mR (overclaim->under-serve) is slashed pinned to its miner_id; honest R2 is never slashed
[22m[39m{"timestamp":"2026-06-22T06:17:50.048Z","level":"INFO","source":"frontend","module":"webrtc/sframe-transform","message":"encrypted frame","context":{"kid":9,"ctr":1,"byteLength":62,"codecOffset":10}}

[90mstdout[2m | apps/validator-daemon/src/canary/__tests__/mesh-byzantine.test.ts[2m > [22m[2mREQ-RMS-017 — Byzantine under-server attributed to R via the SHIPPED canary pipeline[2m > [22m[2mR (overclaim->under-serve) is slashed pinned to its miner_id; honest R2 is never slashed
[22m[39m{"timestamp":"2026-06-22T06:17:50.048Z","level":"INFO","source":"frontend","module":"webrtc/sframe-transform","message":"encrypted frame","context":{"kid":9,"ctr":2,"byteLength":62,"codecOffset":10}}

[90mstdout[2m | apps/validator-daemon/src/canary/__tests__/mesh-byzantine.test.ts[2m > [22m[2mREQ-RMS-017 — Byzantine under-server attributed to R via the SHIPPED canary pipeline[2m > [22m[2mR (overclaim->under-serve) is slashed pinned to its miner_id; honest R2 is never slashed
[22m[39m{"timestamp":"2026-06-22T06:17:50.049Z","level":"INFO","source":"frontend","module":"webrtc/sframe-transform","message":"encrypted frame","context":{"kid":9,"ctr":3,"byteLength":62,"codecOffset":10}}

[90mstdout[2m | apps/validator-daemon/src/canary/__tests__/mesh-byzantine.test.ts[2m > [22m[2mREQ-RMS-017 — Byzantine under-server attributed to R via the SHIPPED canary pipeline[2m > [22m[2mR (overclaim->under-serve) is slashed pinned to its miner_id; honest R2 is never slashed
[22m[39m{"timestamp":"2026-06-22T06:17:50.049Z","level":"INFO","source":"frontend","module":"webrtc/sframe-transform","message":"encrypted frame","context":{"kid":9,"ctr":4,"byteLength":62,"codecOffset":10}}

[90mstdout[2m | apps/validator-daemon/src/canary/__tests__/mesh-byzantine.test.ts[2m > [22m[2mREQ-RMS-017 — Byzantine under-server attributed to R via the SHIPPED canary pipeline[2m > [22m[2mR (overclaim->under-serve) is slashed pinned to its miner_id; honest R2 is never slashed
[22m[39m{"timestamp":"2026-06-22T06:17:50.050Z","level":"INFO","source":"frontend","module":"webrtc/sframe-transform","message":"encrypted frame","context":{"kid":9,"ctr":5,"byteLength":62,"codecOffset":10}}

[90mstdout[2m | apps/validator-daemon/src/canary/__tests__/mesh-byzantine.test.ts[2m > [22m[2mREQ-RMS-017 — Byzantine under-server attributed to R via the SHIPPED canary pipeline[2m > [22m[2mR (overclaim->under-serve) is slashed pinned to its miner_id; honest R2 is never slashed
[22m[39m{"timestamp":"2026-06-22T06:17:50.050Z","level":"INFO","source":"frontend","module":"webrtc/sframe-transform","message":"encrypted frame","context":{"kid":9,"ctr":6,"byteLength":62,"codecOffset":10}}

[90mstdout[2m | apps/validator-daemon/src/canary/__tests__/mesh-byzantine.test.ts[2m > [22m[2mREQ-RMS-017 — Byzantine under-server attributed to R via the SHIPPED canary pipeline[2m > [22m[2mR (overclaim->under-serve) is slashed pinned to its miner_id; honest R2 is never slashed
[22m[39m{"timestamp":"2026-06-22T06:17:50.051Z","level":"INFO","source":"frontend","module":"webrtc/sframe-transform","message":"encrypted frame","context":{"kid":9,"ctr":7,"byteLength":62,"codecOffset":10}}

{"level":30,"time":1782109070051,"pid":5904,"hostname":"Quang","name":"canary/verifier","canaryKid":9,"mediaPackets":7,"byteIdentical":7,"divergences":1,"msg":"canary forwarding verified"}
[90mstdout[2m | apps/validator-daemon/src/canary/__tests__/mesh-byzantine.test.ts[2m > [22m[2mREQ-RMS-017 — Byzantine under-server attributed to R via the SHIPPED canary pipeline[2m > [22m[2mR (overclaim->under-serve) is slashed pinned to its miner_id; honest R2 is never slashed
[22m[39m{"timestamp":"2026-06-22T06:17:50.052Z","level":"INFO","source":"frontend","module":"webrtc/sframe-transform","message":"encrypted frame","context":{"kid":9,"ctr":0,"byteLength":62,"codecOffset":10}}

[90mstdout[2m | apps/validator-daemon/src/canary/__tests__/mesh-byzantine.test.ts[2m > [22m[2mREQ-RMS-017 — Byzantine under-server attributed to R via the SHIPPED canary pipeline[2m > [22m[2mR (overclaim->under-serve) is slashed pinned to its miner_id; honest R2 is never slashed
[22m[39m{"timestamp":"2026-06-22T06:17:50.052Z","level":"INFO","source":"frontend","module":"webrtc/sframe-transform","message":"encrypted frame","context":{"kid":9,"ctr":1,"byteLength":62,"codecOffset":10}}

[90mstdout[2m | apps/validator-daemon/src/canary/__tests__/mesh-byzantine.test.ts[2m > [22m[2mREQ-RMS-017 — Byzantine under-server attributed to R via the SHIPPED canary pipeline[2m > [22m[2mR (overclaim->under-serve) is slashed pinned to its miner_id; honest R2 is never slashed
[22m[39m{"timestamp":"2026-06-22T06:17:50.053Z","level":"INFO","source":"frontend","module":"webrtc/sframe-transform","message":"encrypted frame","context":{"kid":9,"ctr":2,"byteLength":62,"codecOffset":10}}

[90mstdout[2m | apps/validator-daemon/src/canary/__tests__/mesh-byzantine.test.ts[2m > [22m[2mREQ-RMS-017 — Byzantine under-server attributed to R via the SHIPPED canary pipeline[2m > [22m[2mR (overclaim->under-serve) is slashed pinned to its miner_id; honest R2 is never slashed
[22m[39m{"timestamp":"2026-06-22T06:17:50.053Z","level":"INFO","source":"frontend","module":"webrtc/sframe-transform","message":"encrypted frame","context":{"kid":9,"ctr":3,"byteLength":62,"codecOffset":10}}

[90mstdout[2m | apps/validator-daemon/src/canary/__tests__/mesh-byzantine.test.ts[2m > [22m[2mREQ-RMS-017 — Byzantine under-server attributed to R via the SHIPPED canary pipeline[2m > [22m[2mR (overclaim->under-serve) is slashed pinned to its miner_id; honest R2 is never slashed
[22m[39m{"timestamp":"2026-06-22T06:17:50.054Z","level":"INFO","source":"frontend","module":"webrtc/sframe-transform","message":"encrypted frame","context":{"kid":9,"ctr":4,"byteLength":62,"codecOffset":10}}

[90mstdout[2m | apps/validator-daemon/src/canary/__tests__/mesh-byzantine.test.ts[2m > [22m[2mREQ-RMS-017 — Byzantine under-server attributed to R via the SHIPPED canary pipeline[2m > [22m[2mR (overclaim->under-serve) is slashed pinned to its miner_id; honest R2 is never slashed
[22m[39m{"timestamp":"2026-06-22T06:17:50.054Z","level":"INFO","source":"frontend","module":"webrtc/sframe-transform","message":"encrypted frame","context":{"kid":9,"ctr":5,"byteLength":62,"codecOffset":10}}

[90mstdout[2m | apps/validator-daemon/src/canary/__tests__/mesh-byzantine.test.ts[2m > [22m[2mREQ-RMS-017 — Byzantine under-server attributed to R via the SHIPPED canary pipeline[2m > [22m[2mR (overclaim->under-serve) is slashed pinned to its miner_id; honest R2 is never slashed
[22m[39m{"timestamp":"2026-06-22T06:17:50.055Z","level":"INFO","source":"frontend","module":"webrtc/sframe-transform","message":"encrypted frame","context":{"kid":9,"ctr":6,"byteLength":62,"codecOffset":10}}

[90mstdout[2m | apps/validator-daemon/src/canary/__tests__/mesh-byzantine.test.ts[2m > [22m[2mREQ-RMS-017 — Byzantine under-server attributed to R via the SHIPPED canary pipeline[2m > [22m[2mR (overclaim->under-serve) is slashed pinned to its miner_id; honest R2 is never slashed
[22m[39m{"timestamp":"2026-06-22T06:17:50.055Z","level":"INFO","source":"frontend","module":"webrtc/sframe-transform","message":"encrypted frame","context":{"kid":9,"ctr":7,"byteLength":62,"codecOffset":10}}

{"level":30,"time":1782109070056,"pid":5904,"hostname":"Quang","name":"canary/verifier","canaryKid":9,"mediaPackets":7,"byteIdentical":7,"divergences":1,"msg":"canary forwarding verified"}
{"level":30,"time":1782109070056,"pid":5904,"hostname":"Quang","name":"canary/loss-classifier","relayMinerId":"relay-byzantine-R","promoted":1,"absorbed":0,"tampers":0,"cumulativeCrossed":true,"msg":"canary divergences classified (drop gate / tamper p=1)"}
{"level":30,"time":1782109070057,"pid":5904,"hostname":"Quang","name":"canary/verify-loop","round":5,"relayMinerId":"relay-byzantine-R","roomId":"mesh-room","perReceiver":2,"promoted":1,"absorbed":0,"stunLossBps":"0","msg":"canary verify round classified (hermetic half — synthetic capture, STUN read live)"}
[90mstdout[2m | apps/validator-daemon/src/canary/__tests__/mesh-byzantine.test.ts[2m > [22m[2mREQ-RMS-017 — Byzantine under-server attributed to R via the SHIPPED canary pipeline[2m > [22m[2mR (overclaim->under-serve) is slashed pinned to its miner_id; honest R2 is never slashed
[22m[39m{"timestamp":"2026-06-22T06:17:50.058Z","level":"INFO","source":"frontend","module":"webrtc/sframe-transform","message":"encrypted frame","context":{"kid":9,"ctr":0,"byteLength":62,"codecOffset":10}}

[90mstdout[2m | apps/validator-daemon/src/canary/__tests__/mesh-byzantine.test.ts[2m > [22m[2mREQ-RMS-017 — Byzantine under-server attributed to R via the SHIPPED canary pipeline[2m > [22m[2mR (overclaim->under-serve) is slashed pinned to its miner_id; honest R2 is never slashed
[22m[39m{"timestamp":"2026-06-22T06:17:50.058Z","level":"INFO","source":"frontend","module":"webrtc/sframe-transform","message":"encrypted frame","context":{"kid":9,"ctr":1,"byteLength":62,"codecOffset":10}}

[90mstdout[2m | apps/validator-daemon/src/canary/__tests__/mesh-byzantine.test.ts[2m > [22m[2mREQ-RMS-017 — Byzantine under-server attributed to R via the SHIPPED canary pipeline[2m > [22m[2mR (overclaim->under-serve) is slashed pinned to its miner_id; honest R2 is never slashed
[22m[39m{"timestamp":"2026-06-22T06:17:50.059Z","level":"INFO","source":"frontend","module":"webrtc/sframe-transform","message":"encrypted frame","context":{"kid":9,"ctr":2,"byteLength":62,"codecOffset":10}}

[90mstdout[2m | apps/validator-daemon/src/canary/__tests__/mesh-byzantine.test.ts[2m > [22m[2mREQ-RMS-017 — Byzantine under-server attributed to R via the SHIPPED canary pipeline[2m > [22m[2mR (overclaim->under-serve) is slashed pinned to its miner_id; honest R2 is never slashed
[22m[39m{"timestamp":"2026-06-22T06:17:50.059Z","level":"INFO","source":"frontend","module":"webrtc/sframe-transform","message":"encrypted frame","context":{"kid":9,"ctr":3,"byteLength":62,"codecOffset":10}}

[90mstdout[2m | apps/validator-daemon/src/canary/__tests__/mesh-byzantine.test.ts[2m > [22m[2mREQ-RMS-017 — Byzantine under-server attributed to R via the SHIPPED canary pipeline[2m > [22m[2mR (overclaim->under-serve) is slashed pinned to its miner_id; honest R2 is never slashed
[22m[39m{"timestamp":"2026-06-22T06:17:50.060Z","level":"INFO","source":"frontend","module":"webrtc/sframe-transform","message":"encrypted frame","context":{"kid":9,"ctr":4,"byteLength":62,"codecOffset":10}}

[90mstdout[2m | apps/validator-daemon/src/canary/__tests__/mesh-byzantine.test.ts[2m > [22m[2mREQ-RMS-017 — Byzantine under-server attributed to R via the SHIPPED canary pipeline[2m > [22m[2mR (overclaim->under-serve) is slashed pinned to its miner_id; honest R2 is never slashed
[22m[39m{"timestamp":"2026-06-22T06:17:50.060Z","level":"INFO","source":"frontend","module":"webrtc/sframe-transform","message":"encrypted frame","context":{"kid":9,"ctr":5,"byteLength":62,"codecOffset":10}}

[90mstdout[2m | apps/validator-daemon/src/canary/__tests__/mesh-byzantine.test.ts[2m > [22m[2mREQ-RMS-017 — Byzantine under-server attributed to R via the SHIPPED canary pipeline[2m > [22m[2mR (overclaim->under-serve) is slashed pinned to its miner_id; honest R2 is never slashed
[22m[39m{"timestamp":"2026-06-22T06:17:50.061Z","level":"INFO","source":"frontend","module":"webrtc/sframe-transform","message":"encrypted frame","context":{"kid":9,"ctr":6,"byteLength":62,"codecOffset":10}}

[90mstdout[2m | apps/validator-daemon/src/canary/__tests__/mesh-byzantine.test.ts[2m > [22m[2mREQ-RMS-017 — Byzantine under-server attributed to R via the SHIPPED canary pipeline[2m > [22m[2mR (overclaim->under-serve) is slashed pinned to its miner_id; honest R2 is never slashed
[22m[39m{"timestamp":"2026-06-22T06:17:50.061Z","level":"INFO","source":"frontend","module":"webrtc/sframe-transform","message":"encrypted frame","context":{"kid":9,"ctr":7,"byteLength":62,"codecOffset":10}}

[90mstdout[2m | apps/validator-daemon/src/canary/__tests__/mesh-byzantine.test.ts[2m > [22m[2mREQ-RMS-017 — Byzantine under-server attributed to R via the SHIPPED canary pipeline[2m > [22m[2mR (overclaim->under-serve) is slashed pinned to its miner_id; honest R2 is never slashed
[22m[39m{"timestamp":"2026-06-22T06:17:50.062Z","level":"INFO","source":"frontend","module":"webrtc/sframe-transform","message":"encrypted frame","context":{"kid":9,"ctr":0,"byteLength":62,"codecOffset":10}}

[90mstdout[2m | apps/validator-daemon/src/canary/__tests__/mesh-byzantine.test.ts[2m > [22m[2mREQ-RMS-017 — Byzantine under-server attributed to R via the SHIPPED canary pipeline[2m > [22m[2mR (overclaim->under-serve) is slashed pinned to its miner_id; honest R2 is never slashed
[22m[39m{"timestamp":"2026-06-22T06:17:50.062Z","level":"INFO","source":"frontend","module":"webrtc/sframe-transform","message":"encrypted frame","context":{"kid":9,"ctr":1,"byteLength":62,"codecOffset":10}}

[90mstdout[2m | apps/validator-daemon/src/canary/__tests__/mesh-byzantine.test.ts[2m > [22m[2mREQ-RMS-017 — Byzantine under-server attributed to R via the SHIPPED canary pipeline[2m > [22m[2mR (overclaim->under-serve) is slashed pinned to its miner_id; honest R2 is never slashed
[22m[39m{"timestamp":"2026-06-22T06:17:50.062Z","level":"INFO","source":"frontend","module":"webrtc/sframe-transform","message":"encrypted frame","context":{"kid":9,"ctr":2,"byteLength":62,"codecOffset":10}}

[90mstdout[2m | apps/validator-daemon/src/canary/__tests__/mesh-byzantine.test.ts[2m > [22m[2mREQ-RMS-017 — Byzantine under-server attributed to R via the SHIPPED canary pipeline[2m > [22m[2mR (overclaim->under-serve) is slashed pinned to its miner_id; honest R2 is never slashed
[22m[39m{"timestamp":"2026-06-22T06:17:50.063Z","level":"INFO","source":"frontend","module":"webrtc/sframe-transform","message":"encrypted frame","context":{"kid":9,"ctr":3,"byteLength":62,"codecOffset":10}}

[90mstdout[2m | apps/validator-daemon/src/canary/__tests__/mesh-byzantine.test.ts[2m > [22m[2mREQ-RMS-017 — Byzantine under-server attributed to R via the SHIPPED canary pipeline[2m > [22m[2mR (overclaim->under-serve) is slashed pinned to its miner_id; honest R2 is never slashed
[22m[39m{"timestamp":"2026-06-22T06:17:50.063Z","level":"INFO","source":"frontend","module":"webrtc/sframe-transform","message":"encrypted frame","context":{"kid":9,"ctr":4,"byteLength":62,"codecOffset":10}}

[90mstdout[2m | apps/validator-daemon/src/canary/__tests__/mesh-byzantine.test.ts[2m > [22m[2mREQ-RMS-017 — Byzantine under-server attributed to R via the SHIPPED canary pipeline[2m > [22m[2mR (overclaim->under-serve) is slashed pinned to its miner_id; honest R2 is never slashed
[22m[39m{"timestamp":"2026-06-22T06:17:50.063Z","level":"INFO","source":"frontend","module":"webrtc/sframe-transform","message":"encrypted frame","context":{"kid":9,"ctr":5,"byteLength":62,"codecOffset":10}}

[90mstdout[2m | apps/validator-daemon/src/canary/__tests__/mesh-byzantine.test.ts[2m > [22m[2mREQ-RMS-017 — Byzantine under-server attributed to R via the SHIPPED canary pipeline[2m > [22m[2mR (overclaim->under-serve) is slashed pinned to its miner_id; honest R2 is never slashed
[22m[39m{"timestamp":"2026-06-22T06:17:50.063Z","level":"INFO","source":"frontend","module":"webrtc/sframe-transform","message":"encrypted frame","context":{"kid":9,"ctr":6,"byteLength":62,"codecOffset":10}}

[90mstdout[2m | apps/validator-daemon/src/canary/__tests__/mesh-byzantine.test.ts[2m > [22m[2mREQ-RMS-017 — Byzantine under-server attributed to R via the SHIPPED canary pipeline[2m > [22m[2mR (overclaim->under-serve) is slashed pinned to its miner_id; honest R2 is never slashed
[22m[39m{"timestamp":"2026-06-22T06:17:50.064Z","level":"INFO","source":"frontend","module":"webrtc/sframe-transform","message":"encrypted frame","context":{"kid":9,"ctr":7,"byteLength":62,"codecOffset":10}}

{"level":30,"time":1782109070064,"pid":5904,"hostname":"Quang","name":"canary/verifier","canaryKid":9,"mediaPackets":8,"byteIdentical":8,"divergences":0,"msg":"canary forwarding verified"}
[90mstdout[2m | apps/validator-daemon/src/canary/__tests__/mesh-byzantine.test.ts[2m > [22m[2mREQ-RMS-017 — Byzantine under-server attributed to R via the SHIPPED canary pipeline[2m > [22m[2mR (overclaim->under-serve) is slashed pinned to its miner_id; honest R2 is never slashed
[22m[39m{"timestamp":"2026-06-22T06:17:50.064Z","level":"INFO","source":"frontend","module":"webrtc/sframe-transform","message":"encrypted frame","context":{"kid":9,"ctr":0,"byteLength":62,"codecOffset":10}}

[90mstdout[2m | apps/validator-daemon/src/canary/__tests__/mesh-byzantine.test.ts[2m > [22m[2mREQ-RMS-017 — Byzantine under-server attributed to R via the SHIPPED canary pipeline[2m > [22m[2mR (overclaim->under-serve) is slashed pinned to its miner_id; honest R2 is never slashed
[22m[39m{"timestamp":"2026-06-22T06:17:50.065Z","level":"INFO","source":"frontend","module":"webrtc/sframe-transform","message":"encrypted frame","context":{"kid":9,"ctr":1,"byteLength":62,"codecOffset":10}}

[90mstdout[2m | apps/validator-daemon/src/canary/__tests__/mesh-byzantine.test.ts[2m > [22m[2mREQ-RMS-017 — Byzantine under-server attributed to R via the SHIPPED canary pipeline[2m > [22m[2mR (overclaim->under-serve) is slashed pinned to its miner_id; honest R2 is never slashed
[22m[39m{"timestamp":"2026-06-22T06:17:50.065Z","level":"INFO","source":"frontend","module":"webrtc/sframe-transform","message":"encrypted frame","context":{"kid":9,"ctr":2,"byteLength":62,"codecOffset":10}}

[90mstdout[2m | apps/validator-daemon/src/canary/__tests__/mesh-byzantine.test.ts[2m > [22m[2mREQ-RMS-017 — Byzantine under-server attributed to R via the SHIPPED canary pipeline[2m > [22m[2mR (overclaim->under-serve) is slashed pinned to its miner_id; honest R2 is never slashed
[22m[39m{"timestamp":"2026-06-22T06:17:50.065Z","level":"INFO","source":"frontend","module":"webrtc/sframe-transform","message":"encrypted frame","context":{"kid":9,"ctr":3,"byteLength":62,"codecOffset":10}}

[90mstdout[2m | apps/validator-daemon/src/canary/__tests__/mesh-byzantine.test.ts[2m > [22m[2mREQ-RMS-017 — Byzantine under-server attributed to R via the SHIPPED canary pipeline[2m > [22m[2mR (overclaim->under-serve) is slashed pinned to its miner_id; honest R2 is never slashed
[22m[39m{"timestamp":"2026-06-22T06:17:50.066Z","level":"INFO","source":"frontend","module":"webrtc/sframe-transform","message":"encrypted frame","context":{"kid":9,"ctr":4,"byteLength":62,"codecOffset":10}}

[90mstdout[2m | apps/validator-daemon/src/canary/__tests__/mesh-byzantine.test.ts[2m > [22m[2mREQ-RMS-017 — Byzantine under-server attributed to R via the SHIPPED canary pipeline[2m > [22m[2mR (overclaim->under-serve) is slashed pinned to its miner_id; honest R2 is never slashed
[22m[39m{"timestamp":"2026-06-22T06:17:50.066Z","level":"INFO","source":"frontend","module":"webrtc/sframe-transform","message":"encrypted frame","context":{"kid":9,"ctr":5,"byteLength":62,"codecOffset":10}}

[90mstdout[2m | apps/validator-daemon/src/canary/__tests__/mesh-byzantine.test.ts[2m > [22m[2mREQ-RMS-017 — Byzantine under-server attributed to R via the SHIPPED canary pipeline[2m > [22m[2mR (overclaim->under-serve) is slashed pinned to its miner_id; honest R2 is never slashed
[22m[39m{"timestamp":"2026-06-22T06:17:50.066Z","level":"INFO","source":"frontend","module":"webrtc/sframe-transform","message":"encrypted frame","context":{"kid":9,"ctr":6,"byteLength":62,"codecOffset":10}}

[90mstdout[2m | apps/validator-daemon/src/canary/__tests__/mesh-byzantine.test.ts[2m > [22m[2mREQ-RMS-017 — Byzantine under-server attributed to R via the SHIPPED canary pipeline[2m > [22m[2mR (overclaim->under-serve) is slashed pinned to its miner_id; honest R2 is never slashed
[22m[39m{"timestamp":"2026-06-22T06:17:50.067Z","level":"INFO","source":"frontend","module":"webrtc/sframe-transform","message":"encrypted frame","context":{"kid":9,"ctr":7,"byteLength":62,"codecOffset":10}}

{"level":30,"time":1782109070067,"pid":5904,"hostname":"Quang","name":"canary/verifier","canaryKid":9,"mediaPackets":8,"byteIdentical":8,"divergences":0,"msg":"canary forwarding verified"}
{"level":30,"time":1782109070067,"pid":5904,"hostname":"Quang","name":"canary/loss-classifier","relayMinerId":"relay-honest-R2","promoted":0,"absorbed":0,"tampers":0,"cumulativeCrossed":false,"msg":"canary divergences classified (drop gate / tamper p=1)"}
{"level":30,"time":1782109070067,"pid":5904,"hostname":"Quang","name":"canary/verify-loop","round":5,"relayMinerId":"relay-honest-R2","roomId":"mesh-room","perReceiver":2,"promoted":0,"absorbed":0,"stunLossBps":"0","msg":"canary verify round classified (hermetic half — synthetic capture, STUN read live)"}
[90mstdout[2m | apps/validator-daemon/src/canary/__tests__/mesh-byzantine.test.ts[2m > [22m[2mREQ-RMS-017 — Byzantine under-server attributed to R via the SHIPPED canary pipeline[2m > [22m[2mR (overclaim->under-serve) is slashed pinned to its miner_id; honest R2 is never slashed
[22m[39m{"timestamp":"2026-06-22T06:17:50.068Z","level":"INFO","source":"frontend","module":"webrtc/sframe-transform","message":"encrypted frame","context":{"kid":9,"ctr":0,"byteLength":62,"codecOffset":10}}

[90mstdout[2m | apps/validator-daemon/src/canary/__tests__/mesh-byzantine.test.ts[2m > [22m[2mREQ-RMS-017 — Byzantine under-server attributed to R via the SHIPPED canary pipeline[2m > [22m[2mR (overclaim->under-serve) is slashed pinned to its miner_id; honest R2 is never slashed
[22m[39m{"timestamp":"2026-06-22T06:17:50.068Z","level":"INFO","source":"frontend","module":"webrtc/sframe-transform","message":"encrypted frame","context":{"kid":9,"ctr":1,"byteLength":62,"codecOffset":10}}

[90mstdout[2m | apps/validator-daemon/src/canary/__tests__/mesh-byzantine.test.ts[2m > [22m[2mREQ-RMS-017 — Byzantine under-server attributed to R via the SHIPPED canary pipeline[2m > [22m[2mR (overclaim->under-serve) is slashed pinned to its miner_id; honest R2 is never slashed
[22m[39m{"timestamp":"2026-06-22T06:17:50.068Z","level":"INFO","source":"frontend","module":"webrtc/sframe-transform","message":"encrypted frame","context":{"kid":9,"ctr":2,"byteLength":62,"codecOffset":10}}

[90mstdout[2m | apps/validator-daemon/src/canary/__tests__/mesh-byzantine.test.ts[2m > [22m[2mREQ-RMS-017 — Byzantine under-server attributed to R via the SHIPPED canary pipeline[2m > [22m[2mR (overclaim->under-serve) is slashed pinned to its miner_id; honest R2 is never slashed
[22m[39m{"timestamp":"2026-06-22T06:17:50.069Z","level":"INFO","source":"frontend","module":"webrtc/sframe-transform","message":"encrypted frame","context":{"kid":9,"ctr":3,"byteLength":62,"codecOffset":10}}

[90mstdout[2m | apps/validator-daemon/src/canary/__tests__/mesh-byzantine.test.ts[2m > [22m[2mREQ-RMS-017 — Byzantine under-server attributed to R via the SHIPPED canary pipeline[2m > [22m[2mR (overclaim->under-serve) is slashed pinned to its miner_id; honest R2 is never slashed
[22m[39m{"timestamp":"2026-06-22T06:17:50.069Z","level":"INFO","source":"frontend","module":"webrtc/sframe-transform","message":"encrypted frame","context":{"kid":9,"ctr":4,"byteLength":62,"codecOffset":10}}

[90mstdout[2m | apps/validator-daemon/src/canary/__tests__/mesh-byzantine.test.ts[2m > [22m[2mREQ-RMS-017 — Byzantine under-server attributed to R via the SHIPPED canary pipeline[2m > [22m[2mR (overclaim->under-serve) is slashed pinned to its miner_id; honest R2 is never slashed
[22m[39m{"timestamp":"2026-06-22T06:17:50.069Z","level":"INFO","source":"frontend","module":"webrtc/sframe-transform","message":"encrypted frame","context":{"kid":9,"ctr":6,"byteLength":62,"codecOffset":10}}

[90mstdout[2m | apps/validator-daemon/src/canary/__tests__/mesh-byzantine.test.ts[2m > [22m[2mREQ-RMS-017 — Byzantine under-server attributed to R via the SHIPPED canary pipeline[2m > [22m[2mR (overclaim->under-serve) is slashed pinned to its miner_id; honest R2 is never slashed
[22m[39m{"timestamp":"2026-06-22T06:17:50.070Z","level":"INFO","source":"frontend","module":"webrtc/sframe-transform","message":"encrypted frame","context":{"kid":9,"ctr":7,"byteLength":62,"codecOffset":10}}

[90mstdout[2m | apps/validator-daemon/src/canary/__tests__/mesh-byzantine.test.ts[2m > [22m[2mREQ-RMS-017 — Byzantine under-server attributed to R via the SHIPPED canary pipeline[2m > [22m[2mR (overclaim->under-serve) is slashed pinned to its miner_id; honest R2 is never slashed
[22m[39m{"timestamp":"2026-06-22T06:17:50.070Z","level":"INFO","source":"frontend","module":"webrtc/sframe-transform","message":"encrypted frame","context":{"kid":9,"ctr":0,"byteLength":62,"codecOffset":10}}

[90mstdout[2m | apps/validator-daemon/src/canary/__tests__/mesh-byzantine.test.ts[2m > [22m[2mREQ-RMS-017 — Byzantine under-server attributed to R via the SHIPPED canary pipeline[2m > [22m[2mR (overclaim->under-serve) is slashed pinned to its miner_id; honest R2 is never slashed
[22m[39m{"timestamp":"2026-06-22T06:17:50.070Z","level":"INFO","source":"frontend","module":"webrtc/sframe-transform","message":"encrypted frame","context":{"kid":9,"ctr":1,"byteLength":62,"codecOffset":10}}

[90mstdout[2m | apps/validator-daemon/src/canary/__tests__/mesh-byzantine.test.ts[2m > [22m[2mREQ-RMS-017 — Byzantine under-server attributed to R via the SHIPPED canary pipeline[2m > [22m[2mR (overclaim->under-serve) is slashed pinned to its miner_id; honest R2 is never slashed
[22m[39m{"timestamp":"2026-06-22T06:17:50.071Z","level":"INFO","source":"frontend","module":"webrtc/sframe-transform","message":"encrypted frame","context":{"kid":9,"ctr":2,"byteLength":62,"codecOffset":10}}

[90mstdout[2m | apps/validator-daemon/src/canary/__tests__/mesh-byzantine.test.ts[2m > [22m[2mREQ-RMS-017 — Byzantine under-server attributed to R via the SHIPPED canary pipeline[2m > [22m[2mR (overclaim->under-serve) is slashed pinned to its miner_id; honest R2 is never slashed
[22m[39m{"timestamp":"2026-06-22T06:17:50.071Z","level":"INFO","source":"frontend","module":"webrtc/sframe-transform","message":"encrypted frame","context":{"kid":9,"ctr":3,"byteLength":62,"codecOffset":10}}

[90mstdout[2m | apps/validator-daemon/src/canary/__tests__/mesh-byzantine.test.ts[2m > [22m[2mREQ-RMS-017 — Byzantine under-server attributed to R via the SHIPPED canary pipeline[2m > [22m[2mR (overclaim->under-serve) is slashed pinned to its miner_id; honest R2 is never slashed
[22m[39m{"timestamp":"2026-06-22T06:17:50.072Z","level":"INFO","source":"frontend","module":"webrtc/sframe-transform","message":"encrypted frame","context":{"kid":9,"ctr":4,"byteLength":62,"codecOffset":10}}

[90mstdout[2m | apps/validator-daemon/src/canary/__tests__/mesh-byzantine.test.ts[2m > [22m[2mREQ-RMS-017 — Byzantine under-server attributed to R via the SHIPPED canary pipeline[2m > [22m[2mR (overclaim->under-serve) is slashed pinned to its miner_id; honest R2 is never slashed
[22m[39m{"timestamp":"2026-06-22T06:17:50.072Z","level":"INFO","source":"frontend","module":"webrtc/sframe-transform","message":"encrypted frame","context":{"kid":9,"ctr":5,"byteLength":62,"codecOffset":10}}

[90mstdout[2m | apps/validator-daemon/src/canary/__tests__/mesh-byzantine.test.ts[2m > [22m[2mREQ-RMS-017 — Byzantine under-server attributed to R via the SHIPPED canary pipeline[2m > [22m[2mR (overclaim->under-serve) is slashed pinned to its miner_id; honest R2 is never slashed
[22m[39m{"timestamp":"2026-06-22T06:17:50.073Z","level":"INFO","source":"frontend","module":"webrtc/sframe-transform","message":"encrypted frame","context":{"kid":9,"ctr":6,"byteLength":62,"codecOffset":10}}

[90mstdout[2m | apps/validator-daemon/src/canary/__tests__/mesh-byzantine.test.ts[2m > [22m[2mREQ-RMS-017 — Byzantine under-server attributed to R via the SHIPPED canary pipeline[2m > [22m[2mR (overclaim->under-serve) is slashed pinned to its miner_id; honest R2 is never slashed
[22m[39m{"timestamp":"2026-06-22T06:17:50.074Z","level":"INFO","source":"frontend","module":"webrtc/sframe-transform","message":"encrypted frame","context":{"kid":9,"ctr":7,"byteLength":62,"codecOffset":10}}

{"level":30,"time":1782109070074,"pid":5904,"hostname":"Quang","name":"canary/verifier","canaryKid":9,"mediaPackets":7,"byteIdentical":7,"divergences":1,"msg":"canary forwarding verified"}
[90mstdout[2m | apps/validator-daemon/src/canary/__tests__/mesh-byzantine.test.ts[2m > [22m[2mREQ-RMS-017 — Byzantine under-server attributed to R via the SHIPPED canary pipeline[2m > [22m[2mR (overclaim->under-serve) is slashed pinned to its miner_id; honest R2 is never slashed
[22m[39m{"timestamp":"2026-06-22T06:17:50.074Z","level":"INFO","source":"frontend","module":"webrtc/sframe-transform","message":"encrypted frame","context":{"kid":9,"ctr":0,"byteLength":62,"codecOffset":10}}

[90mstdout[2m | apps/validator-daemon/src/canary/__tests__/mesh-byzantine.test.ts[2m > [22m[2mREQ-RMS-017 — Byzantine under-server attributed to R via the SHIPPED canary pipeline[2m > [22m[2mR (overclaim->under-serve) is slashed pinned to its miner_id; honest R2 is never slashed
[22m[39m{"timestamp":"2026-06-22T06:17:50.075Z","level":"INFO","source":"frontend","module":"webrtc/sframe-transform","message":"encrypted frame","context":{"kid":9,"ctr":1,"byteLength":62,"codecOffset":10}}

[90mstdout[2m | apps/validator-daemon/src/canary/__tests__/mesh-byzantine.test.ts[2m > [22m[2mREQ-RMS-017 — Byzantine under-server attributed to R via the SHIPPED canary pipeline[2m > [22m[2mR (overclaim->under-serve) is slashed pinned to its miner_id; honest R2 is never slashed
[22m[39m{"timestamp":"2026-06-22T06:17:50.075Z","level":"INFO","source":"frontend","module":"webrtc/sframe-transform","message":"encrypted frame","context":{"kid":9,"ctr":2,"byteLength":62,"codecOffset":10}}

[90mstdout[2m | apps/validator-daemon/src/canary/__tests__/mesh-byzantine.test.ts[2m > [22m[2mREQ-RMS-017 — Byzantine under-server attributed to R via the SHIPPED canary pipeline[2m > [22m[2mR (overclaim->under-serve) is slashed pinned to its miner_id; honest R2 is never slashed
[22m[39m{"timestamp":"2026-06-22T06:17:50.076Z","level":"INFO","source":"frontend","module":"webrtc/sframe-transform","message":"encrypted frame","context":{"kid":9,"ctr":3,"byteLength":62,"codecOffset":10}}

[90mstdout[2m | apps/validator-daemon/src/canary/__tests__/mesh-byzantine.test.ts[2m > [22m[2mREQ-RMS-017 — Byzantine under-server attributed to R via the SHIPPED canary pipeline[2m > [22m[2mR (overclaim->under-serve) is slashed pinned to its miner_id; honest R2 is never slashed
[22m[39m{"timestamp":"2026-06-22T06:17:50.076Z","level":"INFO","source":"frontend","module":"webrtc/sframe-transform","message":"encrypted frame","context":{"kid":9,"ctr":4,"byteLength":62,"codecOffset":10}}

[90mstdout[2m | apps/validator-daemon/src/canary/__tests__/mesh-byzantine.test.ts[2m > [22m[2mREQ-RMS-017 — Byzantine under-server attributed to R via the SHIPPED canary pipeline[2m > [22m[2mR (overclaim->under-serve) is slashed pinned to its miner_id; honest R2 is never slashed
[22m[39m{"timestamp":"2026-06-22T06:17:50.077Z","level":"INFO","source":"frontend","module":"webrtc/sframe-transform","message":"encrypted frame","context":{"kid":9,"ctr":5,"byteLength":62,"codecOffset":10}}

[90mstdout[2m | apps/validator-daemon/src/canary/__tests__/mesh-byzantine.test.ts[2m > [22m[2mREQ-RMS-017 — Byzantine under-server attributed to R via the SHIPPED canary pipeline[2m > [22m[2mR (overclaim->under-serve) is slashed pinned to its miner_id; honest R2 is never slashed
[22m[39m{"timestamp":"2026-06-22T06:17:50.077Z","level":"INFO","source":"frontend","module":"webrtc/sframe-transform","message":"encrypted frame","context":{"kid":9,"ctr":6,"byteLength":62,"codecOffset":10}}

[90mstdout[2m | apps/validator-daemon/src/canary/__tests__/mesh-byzantine.test.ts[2m > [22m[2mREQ-RMS-017 — Byzantine under-server attributed to R via the SHIPPED canary pipeline[2m > [22m[2mR (overclaim->under-serve) is slashed pinned to its miner_id; honest R2 is never slashed
[22m[39m{"timestamp":"2026-06-22T06:17:50.077Z","level":"INFO","source":"frontend","module":"webrtc/sframe-transform","message":"encrypted frame","context":{"kid":9,"ctr":7,"byteLength":62,"codecOffset":10}}

{"level":30,"time":1782109070078,"pid":5904,"hostname":"Quang","name":"canary/verifier","canaryKid":9,"mediaPackets":7,"byteIdentical":7,"divergences":1,"msg":"canary forwarding verified"}
{"level":30,"time":1782109070078,"pid":5904,"hostname":"Quang","name":"canary/loss-classifier","relayMinerId":"relay-byzantine-R","promoted":1,"absorbed":0,"tampers":0,"cumulativeCrossed":true,"msg":"canary divergences classified (drop gate / tamper p=1)"}
{"level":30,"time":1782109070079,"pid":5904,"hostname":"Quang","name":"canary/verify-loop","round":6,"relayMinerId":"relay-byzantine-R","roomId":"mesh-room","perReceiver":2,"promoted":1,"absorbed":0,"stunLossBps":"0","msg":"canary verify round classified (hermetic half — synthetic capture, STUN read live)"}
[90mstdout[2m | apps/validator-daemon/src/canary/__tests__/mesh-byzantine.test.ts[2m > [22m[2mREQ-RMS-017 — Byzantine under-server attributed to R via the SHIPPED canary pipeline[2m > [22m[2mR (overclaim->under-serve) is slashed pinned to its miner_id; honest R2 is never slashed
[22m[39m{"timestamp":"2026-06-22T06:17:50.079Z","level":"INFO","source":"frontend","module":"webrtc/sframe-transform","message":"encrypted frame","context":{"kid":9,"ctr":0,"byteLength":62,"codecOffset":10}}

[90mstdout[2m | apps/validator-daemon/src/canary/__tests__/mesh-byzantine.test.ts[2m > [22m[2mREQ-RMS-017 — Byzantine under-server attributed to R via the SHIPPED canary pipeline[2m > [22m[2mR (overclaim->under-serve) is slashed pinned to its miner_id; honest R2 is never slashed
[22m[39m{"timestamp":"2026-06-22T06:17:50.080Z","level":"INFO","source":"frontend","module":"webrtc/sframe-transform","message":"encrypted frame","context":{"kid":9,"ctr":1,"byteLength":62,"codecOffset":10}}

[90mstdout[2m | apps/validator-daemon/src/canary/__tests__/mesh-byzantine.test.ts[2m > [22m[2mREQ-RMS-017 — Byzantine under-server attributed to R via the SHIPPED canary pipeline[2m > [22m[2mR (overclaim->under-serve) is slashed pinned to its miner_id; honest R2 is never slashed
[22m[39m{"timestamp":"2026-06-22T06:17:50.080Z","level":"INFO","source":"frontend","module":"webrtc/sframe-transform","message":"encrypted frame","context":{"kid":9,"ctr":2,"byteLength":62,"codecOffset":10}}

[90mstdout[2m | apps/validator-daemon/src/canary/__tests__/mesh-byzantine.test.ts[2m > [22m[2mREQ-RMS-017 — Byzantine under-server attributed to R via the SHIPPED canary pipeline[2m > [22m[2mR (overclaim->under-serve) is slashed pinned to its miner_id; honest R2 is never slashed
[22m[39m{"timestamp":"2026-06-22T06:17:50.080Z","level":"INFO","source":"frontend","module":"webrtc/sframe-transform","message":"encrypted frame","context":{"kid":9,"ctr":3,"byteLength":62,"codecOffset":10}}

[90mstdout[2m | apps/validator-daemon/src/canary/__tests__/mesh-byzantine.test.ts[2m > [22m[2mREQ-RMS-017 — Byzantine under-server attributed to R via the SHIPPED canary pipeline[2m > [22m[2mR (overclaim->under-serve) is slashed pinned to its miner_id; honest R2 is never slashed
[22m[39m{"timestamp":"2026-06-22T06:17:50.081Z","level":"INFO","source":"frontend","module":"webrtc/sframe-transform","message":"encrypted frame","context":{"kid":9,"ctr":4,"byteLength":62,"codecOffset":10}}

[90mstdout[2m | apps/validator-daemon/src/canary/__tests__/mesh-byzantine.test.ts[2m > [22m[2mREQ-RMS-017 — Byzantine under-server attributed to R via the SHIPPED canary pipeline[2m > [22m[2mR (overclaim->under-serve) is slashed pinned to its miner_id; honest R2 is never slashed
[22m[39m{"timestamp":"2026-06-22T06:17:50.081Z","level":"INFO","source":"frontend","module":"webrtc/sframe-transform","message":"encrypted frame","context":{"kid":9,"ctr":5,"byteLength":62,"codecOffset":10}}

[90mstdout[2m | apps/validator-daemon/src/canary/__tests__/mesh-byzantine.test.ts[2m > [22m[2mREQ-RMS-017 — Byzantine under-server attributed to R via the SHIPPED canary pipeline[2m > [22m[2mR (overclaim->under-serve) is slashed pinned to its miner_id; honest R2 is never slashed
[22m[39m{"timestamp":"2026-06-22T06:17:50.082Z","level":"INFO","source":"frontend","module":"webrtc/sframe-transform","message":"encrypted frame","context":{"kid":9,"ctr":6,"byteLength":62,"codecOffset":10}}

[90mstdout[2m | apps/validator-daemon/src/canary/__tests__/mesh-byzantine.test.ts[2m > [22m[2mREQ-RMS-017 — Byzantine under-server attributed to R via the SHIPPED canary pipeline[2m > [22m[2mR (overclaim->under-serve) is slashed pinned to its miner_id; honest R2 is never slashed
[22m[39m{"timestamp":"2026-06-22T06:17:50.082Z","level":"INFO","source":"frontend","module":"webrtc/sframe-transform","message":"encrypted frame","context":{"kid":9,"ctr":7,"byteLength":62,"codecOffset":10}}

[90mstdout[2m | apps/validator-daemon/src/canary/__tests__/mesh-byzantine.test.ts[2m > [22m[2mREQ-RMS-017 — Byzantine under-server attributed to R via the SHIPPED canary pipeline[2m > [22m[2mR (overclaim->under-serve) is slashed pinned to its miner_id; honest R2 is never slashed
[22m[39m{"timestamp":"2026-06-22T06:17:50.083Z","level":"INFO","source":"frontend","module":"webrtc/sframe-transform","message":"encrypted frame","context":{"kid":9,"ctr":0,"byteLength":62,"codecOffset":10}}

[90mstdout[2m | apps/validator-daemon/src/canary/__tests__/mesh-byzantine.test.ts[2m > [22m[2mREQ-RMS-017 — Byzantine under-server attributed to R via the SHIPPED canary pipeline[2m > [22m[2mR (overclaim->under-serve) is slashed pinned to its miner_id; honest R2 is never slashed
[22m[39m{"timestamp":"2026-06-22T06:17:50.083Z","level":"INFO","source":"frontend","module":"webrtc/sframe-transform","message":"encrypted frame","context":{"kid":9,"ctr":1,"byteLength":62,"codecOffset":10}}

[90mstdout[2m | apps/validator-daemon/src/canary/__tests__/mesh-byzantine.test.ts[2m > [22m[2mREQ-RMS-017 — Byzantine under-server attributed to R via the SHIPPED canary pipeline[2m > [22m[2mR (overclaim->under-serve) is slashed pinned to its miner_id; honest R2 is never slashed
[22m[39m{"timestamp":"2026-06-22T06:17:50.084Z","level":"INFO","source":"frontend","module":"webrtc/sframe-transform","message":"encrypted frame","context":{"kid":9,"ctr":2,"byteLength":62,"codecOffset":10}}

[90mstdout[2m | apps/validator-daemon/src/canary/__tests__/mesh-byzantine.test.ts[2m > [22m[2mREQ-RMS-017 — Byzantine under-server attributed to R via the SHIPPED canary pipeline[2m > [22m[2mR (overclaim->under-serve) is slashed pinned to its miner_id; honest R2 is never slashed
[22m[39m{"timestamp":"2026-06-22T06:17:50.084Z","level":"INFO","source":"frontend","module":"webrtc/sframe-transform","message":"encrypted frame","context":{"kid":9,"ctr":3,"byteLength":62,"codecOffset":10}}

[90mstdout[2m | apps/validator-daemon/src/canary/__tests__/mesh-byzantine.test.ts[2m > [22m[2mREQ-RMS-017 — Byzantine under-server attributed to R via the SHIPPED canary pipeline[2m > [22m[2mR (overclaim->under-serve) is slashed pinned to its miner_id; honest R2 is never slashed
[22m[39m{"timestamp":"2026-06-22T06:17:50.085Z","level":"INFO","source":"frontend","module":"webrtc/sframe-transform","message":"encrypted frame","context":{"kid":9,"ctr":4,"byteLength":62,"codecOffset":10}}

[90mstdout[2m | apps/validator-daemon/src/canary/__tests__/mesh-byzantine.test.ts[2m > [22m[2mREQ-RMS-017 — Byzantine under-server attributed to R via the SHIPPED canary pipeline[2m > [22m[2mR (overclaim->under-serve) is slashed pinned to its miner_id; honest R2 is never slashed
[22m[39m{"timestamp":"2026-06-22T06:17:50.085Z","level":"INFO","source":"frontend","module":"webrtc/sframe-transform","message":"encrypted frame","context":{"kid":9,"ctr":5,"byteLength":62,"codecOffset":10}}

[90mstdout[2m | apps/validator-daemon/src/canary/__tests__/mesh-byzantine.test.ts[2m > [22m[2mREQ-RMS-017 — Byzantine under-server attributed to R via the SHIPPED canary pipeline[2m > [22m[2mR (overclaim->under-serve) is slashed pinned to its miner_id; honest R2 is never slashed
[22m[39m{"timestamp":"2026-06-22T06:17:50.085Z","level":"INFO","source":"frontend","module":"webrtc/sframe-transform","message":"encrypted frame","context":{"kid":9,"ctr":6,"byteLength":62,"codecOffset":10}}

[90mstdout[2m | apps/validator-daemon/src/canary/__tests__/mesh-byzantine.test.ts[2m > [22m[2mREQ-RMS-017 — Byzantine under-server attributed to R via the SHIPPED canary pipeline[2m > [22m[2mR (overclaim->under-serve) is slashed pinned to its miner_id; honest R2 is never slashed
[22m[39m{"timestamp":"2026-06-22T06:17:50.086Z","level":"INFO","source":"frontend","module":"webrtc/sframe-transform","message":"encrypted frame","context":{"kid":9,"ctr":7,"byteLength":62,"codecOffset":10}}

{"level":30,"time":1782109070086,"pid":5904,"hostname":"Quang","name":"canary/verifier","canaryKid":9,"mediaPackets":8,"byteIdentical":8,"divergences":0,"msg":"canary forwarding verified"}
[90mstdout[2m | apps/validator-daemon/src/canary/__tests__/mesh-byzantine.test.ts[2m > [22m[2mREQ-RMS-017 — Byzantine under-server attributed to R via the SHIPPED canary pipeline[2m > [22m[2mR (overclaim->under-serve) is slashed pinned to its miner_id; honest R2 is never slashed
[22m[39m{"timestamp":"2026-06-22T06:17:50.086Z","level":"INFO","source":"frontend","module":"webrtc/sframe-transform","message":"encrypted frame","context":{"kid":9,"ctr":0,"byteLength":62,"codecOffset":10}}

[90mstdout[2m | apps/validator-daemon/src/canary/__tests__/mesh-byzantine.test.ts[2m > [22m[2mREQ-RMS-017 — Byzantine under-server attributed to R via the SHIPPED canary pipeline[2m > [22m[2mR (overclaim->under-serve) is slashed pinned to its miner_id; honest R2 is never slashed
[22m[39m{"timestamp":"2026-06-22T06:17:50.087Z","level":"INFO","source":"frontend","module":"webrtc/sframe-transform","message":"encrypted frame","context":{"kid":9,"ctr":1,"byteLength":62,"codecOffset":10}}

[90mstdout[2m | apps/validator-daemon/src/canary/__tests__/mesh-byzantine.test.ts[2m > [22m[2mREQ-RMS-017 — Byzantine under-server attributed to R via the SHIPPED canary pipeline[2m > [22m[2mR (overclaim->under-serve) is slashed pinned to its miner_id; honest R2 is never slashed
[22m[39m{"timestamp":"2026-06-22T06:17:50.087Z","level":"INFO","source":"frontend","module":"webrtc/sframe-transform","message":"encrypted frame","context":{"kid":9,"ctr":2,"byteLength":62,"codecOffset":10}}

[90mstdout[2m | apps/validator-daemon/src/canary/__tests__/mesh-byzantine.test.ts[2m > [22m[2mREQ-RMS-017 — Byzantine under-server attributed to R via the SHIPPED canary pipeline[2m > [22m[2mR (overclaim->under-serve) is slashed pinned to its miner_id; honest R2 is never slashed
[22m[39m{"timestamp":"2026-06-22T06:17:50.087Z","level":"INFO","source":"frontend","module":"webrtc/sframe-transform","message":"encrypted frame","context":{"kid":9,"ctr":3,"byteLength":62,"codecOffset":10}}

[90mstdout[2m | apps/validator-daemon/src/canary/__tests__/mesh-byzantine.test.ts[2m > [22m[2mREQ-RMS-017 — Byzantine under-server attributed to R via the SHIPPED canary pipeline[2m > [22m[2mR (overclaim->under-serve) is slashed pinned to its miner_id; honest R2 is never slashed
[22m[39m{"timestamp":"2026-06-22T06:17:50.088Z","level":"INFO","source":"frontend","module":"webrtc/sframe-transform","message":"encrypted frame","context":{"kid":9,"ctr":4,"byteLength":62,"codecOffset":10}}

[90mstdout[2m | apps/validator-daemon/src/canary/__tests__/mesh-byzantine.test.ts[2m > [22m[2mREQ-RMS-017 — Byzantine under-server attributed to R via the SHIPPED canary pipeline[2m > [22m[2mR (overclaim->under-serve) is slashed pinned to its miner_id; honest R2 is never slashed
[22m[39m{"timestamp":"2026-06-22T06:17:50.088Z","level":"INFO","source":"frontend","module":"webrtc/sframe-transform","message":"encrypted frame","context":{"kid":9,"ctr":5,"byteLength":62,"codecOffset":10}}

[90mstdout[2m | apps/validator-daemon/src/canary/__tests__/mesh-byzantine.test.ts[2m > [22m[2mREQ-RMS-017 — Byzantine under-server attributed to R via the SHIPPED canary pipeline[2m > [22m[2mR (overclaim->under-serve) is slashed pinned to its miner_id; honest R2 is never slashed
[22m[39m{"timestamp":"2026-06-22T06:17:50.089Z","level":"INFO","source":"frontend","module":"webrtc/sframe-transform","message":"encrypted frame","context":{"kid":9,"ctr":6,"byteLength":62,"codecOffset":10}}

[90mstdout[2m | apps/validator-daemon/src/canary/__tests__/mesh-byzantine.test.ts[2m > [22m[2mREQ-RMS-017 — Byzantine under-server attributed to R via the SHIPPED canary pipeline[2m > [22m[2mR (overclaim->under-serve) is slashed pinned to its miner_id; honest R2 is never slashed
[22m[39m{"timestamp":"2026-06-22T06:17:50.089Z","level":"INFO","source":"frontend","module":"webrtc/sframe-transform","message":"encrypted frame","context":{"kid":9,"ctr":7,"byteLength":62,"codecOffset":10}}

{"level":30,"time":1782109070089,"pid":5904,"hostname":"Quang","name":"canary/verifier","canaryKid":9,"mediaPackets":8,"byteIdentical":8,"divergences":0,"msg":"canary forwarding verified"}
{"level":30,"time":1782109070089,"pid":5904,"hostname":"Quang","name":"canary/loss-classifier","relayMinerId":"relay-honest-R2","promoted":0,"absorbed":0,"tampers":0,"cumulativeCrossed":false,"msg":"canary divergences classified (drop gate / tamper p=1)"}
{"level":30,"time":1782109070089,"pid":5904,"hostname":"Quang","name":"canary/verify-loop","round":6,"relayMinerId":"relay-honest-R2","roomId":"mesh-room","perReceiver":2,"promoted":0,"absorbed":0,"stunLossBps":"0","msg":"canary verify round classified (hermetic half — synthetic capture, STUN read live)"}
[90mstdout[2m | apps/validator-daemon/src/canary/__tests__/mesh-byzantine.test.ts[2m > [22m[2mREQ-RMS-017 — Byzantine under-server attributed to R via the SHIPPED canary pipeline[2m > [22m[2mR (overclaim->under-serve) is slashed pinned to its miner_id; honest R2 is never slashed
[22m[39m{"timestamp":"2026-06-22T06:17:50.090Z","level":"INFO","source":"frontend","module":"webrtc/sframe-transform","message":"encrypted frame","context":{"kid":9,"ctr":0,"byteLength":62,"codecOffset":10}}

[90mstdout[2m | apps/validator-daemon/src/canary/__tests__/mesh-byzantine.test.ts[2m > [22m[2mREQ-RMS-017 — Byzantine under-server attributed to R via the SHIPPED canary pipeline[2m > [22m[2mR (overclaim->under-serve) is slashed pinned to its miner_id; honest R2 is never slashed
[22m[39m{"timestamp":"2026-06-22T06:17:50.092Z","level":"INFO","source":"frontend","module":"webrtc/sframe-transform","message":"encrypted frame","context":{"kid":9,"ctr":1,"byteLength":62,"codecOffset":10}}

[90mstdout[2m | apps/validator-daemon/src/canary/__tests__/mesh-byzantine.test.ts[2m > [22m[2mREQ-RMS-017 — Byzantine under-server attributed to R via the SHIPPED canary pipeline[2m > [22m[2mR (overclaim->under-serve) is slashed pinned to its miner_id; honest R2 is never slashed
[22m[39m{"timestamp":"2026-06-22T06:17:50.093Z","level":"INFO","source":"frontend","module":"webrtc/sframe-transform","message":"encrypted frame","context":{"kid":9,"ctr":2,"byteLength":62,"codecOffset":10}}

[90mstdout[2m | apps/validator-daemon/src/canary/__tests__/mesh-byzantine.test.ts[2m > [22m[2mREQ-RMS-017 — Byzantine under-server attributed to R via the SHIPPED canary pipeline[2m > [22m[2mR (overclaim->under-serve) is slashed pinned to its miner_id; honest R2 is never slashed
[22m[39m{"timestamp":"2026-06-22T06:17:50.093Z","level":"INFO","source":"frontend","module":"webrtc/sframe-transform","message":"encrypted frame","context":{"kid":9,"ctr":3,"byteLength":62,"codecOffset":10}}

[90mstdout[2m | apps/validator-daemon/src/canary/__tests__/mesh-byzantine.test.ts[2m > [22m[2mREQ-RMS-017 — Byzantine under-server attributed to R via the SHIPPED canary pipeline[2m > [22m[2mR (overclaim->under-serve) is slashed pinned to its miner_id; honest R2 is never slashed
[22m[39m{"timestamp":"2026-06-22T06:17:50.093Z","level":"INFO","source":"frontend","module":"webrtc/sframe-transform","message":"encrypted frame","context":{"kid":9,"ctr":4,"byteLength":62,"codecOffset":10}}

[90mstdout[2m | apps/validator-daemon/src/canary/__tests__/mesh-byzantine.test.ts[2m > [22m[2mREQ-RMS-017 — Byzantine under-server attributed to R via the SHIPPED canary pipeline[2m > [22m[2mR (overclaim->under-serve) is slashed pinned to its miner_id; honest R2 is never slashed
[22m[39m{"timestamp":"2026-06-22T06:17:50.094Z","level":"INFO","source":"frontend","module":"webrtc/sframe-transform","message":"encrypted frame","context":{"kid":9,"ctr":6,"byteLength":62,"codecOffset":10}}

[90mstdout[2m | apps/validator-daemon/src/canary/__tests__/mesh-byzantine.test.ts[2m > [22m[2mREQ-RMS-017 — Byzantine under-server attributed to R via the SHIPPED canary pipeline[2m > [22m[2mR (overclaim->under-serve) is slashed pinned to its miner_id; honest R2 is never slashed
[22m[39m{"timestamp":"2026-06-22T06:17:50.094Z","level":"INFO","source":"frontend","module":"webrtc/sframe-transform","message":"encrypted frame","context":{"kid":9,"ctr":7,"byteLength":62,"codecOffset":10}}

[90mstdout[2m | apps/validator-daemon/src/canary/__tests__/mesh-byzantine.test.ts[2m > [22m[2mREQ-RMS-017 — Byzantine under-server attributed to R via the SHIPPED canary pipeline[2m > [22m[2mR (overclaim->under-serve) is slashed pinned to its miner_id; honest R2 is never slashed
[22m[39m{"timestamp":"2026-06-22T06:17:50.095Z","level":"INFO","source":"frontend","module":"webrtc/sframe-transform","message":"encrypted frame","context":{"kid":9,"ctr":0,"byteLength":62,"codecOffset":10}}

[90mstdout[2m | apps/validator-daemon/src/canary/__tests__/mesh-byzantine.test.ts[2m > [22m[2mREQ-RMS-017 — Byzantine under-server attributed to R via the SHIPPED canary pipeline[2m > [22m[2mR (overclaim->under-serve) is slashed pinned to its miner_id; honest R2 is never slashed
[22m[39m{"timestamp":"2026-06-22T06:17:50.095Z","level":"INFO","source":"frontend","module":"webrtc/sframe-transform","message":"encrypted frame","context":{"kid":9,"ctr":1,"byteLength":62,"codecOffset":10}}

[90mstdout[2m | apps/validator-daemon/src/canary/__tests__/mesh-byzantine.test.ts[2m > [22m[2mREQ-RMS-017 — Byzantine under-server attributed to R via the SHIPPED canary pipeline[2m > [22m[2mR (overclaim->under-serve) is slashed pinned to its miner_id; honest R2 is never slashed
[22m[39m{"timestamp":"2026-06-22T06:17:50.095Z","level":"INFO","source":"frontend","module":"webrtc/sframe-transform","message":"encrypted frame","context":{"kid":9,"ctr":2,"byteLength":62,"codecOffset":10}}

[90mstdout[2m | apps/validator-daemon/src/canary/__tests__/mesh-byzantine.test.ts[2m > [22m[2mREQ-RMS-017 — Byzantine under-server attributed to R via the SHIPPED canary pipeline[2m > [22m[2mR (overclaim->under-serve) is slashed pinned to its miner_id; honest R2 is never slashed
[22m[39m{"timestamp":"2026-06-22T06:17:50.096Z","level":"INFO","source":"frontend","module":"webrtc/sframe-transform","message":"encrypted frame","context":{"kid":9,"ctr":3,"byteLength":62,"codecOffset":10}}

[90mstdout[2m | apps/validator-daemon/src/canary/__tests__/mesh-byzantine.test.ts[2m > [22m[2mREQ-RMS-017 — Byzantine under-server attributed to R via the SHIPPED canary pipeline[2m > [22m[2mR (overclaim->under-serve) is slashed pinned to its miner_id; honest R2 is never slashed
[22m[39m{"timestamp":"2026-06-22T06:17:50.096Z","level":"INFO","source":"frontend","module":"webrtc/sframe-transform","message":"encrypted frame","context":{"kid":9,"ctr":4,"byteLength":62,"codecOffset":10}}

[90mstdout[2m | apps/validator-daemon/src/canary/__tests__/mesh-byzantine.test.ts[2m > [22m[2mREQ-RMS-017 — Byzantine under-server attributed to R via the SHIPPED canary pipeline[2m > [22m[2mR (overclaim->under-serve) is slashed pinned to its miner_id; honest R2 is never slashed
[22m[39m{"timestamp":"2026-06-22T06:17:50.096Z","level":"INFO","source":"frontend","module":"webrtc/sframe-transform","message":"encrypted frame","context":{"kid":9,"ctr":5,"byteLength":62,"codecOffset":10}}

[90mstdout[2m | apps/validator-daemon/src/canary/__tests__/mesh-byzantine.test.ts[2m > [22m[2mREQ-RMS-017 — Byzantine under-server attributed to R via the SHIPPED canary pipeline[2m > [22m[2mR (overclaim->under-serve) is slashed pinned to its miner_id; honest R2 is never slashed
[22m[39m{"timestamp":"2026-06-22T06:17:50.097Z","level":"INFO","source":"frontend","module":"webrtc/sframe-transform","message":"encrypted frame","context":{"kid":9,"ctr":6,"byteLength":62,"codecOffset":10}}

[90mstdout[2m | apps/validator-daemon/src/canary/__tests__/mesh-byzantine.test.ts[2m > [22m[2mREQ-RMS-017 — Byzantine under-server attributed to R via the SHIPPED canary pipeline[2m > [22m[2mR (overclaim->under-serve) is slashed pinned to its miner_id; honest R2 is never slashed
[22m[39m{"timestamp":"2026-06-22T06:17:50.097Z","level":"INFO","source":"frontend","module":"webrtc/sframe-transform","message":"encrypted frame","context":{"kid":9,"ctr":7,"byteLength":62,"codecOffset":10}}

{"level":30,"time":1782109070097,"pid":5904,"hostname":"Quang","name":"canary/verifier","canaryKid":9,"mediaPackets":7,"byteIdentical":7,"divergences":1,"msg":"canary forwarding verified"}
[90mstdout[2m | apps/validator-daemon/src/canary/__tests__/mesh-byzantine.test.ts[2m > [22m[2mREQ-RMS-017 — Byzantine under-server attributed to R via the SHIPPED canary pipeline[2m > [22m[2mR (overclaim->under-serve) is slashed pinned to its miner_id; honest R2 is never slashed
[22m[39m{"timestamp":"2026-06-22T06:17:50.097Z","level":"INFO","source":"frontend","module":"webrtc/sframe-transform","message":"encrypted frame","context":{"kid":9,"ctr":0,"byteLength":62,"codecOffset":10}}

[90mstdout[2m | apps/validator-daemon/src/canary/__tests__/mesh-byzantine.test.ts[2m > [22m[2mREQ-RMS-017 — Byzantine under-server attributed to R via the SHIPPED canary pipeline[2m > [22m[2mR (overclaim->under-serve) is slashed pinned to its miner_id; honest R2 is never slashed
[22m[39m{"timestamp":"2026-06-22T06:17:50.098Z","level":"INFO","source":"frontend","module":"webrtc/sframe-transform","message":"encrypted frame","context":{"kid":9,"ctr":1,"byteLength":62,"codecOffset":10}}

[90mstdout[2m | apps/validator-daemon/src/canary/__tests__/mesh-byzantine.test.ts[2m > [22m[2mREQ-RMS-017 — Byzantine under-server attributed to R via the SHIPPED canary pipeline[2m > [22m[2mR (overclaim->under-serve) is slashed pinned to its miner_id; honest R2 is never slashed
[22m[39m{"timestamp":"2026-06-22T06:17:50.098Z","level":"INFO","source":"frontend","module":"webrtc/sframe-transform","message":"encrypted frame","context":{"kid":9,"ctr":2,"byteLength":62,"codecOffset":10}}

[90mstdout[2m | apps/validator-daemon/src/canary/__tests__/mesh-byzantine.test.ts[2m > [22m[2mREQ-RMS-017 — Byzantine under-server attributed to R via the SHIPPED canary pipeline[2m > [22m[2mR (overclaim->under-serve) is slashed pinned to its miner_id; honest R2 is never slashed
[22m[39m{"timestamp":"2026-06-22T06:17:50.098Z","level":"INFO","source":"frontend","module":"webrtc/sframe-transform","message":"encrypted frame","context":{"kid":9,"ctr":3,"byteLength":62,"codecOffset":10}}

[90mstdout[2m | apps/validator-daemon/src/canary/__tests__/mesh-byzantine.test.ts[2m > [22m[2mREQ-RMS-017 — Byzantine under-server attributed to R via the SHIPPED canary pipeline[2m > [22m[2mR (overclaim->under-serve) is slashed pinned to its miner_id; honest R2 is never slashed
[22m[39m{"timestamp":"2026-06-22T06:17:50.099Z","level":"INFO","source":"frontend","module":"webrtc/sframe-transform","message":"encrypted frame","context":{"kid":9,"ctr":4,"byteLength":62,"codecOffset":10}}

[90mstdout[2m | apps/validator-daemon/src/canary/__tests__/mesh-byzantine.test.ts[2m > [22m[2mREQ-RMS-017 — Byzantine under-server attributed to R via the SHIPPED canary pipeline[2m > [22m[2mR (overclaim->under-serve) is slashed pinned to its miner_id; honest R2 is never slashed
[22m[39m{"timestamp":"2026-06-22T06:17:50.099Z","level":"INFO","source":"frontend","module":"webrtc/sframe-transform","message":"encrypted frame","context":{"kid":9,"ctr":5,"byteLength":62,"codecOffset":10}}

[90mstdout[2m | apps/validator-daemon/src/canary/__tests__/mesh-byzantine.test.ts[2m > [22m[2mREQ-RMS-017 — Byzantine under-server attributed to R via the SHIPPED canary pipeline[2m > [22m[2mR (overclaim->under-serve) is slashed pinned to its miner_id; honest R2 is never slashed
[22m[39m{"timestamp":"2026-06-22T06:17:50.100Z","level":"INFO","source":"frontend","module":"webrtc/sframe-transform","message":"encrypted frame","context":{"kid":9,"ctr":6,"byteLength":62,"codecOffset":10}}

[90mstdout[2m | apps/validator-daemon/src/canary/__tests__/mesh-byzantine.test.ts[2m > [22m[2mREQ-RMS-017 — Byzantine under-server attributed to R via the SHIPPED canary pipeline[2m > [22m[2mR (overclaim->under-serve) is slashed pinned to its miner_id; honest R2 is never slashed
[22m[39m{"timestamp":"2026-06-22T06:17:50.100Z","level":"INFO","source":"frontend","module":"webrtc/sframe-transform","message":"encrypted frame","context":{"kid":9,"ctr":7,"byteLength":62,"codecOffset":10}}

{"level":30,"time":1782109070100,"pid":5904,"hostname":"Quang","name":"canary/verifier","canaryKid":9,"mediaPackets":7,"byteIdentical":7,"divergences":1,"msg":"canary forwarding verified"}
{"level":30,"time":1782109070100,"pid":5904,"hostname":"Quang","name":"canary/loss-classifier","relayMinerId":"relay-byzantine-R","promoted":1,"absorbed":0,"tampers":0,"cumulativeCrossed":true,"msg":"canary divergences classified (drop gate / tamper p=1)"}
{"level":30,"time":1782109070102,"pid":5904,"hostname":"Quang","name":"canary/verify-loop","round":6,"relayMinerId":"relay-byzantine-R","roomId":"mesh-room","perReceiver":2,"promoted":1,"absorbed":0,"stunLossBps":"0","msg":"canary verify round classified (hermetic half — synthetic capture, STUN read live)"}
[90mstdout[2m | apps/validator-daemon/src/canary/__tests__/mesh-byzantine.test.ts[2m > [22m[2mREQ-RMS-017 — Byzantine under-server attributed to R via the SHIPPED canary pipeline[2m > [22m[2mR (overclaim->under-serve) is slashed pinned to its miner_id; honest R2 is never slashed
[22m[39m{"timestamp":"2026-06-22T06:17:50.102Z","level":"INFO","source":"frontend","module":"webrtc/sframe-transform","message":"encrypted frame","context":{"kid":9,"ctr":0,"byteLength":62,"codecOffset":10}}

[90mstdout[2m | apps/validator-daemon/src/canary/__tests__/mesh-byzantine.test.ts[2m > [22m[2mREQ-RMS-017 — Byzantine under-server attributed to R via the SHIPPED canary pipeline[2m > [22m[2mR (overclaim->under-serve) is slashed pinned to its miner_id; honest R2 is never slashed
[22m[39m{"timestamp":"2026-06-22T06:17:50.102Z","level":"INFO","source":"frontend","module":"webrtc/sframe-transform","message":"encrypted frame","context":{"kid":9,"ctr":1,"byteLength":62,"codecOffset":10}}

[90mstdout[2m | apps/validator-daemon/src/canary/__tests__/mesh-byzantine.test.ts[2m > [22m[2mREQ-RMS-017 — Byzantine under-server attributed to R via the SHIPPED canary pipeline[2m > [22m[2mR (overclaim->under-serve) is slashed pinned to its miner_id; honest R2 is never slashed
[22m[39m{"timestamp":"2026-06-22T06:17:50.103Z","level":"INFO","source":"frontend","module":"webrtc/sframe-transform","message":"encrypted frame","context":{"kid":9,"ctr":2,"byteLength":62,"codecOffset":10}}

[90mstdout[2m | apps/validator-daemon/src/canary/__tests__/mesh-byzantine.test.ts[2m > [22m[2mREQ-RMS-017 — Byzantine under-server attributed to R via the SHIPPED canary pipeline[2m > [22m[2mR (overclaim->under-serve) is slashed pinned to its miner_id; honest R2 is never slashed
[22m[39m{"timestamp":"2026-06-22T06:17:50.103Z","level":"INFO","source":"frontend","module":"webrtc/sframe-transform","message":"encrypted frame","context":{"kid":9,"ctr":3,"byteLength":62,"codecOffset":10}}

[90mstdout[2m | apps/validator-daemon/src/canary/__tests__/mesh-byzantine.test.ts[2m > [22m[2mREQ-RMS-017 — Byzantine under-server attributed to R via the SHIPPED canary pipeline[2m > [22m[2mR (overclaim->under-serve) is slashed pinned to its miner_id; honest R2 is never slashed
[22m[39m{"timestamp":"2026-06-22T06:17:50.104Z","level":"INFO","source":"frontend","module":"webrtc/sframe-transform","message":"encrypted frame","context":{"kid":9,"ctr":4,"byteLength":62,"codecOffset":10}}

[90mstdout[2m | apps/validator-daemon/src/canary/__tests__/mesh-byzantine.test.ts[2m > [22m[2mREQ-RMS-017 — Byzantine under-server attributed to R via the SHIPPED canary pipeline[2m > [22m[2mR (overclaim->under-serve) is slashed pinned to its miner_id; honest R2 is never slashed
[22m[39m{"timestamp":"2026-06-22T06:17:50.104Z","level":"INFO","source":"frontend","module":"webrtc/sframe-transform","message":"encrypted frame","context":{"kid":9,"ctr":5,"byteLength":62,"codecOffset":10}}

[90mstdout[2m | apps/validator-daemon/src/canary/__tests__/mesh-byzantine.test.ts[2m > [22m[2mREQ-RMS-017 — Byzantine under-server attributed to R via the SHIPPED canary pipeline[2m > [22m[2mR (overclaim->under-serve) is slashed pinned to its miner_id; honest R2 is never slashed
[22m[39m{"timestamp":"2026-06-22T06:17:50.105Z","level":"INFO","source":"frontend","module":"webrtc/sframe-transform","message":"encrypted frame","context":{"kid":9,"ctr":6,"byteLength":62,"codecOffset":10}}

[90mstdout[2m | apps/validator-daemon/src/canary/__tests__/mesh-byzantine.test.ts[2m > [22m[2mREQ-RMS-017 — Byzantine under-server attributed to R via the SHIPPED canary pipeline[2m > [22m[2mR (overclaim->under-serve) is slashed pinned to its miner_id; honest R2 is never slashed
[22m[39m{"timestamp":"2026-06-22T06:17:50.105Z","level":"INFO","source":"frontend","module":"webrtc/sframe-transform","message":"encrypted frame","context":{"kid":9,"ctr":7,"byteLength":62,"codecOffset":10}}

[90mstdout[2m | apps/validator-daemon/src/canary/__tests__/mesh-byzantine.test.ts[2m > [22m[2mREQ-RMS-017 — Byzantine under-server attributed to R via the SHIPPED canary pipeline[2m > [22m[2mR (overclaim->under-serve) is slashed pinned to its miner_id; honest R2 is never slashed
[22m[39m{"timestamp":"2026-06-22T06:17:50.106Z","level":"INFO","source":"frontend","module":"webrtc/sframe-transform","message":"encrypted frame","context":{"kid":9,"ctr":0,"byteLength":62,"codecOffset":10}}

[90mstdout[2m | apps/validator-daemon/src/canary/__tests__/mesh-byzantine.test.ts[2m > [22m[2mREQ-RMS-017 — Byzantine under-server attributed to R via the SHIPPED canary pipeline[2m > [22m[2mR (overclaim->under-serve) is slashed pinned to its miner_id; honest R2 is never slashed
[22m[39m{"timestamp":"2026-06-22T06:17:50.106Z","level":"INFO","source":"frontend","module":"webrtc/sframe-transform","message":"encrypted frame","context":{"kid":9,"ctr":1,"byteLength":62,"codecOffset":10}}

[90mstdout[2m | apps/validator-daemon/src/canary/__tests__/mesh-byzantine.test.ts[2m > [22m[2mREQ-RMS-017 — Byzantine under-server attributed to R via the SHIPPED canary pipeline[2m > [22m[2mR (overclaim->under-serve) is slashed pinned to its miner_id; honest R2 is never slashed
[22m[39m{"timestamp":"2026-06-22T06:17:50.107Z","level":"INFO","source":"frontend","module":"webrtc/sframe-transform","message":"encrypted frame","context":{"kid":9,"ctr":2,"byteLength":62,"codecOffset":10}}

[90mstdout[2m | apps/validator-daemon/src/canary/__tests__/mesh-byzantine.test.ts[2m > [22m[2mREQ-RMS-017 — Byzantine under-server attributed to R via the SHIPPED canary pipeline[2m > [22m[2mR (overclaim->under-serve) is slashed pinned to its miner_id; honest R2 is never slashed
[22m[39m{"timestamp":"2026-06-22T06:17:50.107Z","level":"INFO","source":"frontend","module":"webrtc/sframe-transform","message":"encrypted frame","context":{"kid":9,"ctr":3,"byteLength":62,"codecOffset":10}}

[90mstdout[2m | apps/validator-daemon/src/canary/__tests__/mesh-byzantine.test.ts[2m > [22m[2mREQ-RMS-017 — Byzantine under-server attributed to R via the SHIPPED canary pipeline[2m > [22m[2mR (overclaim->under-serve) is slashed pinned to its miner_id; honest R2 is never slashed
[22m[39m{"timestamp":"2026-06-22T06:17:50.107Z","level":"INFO","source":"frontend","module":"webrtc/sframe-transform","message":"encrypted frame","context":{"kid":9,"ctr":4,"byteLength":62,"codecOffset":10}}

[90mstdout[2m | apps/validator-daemon/src/canary/__tests__/mesh-byzantine.test.ts[2m > [22m[2mREQ-RMS-017 — Byzantine under-server attributed to R via the SHIPPED canary pipeline[2m > [22m[2mR (overclaim->under-serve) is slashed pinned to its miner_id; honest R2 is never slashed
[22m[39m{"timestamp":"2026-06-22T06:17:50.108Z","level":"INFO","source":"frontend","module":"webrtc/sframe-transform","message":"encrypted frame","context":{"kid":9,"ctr":5,"byteLength":62,"codecOffset":10}}

[90mstdout[2m | apps/validator-daemon/src/canary/__tests__/mesh-byzantine.test.ts[2m > [22m[2mREQ-RMS-017 — Byzantine under-server attributed to R via the SHIPPED canary pipeline[2m > [22m[2mR (overclaim->under-serve) is slashed pinned to its miner_id; honest R2 is never slashed
[22m[39m{"timestamp":"2026-06-22T06:17:50.108Z","level":"INFO","source":"frontend","module":"webrtc/sframe-transform","message":"encrypted frame","context":{"kid":9,"ctr":6,"byteLength":62,"codecOffset":10}}

[90mstdout[2m | apps/validator-daemon/src/canary/__tests__/mesh-byzantine.test.ts[2m > [22m[2mREQ-RMS-017 — Byzantine under-server attributed to R via the SHIPPED canary pipeline[2m > [22m[2mR (overclaim->under-serve) is slashed pinned to its miner_id; honest R2 is never slashed
[22m[39m{"timestamp":"2026-06-22T06:17:50.108Z","level":"INFO","source":"frontend","module":"webrtc/sframe-transform","message":"encrypted frame","context":{"kid":9,"ctr":7,"byteLength":62,"codecOffset":10}}

{"level":30,"time":1782109070109,"pid":5904,"hostname":"Quang","name":"canary/verifier","canaryKid":9,"mediaPackets":8,"byteIdentical":8,"divergences":0,"msg":"canary forwarding verified"}
[90mstdout[2m | apps/validator-daemon/src/canary/__tests__/mesh-byzantine.test.ts[2m > [22m[2mREQ-RMS-017 — Byzantine under-server attributed to R via the SHIPPED canary pipeline[2m > [22m[2mR (overclaim->under-serve) is slashed pinned to its miner_id; honest R2 is never slashed
[22m[39m{"timestamp":"2026-06-22T06:17:50.109Z","level":"INFO","source":"frontend","module":"webrtc/sframe-transform","message":"encrypted frame","context":{"kid":9,"ctr":0,"byteLength":62,"codecOffset":10}}

[90mstdout[2m | apps/validator-daemon/src/canary/__tests__/mesh-byzantine.test.ts[2m > [22m[2mREQ-RMS-017 — Byzantine under-server attributed to R via the SHIPPED canary pipeline[2m > [22m[2mR (overclaim->under-serve) is slashed pinned to its miner_id; honest R2 is never slashed
[22m[39m{"timestamp":"2026-06-22T06:17:50.109Z","level":"INFO","source":"frontend","module":"webrtc/sframe-transform","message":"encrypted frame","context":{"kid":9,"ctr":1,"byteLength":62,"codecOffset":10}}

[90mstdout[2m | apps/validator-daemon/src/canary/__tests__/mesh-byzantine.test.ts[2m > [22m[2mREQ-RMS-017 — Byzantine under-server attributed to R via the SHIPPED canary pipeline[2m > [22m[2mR (overclaim->under-serve) is slashed pinned to its miner_id; honest R2 is never slashed
[22m[39m{"timestamp":"2026-06-22T06:17:50.110Z","level":"INFO","source":"frontend","module":"webrtc/sframe-transform","message":"encrypted frame","context":{"kid":9,"ctr":2,"byteLength":62,"codecOffset":10}}

[90mstdout[2m | apps/validator-daemon/src/canary/__tests__/mesh-byzantine.test.ts[2m > [22m[2mREQ-RMS-017 — Byzantine under-server attributed to R via the SHIPPED canary pipeline[2m > [22m[2mR (overclaim->under-serve) is slashed pinned to its miner_id; honest R2 is never slashed
[22m[39m{"timestamp":"2026-06-22T06:17:50.110Z","level":"INFO","source":"frontend","module":"webrtc/sframe-transform","message":"encrypted frame","context":{"kid":9,"ctr":3,"byteLength":62,"codecOffset":10}}

[90mstdout[2m | apps/validator-daemon/src/canary/__tests__/mesh-byzantine.test.ts[2m > [22m[2mREQ-RMS-017 — Byzantine under-server attributed to R via the SHIPPED canary pipeline[2m > [22m[2mR (overclaim->under-serve) is slashed pinned to its miner_id; honest R2 is never slashed
[22m[39m{"timestamp":"2026-06-22T06:17:50.110Z","level":"INFO","source":"frontend","module":"webrtc/sframe-transform","message":"encrypted frame","context":{"kid":9,"ctr":4,"byteLength":62,"codecOffset":10}}

[90mstdout[2m | apps/validator-daemon/src/canary/__tests__/mesh-byzantine.test.ts[2m > [22m[2mREQ-RMS-017 — Byzantine under-server attributed to R via the SHIPPED canary pipeline[2m > [22m[2mR (overclaim->under-serve) is slashed pinned to its miner_id; honest R2 is never slashed
[22m[39m{"timestamp":"2026-06-22T06:17:50.111Z","level":"INFO","source":"frontend","module":"webrtc/sframe-transform","message":"encrypted frame","context":{"kid":9,"ctr":5,"byteLength":62,"codecOffset":10}}

[90mstdout[2m | apps/validator-daemon/src/canary/__tests__/mesh-byzantine.test.ts[2m > [22m[2mREQ-RMS-017 — Byzantine under-server attributed to R via the SHIPPED canary pipeline[2m > [22m[2mR (overclaim->under-serve) is slashed pinned to its miner_id; honest R2 is never slashed
[22m[39m{"timestamp":"2026-06-22T06:17:50.111Z","level":"INFO","source":"frontend","module":"webrtc/sframe-transform","message":"encrypted frame","context":{"kid":9,"ctr":6,"byteLength":62,"codecOffset":10}}

[90mstdout[2m | apps/validator-daemon/src/canary/__tests__/mesh-byzantine.test.ts[2m > [22m[2mREQ-RMS-017 — Byzantine under-server attributed to R via the SHIPPED canary pipeline[2m > [22m[2mR (overclaim->under-serve) is slashed pinned to its miner_id; honest R2 is never slashed
[22m[39m{"timestamp":"2026-06-22T06:17:50.111Z","level":"INFO","source":"frontend","module":"webrtc/sframe-transform","message":"encrypted frame","context":{"kid":9,"ctr":7,"byteLength":62,"codecOffset":10}}

{"level":30,"time":1782109070111,"pid":5904,"hostname":"Quang","name":"canary/verifier","canaryKid":9,"mediaPackets":8,"byteIdentical":8,"divergences":0,"msg":"canary forwarding verified"}
{"level":30,"time":1782109070111,"pid":5904,"hostname":"Quang","name":"canary/loss-classifier","relayMinerId":"relay-honest-R2","promoted":0,"absorbed":0,"tampers":0,"cumulativeCrossed":false,"msg":"canary divergences classified (drop gate / tamper p=1)"}
{"level":30,"time":1782109070112,"pid":5904,"hostname":"Quang","name":"canary/verify-loop","round":6,"relayMinerId":"relay-honest-R2","roomId":"mesh-room","perReceiver":2,"promoted":0,"absorbed":0,"stunLossBps":"0","msg":"canary verify round classified (hermetic half — synthetic capture, STUN read live)"}
[90mstdout[2m | apps/validator-daemon/src/canary/__tests__/mesh-byzantine.test.ts[2m > [22m[2mREQ-RMS-017 — Byzantine under-server attributed to R via the SHIPPED canary pipeline[2m > [22m[2mthe per-relay accumulator isolates R from R2 (R2 has zero drops, never crosses the bound)
[22m[39m{"timestamp":"2026-06-22T06:17:50.115Z","level":"INFO","source":"frontend","module":"webrtc/sframe-transform","message":"encrypted frame","context":{"kid":9,"ctr":0,"byteLength":62,"codecOffset":10}}

[90mstdout[2m | apps/validator-daemon/src/canary/__tests__/mesh-byzantine.test.ts[2m > [22m[2mREQ-RMS-017 — Byzantine under-server attributed to R via the SHIPPED canary pipeline[2m > [22m[2mthe per-relay accumulator isolates R from R2 (R2 has zero drops, never crosses the bound)
[22m[39m{"timestamp":"2026-06-22T06:17:50.115Z","level":"INFO","source":"frontend","module":"webrtc/sframe-transform","message":"encrypted frame","context":{"kid":9,"ctr":1,"byteLength":62,"codecOffset":10}}

[90mstdout[2m | apps/validator-daemon/src/canary/__tests__/mesh-byzantine.test.ts[2m > [22m[2mREQ-RMS-017 — Byzantine under-server attributed to R via the SHIPPED canary pipeline[2m > [22m[2mthe per-relay accumulator isolates R from R2 (R2 has zero drops, never crosses the bound)
[22m[39m{"timestamp":"2026-06-22T06:17:50.115Z","level":"INFO","source":"frontend","module":"webrtc/sframe-transform","message":"encrypted frame","context":{"kid":9,"ctr":2,"byteLength":62,"codecOffset":10}}

[90mstdout[2m | apps/validator-daemon/src/canary/__tests__/mesh-byzantine.test.ts[2m > [22m[2mREQ-RMS-017 — Byzantine under-server attributed to R via the SHIPPED canary pipeline[2m > [22m[2mthe per-relay accumulator isolates R from R2 (R2 has zero drops, never crosses the bound)
[22m[39m{"timestamp":"2026-06-22T06:17:50.116Z","level":"INFO","source":"frontend","module":"webrtc/sframe-transform","message":"encrypted frame","context":{"kid":9,"ctr":3,"byteLength":62,"codecOffset":10}}

[90mstdout[2m | apps/validator-daemon/src/canary/__tests__/mesh-byzantine.test.ts[2m > [22m[2mREQ-RMS-017 — Byzantine under-server attributed to R via the SHIPPED canary pipeline[2m > [22m[2mthe per-relay accumulator isolates R from R2 (R2 has zero drops, never crosses the bound)
[22m[39m{"timestamp":"2026-06-22T06:17:50.116Z","level":"INFO","source":"frontend","module":"webrtc/sframe-transform","message":"encrypted frame","context":{"kid":9,"ctr":4,"byteLength":62,"codecOffset":10}}

[90mstdout[2m | apps/validator-daemon/src/canary/__tests__/mesh-byzantine.test.ts[2m > [22m[2mREQ-RMS-017 — Byzantine under-server attributed to R via the SHIPPED canary pipeline[2m > [22m[2mthe per-relay accumulator isolates R from R2 (R2 has zero drops, never crosses the bound)
[22m[39m{"timestamp":"2026-06-22T06:17:50.117Z","level":"INFO","source":"frontend","module":"webrtc/sframe-transform","message":"encrypted frame","context":{"kid":9,"ctr":6,"byteLength":62,"codecOffset":10}}

[90mstdout[2m | apps/validator-daemon/src/canary/__tests__/mesh-byzantine.test.ts[2m > [22m[2mREQ-RMS-017 — Byzantine under-server attributed to R via the SHIPPED canary pipeline[2m > [22m[2mthe per-relay accumulator isolates R from R2 (R2 has zero drops, never crosses the bound)
[22m[39m{"timestamp":"2026-06-22T06:17:50.117Z","level":"INFO","source":"frontend","module":"webrtc/sframe-transform","message":"encrypted frame","context":{"kid":9,"ctr":7,"byteLength":62,"codecOffset":10}}

[90mstdout[2m | apps/validator-daemon/src/canary/__tests__/mesh-byzantine.test.ts[2m > [22m[2mREQ-RMS-017 — Byzantine under-server attributed to R via the SHIPPED canary pipeline[2m > [22m[2mthe per-relay accumulator isolates R from R2 (R2 has zero drops, never crosses the bound)
[22m[39m{"timestamp":"2026-06-22T06:17:50.117Z","level":"INFO","source":"frontend","module":"webrtc/sframe-transform","message":"encrypted frame","context":{"kid":9,"ctr":0,"byteLength":62,"codecOffset":10}}

[90mstdout[2m | apps/validator-daemon/src/canary/__tests__/mesh-byzantine.test.ts[2m > [22m[2mREQ-RMS-017 — Byzantine under-server attributed to R via the SHIPPED canary pipeline[2m > [22m[2mthe per-relay accumulator isolates R from R2 (R2 has zero drops, never crosses the bound)
[22m[39m{"timestamp":"2026-06-22T06:17:50.118Z","level":"INFO","source":"frontend","module":"webrtc/sframe-transform","message":"encrypted frame","context":{"kid":9,"ctr":1,"byteLength":62,"codecOffset":10}}

[90mstdout[2m | apps/validator-daemon/src/canary/__tests__/mesh-byzantine.test.ts[2m > [22m[2mREQ-RMS-017 — Byzantine under-server attributed to R via the SHIPPED canary pipeline[2m > [22m[2mthe per-relay accumulator isolates R from R2 (R2 has zero drops, never crosses the bound)
[22m[39m{"timestamp":"2026-06-22T06:17:50.118Z","level":"INFO","source":"frontend","module":"webrtc/sframe-transform","message":"encrypted frame","context":{"kid":9,"ctr":2,"byteLength":62,"codecOffset":10}}

[90mstdout[2m | apps/validator-daemon/src/canary/__tests__/mesh-byzantine.test.ts[2m > [22m[2mREQ-RMS-017 — Byzantine under-server attributed to R via the SHIPPED canary pipeline[2m > [22m[2mthe per-relay accumulator isolates R from R2 (R2 has zero drops, never crosses the bound)
[22m[39m{"timestamp":"2026-06-22T06:17:50.119Z","level":"INFO","source":"frontend","module":"webrtc/sframe-transform","message":"encrypted frame","context":{"kid":9,"ctr":3,"byteLength":62,"codecOffset":10}}

[90mstdout[2m | apps/validator-daemon/src/canary/__tests__/mesh-byzantine.test.ts[2m > [22m[2mREQ-RMS-017 — Byzantine under-server attributed to R via the SHIPPED canary pipeline[2m > [22m[2mthe per-relay accumulator isolates R from R2 (R2 has zero drops, never crosses the bound)
[22m[39m{"timestamp":"2026-06-22T06:17:50.119Z","level":"INFO","source":"frontend","module":"webrtc/sframe-transform","message":"encrypted frame","context":{"kid":9,"ctr":4,"byteLength":62,"codecOffset":10}}

[90mstdout[2m | apps/validator-daemon/src/canary/__tests__/mesh-byzantine.test.ts[2m > [22m[2mREQ-RMS-017 — Byzantine under-server attributed to R via the SHIPPED canary pipeline[2m > [22m[2mthe per-relay accumulator isolates R from R2 (R2 has zero drops, never crosses the bound)
[22m[39m{"timestamp":"2026-06-22T06:17:50.119Z","level":"INFO","source":"frontend","module":"webrtc/sframe-transform","message":"encrypted frame","context":{"kid":9,"ctr":5,"byteLength":62,"codecOffset":10}}

[90mstdout[2m | apps/validator-daemon/src/canary/__tests__/mesh-byzantine.test.ts[2m > [22m[2mREQ-RMS-017 — Byzantine under-server attributed to R via the SHIPPED canary pipeline[2m > [22m[2mthe per-relay accumulator isolates R from R2 (R2 has zero drops, never crosses the bound)
[22m[39m{"timestamp":"2026-06-22T06:17:50.120Z","level":"INFO","source":"frontend","module":"webrtc/sframe-transform","message":"encrypted frame","context":{"kid":9,"ctr":6,"byteLength":62,"codecOffset":10}}

[90mstdout[2m | apps/validator-daemon/src/canary/__tests__/mesh-byzantine.test.ts[2m > [22m[2mREQ-RMS-017 — Byzantine under-server attributed to R via the SHIPPED canary pipeline[2m > [22m[2mthe per-relay accumulator isolates R from R2 (R2 has zero drops, never crosses the bound)
[22m[39m{"timestamp":"2026-06-22T06:17:50.120Z","level":"INFO","source":"frontend","module":"webrtc/sframe-transform","message":"encrypted frame","context":{"kid":9,"ctr":7,"byteLength":62,"codecOffset":10}}

{"level":30,"time":1782109070120,"pid":5904,"hostname":"Quang","name":"canary/verifier","canaryKid":9,"mediaPackets":7,"byteIdentical":7,"divergences":1,"msg":"canary forwarding verified"}
[90mstdout[2m | apps/validator-daemon/src/canary/__tests__/mesh-byzantine.test.ts[2m > [22m[2mREQ-RMS-017 — Byzantine under-server attributed to R via the SHIPPED canary pipeline[2m > [22m[2mthe per-relay accumulator isolates R from R2 (R2 has zero drops, never crosses the bound)
[22m[39m{"timestamp":"2026-06-22T06:17:50.121Z","level":"INFO","source":"frontend","module":"webrtc/sframe-transform","message":"encrypted frame","context":{"kid":9,"ctr":0,"byteLength":62,"codecOffset":10}}

[90mstdout[2m | apps/validator-daemon/src/canary/__tests__/mesh-byzantine.test.ts[2m > [22m[2mREQ-RMS-017 — Byzantine under-server attributed to R via the SHIPPED canary pipeline[2m > [22m[2mthe per-relay accumulator isolates R from R2 (R2 has zero drops, never crosses the bound)
[22m[39m{"timestamp":"2026-06-22T06:17:50.121Z","level":"INFO","source":"frontend","module":"webrtc/sframe-transform","message":"encrypted frame","context":{"kid":9,"ctr":1,"byteLength":62,"codecOffset":10}}

[90mstdout[2m | apps/validator-daemon/src/canary/__tests__/mesh-byzantine.test.ts[2m > [22m[2mREQ-RMS-017 — Byzantine under-server attributed to R via the SHIPPED canary pipeline[2m > [22m[2mthe per-relay accumulator isolates R from R2 (R2 has zero drops, never crosses the bound)
[22m[39m{"timestamp":"2026-06-22T06:17:50.121Z","level":"INFO","source":"frontend","module":"webrtc/sframe-transform","message":"encrypted frame","context":{"kid":9,"ctr":2,"byteLength":62,"codecOffset":10}}

[90mstdout[2m | apps/validator-daemon/src/canary/__tests__/mesh-byzantine.test.ts[2m > [22m[2mREQ-RMS-017 — Byzantine under-server attributed to R via the SHIPPED canary pipeline[2m > [22m[2mthe per-relay accumulator isolates R from R2 (R2 has zero drops, never crosses the bound)
[22m[39m{"timestamp":"2026-06-22T06:17:50.122Z","level":"INFO","source":"frontend","module":"webrtc/sframe-transform","message":"encrypted frame","context":{"kid":9,"ctr":3,"byteLength":62,"codecOffset":10}}

[90mstdout[2m | apps/validator-daemon/src/canary/__tests__/mesh-byzantine.test.ts[2m > [22m[2mREQ-RMS-017 — Byzantine under-server attributed to R via the SHIPPED canary pipeline[2m > [22m[2mthe per-relay accumulator isolates R from R2 (R2 has zero drops, never crosses the bound)
[22m[39m{"timestamp":"2026-06-22T06:17:50.122Z","level":"INFO","source":"frontend","module":"webrtc/sframe-transform","message":"encrypted frame","context":{"kid":9,"ctr":4,"byteLength":62,"codecOffset":10}}

[90mstdout[2m | apps/validator-daemon/src/canary/__tests__/mesh-byzantine.test.ts[2m > [22m[2mREQ-RMS-017 — Byzantine under-server attributed to R via the SHIPPED canary pipeline[2m > [22m[2mthe per-relay accumulator isolates R from R2 (R2 has zero drops, never crosses the bound)
[22m[39m{"timestamp":"2026-06-22T06:17:50.122Z","level":"INFO","source":"frontend","module":"webrtc/sframe-transform","message":"encrypted frame","context":{"kid":9,"ctr":5,"byteLength":62,"codecOffset":10}}

[90mstdout[2m | apps/validator-daemon/src/canary/__tests__/mesh-byzantine.test.ts[2m > [22m[2mREQ-RMS-017 — Byzantine under-server attributed to R via the SHIPPED canary pipeline[2m > [22m[2mthe per-relay accumulator isolates R from R2 (R2 has zero drops, never crosses the bound)
[22m[39m{"timestamp":"2026-06-22T06:17:50.123Z","level":"INFO","source":"frontend","module":"webrtc/sframe-transform","message":"encrypted frame","context":{"kid":9,"ctr":6,"byteLength":62,"codecOffset":10}}

[90mstdout[2m | apps/validator-daemon/src/canary/__tests__/mesh-byzantine.test.ts[2m > [22m[2mREQ-RMS-017 — Byzantine under-server attributed to R via the SHIPPED canary pipeline[2m > [22m[2mthe per-relay accumulator isolates R from R2 (R2 has zero drops, never crosses the bound)
[22m[39m{"timestamp":"2026-06-22T06:17:50.123Z","level":"INFO","source":"frontend","module":"webrtc/sframe-transform","message":"encrypted frame","context":{"kid":9,"ctr":7,"byteLength":62,"codecOffset":10}}

{"level":30,"time":1782109070123,"pid":5904,"hostname":"Quang","name":"canary/verifier","canaryKid":9,"mediaPackets":7,"byteIdentical":7,"divergences":1,"msg":"canary forwarding verified"}
{"level":30,"time":1782109070123,"pid":5904,"hostname":"Quang","name":"canary/loss-classifier","relayMinerId":"relay-byzantine-R","promoted":0,"absorbed":1,"tampers":0,"cumulativeCrossed":false,"msg":"canary divergences classified (drop gate / tamper p=1)"}
{"level":30,"time":1782109070123,"pid":5904,"hostname":"Quang","name":"canary/verify-loop","round":0,"relayMinerId":"relay-byzantine-R","roomId":"mesh-room","perReceiver":2,"promoted":0,"absorbed":1,"stunLossBps":"0","msg":"canary verify round classified (hermetic half — synthetic capture, STUN read live)"}
[90mstdout[2m | apps/validator-daemon/src/canary/__tests__/mesh-byzantine.test.ts[2m > [22m[2mREQ-RMS-017 — Byzantine under-server attributed to R via the SHIPPED canary pipeline[2m > [22m[2mthe per-relay accumulator isolates R from R2 (R2 has zero drops, never crosses the bound)
[22m[39m{"timestamp":"2026-06-22T06:17:50.123Z","level":"INFO","source":"frontend","module":"webrtc/sframe-transform","message":"encrypted frame","context":{"kid":9,"ctr":0,"byteLength":62,"codecOffset":10}}

[90mstdout[2m | apps/validator-daemon/src/canary/__tests__/mesh-byzantine.test.ts[2m > [22m[2mREQ-RMS-017 — Byzantine under-server attributed to R via the SHIPPED canary pipeline[2m > [22m[2mthe per-relay accumulator isolates R from R2 (R2 has zero drops, never crosses the bound)
[22m[39m{"timestamp":"2026-06-22T06:17:50.124Z","level":"INFO","source":"frontend","module":"webrtc/sframe-transform","message":"encrypted frame","context":{"kid":9,"ctr":1,"byteLength":62,"codecOffset":10}}

[90mstdout[2m | apps/validator-daemon/src/canary/__tests__/mesh-byzantine.test.ts[2m > [22m[2mREQ-RMS-017 — Byzantine under-server attributed to R via the SHIPPED canary pipeline[2m > [22m[2mthe per-relay accumulator isolates R from R2 (R2 has zero drops, never crosses the bound)
[22m[39m{"timestamp":"2026-06-22T06:17:50.124Z","level":"INFO","source":"frontend","module":"webrtc/sframe-transform","message":"encrypted frame","context":{"kid":9,"ctr":2,"byteLength":62,"codecOffset":10}}

[90mstdout[2m | apps/validator-daemon/src/canary/__tests__/mesh-byzantine.test.ts[2m > [22m[2mREQ-RMS-017 — Byzantine under-server attributed to R via the SHIPPED canary pipeline[2m > [22m[2mthe per-relay accumulator isolates R from R2 (R2 has zero drops, never crosses the bound)
[22m[39m{"timestamp":"2026-06-22T06:17:50.125Z","level":"INFO","source":"frontend","module":"webrtc/sframe-transform","message":"encrypted frame","context":{"kid":9,"ctr":3,"byteLength":62,"codecOffset":10}}

[90mstdout[2m | apps/validator-daemon/src/canary/__tests__/mesh-byzantine.test.ts[2m > [22m[2mREQ-RMS-017 — Byzantine under-server attributed to R via the SHIPPED canary pipeline[2m > [22m[2mthe per-relay accumulator isolates R from R2 (R2 has zero drops, never crosses the bound)
[22m[39m{"timestamp":"2026-06-22T06:17:50.125Z","level":"INFO","source":"frontend","module":"webrtc/sframe-transform","message":"encrypted frame","context":{"kid":9,"ctr":4,"byteLength":62,"codecOffset":10}}

[90mstdout[2m | apps/validator-daemon/src/canary/__tests__/mesh-byzantine.test.ts[2m > [22m[2mREQ-RMS-017 — Byzantine under-server attributed to R via the SHIPPED canary pipeline[2m > [22m[2mthe per-relay accumulator isolates R from R2 (R2 has zero drops, never crosses the bound)
[22m[39m{"timestamp":"2026-06-22T06:17:50.125Z","level":"INFO","source":"frontend","module":"webrtc/sframe-transform","message":"encrypted frame","context":{"kid":9,"ctr":5,"byteLength":62,"codecOffset":10}}

[90mstdout[2m | apps/validator-daemon/src/canary/__tests__/mesh-byzantine.test.ts[2m > [22m[2mREQ-RMS-017 — Byzantine under-server attributed to R via the SHIPPED canary pipeline[2m > [22m[2mthe per-relay accumulator isolates R from R2 (R2 has zero drops, never crosses the bound)
[22m[39m{"timestamp":"2026-06-22T06:17:50.126Z","level":"INFO","source":"frontend","module":"webrtc/sframe-transform","message":"encrypted frame","context":{"kid":9,"ctr":6,"byteLength":62,"codecOffset":10}}

[90mstdout[2m | apps/validator-daemon/src/canary/__tests__/mesh-byzantine.test.ts[2m > [22m[2mREQ-RMS-017 — Byzantine under-server attributed to R via the SHIPPED canary pipeline[2m > [22m[2mthe per-relay accumulator isolates R from R2 (R2 has zero drops, never crosses the bound)
[22m[39m{"timestamp":"2026-06-22T06:17:50.126Z","level":"INFO","source":"frontend","module":"webrtc/sframe-transform","message":"encrypted frame","context":{"kid":9,"ctr":7,"byteLength":62,"codecOffset":10}}

[90mstdout[2m | apps/validator-daemon/src/canary/__tests__/mesh-byzantine.test.ts[2m > [22m[2mREQ-RMS-017 — Byzantine under-server attributed to R via the SHIPPED canary pipeline[2m > [22m[2mthe per-relay accumulator isolates R from R2 (R2 has zero drops, never crosses the bound)
[22m[39m{"timestamp":"2026-06-22T06:17:50.127Z","level":"INFO","source":"frontend","module":"webrtc/sframe-transform","message":"encrypted frame","context":{"kid":9,"ctr":0,"byteLength":62,"codecOffset":10}}

[90mstdout[2m | apps/validator-daemon/src/canary/__tests__/mesh-byzantine.test.ts[2m > [22m[2mREQ-RMS-017 — Byzantine under-server attributed to R via the SHIPPED canary pipeline[2m > [22m[2mthe per-relay accumulator isolates R from R2 (R2 has zero drops, never crosses the bound)
[22m[39m{"timestamp":"2026-06-22T06:17:50.127Z","level":"INFO","source":"frontend","module":"webrtc/sframe-transform","message":"encrypted frame","context":{"kid":9,"ctr":1,"byteLength":62,"codecOffset":10}}

[90mstdout[2m | apps/validator-daemon/src/canary/__tests__/mesh-byzantine.test.ts[2m > [22m[2mREQ-RMS-017 — Byzantine under-server attributed to R via the SHIPPED canary pipeline[2m > [22m[2mthe per-relay accumulator isolates R from R2 (R2 has zero drops, never crosses the bound)
[22m[39m{"timestamp":"2026-06-22T06:17:50.127Z","level":"INFO","source":"frontend","module":"webrtc/sframe-transform","message":"encrypted frame","context":{"kid":9,"ctr":2,"byteLength":62,"codecOffset":10}}

[90mstdout[2m | apps/validator-daemon/src/canary/__tests__/mesh-byzantine.test.ts[2m > [22m[2mREQ-RMS-017 — Byzantine under-server attributed to R via the SHIPPED canary pipeline[2m > [22m[2mthe per-relay accumulator isolates R from R2 (R2 has zero drops, never crosses the bound)
[22m[39m{"timestamp":"2026-06-22T06:17:50.128Z","level":"INFO","source":"frontend","module":"webrtc/sframe-transform","message":"encrypted frame","context":{"kid":9,"ctr":3,"byteLength":62,"codecOffset":10}}

[90mstdout[2m | apps/validator-daemon/src/canary/__tests__/mesh-byzantine.test.ts[2m > [22m[2mREQ-RMS-017 — Byzantine under-server attributed to R via the SHIPPED canary pipeline[2m > [22m[2mthe per-relay accumulator isolates R from R2 (R2 has zero drops, never crosses the bound)
[22m[39m{"timestamp":"2026-06-22T06:17:50.128Z","level":"INFO","source":"frontend","module":"webrtc/sframe-transform","message":"encrypted frame","context":{"kid":9,"ctr":4,"byteLength":62,"codecOffset":10}}

[90mstdout[2m | apps/validator-daemon/src/canary/__tests__/mesh-byzantine.test.ts[2m > [22m[2mREQ-RMS-017 — Byzantine under-server attributed to R via the SHIPPED canary pipeline[2m > [22m[2mthe per-relay accumulator isolates R from R2 (R2 has zero drops, never crosses the bound)
[22m[39m{"timestamp":"2026-06-22T06:17:50.129Z","level":"INFO","source":"frontend","module":"webrtc/sframe-transform","message":"encrypted frame","context":{"kid":9,"ctr":5,"byteLength":62,"codecOffset":10}}

[90mstdout[2m | apps/validator-daemon/src/canary/__tests__/mesh-byzantine.test.ts[2m > [22m[2mREQ-RMS-017 — Byzantine under-server attributed to R via the SHIPPED canary pipeline[2m > [22m[2mthe per-relay accumulator isolates R from R2 (R2 has zero drops, never crosses the bound)
[22m[39m{"timestamp":"2026-06-22T06:17:50.129Z","level":"INFO","source":"frontend","module":"webrtc/sframe-transform","message":"encrypted frame","context":{"kid":9,"ctr":6,"byteLength":62,"codecOffset":10}}

[90mstdout[2m | apps/validator-daemon/src/canary/__tests__/mesh-byzantine.test.ts[2m > [22m[2mREQ-RMS-017 — Byzantine under-server attributed to R via the SHIPPED canary pipeline[2m > [22m[2mthe per-relay accumulator isolates R from R2 (R2 has zero drops, never crosses the bound)
[22m[39m{"timestamp":"2026-06-22T06:17:50.129Z","level":"INFO","source":"frontend","module":"webrtc/sframe-transform","message":"encrypted frame","context":{"kid":9,"ctr":7,"byteLength":62,"codecOffset":10}}

{"level":30,"time":1782109070129,"pid":5904,"hostname":"Quang","name":"canary/verifier","canaryKid":9,"mediaPackets":8,"byteIdentical":8,"divergences":0,"msg":"canary forwarding verified"}
[90mstdout[2m | apps/validator-daemon/src/canary/__tests__/mesh-byzantine.test.ts[2m > [22m[2mREQ-RMS-017 — Byzantine under-server attributed to R via the SHIPPED canary pipeline[2m > [22m[2mthe per-relay accumulator isolates R from R2 (R2 has zero drops, never crosses the bound)
[22m[39m{"timestamp":"2026-06-22T06:17:50.130Z","level":"INFO","source":"frontend","module":"webrtc/sframe-transform","message":"encrypted frame","context":{"kid":9,"ctr":0,"byteLength":62,"codecOffset":10}}

[90mstdout[2m | apps/validator-daemon/src/canary/__tests__/mesh-byzantine.test.ts[2m > [22m[2mREQ-RMS-017 — Byzantine under-server attributed to R via the SHIPPED canary pipeline[2m > [22m[2mthe per-relay accumulator isolates R from R2 (R2 has zero drops, never crosses the bound)
[22m[39m{"timestamp":"2026-06-22T06:17:50.130Z","level":"INFO","source":"frontend","module":"webrtc/sframe-transform","message":"encrypted frame","context":{"kid":9,"ctr":1,"byteLength":62,"codecOffset":10}}

[90mstdout[2m | apps/validator-daemon/src/canary/__tests__/mesh-byzantine.test.ts[2m > [22m[2mREQ-RMS-017 — Byzantine under-server attributed to R via the SHIPPED canary pipeline[2m > [22m[2mthe per-relay accumulator isolates R from R2 (R2 has zero drops, never crosses the bound)
[22m[39m{"timestamp":"2026-06-22T06:17:50.130Z","level":"INFO","source":"frontend","module":"webrtc/sframe-transform","message":"encrypted frame","context":{"kid":9,"ctr":2,"byteLength":62,"codecOffset":10}}

[90mstdout[2m | apps/validator-daemon/src/canary/__tests__/mesh-byzantine.test.ts[2m > [22m[2mREQ-RMS-017 — Byzantine under-server attributed to R via the SHIPPED canary pipeline[2m > [22m[2mthe per-relay accumulator isolates R from R2 (R2 has zero drops, never crosses the bound)
[22m[39m{"timestamp":"2026-06-22T06:17:50.131Z","level":"INFO","source":"frontend","module":"webrtc/sframe-transform","message":"encrypted frame","context":{"kid":9,"ctr":3,"byteLength":62,"codecOffset":10}}

[90mstdout[2m | apps/validator-daemon/src/canary/__tests__/mesh-byzantine.test.ts[2m > [22m[2mREQ-RMS-017 — Byzantine under-server attributed to R via the SHIPPED canary pipeline[2m > [22m[2mthe per-relay accumulator isolates R from R2 (R2 has zero drops, never crosses the bound)
[22m[39m{"timestamp":"2026-06-22T06:17:50.131Z","level":"INFO","source":"frontend","module":"webrtc/sframe-transform","message":"encrypted frame","context":{"kid":9,"ctr":4,"byteLength":62,"codecOffset":10}}

[90mstdout[2m | apps/validator-daemon/src/canary/__tests__/mesh-byzantine.test.ts[2m > [22m[2mREQ-RMS-017 — Byzantine under-server attributed to R via the SHIPPED canary pipeline[2m > [22m[2mthe per-relay accumulator isolates R from R2 (R2 has zero drops, never crosses the bound)
[22m[39m{"timestamp":"2026-06-22T06:17:50.131Z","level":"INFO","source":"frontend","module":"webrtc/sframe-transform","message":"encrypted frame","context":{"kid":9,"ctr":5,"byteLength":62,"codecOffset":10}}

[90mstdout[2m | apps/validator-daemon/src/canary/__tests__/mesh-byzantine.test.ts[2m > [22m[2mREQ-RMS-017 — Byzantine under-server attributed to R via the SHIPPED canary pipeline[2m > [22m[2mthe per-relay accumulator isolates R from R2 (R2 has zero drops, never crosses the bound)
[22m[39m{"timestamp":"2026-06-22T06:17:50.132Z","level":"INFO","source":"frontend","module":"webrtc/sframe-transform","message":"encrypted frame","context":{"kid":9,"ctr":6,"byteLength":62,"codecOffset":10}}

[90mstdout[2m | apps/validator-daemon/src/canary/__tests__/mesh-byzantine.test.ts[2m > [22m[2mREQ-RMS-017 — Byzantine under-server attributed to R via the SHIPPED canary pipeline[2m > [22m[2mthe per-relay accumulator isolates R from R2 (R2 has zero drops, never crosses the bound)
[22m[39m{"timestamp":"2026-06-22T06:17:50.132Z","level":"INFO","source":"frontend","module":"webrtc/sframe-transform","message":"encrypted frame","context":{"kid":9,"ctr":7,"byteLength":62,"codecOffset":10}}

{"level":30,"time":1782109070132,"pid":5904,"hostname":"Quang","name":"canary/verifier","canaryKid":9,"mediaPackets":8,"byteIdentical":8,"divergences":0,"msg":"canary forwarding verified"}
{"level":30,"time":1782109070132,"pid":5904,"hostname":"Quang","name":"canary/loss-classifier","relayMinerId":"relay-honest-R2","promoted":0,"absorbed":0,"tampers":0,"cumulativeCrossed":false,"msg":"canary divergences classified (drop gate / tamper p=1)"}
{"level":30,"time":1782109070132,"pid":5904,"hostname":"Quang","name":"canary/verify-loop","round":0,"relayMinerId":"relay-honest-R2","roomId":"mesh-room","perReceiver":2,"promoted":0,"absorbed":0,"stunLossBps":"0","msg":"canary verify round classified (hermetic half — synthetic capture, STUN read live)"}
[90mstdout[2m | apps/validator-daemon/src/canary/__tests__/mesh-byzantine.test.ts[2m > [22m[2mREQ-RMS-017 — Byzantine under-server attributed to R via the SHIPPED canary pipeline[2m > [22m[2mthe per-relay accumulator isolates R from R2 (R2 has zero drops, never crosses the bound)
[22m[39m{"timestamp":"2026-06-22T06:17:50.133Z","level":"INFO","source":"frontend","module":"webrtc/sframe-transform","message":"encrypted frame","context":{"kid":9,"ctr":0,"byteLength":62,"codecOffset":10}}

[90mstdout[2m | apps/validator-daemon/src/canary/__tests__/mesh-byzantine.test.ts[2m > [22m[2mREQ-RMS-017 — Byzantine under-server attributed to R via the SHIPPED canary pipeline[2m > [22m[2mthe per-relay accumulator isolates R from R2 (R2 has zero drops, never crosses the bound)
[22m[39m{"timestamp":"2026-06-22T06:17:50.133Z","level":"INFO","source":"frontend","module":"webrtc/sframe-transform","message":"encrypted frame","context":{"kid":9,"ctr":1,"byteLength":62,"codecOffset":10}}

[90mstdout[2m | apps/validator-daemon/src/canary/__tests__/mesh-byzantine.test.ts[2m > [22m[2mREQ-RMS-017 — Byzantine under-server attributed to R via the SHIPPED canary pipeline[2m > [22m[2mthe per-relay accumulator isolates R from R2 (R2 has zero drops, never crosses the bound)
[22m[39m{"timestamp":"2026-06-22T06:17:50.134Z","level":"INFO","source":"frontend","module":"webrtc/sframe-transform","message":"encrypted frame","context":{"kid":9,"ctr":2,"byteLength":62,"codecOffset":10}}

[90mstdout[2m | apps/validator-daemon/src/canary/__tests__/mesh-byzantine.test.ts[2m > [22m[2mREQ-RMS-017 — Byzantine under-server attributed to R via the SHIPPED canary pipeline[2m > [22m[2mthe per-relay accumulator isolates R from R2 (R2 has zero drops, never crosses the bound)
[22m[39m{"timestamp":"2026-06-22T06:17:50.134Z","level":"INFO","source":"frontend","module":"webrtc/sframe-transform","message":"encrypted frame","context":{"kid":9,"ctr":3,"byteLength":62,"codecOffset":10}}

[90mstdout[2m | apps/validator-daemon/src/canary/__tests__/mesh-byzantine.test.ts[2m > [22m[2mREQ-RMS-017 — Byzantine under-server attributed to R via the SHIPPED canary pipeline[2m > [22m[2mthe per-relay accumulator isolates R from R2 (R2 has zero drops, never crosses the bound)
[22m[39m{"timestamp":"2026-06-22T06:17:50.135Z","level":"INFO","source":"frontend","module":"webrtc/sframe-transform","message":"encrypted frame","context":{"kid":9,"ctr":4,"byteLength":62,"codecOffset":10}}

[90mstdout[2m | apps/validator-daemon/src/canary/__tests__/mesh-byzantine.test.ts[2m > [22m[2mREQ-RMS-017 — Byzantine under-server attributed to R via the SHIPPED canary pipeline[2m > [22m[2mthe per-relay accumulator isolates R from R2 (R2 has zero drops, never crosses the bound)
[22m[39m{"timestamp":"2026-06-22T06:17:50.135Z","level":"INFO","source":"frontend","module":"webrtc/sframe-transform","message":"encrypted frame","context":{"kid":9,"ctr":6,"byteLength":62,"codecOffset":10}}

[90mstdout[2m | apps/validator-daemon/src/canary/__tests__/mesh-byzantine.test.ts[2m > [22m[2mREQ-RMS-017 — Byzantine under-server attributed to R via the SHIPPED canary pipeline[2m > [22m[2mthe per-relay accumulator isolates R from R2 (R2 has zero drops, never crosses the bound)
[22m[39m{"timestamp":"2026-06-22T06:17:50.136Z","level":"INFO","source":"frontend","module":"webrtc/sframe-transform","message":"encrypted frame","context":{"kid":9,"ctr":7,"byteLength":62,"codecOffset":10}}

[90mstdout[2m | apps/validator-daemon/src/canary/__tests__/mesh-byzantine.test.ts[2m > [22m[2mREQ-RMS-017 — Byzantine under-server attributed to R via the SHIPPED canary pipeline[2m > [22m[2mthe per-relay accumulator isolates R from R2 (R2 has zero drops, never crosses the bound)
[22m[39m{"timestamp":"2026-06-22T06:17:50.136Z","level":"INFO","source":"frontend","module":"webrtc/sframe-transform","message":"encrypted frame","context":{"kid":9,"ctr":0,"byteLength":62,"codecOffset":10}}

[90mstdout[2m | apps/validator-daemon/src/canary/__tests__/mesh-byzantine.test.ts[2m > [22m[2mREQ-RMS-017 — Byzantine under-server attributed to R via the SHIPPED canary pipeline[2m > [22m[2mthe per-relay accumulator isolates R from R2 (R2 has zero drops, never crosses the bound)
[22m[39m{"timestamp":"2026-06-22T06:17:50.136Z","level":"INFO","source":"frontend","module":"webrtc/sframe-transform","message":"encrypted frame","context":{"kid":9,"ctr":1,"byteLength":62,"codecOffset":10}}

[90mstdout[2m | apps/validator-daemon/src/canary/__tests__/mesh-byzantine.test.ts[2m > [22m[2mREQ-RMS-017 — Byzantine under-server attributed to R via the SHIPPED canary pipeline[2m > [22m[2mthe per-relay accumulator isolates R from R2 (R2 has zero drops, never crosses the bound)
[22m[39m{"timestamp":"2026-06-22T06:17:50.137Z","level":"INFO","source":"frontend","module":"webrtc/sframe-transform","message":"encrypted frame","context":{"kid":9,"ctr":2,"byteLength":62,"codecOffset":10}}

[90mstdout[2m | apps/validator-daemon/src/canary/__tests__/mesh-byzantine.test.ts[2m > [22m[2mREQ-RMS-017 — Byzantine under-server attributed to R via the SHIPPED canary pipeline[2m > [22m[2mthe per-relay accumulator isolates R from R2 (R2 has zero drops, never crosses the bound)
[22m[39m{"timestamp":"2026-06-22T06:17:50.137Z","level":"INFO","source":"frontend","module":"webrtc/sframe-transform","message":"encrypted frame","context":{"kid":9,"ctr":3,"byteLength":62,"codecOffset":10}}

[90mstdout[2m | apps/validator-daemon/src/canary/__tests__/mesh-byzantine.test.ts[2m > [22m[2mREQ-RMS-017 — Byzantine under-server attributed to R via the SHIPPED canary pipeline[2m > [22m[2mthe per-relay accumulator isolates R from R2 (R2 has zero drops, never crosses the bound)
[22m[39m{"timestamp":"2026-06-22T06:17:50.138Z","level":"INFO","source":"frontend","module":"webrtc/sframe-transform","message":"encrypted frame","context":{"kid":9,"ctr":4,"byteLength":62,"codecOffset":10}}

[90mstdout[2m | apps/validator-daemon/src/canary/__tests__/mesh-byzantine.test.ts[2m > [22m[2mREQ-RMS-017 — Byzantine under-server attributed to R via the SHIPPED canary pipeline[2m > [22m[2mthe per-relay accumulator isolates R from R2 (R2 has zero drops, never crosses the bound)
[22m[39m{"timestamp":"2026-06-22T06:17:50.138Z","level":"INFO","source":"frontend","module":"webrtc/sframe-transform","message":"encrypted frame","context":{"kid":9,"ctr":5,"byteLength":62,"codecOffset":10}}

[90mstdout[2m | apps/validator-daemon/src/canary/__tests__/mesh-byzantine.test.ts[2m > [22m[2mREQ-RMS-017 — Byzantine under-server attributed to R via the SHIPPED canary pipeline[2m > [22m[2mthe per-relay accumulator isolates R from R2 (R2 has zero drops, never crosses the bound)
[22m[39m{"timestamp":"2026-06-22T06:17:50.138Z","level":"INFO","source":"frontend","module":"webrtc/sframe-transform","message":"encrypted frame","context":{"kid":9,"ctr":6,"byteLength":62,"codecOffset":10}}

[90mstdout[2m | apps/validator-daemon/src/canary/__tests__/mesh-byzantine.test.ts[2m > [22m[2mREQ-RMS-017 — Byzantine under-server attributed to R via the SHIPPED canary pipeline[2m > [22m[2mthe per-relay accumulator isolates R from R2 (R2 has zero drops, never crosses the bound)
[22m[39m{"timestamp":"2026-06-22T06:17:50.139Z","level":"INFO","source":"frontend","module":"webrtc/sframe-transform","message":"encrypted frame","context":{"kid":9,"ctr":7,"byteLength":62,"codecOffset":10}}

{"level":30,"time":1782109070139,"pid":5904,"hostname":"Quang","name":"canary/verifier","canaryKid":9,"mediaPackets":7,"byteIdentical":7,"divergences":1,"msg":"canary forwarding verified"}
[90mstdout[2m | apps/validator-daemon/src/canary/__tests__/mesh-byzantine.test.ts[2m > [22m[2mREQ-RMS-017 — Byzantine under-server attributed to R via the SHIPPED canary pipeline[2m > [22m[2mthe per-relay accumulator isolates R from R2 (R2 has zero drops, never crosses the bound)
[22m[39m{"timestamp":"2026-06-22T06:17:50.139Z","level":"INFO","source":"frontend","module":"webrtc/sframe-transform","message":"encrypted frame","context":{"kid":9,"ctr":0,"byteLength":62,"codecOffset":10}}

[90mstdout[2m | apps/validator-daemon/src/canary/__tests__/mesh-byzantine.test.ts[2m > [22m[2mREQ-RMS-017 — Byzantine under-server attributed to R via the SHIPPED canary pipeline[2m > [22m[2mthe per-relay accumulator isolates R from R2 (R2 has zero drops, never crosses the bound)
[22m[39m{"timestamp":"2026-06-22T06:17:50.140Z","level":"INFO","source":"frontend","module":"webrtc/sframe-transform","message":"encrypted frame","context":{"kid":9,"ctr":1,"byteLength":62,"codecOffset":10}}

[90mstdout[2m | apps/validator-daemon/src/canary/__tests__/mesh-byzantine.test.ts[2m > [22m[2mREQ-RMS-017 — Byzantine under-server attributed to R via the SHIPPED canary pipeline[2m > [22m[2mthe per-relay accumulator isolates R from R2 (R2 has zero drops, never crosses the bound)
[22m[39m{"timestamp":"2026-06-22T06:17:50.140Z","level":"INFO","source":"frontend","module":"webrtc/sframe-transform","message":"encrypted frame","context":{"kid":9,"ctr":2,"byteLength":62,"codecOffset":10}}

[90mstdout[2m | apps/validator-daemon/src/canary/__tests__/mesh-byzantine.test.ts[2m > [22m[2mREQ-RMS-017 — Byzantine under-server attributed to R via the SHIPPED canary pipeline[2m > [22m[2mthe per-relay accumulator isolates R from R2 (R2 has zero drops, never crosses the bound)
[22m[39m{"timestamp":"2026-06-22T06:17:50.141Z","level":"INFO","source":"frontend","module":"webrtc/sframe-transform","message":"encrypted frame","context":{"kid":9,"ctr":3,"byteLength":62,"codecOffset":10}}

[90mstdout[2m | apps/validator-daemon/src/canary/__tests__/mesh-byzantine.test.ts[2m > [22m[2mREQ-RMS-017 — Byzantine under-server attributed to R via the SHIPPED canary pipeline[2m > [22m[2mthe per-relay accumulator isolates R from R2 (R2 has zero drops, never crosses the bound)
[22m[39m{"timestamp":"2026-06-22T06:17:50.141Z","level":"INFO","source":"frontend","module":"webrtc/sframe-transform","message":"encrypted frame","context":{"kid":9,"ctr":4,"byteLength":62,"codecOffset":10}}

[90mstdout[2m | apps/validator-daemon/src/canary/__tests__/mesh-byzantine.test.ts[2m > [22m[2mREQ-RMS-017 — Byzantine under-server attributed to R via the SHIPPED canary pipeline[2m > [22m[2mthe per-relay accumulator isolates R from R2 (R2 has zero drops, never crosses the bound)
[22m[39m{"timestamp":"2026-06-22T06:17:50.141Z","level":"INFO","source":"frontend","module":"webrtc/sframe-transform","message":"encrypted frame","context":{"kid":9,"ctr":5,"byteLength":62,"codecOffset":10}}

[90mstdout[2m | apps/validator-daemon/src/canary/__tests__/mesh-byzantine.test.ts[2m > [22m[2mREQ-RMS-017 — Byzantine under-server attributed to R via the SHIPPED canary pipeline[2m > [22m[2mthe per-relay accumulator isolates R from R2 (R2 has zero drops, never crosses the bound)
[22m[39m{"timestamp":"2026-06-22T06:17:50.142Z","level":"INFO","source":"frontend","module":"webrtc/sframe-transform","message":"encrypted frame","context":{"kid":9,"ctr":6,"byteLength":62,"codecOffset":10}}

[90mstdout[2m | apps/validator-daemon/src/canary/__tests__/mesh-byzantine.test.ts[2m > [22m[2mREQ-RMS-017 — Byzantine under-server attributed to R via the SHIPPED canary pipeline[2m > [22m[2mthe per-relay accumulator isolates R from R2 (R2 has zero drops, never crosses the bound)
[22m[39m{"timestamp":"2026-06-22T06:17:50.142Z","level":"INFO","source":"frontend","module":"webrtc/sframe-transform","message":"encrypted frame","context":{"kid":9,"ctr":7,"byteLength":62,"codecOffset":10}}

{"level":30,"time":1782109070142,"pid":5904,"hostname":"Quang","name":"canary/verifier","canaryKid":9,"mediaPackets":7,"byteIdentical":7,"divergences":1,"msg":"canary forwarding verified"}
{"level":30,"time":1782109070142,"pid":5904,"hostname":"Quang","name":"canary/loss-classifier","relayMinerId":"relay-byzantine-R","promoted":0,"absorbed":1,"tampers":0,"cumulativeCrossed":false,"msg":"canary divergences classified (drop gate / tamper p=1)"}
{"level":30,"time":1782109070142,"pid":5904,"hostname":"Quang","name":"canary/verify-loop","round":1,"relayMinerId":"relay-byzantine-R","roomId":"mesh-room","perReceiver":2,"promoted":0,"absorbed":1,"stunLossBps":"0","msg":"canary verify round classified (hermetic half — synthetic capture, STUN read live)"}
[90mstdout[2m | apps/validator-daemon/src/canary/__tests__/mesh-byzantine.test.ts[2m > [22m[2mREQ-RMS-017 — Byzantine under-server attributed to R via the SHIPPED canary pipeline[2m > [22m[2mthe per-relay accumulator isolates R from R2 (R2 has zero drops, never crosses the bound)
[22m[39m{"timestamp":"2026-06-22T06:17:50.143Z","level":"INFO","source":"frontend","module":"webrtc/sframe-transform","message":"encrypted frame","context":{"kid":9,"ctr":0,"byteLength":62,"codecOffset":10}}

[90mstdout[2m | apps/validator-daemon/src/canary/__tests__/mesh-byzantine.test.ts[2m > [22m[2mREQ-RMS-017 — Byzantine under-server attributed to R via the SHIPPED canary pipeline[2m > [22m[2mthe per-relay accumulator isolates R from R2 (R2 has zero drops, never crosses the bound)
[22m[39m{"timestamp":"2026-06-22T06:17:50.143Z","level":"INFO","source":"frontend","module":"webrtc/sframe-transform","message":"encrypted frame","context":{"kid":9,"ctr":1,"byteLength":62,"codecOffset":10}}

[90mstdout[2m | apps/validator-daemon/src/canary/__tests__/mesh-byzantine.test.ts[2m > [22m[2mREQ-RMS-017 — Byzantine under-server attributed to R via the SHIPPED canary pipeline[2m > [22m[2mthe per-relay accumulator isolates R from R2 (R2 has zero drops, never crosses the bound)
[22m[39m{"timestamp":"2026-06-22T06:17:50.144Z","level":"INFO","source":"frontend","module":"webrtc/sframe-transform","message":"encrypted frame","context":{"kid":9,"ctr":2,"byteLength":62,"codecOffset":10}}

[90mstdout[2m | apps/validator-daemon/src/canary/__tests__/mesh-byzantine.test.ts[2m > [22m[2mREQ-RMS-017 — Byzantine under-server attributed to R via the SHIPPED canary pipeline[2m > [22m[2mthe per-relay accumulator isolates R from R2 (R2 has zero drops, never crosses the bound)
[22m[39m{"timestamp":"2026-06-22T06:17:50.144Z","level":"INFO","source":"frontend","module":"webrtc/sframe-transform","message":"encrypted frame","context":{"kid":9,"ctr":3,"byteLength":62,"codecOffset":10}}

[90mstdout[2m | apps/validator-daemon/src/canary/__tests__/mesh-byzantine.test.ts[2m > [22m[2mREQ-RMS-017 — Byzantine under-server attributed to R via the SHIPPED canary pipeline[2m > [22m[2mthe per-relay accumulator isolates R from R2 (R2 has zero drops, never crosses the bound)
[22m[39m{"timestamp":"2026-06-22T06:17:50.145Z","level":"INFO","source":"frontend","module":"webrtc/sframe-transform","message":"encrypted frame","context":{"kid":9,"ctr":4,"byteLength":62,"codecOffset":10}}

[90mstdout[2m | apps/validator-daemon/src/canary/__tests__/mesh-byzantine.test.ts[2m > [22m[2mREQ-RMS-017 — Byzantine under-server attributed to R via the SHIPPED canary pipeline[2m > [22m[2mthe per-relay accumulator isolates R from R2 (R2 has zero drops, never crosses the bound)
[22m[39m{"timestamp":"2026-06-22T06:17:50.146Z","level":"INFO","source":"frontend","module":"webrtc/sframe-transform","message":"encrypted frame","context":{"kid":9,"ctr":5,"byteLength":62,"codecOffset":10}}

[90mstdout[2m | apps/validator-daemon/src/canary/__tests__/mesh-byzantine.test.ts[2m > [22m[2mREQ-RMS-017 — Byzantine under-server attributed to R via the SHIPPED canary pipeline[2m > [22m[2mthe per-relay accumulator isolates R from R2 (R2 has zero drops, never crosses the bound)
[22m[39m{"timestamp":"2026-06-22T06:17:50.146Z","level":"INFO","source":"frontend","module":"webrtc/sframe-transform","message":"encrypted frame","context":{"kid":9,"ctr":6,"byteLength":62,"codecOffset":10}}

[90mstdout[2m | apps/validator-daemon/src/canary/__tests__/mesh-byzantine.test.ts[2m > [22m[2mREQ-RMS-017 — Byzantine under-server attributed to R via the SHIPPED canary pipeline[2m > [22m[2mthe per-relay accumulator isolates R from R2 (R2 has zero drops, never crosses the bound)
[22m[39m{"timestamp":"2026-06-22T06:17:50.147Z","level":"INFO","source":"frontend","module":"webrtc/sframe-transform","message":"encrypted frame","context":{"kid":9,"ctr":7,"byteLength":62,"codecOffset":10}}

[90mstdout[2m | apps/validator-daemon/src/canary/__tests__/mesh-byzantine.test.ts[2m > [22m[2mREQ-RMS-017 — Byzantine under-server attributed to R via the SHIPPED canary pipeline[2m > [22m[2mthe per-relay accumulator isolates R from R2 (R2 has zero drops, never crosses the bound)
[22m[39m{"timestamp":"2026-06-22T06:17:50.147Z","level":"INFO","source":"frontend","module":"webrtc/sframe-transform","message":"encrypted frame","context":{"kid":9,"ctr":0,"byteLength":62,"codecOffset":10}}

[90mstdout[2m | apps/validator-daemon/src/canary/__tests__/mesh-byzantine.test.ts[2m > [22m[2mREQ-RMS-017 — Byzantine under-server attributed to R via the SHIPPED canary pipeline[2m > [22m[2mthe per-relay accumulator isolates R from R2 (R2 has zero drops, never crosses the bound)
[22m[39m{"timestamp":"2026-06-22T06:17:50.148Z","level":"INFO","source":"frontend","module":"webrtc/sframe-transform","message":"encrypted frame","context":{"kid":9,"ctr":1,"byteLength":62,"codecOffset":10}}

[90mstdout[2m | apps/validator-daemon/src/canary/__tests__/mesh-byzantine.test.ts[2m > [22m[2mREQ-RMS-017 — Byzantine under-server attributed to R via the SHIPPED canary pipeline[2m > [22m[2mthe per-relay accumulator isolates R from R2 (R2 has zero drops, never crosses the bound)
[22m[39m{"timestamp":"2026-06-22T06:17:50.148Z","level":"INFO","source":"frontend","module":"webrtc/sframe-transform","message":"encrypted frame","context":{"kid":9,"ctr":2,"byteLength":62,"codecOffset":10}}

[90mstdout[2m | apps/validator-daemon/src/canary/__tests__/mesh-byzantine.test.ts[2m > [22m[2mREQ-RMS-017 — Byzantine under-server attributed to R via the SHIPPED canary pipeline[2m > [22m[2mthe per-relay accumulator isolates R from R2 (R2 has zero drops, never crosses the bound)
[22m[39m{"timestamp":"2026-06-22T06:17:50.149Z","level":"INFO","source":"frontend","module":"webrtc/sframe-transform","message":"encrypted frame","context":{"kid":9,"ctr":3,"byteLength":62,"codecOffset":10}}

[90mstdout[2m | apps/validator-daemon/src/canary/__tests__/mesh-byzantine.test.ts[2m > [22m[2mREQ-RMS-017 — Byzantine under-server attributed to R via the SHIPPED canary pipeline[2m > [22m[2mthe per-relay accumulator isolates R from R2 (R2 has zero drops, never crosses the bound)
[22m[39m{"timestamp":"2026-06-22T06:17:50.149Z","level":"INFO","source":"frontend","module":"webrtc/sframe-transform","message":"encrypted frame","context":{"kid":9,"ctr":4,"byteLength":62,"codecOffset":10}}

[90mstdout[2m | apps/validator-daemon/src/canary/__tests__/mesh-byzantine.test.ts[2m > [22m[2mREQ-RMS-017 — Byzantine under-server attributed to R via the SHIPPED canary pipeline[2m > [22m[2mthe per-relay accumulator isolates R from R2 (R2 has zero drops, never crosses the bound)
[22m[39m{"timestamp":"2026-06-22T06:17:50.150Z","level":"INFO","source":"frontend","module":"webrtc/sframe-transform","message":"encrypted frame","context":{"kid":9,"ctr":5,"byteLength":62,"codecOffset":10}}

[90mstdout[2m | apps/validator-daemon/src/canary/__tests__/mesh-byzantine.test.ts[2m > [22m[2mREQ-RMS-017 — Byzantine under-server attributed to R via the SHIPPED canary pipeline[2m > [22m[2mthe per-relay accumulator isolates R from R2 (R2 has zero drops, never crosses the bound)
[22m[39m{"timestamp":"2026-06-22T06:17:50.150Z","level":"INFO","source":"frontend","module":"webrtc/sframe-transform","message":"encrypted frame","context":{"kid":9,"ctr":6,"byteLength":62,"codecOffset":10}}

[90mstdout[2m | apps/validator-daemon/src/canary/__tests__/mesh-byzantine.test.ts[2m > [22m[2mREQ-RMS-017 — Byzantine under-server attributed to R via the SHIPPED canary pipeline[2m > [22m[2mthe per-relay accumulator isolates R from R2 (R2 has zero drops, never crosses the bound)
[22m[39m{"timestamp":"2026-06-22T06:17:50.151Z","level":"INFO","source":"frontend","module":"webrtc/sframe-transform","message":"encrypted frame","context":{"kid":9,"ctr":7,"byteLength":62,"codecOffset":10}}

{"level":30,"time":1782109070151,"pid":5904,"hostname":"Quang","name":"canary/verifier","canaryKid":9,"mediaPackets":8,"byteIdentical":8,"divergences":0,"msg":"canary forwarding verified"}
[90mstdout[2m | apps/validator-daemon/src/canary/__tests__/mesh-byzantine.test.ts[2m > [22m[2mREQ-RMS-017 — Byzantine under-server attributed to R via the SHIPPED canary pipeline[2m > [22m[2mthe per-relay accumulator isolates R from R2 (R2 has zero drops, never crosses the bound)
[22m[39m{"timestamp":"2026-06-22T06:17:50.151Z","level":"INFO","source":"frontend","module":"webrtc/sframe-transform","message":"encrypted frame","context":{"kid":9,"ctr":0,"byteLength":62,"codecOffset":10}}

[90mstdout[2m | apps/validator-daemon/src/canary/__tests__/mesh-byzantine.test.ts[2m > [22m[2mREQ-RMS-017 — Byzantine under-server attributed to R via the SHIPPED canary pipeline[2m > [22m[2mthe per-relay accumulator isolates R from R2 (R2 has zero drops, never crosses the bound)
[22m[39m{"timestamp":"2026-06-22T06:17:50.152Z","level":"INFO","source":"frontend","module":"webrtc/sframe-transform","message":"encrypted frame","context":{"kid":9,"ctr":1,"byteLength":62,"codecOffset":10}}

[90mstdout[2m | apps/validator-daemon/src/canary/__tests__/mesh-byzantine.test.ts[2m > [22m[2mREQ-RMS-017 — Byzantine under-server attributed to R via the SHIPPED canary pipeline[2m > [22m[2mthe per-relay accumulator isolates R from R2 (R2 has zero drops, never crosses the bound)
[22m[39m{"timestamp":"2026-06-22T06:17:50.152Z","level":"INFO","source":"frontend","module":"webrtc/sframe-transform","message":"encrypted frame","context":{"kid":9,"ctr":2,"byteLength":62,"codecOffset":10}}

[90mstdout[2m | apps/validator-daemon/src/canary/__tests__/mesh-byzantine.test.ts[2m > [22m[2mREQ-RMS-017 — Byzantine under-server attributed to R via the SHIPPED canary pipeline[2m > [22m[2mthe per-relay accumulator isolates R from R2 (R2 has zero drops, never crosses the bound)
[22m[39m{"timestamp":"2026-06-22T06:17:50.152Z","level":"INFO","source":"frontend","module":"webrtc/sframe-transform","message":"encrypted frame","context":{"kid":9,"ctr":3,"byteLength":62,"codecOffset":10}}

[90mstdout[2m | apps/validator-daemon/src/canary/__tests__/mesh-byzantine.test.ts[2m > [22m[2mREQ-RMS-017 — Byzantine under-server attributed to R via the SHIPPED canary pipeline[2m > [22m[2mthe per-relay accumulator isolates R from R2 (R2 has zero drops, never crosses the bound)
[22m[39m{"timestamp":"2026-06-22T06:17:50.153Z","level":"INFO","source":"frontend","module":"webrtc/sframe-transform","message":"encrypted frame","context":{"kid":9,"ctr":4,"byteLength":62,"codecOffset":10}}

[90mstdout[2m | apps/validator-daemon/src/canary/__tests__/mesh-byzantine.test.ts[2m > [22m[2mREQ-RMS-017 — Byzantine under-server attributed to R via the SHIPPED canary pipeline[2m > [22m[2mthe per-relay accumulator isolates R from R2 (R2 has zero drops, never crosses the bound)
[22m[39m{"timestamp":"2026-06-22T06:17:50.154Z","level":"INFO","source":"frontend","module":"webrtc/sframe-transform","message":"encrypted frame","context":{"kid":9,"ctr":5,"byteLength":62,"codecOffset":10}}

[90mstdout[2m | apps/validator-daemon/src/canary/__tests__/mesh-byzantine.test.ts[2m > [22m[2mREQ-RMS-017 — Byzantine under-server attributed to R via the SHIPPED canary pipeline[2m > [22m[2mthe per-relay accumulator isolates R from R2 (R2 has zero drops, never crosses the bound)
[22m[39m{"timestamp":"2026-06-22T06:17:50.154Z","level":"INFO","source":"frontend","module":"webrtc/sframe-transform","message":"encrypted frame","context":{"kid":9,"ctr":6,"byteLength":62,"codecOffset":10}}

[90mstdout[2m | apps/validator-daemon/src/canary/__tests__/mesh-byzantine.test.ts[2m > [22m[2mREQ-RMS-017 — Byzantine under-server attributed to R via the SHIPPED canary pipeline[2m > [22m[2mthe per-relay accumulator isolates R from R2 (R2 has zero drops, never crosses the bound)
[22m[39m{"timestamp":"2026-06-22T06:17:50.154Z","level":"INFO","source":"frontend","module":"webrtc/sframe-transform","message":"encrypted frame","context":{"kid":9,"ctr":7,"byteLength":62,"codecOffset":10}}

{"level":30,"time":1782109070155,"pid":5904,"hostname":"Quang","name":"canary/verifier","canaryKid":9,"mediaPackets":8,"byteIdentical":8,"divergences":0,"msg":"canary forwarding verified"}
{"level":30,"time":1782109070155,"pid":5904,"hostname":"Quang","name":"canary/loss-classifier","relayMinerId":"relay-honest-R2","promoted":0,"absorbed":0,"tampers":0,"cumulativeCrossed":false,"msg":"canary divergences classified (drop gate / tamper p=1)"}
{"level":30,"time":1782109070155,"pid":5904,"hostname":"Quang","name":"canary/verify-loop","round":1,"relayMinerId":"relay-honest-R2","roomId":"mesh-room","perReceiver":2,"promoted":0,"absorbed":0,"stunLossBps":"0","msg":"canary verify round classified (hermetic half — synthetic capture, STUN read live)"}
[90mstdout[2m | apps/validator-daemon/src/canary/__tests__/mesh-byzantine.test.ts[2m > [22m[2mREQ-RMS-017 — Byzantine under-server attributed to R via the SHIPPED canary pipeline[2m > [22m[2mthe per-relay accumulator isolates R from R2 (R2 has zero drops, never crosses the bound)
[22m[39m{"timestamp":"2026-06-22T06:17:50.155Z","level":"INFO","source":"frontend","module":"webrtc/sframe-transform","message":"encrypted frame","context":{"kid":9,"ctr":0,"byteLength":62,"codecOffset":10}}

[90mstdout[2m | apps/validator-daemon/src/canary/__tests__/mesh-byzantine.test.ts[2m > [22m[2mREQ-RMS-017 — Byzantine under-server attributed to R via the SHIPPED canary pipeline[2m > [22m[2mthe per-relay accumulator isolates R from R2 (R2 has zero drops, never crosses the bound)
[22m[39m{"timestamp":"2026-06-22T06:17:50.156Z","level":"INFO","source":"frontend","module":"webrtc/sframe-transform","message":"encrypted frame","context":{"kid":9,"ctr":1,"byteLength":62,"codecOffset":10}}

[90mstdout[2m | apps/validator-daemon/src/canary/__tests__/mesh-byzantine.test.ts[2m > [22m[2mREQ-RMS-017 — Byzantine under-server attributed to R via the SHIPPED canary pipeline[2m > [22m[2mthe per-relay accumulator isolates R from R2 (R2 has zero drops, never crosses the bound)
[22m[39m{"timestamp":"2026-06-22T06:17:50.157Z","level":"INFO","source":"frontend","module":"webrtc/sframe-transform","message":"encrypted frame","context":{"kid":9,"ctr":2,"byteLength":62,"codecOffset":10}}

[90mstdout[2m | apps/validator-daemon/src/canary/__tests__/mesh-byzantine.test.ts[2m > [22m[2mREQ-RMS-017 — Byzantine under-server attributed to R via the SHIPPED canary pipeline[2m > [22m[2mthe per-relay accumulator isolates R from R2 (R2 has zero drops, never crosses the bound)
[22m[39m{"timestamp":"2026-06-22T06:17:50.157Z","level":"INFO","source":"frontend","module":"webrtc/sframe-transform","message":"encrypted frame","context":{"kid":9,"ctr":3,"byteLength":62,"codecOffset":10}}

[90mstdout[2m | apps/validator-daemon/src/canary/__tests__/mesh-byzantine.test.ts[2m > [22m[2mREQ-RMS-017 — Byzantine under-server attributed to R via the SHIPPED canary pipeline[2m > [22m[2mthe per-relay accumulator isolates R from R2 (R2 has zero drops, never crosses the bound)
[22m[39m{"timestamp":"2026-06-22T06:17:50.157Z","level":"INFO","source":"frontend","module":"webrtc/sframe-transform","message":"encrypted frame","context":{"kid":9,"ctr":4,"byteLength":62,"codecOffset":10}}

[90mstdout[2m | apps/validator-daemon/src/canary/__tests__/mesh-byzantine.test.ts[2m > [22m[2mREQ-RMS-017 — Byzantine under-server attributed to R via the SHIPPED canary pipeline[2m > [22m[2mthe per-relay accumulator isolates R from R2 (R2 has zero drops, never crosses the bound)
[22m[39m{"timestamp":"2026-06-22T06:17:50.158Z","level":"INFO","source":"frontend","module":"webrtc/sframe-transform","message":"encrypted frame","context":{"kid":9,"ctr":6,"byteLength":62,"codecOffset":10}}

[90mstdout[2m | apps/validator-daemon/src/canary/__tests__/mesh-byzantine.test.ts[2m > [22m[2mREQ-RMS-017 — Byzantine under-server attributed to R via the SHIPPED canary pipeline[2m > [22m[2mthe per-relay accumulator isolates R from R2 (R2 has zero drops, never crosses the bound)
[22m[39m{"timestamp":"2026-06-22T06:17:50.158Z","level":"INFO","source":"frontend","module":"webrtc/sframe-transform","message":"encrypted frame","context":{"kid":9,"ctr":7,"byteLength":62,"codecOffset":10}}

[90mstdout[2m | apps/validator-daemon/src/canary/__tests__/mesh-byzantine.test.ts[2m > [22m[2mREQ-RMS-017 — Byzantine under-server attributed to R via the SHIPPED canary pipeline[2m > [22m[2mthe per-relay accumulator isolates R from R2 (R2 has zero drops, never crosses the bound)
[22m[39m{"timestamp":"2026-06-22T06:17:50.159Z","level":"INFO","source":"frontend","module":"webrtc/sframe-transform","message":"encrypted frame","context":{"kid":9,"ctr":0,"byteLength":62,"codecOffset":10}}

[90mstdout[2m | apps/validator-daemon/src/canary/__tests__/mesh-byzantine.test.ts[2m > [22m[2mREQ-RMS-017 — Byzantine under-server attributed to R via the SHIPPED canary pipeline[2m > [22m[2mthe per-relay accumulator isolates R from R2 (R2 has zero drops, never crosses the bound)
[22m[39m{"timestamp":"2026-06-22T06:17:50.159Z","level":"INFO","source":"frontend","module":"webrtc/sframe-transform","message":"encrypted frame","context":{"kid":9,"ctr":1,"byteLength":62,"codecOffset":10}}

[90mstdout[2m | apps/validator-daemon/src/canary/__tests__/mesh-byzantine.test.ts[2m > [22m[2mREQ-RMS-017 — Byzantine under-server attributed to R via the SHIPPED canary pipeline[2m > [22m[2mthe per-relay accumulator isolates R from R2 (R2 has zero drops, never crosses the bound)
[22m[39m{"timestamp":"2026-06-22T06:17:50.159Z","level":"INFO","source":"frontend","module":"webrtc/sframe-transform","message":"encrypted frame","context":{"kid":9,"ctr":2,"byteLength":62,"codecOffset":10}}

[90mstdout[2m | apps/validator-daemon/src/canary/__tests__/mesh-byzantine.test.ts[2m > [22m[2mREQ-RMS-017 — Byzantine under-server attributed to R via the SHIPPED canary pipeline[2m > [22m[2mthe per-relay accumulator isolates R from R2 (R2 has zero drops, never crosses the bound)
[22m[39m{"timestamp":"2026-06-22T06:17:50.160Z","level":"INFO","source":"frontend","module":"webrtc/sframe-transform","message":"encrypted frame","context":{"kid":9,"ctr":3,"byteLength":62,"codecOffset":10}}

[90mstdout[2m | apps/validator-daemon/src/canary/__tests__/mesh-byzantine.test.ts[2m > [22m[2mREQ-RMS-017 — Byzantine under-server attributed to R via the SHIPPED canary pipeline[2m > [22m[2mthe per-relay accumulator isolates R from R2 (R2 has zero drops, never crosses the bound)
[22m[39m{"timestamp":"2026-06-22T06:17:50.160Z","level":"INFO","source":"frontend","module":"webrtc/sframe-transform","message":"encrypted frame","context":{"kid":9,"ctr":4,"byteLength":62,"codecOffset":10}}

[90mstdout[2m | apps/validator-daemon/src/canary/__tests__/mesh-byzantine.test.ts[2m > [22m[2mREQ-RMS-017 — Byzantine under-server attributed to R via the SHIPPED canary pipeline[2m > [22m[2mthe per-relay accumulator isolates R from R2 (R2 has zero drops, never crosses the bound)
[22m[39m{"timestamp":"2026-06-22T06:17:50.161Z","level":"INFO","source":"frontend","module":"webrtc/sframe-transform","message":"encrypted frame","context":{"kid":9,"ctr":5,"byteLength":62,"codecOffset":10}}

[90mstdout[2m | apps/validator-daemon/src/canary/__tests__/mesh-byzantine.test.ts[2m > [22m[2mREQ-RMS-017 — Byzantine under-server attributed to R via the SHIPPED canary pipeline[2m > [22m[2mthe per-relay accumulator isolates R from R2 (R2 has zero drops, never crosses the bound)
[22m[39m{"timestamp":"2026-06-22T06:17:50.161Z","level":"INFO","source":"frontend","module":"webrtc/sframe-transform","message":"encrypted frame","context":{"kid":9,"ctr":6,"byteLength":62,"codecOffset":10}}

[90mstdout[2m | apps/validator-daemon/src/canary/__tests__/mesh-byzantine.test.ts[2m > [22m[2mREQ-RMS-017 — Byzantine under-server attributed to R via the SHIPPED canary pipeline[2m > [22m[2mthe per-relay accumulator isolates R from R2 (R2 has zero drops, never crosses the bound)
[22m[39m{"timestamp":"2026-06-22T06:17:50.161Z","level":"INFO","source":"frontend","module":"webrtc/sframe-transform","message":"encrypted frame","context":{"kid":9,"ctr":7,"byteLength":62,"codecOffset":10}}

{"level":30,"time":1782109070162,"pid":5904,"hostname":"Quang","name":"canary/verifier","canaryKid":9,"mediaPackets":7,"byteIdentical":7,"divergences":1,"msg":"canary forwarding verified"}
[90mstdout[2m | apps/validator-daemon/src/canary/__tests__/mesh-byzantine.test.ts[2m > [22m[2mREQ-RMS-017 — Byzantine under-server attributed to R via the SHIPPED canary pipeline[2m > [22m[2mthe per-relay accumulator isolates R from R2 (R2 has zero drops, never crosses the bound)
[22m[39m{"timestamp":"2026-06-22T06:17:50.162Z","level":"INFO","source":"frontend","module":"webrtc/sframe-transform","message":"encrypted frame","context":{"kid":9,"ctr":0,"byteLength":62,"codecOffset":10}}

[90mstdout[2m | apps/validator-daemon/src/canary/__tests__/mesh-byzantine.test.ts[2m > [22m[2mREQ-RMS-017 — Byzantine under-server attributed to R via the SHIPPED canary pipeline[2m > [22m[2mthe per-relay accumulator isolates R from R2 (R2 has zero drops, never crosses the bound)
[22m[39m{"timestamp":"2026-06-22T06:17:50.162Z","level":"INFO","source":"frontend","module":"webrtc/sframe-transform","message":"encrypted frame","context":{"kid":9,"ctr":1,"byteLength":62,"codecOffset":10}}

[90mstdout[2m | apps/validator-daemon/src/canary/__tests__/mesh-byzantine.test.ts[2m > [22m[2mREQ-RMS-017 — Byzantine under-server attributed to R via the SHIPPED canary pipeline[2m > [22m[2mthe per-relay accumulator isolates R from R2 (R2 has zero drops, never crosses the bound)
[22m[39m{"timestamp":"2026-06-22T06:17:50.163Z","level":"INFO","source":"frontend","module":"webrtc/sframe-transform","message":"encrypted frame","context":{"kid":9,"ctr":2,"byteLength":62,"codecOffset":10}}

[90mstdout[2m | apps/validator-daemon/src/canary/__tests__/mesh-byzantine.test.ts[2m > [22m[2mREQ-RMS-017 — Byzantine under-server attributed to R via the SHIPPED canary pipeline[2m > [22m[2mthe per-relay accumulator isolates R from R2 (R2 has zero drops, never crosses the bound)
[22m[39m{"timestamp":"2026-06-22T06:17:50.163Z","level":"INFO","source":"frontend","module":"webrtc/sframe-transform","message":"encrypted frame","context":{"kid":9,"ctr":3,"byteLength":62,"codecOffset":10}}

[90mstdout[2m | apps/validator-daemon/src/canary/__tests__/mesh-byzantine.test.ts[2m > [22m[2mREQ-RMS-017 — Byzantine under-server attributed to R via the SHIPPED canary pipeline[2m > [22m[2mthe per-relay accumulator isolates R from R2 (R2 has zero drops, never crosses the bound)
[22m[39m{"timestamp":"2026-06-22T06:17:50.164Z","level":"INFO","source":"frontend","module":"webrtc/sframe-transform","message":"encrypted frame","context":{"kid":9,"ctr":4,"byteLength":62,"codecOffset":10}}

[90mstdout[2m | apps/validator-daemon/src/canary/__tests__/mesh-byzantine.test.ts[2m > [22m[2mREQ-RMS-017 — Byzantine under-server attributed to R via the SHIPPED canary pipeline[2m > [22m[2mthe per-relay accumulator isolates R from R2 (R2 has zero drops, never crosses the bound)
[22m[39m{"timestamp":"2026-06-22T06:17:50.164Z","level":"INFO","source":"frontend","module":"webrtc/sframe-transform","message":"encrypted frame","context":{"kid":9,"ctr":5,"byteLength":62,"codecOffset":10}}

[90mstdout[2m | apps/validator-daemon/src/canary/__tests__/mesh-byzantine.test.ts[2m > [22m[2mREQ-RMS-017 — Byzantine under-server attributed to R via the SHIPPED canary pipeline[2m > [22m[2mthe per-relay accumulator isolates R from R2 (R2 has zero drops, never crosses the bound)
[22m[39m{"timestamp":"2026-06-22T06:17:50.165Z","level":"INFO","source":"frontend","module":"webrtc/sframe-transform","message":"encrypted frame","context":{"kid":9,"ctr":6,"byteLength":62,"codecOffset":10}}

[90mstdout[2m | apps/validator-daemon/src/canary/__tests__/mesh-byzantine.test.ts[2m > [22m[2mREQ-RMS-017 — Byzantine under-server attributed to R via the SHIPPED canary pipeline[2m > [22m[2mthe per-relay accumulator isolates R from R2 (R2 has zero drops, never crosses the bound)
[22m[39m{"timestamp":"2026-06-22T06:17:50.165Z","level":"INFO","source":"frontend","module":"webrtc/sframe-transform","message":"encrypted frame","context":{"kid":9,"ctr":7,"byteLength":62,"codecOffset":10}}

{"level":30,"time":1782109070165,"pid":5904,"hostname":"Quang","name":"canary/verifier","canaryKid":9,"mediaPackets":7,"byteIdentical":7,"divergences":1,"msg":"canary forwarding verified"}
{"level":30,"time":1782109070165,"pid":5904,"hostname":"Quang","name":"canary/loss-classifier","relayMinerId":"relay-byzantine-R","promoted":0,"absorbed":1,"tampers":0,"cumulativeCrossed":false,"msg":"canary divergences classified (drop gate / tamper p=1)"}
{"level":30,"time":1782109070165,"pid":5904,"hostname":"Quang","name":"canary/verify-loop","round":2,"relayMinerId":"relay-byzantine-R","roomId":"mesh-room","perReceiver":2,"promoted":0,"absorbed":1,"stunLossBps":"0","msg":"canary verify round classified (hermetic half — synthetic capture, STUN read live)"}
[90mstdout[2m | apps/validator-daemon/src/canary/__tests__/mesh-byzantine.test.ts[2m > [22m[2mREQ-RMS-017 — Byzantine under-server attributed to R via the SHIPPED canary pipeline[2m > [22m[2mthe per-relay accumulator isolates R from R2 (R2 has zero drops, never crosses the bound)
[22m[39m{"timestamp":"2026-06-22T06:17:50.166Z","level":"INFO","source":"frontend","module":"webrtc/sframe-transform","message":"encrypted frame","context":{"kid":9,"ctr":0,"byteLength":62,"codecOffset":10}}

[90mstdout[2m | apps/validator-daemon/src/canary/__tests__/mesh-byzantine.test.ts[2m > [22m[2mREQ-RMS-017 — Byzantine under-server attributed to R via the SHIPPED canary pipeline[2m > [22m[2mthe per-relay accumulator isolates R from R2 (R2 has zero drops, never crosses the bound)
[22m[39m{"timestamp":"2026-06-22T06:17:50.166Z","level":"INFO","source":"frontend","module":"webrtc/sframe-transform","message":"encrypted frame","context":{"kid":9,"ctr":1,"byteLength":62,"codecOffset":10}}

[90mstdout[2m | apps/validator-daemon/src/canary/__tests__/mesh-byzantine.test.ts[2m > [22m[2mREQ-RMS-017 — Byzantine under-server attributed to R via the SHIPPED canary pipeline[2m > [22m[2mthe per-relay accumulator isolates R from R2 (R2 has zero drops, never crosses the bound)
[22m[39m{"timestamp":"2026-06-22T06:17:50.166Z","level":"INFO","source":"frontend","module":"webrtc/sframe-transform","message":"encrypted frame","context":{"kid":9,"ctr":2,"byteLength":62,"codecOffset":10}}

[90mstdout[2m | apps/validator-daemon/src/canary/__tests__/mesh-byzantine.test.ts[2m > [22m[2mREQ-RMS-017 — Byzantine under-server attributed to R via the SHIPPED canary pipeline[2m > [22m[2mthe per-relay accumulator isolates R from R2 (R2 has zero drops, never crosses the bound)
[22m[39m{"timestamp":"2026-06-22T06:17:50.167Z","level":"INFO","source":"frontend","module":"webrtc/sframe-transform","message":"encrypted frame","context":{"kid":9,"ctr":3,"byteLength":62,"codecOffset":10}}

[90mstdout[2m | apps/validator-daemon/src/canary/__tests__/mesh-byzantine.test.ts[2m > [22m[2mREQ-RMS-017 — Byzantine under-server attributed to R via the SHIPPED canary pipeline[2m > [22m[2mthe per-relay accumulator isolates R from R2 (R2 has zero drops, never crosses the bound)
[22m[39m{"timestamp":"2026-06-22T06:17:50.168Z","level":"INFO","source":"frontend","module":"webrtc/sframe-transform","message":"encrypted frame","context":{"kid":9,"ctr":4,"byteLength":62,"codecOffset":10}}

[90mstdout[2m | apps/validator-daemon/src/canary/__tests__/mesh-byzantine.test.ts[2m > [22m[2mREQ-RMS-017 — Byzantine under-server attributed to R via the SHIPPED canary pipeline[2m > [22m[2mthe per-relay accumulator isolates R from R2 (R2 has zero drops, never crosses the bound)
[22m[39m{"timestamp":"2026-06-22T06:17:50.168Z","level":"INFO","source":"frontend","module":"webrtc/sframe-transform","message":"encrypted frame","context":{"kid":9,"ctr":5,"byteLength":62,"codecOffset":10}}

[90mstdout[2m | apps/validator-daemon/src/canary/__tests__/mesh-byzantine.test.ts[2m > [22m[2mREQ-RMS-017 — Byzantine under-server attributed to R via the SHIPPED canary pipeline[2m > [22m[2mthe per-relay accumulator isolates R from R2 (R2 has zero drops, never crosses the bound)
[22m[39m{"timestamp":"2026-06-22T06:17:50.169Z","level":"INFO","source":"frontend","module":"webrtc/sframe-transform","message":"encrypted frame","context":{"kid":9,"ctr":6,"byteLength":62,"codecOffset":10}}

[90mstdout[2m | apps/validator-daemon/src/canary/__tests__/mesh-byzantine.test.ts[2m > [22m[2mREQ-RMS-017 — Byzantine under-server attributed to R via the SHIPPED canary pipeline[2m > [22m[2mthe per-relay accumulator isolates R from R2 (R2 has zero drops, never crosses the bound)
[22m[39m{"timestamp":"2026-06-22T06:17:50.169Z","level":"INFO","source":"frontend","module":"webrtc/sframe-transform","message":"encrypted frame","context":{"kid":9,"ctr":7,"byteLength":62,"codecOffset":10}}

[90mstdout[2m | apps/validator-daemon/src/canary/__tests__/mesh-byzantine.test.ts[2m > [22m[2mREQ-RMS-017 — Byzantine under-server attributed to R via the SHIPPED canary pipeline[2m > [22m[2mthe per-relay accumulator isolates R from R2 (R2 has zero drops, never crosses the bound)
[22m[39m{"timestamp":"2026-06-22T06:17:50.170Z","level":"INFO","source":"frontend","module":"webrtc/sframe-transform","message":"encrypted frame","context":{"kid":9,"ctr":0,"byteLength":62,"codecOffset":10}}

[90mstdout[2m | apps/validator-daemon/src/canary/__tests__/mesh-byzantine.test.ts[2m > [22m[2mREQ-RMS-017 — Byzantine under-server attributed to R via the SHIPPED canary pipeline[2m > [22m[2mthe per-relay accumulator isolates R from R2 (R2 has zero drops, never crosses the bound)
[22m[39m{"timestamp":"2026-06-22T06:17:50.171Z","level":"INFO","source":"frontend","module":"webrtc/sframe-transform","message":"encrypted frame","context":{"kid":9,"ctr":1,"byteLength":62,"codecOffset":10}}

[90mstdout[2m | apps/validator-daemon/src/canary/__tests__/mesh-byzantine.test.ts[2m > [22m[2mREQ-RMS-017 — Byzantine under-server attributed to R via the SHIPPED canary pipeline[2m > [22m[2mthe per-relay accumulator isolates R from R2 (R2 has zero drops, never crosses the bound)
[22m[39m{"timestamp":"2026-06-22T06:17:50.171Z","level":"INFO","source":"frontend","module":"webrtc/sframe-transform","message":"encrypted frame","context":{"kid":9,"ctr":2,"byteLength":62,"codecOffset":10}}

[90mstdout[2m | apps/validator-daemon/src/canary/__tests__/mesh-byzantine.test.ts[2m > [22m[2mREQ-RMS-017 — Byzantine under-server attributed to R via the SHIPPED canary pipeline[2m > [22m[2mthe per-relay accumulator isolates R from R2 (R2 has zero drops, never crosses the bound)
[22m[39m{"timestamp":"2026-06-22T06:17:50.172Z","level":"INFO","source":"frontend","module":"webrtc/sframe-transform","message":"encrypted frame","context":{"kid":9,"ctr":3,"byteLength":62,"codecOffset":10}}

[90mstdout[2m | apps/validator-daemon/src/canary/__tests__/mesh-byzantine.test.ts[2m > [22m[2mREQ-RMS-017 — Byzantine under-server attributed to R via the SHIPPED canary pipeline[2m > [22m[2mthe per-relay accumulator isolates R from R2 (R2 has zero drops, never crosses the bound)
[22m[39m{"timestamp":"2026-06-22T06:17:50.172Z","level":"INFO","source":"frontend","module":"webrtc/sframe-transform","message":"encrypted frame","context":{"kid":9,"ctr":4,"byteLength":62,"codecOffset":10}}

[90mstdout[2m | apps/validator-daemon/src/canary/__tests__/mesh-byzantine.test.ts[2m > [22m[2mREQ-RMS-017 — Byzantine under-server attributed to R via the SHIPPED canary pipeline[2m > [22m[2mthe per-relay accumulator isolates R from R2 (R2 has zero drops, never crosses the bound)
[22m[39m{"timestamp":"2026-06-22T06:17:50.173Z","level":"INFO","source":"frontend","module":"webrtc/sframe-transform","message":"encrypted frame","context":{"kid":9,"ctr":5,"byteLength":62,"codecOffset":10}}

[90mstdout[2m | apps/validator-daemon/src/canary/__tests__/mesh-byzantine.test.ts[2m > [22m[2mREQ-RMS-017 — Byzantine under-server attributed to R via the SHIPPED canary pipeline[2m > [22m[2mthe per-relay accumulator isolates R from R2 (R2 has zero drops, never crosses the bound)
[22m[39m{"timestamp":"2026-06-22T06:17:50.173Z","level":"INFO","source":"frontend","module":"webrtc/sframe-transform","message":"encrypted frame","context":{"kid":9,"ctr":6,"byteLength":62,"codecOffset":10}}

[90mstdout[2m | apps/validator-daemon/src/canary/__tests__/mesh-byzantine.test.ts[2m > [22m[2mREQ-RMS-017 — Byzantine under-server attributed to R via the SHIPPED canary pipeline[2m > [22m[2mthe per-relay accumulator isolates R from R2 (R2 has zero drops, never crosses the bound)
[22m[39m{"timestamp":"2026-06-22T06:17:50.174Z","level":"INFO","source":"frontend","module":"webrtc/sframe-transform","message":"encrypted frame","context":{"kid":9,"ctr":7,"byteLength":62,"codecOffset":10}}

{"level":30,"time":1782109070174,"pid":5904,"hostname":"Quang","name":"canary/verifier","canaryKid":9,"mediaPackets":8,"byteIdentical":8,"divergences":0,"msg":"canary forwarding verified"}
[90mstdout[2m | apps/validator-daemon/src/canary/__tests__/mesh-byzantine.test.ts[2m > [22m[2mREQ-RMS-017 — Byzantine under-server attributed to R via the SHIPPED canary pipeline[2m > [22m[2mthe per-relay accumulator isolates R from R2 (R2 has zero drops, never crosses the bound)
[22m[39m{"timestamp":"2026-06-22T06:17:50.174Z","level":"INFO","source":"frontend","module":"webrtc/sframe-transform","message":"encrypted frame","context":{"kid":9,"ctr":0,"byteLength":62,"codecOffset":10}}

[90mstdout[2m | apps/validator-daemon/src/canary/__tests__/mesh-byzantine.test.ts[2m > [22m[2mREQ-RMS-017 — Byzantine under-server attributed to R via the SHIPPED canary pipeline[2m > [22m[2mthe per-relay accumulator isolates R from R2 (R2 has zero drops, never crosses the bound)
[22m[39m{"timestamp":"2026-06-22T06:17:50.175Z","level":"INFO","source":"frontend","module":"webrtc/sframe-transform","message":"encrypted frame","context":{"kid":9,"ctr":1,"byteLength":62,"codecOffset":10}}

[90mstdout[2m | apps/validator-daemon/src/canary/__tests__/mesh-byzantine.test.ts[2m > [22m[2mREQ-RMS-017 — Byzantine under-server attributed to R via the SHIPPED canary pipeline[2m > [22m[2mthe per-relay accumulator isolates R from R2 (R2 has zero drops, never crosses the bound)
[22m[39m{"timestamp":"2026-06-22T06:17:50.175Z","level":"INFO","source":"frontend","module":"webrtc/sframe-transform","message":"encrypted frame","context":{"kid":9,"ctr":2,"byteLength":62,"codecOffset":10}}

[90mstdout[2m | apps/validator-daemon/src/canary/__tests__/mesh-byzantine.test.ts[2m > [22m[2mREQ-RMS-017 — Byzantine under-server attributed to R via the SHIPPED canary pipeline[2m > [22m[2mthe per-relay accumulator isolates R from R2 (R2 has zero drops, never crosses the bound)
[22m[39m{"timestamp":"2026-06-22T06:17:50.175Z","level":"INFO","source":"frontend","module":"webrtc/sframe-transform","message":"encrypted frame","context":{"kid":9,"ctr":3,"byteLength":62,"codecOffset":10}}

[90mstdout[2m | apps/validator-daemon/src/canary/__tests__/mesh-byzantine.test.ts[2m > [22m[2mREQ-RMS-017 — Byzantine under-server attributed to R via the SHIPPED canary pipeline[2m > [22m[2mthe per-relay accumulator isolates R from R2 (R2 has zero drops, never crosses the bound)
[22m[39m{"timestamp":"2026-06-22T06:17:50.176Z","level":"INFO","source":"frontend","module":"webrtc/sframe-transform","message":"encrypted frame","context":{"kid":9,"ctr":4,"byteLength":62,"codecOffset":10}}

[90mstdout[2m | apps/validator-daemon/src/canary/__tests__/mesh-byzantine.test.ts[2m > [22m[2mREQ-RMS-017 — Byzantine under-server attributed to R via the SHIPPED canary pipeline[2m > [22m[2mthe per-relay accumulator isolates R from R2 (R2 has zero drops, never crosses the bound)
[22m[39m{"timestamp":"2026-06-22T06:17:50.176Z","level":"INFO","source":"frontend","module":"webrtc/sframe-transform","message":"encrypted frame","context":{"kid":9,"ctr":5,"byteLength":62,"codecOffset":10}}

[90mstdout[2m | apps/validator-daemon/src/canary/__tests__/mesh-byzantine.test.ts[2m > [22m[2mREQ-RMS-017 — Byzantine under-server attributed to R via the SHIPPED canary pipeline[2m > [22m[2mthe per-relay accumulator isolates R from R2 (R2 has zero drops, never crosses the bound)
[22m[39m{"timestamp":"2026-06-22T06:17:50.177Z","level":"INFO","source":"frontend","module":"webrtc/sframe-transform","message":"encrypted frame","context":{"kid":9,"ctr":6,"byteLength":62,"codecOffset":10}}

[90mstdout[2m | apps/validator-daemon/src/canary/__tests__/mesh-byzantine.test.ts[2m > [22m[2mREQ-RMS-017 — Byzantine under-server attributed to R via the SHIPPED canary pipeline[2m > [22m[2mthe per-relay accumulator isolates R from R2 (R2 has zero drops, never crosses the bound)
[22m[39m{"timestamp":"2026-06-22T06:17:50.177Z","level":"INFO","source":"frontend","module":"webrtc/sframe-transform","message":"encrypted frame","context":{"kid":9,"ctr":7,"byteLength":62,"codecOffset":10}}

{"level":30,"time":1782109070177,"pid":5904,"hostname":"Quang","name":"canary/verifier","canaryKid":9,"mediaPackets":8,"byteIdentical":8,"divergences":0,"msg":"canary forwarding verified"}
{"level":30,"time":1782109070177,"pid":5904,"hostname":"Quang","name":"canary/loss-classifier","relayMinerId":"relay-honest-R2","promoted":0,"absorbed":0,"tampers":0,"cumulativeCrossed":false,"msg":"canary divergences classified (drop gate / tamper p=1)"}
{"level":30,"time":1782109070177,"pid":5904,"hostname":"Quang","name":"canary/verify-loop","round":2,"relayMinerId":"relay-honest-R2","roomId":"mesh-room","perReceiver":2,"promoted":0,"absorbed":0,"stunLossBps":"0","msg":"canary verify round classified (hermetic half — synthetic capture, STUN read live)"}
[90mstdout[2m | apps/validator-daemon/src/canary/__tests__/mesh-byzantine.test.ts[2m > [22m[2mREQ-RMS-017 — Byzantine under-server attributed to R via the SHIPPED canary pipeline[2m > [22m[2mthe per-relay accumulator isolates R from R2 (R2 has zero drops, never crosses the bound)
[22m[39m{"timestamp":"2026-06-22T06:17:50.178Z","level":"INFO","source":"frontend","module":"webrtc/sframe-transform","message":"encrypted frame","context":{"kid":9,"ctr":0,"byteLength":62,"codecOffset":10}}

[90mstdout[2m | apps/validator-daemon/src/canary/__tests__/mesh-byzantine.test.ts[2m > [22m[2mREQ-RMS-017 — Byzantine under-server attributed to R via the SHIPPED canary pipeline[2m > [22m[2mthe per-relay accumulator isolates R from R2 (R2 has zero drops, never crosses the bound)
[22m[39m{"timestamp":"2026-06-22T06:17:50.178Z","level":"INFO","source":"frontend","module":"webrtc/sframe-transform","message":"encrypted frame","context":{"kid":9,"ctr":1,"byteLength":62,"codecOffset":10}}

[90mstdout[2m | apps/validator-daemon/src/canary/__tests__/mesh-byzantine.test.ts[2m > [22m[2mREQ-RMS-017 — Byzantine under-server attributed to R via the SHIPPED canary pipeline[2m > [22m[2mthe per-relay accumulator isolates R from R2 (R2 has zero drops, never crosses the bound)
[22m[39m{"timestamp":"2026-06-22T06:17:50.179Z","level":"INFO","source":"frontend","module":"webrtc/sframe-transform","message":"encrypted frame","context":{"kid":9,"ctr":2,"byteLength":62,"codecOffset":10}}

[90mstdout[2m | apps/validator-daemon/src/canary/__tests__/mesh-byzantine.test.ts[2m > [22m[2mREQ-RMS-017 — Byzantine under-server attributed to R via the SHIPPED canary pipeline[2m > [22m[2mthe per-relay accumulator isolates R from R2 (R2 has zero drops, never crosses the bound)
[22m[39m{"timestamp":"2026-06-22T06:17:50.179Z","level":"INFO","source":"frontend","module":"webrtc/sframe-transform","message":"encrypted frame","context":{"kid":9,"ctr":3,"byteLength":62,"codecOffset":10}}

[90mstdout[2m | apps/validator-daemon/src/canary/__tests__/mesh-byzantine.test.ts[2m > [22m[2mREQ-RMS-017 — Byzantine under-server attributed to R via the SHIPPED canary pipeline[2m > [22m[2mthe per-relay accumulator isolates R from R2 (R2 has zero drops, never crosses the bound)
[22m[39m{"timestamp":"2026-06-22T06:17:50.180Z","level":"INFO","source":"frontend","module":"webrtc/sframe-transform","message":"encrypted frame","context":{"kid":9,"ctr":4,"byteLength":62,"codecOffset":10}}

[90mstdout[2m | apps/validator-daemon/src/canary/__tests__/mesh-byzantine.test.ts[2m > [22m[2mREQ-RMS-017 — Byzantine under-server attributed to R via the SHIPPED canary pipeline[2m > [22m[2mthe per-relay accumulator isolates R from R2 (R2 has zero drops, never crosses the bound)
[22m[39m{"timestamp":"2026-06-22T06:17:50.180Z","level":"INFO","source":"frontend","module":"webrtc/sframe-transform","message":"encrypted frame","context":{"kid":9,"ctr":6,"byteLength":62,"codecOffset":10}}

[90mstdout[2m | apps/validator-daemon/src/canary/__tests__/mesh-byzantine.test.ts[2m > [22m[2mREQ-RMS-017 — Byzantine under-server attributed to R via the SHIPPED canary pipeline[2m > [22m[2mthe per-relay accumulator isolates R from R2 (R2 has zero drops, never crosses the bound)
[22m[39m{"timestamp":"2026-06-22T06:17:50.181Z","level":"INFO","source":"frontend","module":"webrtc/sframe-transform","message":"encrypted frame","context":{"kid":9,"ctr":7,"byteLength":62,"codecOffset":10}}

[90mstdout[2m | apps/validator-daemon/src/canary/__tests__/mesh-byzantine.test.ts[2m > [22m[2mREQ-RMS-017 — Byzantine under-server attributed to R via the SHIPPED canary pipeline[2m > [22m[2mthe per-relay accumulator isolates R from R2 (R2 has zero drops, never crosses the bound)
[22m[39m{"timestamp":"2026-06-22T06:17:50.181Z","level":"INFO","source":"frontend","module":"webrtc/sframe-transform","message":"encrypted frame","context":{"kid":9,"ctr":0,"byteLength":62,"codecOffset":10}}

[90mstdout[2m | apps/validator-daemon/src/canary/__tests__/mesh-byzantine.test.ts[2m > [22m[2mREQ-RMS-017 — Byzantine under-server attributed to R via the SHIPPED canary pipeline[2m > [22m[2mthe per-relay accumulator isolates R from R2 (R2 has zero drops, never crosses the bound)
[22m[39m{"timestamp":"2026-06-22T06:17:50.181Z","level":"INFO","source":"frontend","module":"webrtc/sframe-transform","message":"encrypted frame","context":{"kid":9,"ctr":1,"byteLength":62,"codecOffset":10}}

[90mstdout[2m | apps/validator-daemon/src/canary/__tests__/mesh-byzantine.test.ts[2m > [22m[2mREQ-RMS-017 — Byzantine under-server attributed to R via the SHIPPED canary pipeline[2m > [22m[2mthe per-relay accumulator isolates R from R2 (R2 has zero drops, never crosses the bound)
[22m[39m{"timestamp":"2026-06-22T06:17:50.182Z","level":"INFO","source":"frontend","module":"webrtc/sframe-transform","message":"encrypted frame","context":{"kid":9,"ctr":2,"byteLength":62,"codecOffset":10}}

[90mstdout[2m | apps/validator-daemon/src/canary/__tests__/mesh-byzantine.test.ts[2m > [22m[2mREQ-RMS-017 — Byzantine under-server attributed to R via the SHIPPED canary pipeline[2m > [22m[2mthe per-relay accumulator isolates R from R2 (R2 has zero drops, never crosses the bound)
[22m[39m{"timestamp":"2026-06-22T06:17:50.182Z","level":"INFO","source":"frontend","module":"webrtc/sframe-transform","message":"encrypted frame","context":{"kid":9,"ctr":3,"byteLength":62,"codecOffset":10}}

[90mstdout[2m | apps/validator-daemon/src/canary/__tests__/mesh-byzantine.test.ts[2m > [22m[2mREQ-RMS-017 — Byzantine under-server attributed to R via the SHIPPED canary pipeline[2m > [22m[2mthe per-relay accumulator isolates R from R2 (R2 has zero drops, never crosses the bound)
[22m[39m{"timestamp":"2026-06-22T06:17:50.183Z","level":"INFO","source":"frontend","module":"webrtc/sframe-transform","message":"encrypted frame","context":{"kid":9,"ctr":4,"byteLength":62,"codecOffset":10}}

[90mstdout[2m | apps/validator-daemon/src/canary/__tests__/mesh-byzantine.test.ts[2m > [22m[2mREQ-RMS-017 — Byzantine under-server attributed to R via the SHIPPED canary pipeline[2m > [22m[2mthe per-relay accumulator isolates R from R2 (R2 has zero drops, never crosses the bound)
[22m[39m{"timestamp":"2026-06-22T06:17:50.183Z","level":"INFO","source":"frontend","module":"webrtc/sframe-transform","message":"encrypted frame","context":{"kid":9,"ctr":5,"byteLength":62,"codecOffset":10}}

[90mstdout[2m | apps/validator-daemon/src/canary/__tests__/mesh-byzantine.test.ts[2m > [22m[2mREQ-RMS-017 — Byzantine under-server attributed to R via the SHIPPED canary pipeline[2m > [22m[2mthe per-relay accumulator isolates R from R2 (R2 has zero drops, never crosses the bound)
[22m[39m{"timestamp":"2026-06-22T06:17:50.184Z","level":"INFO","source":"frontend","module":"webrtc/sframe-transform","message":"encrypted frame","context":{"kid":9,"ctr":6,"byteLength":62,"codecOffset":10}}

[90mstdout[2m | apps/validator-daemon/src/canary/__tests__/mesh-byzantine.test.ts[2m > [22m[2mREQ-RMS-017 — Byzantine under-server attributed to R via the SHIPPED canary pipeline[2m > [22m[2mthe per-relay accumulator isolates R from R2 (R2 has zero drops, never crosses the bound)
[22m[39m{"timestamp":"2026-06-22T06:17:50.184Z","level":"INFO","source":"frontend","module":"webrtc/sframe-transform","message":"encrypted frame","context":{"kid":9,"ctr":7,"byteLength":62,"codecOffset":10}}

{"level":30,"time":1782109070184,"pid":5904,"hostname":"Quang","name":"canary/verifier","canaryKid":9,"mediaPackets":7,"byteIdentical":7,"divergences":1,"msg":"canary forwarding verified"}
[90mstdout[2m | apps/validator-daemon/src/canary/__tests__/mesh-byzantine.test.ts[2m > [22m[2mREQ-RMS-017 — Byzantine under-server attributed to R via the SHIPPED canary pipeline[2m > [22m[2mthe per-relay accumulator isolates R from R2 (R2 has zero drops, never crosses the bound)
[22m[39m{"timestamp":"2026-06-22T06:17:50.185Z","level":"INFO","source":"frontend","module":"webrtc/sframe-transform","message":"encrypted frame","context":{"kid":9,"ctr":0,"byteLength":62,"codecOffset":10}}

[90mstdout[2m | apps/validator-daemon/src/canary/__tests__/mesh-byzantine.test.ts[2m > [22m[2mREQ-RMS-017 — Byzantine under-server attributed to R via the SHIPPED canary pipeline[2m > [22m[2mthe per-relay accumulator isolates R from R2 (R2 has zero drops, never crosses the bound)
[22m[39m{"timestamp":"2026-06-22T06:17:50.185Z","level":"INFO","source":"frontend","module":"webrtc/sframe-transform","message":"encrypted frame","context":{"kid":9,"ctr":1,"byteLength":62,"codecOffset":10}}

[90mstdout[2m | apps/validator-daemon/src/canary/__tests__/mesh-byzantine.test.ts[2m > [22m[2mREQ-RMS-017 — Byzantine under-server attributed to R via the SHIPPED canary pipeline[2m > [22m[2mthe per-relay accumulator isolates R from R2 (R2 has zero drops, never crosses the bound)
[22m[39m{"timestamp":"2026-06-22T06:17:50.185Z","level":"INFO","source":"frontend","module":"webrtc/sframe-transform","message":"encrypted frame","context":{"kid":9,"ctr":2,"byteLength":62,"codecOffset":10}}

[90mstdout[2m | apps/validator-daemon/src/canary/__tests__/mesh-byzantine.test.ts[2m > [22m[2mREQ-RMS-017 — Byzantine under-server attributed to R via the SHIPPED canary pipeline[2m > [22m[2mthe per-relay accumulator isolates R from R2 (R2 has zero drops, never crosses the bound)
[22m[39m{"timestamp":"2026-06-22T06:17:50.186Z","level":"INFO","source":"frontend","module":"webrtc/sframe-transform","message":"encrypted frame","context":{"kid":9,"ctr":3,"byteLength":62,"codecOffset":10}}

[90mstdout[2m | apps/validator-daemon/src/canary/__tests__/mesh-byzantine.test.ts[2m > [22m[2mREQ-RMS-017 — Byzantine under-server attributed to R via the SHIPPED canary pipeline[2m > [22m[2mthe per-relay accumulator isolates R from R2 (R2 has zero drops, never crosses the bound)
[22m[39m{"timestamp":"2026-06-22T06:17:50.186Z","level":"INFO","source":"frontend","module":"webrtc/sframe-transform","message":"encrypted frame","context":{"kid":9,"ctr":4,"byteLength":62,"codecOffset":10}}

[90mstdout[2m | apps/validator-daemon/src/canary/__tests__/mesh-byzantine.test.ts[2m > [22m[2mREQ-RMS-017 — Byzantine under-server attributed to R via the SHIPPED canary pipeline[2m > [22m[2mthe per-relay accumulator isolates R from R2 (R2 has zero drops, never crosses the bound)
[22m[39m{"timestamp":"2026-06-22T06:17:50.187Z","level":"INFO","source":"frontend","module":"webrtc/sframe-transform","message":"encrypted frame","context":{"kid":9,"ctr":5,"byteLength":62,"codecOffset":10}}

[90mstdout[2m | apps/validator-daemon/src/canary/__tests__/mesh-byzantine.test.ts[2m > [22m[2mREQ-RMS-017 — Byzantine under-server attributed to R via the SHIPPED canary pipeline[2m > [22m[2mthe per-relay accumulator isolates R from R2 (R2 has zero drops, never crosses the bound)
[22m[39m{"timestamp":"2026-06-22T06:17:50.187Z","level":"INFO","source":"frontend","module":"webrtc/sframe-transform","message":"encrypted frame","context":{"kid":9,"ctr":6,"byteLength":62,"codecOffset":10}}

[90mstdout[2m | apps/validator-daemon/src/canary/__tests__/mesh-byzantine.test.ts[2m > [22m[2mREQ-RMS-017 — Byzantine under-server attributed to R via the SHIPPED canary pipeline[2m > [22m[2mthe per-relay accumulator isolates R from R2 (R2 has zero drops, never crosses the bound)
[22m[39m{"timestamp":"2026-06-22T06:17:50.188Z","level":"INFO","source":"frontend","module":"webrtc/sframe-transform","message":"encrypted frame","context":{"kid":9,"ctr":7,"byteLength":62,"codecOffset":10}}

{"level":30,"time":1782109070188,"pid":5904,"hostname":"Quang","name":"canary/verifier","canaryKid":9,"mediaPackets":7,"byteIdentical":7,"divergences":1,"msg":"canary forwarding verified"}
{"level":30,"time":1782109070188,"pid":5904,"hostname":"Quang","name":"canary/loss-classifier","relayMinerId":"relay-byzantine-R","promoted":0,"absorbed":1,"tampers":0,"cumulativeCrossed":false,"msg":"canary divergences classified (drop gate / tamper p=1)"}
{"level":30,"time":1782109070188,"pid":5904,"hostname":"Quang","name":"canary/verify-loop","round":3,"relayMinerId":"relay-byzantine-R","roomId":"mesh-room","perReceiver":2,"promoted":0,"absorbed":1,"stunLossBps":"0","msg":"canary verify round classified (hermetic half — synthetic capture, STUN read live)"}
[90mstdout[2m | apps/validator-daemon/src/canary/__tests__/mesh-byzantine.test.ts[2m > [22m[2mREQ-RMS-017 — Byzantine under-server attributed to R via the SHIPPED canary pipeline[2m > [22m[2mthe per-relay accumulator isolates R from R2 (R2 has zero drops, never crosses the bound)
[22m[39m{"timestamp":"2026-06-22T06:17:50.188Z","level":"INFO","source":"frontend","module":"webrtc/sframe-transform","message":"encrypted frame","context":{"kid":9,"ctr":0,"byteLength":62,"codecOffset":10}}

[90mstdout[2m | apps/validator-daemon/src/canary/__tests__/mesh-byzantine.test.ts[2m > [22m[2mREQ-RMS-017 — Byzantine under-server attributed to R via the SHIPPED canary pipeline[2m > [22m[2mthe per-relay accumulator isolates R from R2 (R2 has zero drops, never crosses the bound)
[22m[39m{"timestamp":"2026-06-22T06:17:50.189Z","level":"INFO","source":"frontend","module":"webrtc/sframe-transform","message":"encrypted frame","context":{"kid":9,"ctr":1,"byteLength":62,"codecOffset":10}}

[90mstdout[2m | apps/validator-daemon/src/canary/__tests__/mesh-byzantine.test.ts[2m > [22m[2mREQ-RMS-017 — Byzantine under-server attributed to R via the SHIPPED canary pipeline[2m > [22m[2mthe per-relay accumulator isolates R from R2 (R2 has zero drops, never crosses the bound)
[22m[39m{"timestamp":"2026-06-22T06:17:50.191Z","level":"INFO","source":"frontend","module":"webrtc/sframe-transform","message":"encrypted frame","context":{"kid":9,"ctr":2,"byteLength":62,"codecOffset":10}}

[90mstdout[2m | apps/validator-daemon/src/canary/__tests__/mesh-byzantine.test.ts[2m > [22m[2mREQ-RMS-017 — Byzantine under-server attributed to R via the SHIPPED canary pipeline[2m > [22m[2mthe per-relay accumulator isolates R from R2 (R2 has zero drops, never crosses the bound)
[22m[39m{"timestamp":"2026-06-22T06:17:50.191Z","level":"INFO","source":"frontend","module":"webrtc/sframe-transform","message":"encrypted frame","context":{"kid":9,"ctr":3,"byteLength":62,"codecOffset":10}}

[90mstdout[2m | apps/validator-daemon/src/canary/__tests__/mesh-byzantine.test.ts[2m > [22m[2mREQ-RMS-017 — Byzantine under-server attributed to R via the SHIPPED canary pipeline[2m > [22m[2mthe per-relay accumulator isolates R from R2 (R2 has zero drops, never crosses the bound)
[22m[39m{"timestamp":"2026-06-22T06:17:50.192Z","level":"INFO","source":"frontend","module":"webrtc/sframe-transform","message":"encrypted frame","context":{"kid":9,"ctr":4,"byteLength":62,"codecOffset":10}}

[90mstdout[2m | apps/validator-daemon/src/canary/__tests__/mesh-byzantine.test.ts[2m > [22m[2mREQ-RMS-017 — Byzantine under-server attributed to R via the SHIPPED canary pipeline[2m > [22m[2mthe per-relay accumulator isolates R from R2 (R2 has zero drops, never crosses the bound)
[22m[39m{"timestamp":"2026-06-22T06:17:50.192Z","level":"INFO","source":"frontend","module":"webrtc/sframe-transform","message":"encrypted frame","context":{"kid":9,"ctr":5,"byteLength":62,"codecOffset":10}}

[90mstdout[2m | apps/validator-daemon/src/canary/__tests__/mesh-byzantine.test.ts[2m > [22m[2mREQ-RMS-017 — Byzantine under-server attributed to R via the SHIPPED canary pipeline[2m > [22m[2mthe per-relay accumulator isolates R from R2 (R2 has zero drops, never crosses the bound)
[22m[39m{"timestamp":"2026-06-22T06:17:50.192Z","level":"INFO","source":"frontend","module":"webrtc/sframe-transform","message":"encrypted frame","context":{"kid":9,"ctr":6,"byteLength":62,"codecOffset":10}}

[90mstdout[2m | apps/validator-daemon/src/canary/__tests__/mesh-byzantine.test.ts[2m > [22m[2mREQ-RMS-017 — Byzantine under-server attributed to R via the SHIPPED canary pipeline[2m > [22m[2mthe per-relay accumulator isolates R from R2 (R2 has zero drops, never crosses the bound)
[22m[39m{"timestamp":"2026-06-22T06:17:50.193Z","level":"INFO","source":"frontend","module":"webrtc/sframe-transform","message":"encrypted frame","context":{"kid":9,"ctr":7,"byteLength":62,"codecOffset":10}}

[90mstdout[2m | apps/validator-daemon/src/canary/__tests__/mesh-byzantine.test.ts[2m > [22m[2mREQ-RMS-017 — Byzantine under-server attributed to R via the SHIPPED canary pipeline[2m > [22m[2mthe per-relay accumulator isolates R from R2 (R2 has zero drops, never crosses the bound)
[22m[39m{"timestamp":"2026-06-22T06:17:50.193Z","level":"INFO","source":"frontend","module":"webrtc/sframe-transform","message":"encrypted frame","context":{"kid":9,"ctr":0,"byteLength":62,"codecOffset":10}}

[90mstdout[2m | apps/validator-daemon/src/canary/__tests__/mesh-byzantine.test.ts[2m > [22m[2mREQ-RMS-017 — Byzantine under-server attributed to R via the SHIPPED canary pipeline[2m > [22m[2mthe per-relay accumulator isolates R from R2 (R2 has zero drops, never crosses the bound)
[22m[39m{"timestamp":"2026-06-22T06:17:50.194Z","level":"INFO","source":"frontend","module":"webrtc/sframe-transform","message":"encrypted frame","context":{"kid":9,"ctr":1,"byteLength":62,"codecOffset":10}}

[90mstdout[2m | apps/validator-daemon/src/canary/__tests__/mesh-byzantine.test.ts[2m > [22m[2mREQ-RMS-017 — Byzantine under-server attributed to R via the SHIPPED canary pipeline[2m > [22m[2mthe per-relay accumulator isolates R from R2 (R2 has zero drops, never crosses the bound)
[22m[39m{"timestamp":"2026-06-22T06:17:50.194Z","level":"INFO","source":"frontend","module":"webrtc/sframe-transform","message":"encrypted frame","context":{"kid":9,"ctr":2,"byteLength":62,"codecOffset":10}}

[90mstdout[2m | apps/validator-daemon/src/canary/__tests__/mesh-byzantine.test.ts[2m > [22m[2mREQ-RMS-017 — Byzantine under-server attributed to R via the SHIPPED canary pipeline[2m > [22m[2mthe per-relay accumulator isolates R from R2 (R2 has zero drops, never crosses the bound)
[22m[39m{"timestamp":"2026-06-22T06:17:50.194Z","level":"INFO","source":"frontend","module":"webrtc/sframe-transform","message":"encrypted frame","context":{"kid":9,"ctr":3,"byteLength":62,"codecOffset":10}}

[90mstdout[2m | apps/validator-daemon/src/canary/__tests__/mesh-byzantine.test.ts[2m > [22m[2mREQ-RMS-017 — Byzantine under-server attributed to R via the SHIPPED canary pipeline[2m > [22m[2mthe per-relay accumulator isolates R from R2 (R2 has zero drops, never crosses the bound)
[22m[39m{"timestamp":"2026-06-22T06:17:50.195Z","level":"INFO","source":"frontend","module":"webrtc/sframe-transform","message":"encrypted frame","context":{"kid":9,"ctr":4,"byteLength":62,"codecOffset":10}}

[90mstdout[2m | apps/validator-daemon/src/canary/__tests__/mesh-byzantine.test.ts[2m > [22m[2mREQ-RMS-017 — Byzantine under-server attributed to R via the SHIPPED canary pipeline[2m > [22m[2mthe per-relay accumulator isolates R from R2 (R2 has zero drops, never crosses the bound)
[22m[39m{"timestamp":"2026-06-22T06:17:50.195Z","level":"INFO","source":"frontend","module":"webrtc/sframe-transform","message":"encrypted frame","context":{"kid":9,"ctr":5,"byteLength":62,"codecOffset":10}}

[90mstdout[2m | apps/validator-daemon/src/canary/__tests__/mesh-byzantine.test.ts[2m > [22m[2mREQ-RMS-017 — Byzantine under-server attributed to R via the SHIPPED canary pipeline[2m > [22m[2mthe per-relay accumulator isolates R from R2 (R2 has zero drops, never crosses the bound)
[22m[39m{"timestamp":"2026-06-22T06:17:50.196Z","level":"INFO","source":"frontend","module":"webrtc/sframe-transform","message":"encrypted frame","context":{"kid":9,"ctr":6,"byteLength":62,"codecOffset":10}}

[90mstdout[2m | apps/validator-daemon/src/canary/__tests__/mesh-byzantine.test.ts[2m > [22m[2mREQ-RMS-017 — Byzantine under-server attributed to R via the SHIPPED canary pipeline[2m > [22m[2mthe per-relay accumulator isolates R from R2 (R2 has zero drops, never crosses the bound)
[22m[39m{"timestamp":"2026-06-22T06:17:50.196Z","level":"INFO","source":"frontend","module":"webrtc/sframe-transform","message":"encrypted frame","context":{"kid":9,"ctr":7,"byteLength":62,"codecOffset":10}}

{"level":30,"time":1782109070196,"pid":5904,"hostname":"Quang","name":"canary/verifier","canaryKid":9,"mediaPackets":8,"byteIdentical":8,"divergences":0,"msg":"canary forwarding verified"}
[90mstdout[2m | apps/validator-daemon/src/canary/__tests__/mesh-byzantine.test.ts[2m > [22m[2mREQ-RMS-017 — Byzantine under-server attributed to R via the SHIPPED canary pipeline[2m > [22m[2mthe per-relay accumulator isolates R from R2 (R2 has zero drops, never crosses the bound)
[22m[39m{"timestamp":"2026-06-22T06:17:50.197Z","level":"INFO","source":"frontend","module":"webrtc/sframe-transform","message":"encrypted frame","context":{"kid":9,"ctr":0,"byteLength":62,"codecOffset":10}}

[90mstdout[2m | apps/validator-daemon/src/canary/__tests__/mesh-byzantine.test.ts[2m > [22m[2mREQ-RMS-017 — Byzantine under-server attributed to R via the SHIPPED canary pipeline[2m > [22m[2mthe per-relay accumulator isolates R from R2 (R2 has zero drops, never crosses the bound)
[22m[39m{"timestamp":"2026-06-22T06:17:50.197Z","level":"INFO","source":"frontend","module":"webrtc/sframe-transform","message":"encrypted frame","context":{"kid":9,"ctr":1,"byteLength":62,"codecOffset":10}}

[90mstdout[2m | apps/validator-daemon/src/canary/__tests__/mesh-byzantine.test.ts[2m > [22m[2mREQ-RMS-017 — Byzantine under-server attributed to R via the SHIPPED canary pipeline[2m > [22m[2mthe per-relay accumulator isolates R from R2 (R2 has zero drops, never crosses the bound)
[22m[39m{"timestamp":"2026-06-22T06:17:50.197Z","level":"INFO","source":"frontend","module":"webrtc/sframe-transform","message":"encrypted frame","context":{"kid":9,"ctr":2,"byteLength":62,"codecOffset":10}}

[90mstdout[2m | apps/validator-daemon/src/canary/__tests__/mesh-byzantine.test.ts[2m > [22m[2mREQ-RMS-017 — Byzantine under-server attributed to R via the SHIPPED canary pipeline[2m > [22m[2mthe per-relay accumulator isolates R from R2 (R2 has zero drops, never crosses the bound)
[22m[39m{"timestamp":"2026-06-22T06:17:50.198Z","level":"INFO","source":"frontend","module":"webrtc/sframe-transform","message":"encrypted frame","context":{"kid":9,"ctr":3,"byteLength":62,"codecOffset":10}}

[90mstdout[2m | apps/validator-daemon/src/canary/__tests__/mesh-byzantine.test.ts[2m > [22m[2mREQ-RMS-017 — Byzantine under-server attributed to R via the SHIPPED canary pipeline[2m > [22m[2mthe per-relay accumulator isolates R from R2 (R2 has zero drops, never crosses the bound)
[22m[39m{"timestamp":"2026-06-22T06:17:50.198Z","level":"INFO","source":"frontend","module":"webrtc/sframe-transform","message":"encrypted frame","context":{"kid":9,"ctr":4,"byteLength":62,"codecOffset":10}}

[90mstdout[2m | apps/validator-daemon/src/canary/__tests__/mesh-byzantine.test.ts[2m > [22m[2mREQ-RMS-017 — Byzantine under-server attributed to R via the SHIPPED canary pipeline[2m > [22m[2mthe per-relay accumulator isolates R from R2 (R2 has zero drops, never crosses the bound)
[22m[39m{"timestamp":"2026-06-22T06:17:50.199Z","level":"INFO","source":"frontend","module":"webrtc/sframe-transform","message":"encrypted frame","context":{"kid":9,"ctr":5,"byteLength":62,"codecOffset":10}}

[90mstdout[2m | apps/validator-daemon/src/canary/__tests__/mesh-byzantine.test.ts[2m > [22m[2mREQ-RMS-017 — Byzantine under-server attributed to R via the SHIPPED canary pipeline[2m > [22m[2mthe per-relay accumulator isolates R from R2 (R2 has zero drops, never crosses the bound)
[22m[39m{"timestamp":"2026-06-22T06:17:50.199Z","level":"INFO","source":"frontend","module":"webrtc/sframe-transform","message":"encrypted frame","context":{"kid":9,"ctr":6,"byteLength":62,"codecOffset":10}}

[90mstdout[2m | apps/validator-daemon/src/canary/__tests__/mesh-byzantine.test.ts[2m > [22m[2mREQ-RMS-017 — Byzantine under-server attributed to R via the SHIPPED canary pipeline[2m > [22m[2mthe per-relay accumulator isolates R from R2 (R2 has zero drops, never crosses the bound)
[22m[39m{"timestamp":"2026-06-22T06:17:50.200Z","level":"INFO","source":"frontend","module":"webrtc/sframe-transform","message":"encrypted frame","context":{"kid":9,"ctr":7,"byteLength":62,"codecOffset":10}}

{"level":30,"time":1782109070200,"pid":5904,"hostname":"Quang","name":"canary/verifier","canaryKid":9,"mediaPackets":8,"byteIdentical":8,"divergences":0,"msg":"canary forwarding verified"}
{"level":30,"time":1782109070200,"pid":5904,"hostname":"Quang","name":"canary/loss-classifier","relayMinerId":"relay-honest-R2","promoted":0,"absorbed":0,"tampers":0,"cumulativeCrossed":false,"msg":"canary divergences classified (drop gate / tamper p=1)"}
{"level":30,"time":1782109070200,"pid":5904,"hostname":"Quang","name":"canary/verify-loop","round":3,"relayMinerId":"relay-honest-R2","roomId":"mesh-room","perReceiver":2,"promoted":0,"absorbed":0,"stunLossBps":"0","msg":"canary verify round classified (hermetic half — synthetic capture, STUN read live)"}
[90mstdout[2m | apps/validator-daemon/src/canary/__tests__/mesh-byzantine.test.ts[2m > [22m[2mREQ-RMS-017 — Byzantine under-server attributed to R via the SHIPPED canary pipeline[2m > [22m[2mthe per-relay accumulator isolates R from R2 (R2 has zero drops, never crosses the bound)
[22m[39m{"timestamp":"2026-06-22T06:17:50.200Z","level":"INFO","source":"frontend","module":"webrtc/sframe-transform","message":"encrypted frame","context":{"kid":9,"ctr":0,"byteLength":62,"codecOffset":10}}

[90mstdout[2m | apps/validator-daemon/src/canary/__tests__/mesh-byzantine.test.ts[2m > [22m[2mREQ-RMS-017 — Byzantine under-server attributed to R via the SHIPPED canary pipeline[2m > [22m[2mthe per-relay accumulator isolates R from R2 (R2 has zero drops, never crosses the bound)
[22m[39m{"timestamp":"2026-06-22T06:17:50.201Z","level":"INFO","source":"frontend","module":"webrtc/sframe-transform","message":"encrypted frame","context":{"kid":9,"ctr":1,"byteLength":62,"codecOffset":10}}

[90mstdout[2m | apps/validator-daemon/src/canary/__tests__/mesh-byzantine.test.ts[2m > [22m[2mREQ-RMS-017 — Byzantine under-server attributed to R via the SHIPPED canary pipeline[2m > [22m[2mthe per-relay accumulator isolates R from R2 (R2 has zero drops, never crosses the bound)
[22m[39m{"timestamp":"2026-06-22T06:17:50.201Z","level":"INFO","source":"frontend","module":"webrtc/sframe-transform","message":"encrypted frame","context":{"kid":9,"ctr":2,"byteLength":62,"codecOffset":10}}

[90mstdout[2m | apps/validator-daemon/src/canary/__tests__/mesh-byzantine.test.ts[2m > [22m[2mREQ-RMS-017 — Byzantine under-server attributed to R via the SHIPPED canary pipeline[2m > [22m[2mthe per-relay accumulator isolates R from R2 (R2 has zero drops, never crosses the bound)
[22m[39m{"timestamp":"2026-06-22T06:17:50.202Z","level":"INFO","source":"frontend","module":"webrtc/sframe-transform","message":"encrypted frame","context":{"kid":9,"ctr":3,"byteLength":62,"codecOffset":10}}

[90mstdout[2m | apps/validator-daemon/src/canary/__tests__/mesh-byzantine.test.ts[2m > [22m[2mREQ-RMS-017 — Byzantine under-server attributed to R via the SHIPPED canary pipeline[2m > [22m[2mthe per-relay accumulator isolates R from R2 (R2 has zero drops, never crosses the bound)
[22m[39m{"timestamp":"2026-06-22T06:17:50.202Z","level":"INFO","source":"frontend","module":"webrtc/sframe-transform","message":"encrypted frame","context":{"kid":9,"ctr":4,"byteLength":62,"codecOffset":10}}

[90mstdout[2m | apps/validator-daemon/src/canary/__tests__/mesh-byzantine.test.ts[2m > [22m[2mREQ-RMS-017 — Byzantine under-server attributed to R via the SHIPPED canary pipeline[2m > [22m[2mthe per-relay accumulator isolates R from R2 (R2 has zero drops, never crosses the bound)
[22m[39m{"timestamp":"2026-06-22T06:17:50.202Z","level":"INFO","source":"frontend","module":"webrtc/sframe-transform","message":"encrypted frame","context":{"kid":9,"ctr":6,"byteLength":62,"codecOffset":10}}

[90mstdout[2m | apps/validator-daemon/src/canary/__tests__/mesh-byzantine.test.ts[2m > [22m[2mREQ-RMS-017 — Byzantine under-server attributed to R via the SHIPPED canary pipeline[2m > [22m[2mthe per-relay accumulator isolates R from R2 (R2 has zero drops, never crosses the bound)
[22m[39m{"timestamp":"2026-06-22T06:17:50.203Z","level":"INFO","source":"frontend","module":"webrtc/sframe-transform","message":"encrypted frame","context":{"kid":9,"ctr":7,"byteLength":62,"codecOffset":10}}

[90mstdout[2m | apps/validator-daemon/src/canary/__tests__/mesh-byzantine.test.ts[2m > [22m[2mREQ-RMS-017 — Byzantine under-server attributed to R via the SHIPPED canary pipeline[2m > [22m[2mthe per-relay accumulator isolates R from R2 (R2 has zero drops, never crosses the bound)
[22m[39m{"timestamp":"2026-06-22T06:17:50.203Z","level":"INFO","source":"frontend","module":"webrtc/sframe-transform","message":"encrypted frame","context":{"kid":9,"ctr":0,"byteLength":62,"codecOffset":10}}

[90mstdout[2m | apps/validator-daemon/src/canary/__tests__/mesh-byzantine.test.ts[2m > [22m[2mREQ-RMS-017 — Byzantine under-server attributed to R via the SHIPPED canary pipeline[2m > [22m[2mthe per-relay accumulator isolates R from R2 (R2 has zero drops, never crosses the bound)
[22m[39m{"timestamp":"2026-06-22T06:17:50.204Z","level":"INFO","source":"frontend","module":"webrtc/sframe-transform","message":"encrypted frame","context":{"kid":9,"ctr":1,"byteLength":62,"codecOffset":10}}

[90mstdout[2m | apps/validator-daemon/src/canary/__tests__/mesh-byzantine.test.ts[2m > [22m[2mREQ-RMS-017 — Byzantine under-server attributed to R via the SHIPPED canary pipeline[2m > [22m[2mthe per-relay accumulator isolates R from R2 (R2 has zero drops, never crosses the bound)
[22m[39m{"timestamp":"2026-06-22T06:17:50.204Z","level":"INFO","source":"frontend","module":"webrtc/sframe-transform","message":"encrypted frame","context":{"kid":9,"ctr":2,"byteLength":62,"codecOffset":10}}

[90mstdout[2m | apps/validator-daemon/src/canary/__tests__/mesh-byzantine.test.ts[2m > [22m[2mREQ-RMS-017 — Byzantine under-server attributed to R via the SHIPPED canary pipeline[2m > [22m[2mthe per-relay accumulator isolates R from R2 (R2 has zero drops, never crosses the bound)
[22m[39m{"timestamp":"2026-06-22T06:17:50.204Z","level":"INFO","source":"frontend","module":"webrtc/sframe-transform","message":"encrypted frame","context":{"kid":9,"ctr":3,"byteLength":62,"codecOffset":10}}

[90mstdout[2m | apps/validator-daemon/src/canary/__tests__/mesh-byzantine.test.ts[2m > [22m[2mREQ-RMS-017 — Byzantine under-server attributed to R via the SHIPPED canary pipeline[2m > [22m[2mthe per-relay accumulator isolates R from R2 (R2 has zero drops, never crosses the bound)
[22m[39m{"timestamp":"2026-06-22T06:17:50.205Z","level":"INFO","source":"frontend","module":"webrtc/sframe-transform","message":"encrypted frame","context":{"kid":9,"ctr":4,"byteLength":62,"codecOffset":10}}

[90mstdout[2m | apps/validator-daemon/src/canary/__tests__/mesh-byzantine.test.ts[2m > [22m[2mREQ-RMS-017 — Byzantine under-server attributed to R via the SHIPPED canary pipeline[2m > [22m[2mthe per-relay accumulator isolates R from R2 (R2 has zero drops, never crosses the bound)
[22m[39m{"timestamp":"2026-06-22T06:17:50.205Z","level":"INFO","source":"frontend","module":"webrtc/sframe-transform","message":"encrypted frame","context":{"kid":9,"ctr":5,"byteLength":62,"codecOffset":10}}

[90mstdout[2m | apps/validator-daemon/src/canary/__tests__/mesh-byzantine.test.ts[2m > [22m[2mREQ-RMS-017 — Byzantine under-server attributed to R via the SHIPPED canary pipeline[2m > [22m[2mthe per-relay accumulator isolates R from R2 (R2 has zero drops, never crosses the bound)
[22m[39m{"timestamp":"2026-06-22T06:17:50.205Z","level":"INFO","source":"frontend","module":"webrtc/sframe-transform","message":"encrypted frame","context":{"kid":9,"ctr":6,"byteLength":62,"codecOffset":10}}

[90mstdout[2m | apps/validator-daemon/src/canary/__tests__/mesh-byzantine.test.ts[2m > [22m[2mREQ-RMS-017 — Byzantine under-server attributed to R via the SHIPPED canary pipeline[2m > [22m[2mthe per-relay accumulator isolates R from R2 (R2 has zero drops, never crosses the bound)
[22m[39m{"timestamp":"2026-06-22T06:17:50.206Z","level":"INFO","source":"frontend","module":"webrtc/sframe-transform","message":"encrypted frame","context":{"kid":9,"ctr":7,"byteLength":62,"codecOffset":10}}

{"level":30,"time":1782109070206,"pid":5904,"hostname":"Quang","name":"canary/verifier","canaryKid":9,"mediaPackets":7,"byteIdentical":7,"divergences":1,"msg":"canary forwarding verified"}
[90mstdout[2m | apps/validator-daemon/src/canary/__tests__/mesh-byzantine.test.ts[2m > [22m[2mREQ-RMS-017 — Byzantine under-server attributed to R via the SHIPPED canary pipeline[2m > [22m[2mthe per-relay accumulator isolates R from R2 (R2 has zero drops, never crosses the bound)
[22m[39m{"timestamp":"2026-06-22T06:17:50.206Z","level":"INFO","source":"frontend","module":"webrtc/sframe-transform","message":"encrypted frame","context":{"kid":9,"ctr":0,"byteLength":62,"codecOffset":10}}

[90mstdout[2m | apps/validator-daemon/src/canary/__tests__/mesh-byzantine.test.ts[2m > [22m[2mREQ-RMS-017 — Byzantine under-server attributed to R via the SHIPPED canary pipeline[2m > [22m[2mthe per-relay accumulator isolates R from R2 (R2 has zero drops, never crosses the bound)
[22m[39m{"timestamp":"2026-06-22T06:17:50.207Z","level":"INFO","source":"frontend","module":"webrtc/sframe-transform","message":"encrypted frame","context":{"kid":9,"ctr":1,"byteLength":62,"codecOffset":10}}

[90mstdout[2m | apps/validator-daemon/src/canary/__tests__/mesh-byzantine.test.ts[2m > [22m[2mREQ-RMS-017 — Byzantine under-server attributed to R via the SHIPPED canary pipeline[2m > [22m[2mthe per-relay accumulator isolates R from R2 (R2 has zero drops, never crosses the bound)
[22m[39m{"timestamp":"2026-06-22T06:17:50.207Z","level":"INFO","source":"frontend","module":"webrtc/sframe-transform","message":"encrypted frame","context":{"kid":9,"ctr":2,"byteLength":62,"codecOffset":10}}

[90mstdout[2m | apps/validator-daemon/src/canary/__tests__/mesh-byzantine.test.ts[2m > [22m[2mREQ-RMS-017 — Byzantine under-server attributed to R via the SHIPPED canary pipeline[2m > [22m[2mthe per-relay accumulator isolates R from R2 (R2 has zero drops, never crosses the bound)
[22m[39m{"timestamp":"2026-06-22T06:17:50.207Z","level":"INFO","source":"frontend","module":"webrtc/sframe-transform","message":"encrypted frame","context":{"kid":9,"ctr":3,"byteLength":62,"codecOffset":10}}

[90mstdout[2m | apps/validator-daemon/src/canary/__tests__/mesh-byzantine.test.ts[2m > [22m[2mREQ-RMS-017 — Byzantine under-server attributed to R via the SHIPPED canary pipeline[2m > [22m[2mthe per-relay accumulator isolates R from R2 (R2 has zero drops, never crosses the bound)
[22m[39m{"timestamp":"2026-06-22T06:17:50.208Z","level":"INFO","source":"frontend","module":"webrtc/sframe-transform","message":"encrypted frame","context":{"kid":9,"ctr":4,"byteLength":62,"codecOffset":10}}

[90mstdout[2m | apps/validator-daemon/src/canary/__tests__/mesh-byzantine.test.ts[2m > [22m[2mREQ-RMS-017 — Byzantine under-server attributed to R via the SHIPPED canary pipeline[2m > [22m[2mthe per-relay accumulator isolates R from R2 (R2 has zero drops, never crosses the bound)
[22m[39m{"timestamp":"2026-06-22T06:17:50.208Z","level":"INFO","source":"frontend","module":"webrtc/sframe-transform","message":"encrypted frame","context":{"kid":9,"ctr":5,"byteLength":62,"codecOffset":10}}

[90mstdout[2m | apps/validator-daemon/src/canary/__tests__/mesh-byzantine.test.ts[2m > [22m[2mREQ-RMS-017 — Byzantine under-server attributed to R via the SHIPPED canary pipeline[2m > [22m[2mthe per-relay accumulator isolates R from R2 (R2 has zero drops, never crosses the bound)
[22m[39m{"timestamp":"2026-06-22T06:17:50.209Z","level":"INFO","source":"frontend","module":"webrtc/sframe-transform","message":"encrypted frame","context":{"kid":9,"ctr":6,"byteLength":62,"codecOffset":10}}

[90mstdout[2m | apps/validator-daemon/src/canary/__tests__/mesh-byzantine.test.ts[2m > [22m[2mREQ-RMS-017 — Byzantine under-server attributed to R via the SHIPPED canary pipeline[2m > [22m[2mthe per-relay accumulator isolates R from R2 (R2 has zero drops, never crosses the bound)
[22m[39m{"timestamp":"2026-06-22T06:17:50.209Z","level":"INFO","source":"frontend","module":"webrtc/sframe-transform","message":"encrypted frame","context":{"kid":9,"ctr":7,"byteLength":62,"codecOffset":10}}

{"level":30,"time":1782109070209,"pid":5904,"hostname":"Quang","name":"canary/verifier","canaryKid":9,"mediaPackets":7,"byteIdentical":7,"divergences":1,"msg":"canary forwarding verified"}
{"level":30,"time":1782109070209,"pid":5904,"hostname":"Quang","name":"canary/loss-classifier","relayMinerId":"relay-byzantine-R","promoted":1,"absorbed":0,"tampers":0,"cumulativeCrossed":true,"msg":"canary divergences classified (drop gate / tamper p=1)"}
{"level":30,"time":1782109070210,"pid":5904,"hostname":"Quang","name":"canary/verify-loop","round":4,"relayMinerId":"relay-byzantine-R","roomId":"mesh-room","perReceiver":2,"promoted":1,"absorbed":0,"stunLossBps":"0","msg":"canary verify round classified (hermetic half — synthetic capture, STUN read live)"}
[90mstdout[2m | apps/validator-daemon/src/canary/__tests__/mesh-byzantine.test.ts[2m > [22m[2mREQ-RMS-017 — Byzantine under-server attributed to R via the SHIPPED canary pipeline[2m > [22m[2mthe per-relay accumulator isolates R from R2 (R2 has zero drops, never crosses the bound)
[22m[39m{"timestamp":"2026-06-22T06:17:50.211Z","level":"INFO","source":"frontend","module":"webrtc/sframe-transform","message":"encrypted frame","context":{"kid":9,"ctr":0,"byteLength":62,"codecOffset":10}}

[90mstdout[2m | apps/validator-daemon/src/canary/__tests__/mesh-byzantine.test.ts[2m > [22m[2mREQ-RMS-017 — Byzantine under-server attributed to R via the SHIPPED canary pipeline[2m > [22m[2mthe per-relay accumulator isolates R from R2 (R2 has zero drops, never crosses the bound)
[22m[39m{"timestamp":"2026-06-22T06:17:50.211Z","level":"INFO","source":"frontend","module":"webrtc/sframe-transform","message":"encrypted frame","context":{"kid":9,"ctr":1,"byteLength":62,"codecOffset":10}}

[90mstdout[2m | apps/validator-daemon/src/canary/__tests__/mesh-byzantine.test.ts[2m > [22m[2mREQ-RMS-017 — Byzantine under-server attributed to R via the SHIPPED canary pipeline[2m > [22m[2mthe per-relay accumulator isolates R from R2 (R2 has zero drops, never crosses the bound)
[22m[39m{"timestamp":"2026-06-22T06:17:50.212Z","level":"INFO","source":"frontend","module":"webrtc/sframe-transform","message":"encrypted frame","context":{"kid":9,"ctr":2,"byteLength":62,"codecOffset":10}}

[90mstdout[2m | apps/validator-daemon/src/canary/__tests__/mesh-byzantine.test.ts[2m > [22m[2mREQ-RMS-017 — Byzantine under-server attributed to R via the SHIPPED canary pipeline[2m > [22m[2mthe per-relay accumulator isolates R from R2 (R2 has zero drops, never crosses the bound)
[22m[39m{"timestamp":"2026-06-22T06:17:50.212Z","level":"INFO","source":"frontend","module":"webrtc/sframe-transform","message":"encrypted frame","context":{"kid":9,"ctr":3,"byteLength":62,"codecOffset":10}}

[90mstdout[2m | apps/validator-daemon/src/canary/__tests__/mesh-byzantine.test.ts[2m > [22m[2mREQ-RMS-017 — Byzantine under-server attributed to R via the SHIPPED canary pipeline[2m > [22m[2mthe per-relay accumulator isolates R from R2 (R2 has zero drops, never crosses the bound)
[22m[39m{"timestamp":"2026-06-22T06:17:50.212Z","level":"INFO","source":"frontend","module":"webrtc/sframe-transform","message":"encrypted frame","context":{"kid":9,"ctr":4,"byteLength":62,"codecOffset":10}}

[90mstdout[2m | apps/validator-daemon/src/canary/__tests__/mesh-byzantine.test.ts[2m > [22m[2mREQ-RMS-017 — Byzantine under-server attributed to R via the SHIPPED canary pipeline[2m > [22m[2mthe per-relay accumulator isolates R from R2 (R2 has zero drops, never crosses the bound)
[22m[39m{"timestamp":"2026-06-22T06:17:50.213Z","level":"INFO","source":"frontend","module":"webrtc/sframe-transform","message":"encrypted frame","context":{"kid":9,"ctr":5,"byteLength":62,"codecOffset":10}}

[90mstdout[2m | apps/validator-daemon/src/canary/__tests__/mesh-byzantine.test.ts[2m > [22m[2mREQ-RMS-017 — Byzantine under-server attributed to R via the SHIPPED canary pipeline[2m > [22m[2mthe per-relay accumulator isolates R from R2 (R2 has zero drops, never crosses the bound)
[22m[39m{"timestamp":"2026-06-22T06:17:50.213Z","level":"INFO","source":"frontend","module":"webrtc/sframe-transform","message":"encrypted frame","context":{"kid":9,"ctr":6,"byteLength":62,"codecOffset":10}}

[90mstdout[2m | apps/validator-daemon/src/canary/__tests__/mesh-byzantine.test.ts[2m > [22m[2mREQ-RMS-017 — Byzantine under-server attributed to R via the SHIPPED canary pipeline[2m > [22m[2mthe per-relay accumulator isolates R from R2 (R2 has zero drops, never crosses the bound)
[22m[39m{"timestamp":"2026-06-22T06:17:50.214Z","level":"INFO","source":"frontend","module":"webrtc/sframe-transform","message":"encrypted frame","context":{"kid":9,"ctr":7,"byteLength":62,"codecOffset":10}}

[90mstdout[2m | apps/validator-daemon/src/canary/__tests__/mesh-byzantine.test.ts[2m > [22m[2mREQ-RMS-017 — Byzantine under-server attributed to R via the SHIPPED canary pipeline[2m > [22m[2mthe per-relay accumulator isolates R from R2 (R2 has zero drops, never crosses the bound)
[22m[39m{"timestamp":"2026-06-22T06:17:50.214Z","level":"INFO","source":"frontend","module":"webrtc/sframe-transform","message":"encrypted frame","context":{"kid":9,"ctr":0,"byteLength":62,"codecOffset":10}}

[90mstdout[2m | apps/validator-daemon/src/canary/__tests__/mesh-byzantine.test.ts[2m > [22m[2mREQ-RMS-017 — Byzantine under-server attributed to R via the SHIPPED canary pipeline[2m > [22m[2mthe per-relay accumulator isolates R from R2 (R2 has zero drops, never crosses the bound)
[22m[39m{"timestamp":"2026-06-22T06:17:50.215Z","level":"INFO","source":"frontend","module":"webrtc/sframe-transform","message":"encrypted frame","context":{"kid":9,"ctr":1,"byteLength":62,"codecOffset":10}}

[90mstdout[2m | apps/validator-daemon/src/canary/__tests__/mesh-byzantine.test.ts[2m > [22m[2mREQ-RMS-017 — Byzantine under-server attributed to R via the SHIPPED canary pipeline[2m > [22m[2mthe per-relay accumulator isolates R from R2 (R2 has zero drops, never crosses the bound)
[22m[39m{"timestamp":"2026-06-22T06:17:50.216Z","level":"INFO","source":"frontend","module":"webrtc/sframe-transform","message":"encrypted frame","context":{"kid":9,"ctr":2,"byteLength":62,"codecOffset":10}}

[90mstdout[2m | apps/validator-daemon/src/canary/__tests__/mesh-byzantine.test.ts[2m > [22m[2mREQ-RMS-017 — Byzantine under-server attributed to R via the SHIPPED canary pipeline[2m > [22m[2mthe per-relay accumulator isolates R from R2 (R2 has zero drops, never crosses the bound)
[22m[39m{"timestamp":"2026-06-22T06:17:50.216Z","level":"INFO","source":"frontend","module":"webrtc/sframe-transform","message":"encrypted frame","context":{"kid":9,"ctr":3,"byteLength":62,"codecOffset":10}}

[90mstdout[2m | apps/validator-daemon/src/canary/__tests__/mesh-byzantine.test.ts[2m > [22m[2mREQ-RMS-017 — Byzantine under-server attributed to R via the SHIPPED canary pipeline[2m > [22m[2mthe per-relay accumulator isolates R from R2 (R2 has zero drops, never crosses the bound)
[22m[39m{"timestamp":"2026-06-22T06:17:50.217Z","level":"INFO","source":"frontend","module":"webrtc/sframe-transform","message":"encrypted frame","context":{"kid":9,"ctr":4,"byteLength":62,"codecOffset":10}}

[90mstdout[2m | apps/validator-daemon/src/canary/__tests__/mesh-byzantine.test.ts[2m > [22m[2mREQ-RMS-017 — Byzantine under-server attributed to R via the SHIPPED canary pipeline[2m > [22m[2mthe per-relay accumulator isolates R from R2 (R2 has zero drops, never crosses the bound)
[22m[39m{"timestamp":"2026-06-22T06:17:50.217Z","level":"INFO","source":"frontend","module":"webrtc/sframe-transform","message":"encrypted frame","context":{"kid":9,"ctr":5,"byteLength":62,"codecOffset":10}}

[90mstdout[2m | apps/validator-daemon/src/canary/__tests__/mesh-byzantine.test.ts[2m > [22m[2mREQ-RMS-017 — Byzantine under-server attributed to R via the SHIPPED canary pipeline[2m > [22m[2mthe per-relay accumulator isolates R from R2 (R2 has zero drops, never crosses the bound)
[22m[39m{"timestamp":"2026-06-22T06:17:50.218Z","level":"INFO","source":"frontend","module":"webrtc/sframe-transform","message":"encrypted frame","context":{"kid":9,"ctr":6,"byteLength":62,"codecOffset":10}}

[90mstdout[2m | apps/validator-daemon/src/canary/__tests__/mesh-byzantine.test.ts[2m > [22m[2mREQ-RMS-017 — Byzantine under-server attributed to R via the SHIPPED canary pipeline[2m > [22m[2mthe per-relay accumulator isolates R from R2 (R2 has zero drops, never crosses the bound)
[22m[39m{"timestamp":"2026-06-22T06:17:50.218Z","level":"INFO","source":"frontend","module":"webrtc/sframe-transform","message":"encrypted frame","context":{"kid":9,"ctr":7,"byteLength":62,"codecOffset":10}}

{"level":30,"time":1782109070219,"pid":5904,"hostname":"Quang","name":"canary/verifier","canaryKid":9,"mediaPackets":8,"byteIdentical":8,"divergences":0,"msg":"canary forwarding verified"}
[90mstdout[2m | apps/validator-daemon/src/canary/__tests__/mesh-byzantine.test.ts[2m > [22m[2mREQ-RMS-017 — Byzantine under-server attributed to R via the SHIPPED canary pipeline[2m > [22m[2mthe per-relay accumulator isolates R from R2 (R2 has zero drops, never crosses the bound)
[22m[39m{"timestamp":"2026-06-22T06:17:50.219Z","level":"INFO","source":"frontend","module":"webrtc/sframe-transform","message":"encrypted frame","context":{"kid":9,"ctr":0,"byteLength":62,"codecOffset":10}}

[90mstdout[2m | apps/validator-daemon/src/canary/__tests__/mesh-byzantine.test.ts[2m > [22m[2mREQ-RMS-017 — Byzantine under-server attributed to R via the SHIPPED canary pipeline[2m > [22m[2mthe per-relay accumulator isolates R from R2 (R2 has zero drops, never crosses the bound)
[22m[39m{"timestamp":"2026-06-22T06:17:50.219Z","level":"INFO","source":"frontend","module":"webrtc/sframe-transform","message":"encrypted frame","context":{"kid":9,"ctr":1,"byteLength":62,"codecOffset":10}}

[90mstdout[2m | apps/validator-daemon/src/canary/__tests__/mesh-byzantine.test.ts[2m > [22m[2mREQ-RMS-017 — Byzantine under-server attributed to R via the SHIPPED canary pipeline[2m > [22m[2mthe per-relay accumulator isolates R from R2 (R2 has zero drops, never crosses the bound)
[22m[39m{"timestamp":"2026-06-22T06:17:50.220Z","level":"INFO","source":"frontend","module":"webrtc/sframe-transform","message":"encrypted frame","context":{"kid":9,"ctr":2,"byteLength":62,"codecOffset":10}}

[90mstdout[2m | apps/validator-daemon/src/canary/__tests__/mesh-byzantine.test.ts[2m > [22m[2mREQ-RMS-017 — Byzantine under-server attributed to R via the SHIPPED canary pipeline[2m > [22m[2mthe per-relay accumulator isolates R from R2 (R2 has zero drops, never crosses the bound)
[22m[39m{"timestamp":"2026-06-22T06:17:50.220Z","level":"INFO","source":"frontend","module":"webrtc/sframe-transform","message":"encrypted frame","context":{"kid":9,"ctr":3,"byteLength":62,"codecOffset":10}}

[90mstdout[2m | apps/validator-daemon/src/canary/__tests__/mesh-byzantine.test.ts[2m > [22m[2mREQ-RMS-017 — Byzantine under-server attributed to R via the SHIPPED canary pipeline[2m > [22m[2mthe per-relay accumulator isolates R from R2 (R2 has zero drops, never crosses the bound)
[22m[39m{"timestamp":"2026-06-22T06:17:50.220Z","level":"INFO","source":"frontend","module":"webrtc/sframe-transform","message":"encrypted frame","context":{"kid":9,"ctr":4,"byteLength":62,"codecOffset":10}}

[90mstdout[2m | apps/validator-daemon/src/canary/__tests__/mesh-byzantine.test.ts[2m > [22m[2mREQ-RMS-017 — Byzantine under-server attributed to R via the SHIPPED canary pipeline[2m > [22m[2mthe per-relay accumulator isolates R from R2 (R2 has zero drops, never crosses the bound)
[22m[39m{"timestamp":"2026-06-22T06:17:50.221Z","level":"INFO","source":"frontend","module":"webrtc/sframe-transform","message":"encrypted frame","context":{"kid":9,"ctr":5,"byteLength":62,"codecOffset":10}}

[90mstdout[2m | apps/validator-daemon/src/canary/__tests__/mesh-byzantine.test.ts[2m > [22m[2mREQ-RMS-017 — Byzantine under-server attributed to R via the SHIPPED canary pipeline[2m > [22m[2mthe per-relay accumulator isolates R from R2 (R2 has zero drops, never crosses the bound)
[22m[39m{"timestamp":"2026-06-22T06:17:50.221Z","level":"INFO","source":"frontend","module":"webrtc/sframe-transform","message":"encrypted frame","context":{"kid":9,"ctr":6,"byteLength":62,"codecOffset":10}}

[90mstdout[2m | apps/validator-daemon/src/canary/__tests__/mesh-byzantine.test.ts[2m > [22m[2mREQ-RMS-017 — Byzantine under-server attributed to R via the SHIPPED canary pipeline[2m > [22m[2mthe per-relay accumulator isolates R from R2 (R2 has zero drops, never crosses the bound)
[22m[39m{"timestamp":"2026-06-22T06:17:50.221Z","level":"INFO","source":"frontend","module":"webrtc/sframe-transform","message":"encrypted frame","context":{"kid":9,"ctr":7,"byteLength":62,"codecOffset":10}}

{"level":30,"time":1782109070222,"pid":5904,"hostname":"Quang","name":"canary/verifier","canaryKid":9,"mediaPackets":8,"byteIdentical":8,"divergences":0,"msg":"canary forwarding verified"}
{"level":30,"time":1782109070222,"pid":5904,"hostname":"Quang","name":"canary/loss-classifier","relayMinerId":"relay-honest-R2","promoted":0,"absorbed":0,"tampers":0,"cumulativeCrossed":false,"msg":"canary divergences classified (drop gate / tamper p=1)"}
{"level":30,"time":1782109070222,"pid":5904,"hostname":"Quang","name":"canary/verify-loop","round":4,"relayMinerId":"relay-honest-R2","roomId":"mesh-room","perReceiver":2,"promoted":0,"absorbed":0,"stunLossBps":"0","msg":"canary verify round classified (hermetic half — synthetic capture, STUN read live)"}
[90mstdout[2m | apps/validator-daemon/src/canary/__tests__/mesh-byzantine.test.ts[2m > [22m[2mREQ-RMS-017 — Byzantine under-server attributed to R via the SHIPPED canary pipeline[2m > [22m[2mthe per-relay accumulator isolates R from R2 (R2 has zero drops, never crosses the bound)
[22m[39m{"timestamp":"2026-06-22T06:17:50.223Z","level":"INFO","source":"frontend","module":"webrtc/sframe-transform","message":"encrypted frame","context":{"kid":9,"ctr":0,"byteLength":62,"codecOffset":10}}

[90mstdout[2m | apps/validator-daemon/src/canary/__tests__/mesh-byzantine.test.ts[2m > [22m[2mREQ-RMS-017 — Byzantine under-server attributed to R via the SHIPPED canary pipeline[2m > [22m[2mthe per-relay accumulator isolates R from R2 (R2 has zero drops, never crosses the bound)
[22m[39m{"timestamp":"2026-06-22T06:17:50.224Z","level":"INFO","source":"frontend","module":"webrtc/sframe-transform","message":"encrypted frame","context":{"kid":9,"ctr":1,"byteLength":62,"codecOffset":10}}

[90mstdout[2m | apps/validator-daemon/src/canary/__tests__/mesh-byzantine.test.ts[2m > [22m[2mREQ-RMS-017 — Byzantine under-server attributed to R via the SHIPPED canary pipeline[2m > [22m[2mthe per-relay accumulator isolates R from R2 (R2 has zero drops, never crosses the bound)
[22m[39m{"timestamp":"2026-06-22T06:17:50.225Z","level":"INFO","source":"frontend","module":"webrtc/sframe-transform","message":"encrypted frame","context":{"kid":9,"ctr":2,"byteLength":62,"codecOffset":10}}

[90mstdout[2m | apps/validator-daemon/src/canary/__tests__/mesh-byzantine.test.ts[2m > [22m[2mREQ-RMS-017 — Byzantine under-server attributed to R via the SHIPPED canary pipeline[2m > [22m[2mthe per-relay accumulator isolates R from R2 (R2 has zero drops, never crosses the bound)
[22m[39m{"timestamp":"2026-06-22T06:17:50.225Z","level":"INFO","source":"frontend","module":"webrtc/sframe-transform","message":"encrypted frame","context":{"kid":9,"ctr":3,"byteLength":62,"codecOffset":10}}

[90mstdout[2m | apps/validator-daemon/src/canary/__tests__/mesh-byzantine.test.ts[2m > [22m[2mREQ-RMS-017 — Byzantine under-server attributed to R via the SHIPPED canary pipeline[2m > [22m[2mthe per-relay accumulator isolates R from R2 (R2 has zero drops, never crosses the bound)
[22m[39m{"timestamp":"2026-06-22T06:17:50.225Z","level":"INFO","source":"frontend","module":"webrtc/sframe-transform","message":"encrypted frame","context":{"kid":9,"ctr":4,"byteLength":62,"codecOffset":10}}

[90mstdout[2m | apps/validator-daemon/src/canary/__tests__/mesh-byzantine.test.ts[2m > [22m[2mREQ-RMS-017 — Byzantine under-server attributed to R via the SHIPPED canary pipeline[2m > [22m[2mthe per-relay accumulator isolates R from R2 (R2 has zero drops, never crosses the bound)
[22m[39m{"timestamp":"2026-06-22T06:17:50.226Z","level":"INFO","source":"frontend","module":"webrtc/sframe-transform","message":"encrypted frame","context":{"kid":9,"ctr":6,"byteLength":62,"codecOffset":10}}

[90mstdout[2m | apps/validator-daemon/src/canary/__tests__/mesh-byzantine.test.ts[2m > [22m[2mREQ-RMS-017 — Byzantine under-server attributed to R via the SHIPPED canary pipeline[2m > [22m[2mthe per-relay accumulator isolates R from R2 (R2 has zero drops, never crosses the bound)
[22m[39m{"timestamp":"2026-06-22T06:17:50.226Z","level":"INFO","source":"frontend","module":"webrtc/sframe-transform","message":"encrypted frame","context":{"kid":9,"ctr":7,"byteLength":62,"codecOffset":10}}

[90mstdout[2m | apps/validator-daemon/src/canary/__tests__/mesh-byzantine.test.ts[2m > [22m[2mREQ-RMS-017 — Byzantine under-server attributed to R via the SHIPPED canary pipeline[2m > [22m[2mthe per-relay accumulator isolates R from R2 (R2 has zero drops, never crosses the bound)
[22m[39m{"timestamp":"2026-06-22T06:17:50.227Z","level":"INFO","source":"frontend","module":"webrtc/sframe-transform","message":"encrypted frame","context":{"kid":9,"ctr":0,"byteLength":62,"codecOffset":10}}

[90mstdout[2m | apps/validator-daemon/src/canary/__tests__/mesh-byzantine.test.ts[2m > [22m[2mREQ-RMS-017 — Byzantine under-server attributed to R via the SHIPPED canary pipeline[2m > [22m[2mthe per-relay accumulator isolates R from R2 (R2 has zero drops, never crosses the bound)
[22m[39m{"timestamp":"2026-06-22T06:17:50.227Z","level":"INFO","source":"frontend","module":"webrtc/sframe-transform","message":"encrypted frame","context":{"kid":9,"ctr":1,"byteLength":62,"codecOffset":10}}

[90mstdout[2m | apps/validator-daemon/src/canary/__tests__/mesh-byzantine.test.ts[2m > [22m[2mREQ-RMS-017 — Byzantine under-server attributed to R via the SHIPPED canary pipeline[2m > [22m[2mthe per-relay accumulator isolates R from R2 (R2 has zero drops, never crosses the bound)
[22m[39m{"timestamp":"2026-06-22T06:17:50.227Z","level":"INFO","source":"frontend","module":"webrtc/sframe-transform","message":"encrypted frame","context":{"kid":9,"ctr":2,"byteLength":62,"codecOffset":10}}

[90mstdout[2m | apps/validator-daemon/src/canary/__tests__/mesh-byzantine.test.ts[2m > [22m[2mREQ-RMS-017 — Byzantine under-server attributed to R via the SHIPPED canary pipeline[2m > [22m[2mthe per-relay accumulator isolates R from R2 (R2 has zero drops, never crosses the bound)
[22m[39m{"timestamp":"2026-06-22T06:17:50.228Z","level":"INFO","source":"frontend","module":"webrtc/sframe-transform","message":"encrypted frame","context":{"kid":9,"ctr":3,"byteLength":62,"codecOffset":10}}

[90mstdout[2m | apps/validator-daemon/src/canary/__tests__/mesh-byzantine.test.ts[2m > [22m[2mREQ-RMS-017 — Byzantine under-server attributed to R via the SHIPPED canary pipeline[2m > [22m[2mthe per-relay accumulator isolates R from R2 (R2 has zero drops, never crosses the bound)
[22m[39m{"timestamp":"2026-06-22T06:17:50.229Z","level":"INFO","source":"frontend","module":"webrtc/sframe-transform","message":"encrypted frame","context":{"kid":9,"ctr":4,"byteLength":62,"codecOffset":10}}

[90mstdout[2m | apps/validator-daemon/src/canary/__tests__/mesh-byzantine.test.ts[2m > [22m[2mREQ-RMS-017 — Byzantine under-server attributed to R via the SHIPPED canary pipeline[2m > [22m[2mthe per-relay accumulator isolates R from R2 (R2 has zero drops, never crosses the bound)
[22m[39m{"timestamp":"2026-06-22T06:17:50.229Z","level":"INFO","source":"frontend","module":"webrtc/sframe-transform","message":"encrypted frame","context":{"kid":9,"ctr":5,"byteLength":62,"codecOffset":10}}

[90mstdout[2m | apps/validator-daemon/src/canary/__tests__/mesh-byzantine.test.ts[2m > [22m[2mREQ-RMS-017 — Byzantine under-server attributed to R via the SHIPPED canary pipeline[2m > [22m[2mthe per-relay accumulator isolates R from R2 (R2 has zero drops, never crosses the bound)
[22m[39m{"timestamp":"2026-06-22T06:17:50.230Z","level":"INFO","source":"frontend","module":"webrtc/sframe-transform","message":"encrypted frame","context":{"kid":9,"ctr":6,"byteLength":62,"codecOffset":10}}

[90mstdout[2m | apps/validator-daemon/src/canary/__tests__/mesh-byzantine.test.ts[2m > [22m[2mREQ-RMS-017 — Byzantine under-server attributed to R via the SHIPPED canary pipeline[2m > [22m[2mthe per-relay accumulator isolates R from R2 (R2 has zero drops, never crosses the bound)
[22m[39m{"timestamp":"2026-06-22T06:17:50.230Z","level":"INFO","source":"frontend","module":"webrtc/sframe-transform","message":"encrypted frame","context":{"kid":9,"ctr":7,"byteLength":62,"codecOffset":10}}

{"level":30,"time":1782109070230,"pid":5904,"hostname":"Quang","name":"canary/verifier","canaryKid":9,"mediaPackets":7,"byteIdentical":7,"divergences":1,"msg":"canary forwarding verified"}
[90mstdout[2m | apps/validator-daemon/src/canary/__tests__/mesh-byzantine.test.ts[2m > [22m[2mREQ-RMS-017 — Byzantine under-server attributed to R via the SHIPPED canary pipeline[2m > [22m[2mthe per-relay accumulator isolates R from R2 (R2 has zero drops, never crosses the bound)
[22m[39m{"timestamp":"2026-06-22T06:17:50.231Z","level":"INFO","source":"frontend","module":"webrtc/sframe-transform","message":"encrypted frame","context":{"kid":9,"ctr":0,"byteLength":62,"codecOffset":10}}

[90mstdout[2m | apps/validator-daemon/src/canary/__tests__/mesh-byzantine.test.ts[2m > [22m[2mREQ-RMS-017 — Byzantine under-server attributed to R via the SHIPPED canary pipeline[2m > [22m[2mthe per-relay accumulator isolates R from R2 (R2 has zero drops, never crosses the bound)
[22m[39m{"timestamp":"2026-06-22T06:17:50.231Z","level":"INFO","source":"frontend","module":"webrtc/sframe-transform","message":"encrypted frame","context":{"kid":9,"ctr":1,"byteLength":62,"codecOffset":10}}

[90mstdout[2m | apps/validator-daemon/src/canary/__tests__/mesh-byzantine.test.ts[2m > [22m[2mREQ-RMS-017 — Byzantine under-server attributed to R via the SHIPPED canary pipeline[2m > [22m[2mthe per-relay accumulator isolates R from R2 (R2 has zero drops, never crosses the bound)
[22m[39m{"timestamp":"2026-06-22T06:17:50.231Z","level":"INFO","source":"frontend","module":"webrtc/sframe-transform","message":"encrypted frame","context":{"kid":9,"ctr":2,"byteLength":62,"codecOffset":10}}

[90mstdout[2m | apps/validator-daemon/src/canary/__tests__/mesh-byzantine.test.ts[2m > [22m[2mREQ-RMS-017 — Byzantine under-server attributed to R via the SHIPPED canary pipeline[2m > [22m[2mthe per-relay accumulator isolates R from R2 (R2 has zero drops, never crosses the bound)
[22m[39m{"timestamp":"2026-06-22T06:17:50.232Z","level":"INFO","source":"frontend","module":"webrtc/sframe-transform","message":"encrypted frame","context":{"kid":9,"ctr":3,"byteLength":62,"codecOffset":10}}

[90mstdout[2m | apps/validator-daemon/src/canary/__tests__/mesh-byzantine.test.ts[2m > [22m[2mREQ-RMS-017 — Byzantine under-server attributed to R via the SHIPPED canary pipeline[2m > [22m[2mthe per-relay accumulator isolates R from R2 (R2 has zero drops, never crosses the bound)
[22m[39m{"timestamp":"2026-06-22T06:17:50.232Z","level":"INFO","source":"frontend","module":"webrtc/sframe-transform","message":"encrypted frame","context":{"kid":9,"ctr":4,"byteLength":62,"codecOffset":10}}

[90mstdout[2m | apps/validator-daemon/src/canary/__tests__/mesh-byzantine.test.ts[2m > [22m[2mREQ-RMS-017 — Byzantine under-server attributed to R via the SHIPPED canary pipeline[2m > [22m[2mthe per-relay accumulator isolates R from R2 (R2 has zero drops, never crosses the bound)
[22m[39m{"timestamp":"2026-06-22T06:17:50.232Z","level":"INFO","source":"frontend","module":"webrtc/sframe-transform","message":"encrypted frame","context":{"kid":9,"ctr":5,"byteLength":62,"codecOffset":10}}

[90mstdout[2m | apps/validator-daemon/src/canary/__tests__/mesh-byzantine.test.ts[2m > [22m[2mREQ-RMS-017 — Byzantine under-server attributed to R via the SHIPPED canary pipeline[2m > [22m[2mthe per-relay accumulator isolates R from R2 (R2 has zero drops, never crosses the bound)
[22m[39m{"timestamp":"2026-06-22T06:17:50.233Z","level":"INFO","source":"frontend","module":"webrtc/sframe-transform","message":"encrypted frame","context":{"kid":9,"ctr":6,"byteLength":62,"codecOffset":10}}

[90mstdout[2m | apps/validator-daemon/src/canary/__tests__/mesh-byzantine.test.ts[2m > [22m[2mREQ-RMS-017 — Byzantine under-server attributed to R via the SHIPPED canary pipeline[2m > [22m[2mthe per-relay accumulator isolates R from R2 (R2 has zero drops, never crosses the bound)
[22m[39m{"timestamp":"2026-06-22T06:17:50.233Z","level":"INFO","source":"frontend","module":"webrtc/sframe-transform","message":"encrypted frame","context":{"kid":9,"ctr":7,"byteLength":62,"codecOffset":10}}

{"level":30,"time":1782109070234,"pid":5904,"hostname":"Quang","name":"canary/verifier","canaryKid":9,"mediaPackets":7,"byteIdentical":7,"divergences":1,"msg":"canary forwarding verified"}
{"level":30,"time":1782109070234,"pid":5904,"hostname":"Quang","name":"canary/loss-classifier","relayMinerId":"relay-byzantine-R","promoted":1,"absorbed":0,"tampers":0,"cumulativeCrossed":true,"msg":"canary divergences classified (drop gate / tamper p=1)"}
{"level":30,"time":1782109070235,"pid":5904,"hostname":"Quang","name":"canary/verify-loop","round":5,"relayMinerId":"relay-byzantine-R","roomId":"mesh-room","perReceiver":2,"promoted":1,"absorbed":0,"stunLossBps":"0","msg":"canary verify round classified (hermetic half — synthetic capture, STUN read live)"}
[90mstdout[2m | apps/validator-daemon/src/canary/__tests__/mesh-byzantine.test.ts[2m > [22m[2mREQ-RMS-017 — Byzantine under-server attributed to R via the SHIPPED canary pipeline[2m > [22m[2mthe per-relay accumulator isolates R from R2 (R2 has zero drops, never crosses the bound)
[22m[39m{"timestamp":"2026-06-22T06:17:50.235Z","level":"INFO","source":"frontend","module":"webrtc/sframe-transform","message":"encrypted frame","context":{"kid":9,"ctr":0,"byteLength":62,"codecOffset":10}}

[90mstdout[2m | apps/validator-daemon/src/canary/__tests__/mesh-byzantine.test.ts[2m > [22m[2mREQ-RMS-017 — Byzantine under-server attributed to R via the SHIPPED canary pipeline[2m > [22m[2mthe per-relay accumulator isolates R from R2 (R2 has zero drops, never crosses the bound)
[22m[39m{"timestamp":"2026-06-22T06:17:50.236Z","level":"INFO","source":"frontend","module":"webrtc/sframe-transform","message":"encrypted frame","context":{"kid":9,"ctr":1,"byteLength":62,"codecOffset":10}}

[90mstdout[2m | apps/validator-daemon/src/canary/__tests__/mesh-byzantine.test.ts[2m > [22m[2mREQ-RMS-017 — Byzantine under-server attributed to R via the SHIPPED canary pipeline[2m > [22m[2mthe per-relay accumulator isolates R from R2 (R2 has zero drops, never crosses the bound)
[22m[39m{"timestamp":"2026-06-22T06:17:50.237Z","level":"INFO","source":"frontend","module":"webrtc/sframe-transform","message":"encrypted frame","context":{"kid":9,"ctr":2,"byteLength":62,"codecOffset":10}}

[90mstdout[2m | apps/validator-daemon/src/canary/__tests__/mesh-byzantine.test.ts[2m > [22m[2mREQ-RMS-017 — Byzantine under-server attributed to R via the SHIPPED canary pipeline[2m > [22m[2mthe per-relay accumulator isolates R from R2 (R2 has zero drops, never crosses the bound)
[22m[39m{"timestamp":"2026-06-22T06:17:50.237Z","level":"INFO","source":"frontend","module":"webrtc/sframe-transform","message":"encrypted frame","context":{"kid":9,"ctr":3,"byteLength":62,"codecOffset":10}}

[90mstdout[2m | apps/validator-daemon/src/canary/__tests__/mesh-byzantine.test.ts[2m > [22m[2mREQ-RMS-017 — Byzantine under-server attributed to R via the SHIPPED canary pipeline[2m > [22m[2mthe per-relay accumulator isolates R from R2 (R2 has zero drops, never crosses the bound)
[22m[39m{"timestamp":"2026-06-22T06:17:50.238Z","level":"INFO","source":"frontend","module":"webrtc/sframe-transform","message":"encrypted frame","context":{"kid":9,"ctr":4,"byteLength":62,"codecOffset":10}}

[90mstdout[2m | apps/validator-daemon/src/canary/__tests__/mesh-byzantine.test.ts[2m > [22m[2mREQ-RMS-017 — Byzantine under-server attributed to R via the SHIPPED canary pipeline[2m > [22m[2mthe per-relay accumulator isolates R from R2 (R2 has zero drops, never crosses the bound)
[22m[39m{"timestamp":"2026-06-22T06:17:50.238Z","level":"INFO","source":"frontend","module":"webrtc/sframe-transform","message":"encrypted frame","context":{"kid":9,"ctr":5,"byteLength":62,"codecOffset":10}}

[90mstdout[2m | apps/validator-daemon/src/canary/__tests__/mesh-byzantine.test.ts[2m > [22m[2mREQ-RMS-017 — Byzantine under-server attributed to R via the SHIPPED canary pipeline[2m > [22m[2mthe per-relay accumulator isolates R from R2 (R2 has zero drops, never crosses the bound)
[22m[39m{"timestamp":"2026-06-22T06:17:50.239Z","level":"INFO","source":"frontend","module":"webrtc/sframe-transform","message":"encrypted frame","context":{"kid":9,"ctr":6,"byteLength":62,"codecOffset":10}}

[90mstdout[2m | apps/validator-daemon/src/canary/__tests__/mesh-byzantine.test.ts[2m > [22m[2mREQ-RMS-017 — Byzantine under-server attributed to R via the SHIPPED canary pipeline[2m > [22m[2mthe per-relay accumulator isolates R from R2 (R2 has zero drops, never crosses the bound)
[22m[39m{"timestamp":"2026-06-22T06:17:50.240Z","level":"INFO","source":"frontend","module":"webrtc/sframe-transform","message":"encrypted frame","context":{"kid":9,"ctr":7,"byteLength":62,"codecOffset":10}}

[90mstdout[2m | apps/validator-daemon/src/canary/__tests__/mesh-byzantine.test.ts[2m > [22m[2mREQ-RMS-017 — Byzantine under-server attributed to R via the SHIPPED canary pipeline[2m > [22m[2mthe per-relay accumulator isolates R from R2 (R2 has zero drops, never crosses the bound)
[22m[39m{"timestamp":"2026-06-22T06:17:50.240Z","level":"INFO","source":"frontend","module":"webrtc/sframe-transform","message":"encrypted frame","context":{"kid":9,"ctr":0,"byteLength":62,"codecOffset":10}}

[90mstdout[2m | apps/validator-daemon/src/canary/__tests__/mesh-byzantine.test.ts[2m > [22m[2mREQ-RMS-017 — Byzantine under-server attributed to R via the SHIPPED canary pipeline[2m > [22m[2mthe per-relay accumulator isolates R from R2 (R2 has zero drops, never crosses the bound)
[22m[39m{"timestamp":"2026-06-22T06:17:50.241Z","level":"INFO","source":"frontend","module":"webrtc/sframe-transform","message":"encrypted frame","context":{"kid":9,"ctr":1,"byteLength":62,"codecOffset":10}}

[90mstdout[2m | apps/validator-daemon/src/canary/__tests__/mesh-byzantine.test.ts[2m > [22m[2mREQ-RMS-017 — Byzantine under-server attributed to R via the SHIPPED canary pipeline[2m > [22m[2mthe per-relay accumulator isolates R from R2 (R2 has zero drops, never crosses the bound)
[22m[39m{"timestamp":"2026-06-22T06:17:50.241Z","level":"INFO","source":"frontend","module":"webrtc/sframe-transform","message":"encrypted frame","context":{"kid":9,"ctr":2,"byteLength":62,"codecOffset":10}}

[90mstdout[2m | apps/validator-daemon/src/canary/__tests__/mesh-byzantine.test.ts[2m > [22m[2mREQ-RMS-017 — Byzantine under-server attributed to R via the SHIPPED canary pipeline[2m > [22m[2mthe per-relay accumulator isolates R from R2 (R2 has zero drops, never crosses the bound)
[22m[39m{"timestamp":"2026-06-22T06:17:50.242Z","level":"INFO","source":"frontend","module":"webrtc/sframe-transform","message":"encrypted frame","context":{"kid":9,"ctr":3,"byteLength":62,"codecOffset":10}}

[90mstdout[2m | apps/validator-daemon/src/canary/__tests__/mesh-byzantine.test.ts[2m > [22m[2mREQ-RMS-017 — Byzantine under-server attributed to R via the SHIPPED canary pipeline[2m > [22m[2mthe per-relay accumulator isolates R from R2 (R2 has zero drops, never crosses the bound)
[22m[39m{"timestamp":"2026-06-22T06:17:50.242Z","level":"INFO","source":"frontend","module":"webrtc/sframe-transform","message":"encrypted frame","context":{"kid":9,"ctr":4,"byteLength":62,"codecOffset":10}}

[90mstdout[2m | apps/validator-daemon/src/canary/__tests__/mesh-byzantine.test.ts[2m > [22m[2mREQ-RMS-017 — Byzantine under-server attributed to R via the SHIPPED canary pipeline[2m > [22m[2mthe per-relay accumulator isolates R from R2 (R2 has zero drops, never crosses the bound)
[22m[39m{"timestamp":"2026-06-22T06:17:50.243Z","level":"INFO","source":"frontend","module":"webrtc/sframe-transform","message":"encrypted frame","context":{"kid":9,"ctr":5,"byteLength":62,"codecOffset":10}}

[90mstdout[2m | apps/validator-daemon/src/canary/__tests__/mesh-byzantine.test.ts[2m > [22m[2mREQ-RMS-017 — Byzantine under-server attributed to R via the SHIPPED canary pipeline[2m > [22m[2mthe per-relay accumulator isolates R from R2 (R2 has zero drops, never crosses the bound)
[22m[39m{"timestamp":"2026-06-22T06:17:50.243Z","level":"INFO","source":"frontend","module":"webrtc/sframe-transform","message":"encrypted frame","context":{"kid":9,"ctr":6,"byteLength":62,"codecOffset":10}}

[90mstdout[2m | apps/validator-daemon/src/canary/__tests__/mesh-byzantine.test.ts[2m > [22m[2mREQ-RMS-017 — Byzantine under-server attributed to R via the SHIPPED canary pipeline[2m > [22m[2mthe per-relay accumulator isolates R from R2 (R2 has zero drops, never crosses the bound)
[22m[39m{"timestamp":"2026-06-22T06:17:50.244Z","level":"INFO","source":"frontend","module":"webrtc/sframe-transform","message":"encrypted frame","context":{"kid":9,"ctr":7,"byteLength":62,"codecOffset":10}}

{"level":30,"time":1782109070244,"pid":5904,"hostname":"Quang","name":"canary/verifier","canaryKid":9,"mediaPackets":8,"byteIdentical":8,"divergences":0,"msg":"canary forwarding verified"}
[90mstdout[2m | apps/validator-daemon/src/canary/__tests__/mesh-byzantine.test.ts[2m > [22m[2mREQ-RMS-017 — Byzantine under-server attributed to R via the SHIPPED canary pipeline[2m > [22m[2mthe per-relay accumulator isolates R from R2 (R2 has zero drops, never crosses the bound)
[22m[39m{"timestamp":"2026-06-22T06:17:50.244Z","level":"INFO","source":"frontend","module":"webrtc/sframe-transform","message":"encrypted frame","context":{"kid":9,"ctr":0,"byteLength":62,"codecOffset":10}}

[90mstdout[2m | apps/validator-daemon/src/canary/__tests__/mesh-byzantine.test.ts[2m > [22m[2mREQ-RMS-017 — Byzantine under-server attributed to R via the SHIPPED canary pipeline[2m > [22m[2mthe per-relay accumulator isolates R from R2 (R2 has zero drops, never crosses the bound)
[22m[39m{"timestamp":"2026-06-22T06:17:50.245Z","level":"INFO","source":"frontend","module":"webrtc/sframe-transform","message":"encrypted frame","context":{"kid":9,"ctr":1,"byteLength":62,"codecOffset":10}}

[90mstdout[2m | apps/validator-daemon/src/canary/__tests__/mesh-byzantine.test.ts[2m > [22m[2mREQ-RMS-017 — Byzantine under-server attributed to R via the SHIPPED canary pipeline[2m > [22m[2mthe per-relay accumulator isolates R from R2 (R2 has zero drops, never crosses the bound)
[22m[39m{"timestamp":"2026-06-22T06:17:50.245Z","level":"INFO","source":"frontend","module":"webrtc/sframe-transform","message":"encrypted frame","context":{"kid":9,"ctr":2,"byteLength":62,"codecOffset":10}}

[90mstdout[2m | apps/validator-daemon/src/canary/__tests__/mesh-byzantine.test.ts[2m > [22m[2mREQ-RMS-017 — Byzantine under-server attributed to R via the SHIPPED canary pipeline[2m > [22m[2mthe per-relay accumulator isolates R from R2 (R2 has zero drops, never crosses the bound)
[22m[39m{"timestamp":"2026-06-22T06:17:50.245Z","level":"INFO","source":"frontend","module":"webrtc/sframe-transform","message":"encrypted frame","context":{"kid":9,"ctr":3,"byteLength":62,"codecOffset":10}}

[90mstdout[2m | apps/validator-daemon/src/canary/__tests__/mesh-byzantine.test.ts[2m > [22m[2mREQ-RMS-017 — Byzantine under-server attributed to R via the SHIPPED canary pipeline[2m > [22m[2mthe per-relay accumulator isolates R from R2 (R2 has zero drops, never crosses the bound)
[22m[39m{"timestamp":"2026-06-22T06:17:50.246Z","level":"INFO","source":"frontend","module":"webrtc/sframe-transform","message":"encrypted frame","context":{"kid":9,"ctr":4,"byteLength":62,"codecOffset":10}}

[90mstdout[2m | apps/validator-daemon/src/canary/__tests__/mesh-byzantine.test.ts[2m > [22m[2mREQ-RMS-017 — Byzantine under-server attributed to R via the SHIPPED canary pipeline[2m > [22m[2mthe per-relay accumulator isolates R from R2 (R2 has zero drops, never crosses the bound)
[22m[39m{"timestamp":"2026-06-22T06:17:50.246Z","level":"INFO","source":"frontend","module":"webrtc/sframe-transform","message":"encrypted frame","context":{"kid":9,"ctr":5,"byteLength":62,"codecOffset":10}}

[90mstdout[2m | apps/validator-daemon/src/canary/__tests__/mesh-byzantine.test.ts[2m > [22m[2mREQ-RMS-017 — Byzantine under-server attributed to R via the SHIPPED canary pipeline[2m > [22m[2mthe per-relay accumulator isolates R from R2 (R2 has zero drops, never crosses the bound)
[22m[39m{"timestamp":"2026-06-22T06:17:50.247Z","level":"INFO","source":"frontend","module":"webrtc/sframe-transform","message":"encrypted frame","context":{"kid":9,"ctr":6,"byteLength":62,"codecOffset":10}}

[90mstdout[2m | apps/validator-daemon/src/canary/__tests__/mesh-byzantine.test.ts[2m > [22m[2mREQ-RMS-017 — Byzantine under-server attributed to R via the SHIPPED canary pipeline[2m > [22m[2mthe per-relay accumulator isolates R from R2 (R2 has zero drops, never crosses the bound)
[22m[39m{"timestamp":"2026-06-22T06:17:50.247Z","level":"INFO","source":"frontend","module":"webrtc/sframe-transform","message":"encrypted frame","context":{"kid":9,"ctr":7,"byteLength":62,"codecOffset":10}}

{"level":30,"time":1782109070247,"pid":5904,"hostname":"Quang","name":"canary/verifier","canaryKid":9,"mediaPackets":8,"byteIdentical":8,"divergences":0,"msg":"canary forwarding verified"}
{"level":30,"time":1782109070247,"pid":5904,"hostname":"Quang","name":"canary/loss-classifier","relayMinerId":"relay-honest-R2","promoted":0,"absorbed":0,"tampers":0,"cumulativeCrossed":false,"msg":"canary divergences classified (drop gate / tamper p=1)"}
{"level":30,"time":1782109070247,"pid":5904,"hostname":"Quang","name":"canary/verify-loop","round":5,"relayMinerId":"relay-honest-R2","roomId":"mesh-room","perReceiver":2,"promoted":0,"absorbed":0,"stunLossBps":"0","msg":"canary verify round classified (hermetic half — synthetic capture, STUN read live)"}
[90mstdout[2m | apps/validator-daemon/src/canary/__tests__/mesh-byzantine.test.ts[2m > [22m[2mREQ-RMS-017 — Byzantine under-server attributed to R via the SHIPPED canary pipeline[2m > [22m[2mthe per-relay accumulator isolates R from R2 (R2 has zero drops, never crosses the bound)
[22m[39m{"timestamp":"2026-06-22T06:17:50.249Z","level":"INFO","source":"frontend","module":"webrtc/sframe-transform","message":"encrypted frame","context":{"kid":9,"ctr":0,"byteLength":62,"codecOffset":10}}

[90mstdout[2m | apps/validator-daemon/src/canary/__tests__/mesh-byzantine.test.ts[2m > [22m[2mREQ-RMS-017 — Byzantine under-server attributed to R via the SHIPPED canary pipeline[2m > [22m[2mthe per-relay accumulator isolates R from R2 (R2 has zero drops, never crosses the bound)
[22m[39m{"timestamp":"2026-06-22T06:17:50.250Z","level":"INFO","source":"frontend","module":"webrtc/sframe-transform","message":"encrypted frame","context":{"kid":9,"ctr":1,"byteLength":62,"codecOffset":10}}

[90mstdout[2m | apps/validator-daemon/src/canary/__tests__/mesh-byzantine.test.ts[2m > [22m[2mREQ-RMS-017 — Byzantine under-server attributed to R via the SHIPPED canary pipeline[2m > [22m[2mthe per-relay accumulator isolates R from R2 (R2 has zero drops, never crosses the bound)
[22m[39m{"timestamp":"2026-06-22T06:17:50.250Z","level":"INFO","source":"frontend","module":"webrtc/sframe-transform","message":"encrypted frame","context":{"kid":9,"ctr":2,"byteLength":62,"codecOffset":10}}

[90mstdout[2m | apps/validator-daemon/src/canary/__tests__/mesh-byzantine.test.ts[2m > [22m[2mREQ-RMS-017 — Byzantine under-server attributed to R via the SHIPPED canary pipeline[2m > [22m[2mthe per-relay accumulator isolates R from R2 (R2 has zero drops, never crosses the bound)
[22m[39m{"timestamp":"2026-06-22T06:17:50.250Z","level":"INFO","source":"frontend","module":"webrtc/sframe-transform","message":"encrypted frame","context":{"kid":9,"ctr":3,"byteLength":62,"codecOffset":10}}

[90mstdout[2m | apps/validator-daemon/src/canary/__tests__/mesh-byzantine.test.ts[2m > [22m[2mREQ-RMS-017 — Byzantine under-server attributed to R via the SHIPPED canary pipeline[2m > [22m[2mthe per-relay accumulator isolates R from R2 (R2 has zero drops, never crosses the bound)
[22m[39m{"timestamp":"2026-06-22T06:17:50.251Z","level":"INFO","source":"frontend","module":"webrtc/sframe-transform","message":"encrypted frame","context":{"kid":9,"ctr":4,"byteLength":62,"codecOffset":10}}

[90mstdout[2m | apps/validator-daemon/src/canary/__tests__/mesh-byzantine.test.ts[2m > [22m[2mREQ-RMS-017 — Byzantine under-server attributed to R via the SHIPPED canary pipeline[2m > [22m[2mthe per-relay accumulator isolates R from R2 (R2 has zero drops, never crosses the bound)
[22m[39m{"timestamp":"2026-06-22T06:17:50.251Z","level":"INFO","source":"frontend","module":"webrtc/sframe-transform","message":"encrypted frame","context":{"kid":9,"ctr":6,"byteLength":62,"codecOffset":10}}

[90mstdout[2m | apps/validator-daemon/src/canary/__tests__/mesh-byzantine.test.ts[2m > [22m[2mREQ-RMS-017 — Byzantine under-server attributed to R via the SHIPPED canary pipeline[2m > [22m[2mthe per-relay accumulator isolates R from R2 (R2 has zero drops, never crosses the bound)
[22m[39m{"timestamp":"2026-06-22T06:17:50.251Z","level":"INFO","source":"frontend","module":"webrtc/sframe-transform","message":"encrypted frame","context":{"kid":9,"ctr":7,"byteLength":62,"codecOffset":10}}

[90mstdout[2m | apps/validator-daemon/src/canary/__tests__/mesh-byzantine.test.ts[2m > [22m[2mREQ-RMS-017 — Byzantine under-server attributed to R via the SHIPPED canary pipeline[2m > [22m[2mthe per-relay accumulator isolates R from R2 (R2 has zero drops, never crosses the bound)
[22m[39m{"timestamp":"2026-06-22T06:17:50.252Z","level":"INFO","source":"frontend","module":"webrtc/sframe-transform","message":"encrypted frame","context":{"kid":9,"ctr":0,"byteLength":62,"codecOffset":10}}

[90mstdout[2m | apps/validator-daemon/src/canary/__tests__/mesh-byzantine.test.ts[2m > [22m[2mREQ-RMS-017 — Byzantine under-server attributed to R via the SHIPPED canary pipeline[2m > [22m[2mthe per-relay accumulator isolates R from R2 (R2 has zero drops, never crosses the bound)
[22m[39m{"timestamp":"2026-06-22T06:17:50.252Z","level":"INFO","source":"frontend","module":"webrtc/sframe-transform","message":"encrypted frame","context":{"kid":9,"ctr":1,"byteLength":62,"codecOffset":10}}

[90mstdout[2m | apps/validator-daemon/src/canary/__tests__/mesh-byzantine.test.ts[2m > [22m[2mREQ-RMS-017 — Byzantine under-server attributed to R via the SHIPPED canary pipeline[2m > [22m[2mthe per-relay accumulator isolates R from R2 (R2 has zero drops, never crosses the bound)
[22m[39m{"timestamp":"2026-06-22T06:17:50.252Z","level":"INFO","source":"frontend","module":"webrtc/sframe-transform","message":"encrypted frame","context":{"kid":9,"ctr":2,"byteLength":62,"codecOffset":10}}

[90mstdout[2m | apps/validator-daemon/src/canary/__tests__/mesh-byzantine.test.ts[2m > [22m[2mREQ-RMS-017 — Byzantine under-server attributed to R via the SHIPPED canary pipeline[2m > [22m[2mthe per-relay accumulator isolates R from R2 (R2 has zero drops, never crosses the bound)
[22m[39m{"timestamp":"2026-06-22T06:17:50.253Z","level":"INFO","source":"frontend","module":"webrtc/sframe-transform","message":"encrypted frame","context":{"kid":9,"ctr":3,"byteLength":62,"codecOffset":10}}

[90mstdout[2m | apps/validator-daemon/src/canary/__tests__/mesh-byzantine.test.ts[2m > [22m[2mREQ-RMS-017 — Byzantine under-server attributed to R via the SHIPPED canary pipeline[2m > [22m[2mthe per-relay accumulator isolates R from R2 (R2 has zero drops, never crosses the bound)
[22m[39m{"timestamp":"2026-06-22T06:17:50.253Z","level":"INFO","source":"frontend","module":"webrtc/sframe-transform","message":"encrypted frame","context":{"kid":9,"ctr":4,"byteLength":62,"codecOffset":10}}

[90mstdout[2m | apps/validator-daemon/src/canary/__tests__/mesh-byzantine.test.ts[2m > [22m[2mREQ-RMS-017 — Byzantine under-server attributed to R via the SHIPPED canary pipeline[2m > [22m[2mthe per-relay accumulator isolates R from R2 (R2 has zero drops, never crosses the bound)
[22m[39m{"timestamp":"2026-06-22T06:17:50.253Z","level":"INFO","source":"frontend","module":"webrtc/sframe-transform","message":"encrypted frame","context":{"kid":9,"ctr":5,"byteLength":62,"codecOffset":10}}

[90mstdout[2m | apps/validator-daemon/src/canary/__tests__/mesh-byzantine.test.ts[2m > [22m[2mREQ-RMS-017 — Byzantine under-server attributed to R via the SHIPPED canary pipeline[2m > [22m[2mthe per-relay accumulator isolates R from R2 (R2 has zero drops, never crosses the bound)
[22m[39m{"timestamp":"2026-06-22T06:17:50.254Z","level":"INFO","source":"frontend","module":"webrtc/sframe-transform","message":"encrypted frame","context":{"kid":9,"ctr":6,"byteLength":62,"codecOffset":10}}

[90mstdout[2m | apps/validator-daemon/src/canary/__tests__/mesh-byzantine.test.ts[2m > [22m[2mREQ-RMS-017 — Byzantine under-server attributed to R via the SHIPPED canary pipeline[2m > [22m[2mthe per-relay accumulator isolates R from R2 (R2 has zero drops, never crosses the bound)
[22m[39m{"timestamp":"2026-06-22T06:17:50.254Z","level":"INFO","source":"frontend","module":"webrtc/sframe-transform","message":"encrypted frame","context":{"kid":9,"ctr":7,"byteLength":62,"codecOffset":10}}

{"level":30,"time":1782109070255,"pid":5904,"hostname":"Quang","name":"canary/verifier","canaryKid":9,"mediaPackets":7,"byteIdentical":7,"divergences":1,"msg":"canary forwarding verified"}
[90mstdout[2m | apps/validator-daemon/src/canary/__tests__/mesh-byzantine.test.ts[2m > [22m[2mREQ-RMS-017 — Byzantine under-server attributed to R via the SHIPPED canary pipeline[2m > [22m[2mthe per-relay accumulator isolates R from R2 (R2 has zero drops, never crosses the bound)
[22m[39m{"timestamp":"2026-06-22T06:17:50.255Z","level":"INFO","source":"frontend","module":"webrtc/sframe-transform","message":"encrypted frame","context":{"kid":9,"ctr":0,"byteLength":62,"codecOffset":10}}

[90mstdout[2m | apps/validator-daemon/src/canary/__tests__/mesh-byzantine.test.ts[2m > [22m[2mREQ-RMS-017 — Byzantine under-server attributed to R via the SHIPPED canary pipeline[2m > [22m[2mthe per-relay accumulator isolates R from R2 (R2 has zero drops, never crosses the bound)
[22m[39m{"timestamp":"2026-06-22T06:17:50.255Z","level":"INFO","source":"frontend","module":"webrtc/sframe-transform","message":"encrypted frame","context":{"kid":9,"ctr":1,"byteLength":62,"codecOffset":10}}

[90mstdout[2m | apps/validator-daemon/src/canary/__tests__/mesh-byzantine.test.ts[2m > [22m[2mREQ-RMS-017 — Byzantine under-server attributed to R via the SHIPPED canary pipeline[2m > [22m[2mthe per-relay accumulator isolates R from R2 (R2 has zero drops, never crosses the bound)
[22m[39m{"timestamp":"2026-06-22T06:17:50.256Z","level":"INFO","source":"frontend","module":"webrtc/sframe-transform","message":"encrypted frame","context":{"kid":9,"ctr":2,"byteLength":62,"codecOffset":10}}

[90mstdout[2m | apps/validator-daemon/src/canary/__tests__/mesh-byzantine.test.ts[2m > [22m[2mREQ-RMS-017 — Byzantine under-server attributed to R via the SHIPPED canary pipeline[2m > [22m[2mthe per-relay accumulator isolates R from R2 (R2 has zero drops, never crosses the bound)
[22m[39m{"timestamp":"2026-06-22T06:17:50.256Z","level":"INFO","source":"frontend","module":"webrtc/sframe-transform","message":"encrypted frame","context":{"kid":9,"ctr":3,"byteLength":62,"codecOffset":10}}

[90mstdout[2m | apps/validator-daemon/src/canary/__tests__/mesh-byzantine.test.ts[2m > [22m[2mREQ-RMS-017 — Byzantine under-server attributed to R via the SHIPPED canary pipeline[2m > [22m[2mthe per-relay accumulator isolates R from R2 (R2 has zero drops, never crosses the bound)
[22m[39m{"timestamp":"2026-06-22T06:17:50.257Z","level":"INFO","source":"frontend","module":"webrtc/sframe-transform","message":"encrypted frame","context":{"kid":9,"ctr":4,"byteLength":62,"codecOffset":10}}

[90mstdout[2m | apps/validator-daemon/src/canary/__tests__/mesh-byzantine.test.ts[2m > [22m[2mREQ-RMS-017 — Byzantine under-server attributed to R via the SHIPPED canary pipeline[2m > [22m[2mthe per-relay accumulator isolates R from R2 (R2 has zero drops, never crosses the bound)
[22m[39m{"timestamp":"2026-06-22T06:17:50.257Z","level":"INFO","source":"frontend","module":"webrtc/sframe-transform","message":"encrypted frame","context":{"kid":9,"ctr":5,"byteLength":62,"codecOffset":10}}

[90mstdout[2m | apps/validator-daemon/src/canary/__tests__/mesh-byzantine.test.ts[2m > [22m[2mREQ-RMS-017 — Byzantine under-server attributed to R via the SHIPPED canary pipeline[2m > [22m[2mthe per-relay accumulator isolates R from R2 (R2 has zero drops, never crosses the bound)
[22m[39m{"timestamp":"2026-06-22T06:17:50.258Z","level":"INFO","source":"frontend","module":"webrtc/sframe-transform","message":"encrypted frame","context":{"kid":9,"ctr":6,"byteLength":62,"codecOffset":10}}

[90mstdout[2m | apps/validator-daemon/src/canary/__tests__/mesh-byzantine.test.ts[2m > [22m[2mREQ-RMS-017 — Byzantine under-server attributed to R via the SHIPPED canary pipeline[2m > [22m[2mthe per-relay accumulator isolates R from R2 (R2 has zero drops, never crosses the bound)
[22m[39m{"timestamp":"2026-06-22T06:17:50.258Z","level":"INFO","source":"frontend","module":"webrtc/sframe-transform","message":"encrypted frame","context":{"kid":9,"ctr":7,"byteLength":62,"codecOffset":10}}

{"level":30,"time":1782109070258,"pid":5904,"hostname":"Quang","name":"canary/verifier","canaryKid":9,"mediaPackets":7,"byteIdentical":7,"divergences":1,"msg":"canary forwarding verified"}
{"level":30,"time":1782109070258,"pid":5904,"hostname":"Quang","name":"canary/loss-classifier","relayMinerId":"relay-byzantine-R","promoted":1,"absorbed":0,"tampers":0,"cumulativeCrossed":true,"msg":"canary divergences classified (drop gate / tamper p=1)"}
{"level":30,"time":1782109070260,"pid":5904,"hostname":"Quang","name":"canary/verify-loop","round":6,"relayMinerId":"relay-byzantine-R","roomId":"mesh-room","perReceiver":2,"promoted":1,"absorbed":0,"stunLossBps":"0","msg":"canary verify round classified (hermetic half — synthetic capture, STUN read live)"}
[90mstdout[2m | apps/validator-daemon/src/canary/__tests__/mesh-byzantine.test.ts[2m > [22m[2mREQ-RMS-017 — Byzantine under-server attributed to R via the SHIPPED canary pipeline[2m > [22m[2mthe per-relay accumulator isolates R from R2 (R2 has zero drops, never crosses the bound)
[22m[39m{"timestamp":"2026-06-22T06:17:50.260Z","level":"INFO","source":"frontend","module":"webrtc/sframe-transform","message":"encrypted frame","context":{"kid":9,"ctr":0,"byteLength":62,"codecOffset":10}}

[90mstdout[2m | apps/validator-daemon/src/canary/__tests__/mesh-byzantine.test.ts[2m > [22m[2mREQ-RMS-017 — Byzantine under-server attributed to R via the SHIPPED canary pipeline[2m > [22m[2mthe per-relay accumulator isolates R from R2 (R2 has zero drops, never crosses the bound)
[22m[39m{"timestamp":"2026-06-22T06:17:50.261Z","level":"INFO","source":"frontend","module":"webrtc/sframe-transform","message":"encrypted frame","context":{"kid":9,"ctr":1,"byteLength":62,"codecOffset":10}}

[90mstdout[2m | apps/validator-daemon/src/canary/__tests__/mesh-byzantine.test.ts[2m > [22m[2mREQ-RMS-017 — Byzantine under-server attributed to R via the SHIPPED canary pipeline[2m > [22m[2mthe per-relay accumulator isolates R from R2 (R2 has zero drops, never crosses the bound)
[22m[39m{"timestamp":"2026-06-22T06:17:50.262Z","level":"INFO","source":"frontend","module":"webrtc/sframe-transform","message":"encrypted frame","context":{"kid":9,"ctr":2,"byteLength":62,"codecOffset":10}}

[90mstdout[2m | apps/validator-daemon/src/canary/__tests__/mesh-byzantine.test.ts[2m > [22m[2mREQ-RMS-017 — Byzantine under-server attributed to R via the SHIPPED canary pipeline[2m > [22m[2mthe per-relay accumulator isolates R from R2 (R2 has zero drops, never crosses the bound)
[22m[39m{"timestamp":"2026-06-22T06:17:50.262Z","level":"INFO","source":"frontend","module":"webrtc/sframe-transform","message":"encrypted frame","context":{"kid":9,"ctr":3,"byteLength":62,"codecOffset":10}}

[90mstdout[2m | apps/validator-daemon/src/canary/__tests__/mesh-byzantine.test.ts[2m > [22m[2mREQ-RMS-017 — Byzantine under-server attributed to R via the SHIPPED canary pipeline[2m > [22m[2mthe per-relay accumulator isolates R from R2 (R2 has zero drops, never crosses the bound)
[22m[39m{"timestamp":"2026-06-22T06:17:50.263Z","level":"INFO","source":"frontend","module":"webrtc/sframe-transform","message":"encrypted frame","context":{"kid":9,"ctr":4,"byteLength":62,"codecOffset":10}}

[90mstdout[2m | apps/validator-daemon/src/canary/__tests__/mesh-byzantine.test.ts[2m > [22m[2mREQ-RMS-017 — Byzantine under-server attributed to R via the SHIPPED canary pipeline[2m > [22m[2mthe per-relay accumulator isolates R from R2 (R2 has zero drops, never crosses the bound)
[22m[39m{"timestamp":"2026-06-22T06:17:50.263Z","level":"INFO","source":"frontend","module":"webrtc/sframe-transform","message":"encrypted frame","context":{"kid":9,"ctr":5,"byteLength":62,"codecOffset":10}}

[90mstdout[2m | apps/validator-daemon/src/canary/__tests__/mesh-byzantine.test.ts[2m > [22m[2mREQ-RMS-017 — Byzantine under-server attributed to R via the SHIPPED canary pipeline[2m > [22m[2mthe per-relay accumulator isolates R from R2 (R2 has zero drops, never crosses the bound)
[22m[39m{"timestamp":"2026-06-22T06:17:50.264Z","level":"INFO","source":"frontend","module":"webrtc/sframe-transform","message":"encrypted frame","context":{"kid":9,"ctr":6,"byteLength":62,"codecOffset":10}}

[90mstdout[2m | apps/validator-daemon/src/canary/__tests__/mesh-byzantine.test.ts[2m > [22m[2mREQ-RMS-017 — Byzantine under-server attributed to R via the SHIPPED canary pipeline[2m > [22m[2mthe per-relay accumulator isolates R from R2 (R2 has zero drops, never crosses the bound)
[22m[39m{"timestamp":"2026-06-22T06:17:50.264Z","level":"INFO","source":"frontend","module":"webrtc/sframe-transform","message":"encrypted frame","context":{"kid":9,"ctr":7,"byteLength":62,"codecOffset":10}}

[90mstdout[2m | apps/validator-daemon/src/canary/__tests__/mesh-byzantine.test.ts[2m > [22m[2mREQ-RMS-017 — Byzantine under-server attributed to R via the SHIPPED canary pipeline[2m > [22m[2mthe per-relay accumulator isolates R from R2 (R2 has zero drops, never crosses the bound)
[22m[39m{"timestamp":"2026-06-22T06:17:50.264Z","level":"INFO","source":"frontend","module":"webrtc/sframe-transform","message":"encrypted frame","context":{"kid":9,"ctr":0,"byteLength":62,"codecOffset":10}}

[90mstdout[2m | apps/validator-daemon/src/canary/__tests__/mesh-byzantine.test.ts[2m > [22m[2mREQ-RMS-017 — Byzantine under-server attributed to R via the SHIPPED canary pipeline[2m > [22m[2mthe per-relay accumulator isolates R from R2 (R2 has zero drops, never crosses the bound)
[22m[39m{"timestamp":"2026-06-22T06:17:50.265Z","level":"INFO","source":"frontend","module":"webrtc/sframe-transform","message":"encrypted frame","context":{"kid":9,"ctr":1,"byteLength":62,"codecOffset":10}}

[90mstdout[2m | apps/validator-daemon/src/canary/__tests__/mesh-byzantine.test.ts[2m > [22m[2mREQ-RMS-017 — Byzantine under-server attributed to R via the SHIPPED canary pipeline[2m > [22m[2mthe per-relay accumulator isolates R from R2 (R2 has zero drops, never crosses the bound)
[22m[39m{"timestamp":"2026-06-22T06:17:50.265Z","level":"INFO","source":"frontend","module":"webrtc/sframe-transform","message":"encrypted frame","context":{"kid":9,"ctr":2,"byteLength":62,"codecOffset":10}}

[90mstdout[2m | apps/validator-daemon/src/canary/__tests__/mesh-byzantine.test.ts[2m > [22m[2mREQ-RMS-017 — Byzantine under-server attributed to R via the SHIPPED canary pipeline[2m > [22m[2mthe per-relay accumulator isolates R from R2 (R2 has zero drops, never crosses the bound)
[22m[39m{"timestamp":"2026-06-22T06:17:50.265Z","level":"INFO","source":"frontend","module":"webrtc/sframe-transform","message":"encrypted frame","context":{"kid":9,"ctr":3,"byteLength":62,"codecOffset":10}}

[90mstdout[2m | apps/validator-daemon/src/canary/__tests__/mesh-byzantine.test.ts[2m > [22m[2mREQ-RMS-017 — Byzantine under-server attributed to R via the SHIPPED canary pipeline[2m > [22m[2mthe per-relay accumulator isolates R from R2 (R2 has zero drops, never crosses the bound)
[22m[39m{"timestamp":"2026-06-22T06:17:50.266Z","level":"INFO","source":"frontend","module":"webrtc/sframe-transform","message":"encrypted frame","context":{"kid":9,"ctr":4,"byteLength":62,"codecOffset":10}}

[90mstdout[2m | apps/validator-daemon/src/canary/__tests__/mesh-byzantine.test.ts[2m > [22m[2mREQ-RMS-017 — Byzantine under-server attributed to R via the SHIPPED canary pipeline[2m > [22m[2mthe per-relay accumulator isolates R from R2 (R2 has zero drops, never crosses the bound)
[22m[39m{"timestamp":"2026-06-22T06:17:50.266Z","level":"INFO","source":"frontend","module":"webrtc/sframe-transform","message":"encrypted frame","context":{"kid":9,"ctr":5,"byteLength":62,"codecOffset":10}}

[90mstdout[2m | apps/validator-daemon/src/canary/__tests__/mesh-byzantine.test.ts[2m > [22m[2mREQ-RMS-017 — Byzantine under-server attributed to R via the SHIPPED canary pipeline[2m > [22m[2mthe per-relay accumulator isolates R from R2 (R2 has zero drops, never crosses the bound)
[22m[39m{"timestamp":"2026-06-22T06:17:50.267Z","level":"INFO","source":"frontend","module":"webrtc/sframe-transform","message":"encrypted frame","context":{"kid":9,"ctr":6,"byteLength":62,"codecOffset":10}}

[90mstdout[2m | apps/validator-daemon/src/canary/__tests__/mesh-byzantine.test.ts[2m > [22m[2mREQ-RMS-017 — Byzantine under-server attributed to R via the SHIPPED canary pipeline[2m > [22m[2mthe per-relay accumulator isolates R from R2 (R2 has zero drops, never crosses the bound)
[22m[39m{"timestamp":"2026-06-22T06:17:50.267Z","level":"INFO","source":"frontend","module":"webrtc/sframe-transform","message":"encrypted frame","context":{"kid":9,"ctr":7,"byteLength":62,"codecOffset":10}}

{"level":30,"time":1782109070267,"pid":5904,"hostname":"Quang","name":"canary/verifier","canaryKid":9,"mediaPackets":8,"byteIdentical":8,"divergences":0,"msg":"canary forwarding verified"}
[90mstdout[2m | apps/validator-daemon/src/canary/__tests__/mesh-byzantine.test.ts[2m > [22m[2mREQ-RMS-017 — Byzantine under-server attributed to R via the SHIPPED canary pipeline[2m > [22m[2mthe per-relay accumulator isolates R from R2 (R2 has zero drops, never crosses the bound)
[22m[39m{"timestamp":"2026-06-22T06:17:50.268Z","level":"INFO","source":"frontend","module":"webrtc/sframe-transform","message":"encrypted frame","context":{"kid":9,"ctr":0,"byteLength":62,"codecOffset":10}}

[90mstdout[2m | apps/validator-daemon/src/canary/__tests__/mesh-byzantine.test.ts[2m > [22m[2mREQ-RMS-017 — Byzantine under-server attributed to R via the SHIPPED canary pipeline[2m > [22m[2mthe per-relay accumulator isolates R from R2 (R2 has zero drops, never crosses the bound)
[22m[39m{"timestamp":"2026-06-22T06:17:50.268Z","level":"INFO","source":"frontend","module":"webrtc/sframe-transform","message":"encrypted frame","context":{"kid":9,"ctr":1,"byteLength":62,"codecOffset":10}}

[90mstdout[2m | apps/validator-daemon/src/canary/__tests__/mesh-byzantine.test.ts[2m > [22m[2mREQ-RMS-017 — Byzantine under-server attributed to R via the SHIPPED canary pipeline[2m > [22m[2mthe per-relay accumulator isolates R from R2 (R2 has zero drops, never crosses the bound)
[22m[39m{"timestamp":"2026-06-22T06:17:50.268Z","level":"INFO","source":"frontend","module":"webrtc/sframe-transform","message":"encrypted frame","context":{"kid":9,"ctr":2,"byteLength":62,"codecOffset":10}}

[90mstdout[2m | apps/validator-daemon/src/canary/__tests__/mesh-byzantine.test.ts[2m > [22m[2mREQ-RMS-017 — Byzantine under-server attributed to R via the SHIPPED canary pipeline[2m > [22m[2mthe per-relay accumulator isolates R from R2 (R2 has zero drops, never crosses the bound)
[22m[39m{"timestamp":"2026-06-22T06:17:50.269Z","level":"INFO","source":"frontend","module":"webrtc/sframe-transform","message":"encrypted frame","context":{"kid":9,"ctr":3,"byteLength":62,"codecOffset":10}}

[90mstdout[2m | apps/validator-daemon/src/canary/__tests__/mesh-byzantine.test.ts[2m > [22m[2mREQ-RMS-017 — Byzantine under-server attributed to R via the SHIPPED canary pipeline[2m > [22m[2mthe per-relay accumulator isolates R from R2 (R2 has zero drops, never crosses the bound)
[22m[39m{"timestamp":"2026-06-22T06:17:50.269Z","level":"INFO","source":"frontend","module":"webrtc/sframe-transform","message":"encrypted frame","context":{"kid":9,"ctr":4,"byteLength":62,"codecOffset":10}}

[90mstdout[2m | apps/validator-daemon/src/canary/__tests__/mesh-byzantine.test.ts[2m > [22m[2mREQ-RMS-017 — Byzantine under-server attributed to R via the SHIPPED canary pipeline[2m > [22m[2mthe per-relay accumulator isolates R from R2 (R2 has zero drops, never crosses the bound)
[22m[39m{"timestamp":"2026-06-22T06:17:50.269Z","level":"INFO","source":"frontend","module":"webrtc/sframe-transform","message":"encrypted frame","context":{"kid":9,"ctr":5,"byteLength":62,"codecOffset":10}}

[90mstdout[2m | apps/validator-daemon/src/canary/__tests__/mesh-byzantine.test.ts[2m > [22m[2mREQ-RMS-017 — Byzantine under-server attributed to R via the SHIPPED canary pipeline[2m > [22m[2mthe per-relay accumulator isolates R from R2 (R2 has zero drops, never crosses the bound)
[22m[39m{"timestamp":"2026-06-22T06:17:50.270Z","level":"INFO","source":"frontend","module":"webrtc/sframe-transform","message":"encrypted frame","context":{"kid":9,"ctr":6,"byteLength":62,"codecOffset":10}}

[90mstdout[2m | apps/validator-daemon/src/canary/__tests__/mesh-byzantine.test.ts[2m > [22m[2mREQ-RMS-017 — Byzantine under-server attributed to R via the SHIPPED canary pipeline[2m > [22m[2mthe per-relay accumulator isolates R from R2 (R2 has zero drops, never crosses the bound)
[22m[39m{"timestamp":"2026-06-22T06:17:50.270Z","level":"INFO","source":"frontend","module":"webrtc/sframe-transform","message":"encrypted frame","context":{"kid":9,"ctr":7,"byteLength":62,"codecOffset":10}}

{"level":30,"time":1782109070270,"pid":5904,"hostname":"Quang","name":"canary/verifier","canaryKid":9,"mediaPackets":8,"byteIdentical":8,"divergences":0,"msg":"canary forwarding verified"}
{"level":30,"time":1782109070270,"pid":5904,"hostname":"Quang","name":"canary/loss-classifier","relayMinerId":"relay-honest-R2","promoted":0,"absorbed":0,"tampers":0,"cumulativeCrossed":false,"msg":"canary divergences classified (drop gate / tamper p=1)"}
{"level":30,"time":1782109070270,"pid":5904,"hostname":"Quang","name":"canary/verify-loop","round":6,"relayMinerId":"relay-honest-R2","roomId":"mesh-room","perReceiver":2,"promoted":0,"absorbed":0,"stunLossBps":"0","msg":"canary verify round classified (hermetic half — synthetic capture, STUN read live)"}
[90mstdout[2m | apps/validator-daemon/src/canary/__tests__/mesh-byzantine.test.ts[2m > [22m[2mREQ-RMS-017 — Byzantine under-server attributed to R via the SHIPPED canary pipeline[2m > [22m[2mNEGATIVE control — an all-honest mesh (R also forwards everything) produces NO slash
[22m[39m{"timestamp":"2026-06-22T06:17:50.273Z","level":"INFO","source":"frontend","module":"webrtc/sframe-transform","message":"encrypted frame","context":{"kid":9,"ctr":0,"byteLength":62,"codecOffset":10}}

[90mstdout[2m | apps/validator-daemon/src/canary/__tests__/mesh-byzantine.test.ts[2m > [22m[2mREQ-RMS-017 — Byzantine under-server attributed to R via the SHIPPED canary pipeline[2m > [22m[2mNEGATIVE control — an all-honest mesh (R also forwards everything) produces NO slash
[22m[39m{"timestamp":"2026-06-22T06:17:50.273Z","level":"INFO","source":"frontend","module":"webrtc/sframe-transform","message":"encrypted frame","context":{"kid":9,"ctr":1,"byteLength":62,"codecOffset":10}}

[90mstdout[2m | apps/validator-daemon/src/canary/__tests__/mesh-byzantine.test.ts[2m > [22m[2mREQ-RMS-017 — Byzantine under-server attributed to R via the SHIPPED canary pipeline[2m > [22m[2mNEGATIVE control — an all-honest mesh (R also forwards everything) produces NO slash
[22m[39m{"timestamp":"2026-06-22T06:17:50.274Z","level":"INFO","source":"frontend","module":"webrtc/sframe-transform","message":"encrypted frame","context":{"kid":9,"ctr":2,"byteLength":62,"codecOffset":10}}

[90mstdout[2m | apps/validator-daemon/src/canary/__tests__/mesh-byzantine.test.ts[2m > [22m[2mREQ-RMS-017 — Byzantine under-server attributed to R via the SHIPPED canary pipeline[2m > [22m[2mNEGATIVE control — an all-honest mesh (R also forwards everything) produces NO slash
[22m[39m{"timestamp":"2026-06-22T06:17:50.274Z","level":"INFO","source":"frontend","module":"webrtc/sframe-transform","message":"encrypted frame","context":{"kid":9,"ctr":3,"byteLength":62,"codecOffset":10}}

[90mstdout[2m | apps/validator-daemon/src/canary/__tests__/mesh-byzantine.test.ts[2m > [22m[2mREQ-RMS-017 — Byzantine under-server attributed to R via the SHIPPED canary pipeline[2m > [22m[2mNEGATIVE control — an all-honest mesh (R also forwards everything) produces NO slash
[22m[39m{"timestamp":"2026-06-22T06:17:50.275Z","level":"INFO","source":"frontend","module":"webrtc/sframe-transform","message":"encrypted frame","context":{"kid":9,"ctr":4,"byteLength":62,"codecOffset":10}}

[90mstdout[2m | apps/validator-daemon/src/canary/__tests__/mesh-byzantine.test.ts[2m > [22m[2mREQ-RMS-017 — Byzantine under-server attributed to R via the SHIPPED canary pipeline[2m > [22m[2mNEGATIVE control — an all-honest mesh (R also forwards everything) produces NO slash
[22m[39m{"timestamp":"2026-06-22T06:17:50.275Z","level":"INFO","source":"frontend","module":"webrtc/sframe-transform","message":"encrypted frame","context":{"kid":9,"ctr":5,"byteLength":62,"codecOffset":10}}

[90mstdout[2m | apps/validator-daemon/src/canary/__tests__/mesh-byzantine.test.ts[2m > [22m[2mREQ-RMS-017 — Byzantine under-server attributed to R via the SHIPPED canary pipeline[2m > [22m[2mNEGATIVE control — an all-honest mesh (R also forwards everything) produces NO slash
[22m[39m{"timestamp":"2026-06-22T06:17:50.275Z","level":"INFO","source":"frontend","module":"webrtc/sframe-transform","message":"encrypted frame","context":{"kid":9,"ctr":6,"byteLength":62,"codecOffset":10}}

[90mstdout[2m | apps/validator-daemon/src/canary/__tests__/mesh-byzantine.test.ts[2m > [22m[2mREQ-RMS-017 — Byzantine under-server attributed to R via the SHIPPED canary pipeline[2m > [22m[2mNEGATIVE control — an all-honest mesh (R also forwards everything) produces NO slash
[22m[39m{"timestamp":"2026-06-22T06:17:50.276Z","level":"INFO","source":"frontend","module":"webrtc/sframe-transform","message":"encrypted frame","context":{"kid":9,"ctr":7,"byteLength":62,"codecOffset":10}}

[90mstdout[2m | apps/validator-daemon/src/canary/__tests__/mesh-byzantine.test.ts[2m > [22m[2mREQ-RMS-017 — Byzantine under-server attributed to R via the SHIPPED canary pipeline[2m > [22m[2mNEGATIVE control — an all-honest mesh (R also forwards everything) produces NO slash
[22m[39m{"timestamp":"2026-06-22T06:17:50.277Z","level":"INFO","source":"frontend","module":"webrtc/sframe-transform","message":"encrypted frame","context":{"kid":9,"ctr":0,"byteLength":62,"codecOffset":10}}

[90mstdout[2m | apps/validator-daemon/src/canary/__tests__/mesh-byzantine.test.ts[2m > [22m[2mREQ-RMS-017 — Byzantine under-server attributed to R via the SHIPPED canary pipeline[2m > [22m[2mNEGATIVE control — an all-honest mesh (R also forwards everything) produces NO slash
[22m[39m{"timestamp":"2026-06-22T06:17:50.277Z","level":"INFO","source":"frontend","module":"webrtc/sframe-transform","message":"encrypted frame","context":{"kid":9,"ctr":1,"byteLength":62,"codecOffset":10}}

[90mstdout[2m | apps/validator-daemon/src/canary/__tests__/mesh-byzantine.test.ts[2m > [22m[2mREQ-RMS-017 — Byzantine under-server attributed to R via the SHIPPED canary pipeline[2m > [22m[2mNEGATIVE control — an all-honest mesh (R also forwards everything) produces NO slash
[22m[39m{"timestamp":"2026-06-22T06:17:50.278Z","level":"INFO","source":"frontend","module":"webrtc/sframe-transform","message":"encrypted frame","context":{"kid":9,"ctr":2,"byteLength":62,"codecOffset":10}}

[90mstdout[2m | apps/validator-daemon/src/canary/__tests__/mesh-byzantine.test.ts[2m > [22m[2mREQ-RMS-017 — Byzantine under-server attributed to R via the SHIPPED canary pipeline[2m > [22m[2mNEGATIVE control — an all-honest mesh (R also forwards everything) produces NO slash
[22m[39m{"timestamp":"2026-06-22T06:17:50.278Z","level":"INFO","source":"frontend","module":"webrtc/sframe-transform","message":"encrypted frame","context":{"kid":9,"ctr":3,"byteLength":62,"codecOffset":10}}

[90mstdout[2m | apps/validator-daemon/src/canary/__tests__/mesh-byzantine.test.ts[2m > [22m[2mREQ-RMS-017 — Byzantine under-server attributed to R via the SHIPPED canary pipeline[2m > [22m[2mNEGATIVE control — an all-honest mesh (R also forwards everything) produces NO slash
[22m[39m{"timestamp":"2026-06-22T06:17:50.279Z","level":"INFO","source":"frontend","module":"webrtc/sframe-transform","message":"encrypted frame","context":{"kid":9,"ctr":4,"byteLength":62,"codecOffset":10}}

[90mstdout[2m | apps/validator-daemon/src/canary/__tests__/mesh-byzantine.test.ts[2m > [22m[2mREQ-RMS-017 — Byzantine under-server attributed to R via the SHIPPED canary pipeline[2m > [22m[2mNEGATIVE control — an all-honest mesh (R also forwards everything) produces NO slash
[22m[39m{"timestamp":"2026-06-22T06:17:50.279Z","level":"INFO","source":"frontend","module":"webrtc/sframe-transform","message":"encrypted frame","context":{"kid":9,"ctr":5,"byteLength":62,"codecOffset":10}}

[90mstdout[2m | apps/validator-daemon/src/canary/__tests__/mesh-byzantine.test.ts[2m > [22m[2mREQ-RMS-017 — Byzantine under-server attributed to R via the SHIPPED canary pipeline[2m > [22m[2mNEGATIVE control — an all-honest mesh (R also forwards everything) produces NO slash
[22m[39m{"timestamp":"2026-06-22T06:17:50.280Z","level":"INFO","source":"frontend","module":"webrtc/sframe-transform","message":"encrypted frame","context":{"kid":9,"ctr":6,"byteLength":62,"codecOffset":10}}

[90mstdout[2m | apps/validator-daemon/src/canary/__tests__/mesh-byzantine.test.ts[2m > [22m[2mREQ-RMS-017 — Byzantine under-server attributed to R via the SHIPPED canary pipeline[2m > [22m[2mNEGATIVE control — an all-honest mesh (R also forwards everything) produces NO slash
[22m[39m{"timestamp":"2026-06-22T06:17:50.281Z","level":"INFO","source":"frontend","module":"webrtc/sframe-transform","message":"encrypted frame","context":{"kid":9,"ctr":7,"byteLength":62,"codecOffset":10}}

{"level":30,"time":1782109070281,"pid":5904,"hostname":"Quang","name":"canary/verifier","canaryKid":9,"mediaPackets":8,"byteIdentical":8,"divergences":0,"msg":"canary forwarding verified"}
[90mstdout[2m | apps/validator-daemon/src/canary/__tests__/mesh-byzantine.test.ts[2m > [22m[2mREQ-RMS-017 — Byzantine under-server attributed to R via the SHIPPED canary pipeline[2m > [22m[2mNEGATIVE control — an all-honest mesh (R also forwards everything) produces NO slash
[22m[39m{"timestamp":"2026-06-22T06:17:50.282Z","level":"INFO","source":"frontend","module":"webrtc/sframe-transform","message":"encrypted frame","context":{"kid":9,"ctr":0,"byteLength":62,"codecOffset":10}}

[90mstdout[2m | apps/validator-daemon/src/canary/__tests__/mesh-byzantine.test.ts[2m > [22m[2mREQ-RMS-017 — Byzantine under-server attributed to R via the SHIPPED canary pipeline[2m > [22m[2mNEGATIVE control — an all-honest mesh (R also forwards everything) produces NO slash
[22m[39m{"timestamp":"2026-06-22T06:17:50.282Z","level":"INFO","source":"frontend","module":"webrtc/sframe-transform","message":"encrypted frame","context":{"kid":9,"ctr":1,"byteLength":62,"codecOffset":10}}

[90mstdout[2m | apps/validator-daemon/src/canary/__tests__/mesh-byzantine.test.ts[2m > [22m[2mREQ-RMS-017 — Byzantine under-server attributed to R via the SHIPPED canary pipeline[2m > [22m[2mNEGATIVE control — an all-honest mesh (R also forwards everything) produces NO slash
[22m[39m{"timestamp":"2026-06-22T06:17:50.283Z","level":"INFO","source":"frontend","module":"webrtc/sframe-transform","message":"encrypted frame","context":{"kid":9,"ctr":2,"byteLength":62,"codecOffset":10}}

[90mstdout[2m | apps/validator-daemon/src/canary/__tests__/mesh-byzantine.test.ts[2m > [22m[2mREQ-RMS-017 — Byzantine under-server attributed to R via the SHIPPED canary pipeline[2m > [22m[2mNEGATIVE control — an all-honest mesh (R also forwards everything) produces NO slash
[22m[39m{"timestamp":"2026-06-22T06:17:50.283Z","level":"INFO","source":"frontend","module":"webrtc/sframe-transform","message":"encrypted frame","context":{"kid":9,"ctr":3,"byteLength":62,"codecOffset":10}}

[90mstdout[2m | apps/validator-daemon/src/canary/__tests__/mesh-byzantine.test.ts[2m > [22m[2mREQ-RMS-017 — Byzantine under-server attributed to R via the SHIPPED canary pipeline[2m > [22m[2mNEGATIVE control — an all-honest mesh (R also forwards everything) produces NO slash
[22m[39m{"timestamp":"2026-06-22T06:17:50.284Z","level":"INFO","source":"frontend","module":"webrtc/sframe-transform","message":"encrypted frame","context":{"kid":9,"ctr":4,"byteLength":62,"codecOffset":10}}

[90mstdout[2m | apps/validator-daemon/src/canary/__tests__/mesh-byzantine.test.ts[2m > [22m[2mREQ-RMS-017 — Byzantine under-server attributed to R via the SHIPPED canary pipeline[2m > [22m[2mNEGATIVE control — an all-honest mesh (R also forwards everything) produces NO slash
[22m[39m{"timestamp":"2026-06-22T06:17:50.285Z","level":"INFO","source":"frontend","module":"webrtc/sframe-transform","message":"encrypted frame","context":{"kid":9,"ctr":5,"byteLength":62,"codecOffset":10}}

[90mstdout[2m | apps/validator-daemon/src/canary/__tests__/mesh-byzantine.test.ts[2m > [22m[2mREQ-RMS-017 — Byzantine under-server attributed to R via the SHIPPED canary pipeline[2m > [22m[2mNEGATIVE control — an all-honest mesh (R also forwards everything) produces NO slash
[22m[39m{"timestamp":"2026-06-22T06:17:50.285Z","level":"INFO","source":"frontend","module":"webrtc/sframe-transform","message":"encrypted frame","context":{"kid":9,"ctr":6,"byteLength":62,"codecOffset":10}}

[90mstdout[2m | apps/validator-daemon/src/canary/__tests__/mesh-byzantine.test.ts[2m > [22m[2mREQ-RMS-017 — Byzantine under-server attributed to R via the SHIPPED canary pipeline[2m > [22m[2mNEGATIVE control — an all-honest mesh (R also forwards everything) produces NO slash
[22m[39m{"timestamp":"2026-06-22T06:17:50.286Z","level":"INFO","source":"frontend","module":"webrtc/sframe-transform","message":"encrypted frame","context":{"kid":9,"ctr":7,"byteLength":62,"codecOffset":10}}

{"level":30,"time":1782109070286,"pid":5904,"hostname":"Quang","name":"canary/verifier","canaryKid":9,"mediaPackets":8,"byteIdentical":8,"divergences":0,"msg":"canary forwarding verified"}
{"level":30,"time":1782109070286,"pid":5904,"hostname":"Quang","name":"canary/loss-classifier","relayMinerId":"relay-byzantine-R","promoted":0,"absorbed":0,"tampers":0,"cumulativeCrossed":false,"msg":"canary divergences classified (drop gate / tamper p=1)"}
{"level":30,"time":1782109070286,"pid":5904,"hostname":"Quang","name":"canary/verify-loop","round":0,"relayMinerId":"relay-byzantine-R","roomId":"mesh-room","perReceiver":2,"promoted":0,"absorbed":0,"stunLossBps":"0","msg":"canary verify round classified (hermetic half — synthetic capture, STUN read live)"}
[90mstdout[2m | apps/validator-daemon/src/canary/__tests__/mesh-byzantine.test.ts[2m > [22m[2mREQ-RMS-017 — Byzantine under-server attributed to R via the SHIPPED canary pipeline[2m > [22m[2mNEGATIVE control — an all-honest mesh (R also forwards everything) produces NO slash
[22m[39m{"timestamp":"2026-06-22T06:17:50.286Z","level":"INFO","source":"frontend","module":"webrtc/sframe-transform","message":"encrypted frame","context":{"kid":9,"ctr":0,"byteLength":62,"codecOffset":10}}

[90mstdout[2m | apps/validator-daemon/src/canary/__tests__/mesh-byzantine.test.ts[2m > [22m[2mREQ-RMS-017 — Byzantine under-server attributed to R via the SHIPPED canary pipeline[2m > [22m[2mNEGATIVE control — an all-honest mesh (R also forwards everything) produces NO slash
[22m[39m{"timestamp":"2026-06-22T06:17:50.287Z","level":"INFO","source":"frontend","module":"webrtc/sframe-transform","message":"encrypted frame","context":{"kid":9,"ctr":1,"byteLength":62,"codecOffset":10}}

[90mstdout[2m | apps/validator-daemon/src/canary/__tests__/mesh-byzantine.test.ts[2m > [22m[2mREQ-RMS-017 — Byzantine under-server attributed to R via the SHIPPED canary pipeline[2m > [22m[2mNEGATIVE control — an all-honest mesh (R also forwards everything) produces NO slash
[22m[39m{"timestamp":"2026-06-22T06:17:50.287Z","level":"INFO","source":"frontend","module":"webrtc/sframe-transform","message":"encrypted frame","context":{"kid":9,"ctr":2,"byteLength":62,"codecOffset":10}}

[90mstdout[2m | apps/validator-daemon/src/canary/__tests__/mesh-byzantine.test.ts[2m > [22m[2mREQ-RMS-017 — Byzantine under-server attributed to R via the SHIPPED canary pipeline[2m > [22m[2mNEGATIVE control — an all-honest mesh (R also forwards everything) produces NO slash
[22m[39m{"timestamp":"2026-06-22T06:17:50.288Z","level":"INFO","source":"frontend","module":"webrtc/sframe-transform","message":"encrypted frame","context":{"kid":9,"ctr":3,"byteLength":62,"codecOffset":10}}

[90mstdout[2m | apps/validator-daemon/src/canary/__tests__/mesh-byzantine.test.ts[2m > [22m[2mREQ-RMS-017 — Byzantine under-server attributed to R via the SHIPPED canary pipeline[2m > [22m[2mNEGATIVE control — an all-honest mesh (R also forwards everything) produces NO slash
[22m[39m{"timestamp":"2026-06-22T06:17:50.288Z","level":"INFO","source":"frontend","module":"webrtc/sframe-transform","message":"encrypted frame","context":{"kid":9,"ctr":4,"byteLength":62,"codecOffset":10}}

[90mstdout[2m | apps/validator-daemon/src/canary/__tests__/mesh-byzantine.test.ts[2m > [22m[2mREQ-RMS-017 — Byzantine under-server attributed to R via the SHIPPED canary pipeline[2m > [22m[2mNEGATIVE control — an all-honest mesh (R also forwards everything) produces NO slash
[22m[39m{"timestamp":"2026-06-22T06:17:50.289Z","level":"INFO","source":"frontend","module":"webrtc/sframe-transform","message":"encrypted frame","context":{"kid":9,"ctr":5,"byteLength":62,"codecOffset":10}}

[90mstdout[2m | apps/validator-daemon/src/canary/__tests__/mesh-byzantine.test.ts[2m > [22m[2mREQ-RMS-017 — Byzantine under-server attributed to R via the SHIPPED canary pipeline[2m > [22m[2mNEGATIVE control — an all-honest mesh (R also forwards everything) produces NO slash
[22m[39m{"timestamp":"2026-06-22T06:17:50.289Z","level":"INFO","source":"frontend","module":"webrtc/sframe-transform","message":"encrypted frame","context":{"kid":9,"ctr":6,"byteLength":62,"codecOffset":10}}

[90mstdout[2m | apps/validator-daemon/src/canary/__tests__/mesh-byzantine.test.ts[2m > [22m[2mREQ-RMS-017 — Byzantine under-server attributed to R via the SHIPPED canary pipeline[2m > [22m[2mNEGATIVE control — an all-honest mesh (R also forwards everything) produces NO slash
[22m[39m{"timestamp":"2026-06-22T06:17:50.290Z","level":"INFO","source":"frontend","module":"webrtc/sframe-transform","message":"encrypted frame","context":{"kid":9,"ctr":7,"byteLength":62,"codecOffset":10}}

[90mstdout[2m | apps/validator-daemon/src/canary/__tests__/mesh-byzantine.test.ts[2m > [22m[2mREQ-RMS-017 — Byzantine under-server attributed to R via the SHIPPED canary pipeline[2m > [22m[2mNEGATIVE control — an all-honest mesh (R also forwards everything) produces NO slash
[22m[39m{"timestamp":"2026-06-22T06:17:50.290Z","level":"INFO","source":"frontend","module":"webrtc/sframe-transform","message":"encrypted frame","context":{"kid":9,"ctr":0,"byteLength":62,"codecOffset":10}}

[90mstdout[2m | apps/validator-daemon/src/canary/__tests__/mesh-byzantine.test.ts[2m > [22m[2mREQ-RMS-017 — Byzantine under-server attributed to R via the SHIPPED canary pipeline[2m > [22m[2mNEGATIVE control — an all-honest mesh (R also forwards everything) produces NO slash
[22m[39m{"timestamp":"2026-06-22T06:17:50.290Z","level":"INFO","source":"frontend","module":"webrtc/sframe-transform","message":"encrypted frame","context":{"kid":9,"ctr":1,"byteLength":62,"codecOffset":10}}

[90mstdout[2m | apps/validator-daemon/src/canary/__tests__/mesh-byzantine.test.ts[2m > [22m[2mREQ-RMS-017 — Byzantine under-server attributed to R via the SHIPPED canary pipeline[2m > [22m[2mNEGATIVE control — an all-honest mesh (R also forwards everything) produces NO slash
[22m[39m{"timestamp":"2026-06-22T06:17:50.291Z","level":"INFO","source":"frontend","module":"webrtc/sframe-transform","message":"encrypted frame","context":{"kid":9,"ctr":2,"byteLength":62,"codecOffset":10}}

[90mstdout[2m | apps/validator-daemon/src/canary/__tests__/mesh-byzantine.test.ts[2m > [22m[2mREQ-RMS-017 — Byzantine under-server attributed to R via the SHIPPED canary pipeline[2m > [22m[2mNEGATIVE control — an all-honest mesh (R also forwards everything) produces NO slash
[22m[39m{"timestamp":"2026-06-22T06:17:50.291Z","level":"INFO","source":"frontend","module":"webrtc/sframe-transform","message":"encrypted frame","context":{"kid":9,"ctr":3,"byteLength":62,"codecOffset":10}}

[90mstdout[2m | apps/validator-daemon/src/canary/__tests__/mesh-byzantine.test.ts[2m > [22m[2mREQ-RMS-017 — Byzantine under-server attributed to R via the SHIPPED canary pipeline[2m > [22m[2mNEGATIVE control — an all-honest mesh (R also forwards everything) produces NO slash
[22m[39m{"timestamp":"2026-06-22T06:17:50.291Z","level":"INFO","source":"frontend","module":"webrtc/sframe-transform","message":"encrypted frame","context":{"kid":9,"ctr":4,"byteLength":62,"codecOffset":10}}

[90mstdout[2m | apps/validator-daemon/src/canary/__tests__/mesh-byzantine.test.ts[2m > [22m[2mREQ-RMS-017 — Byzantine under-server attributed to R via the SHIPPED canary pipeline[2m > [22m[2mNEGATIVE control — an all-honest mesh (R also forwards everything) produces NO slash
[22m[39m{"timestamp":"2026-06-22T06:17:50.292Z","level":"INFO","source":"frontend","module":"webrtc/sframe-transform","message":"encrypted frame","context":{"kid":9,"ctr":5,"byteLength":62,"codecOffset":10}}

[90mstdout[2m | apps/validator-daemon/src/canary/__tests__/mesh-byzantine.test.ts[2m > [22m[2mREQ-RMS-017 — Byzantine under-server attributed to R via the SHIPPED canary pipeline[2m > [22m[2mNEGATIVE control — an all-honest mesh (R also forwards everything) produces NO slash
[22m[39m{"timestamp":"2026-06-22T06:17:50.292Z","level":"INFO","source":"frontend","module":"webrtc/sframe-transform","message":"encrypted frame","context":{"kid":9,"ctr":6,"byteLength":62,"codecOffset":10}}

[90mstdout[2m | apps/validator-daemon/src/canary/__tests__/mesh-byzantine.test.ts[2m > [22m[2mREQ-RMS-017 — Byzantine under-server attributed to R via the SHIPPED canary pipeline[2m > [22m[2mNEGATIVE control — an all-honest mesh (R also forwards everything) produces NO slash
[22m[39m{"timestamp":"2026-06-22T06:17:50.292Z","level":"INFO","source":"frontend","module":"webrtc/sframe-transform","message":"encrypted frame","context":{"kid":9,"ctr":7,"byteLength":62,"codecOffset":10}}

{"level":30,"time":1782109070292,"pid":5904,"hostname":"Quang","name":"canary/verifier","canaryKid":9,"mediaPackets":8,"byteIdentical":8,"divergences":0,"msg":"canary forwarding verified"}
[90mstdout[2m | apps/validator-daemon/src/canary/__tests__/mesh-byzantine.test.ts[2m > [22m[2mREQ-RMS-017 — Byzantine under-server attributed to R via the SHIPPED canary pipeline[2m > [22m[2mNEGATIVE control — an all-honest mesh (R also forwards everything) produces NO slash
[22m[39m{"timestamp":"2026-06-22T06:17:50.293Z","level":"INFO","source":"frontend","module":"webrtc/sframe-transform","message":"encrypted frame","context":{"kid":9,"ctr":0,"byteLength":62,"codecOffset":10}}

[90mstdout[2m | apps/validator-daemon/src/canary/__tests__/mesh-byzantine.test.ts[2m > [22m[2mREQ-RMS-017 — Byzantine under-server attributed to R via the SHIPPED canary pipeline[2m > [22m[2mNEGATIVE control — an all-honest mesh (R also forwards everything) produces NO slash
[22m[39m{"timestamp":"2026-06-22T06:17:50.293Z","level":"INFO","source":"frontend","module":"webrtc/sframe-transform","message":"encrypted frame","context":{"kid":9,"ctr":1,"byteLength":62,"codecOffset":10}}

[90mstdout[2m | apps/validator-daemon/src/canary/__tests__/mesh-byzantine.test.ts[2m > [22m[2mREQ-RMS-017 — Byzantine under-server attributed to R via the SHIPPED canary pipeline[2m > [22m[2mNEGATIVE control — an all-honest mesh (R also forwards everything) produces NO slash
[22m[39m{"timestamp":"2026-06-22T06:17:50.294Z","level":"INFO","source":"frontend","module":"webrtc/sframe-transform","message":"encrypted frame","context":{"kid":9,"ctr":2,"byteLength":62,"codecOffset":10}}

[90mstdout[2m | apps/validator-daemon/src/canary/__tests__/mesh-byzantine.test.ts[2m > [22m[2mREQ-RMS-017 — Byzantine under-server attributed to R via the SHIPPED canary pipeline[2m > [22m[2mNEGATIVE control — an all-honest mesh (R also forwards everything) produces NO slash
[22m[39m{"timestamp":"2026-06-22T06:17:50.294Z","level":"INFO","source":"frontend","module":"webrtc/sframe-transform","message":"encrypted frame","context":{"kid":9,"ctr":3,"byteLength":62,"codecOffset":10}}

[90mstdout[2m | apps/validator-daemon/src/canary/__tests__/mesh-byzantine.test.ts[2m > [22m[2mREQ-RMS-017 — Byzantine under-server attributed to R via the SHIPPED canary pipeline[2m > [22m[2mNEGATIVE control — an all-honest mesh (R also forwards everything) produces NO slash
[22m[39m{"timestamp":"2026-06-22T06:17:50.294Z","level":"INFO","source":"frontend","module":"webrtc/sframe-transform","message":"encrypted frame","context":{"kid":9,"ctr":4,"byteLength":62,"codecOffset":10}}

[90mstdout[2m | apps/validator-daemon/src/canary/__tests__/mesh-byzantine.test.ts[2m > [22m[2mREQ-RMS-017 — Byzantine under-server attributed to R via the SHIPPED canary pipeline[2m > [22m[2mNEGATIVE control — an all-honest mesh (R also forwards everything) produces NO slash
[22m[39m{"timestamp":"2026-06-22T06:17:50.295Z","level":"INFO","source":"frontend","module":"webrtc/sframe-transform","message":"encrypted frame","context":{"kid":9,"ctr":5,"byteLength":62,"codecOffset":10}}

[90mstdout[2m | apps/validator-daemon/src/canary/__tests__/mesh-byzantine.test.ts[2m > [22m[2mREQ-RMS-017 — Byzantine under-server attributed to R via the SHIPPED canary pipeline[2m > [22m[2mNEGATIVE control — an all-honest mesh (R also forwards everything) produces NO slash
[22m[39m{"timestamp":"2026-06-22T06:17:50.295Z","level":"INFO","source":"frontend","module":"webrtc/sframe-transform","message":"encrypted frame","context":{"kid":9,"ctr":6,"byteLength":62,"codecOffset":10}}

[90mstdout[2m | apps/validator-daemon/src/canary/__tests__/mesh-byzantine.test.ts[2m > [22m[2mREQ-RMS-017 — Byzantine under-server attributed to R via the SHIPPED canary pipeline[2m > [22m[2mNEGATIVE control — an all-honest mesh (R also forwards everything) produces NO slash
[22m[39m{"timestamp":"2026-06-22T06:17:50.295Z","level":"INFO","source":"frontend","module":"webrtc/sframe-transform","message":"encrypted frame","context":{"kid":9,"ctr":7,"byteLength":62,"codecOffset":10}}

{"level":30,"time":1782109070295,"pid":5904,"hostname":"Quang","name":"canary/verifier","canaryKid":9,"mediaPackets":8,"byteIdentical":8,"divergences":0,"msg":"canary forwarding verified"}
{"level":30,"time":1782109070296,"pid":5904,"hostname":"Quang","name":"canary/verify-loop","round":0,"relayMinerId":"relay-honest-R2","roomId":"mesh-room","perReceiver":2,"promoted":0,"absorbed":0,"stunLossBps":"0","msg":"canary verify round classified (hermetic half — synthetic capture, STUN read live)"}
{"level":30,"time":1782109070296,"pid":5904,"hostname":"Quang","name":"canary/loss-classifier","relayMinerId":"relay-honest-R2","promoted":0,"absorbed":0,"tampers":0,"cumulativeCrossed":false,"msg":"canary divergences classified (drop gate / tamper p=1)"}
[90mstdout[2m | apps/validator-daemon/src/canary/__tests__/mesh-byzantine.test.ts[2m > [22m[2mREQ-RMS-017 — Byzantine under-server attributed to R via the SHIPPED canary pipeline[2m > [22m[2mNEGATIVE control — an all-honest mesh (R also forwards everything) produces NO slash
[22m[39m{"timestamp":"2026-06-22T06:17:50.296Z","level":"INFO","source":"frontend","module":"webrtc/sframe-transform","message":"encrypted frame","context":{"kid":9,"ctr":0,"byteLength":62,"codecOffset":10}}

[90mstdout[2m | apps/validator-daemon/src/canary/__tests__/mesh-byzantine.test.ts[2m > [22m[2mREQ-RMS-017 — Byzantine under-server attributed to R via the SHIPPED canary pipeline[2m > [22m[2mNEGATIVE control — an all-honest mesh (R also forwards everything) produces NO slash
[22m[39m{"timestamp":"2026-06-22T06:17:50.296Z","level":"INFO","source":"frontend","module":"webrtc/sframe-transform","message":"encrypted frame","context":{"kid":9,"ctr":1,"byteLength":62,"codecOffset":10}}

[90mstdout[2m | apps/validator-daemon/src/canary/__tests__/mesh-byzantine.test.ts[2m > [22m[2mREQ-RMS-017 — Byzantine under-server attributed to R via the SHIPPED canary pipeline[2m > [22m[2mNEGATIVE control — an all-honest mesh (R also forwards everything) produces NO slash
[22m[39m{"timestamp":"2026-06-22T06:17:50.297Z","level":"INFO","source":"frontend","module":"webrtc/sframe-transform","message":"encrypted frame","context":{"kid":9,"ctr":2,"byteLength":62,"codecOffset":10}}

[90mstdout[2m | apps/validator-daemon/src/canary/__tests__/mesh-byzantine.test.ts[2m > [22m[2mREQ-RMS-017 — Byzantine under-server attributed to R via the SHIPPED canary pipeline[2m > [22m[2mNEGATIVE control — an all-honest mesh (R also forwards everything) produces NO slash
[22m[39m{"timestamp":"2026-06-22T06:17:50.297Z","level":"INFO","source":"frontend","module":"webrtc/sframe-transform","message":"encrypted frame","context":{"kid":9,"ctr":3,"byteLength":62,"codecOffset":10}}

[90mstdout[2m | apps/validator-daemon/src/canary/__tests__/mesh-byzantine.test.ts[2m > [22m[2mREQ-RMS-017 — Byzantine under-server attributed to R via the SHIPPED canary pipeline[2m > [22m[2mNEGATIVE control — an all-honest mesh (R also forwards everything) produces NO slash
[22m[39m{"timestamp":"2026-06-22T06:17:50.298Z","level":"INFO","source":"frontend","module":"webrtc/sframe-transform","message":"encrypted frame","context":{"kid":9,"ctr":4,"byteLength":62,"codecOffset":10}}

[90mstdout[2m | apps/validator-daemon/src/canary/__tests__/mesh-byzantine.test.ts[2m > [22m[2mREQ-RMS-017 — Byzantine under-server attributed to R via the SHIPPED canary pipeline[2m > [22m[2mNEGATIVE control — an all-honest mesh (R also forwards everything) produces NO slash
[22m[39m{"timestamp":"2026-06-22T06:17:50.298Z","level":"INFO","source":"frontend","module":"webrtc/sframe-transform","message":"encrypted frame","context":{"kid":9,"ctr":5,"byteLength":62,"codecOffset":10}}

[90mstdout[2m | apps/validator-daemon/src/canary/__tests__/mesh-byzantine.test.ts[2m > [22m[2mREQ-RMS-017 — Byzantine under-server attributed to R via the SHIPPED canary pipeline[2m > [22m[2mNEGATIVE control — an all-honest mesh (R also forwards everything) produces NO slash
[22m[39m{"timestamp":"2026-06-22T06:17:50.299Z","level":"INFO","source":"frontend","module":"webrtc/sframe-transform","message":"encrypted frame","context":{"kid":9,"ctr":6,"byteLength":62,"codecOffset":10}}

[90mstdout[2m | apps/validator-daemon/src/canary/__tests__/mesh-byzantine.test.ts[2m > [22m[2mREQ-RMS-017 — Byzantine under-server attributed to R via the SHIPPED canary pipeline[2m > [22m[2mNEGATIVE control — an all-honest mesh (R also forwards everything) produces NO slash
[22m[39m{"timestamp":"2026-06-22T06:17:50.299Z","level":"INFO","source":"frontend","module":"webrtc/sframe-transform","message":"encrypted frame","context":{"kid":9,"ctr":7,"byteLength":62,"codecOffset":10}}

[90mstdout[2m | apps/validator-daemon/src/canary/__tests__/mesh-byzantine.test.ts[2m > [22m[2mREQ-RMS-017 — Byzantine under-server attributed to R via the SHIPPED canary pipeline[2m > [22m[2mNEGATIVE control — an all-honest mesh (R also forwards everything) produces NO slash
[22m[39m{"timestamp":"2026-06-22T06:17:50.299Z","level":"INFO","source":"frontend","module":"webrtc/sframe-transform","message":"encrypted frame","context":{"kid":9,"ctr":0,"byteLength":62,"codecOffset":10}}

[90mstdout[2m | apps/validator-daemon/src/canary/__tests__/mesh-byzantine.test.ts[2m > [22m[2mREQ-RMS-017 — Byzantine under-server attributed to R via the SHIPPED canary pipeline[2m > [22m[2mNEGATIVE control — an all-honest mesh (R also forwards everything) produces NO slash
[22m[39m{"timestamp":"2026-06-22T06:17:50.300Z","level":"INFO","source":"frontend","module":"webrtc/sframe-transform","message":"encrypted frame","context":{"kid":9,"ctr":1,"byteLength":62,"codecOffset":10}}

[90mstdout[2m | apps/validator-daemon/src/canary/__tests__/mesh-byzantine.test.ts[2m > [22m[2mREQ-RMS-017 — Byzantine under-server attributed to R via the SHIPPED canary pipeline[2m > [22m[2mNEGATIVE control — an all-honest mesh (R also forwards everything) produces NO slash
[22m[39m{"timestamp":"2026-06-22T06:17:50.300Z","level":"INFO","source":"frontend","module":"webrtc/sframe-transform","message":"encrypted frame","context":{"kid":9,"ctr":2,"byteLength":62,"codecOffset":10}}

[90mstdout[2m | apps/validator-daemon/src/canary/__tests__/mesh-byzantine.test.ts[2m > [22m[2mREQ-RMS-017 — Byzantine under-server attributed to R via the SHIPPED canary pipeline[2m > [22m[2mNEGATIVE control — an all-honest mesh (R also forwards everything) produces NO slash
[22m[39m{"timestamp":"2026-06-22T06:17:50.300Z","level":"INFO","source":"frontend","module":"webrtc/sframe-transform","message":"encrypted frame","context":{"kid":9,"ctr":3,"byteLength":62,"codecOffset":10}}

[90mstdout[2m | apps/validator-daemon/src/canary/__tests__/mesh-byzantine.test.ts[2m > [22m[2mREQ-RMS-017 — Byzantine under-server attributed to R via the SHIPPED canary pipeline[2m > [22m[2mNEGATIVE control — an all-honest mesh (R also forwards everything) produces NO slash
[22m[39m{"timestamp":"2026-06-22T06:17:50.301Z","level":"INFO","source":"frontend","module":"webrtc/sframe-transform","message":"encrypted frame","context":{"kid":9,"ctr":4,"byteLength":62,"codecOffset":10}}

[90mstdout[2m | apps/validator-daemon/src/canary/__tests__/mesh-byzantine.test.ts[2m > [22m[2mREQ-RMS-017 — Byzantine under-server attributed to R via the SHIPPED canary pipeline[2m > [22m[2mNEGATIVE control — an all-honest mesh (R also forwards everything) produces NO slash
[22m[39m{"timestamp":"2026-06-22T06:17:50.301Z","level":"INFO","source":"frontend","module":"webrtc/sframe-transform","message":"encrypted frame","context":{"kid":9,"ctr":5,"byteLength":62,"codecOffset":10}}

[90mstdout[2m | apps/validator-daemon/src/canary/__tests__/mesh-byzantine.test.ts[2m > [22m[2mREQ-RMS-017 — Byzantine under-server attributed to R via the SHIPPED canary pipeline[2m > [22m[2mNEGATIVE control — an all-honest mesh (R also forwards everything) produces NO slash
[22m[39m{"timestamp":"2026-06-22T06:17:50.301Z","level":"INFO","source":"frontend","module":"webrtc/sframe-transform","message":"encrypted frame","context":{"kid":9,"ctr":6,"byteLength":62,"codecOffset":10}}

[90mstdout[2m | apps/validator-daemon/src/canary/__tests__/mesh-byzantine.test.ts[2m > [22m[2mREQ-RMS-017 — Byzantine under-server attributed to R via the SHIPPED canary pipeline[2m > [22m[2mNEGATIVE control — an all-honest mesh (R also forwards everything) produces NO slash
[22m[39m{"timestamp":"2026-06-22T06:17:50.302Z","level":"INFO","source":"frontend","module":"webrtc/sframe-transform","message":"encrypted frame","context":{"kid":9,"ctr":7,"byteLength":62,"codecOffset":10}}

{"level":30,"time":1782109070302,"pid":5904,"hostname":"Quang","name":"canary/verifier","canaryKid":9,"mediaPackets":8,"byteIdentical":8,"divergences":0,"msg":"canary forwarding verified"}
[90mstdout[2m | apps/validator-daemon/src/canary/__tests__/mesh-byzantine.test.ts[2m > [22m[2mREQ-RMS-017 — Byzantine under-server attributed to R via the SHIPPED canary pipeline[2m > [22m[2mNEGATIVE control — an all-honest mesh (R also forwards everything) produces NO slash
[22m[39m{"timestamp":"2026-06-22T06:17:50.302Z","level":"INFO","source":"frontend","module":"webrtc/sframe-transform","message":"encrypted frame","context":{"kid":9,"ctr":0,"byteLength":62,"codecOffset":10}}

[90mstdout[2m | apps/validator-daemon/src/canary/__tests__/mesh-byzantine.test.ts[2m > [22m[2mREQ-RMS-017 — Byzantine under-server attributed to R via the SHIPPED canary pipeline[2m > [22m[2mNEGATIVE control — an all-honest mesh (R also forwards everything) produces NO slash
[22m[39m{"timestamp":"2026-06-22T06:17:50.302Z","level":"INFO","source":"frontend","module":"webrtc/sframe-transform","message":"encrypted frame","context":{"kid":9,"ctr":1,"byteLength":62,"codecOffset":10}}

[90mstdout[2m | apps/validator-daemon/src/canary/__tests__/mesh-byzantine.test.ts[2m > [22m[2mREQ-RMS-017 — Byzantine under-server attributed to R via the SHIPPED canary pipeline[2m > [22m[2mNEGATIVE control — an all-honest mesh (R also forwards everything) produces NO slash
[22m[39m{"timestamp":"2026-06-22T06:17:50.303Z","level":"INFO","source":"frontend","module":"webrtc/sframe-transform","message":"encrypted frame","context":{"kid":9,"ctr":2,"byteLength":62,"codecOffset":10}}

[90mstdout[2m | apps/validator-daemon/src/canary/__tests__/mesh-byzantine.test.ts[2m > [22m[2mREQ-RMS-017 — Byzantine under-server attributed to R via the SHIPPED canary pipeline[2m > [22m[2mNEGATIVE control — an all-honest mesh (R also forwards everything) produces NO slash
[22m[39m{"timestamp":"2026-06-22T06:17:50.303Z","level":"INFO","source":"frontend","module":"webrtc/sframe-transform","message":"encrypted frame","context":{"kid":9,"ctr":3,"byteLength":62,"codecOffset":10}}

[90mstdout[2m | apps/validator-daemon/src/canary/__tests__/mesh-byzantine.test.ts[2m > [22m[2mREQ-RMS-017 — Byzantine under-server attributed to R via the SHIPPED canary pipeline[2m > [22m[2mNEGATIVE control — an all-honest mesh (R also forwards everything) produces NO slash
[22m[39m{"timestamp":"2026-06-22T06:17:50.303Z","level":"INFO","source":"frontend","module":"webrtc/sframe-transform","message":"encrypted frame","context":{"kid":9,"ctr":4,"byteLength":62,"codecOffset":10}}

[90mstdout[2m | apps/validator-daemon/src/canary/__tests__/mesh-byzantine.test.ts[2m > [22m[2mREQ-RMS-017 — Byzantine under-server attributed to R via the SHIPPED canary pipeline[2m > [22m[2mNEGATIVE control — an all-honest mesh (R also forwards everything) produces NO slash
[22m[39m{"timestamp":"2026-06-22T06:17:50.305Z","level":"INFO","source":"frontend","module":"webrtc/sframe-transform","message":"encrypted frame","context":{"kid":9,"ctr":5,"byteLength":62,"codecOffset":10}}

[90mstdout[2m | apps/validator-daemon/src/canary/__tests__/mesh-byzantine.test.ts[2m > [22m[2mREQ-RMS-017 — Byzantine under-server attributed to R via the SHIPPED canary pipeline[2m > [22m[2mNEGATIVE control — an all-honest mesh (R also forwards everything) produces NO slash
[22m[39m{"timestamp":"2026-06-22T06:17:50.306Z","level":"INFO","source":"frontend","module":"webrtc/sframe-transform","message":"encrypted frame","context":{"kid":9,"ctr":6,"byteLength":62,"codecOffset":10}}

[90mstdout[2m | apps/validator-daemon/src/canary/__tests__/mesh-byzantine.test.ts[2m > [22m[2mREQ-RMS-017 — Byzantine under-server attributed to R via the SHIPPED canary pipeline[2m > [22m[2mNEGATIVE control — an all-honest mesh (R also forwards everything) produces NO slash
[22m[39m{"timestamp":"2026-06-22T06:17:50.306Z","level":"INFO","source":"frontend","module":"webrtc/sframe-transform","message":"encrypted frame","context":{"kid":9,"ctr":7,"byteLength":62,"codecOffset":10}}

{"level":30,"time":1782109070306,"pid":5904,"hostname":"Quang","name":"canary/verifier","canaryKid":9,"mediaPackets":8,"byteIdentical":8,"divergences":0,"msg":"canary forwarding verified"}
{"level":30,"time":1782109070306,"pid":5904,"hostname":"Quang","name":"canary/loss-classifier","relayMinerId":"relay-byzantine-R","promoted":0,"absorbed":0,"tampers":0,"cumulativeCrossed":false,"msg":"canary divergences classified (drop gate / tamper p=1)"}
{"level":30,"time":1782109070307,"pid":5904,"hostname":"Quang","name":"canary/verify-loop","round":1,"relayMinerId":"relay-byzantine-R","roomId":"mesh-room","perReceiver":2,"promoted":0,"absorbed":0,"stunLossBps":"0","msg":"canary verify round classified (hermetic half — synthetic capture, STUN read live)"}
[90mstdout[2m | apps/validator-daemon/src/canary/__tests__/mesh-byzantine.test.ts[2m > [22m[2mREQ-RMS-017 — Byzantine under-server attributed to R via the SHIPPED canary pipeline[2m > [22m[2mNEGATIVE control — an all-honest mesh (R also forwards everything) produces NO slash
[22m[39m{"timestamp":"2026-06-22T06:17:50.307Z","level":"INFO","source":"frontend","module":"webrtc/sframe-transform","message":"encrypted frame","context":{"kid":9,"ctr":0,"byteLength":62,"codecOffset":10}}

[90mstdout[2m | apps/validator-daemon/src/canary/__tests__/mesh-byzantine.test.ts[2m > [22m[2mREQ-RMS-017 — Byzantine under-server attributed to R via the SHIPPED canary pipeline[2m > [22m[2mNEGATIVE control — an all-honest mesh (R also forwards everything) produces NO slash
[22m[39m{"timestamp":"2026-06-22T06:17:50.307Z","level":"INFO","source":"frontend","module":"webrtc/sframe-transform","message":"encrypted frame","context":{"kid":9,"ctr":1,"byteLength":62,"codecOffset":10}}

[90mstdout[2m | apps/validator-daemon/src/canary/__tests__/mesh-byzantine.test.ts[2m > [22m[2mREQ-RMS-017 — Byzantine under-server attributed to R via the SHIPPED canary pipeline[2m > [22m[2mNEGATIVE control — an all-honest mesh (R also forwards everything) produces NO slash
[22m[39m{"timestamp":"2026-06-22T06:17:50.307Z","level":"INFO","source":"frontend","module":"webrtc/sframe-transform","message":"encrypted frame","context":{"kid":9,"ctr":2,"byteLength":62,"codecOffset":10}}

[90mstdout[2m | apps/validator-daemon/src/canary/__tests__/mesh-byzantine.test.ts[2m > [22m[2mREQ-RMS-017 — Byzantine under-server attributed to R via the SHIPPED canary pipeline[2m > [22m[2mNEGATIVE control — an all-honest mesh (R also forwards everything) produces NO slash
[22m[39m{"timestamp":"2026-06-22T06:17:50.308Z","level":"INFO","source":"frontend","module":"webrtc/sframe-transform","message":"encrypted frame","context":{"kid":9,"ctr":3,"byteLength":62,"codecOffset":10}}

[90mstdout[2m | apps/validator-daemon/src/canary/__tests__/mesh-byzantine.test.ts[2m > [22m[2mREQ-RMS-017 — Byzantine under-server attributed to R via the SHIPPED canary pipeline[2m > [22m[2mNEGATIVE control — an all-honest mesh (R also forwards everything) produces NO slash
[22m[39m{"timestamp":"2026-06-22T06:17:50.308Z","level":"INFO","source":"frontend","module":"webrtc/sframe-transform","message":"encrypted frame","context":{"kid":9,"ctr":4,"byteLength":62,"codecOffset":10}}

[90mstdout[2m | apps/validator-daemon/src/canary/__tests__/mesh-byzantine.test.ts[2m > [22m[2mREQ-RMS-017 — Byzantine under-server attributed to R via the SHIPPED canary pipeline[2m > [22m[2mNEGATIVE control — an all-honest mesh (R also forwards everything) produces NO slash
[22m[39m{"timestamp":"2026-06-22T06:17:50.308Z","level":"INFO","source":"frontend","module":"webrtc/sframe-transform","message":"encrypted frame","context":{"kid":9,"ctr":5,"byteLength":62,"codecOffset":10}}

[90mstdout[2m | apps/validator-daemon/src/canary/__tests__/mesh-byzantine.test.ts[2m > [22m[2mREQ-RMS-017 — Byzantine under-server attributed to R via the SHIPPED canary pipeline[2m > [22m[2mNEGATIVE control — an all-honest mesh (R also forwards everything) produces NO slash
[22m[39m{"timestamp":"2026-06-22T06:17:50.308Z","level":"INFO","source":"frontend","module":"webrtc/sframe-transform","message":"encrypted frame","context":{"kid":9,"ctr":6,"byteLength":62,"codecOffset":10}}

[90mstdout[2m | apps/validator-daemon/src/canary/__tests__/mesh-byzantine.test.ts[2m > [22m[2mREQ-RMS-017 — Byzantine under-server attributed to R via the SHIPPED canary pipeline[2m > [22m[2mNEGATIVE control — an all-honest mesh (R also forwards everything) produces NO slash
[22m[39m{"timestamp":"2026-06-22T06:17:50.309Z","level":"INFO","source":"frontend","module":"webrtc/sframe-transform","message":"encrypted frame","context":{"kid":9,"ctr":7,"byteLength":62,"codecOffset":10}}

[90mstdout[2m | apps/validator-daemon/src/canary/__tests__/mesh-byzantine.test.ts[2m > [22m[2mREQ-RMS-017 — Byzantine under-server attributed to R via the SHIPPED canary pipeline[2m > [22m[2mNEGATIVE control — an all-honest mesh (R also forwards everything) produces NO slash
[22m[39m{"timestamp":"2026-06-22T06:17:50.309Z","level":"INFO","source":"frontend","module":"webrtc/sframe-transform","message":"encrypted frame","context":{"kid":9,"ctr":0,"byteLength":62,"codecOffset":10}}

[90mstdout[2m | apps/validator-daemon/src/canary/__tests__/mesh-byzantine.test.ts[2m > [22m[2mREQ-RMS-017 — Byzantine under-server attributed to R via the SHIPPED canary pipeline[2m > [22m[2mNEGATIVE control — an all-honest mesh (R also forwards everything) produces NO slash
[22m[39m{"timestamp":"2026-06-22T06:17:50.309Z","level":"INFO","source":"frontend","module":"webrtc/sframe-transform","message":"encrypted frame","context":{"kid":9,"ctr":1,"byteLength":62,"codecOffset":10}}

[90mstdout[2m | apps/validator-daemon/src/canary/__tests__/mesh-byzantine.test.ts[2m > [22m[2mREQ-RMS-017 — Byzantine under-server attributed to R via the SHIPPED canary pipeline[2m > [22m[2mNEGATIVE control — an all-honest mesh (R also forwards everything) produces NO slash
[22m[39m{"timestamp":"2026-06-22T06:17:50.310Z","level":"INFO","source":"frontend","module":"webrtc/sframe-transform","message":"encrypted frame","context":{"kid":9,"ctr":2,"byteLength":62,"codecOffset":10}}

[90mstdout[2m | apps/validator-daemon/src/canary/__tests__/mesh-byzantine.test.ts[2m > [22m[2mREQ-RMS-017 — Byzantine under-server attributed to R via the SHIPPED canary pipeline[2m > [22m[2mNEGATIVE control — an all-honest mesh (R also forwards everything) produces NO slash
[22m[39m{"timestamp":"2026-06-22T06:17:50.310Z","level":"INFO","source":"frontend","module":"webrtc/sframe-transform","message":"encrypted frame","context":{"kid":9,"ctr":3,"byteLength":62,"codecOffset":10}}

[90mstdout[2m | apps/validator-daemon/src/canary/__tests__/mesh-byzantine.test.ts[2m > [22m[2mREQ-RMS-017 — Byzantine under-server attributed to R via the SHIPPED canary pipeline[2m > [22m[2mNEGATIVE control — an all-honest mesh (R also forwards everything) produces NO slash
[22m[39m{"timestamp":"2026-06-22T06:17:50.310Z","level":"INFO","source":"frontend","module":"webrtc/sframe-transform","message":"encrypted frame","context":{"kid":9,"ctr":4,"byteLength":62,"codecOffset":10}}

[90mstdout[2m | apps/validator-daemon/src/canary/__tests__/mesh-byzantine.test.ts[2m > [22m[2mREQ-RMS-017 — Byzantine under-server attributed to R via the SHIPPED canary pipeline[2m > [22m[2mNEGATIVE control — an all-honest mesh (R also forwards everything) produces NO slash
[22m[39m{"timestamp":"2026-06-22T06:17:50.310Z","level":"INFO","source":"frontend","module":"webrtc/sframe-transform","message":"encrypted frame","context":{"kid":9,"ctr":5,"byteLength":62,"codecOffset":10}}

[90mstdout[2m | apps/validator-daemon/src/canary/__tests__/mesh-byzantine.test.ts[2m > [22m[2mREQ-RMS-017 — Byzantine under-server attributed to R via the SHIPPED canary pipeline[2m > [22m[2mNEGATIVE control — an all-honest mesh (R also forwards everything) produces NO slash
[22m[39m{"timestamp":"2026-06-22T06:17:50.311Z","level":"INFO","source":"frontend","module":"webrtc/sframe-transform","message":"encrypted frame","context":{"kid":9,"ctr":6,"byteLength":62,"codecOffset":10}}

[90mstdout[2m | apps/validator-daemon/src/canary/__tests__/mesh-byzantine.test.ts[2m > [22m[2mREQ-RMS-017 — Byzantine under-server attributed to R via the SHIPPED canary pipeline[2m > [22m[2mNEGATIVE control — an all-honest mesh (R also forwards everything) produces NO slash
[22m[39m{"timestamp":"2026-06-22T06:17:50.311Z","level":"INFO","source":"frontend","module":"webrtc/sframe-transform","message":"encrypted frame","context":{"kid":9,"ctr":7,"byteLength":62,"codecOffset":10}}

{"level":30,"time":1782109070311,"pid":5904,"hostname":"Quang","name":"canary/verifier","canaryKid":9,"mediaPackets":8,"byteIdentical":8,"divergences":0,"msg":"canary forwarding verified"}
[90mstdout[2m | apps/validator-daemon/src/canary/__tests__/mesh-byzantine.test.ts[2m > [22m[2mREQ-RMS-017 — Byzantine under-server attributed to R via the SHIPPED canary pipeline[2m > [22m[2mNEGATIVE control — an all-honest mesh (R also forwards everything) produces NO slash
[22m[39m{"timestamp":"2026-06-22T06:17:50.311Z","level":"INFO","source":"frontend","module":"webrtc/sframe-transform","message":"encrypted frame","context":{"kid":9,"ctr":0,"byteLength":62,"codecOffset":10}}

[90mstdout[2m | apps/validator-daemon/src/canary/__tests__/mesh-byzantine.test.ts[2m > [22m[2mREQ-RMS-017 — Byzantine under-server attributed to R via the SHIPPED canary pipeline[2m > [22m[2mNEGATIVE control — an all-honest mesh (R also forwards everything) produces NO slash
[22m[39m{"timestamp":"2026-06-22T06:17:50.311Z","level":"INFO","source":"frontend","module":"webrtc/sframe-transform","message":"encrypted frame","context":{"kid":9,"ctr":1,"byteLength":62,"codecOffset":10}}

[90mstdout[2m | apps/validator-daemon/src/canary/__tests__/mesh-byzantine.test.ts[2m > [22m[2mREQ-RMS-017 — Byzantine under-server attributed to R via the SHIPPED canary pipeline[2m > [22m[2mNEGATIVE control — an all-honest mesh (R also forwards everything) produces NO slash
[22m[39m{"timestamp":"2026-06-22T06:17:50.312Z","level":"INFO","source":"frontend","module":"webrtc/sframe-transform","message":"encrypted frame","context":{"kid":9,"ctr":2,"byteLength":62,"codecOffset":10}}

[90mstdout[2m | apps/validator-daemon/src/canary/__tests__/mesh-byzantine.test.ts[2m > [22m[2mREQ-RMS-017 — Byzantine under-server attributed to R via the SHIPPED canary pipeline[2m > [22m[2mNEGATIVE control — an all-honest mesh (R also forwards everything) produces NO slash
[22m[39m{"timestamp":"2026-06-22T06:17:50.312Z","level":"INFO","source":"frontend","module":"webrtc/sframe-transform","message":"encrypted frame","context":{"kid":9,"ctr":3,"byteLength":62,"codecOffset":10}}

[90mstdout[2m | apps/validator-daemon/src/canary/__tests__/mesh-byzantine.test.ts[2m > [22m[2mREQ-RMS-017 — Byzantine under-server attributed to R via the SHIPPED canary pipeline[2m > [22m[2mNEGATIVE control — an all-honest mesh (R also forwards everything) produces NO slash
[22m[39m{"timestamp":"2026-06-22T06:17:50.312Z","level":"INFO","source":"frontend","module":"webrtc/sframe-transform","message":"encrypted frame","context":{"kid":9,"ctr":4,"byteLength":62,"codecOffset":10}}

[90mstdout[2m | apps/validator-daemon/src/canary/__tests__/mesh-byzantine.test.ts[2m > [22m[2mREQ-RMS-017 — Byzantine under-server attributed to R via the SHIPPED canary pipeline[2m > [22m[2mNEGATIVE control — an all-honest mesh (R also forwards everything) produces NO slash
[22m[39m{"timestamp":"2026-06-22T06:17:50.312Z","level":"INFO","source":"frontend","module":"webrtc/sframe-transform","message":"encrypted frame","context":{"kid":9,"ctr":5,"byteLength":62,"codecOffset":10}}

[90mstdout[2m | apps/validator-daemon/src/canary/__tests__/mesh-byzantine.test.ts[2m > [22m[2mREQ-RMS-017 — Byzantine under-server attributed to R via the SHIPPED canary pipeline[2m > [22m[2mNEGATIVE control — an all-honest mesh (R also forwards everything) produces NO slash
[22m[39m{"timestamp":"2026-06-22T06:17:50.313Z","level":"INFO","source":"frontend","module":"webrtc/sframe-transform","message":"encrypted frame","context":{"kid":9,"ctr":6,"byteLength":62,"codecOffset":10}}

{"level":30,"time":1782109070313,"pid":5904,"hostname":"Quang","name":"canary/verifier","canaryKid":9,"mediaPackets":8,"byteIdentical":8,"divergences":0,"msg":"canary forwarding verified"}
{"level":30,"time":1782109070313,"pid":5904,"hostname":"Quang","name":"canary/loss-classifier","relayMinerId":"relay-honest-R2","promoted":0,"absorbed":0,"tampers":0,"cumulativeCrossed":false,"msg":"canary divergences classified (drop gate / tamper p=1)"}
{"level":30,"time":1782109070313,"pid":5904,"hostname":"Quang","name":"canary/verify-loop","round":1,"relayMinerId":"relay-honest-R2","roomId":"mesh-room","perReceiver":2,"promoted":0,"absorbed":0,"stunLossBps":"0","msg":"canary verify round classified (hermetic half — synthetic capture, STUN read live)"}
[90mstdout[2m | apps/validator-daemon/src/canary/__tests__/mesh-byzantine.test.ts[2m > [22m[2mREQ-RMS-017 — Byzantine under-server attributed to R via the SHIPPED canary pipeline[2m > [22m[2mNEGATIVE control — an all-honest mesh (R also forwards everything) produces NO slash
[22m[39m{"timestamp":"2026-06-22T06:17:50.313Z","level":"INFO","source":"frontend","module":"webrtc/sframe-transform","message":"encrypted frame","context":{"kid":9,"ctr":7,"byteLength":62,"codecOffset":10}}

[90mstdout[2m | apps/validator-daemon/src/canary/__tests__/mesh-byzantine.test.ts[2m > [22m[2mREQ-RMS-017 — Byzantine under-server attributed to R via the SHIPPED canary pipeline[2m > [22m[2mNEGATIVE control — an all-honest mesh (R also forwards everything) produces NO slash
[22m[39m{"timestamp":"2026-06-22T06:17:50.314Z","level":"INFO","source":"frontend","module":"webrtc/sframe-transform","message":"encrypted frame","context":{"kid":9,"ctr":0,"byteLength":62,"codecOffset":10}}

[90mstdout[2m | apps/validator-daemon/src/canary/__tests__/mesh-byzantine.test.ts[2m > [22m[2mREQ-RMS-017 — Byzantine under-server attributed to R via the SHIPPED canary pipeline[2m > [22m[2mNEGATIVE control — an all-honest mesh (R also forwards everything) produces NO slash
[22m[39m{"timestamp":"2026-06-22T06:17:50.314Z","level":"INFO","source":"frontend","module":"webrtc/sframe-transform","message":"encrypted frame","context":{"kid":9,"ctr":1,"byteLength":62,"codecOffset":10}}

[90mstdout[2m | apps/validator-daemon/src/canary/__tests__/mesh-byzantine.test.ts[2m > [22m[2mREQ-RMS-017 — Byzantine under-server attributed to R via the SHIPPED canary pipeline[2m > [22m[2mNEGATIVE control — an all-honest mesh (R also forwards everything) produces NO slash
[22m[39m{"timestamp":"2026-06-22T06:17:50.315Z","level":"INFO","source":"frontend","module":"webrtc/sframe-transform","message":"encrypted frame","context":{"kid":9,"ctr":2,"byteLength":62,"codecOffset":10}}

[90mstdout[2m | apps/validator-daemon/src/canary/__tests__/mesh-byzantine.test.ts[2m > [22m[2mREQ-RMS-017 — Byzantine under-server attributed to R via the SHIPPED canary pipeline[2m > [22m[2mNEGATIVE control — an all-honest mesh (R also forwards everything) produces NO slash
[22m[39m{"timestamp":"2026-06-22T06:17:50.315Z","level":"INFO","source":"frontend","module":"webrtc/sframe-transform","message":"encrypted frame","context":{"kid":9,"ctr":3,"byteLength":62,"codecOffset":10}}

[90mstdout[2m | apps/validator-daemon/src/canary/__tests__/mesh-byzantine.test.ts[2m > [22m[2mREQ-RMS-017 — Byzantine under-server attributed to R via the SHIPPED canary pipeline[2m > [22m[2mNEGATIVE control — an all-honest mesh (R also forwards everything) produces NO slash
[22m[39m{"timestamp":"2026-06-22T06:17:50.315Z","level":"INFO","source":"frontend","module":"webrtc/sframe-transform","message":"encrypted frame","context":{"kid":9,"ctr":4,"byteLength":62,"codecOffset":10}}

[90mstdout[2m | apps/validator-daemon/src/canary/__tests__/mesh-byzantine.test.ts[2m > [22m[2mREQ-RMS-017 — Byzantine under-server attributed to R via the SHIPPED canary pipeline[2m > [22m[2mNEGATIVE control — an all-honest mesh (R also forwards everything) produces NO slash
[22m[39m{"timestamp":"2026-06-22T06:17:50.315Z","level":"INFO","source":"frontend","module":"webrtc/sframe-transform","message":"encrypted frame","context":{"kid":9,"ctr":5,"byteLength":62,"codecOffset":10}}

[90mstdout[2m | apps/validator-daemon/src/canary/__tests__/mesh-byzantine.test.ts[2m > [22m[2mREQ-RMS-017 — Byzantine under-server attributed to R via the SHIPPED canary pipeline[2m > [22m[2mNEGATIVE control — an all-honest mesh (R also forwards everything) produces NO slash
[22m[39m{"timestamp":"2026-06-22T06:17:50.316Z","level":"INFO","source":"frontend","module":"webrtc/sframe-transform","message":"encrypted frame","context":{"kid":9,"ctr":6,"byteLength":62,"codecOffset":10}}

[90mstdout[2m | apps/validator-daemon/src/canary/__tests__/mesh-byzantine.test.ts[2m > [22m[2mREQ-RMS-017 — Byzantine under-server attributed to R via the SHIPPED canary pipeline[2m > [22m[2mNEGATIVE control — an all-honest mesh (R also forwards everything) produces NO slash
[22m[39m{"timestamp":"2026-06-22T06:17:50.316Z","level":"INFO","source":"frontend","module":"webrtc/sframe-transform","message":"encrypted frame","context":{"kid":9,"ctr":7,"byteLength":62,"codecOffset":10}}

[90mstdout[2m | apps/validator-daemon/src/canary/__tests__/mesh-byzantine.test.ts[2m > [22m[2mREQ-RMS-017 — Byzantine under-server attributed to R via the SHIPPED canary pipeline[2m > [22m[2mNEGATIVE control — an all-honest mesh (R also forwards everything) produces NO slash
[22m[39m{"timestamp":"2026-06-22T06:17:50.317Z","level":"INFO","source":"frontend","module":"webrtc/sframe-transform","message":"encrypted frame","context":{"kid":9,"ctr":0,"byteLength":62,"codecOffset":10}}

[90mstdout[2m | apps/validator-daemon/src/canary/__tests__/mesh-byzantine.test.ts[2m > [22m[2mREQ-RMS-017 — Byzantine under-server attributed to R via the SHIPPED canary pipeline[2m > [22m[2mNEGATIVE control — an all-honest mesh (R also forwards everything) produces NO slash
[22m[39m{"timestamp":"2026-06-22T06:17:50.317Z","level":"INFO","source":"frontend","module":"webrtc/sframe-transform","message":"encrypted frame","context":{"kid":9,"ctr":1,"byteLength":62,"codecOffset":10}}

[90mstdout[2m | apps/validator-daemon/src/canary/__tests__/mesh-byzantine.test.ts[2m > [22m[2mREQ-RMS-017 — Byzantine under-server attributed to R via the SHIPPED canary pipeline[2m > [22m[2mNEGATIVE control — an all-honest mesh (R also forwards everything) produces NO slash
[22m[39m{"timestamp":"2026-06-22T06:17:50.317Z","level":"INFO","source":"frontend","module":"webrtc/sframe-transform","message":"encrypted frame","context":{"kid":9,"ctr":2,"byteLength":62,"codecOffset":10}}

[90mstdout[2m | apps/validator-daemon/src/canary/__tests__/mesh-byzantine.test.ts[2m > [22m[2mREQ-RMS-017 — Byzantine under-server attributed to R via the SHIPPED canary pipeline[2m > [22m[2mNEGATIVE control — an all-honest mesh (R also forwards everything) produces NO slash
[22m[39m{"timestamp":"2026-06-22T06:17:50.318Z","level":"INFO","source":"frontend","module":"webrtc/sframe-transform","message":"encrypted frame","context":{"kid":9,"ctr":3,"byteLength":62,"codecOffset":10}}

[90mstdout[2m | apps/validator-daemon/src/canary/__tests__/mesh-byzantine.test.ts[2m > [22m[2mREQ-RMS-017 — Byzantine under-server attributed to R via the SHIPPED canary pipeline[2m > [22m[2mNEGATIVE control — an all-honest mesh (R also forwards everything) produces NO slash
[22m[39m{"timestamp":"2026-06-22T06:17:50.318Z","level":"INFO","source":"frontend","module":"webrtc/sframe-transform","message":"encrypted frame","context":{"kid":9,"ctr":4,"byteLength":62,"codecOffset":10}}

[90mstdout[2m | apps/validator-daemon/src/canary/__tests__/mesh-byzantine.test.ts[2m > [22m[2mREQ-RMS-017 — Byzantine under-server attributed to R via the SHIPPED canary pipeline[2m > [22m[2mNEGATIVE control — an all-honest mesh (R also forwards everything) produces NO slash
[22m[39m{"timestamp":"2026-06-22T06:17:50.318Z","level":"INFO","source":"frontend","module":"webrtc/sframe-transform","message":"encrypted frame","context":{"kid":9,"ctr":5,"byteLength":62,"codecOffset":10}}

[90mstdout[2m | apps/validator-daemon/src/canary/__tests__/mesh-byzantine.test.ts[2m > [22m[2mREQ-RMS-017 — Byzantine under-server attributed to R via the SHIPPED canary pipeline[2m > [22m[2mNEGATIVE control — an all-honest mesh (R also forwards everything) produces NO slash
[22m[39m{"timestamp":"2026-06-22T06:17:50.319Z","level":"INFO","source":"frontend","module":"webrtc/sframe-transform","message":"encrypted frame","context":{"kid":9,"ctr":6,"byteLength":62,"codecOffset":10}}

{"level":30,"time":1782109070319,"pid":5904,"hostname":"Quang","name":"canary/verifier","canaryKid":9,"mediaPackets":8,"byteIdentical":8,"divergences":0,"msg":"canary forwarding verified"}
[90mstdout[2m | apps/validator-daemon/src/canary/__tests__/mesh-byzantine.test.ts[2m > [22m[2mREQ-RMS-017 — Byzantine under-server attributed to R via the SHIPPED canary pipeline[2m > [22m[2mNEGATIVE control — an all-honest mesh (R also forwards everything) produces NO slash
[22m[39m{"timestamp":"2026-06-22T06:17:50.319Z","level":"INFO","source":"frontend","module":"webrtc/sframe-transform","message":"encrypted frame","context":{"kid":9,"ctr":7,"byteLength":62,"codecOffset":10}}

[90mstdout[2m | apps/validator-daemon/src/canary/__tests__/mesh-byzantine.test.ts[2m > [22m[2mREQ-RMS-017 — Byzantine under-server attributed to R via the SHIPPED canary pipeline[2m > [22m[2mNEGATIVE control — an all-honest mesh (R also forwards everything) produces NO slash
[22m[39m{"timestamp":"2026-06-22T06:17:50.319Z","level":"INFO","source":"frontend","module":"webrtc/sframe-transform","message":"encrypted frame","context":{"kid":9,"ctr":0,"byteLength":62,"codecOffset":10}}

[90mstdout[2m | apps/validator-daemon/src/canary/__tests__/mesh-byzantine.test.ts[2m > [22m[2mREQ-RMS-017 — Byzantine under-server attributed to R via the SHIPPED canary pipeline[2m > [22m[2mNEGATIVE control — an all-honest mesh (R also forwards everything) produces NO slash
[22m[39m{"timestamp":"2026-06-22T06:17:50.320Z","level":"INFO","source":"frontend","module":"webrtc/sframe-transform","message":"encrypted frame","context":{"kid":9,"ctr":1,"byteLength":62,"codecOffset":10}}

[90mstdout[2m | apps/validator-daemon/src/canary/__tests__/mesh-byzantine.test.ts[2m > [22m[2mREQ-RMS-017 — Byzantine under-server attributed to R via the SHIPPED canary pipeline[2m > [22m[2mNEGATIVE control — an all-honest mesh (R also forwards everything) produces NO slash
[22m[39m{"timestamp":"2026-06-22T06:17:50.320Z","level":"INFO","source":"frontend","module":"webrtc/sframe-transform","message":"encrypted frame","context":{"kid":9,"ctr":2,"byteLength":62,"codecOffset":10}}

[90mstdout[2m | apps/validator-daemon/src/canary/__tests__/mesh-byzantine.test.ts[2m > [22m[2mREQ-RMS-017 — Byzantine under-server attributed to R via the SHIPPED canary pipeline[2m > [22m[2mNEGATIVE control — an all-honest mesh (R also forwards everything) produces NO slash
[22m[39m{"timestamp":"2026-06-22T06:17:50.321Z","level":"INFO","source":"frontend","module":"webrtc/sframe-transform","message":"encrypted frame","context":{"kid":9,"ctr":3,"byteLength":62,"codecOffset":10}}

[90mstdout[2m | apps/validator-daemon/src/canary/__tests__/mesh-byzantine.test.ts[2m > [22m[2mREQ-RMS-017 — Byzantine under-server attributed to R via the SHIPPED canary pipeline[2m > [22m[2mNEGATIVE control — an all-honest mesh (R also forwards everything) produces NO slash
[22m[39m{"timestamp":"2026-06-22T06:17:50.321Z","level":"INFO","source":"frontend","module":"webrtc/sframe-transform","message":"encrypted frame","context":{"kid":9,"ctr":4,"byteLength":62,"codecOffset":10}}

[90mstdout[2m | apps/validator-daemon/src/canary/__tests__/mesh-byzantine.test.ts[2m > [22m[2mREQ-RMS-017 — Byzantine under-server attributed to R via the SHIPPED canary pipeline[2m > [22m[2mNEGATIVE control — an all-honest mesh (R also forwards everything) produces NO slash
[22m[39m{"timestamp":"2026-06-22T06:17:50.322Z","level":"INFO","source":"frontend","module":"webrtc/sframe-transform","message":"encrypted frame","context":{"kid":9,"ctr":5,"byteLength":62,"codecOffset":10}}

[90mstdout[2m | apps/validator-daemon/src/canary/__tests__/mesh-byzantine.test.ts[2m > [22m[2mREQ-RMS-017 — Byzantine under-server attributed to R via the SHIPPED canary pipeline[2m > [22m[2mNEGATIVE control — an all-honest mesh (R also forwards everything) produces NO slash
[22m[39m{"timestamp":"2026-06-22T06:17:50.322Z","level":"INFO","source":"frontend","module":"webrtc/sframe-transform","message":"encrypted frame","context":{"kid":9,"ctr":6,"byteLength":62,"codecOffset":10}}

[90mstdout[2m | apps/validator-daemon/src/canary/__tests__/mesh-byzantine.test.ts[2m > [22m[2mREQ-RMS-017 — Byzantine under-server attributed to R via the SHIPPED canary pipeline[2m > [22m[2mNEGATIVE control — an all-honest mesh (R also forwards everything) produces NO slash
[22m[39m{"timestamp":"2026-06-22T06:17:50.322Z","level":"INFO","source":"frontend","module":"webrtc/sframe-transform","message":"encrypted frame","context":{"kid":9,"ctr":7,"byteLength":62,"codecOffset":10}}

{"level":30,"time":1782109070322,"pid":5904,"hostname":"Quang","name":"canary/verifier","canaryKid":9,"mediaPackets":8,"byteIdentical":8,"divergences":0,"msg":"canary forwarding verified"}
{"level":30,"time":1782109070322,"pid":5904,"hostname":"Quang","name":"canary/loss-classifier","relayMinerId":"relay-byzantine-R","promoted":0,"absorbed":0,"tampers":0,"cumulativeCrossed":false,"msg":"canary divergences classified (drop gate / tamper p=1)"}
{"level":30,"time":1782109070322,"pid":5904,"hostname":"Quang","name":"canary/verify-loop","round":2,"relayMinerId":"relay-byzantine-R","roomId":"mesh-room","perReceiver":2,"promoted":0,"absorbed":0,"stunLossBps":"0","msg":"canary verify round classified (hermetic half — synthetic capture, STUN read live)"}
[90mstdout[2m | apps/validator-daemon/src/canary/__tests__/mesh-byzantine.test.ts[2m > [22m[2mREQ-RMS-017 — Byzantine under-server attributed to R via the SHIPPED canary pipeline[2m > [22m[2mNEGATIVE control — an all-honest mesh (R also forwards everything) produces NO slash
[22m[39m{"timestamp":"2026-06-22T06:17:50.323Z","level":"INFO","source":"frontend","module":"webrtc/sframe-transform","message":"encrypted frame","context":{"kid":9,"ctr":0,"byteLength":62,"codecOffset":10}}

[90mstdout[2m | apps/validator-daemon/src/canary/__tests__/mesh-byzantine.test.ts[2m > [22m[2mREQ-RMS-017 — Byzantine under-server attributed to R via the SHIPPED canary pipeline[2m > [22m[2mNEGATIVE control — an all-honest mesh (R also forwards everything) produces NO slash
[22m[39m{"timestamp":"2026-06-22T06:17:50.323Z","level":"INFO","source":"frontend","module":"webrtc/sframe-transform","message":"encrypted frame","context":{"kid":9,"ctr":1,"byteLength":62,"codecOffset":10}}

[90mstdout[2m | apps/validator-daemon/src/canary/__tests__/mesh-byzantine.test.ts[2m > [22m[2mREQ-RMS-017 — Byzantine under-server attributed to R via the SHIPPED canary pipeline[2m > [22m[2mNEGATIVE control — an all-honest mesh (R also forwards everything) produces NO slash
[22m[39m{"timestamp":"2026-06-22T06:17:50.323Z","level":"INFO","source":"frontend","module":"webrtc/sframe-transform","message":"encrypted frame","context":{"kid":9,"ctr":2,"byteLength":62,"codecOffset":10}}

[90mstdout[2m | apps/validator-daemon/src/canary/__tests__/mesh-byzantine.test.ts[2m > [22m[2mREQ-RMS-017 — Byzantine under-server attributed to R via the SHIPPED canary pipeline[2m > [22m[2mNEGATIVE control — an all-honest mesh (R also forwards everything) produces NO slash
[22m[39m{"timestamp":"2026-06-22T06:17:50.324Z","level":"INFO","source":"frontend","module":"webrtc/sframe-transform","message":"encrypted frame","context":{"kid":9,"ctr":3,"byteLength":62,"codecOffset":10}}

[90mstdout[2m | apps/validator-daemon/src/canary/__tests__/mesh-byzantine.test.ts[2m > [22m[2mREQ-RMS-017 — Byzantine under-server attributed to R via the SHIPPED canary pipeline[2m > [22m[2mNEGATIVE control — an all-honest mesh (R also forwards everything) produces NO slash
[22m[39m{"timestamp":"2026-06-22T06:17:50.324Z","level":"INFO","source":"frontend","module":"webrtc/sframe-transform","message":"encrypted frame","context":{"kid":9,"ctr":4,"byteLength":62,"codecOffset":10}}

[90mstdout[2m | apps/validator-daemon/src/canary/__tests__/mesh-byzantine.test.ts[2m > [22m[2mREQ-RMS-017 — Byzantine under-server attributed to R via the SHIPPED canary pipeline[2m > [22m[2mNEGATIVE control — an all-honest mesh (R also forwards everything) produces NO slash
[22m[39m{"timestamp":"2026-06-22T06:17:50.324Z","level":"INFO","source":"frontend","module":"webrtc/sframe-transform","message":"encrypted frame","context":{"kid":9,"ctr":5,"byteLength":62,"codecOffset":10}}

[90mstdout[2m | apps/validator-daemon/src/canary/__tests__/mesh-byzantine.test.ts[2m > [22m[2mREQ-RMS-017 — Byzantine under-server attributed to R via the SHIPPED canary pipeline[2m > [22m[2mNEGATIVE control — an all-honest mesh (R also forwards everything) produces NO slash
[22m[39m{"timestamp":"2026-06-22T06:17:50.324Z","level":"INFO","source":"frontend","module":"webrtc/sframe-transform","message":"encrypted frame","context":{"kid":9,"ctr":6,"byteLength":62,"codecOffset":10}}

[90mstdout[2m | apps/validator-daemon/src/canary/__tests__/mesh-byzantine.test.ts[2m > [22m[2mREQ-RMS-017 — Byzantine under-server attributed to R via the SHIPPED canary pipeline[2m > [22m[2mNEGATIVE control — an all-honest mesh (R also forwards everything) produces NO slash
[22m[39m{"timestamp":"2026-06-22T06:17:50.325Z","level":"INFO","source":"frontend","module":"webrtc/sframe-transform","message":"encrypted frame","context":{"kid":9,"ctr":7,"byteLength":62,"codecOffset":10}}

[90mstdout[2m | apps/validator-daemon/src/canary/__tests__/mesh-byzantine.test.ts[2m > [22m[2mREQ-RMS-017 — Byzantine under-server attributed to R via the SHIPPED canary pipeline[2m > [22m[2mNEGATIVE control — an all-honest mesh (R also forwards everything) produces NO slash
[22m[39m{"timestamp":"2026-06-22T06:17:50.325Z","level":"INFO","source":"frontend","module":"webrtc/sframe-transform","message":"encrypted frame","context":{"kid":9,"ctr":0,"byteLength":62,"codecOffset":10}}

[90mstdout[2m | apps/validator-daemon/src/canary/__tests__/mesh-byzantine.test.ts[2m > [22m[2mREQ-RMS-017 — Byzantine under-server attributed to R via the SHIPPED canary pipeline[2m > [22m[2mNEGATIVE control — an all-honest mesh (R also forwards everything) produces NO slash
[22m[39m{"timestamp":"2026-06-22T06:17:50.325Z","level":"INFO","source":"frontend","module":"webrtc/sframe-transform","message":"encrypted frame","context":{"kid":9,"ctr":1,"byteLength":62,"codecOffset":10}}

[90mstdout[2m | apps/validator-daemon/src/canary/__tests__/mesh-byzantine.test.ts[2m > [22m[2mREQ-RMS-017 — Byzantine under-server attributed to R via the SHIPPED canary pipeline[2m > [22m[2mNEGATIVE control — an all-honest mesh (R also forwards everything) produces NO slash
[22m[39m{"timestamp":"2026-06-22T06:17:50.326Z","level":"INFO","source":"frontend","module":"webrtc/sframe-transform","message":"encrypted frame","context":{"kid":9,"ctr":2,"byteLength":62,"codecOffset":10}}

[90mstdout[2m | apps/validator-daemon/src/canary/__tests__/mesh-byzantine.test.ts[2m > [22m[2mREQ-RMS-017 — Byzantine under-server attributed to R via the SHIPPED canary pipeline[2m > [22m[2mNEGATIVE control — an all-honest mesh (R also forwards everything) produces NO slash
[22m[39m{"timestamp":"2026-06-22T06:17:50.326Z","level":"INFO","source":"frontend","module":"webrtc/sframe-transform","message":"encrypted frame","context":{"kid":9,"ctr":3,"byteLength":62,"codecOffset":10}}

[90mstdout[2m | apps/validator-daemon/src/canary/__tests__/mesh-byzantine.test.ts[2m > [22m[2mREQ-RMS-017 — Byzantine under-server attributed to R via the SHIPPED canary pipeline[2m > [22m[2mNEGATIVE control — an all-honest mesh (R also forwards everything) produces NO slash
[22m[39m{"timestamp":"2026-06-22T06:17:50.326Z","level":"INFO","source":"frontend","module":"webrtc/sframe-transform","message":"encrypted frame","context":{"kid":9,"ctr":4,"byteLength":62,"codecOffset":10}}

[90mstdout[2m | apps/validator-daemon/src/canary/__tests__/mesh-byzantine.test.ts[2m > [22m[2mREQ-RMS-017 — Byzantine under-server attributed to R via the SHIPPED canary pipeline[2m > [22m[2mNEGATIVE control — an all-honest mesh (R also forwards everything) produces NO slash
[22m[39m{"timestamp":"2026-06-22T06:17:50.327Z","level":"INFO","source":"frontend","module":"webrtc/sframe-transform","message":"encrypted frame","context":{"kid":9,"ctr":5,"byteLength":62,"codecOffset":10}}

[90mstdout[2m | apps/validator-daemon/src/canary/__tests__/mesh-byzantine.test.ts[2m > [22m[2mREQ-RMS-017 — Byzantine under-server attributed to R via the SHIPPED canary pipeline[2m > [22m[2mNEGATIVE control — an all-honest mesh (R also forwards everything) produces NO slash
[22m[39m{"timestamp":"2026-06-22T06:17:50.327Z","level":"INFO","source":"frontend","module":"webrtc/sframe-transform","message":"encrypted frame","context":{"kid":9,"ctr":6,"byteLength":62,"codecOffset":10}}

{"level":30,"time":1782109070328,"pid":5904,"hostname":"Quang","name":"canary/verifier","canaryKid":9,"mediaPackets":8,"byteIdentical":8,"divergences":0,"msg":"canary forwarding verified"}
[90mstdout[2m | apps/validator-daemon/src/canary/__tests__/mesh-byzantine.test.ts[2m > [22m[2mREQ-RMS-017 — Byzantine under-server attributed to R via the SHIPPED canary pipeline[2m > [22m[2mNEGATIVE control — an all-honest mesh (R also forwards everything) produces NO slash
[22m[39m{"timestamp":"2026-06-22T06:17:50.327Z","level":"INFO","source":"frontend","module":"webrtc/sframe-transform","message":"encrypted frame","context":{"kid":9,"ctr":7,"byteLength":62,"codecOffset":10}}

[90mstdout[2m | apps/validator-daemon/src/canary/__tests__/mesh-byzantine.test.ts[2m > [22m[2mREQ-RMS-017 — Byzantine under-server attributed to R via the SHIPPED canary pipeline[2m > [22m[2mNEGATIVE control — an all-honest mesh (R also forwards everything) produces NO slash
[22m[39m{"timestamp":"2026-06-22T06:17:50.328Z","level":"INFO","source":"frontend","module":"webrtc/sframe-transform","message":"encrypted frame","context":{"kid":9,"ctr":0,"byteLength":62,"codecOffset":10}}

[90mstdout[2m | apps/validator-daemon/src/canary/__tests__/mesh-byzantine.test.ts[2m > [22m[2mREQ-RMS-017 — Byzantine under-server attributed to R via the SHIPPED canary pipeline[2m > [22m[2mNEGATIVE control — an all-honest mesh (R also forwards everything) produces NO slash
[22m[39m{"timestamp":"2026-06-22T06:17:50.328Z","level":"INFO","source":"frontend","module":"webrtc/sframe-transform","message":"encrypted frame","context":{"kid":9,"ctr":1,"byteLength":62,"codecOffset":10}}

[90mstdout[2m | apps/validator-daemon/src/canary/__tests__/mesh-byzantine.test.ts[2m > [22m[2mREQ-RMS-017 — Byzantine under-server attributed to R via the SHIPPED canary pipeline[2m > [22m[2mNEGATIVE control — an all-honest mesh (R also forwards everything) produces NO slash
[22m[39m{"timestamp":"2026-06-22T06:17:50.329Z","level":"INFO","source":"frontend","module":"webrtc/sframe-transform","message":"encrypted frame","context":{"kid":9,"ctr":2,"byteLength":62,"codecOffset":10}}

[90mstdout[2m | apps/validator-daemon/src/canary/__tests__/mesh-byzantine.test.ts[2m > [22m[2mREQ-RMS-017 — Byzantine under-server attributed to R via the SHIPPED canary pipeline[2m > [22m[2mNEGATIVE control — an all-honest mesh (R also forwards everything) produces NO slash
[22m[39m{"timestamp":"2026-06-22T06:17:50.329Z","level":"INFO","source":"frontend","module":"webrtc/sframe-transform","message":"encrypted frame","context":{"kid":9,"ctr":3,"byteLength":62,"codecOffset":10}}

[90mstdout[2m | apps/validator-daemon/src/canary/__tests__/mesh-byzantine.test.ts[2m > [22m[2mREQ-RMS-017 — Byzantine under-server attributed to R via the SHIPPED canary pipeline[2m > [22m[2mNEGATIVE control — an all-honest mesh (R also forwards everything) produces NO slash
[22m[39m{"timestamp":"2026-06-22T06:17:50.330Z","level":"INFO","source":"frontend","module":"webrtc/sframe-transform","message":"encrypted frame","context":{"kid":9,"ctr":4,"byteLength":62,"codecOffset":10}}

[90mstdout[2m | apps/validator-daemon/src/canary/__tests__/mesh-byzantine.test.ts[2m > [22m[2mREQ-RMS-017 — Byzantine under-server attributed to R via the SHIPPED canary pipeline[2m > [22m[2mNEGATIVE control — an all-honest mesh (R also forwards everything) produces NO slash
[22m[39m{"timestamp":"2026-06-22T06:17:50.330Z","level":"INFO","source":"frontend","module":"webrtc/sframe-transform","message":"encrypted frame","context":{"kid":9,"ctr":5,"byteLength":62,"codecOffset":10}}

[90mstdout[2m | apps/validator-daemon/src/canary/__tests__/mesh-byzantine.test.ts[2m > [22m[2mREQ-RMS-017 — Byzantine under-server attributed to R via the SHIPPED canary pipeline[2m > [22m[2mNEGATIVE control — an all-honest mesh (R also forwards everything) produces NO slash
[22m[39m{"timestamp":"2026-06-22T06:17:50.331Z","level":"INFO","source":"frontend","module":"webrtc/sframe-transform","message":"encrypted frame","context":{"kid":9,"ctr":6,"byteLength":62,"codecOffset":10}}

[90mstdout[2m | apps/validator-daemon/src/canary/__tests__/mesh-byzantine.test.ts[2m > [22m[2mREQ-RMS-017 — Byzantine under-server attributed to R via the SHIPPED canary pipeline[2m > [22m[2mNEGATIVE control — an all-honest mesh (R also forwards everything) produces NO slash
[22m[39m{"timestamp":"2026-06-22T06:17:50.331Z","level":"INFO","source":"frontend","module":"webrtc/sframe-transform","message":"encrypted frame","context":{"kid":9,"ctr":7,"byteLength":62,"codecOffset":10}}

{"level":30,"time":1782109070331,"pid":5904,"hostname":"Quang","name":"canary/verifier","canaryKid":9,"mediaPackets":8,"byteIdentical":8,"divergences":0,"msg":"canary forwarding verified"}
{"level":30,"time":1782109070332,"pid":5904,"hostname":"Quang","name":"canary/loss-classifier","relayMinerId":"relay-honest-R2","promoted":0,"absorbed":0,"tampers":0,"cumulativeCrossed":false,"msg":"canary divergences classified (drop gate / tamper p=1)"}
{"level":30,"time":1782109070332,"pid":5904,"hostname":"Quang","name":"canary/verify-loop","round":2,"relayMinerId":"relay-honest-R2","roomId":"mesh-room","perReceiver":2,"promoted":0,"absorbed":0,"stunLossBps":"0","msg":"canary verify round classified (hermetic half — synthetic capture, STUN read live)"}
[90mstdout[2m | apps/validator-daemon/src/canary/__tests__/mesh-byzantine.test.ts[2m > [22m[2mREQ-RMS-017 — Byzantine under-server attributed to R via the SHIPPED canary pipeline[2m > [22m[2mNEGATIVE control — an all-honest mesh (R also forwards everything) produces NO slash
[22m[39m{"timestamp":"2026-06-22T06:17:50.332Z","level":"INFO","source":"frontend","module":"webrtc/sframe-transform","message":"encrypted frame","context":{"kid":9,"ctr":0,"byteLength":62,"codecOffset":10}}

[90mstdout[2m | apps/validator-daemon/src/canary/__tests__/mesh-byzantine.test.ts[2m > [22m[2mREQ-RMS-017 — Byzantine under-server attributed to R via the SHIPPED canary pipeline[2m > [22m[2mNEGATIVE control — an all-honest mesh (R also forwards everything) produces NO slash
[22m[39m{"timestamp":"2026-06-22T06:17:50.333Z","level":"INFO","source":"frontend","module":"webrtc/sframe-transform","message":"encrypted frame","context":{"kid":9,"ctr":1,"byteLength":62,"codecOffset":10}}

[90mstdout[2m | apps/validator-daemon/src/canary/__tests__/mesh-byzantine.test.ts[2m > [22m[2mREQ-RMS-017 — Byzantine under-server attributed to R via the SHIPPED canary pipeline[2m > [22m[2mNEGATIVE control — an all-honest mesh (R also forwards everything) produces NO slash
[22m[39m{"timestamp":"2026-06-22T06:17:50.333Z","level":"INFO","source":"frontend","module":"webrtc/sframe-transform","message":"encrypted frame","context":{"kid":9,"ctr":2,"byteLength":62,"codecOffset":10}}

[90mstdout[2m | apps/validator-daemon/src/canary/__tests__/mesh-byzantine.test.ts[2m > [22m[2mREQ-RMS-017 — Byzantine under-server attributed to R via the SHIPPED canary pipeline[2m > [22m[2mNEGATIVE control — an all-honest mesh (R also forwards everything) produces NO slash
[22m[39m{"timestamp":"2026-06-22T06:17:50.334Z","level":"INFO","source":"frontend","module":"webrtc/sframe-transform","message":"encrypted frame","context":{"kid":9,"ctr":3,"byteLength":62,"codecOffset":10}}

[90mstdout[2m | apps/validator-daemon/src/canary/__tests__/mesh-byzantine.test.ts[2m > [22m[2mREQ-RMS-017 — Byzantine under-server attributed to R via the SHIPPED canary pipeline[2m > [22m[2mNEGATIVE control — an all-honest mesh (R also forwards everything) produces NO slash
[22m[39m{"timestamp":"2026-06-22T06:17:50.334Z","level":"INFO","source":"frontend","module":"webrtc/sframe-transform","message":"encrypted frame","context":{"kid":9,"ctr":4,"byteLength":62,"codecOffset":10}}

[90mstdout[2m | apps/validator-daemon/src/canary/__tests__/mesh-byzantine.test.ts[2m > [22m[2mREQ-RMS-017 — Byzantine under-server attributed to R via the SHIPPED canary pipeline[2m > [22m[2mNEGATIVE control — an all-honest mesh (R also forwards everything) produces NO slash
[22m[39m{"timestamp":"2026-06-22T06:17:50.334Z","level":"INFO","source":"frontend","module":"webrtc/sframe-transform","message":"encrypted frame","context":{"kid":9,"ctr":5,"byteLength":62,"codecOffset":10}}

[90mstdout[2m | apps/validator-daemon/src/canary/__tests__/mesh-byzantine.test.ts[2m > [22m[2mREQ-RMS-017 — Byzantine under-server attributed to R via the SHIPPED canary pipeline[2m > [22m[2mNEGATIVE control — an all-honest mesh (R also forwards everything) produces NO slash
[22m[39m{"timestamp":"2026-06-22T06:17:50.335Z","level":"INFO","source":"frontend","module":"webrtc/sframe-transform","message":"encrypted frame","context":{"kid":9,"ctr":6,"byteLength":62,"codecOffset":10}}

[90mstdout[2m | apps/validator-daemon/src/canary/__tests__/mesh-byzantine.test.ts[2m > [22m[2mREQ-RMS-017 — Byzantine under-server attributed to R via the SHIPPED canary pipeline[2m > [22m[2mNEGATIVE control — an all-honest mesh (R also forwards everything) produces NO slash
[22m[39m{"timestamp":"2026-06-22T06:17:50.335Z","level":"INFO","source":"frontend","module":"webrtc/sframe-transform","message":"encrypted frame","context":{"kid":9,"ctr":7,"byteLength":62,"codecOffset":10}}

[90mstdout[2m | apps/validator-daemon/src/canary/__tests__/mesh-byzantine.test.ts[2m > [22m[2mREQ-RMS-017 — Byzantine under-server attributed to R via the SHIPPED canary pipeline[2m > [22m[2mNEGATIVE control — an all-honest mesh (R also forwards everything) produces NO slash
[22m[39m{"timestamp":"2026-06-22T06:17:50.336Z","level":"INFO","source":"frontend","module":"webrtc/sframe-transform","message":"encrypted frame","context":{"kid":9,"ctr":0,"byteLength":62,"codecOffset":10}}

[90mstdout[2m | apps/validator-daemon/src/canary/__tests__/mesh-byzantine.test.ts[2m > [22m[2mREQ-RMS-017 — Byzantine under-server attributed to R via the SHIPPED canary pipeline[2m > [22m[2mNEGATIVE control — an all-honest mesh (R also forwards everything) produces NO slash
[22m[39m{"timestamp":"2026-06-22T06:17:50.336Z","level":"INFO","source":"frontend","module":"webrtc/sframe-transform","message":"encrypted frame","context":{"kid":9,"ctr":1,"byteLength":62,"codecOffset":10}}

[90mstdout[2m | apps/validator-daemon/src/canary/__tests__/mesh-byzantine.test.ts[2m > [22m[2mREQ-RMS-017 — Byzantine under-server attributed to R via the SHIPPED canary pipeline[2m > [22m[2mNEGATIVE control — an all-honest mesh (R also forwards everything) produces NO slash
[22m[39m{"timestamp":"2026-06-22T06:17:50.336Z","level":"INFO","source":"frontend","module":"webrtc/sframe-transform","message":"encrypted frame","context":{"kid":9,"ctr":2,"byteLength":62,"codecOffset":10}}

[90mstdout[2m | apps/validator-daemon/src/canary/__tests__/mesh-byzantine.test.ts[2m > [22m[2mREQ-RMS-017 — Byzantine under-server attributed to R via the SHIPPED canary pipeline[2m > [22m[2mNEGATIVE control — an all-honest mesh (R also forwards everything) produces NO slash
[22m[39m{"timestamp":"2026-06-22T06:17:50.337Z","level":"INFO","source":"frontend","module":"webrtc/sframe-transform","message":"encrypted frame","context":{"kid":9,"ctr":3,"byteLength":62,"codecOffset":10}}

[90mstdout[2m | apps/validator-daemon/src/canary/__tests__/mesh-byzantine.test.ts[2m > [22m[2mREQ-RMS-017 — Byzantine under-server attributed to R via the SHIPPED canary pipeline[2m > [22m[2mNEGATIVE control — an all-honest mesh (R also forwards everything) produces NO slash
[22m[39m{"timestamp":"2026-06-22T06:17:50.337Z","level":"INFO","source":"frontend","module":"webrtc/sframe-transform","message":"encrypted frame","context":{"kid":9,"ctr":4,"byteLength":62,"codecOffset":10}}

[90mstdout[2m | apps/validator-daemon/src/canary/__tests__/mesh-byzantine.test.ts[2m > [22m[2mREQ-RMS-017 — Byzantine under-server attributed to R via the SHIPPED canary pipeline[2m > [22m[2mNEGATIVE control — an all-honest mesh (R also forwards everything) produces NO slash
[22m[39m{"timestamp":"2026-06-22T06:17:50.337Z","level":"INFO","source":"frontend","module":"webrtc/sframe-transform","message":"encrypted frame","context":{"kid":9,"ctr":5,"byteLength":62,"codecOffset":10}}

[90mstdout[2m | apps/validator-daemon/src/canary/__tests__/mesh-byzantine.test.ts[2m > [22m[2mREQ-RMS-017 — Byzantine under-server attributed to R via the SHIPPED canary pipeline[2m > [22m[2mNEGATIVE control — an all-honest mesh (R also forwards everything) produces NO slash
[22m[39m{"timestamp":"2026-06-22T06:17:50.338Z","level":"INFO","source":"frontend","module":"webrtc/sframe-transform","message":"encrypted frame","context":{"kid":9,"ctr":6,"byteLength":62,"codecOffset":10}}

[90mstdout[2m | apps/validator-daemon/src/canary/__tests__/mesh-byzantine.test.ts[2m > [22m[2mREQ-RMS-017 — Byzantine under-server attributed to R via the SHIPPED canary pipeline[2m > [22m[2mNEGATIVE control — an all-honest mesh (R also forwards everything) produces NO slash
[22m[39m{"timestamp":"2026-06-22T06:17:50.338Z","level":"INFO","source":"frontend","module":"webrtc/sframe-transform","message":"encrypted frame","context":{"kid":9,"ctr":7,"byteLength":62,"codecOffset":10}}

{"level":30,"time":1782109070338,"pid":5904,"hostname":"Quang","name":"canary/verifier","canaryKid":9,"mediaPackets":8,"byteIdentical":8,"divergences":0,"msg":"canary forwarding verified"}
[90mstdout[2m | apps/validator-daemon/src/canary/__tests__/mesh-byzantine.test.ts[2m > [22m[2mREQ-RMS-017 — Byzantine under-server attributed to R via the SHIPPED canary pipeline[2m > [22m[2mNEGATIVE control — an all-honest mesh (R also forwards everything) produces NO slash
[22m[39m{"timestamp":"2026-06-22T06:17:50.338Z","level":"INFO","source":"frontend","module":"webrtc/sframe-transform","message":"encrypted frame","context":{"kid":9,"ctr":0,"byteLength":62,"codecOffset":10}}

[90mstdout[2m | apps/validator-daemon/src/canary/__tests__/mesh-byzantine.test.ts[2m > [22m[2mREQ-RMS-017 — Byzantine under-server attributed to R via the SHIPPED canary pipeline[2m > [22m[2mNEGATIVE control — an all-honest mesh (R also forwards everything) produces NO slash
[22m[39m{"timestamp":"2026-06-22T06:17:50.339Z","level":"INFO","source":"frontend","module":"webrtc/sframe-transform","message":"encrypted frame","context":{"kid":9,"ctr":1,"byteLength":62,"codecOffset":10}}

[90mstdout[2m | apps/validator-daemon/src/canary/__tests__/mesh-byzantine.test.ts[2m > [22m[2mREQ-RMS-017 — Byzantine under-server attributed to R via the SHIPPED canary pipeline[2m > [22m[2mNEGATIVE control — an all-honest mesh (R also forwards everything) produces NO slash
[22m[39m{"timestamp":"2026-06-22T06:17:50.339Z","level":"INFO","source":"frontend","module":"webrtc/sframe-transform","message":"encrypted frame","context":{"kid":9,"ctr":2,"byteLength":62,"codecOffset":10}}

[90mstdout[2m | apps/validator-daemon/src/canary/__tests__/mesh-byzantine.test.ts[2m > [22m[2mREQ-RMS-017 — Byzantine under-server attributed to R via the SHIPPED canary pipeline[2m > [22m[2mNEGATIVE control — an all-honest mesh (R also forwards everything) produces NO slash
[22m[39m{"timestamp":"2026-06-22T06:17:50.340Z","level":"INFO","source":"frontend","module":"webrtc/sframe-transform","message":"encrypted frame","context":{"kid":9,"ctr":3,"byteLength":62,"codecOffset":10}}

[90mstdout[2m | apps/validator-daemon/src/canary/__tests__/mesh-byzantine.test.ts[2m > [22m[2mREQ-RMS-017 — Byzantine under-server attributed to R via the SHIPPED canary pipeline[2m > [22m[2mNEGATIVE control — an all-honest mesh (R also forwards everything) produces NO slash
[22m[39m{"timestamp":"2026-06-22T06:17:50.340Z","level":"INFO","source":"frontend","module":"webrtc/sframe-transform","message":"encrypted frame","context":{"kid":9,"ctr":4,"byteLength":62,"codecOffset":10}}

[90mstdout[2m | apps/validator-daemon/src/canary/__tests__/mesh-byzantine.test.ts[2m > [22m[2mREQ-RMS-017 — Byzantine under-server attributed to R via the SHIPPED canary pipeline[2m > [22m[2mNEGATIVE control — an all-honest mesh (R also forwards everything) produces NO slash
[22m[39m{"timestamp":"2026-06-22T06:17:50.340Z","level":"INFO","source":"frontend","module":"webrtc/sframe-transform","message":"encrypted frame","context":{"kid":9,"ctr":5,"byteLength":62,"codecOffset":10}}

[90mstdout[2m | apps/validator-daemon/src/canary/__tests__/mesh-byzantine.test.ts[2m > [22m[2mREQ-RMS-017 — Byzantine under-server attributed to R via the SHIPPED canary pipeline[2m > [22m[2mNEGATIVE control — an all-honest mesh (R also forwards everything) produces NO slash
[22m[39m{"timestamp":"2026-06-22T06:17:50.340Z","level":"INFO","source":"frontend","module":"webrtc/sframe-transform","message":"encrypted frame","context":{"kid":9,"ctr":6,"byteLength":62,"codecOffset":10}}

[90mstdout[2m | apps/validator-daemon/src/canary/__tests__/mesh-byzantine.test.ts[2m > [22m[2mREQ-RMS-017 — Byzantine under-server attributed to R via the SHIPPED canary pipeline[2m > [22m[2mNEGATIVE control — an all-honest mesh (R also forwards everything) produces NO slash
[22m[39m{"timestamp":"2026-06-22T06:17:50.341Z","level":"INFO","source":"frontend","module":"webrtc/sframe-transform","message":"encrypted frame","context":{"kid":9,"ctr":7,"byteLength":62,"codecOffset":10}}

{"level":30,"time":1782109070341,"pid":5904,"hostname":"Quang","name":"canary/verifier","canaryKid":9,"mediaPackets":8,"byteIdentical":8,"divergences":0,"msg":"canary forwarding verified"}
{"level":30,"time":1782109070341,"pid":5904,"hostname":"Quang","name":"canary/loss-classifier","relayMinerId":"relay-byzantine-R","promoted":0,"absorbed":0,"tampers":0,"cumulativeCrossed":false,"msg":"canary divergences classified (drop gate / tamper p=1)"}
{"level":30,"time":1782109070341,"pid":5904,"hostname":"Quang","name":"canary/verify-loop","round":3,"relayMinerId":"relay-byzantine-R","roomId":"mesh-room","perReceiver":2,"promoted":0,"absorbed":0,"stunLossBps":"0","msg":"canary verify round classified (hermetic half — synthetic capture, STUN read live)"}
[90mstdout[2m | apps/validator-daemon/src/canary/__tests__/mesh-byzantine.test.ts[2m > [22m[2mREQ-RMS-017 — Byzantine under-server attributed to R via the SHIPPED canary pipeline[2m > [22m[2mNEGATIVE control — an all-honest mesh (R also forwards everything) produces NO slash
[22m[39m{"timestamp":"2026-06-22T06:17:50.341Z","level":"INFO","source":"frontend","module":"webrtc/sframe-transform","message":"encrypted frame","context":{"kid":9,"ctr":0,"byteLength":62,"codecOffset":10}}

[90mstdout[2m | apps/validator-daemon/src/canary/__tests__/mesh-byzantine.test.ts[2m > [22m[2mREQ-RMS-017 — Byzantine under-server attributed to R via the SHIPPED canary pipeline[2m > [22m[2mNEGATIVE control — an all-honest mesh (R also forwards everything) produces NO slash
[22m[39m{"timestamp":"2026-06-22T06:17:50.342Z","level":"INFO","source":"frontend","module":"webrtc/sframe-transform","message":"encrypted frame","context":{"kid":9,"ctr":1,"byteLength":62,"codecOffset":10}}

[90mstdout[2m | apps/validator-daemon/src/canary/__tests__/mesh-byzantine.test.ts[2m > [22m[2mREQ-RMS-017 — Byzantine under-server attributed to R via the SHIPPED canary pipeline[2m > [22m[2mNEGATIVE control — an all-honest mesh (R also forwards everything) produces NO slash
[22m[39m{"timestamp":"2026-06-22T06:17:50.342Z","level":"INFO","source":"frontend","module":"webrtc/sframe-transform","message":"encrypted frame","context":{"kid":9,"ctr":2,"byteLength":62,"codecOffset":10}}

[90mstdout[2m | apps/validator-daemon/src/canary/__tests__/mesh-byzantine.test.ts[2m > [22m[2mREQ-RMS-017 — Byzantine under-server attributed to R via the SHIPPED canary pipeline[2m > [22m[2mNEGATIVE control — an all-honest mesh (R also forwards everything) produces NO slash
[22m[39m{"timestamp":"2026-06-22T06:17:50.342Z","level":"INFO","source":"frontend","module":"webrtc/sframe-transform","message":"encrypted frame","context":{"kid":9,"ctr":3,"byteLength":62,"codecOffset":10}}

[90mstdout[2m | apps/validator-daemon/src/canary/__tests__/mesh-byzantine.test.ts[2m > [22m[2mREQ-RMS-017 — Byzantine under-server attributed to R via the SHIPPED canary pipeline[2m > [22m[2mNEGATIVE control — an all-honest mesh (R also forwards everything) produces NO slash
[22m[39m{"timestamp":"2026-06-22T06:17:50.343Z","level":"INFO","source":"frontend","module":"webrtc/sframe-transform","message":"encrypted frame","context":{"kid":9,"ctr":4,"byteLength":62,"codecOffset":10}}

[90mstdout[2m | apps/validator-daemon/src/canary/__tests__/mesh-byzantine.test.ts[2m > [22m[2mREQ-RMS-017 — Byzantine under-server attributed to R via the SHIPPED canary pipeline[2m > [22m[2mNEGATIVE control — an all-honest mesh (R also forwards everything) produces NO slash
[22m[39m{"timestamp":"2026-06-22T06:17:50.343Z","level":"INFO","source":"frontend","module":"webrtc/sframe-transform","message":"encrypted frame","context":{"kid":9,"ctr":5,"byteLength":62,"codecOffset":10}}

[90mstdout[2m | apps/validator-daemon/src/canary/__tests__/mesh-byzantine.test.ts[2m > [22m[2mREQ-RMS-017 — Byzantine under-server attributed to R via the SHIPPED canary pipeline[2m > [22m[2mNEGATIVE control — an all-honest mesh (R also forwards everything) produces NO slash
[22m[39m{"timestamp":"2026-06-22T06:17:50.343Z","level":"INFO","source":"frontend","module":"webrtc/sframe-transform","message":"encrypted frame","context":{"kid":9,"ctr":6,"byteLength":62,"codecOffset":10}}

[90mstdout[2m | apps/validator-daemon/src/canary/__tests__/mesh-byzantine.test.ts[2m > [22m[2mREQ-RMS-017 — Byzantine under-server attributed to R via the SHIPPED canary pipeline[2m > [22m[2mNEGATIVE control — an all-honest mesh (R also forwards everything) produces NO slash
[22m[39m{"timestamp":"2026-06-22T06:17:50.344Z","level":"INFO","source":"frontend","module":"webrtc/sframe-transform","message":"encrypted frame","context":{"kid":9,"ctr":7,"byteLength":62,"codecOffset":10}}

[90mstdout[2m | apps/validator-daemon/src/canary/__tests__/mesh-byzantine.test.ts[2m > [22m[2mREQ-RMS-017 — Byzantine under-server attributed to R via the SHIPPED canary pipeline[2m > [22m[2mNEGATIVE control — an all-honest mesh (R also forwards everything) produces NO slash
[22m[39m{"timestamp":"2026-06-22T06:17:50.344Z","level":"INFO","source":"frontend","module":"webrtc/sframe-transform","message":"encrypted frame","context":{"kid":9,"ctr":0,"byteLength":62,"codecOffset":10}}

[90mstdout[2m | apps/validator-daemon/src/canary/__tests__/mesh-byzantine.test.ts[2m > [22m[2mREQ-RMS-017 — Byzantine under-server attributed to R via the SHIPPED canary pipeline[2m > [22m[2mNEGATIVE control — an all-honest mesh (R also forwards everything) produces NO slash
[22m[39m{"timestamp":"2026-06-22T06:17:50.344Z","level":"INFO","source":"frontend","module":"webrtc/sframe-transform","message":"encrypted frame","context":{"kid":9,"ctr":1,"byteLength":62,"codecOffset":10}}

[90mstdout[2m | apps/validator-daemon/src/canary/__tests__/mesh-byzantine.test.ts[2m > [22m[2mREQ-RMS-017 — Byzantine under-server attributed to R via the SHIPPED canary pipeline[2m > [22m[2mNEGATIVE control — an all-honest mesh (R also forwards everything) produces NO slash
[22m[39m{"timestamp":"2026-06-22T06:17:50.345Z","level":"INFO","source":"frontend","module":"webrtc/sframe-transform","message":"encrypted frame","context":{"kid":9,"ctr":2,"byteLength":62,"codecOffset":10}}

[90mstdout[2m | apps/validator-daemon/src/canary/__tests__/mesh-byzantine.test.ts[2m > [22m[2mREQ-RMS-017 — Byzantine under-server attributed to R via the SHIPPED canary pipeline[2m > [22m[2mNEGATIVE control — an all-honest mesh (R also forwards everything) produces NO slash
[22m[39m{"timestamp":"2026-06-22T06:17:50.345Z","level":"INFO","source":"frontend","module":"webrtc/sframe-transform","message":"encrypted frame","context":{"kid":9,"ctr":3,"byteLength":62,"codecOffset":10}}

[90mstdout[2m | apps/validator-daemon/src/canary/__tests__/mesh-byzantine.test.ts[2m > [22m[2mREQ-RMS-017 — Byzantine under-server attributed to R via the SHIPPED canary pipeline[2m > [22m[2mNEGATIVE control — an all-honest mesh (R also forwards everything) produces NO slash
[22m[39m{"timestamp":"2026-06-22T06:17:50.345Z","level":"INFO","source":"frontend","module":"webrtc/sframe-transform","message":"encrypted frame","context":{"kid":9,"ctr":4,"byteLength":62,"codecOffset":10}}

[90mstdout[2m | apps/validator-daemon/src/canary/__tests__/mesh-byzantine.test.ts[2m > [22m[2mREQ-RMS-017 — Byzantine under-server attributed to R via the SHIPPED canary pipeline[2m > [22m[2mNEGATIVE control — an all-honest mesh (R also forwards everything) produces NO slash
[22m[39m{"timestamp":"2026-06-22T06:17:50.346Z","level":"INFO","source":"frontend","module":"webrtc/sframe-transform","message":"encrypted frame","context":{"kid":9,"ctr":5,"byteLength":62,"codecOffset":10}}

[90mstdout[2m | apps/validator-daemon/src/canary/__tests__/mesh-byzantine.test.ts[2m > [22m[2mREQ-RMS-017 — Byzantine under-server attributed to R via the SHIPPED canary pipeline[2m > [22m[2mNEGATIVE control — an all-honest mesh (R also forwards everything) produces NO slash
[22m[39m{"timestamp":"2026-06-22T06:17:50.346Z","level":"INFO","source":"frontend","module":"webrtc/sframe-transform","message":"encrypted frame","context":{"kid":9,"ctr":6,"byteLength":62,"codecOffset":10}}

{"level":30,"time":1782109070346,"pid":5904,"hostname":"Quang","name":"canary/verifier","canaryKid":9,"mediaPackets":8,"byteIdentical":8,"divergences":0,"msg":"canary forwarding verified"}
[90mstdout[2m | apps/validator-daemon/src/canary/__tests__/mesh-byzantine.test.ts[2m > [22m[2mREQ-RMS-017 — Byzantine under-server attributed to R via the SHIPPED canary pipeline[2m > [22m[2mNEGATIVE control — an all-honest mesh (R also forwards everything) produces NO slash
[22m[39m{"timestamp":"2026-06-22T06:17:50.346Z","level":"INFO","source":"frontend","module":"webrtc/sframe-transform","message":"encrypted frame","context":{"kid":9,"ctr":7,"byteLength":62,"codecOffset":10}}

[90mstdout[2m | apps/validator-daemon/src/canary/__tests__/mesh-byzantine.test.ts[2m > [22m[2mREQ-RMS-017 — Byzantine under-server attributed to R via the SHIPPED canary pipeline[2m > [22m[2mNEGATIVE control — an all-honest mesh (R also forwards everything) produces NO slash
[22m[39m{"timestamp":"2026-06-22T06:17:50.347Z","level":"INFO","source":"frontend","module":"webrtc/sframe-transform","message":"encrypted frame","context":{"kid":9,"ctr":0,"byteLength":62,"codecOffset":10}}

[90mstdout[2m | apps/validator-daemon/src/canary/__tests__/mesh-byzantine.test.ts[2m > [22m[2mREQ-RMS-017 — Byzantine under-server attributed to R via the SHIPPED canary pipeline[2m > [22m[2mNEGATIVE control — an all-honest mesh (R also forwards everything) produces NO slash
[22m[39m{"timestamp":"2026-06-22T06:17:50.347Z","level":"INFO","source":"frontend","module":"webrtc/sframe-transform","message":"encrypted frame","context":{"kid":9,"ctr":1,"byteLength":62,"codecOffset":10}}

[90mstdout[2m | apps/validator-daemon/src/canary/__tests__/mesh-byzantine.test.ts[2m > [22m[2mREQ-RMS-017 — Byzantine under-server attributed to R via the SHIPPED canary pipeline[2m > [22m[2mNEGATIVE control — an all-honest mesh (R also forwards everything) produces NO slash
[22m[39m{"timestamp":"2026-06-22T06:17:50.348Z","level":"INFO","source":"frontend","module":"webrtc/sframe-transform","message":"encrypted frame","context":{"kid":9,"ctr":2,"byteLength":62,"codecOffset":10}}

[90mstdout[2m | apps/validator-daemon/src/canary/__tests__/mesh-byzantine.test.ts[2m > [22m[2mREQ-RMS-017 — Byzantine under-server attributed to R via the SHIPPED canary pipeline[2m > [22m[2mNEGATIVE control — an all-honest mesh (R also forwards everything) produces NO slash
[22m[39m{"timestamp":"2026-06-22T06:17:50.348Z","level":"INFO","source":"frontend","module":"webrtc/sframe-transform","message":"encrypted frame","context":{"kid":9,"ctr":3,"byteLength":62,"codecOffset":10}}

[90mstdout[2m | apps/validator-daemon/src/canary/__tests__/mesh-byzantine.test.ts[2m > [22m[2mREQ-RMS-017 — Byzantine under-server attributed to R via the SHIPPED canary pipeline[2m > [22m[2mNEGATIVE control — an all-honest mesh (R also forwards everything) produces NO slash
[22m[39m{"timestamp":"2026-06-22T06:17:50.348Z","level":"INFO","source":"frontend","module":"webrtc/sframe-transform","message":"encrypted frame","context":{"kid":9,"ctr":4,"byteLength":62,"codecOffset":10}}

[90mstdout[2m | apps/validator-daemon/src/canary/__tests__/mesh-byzantine.test.ts[2m > [22m[2mREQ-RMS-017 — Byzantine under-server attributed to R via the SHIPPED canary pipeline[2m > [22m[2mNEGATIVE control — an all-honest mesh (R also forwards everything) produces NO slash
[22m[39m{"timestamp":"2026-06-22T06:17:50.349Z","level":"INFO","source":"frontend","module":"webrtc/sframe-transform","message":"encrypted frame","context":{"kid":9,"ctr":5,"byteLength":62,"codecOffset":10}}

{"level":30,"time":1782109070350,"pid":5904,"hostname":"Quang","name":"canary/verifier","canaryKid":9,"mediaPackets":8,"byteIdentical":8,"divergences":0,"msg":"canary forwarding verified"}
{"level":30,"time":1782109070350,"pid":5904,"hostname":"Quang","name":"canary/loss-classifier","relayMinerId":"relay-honest-R2","promoted":0,"absorbed":0,"tampers":0,"cumulativeCrossed":false,"msg":"canary divergences classified (drop gate / tamper p=1)"}
[90mstdout[2m | apps/validator-daemon/src/canary/__tests__/mesh-byzantine.test.ts[2m > [22m[2mREQ-RMS-017 — Byzantine under-server attributed to R via the SHIPPED canary pipeline[2m > [22m[2mNEGATIVE control — an all-honest mesh (R also forwards everything) produces NO slash
[22m[39m{"timestamp":"2026-06-22T06:17:50.349Z","level":"INFO","source":"frontend","module":"webrtc/sframe-transform","message":"encrypted frame","context":{"kid":9,"ctr":6,"byteLength":62,"codecOffset":10}}

[90mstdout[2m | apps/validator-daemon/src/canary/__tests__/mesh-byzantine.test.ts[2m > [22m[2mREQ-RMS-017 — Byzantine under-server attributed to R via the SHIPPED canary pipeline[2m > [22m[2mNEGATIVE control — an all-honest mesh (R also forwards everything) produces NO slash
[22m[39m{"timestamp":"2026-06-22T06:17:50.349Z","level":"INFO","source":"frontend","module":"webrtc/sframe-transform","message":"encrypted frame","context":{"kid":9,"ctr":7,"byteLength":62,"codecOffset":10}}

{"level":30,"time":1782109070350,"pid":5904,"hostname":"Quang","name":"canary/verify-loop","round":3,"relayMinerId":"relay-honest-R2","roomId":"mesh-room","perReceiver":2,"promoted":0,"absorbed":0,"stunLossBps":"0","msg":"canary verify round classified (hermetic half — synthetic capture, STUN read live)"}
[90mstdout[2m | apps/validator-daemon/src/canary/__tests__/mesh-byzantine.test.ts[2m > [22m[2mREQ-RMS-017 — Byzantine under-server attributed to R via the SHIPPED canary pipeline[2m > [22m[2mNEGATIVE control — an all-honest mesh (R also forwards everything) produces NO slash
[22m[39m{"timestamp":"2026-06-22T06:17:50.350Z","level":"INFO","source":"frontend","module":"webrtc/sframe-transform","message":"encrypted frame","context":{"kid":9,"ctr":0,"byteLength":62,"codecOffset":10}}

[90mstdout[2m | apps/validator-daemon/src/canary/__tests__/mesh-byzantine.test.ts[2m > [22m[2mREQ-RMS-017 — Byzantine under-server attributed to R via the SHIPPED canary pipeline[2m > [22m[2mNEGATIVE control — an all-honest mesh (R also forwards everything) produces NO slash
[22m[39m{"timestamp":"2026-06-22T06:17:50.350Z","level":"INFO","source":"frontend","module":"webrtc/sframe-transform","message":"encrypted frame","context":{"kid":9,"ctr":1,"byteLength":62,"codecOffset":10}}

[90mstdout[2m | apps/validator-daemon/src/canary/__tests__/mesh-byzantine.test.ts[2m > [22m[2mREQ-RMS-017 — Byzantine under-server attributed to R via the SHIPPED canary pipeline[2m > [22m[2mNEGATIVE control — an all-honest mesh (R also forwards everything) produces NO slash
[22m[39m{"timestamp":"2026-06-22T06:17:50.351Z","level":"INFO","source":"frontend","module":"webrtc/sframe-transform","message":"encrypted frame","context":{"kid":9,"ctr":2,"byteLength":62,"codecOffset":10}}

[90mstdout[2m | apps/validator-daemon/src/canary/__tests__/mesh-byzantine.test.ts[2m > [22m[2mREQ-RMS-017 — Byzantine under-server attributed to R via the SHIPPED canary pipeline[2m > [22m[2mNEGATIVE control — an all-honest mesh (R also forwards everything) produces NO slash
[22m[39m{"timestamp":"2026-06-22T06:17:50.351Z","level":"INFO","source":"frontend","module":"webrtc/sframe-transform","message":"encrypted frame","context":{"kid":9,"ctr":3,"byteLength":62,"codecOffset":10}}

[90mstdout[2m | apps/validator-daemon/src/canary/__tests__/mesh-byzantine.test.ts[2m > [22m[2mREQ-RMS-017 — Byzantine under-server attributed to R via the SHIPPED canary pipeline[2m > [22m[2mNEGATIVE control — an all-honest mesh (R also forwards everything) produces NO slash
[22m[39m{"timestamp":"2026-06-22T06:17:50.351Z","level":"INFO","source":"frontend","module":"webrtc/sframe-transform","message":"encrypted frame","context":{"kid":9,"ctr":4,"byteLength":62,"codecOffset":10}}

[90mstdout[2m | apps/validator-daemon/src/canary/__tests__/mesh-byzantine.test.ts[2m > [22m[2mREQ-RMS-017 — Byzantine under-server attributed to R via the SHIPPED canary pipeline[2m > [22m[2mNEGATIVE control — an all-honest mesh (R also forwards everything) produces NO slash
[22m[39m{"timestamp":"2026-06-22T06:17:50.352Z","level":"INFO","source":"frontend","module":"webrtc/sframe-transform","message":"encrypted frame","context":{"kid":9,"ctr":5,"byteLength":62,"codecOffset":10}}

[90mstdout[2m | apps/validator-daemon/src/canary/__tests__/mesh-byzantine.test.ts[2m > [22m[2mREQ-RMS-017 — Byzantine under-server attributed to R via the SHIPPED canary pipeline[2m > [22m[2mNEGATIVE control — an all-honest mesh (R also forwards everything) produces NO slash
[22m[39m{"timestamp":"2026-06-22T06:17:50.352Z","level":"INFO","source":"frontend","module":"webrtc/sframe-transform","message":"encrypted frame","context":{"kid":9,"ctr":6,"byteLength":62,"codecOffset":10}}

[90mstdout[2m | apps/validator-daemon/src/canary/__tests__/mesh-byzantine.test.ts[2m > [22m[2mREQ-RMS-017 — Byzantine under-server attributed to R via the SHIPPED canary pipeline[2m > [22m[2mNEGATIVE control — an all-honest mesh (R also forwards everything) produces NO slash
[22m[39m{"timestamp":"2026-06-22T06:17:50.352Z","level":"INFO","source":"frontend","module":"webrtc/sframe-transform","message":"encrypted frame","context":{"kid":9,"ctr":7,"byteLength":62,"codecOffset":10}}

[90mstdout[2m | apps/validator-daemon/src/canary/__tests__/mesh-byzantine.test.ts[2m > [22m[2mREQ-RMS-017 — Byzantine under-server attributed to R via the SHIPPED canary pipeline[2m > [22m[2mNEGATIVE control — an all-honest mesh (R also forwards everything) produces NO slash
[22m[39m{"timestamp":"2026-06-22T06:17:50.353Z","level":"INFO","source":"frontend","module":"webrtc/sframe-transform","message":"encrypted frame","context":{"kid":9,"ctr":0,"byteLength":62,"codecOffset":10}}

[90mstdout[2m | apps/validator-daemon/src/canary/__tests__/mesh-byzantine.test.ts[2m > [22m[2mREQ-RMS-017 — Byzantine under-server attributed to R via the SHIPPED canary pipeline[2m > [22m[2mNEGATIVE control — an all-honest mesh (R also forwards everything) produces NO slash
[22m[39m{"timestamp":"2026-06-22T06:17:50.353Z","level":"INFO","source":"frontend","module":"webrtc/sframe-transform","message":"encrypted frame","context":{"kid":9,"ctr":1,"byteLength":62,"codecOffset":10}}

[90mstdout[2m | apps/validator-daemon/src/canary/__tests__/mesh-byzantine.test.ts[2m > [22m[2mREQ-RMS-017 — Byzantine under-server attributed to R via the SHIPPED canary pipeline[2m > [22m[2mNEGATIVE control — an all-honest mesh (R also forwards everything) produces NO slash
[22m[39m{"timestamp":"2026-06-22T06:17:50.353Z","level":"INFO","source":"frontend","module":"webrtc/sframe-transform","message":"encrypted frame","context":{"kid":9,"ctr":2,"byteLength":62,"codecOffset":10}}

[90mstdout[2m | apps/validator-daemon/src/canary/__tests__/mesh-byzantine.test.ts[2m > [22m[2mREQ-RMS-017 — Byzantine under-server attributed to R via the SHIPPED canary pipeline[2m > [22m[2mNEGATIVE control — an all-honest mesh (R also forwards everything) produces NO slash
[22m[39m{"timestamp":"2026-06-22T06:17:50.354Z","level":"INFO","source":"frontend","module":"webrtc/sframe-transform","message":"encrypted frame","context":{"kid":9,"ctr":3,"byteLength":62,"codecOffset":10}}

[90mstdout[2m | apps/validator-daemon/src/canary/__tests__/mesh-byzantine.test.ts[2m > [22m[2mREQ-RMS-017 — Byzantine under-server attributed to R via the SHIPPED canary pipeline[2m > [22m[2mNEGATIVE control — an all-honest mesh (R also forwards everything) produces NO slash
[22m[39m{"timestamp":"2026-06-22T06:17:50.354Z","level":"INFO","source":"frontend","module":"webrtc/sframe-transform","message":"encrypted frame","context":{"kid":9,"ctr":4,"byteLength":62,"codecOffset":10}}

[90mstdout[2m | apps/validator-daemon/src/canary/__tests__/mesh-byzantine.test.ts[2m > [22m[2mREQ-RMS-017 — Byzantine under-server attributed to R via the SHIPPED canary pipeline[2m > [22m[2mNEGATIVE control — an all-honest mesh (R also forwards everything) produces NO slash
[22m[39m{"timestamp":"2026-06-22T06:17:50.355Z","level":"INFO","source":"frontend","module":"webrtc/sframe-transform","message":"encrypted frame","context":{"kid":9,"ctr":5,"byteLength":62,"codecOffset":10}}

[90mstdout[2m | apps/validator-daemon/src/canary/__tests__/mesh-byzantine.test.ts[2m > [22m[2mREQ-RMS-017 — Byzantine under-server attributed to R via the SHIPPED canary pipeline[2m > [22m[2mNEGATIVE control — an all-honest mesh (R also forwards everything) produces NO slash
[22m[39m{"timestamp":"2026-06-22T06:17:50.355Z","level":"INFO","source":"frontend","module":"webrtc/sframe-transform","message":"encrypted frame","context":{"kid":9,"ctr":6,"byteLength":62,"codecOffset":10}}

[90mstdout[2m | apps/validator-daemon/src/canary/__tests__/mesh-byzantine.test.ts[2m > [22m[2mREQ-RMS-017 — Byzantine under-server attributed to R via the SHIPPED canary pipeline[2m > [22m[2mNEGATIVE control — an all-honest mesh (R also forwards everything) produces NO slash
[22m[39m{"timestamp":"2026-06-22T06:17:50.355Z","level":"INFO","source":"frontend","module":"webrtc/sframe-transform","message":"encrypted frame","context":{"kid":9,"ctr":7,"byteLength":62,"codecOffset":10}}

{"level":30,"time":1782109070356,"pid":5904,"hostname":"Quang","name":"canary/verifier","canaryKid":9,"mediaPackets":8,"byteIdentical":8,"divergences":0,"msg":"canary forwarding verified"}
[90mstdout[2m | apps/validator-daemon/src/canary/__tests__/mesh-byzantine.test.ts[2m > [22m[2mREQ-RMS-017 — Byzantine under-server attributed to R via the SHIPPED canary pipeline[2m > [22m[2mNEGATIVE control — an all-honest mesh (R also forwards everything) produces NO slash
[22m[39m{"timestamp":"2026-06-22T06:17:50.356Z","level":"INFO","source":"frontend","module":"webrtc/sframe-transform","message":"encrypted frame","context":{"kid":9,"ctr":0,"byteLength":62,"codecOffset":10}}

[90mstdout[2m | apps/validator-daemon/src/canary/__tests__/mesh-byzantine.test.ts[2m > [22m[2mREQ-RMS-017 — Byzantine under-server attributed to R via the SHIPPED canary pipeline[2m > [22m[2mNEGATIVE control — an all-honest mesh (R also forwards everything) produces NO slash
[22m[39m{"timestamp":"2026-06-22T06:17:50.356Z","level":"INFO","source":"frontend","module":"webrtc/sframe-transform","message":"encrypted frame","context":{"kid":9,"ctr":1,"byteLength":62,"codecOffset":10}}

[90mstdout[2m | apps/validator-daemon/src/canary/__tests__/mesh-byzantine.test.ts[2m > [22m[2mREQ-RMS-017 — Byzantine under-server attributed to R via the SHIPPED canary pipeline[2m > [22m[2mNEGATIVE control — an all-honest mesh (R also forwards everything) produces NO slash
[22m[39m{"timestamp":"2026-06-22T06:17:50.357Z","level":"INFO","source":"frontend","module":"webrtc/sframe-transform","message":"encrypted frame","context":{"kid":9,"ctr":2,"byteLength":62,"codecOffset":10}}

[90mstdout[2m | apps/validator-daemon/src/canary/__tests__/mesh-byzantine.test.ts[2m > [22m[2mREQ-RMS-017 — Byzantine under-server attributed to R via the SHIPPED canary pipeline[2m > [22m[2mNEGATIVE control — an all-honest mesh (R also forwards everything) produces NO slash
[22m[39m{"timestamp":"2026-06-22T06:17:50.357Z","level":"INFO","source":"frontend","module":"webrtc/sframe-transform","message":"encrypted frame","context":{"kid":9,"ctr":3,"byteLength":62,"codecOffset":10}}

[90mstdout[2m | apps/validator-daemon/src/canary/__tests__/mesh-byzantine.test.ts[2m > [22m[2mREQ-RMS-017 — Byzantine under-server attributed to R via the SHIPPED canary pipeline[2m > [22m[2mNEGATIVE control — an all-honest mesh (R also forwards everything) produces NO slash
[22m[39m{"timestamp":"2026-06-22T06:17:50.357Z","level":"INFO","source":"frontend","module":"webrtc/sframe-transform","message":"encrypted frame","context":{"kid":9,"ctr":4,"byteLength":62,"codecOffset":10}}

[90mstdout[2m | apps/validator-daemon/src/canary/__tests__/mesh-byzantine.test.ts[2m > [22m[2mREQ-RMS-017 — Byzantine under-server attributed to R via the SHIPPED canary pipeline[2m > [22m[2mNEGATIVE control — an all-honest mesh (R also forwards everything) produces NO slash
[22m[39m{"timestamp":"2026-06-22T06:17:50.358Z","level":"INFO","source":"frontend","module":"webrtc/sframe-transform","message":"encrypted frame","context":{"kid":9,"ctr":5,"byteLength":62,"codecOffset":10}}

[90mstdout[2m | apps/validator-daemon/src/canary/__tests__/mesh-byzantine.test.ts[2m > [22m[2mREQ-RMS-017 — Byzantine under-server attributed to R via the SHIPPED canary pipeline[2m > [22m[2mNEGATIVE control — an all-honest mesh (R also forwards everything) produces NO slash
[22m[39m{"timestamp":"2026-06-22T06:17:50.358Z","level":"INFO","source":"frontend","module":"webrtc/sframe-transform","message":"encrypted frame","context":{"kid":9,"ctr":6,"byteLength":62,"codecOffset":10}}

[90mstdout[2m | apps/validator-daemon/src/canary/__tests__/mesh-byzantine.test.ts[2m > [22m[2mREQ-RMS-017 — Byzantine under-server attributed to R via the SHIPPED canary pipeline[2m > [22m[2mNEGATIVE control — an all-honest mesh (R also forwards everything) produces NO slash
[22m[39m{"timestamp":"2026-06-22T06:17:50.358Z","level":"INFO","source":"frontend","module":"webrtc/sframe-transform","message":"encrypted frame","context":{"kid":9,"ctr":7,"byteLength":62,"codecOffset":10}}

{"level":30,"time":1782109070358,"pid":5904,"hostname":"Quang","name":"canary/verifier","canaryKid":9,"mediaPackets":8,"byteIdentical":8,"divergences":0,"msg":"canary forwarding verified"}
{"level":30,"time":1782109070359,"pid":5904,"hostname":"Quang","name":"canary/loss-classifier","relayMinerId":"relay-byzantine-R","promoted":0,"absorbed":0,"tampers":0,"cumulativeCrossed":false,"msg":"canary divergences classified (drop gate / tamper p=1)"}
{"level":30,"time":1782109070359,"pid":5904,"hostname":"Quang","name":"canary/verify-loop","round":4,"relayMinerId":"relay-byzantine-R","roomId":"mesh-room","perReceiver":2,"promoted":0,"absorbed":0,"stunLossBps":"0","msg":"canary verify round classified (hermetic half — synthetic capture, STUN read live)"}
[90mstdout[2m | apps/validator-daemon/src/canary/__tests__/mesh-byzantine.test.ts[2m > [22m[2mREQ-RMS-017 — Byzantine under-server attributed to R via the SHIPPED canary pipeline[2m > [22m[2mNEGATIVE control — an all-honest mesh (R also forwards everything) produces NO slash
[22m[39m{"timestamp":"2026-06-22T06:17:50.359Z","level":"INFO","source":"frontend","module":"webrtc/sframe-transform","message":"encrypted frame","context":{"kid":9,"ctr":0,"byteLength":62,"codecOffset":10}}

[90mstdout[2m | apps/validator-daemon/src/canary/__tests__/mesh-byzantine.test.ts[2m > [22m[2mREQ-RMS-017 — Byzantine under-server attributed to R via the SHIPPED canary pipeline[2m > [22m[2mNEGATIVE control — an all-honest mesh (R also forwards everything) produces NO slash
[22m[39m{"timestamp":"2026-06-22T06:17:50.359Z","level":"INFO","source":"frontend","module":"webrtc/sframe-transform","message":"encrypted frame","context":{"kid":9,"ctr":1,"byteLength":62,"codecOffset":10}}

[90mstdout[2m | apps/validator-daemon/src/canary/__tests__/mesh-byzantine.test.ts[2m > [22m[2mREQ-RMS-017 — Byzantine under-server attributed to R via the SHIPPED canary pipeline[2m > [22m[2mNEGATIVE control — an all-honest mesh (R also forwards everything) produces NO slash
[22m[39m{"timestamp":"2026-06-22T06:17:50.360Z","level":"INFO","source":"frontend","module":"webrtc/sframe-transform","message":"encrypted frame","context":{"kid":9,"ctr":2,"byteLength":62,"codecOffset":10}}

[90mstdout[2m | apps/validator-daemon/src/canary/__tests__/mesh-byzantine.test.ts[2m > [22m[2mREQ-RMS-017 — Byzantine under-server attributed to R via the SHIPPED canary pipeline[2m > [22m[2mNEGATIVE control — an all-honest mesh (R also forwards everything) produces NO slash
[22m[39m{"timestamp":"2026-06-22T06:17:50.360Z","level":"INFO","source":"frontend","module":"webrtc/sframe-transform","message":"encrypted frame","context":{"kid":9,"ctr":3,"byteLength":62,"codecOffset":10}}

[90mstdout[2m | apps/validator-daemon/src/canary/__tests__/mesh-byzantine.test.ts[2m > [22m[2mREQ-RMS-017 — Byzantine under-server attributed to R via the SHIPPED canary pipeline[2m > [22m[2mNEGATIVE control — an all-honest mesh (R also forwards everything) produces NO slash
[22m[39m{"timestamp":"2026-06-22T06:17:50.361Z","level":"INFO","source":"frontend","module":"webrtc/sframe-transform","message":"encrypted frame","context":{"kid":9,"ctr":4,"byteLength":62,"codecOffset":10}}

[90mstdout[2m | apps/validator-daemon/src/canary/__tests__/mesh-byzantine.test.ts[2m > [22m[2mREQ-RMS-017 — Byzantine under-server attributed to R via the SHIPPED canary pipeline[2m > [22m[2mNEGATIVE control — an all-honest mesh (R also forwards everything) produces NO slash
[22m[39m{"timestamp":"2026-06-22T06:17:50.361Z","level":"INFO","source":"frontend","module":"webrtc/sframe-transform","message":"encrypted frame","context":{"kid":9,"ctr":5,"byteLength":62,"codecOffset":10}}

[90mstdout[2m | apps/validator-daemon/src/canary/__tests__/mesh-byzantine.test.ts[2m > [22m[2mREQ-RMS-017 — Byzantine under-server attributed to R via the SHIPPED canary pipeline[2m > [22m[2mNEGATIVE control — an all-honest mesh (R also forwards everything) produces NO slash
[22m[39m{"timestamp":"2026-06-22T06:17:50.361Z","level":"INFO","source":"frontend","module":"webrtc/sframe-transform","message":"encrypted frame","context":{"kid":9,"ctr":6,"byteLength":62,"codecOffset":10}}

[90mstdout[2m | apps/validator-daemon/src/canary/__tests__/mesh-byzantine.test.ts[2m > [22m[2mREQ-RMS-017 — Byzantine under-server attributed to R via the SHIPPED canary pipeline[2m > [22m[2mNEGATIVE control — an all-honest mesh (R also forwards everything) produces NO slash
[22m[39m{"timestamp":"2026-06-22T06:17:50.362Z","level":"INFO","source":"frontend","module":"webrtc/sframe-transform","message":"encrypted frame","context":{"kid":9,"ctr":7,"byteLength":62,"codecOffset":10}}

[90mstdout[2m | apps/validator-daemon/src/canary/__tests__/mesh-byzantine.test.ts[2m > [22m[2mREQ-RMS-017 — Byzantine under-server attributed to R via the SHIPPED canary pipeline[2m > [22m[2mNEGATIVE control — an all-honest mesh (R also forwards everything) produces NO slash
[22m[39m{"timestamp":"2026-06-22T06:17:50.363Z","level":"INFO","source":"frontend","module":"webrtc/sframe-transform","message":"encrypted frame","context":{"kid":9,"ctr":0,"byteLength":62,"codecOffset":10}}

[90mstdout[2m | apps/validator-daemon/src/canary/__tests__/mesh-byzantine.test.ts[2m > [22m[2mREQ-RMS-017 — Byzantine under-server attributed to R via the SHIPPED canary pipeline[2m > [22m[2mNEGATIVE control — an all-honest mesh (R also forwards everything) produces NO slash
[22m[39m{"timestamp":"2026-06-22T06:17:50.363Z","level":"INFO","source":"frontend","module":"webrtc/sframe-transform","message":"encrypted frame","context":{"kid":9,"ctr":1,"byteLength":62,"codecOffset":10}}

[90mstdout[2m | apps/validator-daemon/src/canary/__tests__/mesh-byzantine.test.ts[2m > [22m[2mREQ-RMS-017 — Byzantine under-server attributed to R via the SHIPPED canary pipeline[2m > [22m[2mNEGATIVE control — an all-honest mesh (R also forwards everything) produces NO slash
[22m[39m{"timestamp":"2026-06-22T06:17:50.364Z","level":"INFO","source":"frontend","module":"webrtc/sframe-transform","message":"encrypted frame","context":{"kid":9,"ctr":2,"byteLength":62,"codecOffset":10}}

[90mstdout[2m | apps/validator-daemon/src/canary/__tests__/mesh-byzantine.test.ts[2m > [22m[2mREQ-RMS-017 — Byzantine under-server attributed to R via the SHIPPED canary pipeline[2m > [22m[2mNEGATIVE control — an all-honest mesh (R also forwards everything) produces NO slash
[22m[39m{"timestamp":"2026-06-22T06:17:50.365Z","level":"INFO","source":"frontend","module":"webrtc/sframe-transform","message":"encrypted frame","context":{"kid":9,"ctr":3,"byteLength":62,"codecOffset":10}}

[90mstdout[2m | apps/validator-daemon/src/canary/__tests__/mesh-byzantine.test.ts[2m > [22m[2mREQ-RMS-017 — Byzantine under-server attributed to R via the SHIPPED canary pipeline[2m > [22m[2mNEGATIVE control — an all-honest mesh (R also forwards everything) produces NO slash
[22m[39m{"timestamp":"2026-06-22T06:17:50.365Z","level":"INFO","source":"frontend","module":"webrtc/sframe-transform","message":"encrypted frame","context":{"kid":9,"ctr":4,"byteLength":62,"codecOffset":10}}

[90mstdout[2m | apps/validator-daemon/src/canary/__tests__/mesh-byzantine.test.ts[2m > [22m[2mREQ-RMS-017 — Byzantine under-server attributed to R via the SHIPPED canary pipeline[2m > [22m[2mNEGATIVE control — an all-honest mesh (R also forwards everything) produces NO slash
[22m[39m{"timestamp":"2026-06-22T06:17:50.366Z","level":"INFO","source":"frontend","module":"webrtc/sframe-transform","message":"encrypted frame","context":{"kid":9,"ctr":5,"byteLength":62,"codecOffset":10}}

[90mstdout[2m | apps/validator-daemon/src/canary/__tests__/mesh-byzantine.test.ts[2m > [22m[2mREQ-RMS-017 — Byzantine under-server attributed to R via the SHIPPED canary pipeline[2m > [22m[2mNEGATIVE control — an all-honest mesh (R also forwards everything) produces NO slash
[22m[39m{"timestamp":"2026-06-22T06:17:50.366Z","level":"INFO","source":"frontend","module":"webrtc/sframe-transform","message":"encrypted frame","context":{"kid":9,"ctr":6,"byteLength":62,"codecOffset":10}}

[90mstdout[2m | apps/validator-daemon/src/canary/__tests__/mesh-byzantine.test.ts[2m > [22m[2mREQ-RMS-017 — Byzantine under-server attributed to R via the SHIPPED canary pipeline[2m > [22m[2mNEGATIVE control — an all-honest mesh (R also forwards everything) produces NO slash
[22m[39m{"timestamp":"2026-06-22T06:17:50.367Z","level":"INFO","source":"frontend","module":"webrtc/sframe-transform","message":"encrypted frame","context":{"kid":9,"ctr":7,"byteLength":62,"codecOffset":10}}

{"level":30,"time":1782109070367,"pid":5904,"hostname":"Quang","name":"canary/verifier","canaryKid":9,"mediaPackets":8,"byteIdentical":8,"divergences":0,"msg":"canary forwarding verified"}
[90mstdout[2m | apps/validator-daemon/src/canary/__tests__/mesh-byzantine.test.ts[2m > [22m[2mREQ-RMS-017 — Byzantine under-server attributed to R via the SHIPPED canary pipeline[2m > [22m[2mNEGATIVE control — an all-honest mesh (R also forwards everything) produces NO slash
[22m[39m{"timestamp":"2026-06-22T06:17:50.367Z","level":"INFO","source":"frontend","module":"webrtc/sframe-transform","message":"encrypted frame","context":{"kid":9,"ctr":0,"byteLength":62,"codecOffset":10}}

[90mstdout[2m | apps/validator-daemon/src/canary/__tests__/mesh-byzantine.test.ts[2m > [22m[2mREQ-RMS-017 — Byzantine under-server attributed to R via the SHIPPED canary pipeline[2m > [22m[2mNEGATIVE control — an all-honest mesh (R also forwards everything) produces NO slash
[22m[39m{"timestamp":"2026-06-22T06:17:50.368Z","level":"INFO","source":"frontend","module":"webrtc/sframe-transform","message":"encrypted frame","context":{"kid":9,"ctr":1,"byteLength":62,"codecOffset":10}}

[90mstdout[2m | apps/validator-daemon/src/canary/__tests__/mesh-byzantine.test.ts[2m > [22m[2mREQ-RMS-017 — Byzantine under-server attributed to R via the SHIPPED canary pipeline[2m > [22m[2mNEGATIVE control — an all-honest mesh (R also forwards everything) produces NO slash
[22m[39m{"timestamp":"2026-06-22T06:17:50.368Z","level":"INFO","source":"frontend","module":"webrtc/sframe-transform","message":"encrypted frame","context":{"kid":9,"ctr":2,"byteLength":62,"codecOffset":10}}

[90mstdout[2m | apps/validator-daemon/src/canary/__tests__/mesh-byzantine.test.ts[2m > [22m[2mREQ-RMS-017 — Byzantine under-server attributed to R via the SHIPPED canary pipeline[2m > [22m[2mNEGATIVE control — an all-honest mesh (R also forwards everything) produces NO slash
[22m[39m{"timestamp":"2026-06-22T06:17:50.368Z","level":"INFO","source":"frontend","module":"webrtc/sframe-transform","message":"encrypted frame","context":{"kid":9,"ctr":3,"byteLength":62,"codecOffset":10}}

[90mstdout[2m | apps/validator-daemon/src/canary/__tests__/mesh-byzantine.test.ts[2m > [22m[2mREQ-RMS-017 — Byzantine under-server attributed to R via the SHIPPED canary pipeline[2m > [22m[2mNEGATIVE control — an all-honest mesh (R also forwards everything) produces NO slash
[22m[39m{"timestamp":"2026-06-22T06:17:50.369Z","level":"INFO","source":"frontend","module":"webrtc/sframe-transform","message":"encrypted frame","context":{"kid":9,"ctr":4,"byteLength":62,"codecOffset":10}}

[90mstdout[2m | apps/validator-daemon/src/canary/__tests__/mesh-byzantine.test.ts[2m > [22m[2mREQ-RMS-017 — Byzantine under-server attributed to R via the SHIPPED canary pipeline[2m > [22m[2mNEGATIVE control — an all-honest mesh (R also forwards everything) produces NO slash
[22m[39m{"timestamp":"2026-06-22T06:17:50.369Z","level":"INFO","source":"frontend","module":"webrtc/sframe-transform","message":"encrypted frame","context":{"kid":9,"ctr":5,"byteLength":62,"codecOffset":10}}

[90mstdout[2m | apps/validator-daemon/src/canary/__tests__/mesh-byzantine.test.ts[2m > [22m[2mREQ-RMS-017 — Byzantine under-server attributed to R via the SHIPPED canary pipeline[2m > [22m[2mNEGATIVE control — an all-honest mesh (R also forwards everything) produces NO slash
[22m[39m{"timestamp":"2026-06-22T06:17:50.370Z","level":"INFO","source":"frontend","module":"webrtc/sframe-transform","message":"encrypted frame","context":{"kid":9,"ctr":6,"byteLength":62,"codecOffset":10}}

[90mstdout[2m | apps/validator-daemon/src/canary/__tests__/mesh-byzantine.test.ts[2m > [22m[2mREQ-RMS-017 — Byzantine under-server attributed to R via the SHIPPED canary pipeline[2m > [22m[2mNEGATIVE control — an all-honest mesh (R also forwards everything) produces NO slash
[22m[39m{"timestamp":"2026-06-22T06:17:50.370Z","level":"INFO","source":"frontend","module":"webrtc/sframe-transform","message":"encrypted frame","context":{"kid":9,"ctr":7,"byteLength":62,"codecOffset":10}}

{"level":30,"time":1782109070370,"pid":5904,"hostname":"Quang","name":"canary/verifier","canaryKid":9,"mediaPackets":8,"byteIdentical":8,"divergences":0,"msg":"canary forwarding verified"}
{"level":30,"time":1782109070370,"pid":5904,"hostname":"Quang","name":"canary/loss-classifier","relayMinerId":"relay-honest-R2","promoted":0,"absorbed":0,"tampers":0,"cumulativeCrossed":false,"msg":"canary divergences classified (drop gate / tamper p=1)"}
{"level":30,"time":1782109070370,"pid":5904,"hostname":"Quang","name":"canary/verify-loop","round":4,"relayMinerId":"relay-honest-R2","roomId":"mesh-room","perReceiver":2,"promoted":0,"absorbed":0,"stunLossBps":"0","msg":"canary verify round classified (hermetic half — synthetic capture, STUN read live)"}
[90mstdout[2m | apps/validator-daemon/src/canary/__tests__/mesh-byzantine.test.ts[2m > [22m[2mREQ-RMS-017 — Byzantine under-server attributed to R via the SHIPPED canary pipeline[2m > [22m[2mNEGATIVE control — an all-honest mesh (R also forwards everything) produces NO slash
[22m[39m{"timestamp":"2026-06-22T06:17:50.371Z","level":"INFO","source":"frontend","module":"webrtc/sframe-transform","message":"encrypted frame","context":{"kid":9,"ctr":0,"byteLength":62,"codecOffset":10}}

[90mstdout[2m | apps/validator-daemon/src/canary/__tests__/mesh-byzantine.test.ts[2m > [22m[2mREQ-RMS-017 — Byzantine under-server attributed to R via the SHIPPED canary pipeline[2m > [22m[2mNEGATIVE control — an all-honest mesh (R also forwards everything) produces NO slash
[22m[39m{"timestamp":"2026-06-22T06:17:50.371Z","level":"INFO","source":"frontend","module":"webrtc/sframe-transform","message":"encrypted frame","context":{"kid":9,"ctr":1,"byteLength":62,"codecOffset":10}}

[90mstdout[2m | apps/validator-daemon/src/canary/__tests__/mesh-byzantine.test.ts[2m > [22m[2mREQ-RMS-017 — Byzantine under-server attributed to R via the SHIPPED canary pipeline[2m > [22m[2mNEGATIVE control — an all-honest mesh (R also forwards everything) produces NO slash
[22m[39m{"timestamp":"2026-06-22T06:17:50.371Z","level":"INFO","source":"frontend","module":"webrtc/sframe-transform","message":"encrypted frame","context":{"kid":9,"ctr":2,"byteLength":62,"codecOffset":10}}

[90mstdout[2m | apps/validator-daemon/src/canary/__tests__/mesh-byzantine.test.ts[2m > [22m[2mREQ-RMS-017 — Byzantine under-server attributed to R via the SHIPPED canary pipeline[2m > [22m[2mNEGATIVE control — an all-honest mesh (R also forwards everything) produces NO slash
[22m[39m{"timestamp":"2026-06-22T06:17:50.372Z","level":"INFO","source":"frontend","module":"webrtc/sframe-transform","message":"encrypted frame","context":{"kid":9,"ctr":3,"byteLength":62,"codecOffset":10}}

[90mstdout[2m | apps/validator-daemon/src/canary/__tests__/mesh-byzantine.test.ts[2m > [22m[2mREQ-RMS-017 — Byzantine under-server attributed to R via the SHIPPED canary pipeline[2m > [22m[2mNEGATIVE control — an all-honest mesh (R also forwards everything) produces NO slash
[22m[39m{"timestamp":"2026-06-22T06:17:50.372Z","level":"INFO","source":"frontend","module":"webrtc/sframe-transform","message":"encrypted frame","context":{"kid":9,"ctr":4,"byteLength":62,"codecOffset":10}}

[90mstdout[2m | apps/validator-daemon/src/canary/__tests__/mesh-byzantine.test.ts[2m > [22m[2mREQ-RMS-017 — Byzantine under-server attributed to R via the SHIPPED canary pipeline[2m > [22m[2mNEGATIVE control — an all-honest mesh (R also forwards everything) produces NO slash
[22m[39m{"timestamp":"2026-06-22T06:17:50.373Z","level":"INFO","source":"frontend","module":"webrtc/sframe-transform","message":"encrypted frame","context":{"kid":9,"ctr":5,"byteLength":62,"codecOffset":10}}

[90mstdout[2m | apps/validator-daemon/src/canary/__tests__/mesh-byzantine.test.ts[2m > [22m[2mREQ-RMS-017 — Byzantine under-server attributed to R via the SHIPPED canary pipeline[2m > [22m[2mNEGATIVE control — an all-honest mesh (R also forwards everything) produces NO slash
[22m[39m{"timestamp":"2026-06-22T06:17:50.373Z","level":"INFO","source":"frontend","module":"webrtc/sframe-transform","message":"encrypted frame","context":{"kid":9,"ctr":6,"byteLength":62,"codecOffset":10}}

[90mstdout[2m | apps/validator-daemon/src/canary/__tests__/mesh-byzantine.test.ts[2m > [22m[2mREQ-RMS-017 — Byzantine under-server attributed to R via the SHIPPED canary pipeline[2m > [22m[2mNEGATIVE control — an all-honest mesh (R also forwards everything) produces NO slash
[22m[39m{"timestamp":"2026-06-22T06:17:50.373Z","level":"INFO","source":"frontend","module":"webrtc/sframe-transform","message":"encrypted frame","context":{"kid":9,"ctr":7,"byteLength":62,"codecOffset":10}}

[90mstdout[2m | apps/validator-daemon/src/canary/__tests__/mesh-byzantine.test.ts[2m > [22m[2mREQ-RMS-017 — Byzantine under-server attributed to R via the SHIPPED canary pipeline[2m > [22m[2mNEGATIVE control — an all-honest mesh (R also forwards everything) produces NO slash
[22m[39m{"timestamp":"2026-06-22T06:17:50.374Z","level":"INFO","source":"frontend","module":"webrtc/sframe-transform","message":"encrypted frame","context":{"kid":9,"ctr":0,"byteLength":62,"codecOffset":10}}

[90mstdout[2m | apps/validator-daemon/src/canary/__tests__/mesh-byzantine.test.ts[2m > [22m[2mREQ-RMS-017 — Byzantine under-server attributed to R via the SHIPPED canary pipeline[2m > [22m[2mNEGATIVE control — an all-honest mesh (R also forwards everything) produces NO slash
[22m[39m{"timestamp":"2026-06-22T06:17:50.375Z","level":"INFO","source":"frontend","module":"webrtc/sframe-transform","message":"encrypted frame","context":{"kid":9,"ctr":1,"byteLength":62,"codecOffset":10}}

[90mstdout[2m | apps/validator-daemon/src/canary/__tests__/mesh-byzantine.test.ts[2m > [22m[2mREQ-RMS-017 — Byzantine under-server attributed to R via the SHIPPED canary pipeline[2m > [22m[2mNEGATIVE control — an all-honest mesh (R also forwards everything) produces NO slash
[22m[39m{"timestamp":"2026-06-22T06:17:50.375Z","level":"INFO","source":"frontend","module":"webrtc/sframe-transform","message":"encrypted frame","context":{"kid":9,"ctr":2,"byteLength":62,"codecOffset":10}}

[90mstdout[2m | apps/validator-daemon/src/canary/__tests__/mesh-byzantine.test.ts[2m > [22m[2mREQ-RMS-017 — Byzantine under-server attributed to R via the SHIPPED canary pipeline[2m > [22m[2mNEGATIVE control — an all-honest mesh (R also forwards everything) produces NO slash
[22m[39m{"timestamp":"2026-06-22T06:17:50.375Z","level":"INFO","source":"frontend","module":"webrtc/sframe-transform","message":"encrypted frame","context":{"kid":9,"ctr":3,"byteLength":62,"codecOffset":10}}

[90mstdout[2m | apps/validator-daemon/src/canary/__tests__/mesh-byzantine.test.ts[2m > [22m[2mREQ-RMS-017 — Byzantine under-server attributed to R via the SHIPPED canary pipeline[2m > [22m[2mNEGATIVE control — an all-honest mesh (R also forwards everything) produces NO slash
[22m[39m{"timestamp":"2026-06-22T06:17:50.376Z","level":"INFO","source":"frontend","module":"webrtc/sframe-transform","message":"encrypted frame","context":{"kid":9,"ctr":4,"byteLength":62,"codecOffset":10}}

[90mstdout[2m | apps/validator-daemon/src/canary/__tests__/mesh-byzantine.test.ts[2m > [22m[2mREQ-RMS-017 — Byzantine under-server attributed to R via the SHIPPED canary pipeline[2m > [22m[2mNEGATIVE control — an all-honest mesh (R also forwards everything) produces NO slash
[22m[39m{"timestamp":"2026-06-22T06:17:50.376Z","level":"INFO","source":"frontend","module":"webrtc/sframe-transform","message":"encrypted frame","context":{"kid":9,"ctr":5,"byteLength":62,"codecOffset":10}}

[90mstdout[2m | apps/validator-daemon/src/canary/__tests__/mesh-byzantine.test.ts[2m > [22m[2mREQ-RMS-017 — Byzantine under-server attributed to R via the SHIPPED canary pipeline[2m > [22m[2mNEGATIVE control — an all-honest mesh (R also forwards everything) produces NO slash
[22m[39m{"timestamp":"2026-06-22T06:17:50.376Z","level":"INFO","source":"frontend","module":"webrtc/sframe-transform","message":"encrypted frame","context":{"kid":9,"ctr":6,"byteLength":62,"codecOffset":10}}

[90mstdout[2m | apps/validator-daemon/src/canary/__tests__/mesh-byzantine.test.ts[2m > [22m[2mREQ-RMS-017 — Byzantine under-server attributed to R via the SHIPPED canary pipeline[2m > [22m[2mNEGATIVE control — an all-honest mesh (R also forwards everything) produces NO slash
[22m[39m{"timestamp":"2026-06-22T06:17:50.377Z","level":"INFO","source":"frontend","module":"webrtc/sframe-transform","message":"encrypted frame","context":{"kid":9,"ctr":7,"byteLength":62,"codecOffset":10}}

{"level":30,"time":1782109070377,"pid":5904,"hostname":"Quang","name":"canary/verifier","canaryKid":9,"mediaPackets":8,"byteIdentical":8,"divergences":0,"msg":"canary forwarding verified"}
[90mstdout[2m | apps/validator-daemon/src/canary/__tests__/mesh-byzantine.test.ts[2m > [22m[2mREQ-RMS-017 — Byzantine under-server attributed to R via the SHIPPED canary pipeline[2m > [22m[2mNEGATIVE control — an all-honest mesh (R also forwards everything) produces NO slash
[22m[39m{"timestamp":"2026-06-22T06:17:50.377Z","level":"INFO","source":"frontend","module":"webrtc/sframe-transform","message":"encrypted frame","context":{"kid":9,"ctr":0,"byteLength":62,"codecOffset":10}}

[90mstdout[2m | apps/validator-daemon/src/canary/__tests__/mesh-byzantine.test.ts[2m > [22m[2mREQ-RMS-017 — Byzantine under-server attributed to R via the SHIPPED canary pipeline[2m > [22m[2mNEGATIVE control — an all-honest mesh (R also forwards everything) produces NO slash
[22m[39m{"timestamp":"2026-06-22T06:17:50.378Z","level":"INFO","source":"frontend","module":"webrtc/sframe-transform","message":"encrypted frame","context":{"kid":9,"ctr":1,"byteLength":62,"codecOffset":10}}

[90mstdout[2m | apps/validator-daemon/src/canary/__tests__/mesh-byzantine.test.ts[2m > [22m[2mREQ-RMS-017 — Byzantine under-server attributed to R via the SHIPPED canary pipeline[2m > [22m[2mNEGATIVE control — an all-honest mesh (R also forwards everything) produces NO slash
[22m[39m{"timestamp":"2026-06-22T06:17:50.378Z","level":"INFO","source":"frontend","module":"webrtc/sframe-transform","message":"encrypted frame","context":{"kid":9,"ctr":2,"byteLength":62,"codecOffset":10}}

[90mstdout[2m | apps/validator-daemon/src/canary/__tests__/mesh-byzantine.test.ts[2m > [22m[2mREQ-RMS-017 — Byzantine under-server attributed to R via the SHIPPED canary pipeline[2m > [22m[2mNEGATIVE control — an all-honest mesh (R also forwards everything) produces NO slash
[22m[39m{"timestamp":"2026-06-22T06:17:50.379Z","level":"INFO","source":"frontend","module":"webrtc/sframe-transform","message":"encrypted frame","context":{"kid":9,"ctr":3,"byteLength":62,"codecOffset":10}}

[90mstdout[2m | apps/validator-daemon/src/canary/__tests__/mesh-byzantine.test.ts[2m > [22m[2mREQ-RMS-017 — Byzantine under-server attributed to R via the SHIPPED canary pipeline[2m > [22m[2mNEGATIVE control — an all-honest mesh (R also forwards everything) produces NO slash
[22m[39m{"timestamp":"2026-06-22T06:17:50.379Z","level":"INFO","source":"frontend","module":"webrtc/sframe-transform","message":"encrypted frame","context":{"kid":9,"ctr":4,"byteLength":62,"codecOffset":10}}

[90mstdout[2m | apps/validator-daemon/src/canary/__tests__/mesh-byzantine.test.ts[2m > [22m[2mREQ-RMS-017 — Byzantine under-server attributed to R via the SHIPPED canary pipeline[2m > [22m[2mNEGATIVE control — an all-honest mesh (R also forwards everything) produces NO slash
[22m[39m{"timestamp":"2026-06-22T06:17:50.380Z","level":"INFO","source":"frontend","module":"webrtc/sframe-transform","message":"encrypted frame","context":{"kid":9,"ctr":5,"byteLength":62,"codecOffset":10}}

[90mstdout[2m | apps/validator-daemon/src/canary/__tests__/mesh-byzantine.test.ts[2m > [22m[2mREQ-RMS-017 — Byzantine under-server attributed to R via the SHIPPED canary pipeline[2m > [22m[2mNEGATIVE control — an all-honest mesh (R also forwards everything) produces NO slash
[22m[39m{"timestamp":"2026-06-22T06:17:50.380Z","level":"INFO","source":"frontend","module":"webrtc/sframe-transform","message":"encrypted frame","context":{"kid":9,"ctr":6,"byteLength":62,"codecOffset":10}}

[90mstdout[2m | apps/validator-daemon/src/canary/__tests__/mesh-byzantine.test.ts[2m > [22m[2mREQ-RMS-017 — Byzantine under-server attributed to R via the SHIPPED canary pipeline[2m > [22m[2mNEGATIVE control — an all-honest mesh (R also forwards everything) produces NO slash
[22m[39m{"timestamp":"2026-06-22T06:17:50.381Z","level":"INFO","source":"frontend","module":"webrtc/sframe-transform","message":"encrypted frame","context":{"kid":9,"ctr":7,"byteLength":62,"codecOffset":10}}

{"level":30,"time":1782109070382,"pid":5904,"hostname":"Quang","name":"canary/verifier","canaryKid":9,"mediaPackets":8,"byteIdentical":8,"divergences":0,"msg":"canary forwarding verified"}
{"level":30,"time":1782109070382,"pid":5904,"hostname":"Quang","name":"canary/loss-classifier","relayMinerId":"relay-byzantine-R","promoted":0,"absorbed":0,"tampers":0,"cumulativeCrossed":false,"msg":"canary divergences classified (drop gate / tamper p=1)"}
{"level":30,"time":1782109070382,"pid":5904,"hostname":"Quang","name":"canary/verify-loop","round":5,"relayMinerId":"relay-byzantine-R","roomId":"mesh-room","perReceiver":2,"promoted":0,"absorbed":0,"stunLossBps":"0","msg":"canary verify round classified (hermetic half — synthetic capture, STUN read live)"}
[90mstdout[2m | apps/validator-daemon/src/canary/__tests__/mesh-byzantine.test.ts[2m > [22m[2mREQ-RMS-017 — Byzantine under-server attributed to R via the SHIPPED canary pipeline[2m > [22m[2mNEGATIVE control — an all-honest mesh (R also forwards everything) produces NO slash
[22m[39m{"timestamp":"2026-06-22T06:17:50.383Z","level":"INFO","source":"frontend","module":"webrtc/sframe-transform","message":"encrypted frame","context":{"kid":9,"ctr":0,"byteLength":62,"codecOffset":10}}

[90mstdout[2m | apps/validator-daemon/src/canary/__tests__/mesh-byzantine.test.ts[2m > [22m[2mREQ-RMS-017 — Byzantine under-server attributed to R via the SHIPPED canary pipeline[2m > [22m[2mNEGATIVE control — an all-honest mesh (R also forwards everything) produces NO slash
[22m[39m{"timestamp":"2026-06-22T06:17:50.384Z","level":"INFO","source":"frontend","module":"webrtc/sframe-transform","message":"encrypted frame","context":{"kid":9,"ctr":1,"byteLength":62,"codecOffset":10}}

[90mstdout[2m | apps/validator-daemon/src/canary/__tests__/mesh-byzantine.test.ts[2m > [22m[2mREQ-RMS-017 — Byzantine under-server attributed to R via the SHIPPED canary pipeline[2m > [22m[2mNEGATIVE control — an all-honest mesh (R also forwards everything) produces NO slash
[22m[39m{"timestamp":"2026-06-22T06:17:50.385Z","level":"INFO","source":"frontend","module":"webrtc/sframe-transform","message":"encrypted frame","context":{"kid":9,"ctr":2,"byteLength":62,"codecOffset":10}}

[90mstdout[2m | apps/validator-daemon/src/canary/__tests__/mesh-byzantine.test.ts[2m > [22m[2mREQ-RMS-017 — Byzantine under-server attributed to R via the SHIPPED canary pipeline[2m > [22m[2mNEGATIVE control — an all-honest mesh (R also forwards everything) produces NO slash
[22m[39m{"timestamp":"2026-06-22T06:17:50.385Z","level":"INFO","source":"frontend","module":"webrtc/sframe-transform","message":"encrypted frame","context":{"kid":9,"ctr":3,"byteLength":62,"codecOffset":10}}

[90mstdout[2m | apps/validator-daemon/src/canary/__tests__/mesh-byzantine.test.ts[2m > [22m[2mREQ-RMS-017 — Byzantine under-server attributed to R via the SHIPPED canary pipeline[2m > [22m[2mNEGATIVE control — an all-honest mesh (R also forwards everything) produces NO slash
[22m[39m{"timestamp":"2026-06-22T06:17:50.385Z","level":"INFO","source":"frontend","module":"webrtc/sframe-transform","message":"encrypted frame","context":{"kid":9,"ctr":4,"byteLength":62,"codecOffset":10}}

[90mstdout[2m | apps/validator-daemon/src/canary/__tests__/mesh-byzantine.test.ts[2m > [22m[2mREQ-RMS-017 — Byzantine under-server attributed to R via the SHIPPED canary pipeline[2m > [22m[2mNEGATIVE control — an all-honest mesh (R also forwards everything) produces NO slash
[22m[39m{"timestamp":"2026-06-22T06:17:50.386Z","level":"INFO","source":"frontend","module":"webrtc/sframe-transform","message":"encrypted frame","context":{"kid":9,"ctr":5,"byteLength":62,"codecOffset":10}}

[90mstdout[2m | apps/validator-daemon/src/canary/__tests__/mesh-byzantine.test.ts[2m > [22m[2mREQ-RMS-017 — Byzantine under-server attributed to R via the SHIPPED canary pipeline[2m > [22m[2mNEGATIVE control — an all-honest mesh (R also forwards everything) produces NO slash
[22m[39m{"timestamp":"2026-06-22T06:17:50.386Z","level":"INFO","source":"frontend","module":"webrtc/sframe-transform","message":"encrypted frame","context":{"kid":9,"ctr":6,"byteLength":62,"codecOffset":10}}

[90mstdout[2m | apps/validator-daemon/src/canary/__tests__/mesh-byzantine.test.ts[2m > [22m[2mREQ-RMS-017 — Byzantine under-server attributed to R via the SHIPPED canary pipeline[2m > [22m[2mNEGATIVE control — an all-honest mesh (R also forwards everything) produces NO slash
[22m[39m{"timestamp":"2026-06-22T06:17:50.386Z","level":"INFO","source":"frontend","module":"webrtc/sframe-transform","message":"encrypted frame","context":{"kid":9,"ctr":7,"byteLength":62,"codecOffset":10}}

[90mstdout[2m | apps/validator-daemon/src/canary/__tests__/mesh-byzantine.test.ts[2m > [22m[2mREQ-RMS-017 — Byzantine under-server attributed to R via the SHIPPED canary pipeline[2m > [22m[2mNEGATIVE control — an all-honest mesh (R also forwards everything) produces NO slash
[22m[39m{"timestamp":"2026-06-22T06:17:50.387Z","level":"INFO","source":"frontend","module":"webrtc/sframe-transform","message":"encrypted frame","context":{"kid":9,"ctr":0,"byteLength":62,"codecOffset":10}}

[90mstdout[2m | apps/validator-daemon/src/canary/__tests__/mesh-byzantine.test.ts[2m > [22m[2mREQ-RMS-017 — Byzantine under-server attributed to R via the SHIPPED canary pipeline[2m > [22m[2mNEGATIVE control — an all-honest mesh (R also forwards everything) produces NO slash
[22m[39m{"timestamp":"2026-06-22T06:17:50.387Z","level":"INFO","source":"frontend","module":"webrtc/sframe-transform","message":"encrypted frame","context":{"kid":9,"ctr":1,"byteLength":62,"codecOffset":10}}

[90mstdout[2m | apps/validator-daemon/src/canary/__tests__/mesh-byzantine.test.ts[2m > [22m[2mREQ-RMS-017 — Byzantine under-server attributed to R via the SHIPPED canary pipeline[2m > [22m[2mNEGATIVE control — an all-honest mesh (R also forwards everything) produces NO slash
[22m[39m{"timestamp":"2026-06-22T06:17:50.388Z","level":"INFO","source":"frontend","module":"webrtc/sframe-transform","message":"encrypted frame","context":{"kid":9,"ctr":2,"byteLength":62,"codecOffset":10}}

[90mstdout[2m | apps/validator-daemon/src/canary/__tests__/mesh-byzantine.test.ts[2m > [22m[2mREQ-RMS-017 — Byzantine under-server attributed to R via the SHIPPED canary pipeline[2m > [22m[2mNEGATIVE control — an all-honest mesh (R also forwards everything) produces NO slash
[22m[39m{"timestamp":"2026-06-22T06:17:50.388Z","level":"INFO","source":"frontend","module":"webrtc/sframe-transform","message":"encrypted frame","context":{"kid":9,"ctr":3,"byteLength":62,"codecOffset":10}}

[90mstdout[2m | apps/validator-daemon/src/canary/__tests__/mesh-byzantine.test.ts[2m > [22m[2mREQ-RMS-017 — Byzantine under-server attributed to R via the SHIPPED canary pipeline[2m > [22m[2mNEGATIVE control — an all-honest mesh (R also forwards everything) produces NO slash
[22m[39m{"timestamp":"2026-06-22T06:17:50.388Z","level":"INFO","source":"frontend","module":"webrtc/sframe-transform","message":"encrypted frame","context":{"kid":9,"ctr":4,"byteLength":62,"codecOffset":10}}

[90mstdout[2m | apps/validator-daemon/src/canary/__tests__/mesh-byzantine.test.ts[2m > [22m[2mREQ-RMS-017 — Byzantine under-server attributed to R via the SHIPPED canary pipeline[2m > [22m[2mNEGATIVE control — an all-honest mesh (R also forwards everything) produces NO slash
[22m[39m{"timestamp":"2026-06-22T06:17:50.388Z","level":"INFO","source":"frontend","module":"webrtc/sframe-transform","message":"encrypted frame","context":{"kid":9,"ctr":5,"byteLength":62,"codecOffset":10}}

[90mstdout[2m | apps/validator-daemon/src/canary/__tests__/mesh-byzantine.test.ts[2m > [22m[2mREQ-RMS-017 — Byzantine under-server attributed to R via the SHIPPED canary pipeline[2m > [22m[2mNEGATIVE control — an all-honest mesh (R also forwards everything) produces NO slash
[22m[39m{"timestamp":"2026-06-22T06:17:50.389Z","level":"INFO","source":"frontend","module":"webrtc/sframe-transform","message":"encrypted frame","context":{"kid":9,"ctr":6,"byteLength":62,"codecOffset":10}}

[90mstdout[2m | apps/validator-daemon/src/canary/__tests__/mesh-byzantine.test.ts[2m > [22m[2mREQ-RMS-017 — Byzantine under-server attributed to R via the SHIPPED canary pipeline[2m > [22m[2mNEGATIVE control — an all-honest mesh (R also forwards everything) produces NO slash
[22m[39m{"timestamp":"2026-06-22T06:17:50.389Z","level":"INFO","source":"frontend","module":"webrtc/sframe-transform","message":"encrypted frame","context":{"kid":9,"ctr":7,"byteLength":62,"codecOffset":10}}

{"level":30,"time":1782109070389,"pid":5904,"hostname":"Quang","name":"canary/verifier","canaryKid":9,"mediaPackets":8,"byteIdentical":8,"divergences":0,"msg":"canary forwarding verified"}
[90mstdout[2m | apps/validator-daemon/src/canary/__tests__/mesh-byzantine.test.ts[2m > [22m[2mREQ-RMS-017 — Byzantine under-server attributed to R via the SHIPPED canary pipeline[2m > [22m[2mNEGATIVE control — an all-honest mesh (R also forwards everything) produces NO slash
[22m[39m{"timestamp":"2026-06-22T06:17:50.390Z","level":"INFO","source":"frontend","module":"webrtc/sframe-transform","message":"encrypted frame","context":{"kid":9,"ctr":0,"byteLength":62,"codecOffset":10}}

[90mstdout[2m | apps/validator-daemon/src/canary/__tests__/mesh-byzantine.test.ts[2m > [22m[2mREQ-RMS-017 — Byzantine under-server attributed to R via the SHIPPED canary pipeline[2m > [22m[2mNEGATIVE control — an all-honest mesh (R also forwards everything) produces NO slash
[22m[39m{"timestamp":"2026-06-22T06:17:50.390Z","level":"INFO","source":"frontend","module":"webrtc/sframe-transform","message":"encrypted frame","context":{"kid":9,"ctr":1,"byteLength":62,"codecOffset":10}}

[90mstdout[2m | apps/validator-daemon/src/canary/__tests__/mesh-byzantine.test.ts[2m > [22m[2mREQ-RMS-017 — Byzantine under-server attributed to R via the SHIPPED canary pipeline[2m > [22m[2mNEGATIVE control — an all-honest mesh (R also forwards everything) produces NO slash
[22m[39m{"timestamp":"2026-06-22T06:17:50.390Z","level":"INFO","source":"frontend","module":"webrtc/sframe-transform","message":"encrypted frame","context":{"kid":9,"ctr":2,"byteLength":62,"codecOffset":10}}

[90mstdout[2m | apps/validator-daemon/src/canary/__tests__/mesh-byzantine.test.ts[2m > [22m[2mREQ-RMS-017 — Byzantine under-server attributed to R via the SHIPPED canary pipeline[2m > [22m[2mNEGATIVE control — an all-honest mesh (R also forwards everything) produces NO slash
[22m[39m{"timestamp":"2026-06-22T06:17:50.391Z","level":"INFO","source":"frontend","module":"webrtc/sframe-transform","message":"encrypted frame","context":{"kid":9,"ctr":3,"byteLength":62,"codecOffset":10}}

[90mstdout[2m | apps/validator-daemon/src/canary/__tests__/mesh-byzantine.test.ts[2m > [22m[2mREQ-RMS-017 — Byzantine under-server attributed to R via the SHIPPED canary pipeline[2m > [22m[2mNEGATIVE control — an all-honest mesh (R also forwards everything) produces NO slash
[22m[39m{"timestamp":"2026-06-22T06:17:50.391Z","level":"INFO","source":"frontend","module":"webrtc/sframe-transform","message":"encrypted frame","context":{"kid":9,"ctr":4,"byteLength":62,"codecOffset":10}}

[90mstdout[2m | apps/validator-daemon/src/canary/__tests__/mesh-byzantine.test.ts[2m > [22m[2mREQ-RMS-017 — Byzantine under-server attributed to R via the SHIPPED canary pipeline[2m > [22m[2mNEGATIVE control — an all-honest mesh (R also forwards everything) produces NO slash
[22m[39m{"timestamp":"2026-06-22T06:17:50.392Z","level":"INFO","source":"frontend","module":"webrtc/sframe-transform","message":"encrypted frame","context":{"kid":9,"ctr":5,"byteLength":62,"codecOffset":10}}

[90mstdout[2m | apps/validator-daemon/src/canary/__tests__/mesh-byzantine.test.ts[2m > [22m[2mREQ-RMS-017 — Byzantine under-server attributed to R via the SHIPPED canary pipeline[2m > [22m[2mNEGATIVE control — an all-honest mesh (R also forwards everything) produces NO slash
[22m[39m{"timestamp":"2026-06-22T06:17:50.392Z","level":"INFO","source":"frontend","module":"webrtc/sframe-transform","message":"encrypted frame","context":{"kid":9,"ctr":6,"byteLength":62,"codecOffset":10}}

[90mstdout[2m | apps/validator-daemon/src/canary/__tests__/mesh-byzantine.test.ts[2m > [22m[2mREQ-RMS-017 — Byzantine under-server attributed to R via the SHIPPED canary pipeline[2m > [22m[2mNEGATIVE control — an all-honest mesh (R also forwards everything) produces NO slash
[22m[39m{"timestamp":"2026-06-22T06:17:50.392Z","level":"INFO","source":"frontend","module":"webrtc/sframe-transform","message":"encrypted frame","context":{"kid":9,"ctr":7,"byteLength":62,"codecOffset":10}}

{"level":30,"time":1782109070392,"pid":5904,"hostname":"Quang","name":"canary/verifier","canaryKid":9,"mediaPackets":8,"byteIdentical":8,"divergences":0,"msg":"canary forwarding verified"}
{"level":30,"time":1782109070393,"pid":5904,"hostname":"Quang","name":"canary/loss-classifier","relayMinerId":"relay-honest-R2","promoted":0,"absorbed":0,"tampers":0,"cumulativeCrossed":false,"msg":"canary divergences classified (drop gate / tamper p=1)"}
{"level":30,"time":1782109070393,"pid":5904,"hostname":"Quang","name":"canary/verify-loop","round":5,"relayMinerId":"relay-honest-R2","roomId":"mesh-room","perReceiver":2,"promoted":0,"absorbed":0,"stunLossBps":"0","msg":"canary verify round classified (hermetic half — synthetic capture, STUN read live)"}
[90mstdout[2m | apps/validator-daemon/src/canary/__tests__/mesh-byzantine.test.ts[2m > [22m[2mREQ-RMS-017 — Byzantine under-server attributed to R via the SHIPPED canary pipeline[2m > [22m[2mNEGATIVE control — an all-honest mesh (R also forwards everything) produces NO slash
[22m[39m{"timestamp":"2026-06-22T06:17:50.393Z","level":"INFO","source":"frontend","module":"webrtc/sframe-transform","message":"encrypted frame","context":{"kid":9,"ctr":0,"byteLength":62,"codecOffset":10}}

[90mstdout[2m | apps/validator-daemon/src/canary/__tests__/mesh-byzantine.test.ts[2m > [22m[2mREQ-RMS-017 — Byzantine under-server attributed to R via the SHIPPED canary pipeline[2m > [22m[2mNEGATIVE control — an all-honest mesh (R also forwards everything) produces NO slash
[22m[39m{"timestamp":"2026-06-22T06:17:50.393Z","level":"INFO","source":"frontend","module":"webrtc/sframe-transform","message":"encrypted frame","context":{"kid":9,"ctr":1,"byteLength":62,"codecOffset":10}}

[90mstdout[2m | apps/validator-daemon/src/canary/__tests__/mesh-byzantine.test.ts[2m > [22m[2mREQ-RMS-017 — Byzantine under-server attributed to R via the SHIPPED canary pipeline[2m > [22m[2mNEGATIVE control — an all-honest mesh (R also forwards everything) produces NO slash
[22m[39m{"timestamp":"2026-06-22T06:17:50.394Z","level":"INFO","source":"frontend","module":"webrtc/sframe-transform","message":"encrypted frame","context":{"kid":9,"ctr":2,"byteLength":62,"codecOffset":10}}

[90mstdout[2m | apps/validator-daemon/src/canary/__tests__/mesh-byzantine.test.ts[2m > [22m[2mREQ-RMS-017 — Byzantine under-server attributed to R via the SHIPPED canary pipeline[2m > [22m[2mNEGATIVE control — an all-honest mesh (R also forwards everything) produces NO slash
[22m[39m{"timestamp":"2026-06-22T06:17:50.394Z","level":"INFO","source":"frontend","module":"webrtc/sframe-transform","message":"encrypted frame","context":{"kid":9,"ctr":3,"byteLength":62,"codecOffset":10}}

[90mstdout[2m | apps/validator-daemon/src/canary/__tests__/mesh-byzantine.test.ts[2m > [22m[2mREQ-RMS-017 — Byzantine under-server attributed to R via the SHIPPED canary pipeline[2m > [22m[2mNEGATIVE control — an all-honest mesh (R also forwards everything) produces NO slash
[22m[39m{"timestamp":"2026-06-22T06:17:50.394Z","level":"INFO","source":"frontend","module":"webrtc/sframe-transform","message":"encrypted frame","context":{"kid":9,"ctr":4,"byteLength":62,"codecOffset":10}}

[90mstdout[2m | apps/validator-daemon/src/canary/__tests__/mesh-byzantine.test.ts[2m > [22m[2mREQ-RMS-017 — Byzantine under-server attributed to R via the SHIPPED canary pipeline[2m > [22m[2mNEGATIVE control — an all-honest mesh (R also forwards everything) produces NO slash
[22m[39m{"timestamp":"2026-06-22T06:17:50.395Z","level":"INFO","source":"frontend","module":"webrtc/sframe-transform","message":"encrypted frame","context":{"kid":9,"ctr":5,"byteLength":62,"codecOffset":10}}

[90mstdout[2m | apps/validator-daemon/src/canary/__tests__/mesh-byzantine.test.ts[2m > [22m[2mREQ-RMS-017 — Byzantine under-server attributed to R via the SHIPPED canary pipeline[2m > [22m[2mNEGATIVE control — an all-honest mesh (R also forwards everything) produces NO slash
[22m[39m{"timestamp":"2026-06-22T06:17:50.395Z","level":"INFO","source":"frontend","module":"webrtc/sframe-transform","message":"encrypted frame","context":{"kid":9,"ctr":6,"byteLength":62,"codecOffset":10}}

[90mstdout[2m | apps/validator-daemon/src/canary/__tests__/mesh-byzantine.test.ts[2m > [22m[2mREQ-RMS-017 — Byzantine under-server attributed to R via the SHIPPED canary pipeline[2m > [22m[2mNEGATIVE control — an all-honest mesh (R also forwards everything) produces NO slash
[22m[39m{"timestamp":"2026-06-22T06:17:50.395Z","level":"INFO","source":"frontend","module":"webrtc/sframe-transform","message":"encrypted frame","context":{"kid":9,"ctr":7,"byteLength":62,"codecOffset":10}}

[90mstdout[2m | apps/validator-daemon/src/canary/__tests__/mesh-byzantine.test.ts[2m > [22m[2mREQ-RMS-017 — Byzantine under-server attributed to R via the SHIPPED canary pipeline[2m > [22m[2mNEGATIVE control — an all-honest mesh (R also forwards everything) produces NO slash
[22m[39m{"timestamp":"2026-06-22T06:17:50.396Z","level":"INFO","source":"frontend","module":"webrtc/sframe-transform","message":"encrypted frame","context":{"kid":9,"ctr":0,"byteLength":62,"codecOffset":10}}

[90mstdout[2m | apps/validator-daemon/src/canary/__tests__/mesh-byzantine.test.ts[2m > [22m[2mREQ-RMS-017 — Byzantine under-server attributed to R via the SHIPPED canary pipeline[2m > [22m[2mNEGATIVE control — an all-honest mesh (R also forwards everything) produces NO slash
[22m[39m{"timestamp":"2026-06-22T06:17:50.396Z","level":"INFO","source":"frontend","module":"webrtc/sframe-transform","message":"encrypted frame","context":{"kid":9,"ctr":1,"byteLength":62,"codecOffset":10}}

[90mstdout[2m | apps/validator-daemon/src/canary/__tests__/mesh-byzantine.test.ts[2m > [22m[2mREQ-RMS-017 — Byzantine under-server attributed to R via the SHIPPED canary pipeline[2m > [22m[2mNEGATIVE control — an all-honest mesh (R also forwards everything) produces NO slash
[22m[39m{"timestamp":"2026-06-22T06:17:50.397Z","level":"INFO","source":"frontend","module":"webrtc/sframe-transform","message":"encrypted frame","context":{"kid":9,"ctr":2,"byteLength":62,"codecOffset":10}}

[90mstdout[2m | apps/validator-daemon/src/canary/__tests__/mesh-byzantine.test.ts[2m > [22m[2mREQ-RMS-017 — Byzantine under-server attributed to R via the SHIPPED canary pipeline[2m > [22m[2mNEGATIVE control — an all-honest mesh (R also forwards everything) produces NO slash
[22m[39m{"timestamp":"2026-06-22T06:17:50.397Z","level":"INFO","source":"frontend","module":"webrtc/sframe-transform","message":"encrypted frame","context":{"kid":9,"ctr":3,"byteLength":62,"codecOffset":10}}

[90mstdout[2m | apps/validator-daemon/src/canary/__tests__/mesh-byzantine.test.ts[2m > [22m[2mREQ-RMS-017 — Byzantine under-server attributed to R via the SHIPPED canary pipeline[2m > [22m[2mNEGATIVE control — an all-honest mesh (R also forwards everything) produces NO slash
[22m[39m{"timestamp":"2026-06-22T06:17:50.397Z","level":"INFO","source":"frontend","module":"webrtc/sframe-transform","message":"encrypted frame","context":{"kid":9,"ctr":4,"byteLength":62,"codecOffset":10}}

[90mstdout[2m | apps/validator-daemon/src/canary/__tests__/mesh-byzantine.test.ts[2m > [22m[2mREQ-RMS-017 — Byzantine under-server attributed to R via the SHIPPED canary pipeline[2m > [22m[2mNEGATIVE control — an all-honest mesh (R also forwards everything) produces NO slash
[22m[39m{"timestamp":"2026-06-22T06:17:50.398Z","level":"INFO","source":"frontend","module":"webrtc/sframe-transform","message":"encrypted frame","context":{"kid":9,"ctr":5,"byteLength":62,"codecOffset":10}}

[90mstdout[2m | apps/validator-daemon/src/canary/__tests__/mesh-byzantine.test.ts[2m > [22m[2mREQ-RMS-017 — Byzantine under-server attributed to R via the SHIPPED canary pipeline[2m > [22m[2mNEGATIVE control — an all-honest mesh (R also forwards everything) produces NO slash
[22m[39m{"timestamp":"2026-06-22T06:17:50.398Z","level":"INFO","source":"frontend","module":"webrtc/sframe-transform","message":"encrypted frame","context":{"kid":9,"ctr":6,"byteLength":62,"codecOffset":10}}

[90mstdout[2m | apps/validator-daemon/src/canary/__tests__/mesh-byzantine.test.ts[2m > [22m[2mREQ-RMS-017 — Byzantine under-server attributed to R via the SHIPPED canary pipeline[2m > [22m[2mNEGATIVE control — an all-honest mesh (R also forwards everything) produces NO slash
[22m[39m{"timestamp":"2026-06-22T06:17:50.398Z","level":"INFO","source":"frontend","module":"webrtc/sframe-transform","message":"encrypted frame","context":{"kid":9,"ctr":7,"byteLength":62,"codecOffset":10}}

{"level":30,"time":1782109070399,"pid":5904,"hostname":"Quang","name":"canary/verifier","canaryKid":9,"mediaPackets":8,"byteIdentical":8,"divergences":0,"msg":"canary forwarding verified"}
[90mstdout[2m | apps/validator-daemon/src/canary/__tests__/mesh-byzantine.test.ts[2m > [22m[2mREQ-RMS-017 — Byzantine under-server attributed to R via the SHIPPED canary pipeline[2m > [22m[2mNEGATIVE control — an all-honest mesh (R also forwards everything) produces NO slash
[22m[39m{"timestamp":"2026-06-22T06:17:50.399Z","level":"INFO","source":"frontend","module":"webrtc/sframe-transform","message":"encrypted frame","context":{"kid":9,"ctr":0,"byteLength":62,"codecOffset":10}}

[90mstdout[2m | apps/validator-daemon/src/canary/__tests__/mesh-byzantine.test.ts[2m > [22m[2mREQ-RMS-017 — Byzantine under-server attributed to R via the SHIPPED canary pipeline[2m > [22m[2mNEGATIVE control — an all-honest mesh (R also forwards everything) produces NO slash
[22m[39m{"timestamp":"2026-06-22T06:17:50.399Z","level":"INFO","source":"frontend","module":"webrtc/sframe-transform","message":"encrypted frame","context":{"kid":9,"ctr":1,"byteLength":62,"codecOffset":10}}

[90mstdout[2m | apps/validator-daemon/src/canary/__tests__/mesh-byzantine.test.ts[2m > [22m[2mREQ-RMS-017 — Byzantine under-server attributed to R via the SHIPPED canary pipeline[2m > [22m[2mNEGATIVE control — an all-honest mesh (R also forwards everything) produces NO slash
[22m[39m{"timestamp":"2026-06-22T06:17:50.400Z","level":"INFO","source":"frontend","module":"webrtc/sframe-transform","message":"encrypted frame","context":{"kid":9,"ctr":2,"byteLength":62,"codecOffset":10}}

[90mstdout[2m | apps/validator-daemon/src/canary/__tests__/mesh-byzantine.test.ts[2m > [22m[2mREQ-RMS-017 — Byzantine under-server attributed to R via the SHIPPED canary pipeline[2m > [22m[2mNEGATIVE control — an all-honest mesh (R also forwards everything) produces NO slash
[22m[39m{"timestamp":"2026-06-22T06:17:50.400Z","level":"INFO","source":"frontend","module":"webrtc/sframe-transform","message":"encrypted frame","context":{"kid":9,"ctr":3,"byteLength":62,"codecOffset":10}}

[90mstdout[2m | apps/validator-daemon/src/canary/__tests__/mesh-byzantine.test.ts[2m > [22m[2mREQ-RMS-017 — Byzantine under-server attributed to R via the SHIPPED canary pipeline[2m > [22m[2mNEGATIVE control — an all-honest mesh (R also forwards everything) produces NO slash
[22m[39m{"timestamp":"2026-06-22T06:17:50.400Z","level":"INFO","source":"frontend","module":"webrtc/sframe-transform","message":"encrypted frame","context":{"kid":9,"ctr":4,"byteLength":62,"codecOffset":10}}

[90mstdout[2m | apps/validator-daemon/src/canary/__tests__/mesh-byzantine.test.ts[2m > [22m[2mREQ-RMS-017 — Byzantine under-server attributed to R via the SHIPPED canary pipeline[2m > [22m[2mNEGATIVE control — an all-honest mesh (R also forwards everything) produces NO slash
[22m[39m{"timestamp":"2026-06-22T06:17:50.401Z","level":"INFO","source":"frontend","module":"webrtc/sframe-transform","message":"encrypted frame","context":{"kid":9,"ctr":5,"byteLength":62,"codecOffset":10}}

[90mstdout[2m | apps/validator-daemon/src/canary/__tests__/mesh-byzantine.test.ts[2m > [22m[2mREQ-RMS-017 — Byzantine under-server attributed to R via the SHIPPED canary pipeline[2m > [22m[2mNEGATIVE control — an all-honest mesh (R also forwards everything) produces NO slash
[22m[39m{"timestamp":"2026-06-22T06:17:50.401Z","level":"INFO","source":"frontend","module":"webrtc/sframe-transform","message":"encrypted frame","context":{"kid":9,"ctr":6,"byteLength":62,"codecOffset":10}}

[90mstdout[2m | apps/validator-daemon/src/canary/__tests__/mesh-byzantine.test.ts[2m > [22m[2mREQ-RMS-017 — Byzantine under-server attributed to R via the SHIPPED canary pipeline[2m > [22m[2mNEGATIVE control — an all-honest mesh (R also forwards everything) produces NO slash
[22m[39m{"timestamp":"2026-06-22T06:17:50.401Z","level":"INFO","source":"frontend","module":"webrtc/sframe-transform","message":"encrypted frame","context":{"kid":9,"ctr":7,"byteLength":62,"codecOffset":10}}

{"level":30,"time":1782109070402,"pid":5904,"hostname":"Quang","name":"canary/verifier","canaryKid":9,"mediaPackets":8,"byteIdentical":8,"divergences":0,"msg":"canary forwarding verified"}
{"level":30,"time":1782109070402,"pid":5904,"hostname":"Quang","name":"canary/loss-classifier","relayMinerId":"relay-byzantine-R","promoted":0,"absorbed":0,"tampers":0,"cumulativeCrossed":false,"msg":"canary divergences classified (drop gate / tamper p=1)"}
{"level":30,"time":1782109070402,"pid":5904,"hostname":"Quang","name":"canary/verify-loop","round":6,"relayMinerId":"relay-byzantine-R","roomId":"mesh-room","perReceiver":2,"promoted":0,"absorbed":0,"stunLossBps":"0","msg":"canary verify round classified (hermetic half — synthetic capture, STUN read live)"}
[90mstdout[2m | apps/validator-daemon/src/canary/__tests__/mesh-byzantine.test.ts[2m > [22m[2mREQ-RMS-017 — Byzantine under-server attributed to R via the SHIPPED canary pipeline[2m > [22m[2mNEGATIVE control — an all-honest mesh (R also forwards everything) produces NO slash
[22m[39m{"timestamp":"2026-06-22T06:17:50.402Z","level":"INFO","source":"frontend","module":"webrtc/sframe-transform","message":"encrypted frame","context":{"kid":9,"ctr":0,"byteLength":62,"codecOffset":10}}

[90mstdout[2m | apps/validator-daemon/src/canary/__tests__/mesh-byzantine.test.ts[2m > [22m[2mREQ-RMS-017 — Byzantine under-server attributed to R via the SHIPPED canary pipeline[2m > [22m[2mNEGATIVE control — an all-honest mesh (R also forwards everything) produces NO slash
[22m[39m{"timestamp":"2026-06-22T06:17:50.402Z","level":"INFO","source":"frontend","module":"webrtc/sframe-transform","message":"encrypted frame","context":{"kid":9,"ctr":1,"byteLength":62,"codecOffset":10}}

[90mstdout[2m | apps/validator-daemon/src/canary/__tests__/mesh-byzantine.test.ts[2m > [22m[2mREQ-RMS-017 — Byzantine under-server attributed to R via the SHIPPED canary pipeline[2m > [22m[2mNEGATIVE control — an all-honest mesh (R also forwards everything) produces NO slash
[22m[39m{"timestamp":"2026-06-22T06:17:50.403Z","level":"INFO","source":"frontend","module":"webrtc/sframe-transform","message":"encrypted frame","context":{"kid":9,"ctr":2,"byteLength":62,"codecOffset":10}}

[90mstdout[2m | apps/validator-daemon/src/canary/__tests__/mesh-byzantine.test.ts[2m > [22m[2mREQ-RMS-017 — Byzantine under-server attributed to R via the SHIPPED canary pipeline[2m > [22m[2mNEGATIVE control — an all-honest mesh (R also forwards everything) produces NO slash
[22m[39m{"timestamp":"2026-06-22T06:17:50.403Z","level":"INFO","source":"frontend","module":"webrtc/sframe-transform","message":"encrypted frame","context":{"kid":9,"ctr":3,"byteLength":62,"codecOffset":10}}

[90mstdout[2m | apps/validator-daemon/src/canary/__tests__/mesh-byzantine.test.ts[2m > [22m[2mREQ-RMS-017 — Byzantine under-server attributed to R via the SHIPPED canary pipeline[2m > [22m[2mNEGATIVE control — an all-honest mesh (R also forwards everything) produces NO slash
[22m[39m{"timestamp":"2026-06-22T06:17:50.404Z","level":"INFO","source":"frontend","module":"webrtc/sframe-transform","message":"encrypted frame","context":{"kid":9,"ctr":4,"byteLength":62,"codecOffset":10}}

[90mstdout[2m | apps/validator-daemon/src/canary/__tests__/mesh-byzantine.test.ts[2m > [22m[2mREQ-RMS-017 — Byzantine under-server attributed to R via the SHIPPED canary pipeline[2m > [22m[2mNEGATIVE control — an all-honest mesh (R also forwards everything) produces NO slash
[22m[39m{"timestamp":"2026-06-22T06:17:50.404Z","level":"INFO","source":"frontend","module":"webrtc/sframe-transform","message":"encrypted frame","context":{"kid":9,"ctr":5,"byteLength":62,"codecOffset":10}}

[90mstdout[2m | apps/validator-daemon/src/canary/__tests__/mesh-byzantine.test.ts[2m > [22m[2mREQ-RMS-017 — Byzantine under-server attributed to R via the SHIPPED canary pipeline[2m > [22m[2mNEGATIVE control — an all-honest mesh (R also forwards everything) produces NO slash
[22m[39m{"timestamp":"2026-06-22T06:17:50.406Z","level":"INFO","source":"frontend","module":"webrtc/sframe-transform","message":"encrypted frame","context":{"kid":9,"ctr":6,"byteLength":62,"codecOffset":10}}

[90mstdout[2m | apps/validator-daemon/src/canary/__tests__/mesh-byzantine.test.ts[2m > [22m[2mREQ-RMS-017 — Byzantine under-server attributed to R via the SHIPPED canary pipeline[2m > [22m[2mNEGATIVE control — an all-honest mesh (R also forwards everything) produces NO slash
[22m[39m{"timestamp":"2026-06-22T06:17:50.407Z","level":"INFO","source":"frontend","module":"webrtc/sframe-transform","message":"encrypted frame","context":{"kid":9,"ctr":7,"byteLength":62,"codecOffset":10}}

[90mstdout[2m | apps/validator-daemon/src/canary/__tests__/mesh-byzantine.test.ts[2m > [22m[2mREQ-RMS-017 — Byzantine under-server attributed to R via the SHIPPED canary pipeline[2m > [22m[2mNEGATIVE control — an all-honest mesh (R also forwards everything) produces NO slash
[22m[39m{"timestamp":"2026-06-22T06:17:50.407Z","level":"INFO","source":"frontend","module":"webrtc/sframe-transform","message":"encrypted frame","context":{"kid":9,"ctr":0,"byteLength":62,"codecOffset":10}}

[90mstdout[2m | apps/validator-daemon/src/canary/__tests__/mesh-byzantine.test.ts[2m > [22m[2mREQ-RMS-017 — Byzantine under-server attributed to R via the SHIPPED canary pipeline[2m > [22m[2mNEGATIVE control — an all-honest mesh (R also forwards everything) produces NO slash
[22m[39m{"timestamp":"2026-06-22T06:17:50.408Z","level":"INFO","source":"frontend","module":"webrtc/sframe-transform","message":"encrypted frame","context":{"kid":9,"ctr":1,"byteLength":62,"codecOffset":10}}

[90mstdout[2m | apps/validator-daemon/src/canary/__tests__/mesh-byzantine.test.ts[2m > [22m[2mREQ-RMS-017 — Byzantine under-server attributed to R via the SHIPPED canary pipeline[2m > [22m[2mNEGATIVE control — an all-honest mesh (R also forwards everything) produces NO slash
[22m[39m{"timestamp":"2026-06-22T06:17:50.408Z","level":"INFO","source":"frontend","module":"webrtc/sframe-transform","message":"encrypted frame","context":{"kid":9,"ctr":2,"byteLength":62,"codecOffset":10}}

[90mstdout[2m | apps/validator-daemon/src/canary/__tests__/mesh-byzantine.test.ts[2m > [22m[2mREQ-RMS-017 — Byzantine under-server attributed to R via the SHIPPED canary pipeline[2m > [22m[2mNEGATIVE control — an all-honest mesh (R also forwards everything) produces NO slash
[22m[39m{"timestamp":"2026-06-22T06:17:50.409Z","level":"INFO","source":"frontend","module":"webrtc/sframe-transform","message":"encrypted frame","context":{"kid":9,"ctr":3,"byteLength":62,"codecOffset":10}}

[90mstdout[2m | apps/validator-daemon/src/canary/__tests__/mesh-byzantine.test.ts[2m > [22m[2mREQ-RMS-017 — Byzantine under-server attributed to R via the SHIPPED canary pipeline[2m > [22m[2mNEGATIVE control — an all-honest mesh (R also forwards everything) produces NO slash
[22m[39m{"timestamp":"2026-06-22T06:17:50.409Z","level":"INFO","source":"frontend","module":"webrtc/sframe-transform","message":"encrypted frame","context":{"kid":9,"ctr":4,"byteLength":62,"codecOffset":10}}

[90mstdout[2m | apps/validator-daemon/src/canary/__tests__/mesh-byzantine.test.ts[2m > [22m[2mREQ-RMS-017 — Byzantine under-server attributed to R via the SHIPPED canary pipeline[2m > [22m[2mNEGATIVE control — an all-honest mesh (R also forwards everything) produces NO slash
[22m[39m{"timestamp":"2026-06-22T06:17:50.409Z","level":"INFO","source":"frontend","module":"webrtc/sframe-transform","message":"encrypted frame","context":{"kid":9,"ctr":5,"byteLength":62,"codecOffset":10}}

[90mstdout[2m | apps/validator-daemon/src/canary/__tests__/mesh-byzantine.test.ts[2m > [22m[2mREQ-RMS-017 — Byzantine under-server attributed to R via the SHIPPED canary pipeline[2m > [22m[2mNEGATIVE control — an all-honest mesh (R also forwards everything) produces NO slash
[22m[39m{"timestamp":"2026-06-22T06:17:50.409Z","level":"INFO","source":"frontend","module":"webrtc/sframe-transform","message":"encrypted frame","context":{"kid":9,"ctr":6,"byteLength":62,"codecOffset":10}}

[90mstdout[2m | apps/validator-daemon/src/canary/__tests__/mesh-byzantine.test.ts[2m > [22m[2mREQ-RMS-017 — Byzantine under-server attributed to R via the SHIPPED canary pipeline[2m > [22m[2mNEGATIVE control — an all-honest mesh (R also forwards everything) produces NO slash
[22m[39m{"timestamp":"2026-06-22T06:17:50.410Z","level":"INFO","source":"frontend","module":"webrtc/sframe-transform","message":"encrypted frame","context":{"kid":9,"ctr":7,"byteLength":62,"codecOffset":10}}

{"level":30,"time":1782109070410,"pid":5904,"hostname":"Quang","name":"canary/verifier","canaryKid":9,"mediaPackets":8,"byteIdentical":8,"divergences":0,"msg":"canary forwarding verified"}
[90mstdout[2m | apps/validator-daemon/src/canary/__tests__/mesh-byzantine.test.ts[2m > [22m[2mREQ-RMS-017 — Byzantine under-server attributed to R via the SHIPPED canary pipeline[2m > [22m[2mNEGATIVE control — an all-honest mesh (R also forwards everything) produces NO slash
[22m[39m{"timestamp":"2026-06-22T06:17:50.410Z","level":"INFO","source":"frontend","module":"webrtc/sframe-transform","message":"encrypted frame","context":{"kid":9,"ctr":0,"byteLength":62,"codecOffset":10}}

[90mstdout[2m | apps/validator-daemon/src/canary/__tests__/mesh-byzantine.test.ts[2m > [22m[2mREQ-RMS-017 — Byzantine under-server attributed to R via the SHIPPED canary pipeline[2m > [22m[2mNEGATIVE control — an all-honest mesh (R also forwards everything) produces NO slash
[22m[39m{"timestamp":"2026-06-22T06:17:50.410Z","level":"INFO","source":"frontend","module":"webrtc/sframe-transform","message":"encrypted frame","context":{"kid":9,"ctr":1,"byteLength":62,"codecOffset":10}}

[90mstdout[2m | apps/validator-daemon/src/canary/__tests__/mesh-byzantine.test.ts[2m > [22m[2mREQ-RMS-017 — Byzantine under-server attributed to R via the SHIPPED canary pipeline[2m > [22m[2mNEGATIVE control — an all-honest mesh (R also forwards everything) produces NO slash
[22m[39m{"timestamp":"2026-06-22T06:17:50.411Z","level":"INFO","source":"frontend","module":"webrtc/sframe-transform","message":"encrypted frame","context":{"kid":9,"ctr":2,"byteLength":62,"codecOffset":10}}

[90mstdout[2m | apps/validator-daemon/src/canary/__tests__/mesh-byzantine.test.ts[2m > [22m[2mREQ-RMS-017 — Byzantine under-server attributed to R via the SHIPPED canary pipeline[2m > [22m[2mNEGATIVE control — an all-honest mesh (R also forwards everything) produces NO slash
[22m[39m{"timestamp":"2026-06-22T06:17:50.411Z","level":"INFO","source":"frontend","module":"webrtc/sframe-transform","message":"encrypted frame","context":{"kid":9,"ctr":3,"byteLength":62,"codecOffset":10}}

[90mstdout[2m | apps/validator-daemon/src/canary/__tests__/mesh-byzantine.test.ts[2m > [22m[2mREQ-RMS-017 — Byzantine under-server attributed to R via the SHIPPED canary pipeline[2m > [22m[2mNEGATIVE control — an all-honest mesh (R also forwards everything) produces NO slash
[22m[39m{"timestamp":"2026-06-22T06:17:50.412Z","level":"INFO","source":"frontend","module":"webrtc/sframe-transform","message":"encrypted frame","context":{"kid":9,"ctr":4,"byteLength":62,"codecOffset":10}}

[90mstdout[2m | apps/validator-daemon/src/canary/__tests__/mesh-byzantine.test.ts[2m > [22m[2mREQ-RMS-017 — Byzantine under-server attributed to R via the SHIPPED canary pipeline[2m > [22m[2mNEGATIVE control — an all-honest mesh (R also forwards everything) produces NO slash
[22m[39m{"timestamp":"2026-06-22T06:17:50.412Z","level":"INFO","source":"frontend","module":"webrtc/sframe-transform","message":"encrypted frame","context":{"kid":9,"ctr":5,"byteLength":62,"codecOffset":10}}

[90mstdout[2m | apps/validator-daemon/src/canary/__tests__/mesh-byzantine.test.ts[2m > [22m[2mREQ-RMS-017 — Byzantine under-server attributed to R via the SHIPPED canary pipeline[2m > [22m[2mNEGATIVE control — an all-honest mesh (R also forwards everything) produces NO slash
[22m[39m{"timestamp":"2026-06-22T06:17:50.412Z","level":"INFO","source":"frontend","module":"webrtc/sframe-transform","message":"encrypted frame","context":{"kid":9,"ctr":6,"byteLength":62,"codecOffset":10}}

[90mstdout[2m | apps/validator-daemon/src/canary/__tests__/mesh-byzantine.test.ts[2m > [22m[2mREQ-RMS-017 — Byzantine under-server attributed to R via the SHIPPED canary pipeline[2m > [22m[2mNEGATIVE control — an all-honest mesh (R also forwards everything) produces NO slash
[22m[39m{"timestamp":"2026-06-22T06:17:50.413Z","level":"INFO","source":"frontend","module":"webrtc/sframe-transform","message":"encrypted frame","context":{"kid":9,"ctr":7,"byteLength":62,"codecOffset":10}}

{"level":30,"time":1782109070413,"pid":5904,"hostname":"Quang","name":"canary/verifier","canaryKid":9,"mediaPackets":8,"byteIdentical":8,"divergences":0,"msg":"canary forwarding verified"}
{"level":30,"time":1782109070413,"pid":5904,"hostname":"Quang","name":"canary/loss-classifier","relayMinerId":"relay-honest-R2","promoted":0,"absorbed":0,"tampers":0,"cumulativeCrossed":false,"msg":"canary divergences classified (drop gate / tamper p=1)"}
{"level":30,"time":1782109070413,"pid":5904,"hostname":"Quang","name":"canary/verify-loop","round":6,"relayMinerId":"relay-honest-R2","roomId":"mesh-room","perReceiver":2,"promoted":0,"absorbed":0,"stunLossBps":"0","msg":"canary verify round classified (hermetic half — synthetic capture, STUN read live)"}
 [32m✓[39m apps/validator-daemon/src/canary/__tests__/mesh-byzantine.test.ts [2m([22m[2m3 tests[22m[2m)[22m[33m 720[2mms[22m[39m
   [33m[2m✓[22m[39m REQ-RMS-017 — Byzantine under-server attributed to R via the SHIPPED canary pipeline[2m > [22mR (overclaim->under-serve) is slashed pinned to its miner_id; honest R2 is never slashed [33m 417[2mms[22m[39m

[2m Test Files [22m [1m[32m1 passed[39m[22m[90m (1)[39m
[2m      Tests [22m [1m[32m3 passed[39m[22m[90m (3)[39m
[2m   Start at [22m 13:17:48
[2m   Duration [22m 2.43s[2m (transform 233ms, setup 0ms, collect 1.22s, tests 720ms, environment 0ms, prepare 152ms)[22m

