
[1m[46m RUN [49m[22m [36mv3.2.4 [39m[90mC:/Thesis/dvconf/dvconf-daemons[39m

[90mstdout[2m | apps/validator-daemon/src/canary/__tests__/verify-loop.test.ts[2m > [22m[2mREQ-CFA-042 — state.relayStunLossBps is READ as the classifier stunPacketLossBps arg[2m > [22m[2ma HIGH STUN prior ABSORBS a drop that a ZERO STUN prior PROMOTES (same accumulator history)
[22m[39m{"timestamp":"2026-06-20T06:10:09.170Z","level":"INFO","source":"frontend","module":"webrtc/sframe-transform","message":"encrypted frame","context":{"kid":9,"ctr":0,"byteLength":62,"codecOffset":10}}

[90mstdout[2m | apps/validator-daemon/src/canary/__tests__/verify-loop.test.ts[2m > [22m[2mREQ-CFA-042 — state.relayStunLossBps is READ as the classifier stunPacketLossBps arg[2m > [22m[2ma HIGH STUN prior ABSORBS a drop that a ZERO STUN prior PROMOTES (same accumulator history)
[22m[39m{"timestamp":"2026-06-20T06:10:09.172Z","level":"INFO","source":"frontend","module":"webrtc/sframe-transform","message":"encrypted frame","context":{"kid":9,"ctr":1,"byteLength":62,"codecOffset":10}}

[90mstdout[2m | apps/validator-daemon/src/canary/__tests__/verify-loop.test.ts[2m > [22m[2mREQ-CFA-042 — state.relayStunLossBps is READ as the classifier stunPacketLossBps arg[2m > [22m[2ma HIGH STUN prior ABSORBS a drop that a ZERO STUN prior PROMOTES (same accumulator history)
[22m[39m{"timestamp":"2026-06-20T06:10:09.173Z","level":"INFO","source":"frontend","module":"webrtc/sframe-transform","message":"encrypted frame","context":{"kid":9,"ctr":2,"byteLength":62,"codecOffset":10}}

[90mstdout[2m | apps/validator-daemon/src/canary/__tests__/verify-loop.test.ts[2m > [22m[2mREQ-CFA-042 — state.relayStunLossBps is READ as the classifier stunPacketLossBps arg[2m > [22m[2ma HIGH STUN prior ABSORBS a drop that a ZERO STUN prior PROMOTES (same accumulator history)
[22m[39m{"timestamp":"2026-06-20T06:10:09.173Z","level":"INFO","source":"frontend","module":"webrtc/sframe-transform","message":"encrypted frame","context":{"kid":9,"ctr":3,"byteLength":62,"codecOffset":10}}

[90mstdout[2m | apps/validator-daemon/src/canary/__tests__/verify-loop.test.ts[2m > [22m[2mREQ-CFA-042 — state.relayStunLossBps is READ as the classifier stunPacketLossBps arg[2m > [22m[2ma HIGH STUN prior ABSORBS a drop that a ZERO STUN prior PROMOTES (same accumulator history)
[22m[39m{"timestamp":"2026-06-20T06:10:09.174Z","level":"INFO","source":"frontend","module":"webrtc/sframe-transform","message":"encrypted frame","context":{"kid":9,"ctr":4,"byteLength":62,"codecOffset":10}}

[90mstdout[2m | apps/validator-daemon/src/canary/__tests__/verify-loop.test.ts[2m > [22m[2mREQ-CFA-042 — state.relayStunLossBps is READ as the classifier stunPacketLossBps arg[2m > [22m[2ma HIGH STUN prior ABSORBS a drop that a ZERO STUN prior PROMOTES (same accumulator history)
[22m[39m{"timestamp":"2026-06-20T06:10:09.175Z","level":"INFO","source":"frontend","module":"webrtc/sframe-transform","message":"encrypted frame","context":{"kid":9,"ctr":6,"byteLength":62,"codecOffset":10}}

[90mstdout[2m | apps/validator-daemon/src/canary/__tests__/verify-loop.test.ts[2m > [22m[2mREQ-CFA-042 — state.relayStunLossBps is READ as the classifier stunPacketLossBps arg[2m > [22m[2ma HIGH STUN prior ABSORBS a drop that a ZERO STUN prior PROMOTES (same accumulator history)
[22m[39m{"timestamp":"2026-06-20T06:10:09.175Z","level":"INFO","source":"frontend","module":"webrtc/sframe-transform","message":"encrypted frame","context":{"kid":9,"ctr":7,"byteLength":62,"codecOffset":10}}

[90mstdout[2m | apps/validator-daemon/src/canary/__tests__/verify-loop.test.ts[2m > [22m[2mREQ-CFA-042 — state.relayStunLossBps is READ as the classifier stunPacketLossBps arg[2m > [22m[2ma HIGH STUN prior ABSORBS a drop that a ZERO STUN prior PROMOTES (same accumulator history)
[22m[39m{"timestamp":"2026-06-20T06:10:09.176Z","level":"INFO","source":"frontend","module":"webrtc/sframe-transform","message":"encrypted frame","context":{"kid":9,"ctr":0,"byteLength":62,"codecOffset":10}}

[90mstdout[2m | apps/validator-daemon/src/canary/__tests__/verify-loop.test.ts[2m > [22m[2mREQ-CFA-042 — state.relayStunLossBps is READ as the classifier stunPacketLossBps arg[2m > [22m[2ma HIGH STUN prior ABSORBS a drop that a ZERO STUN prior PROMOTES (same accumulator history)
[22m[39m{"timestamp":"2026-06-20T06:10:09.177Z","level":"INFO","source":"frontend","module":"webrtc/sframe-transform","message":"encrypted frame","context":{"kid":9,"ctr":1,"byteLength":62,"codecOffset":10}}

[90mstdout[2m | apps/validator-daemon/src/canary/__tests__/verify-loop.test.ts[2m > [22m[2mREQ-CFA-042 — state.relayStunLossBps is READ as the classifier stunPacketLossBps arg[2m > [22m[2ma HIGH STUN prior ABSORBS a drop that a ZERO STUN prior PROMOTES (same accumulator history)
[22m[39m{"timestamp":"2026-06-20T06:10:09.178Z","level":"INFO","source":"frontend","module":"webrtc/sframe-transform","message":"encrypted frame","context":{"kid":9,"ctr":2,"byteLength":62,"codecOffset":10}}

[90mstdout[2m | apps/validator-daemon/src/canary/__tests__/verify-loop.test.ts[2m > [22m[2mREQ-CFA-042 — state.relayStunLossBps is READ as the classifier stunPacketLossBps arg[2m > [22m[2ma HIGH STUN prior ABSORBS a drop that a ZERO STUN prior PROMOTES (same accumulator history)
[22m[39m{"timestamp":"2026-06-20T06:10:09.178Z","level":"INFO","source":"frontend","module":"webrtc/sframe-transform","message":"encrypted frame","context":{"kid":9,"ctr":3,"byteLength":62,"codecOffset":10}}

[90mstdout[2m | apps/validator-daemon/src/canary/__tests__/verify-loop.test.ts[2m > [22m[2mREQ-CFA-042 — state.relayStunLossBps is READ as the classifier stunPacketLossBps arg[2m > [22m[2ma HIGH STUN prior ABSORBS a drop that a ZERO STUN prior PROMOTES (same accumulator history)
[22m[39m{"timestamp":"2026-06-20T06:10:09.179Z","level":"INFO","source":"frontend","module":"webrtc/sframe-transform","message":"encrypted frame","context":{"kid":9,"ctr":4,"byteLength":62,"codecOffset":10}}

[90mstdout[2m | apps/validator-daemon/src/canary/__tests__/verify-loop.test.ts[2m > [22m[2mREQ-CFA-042 — state.relayStunLossBps is READ as the classifier stunPacketLossBps arg[2m > [22m[2ma HIGH STUN prior ABSORBS a drop that a ZERO STUN prior PROMOTES (same accumulator history)
[22m[39m{"timestamp":"2026-06-20T06:10:09.179Z","level":"INFO","source":"frontend","module":"webrtc/sframe-transform","message":"encrypted frame","context":{"kid":9,"ctr":5,"byteLength":62,"codecOffset":10}}

[90mstdout[2m | apps/validator-daemon/src/canary/__tests__/verify-loop.test.ts[2m > [22m[2mREQ-CFA-042 — state.relayStunLossBps is READ as the classifier stunPacketLossBps arg[2m > [22m[2ma HIGH STUN prior ABSORBS a drop that a ZERO STUN prior PROMOTES (same accumulator history)
[22m[39m{"timestamp":"2026-06-20T06:10:09.180Z","level":"INFO","source":"frontend","module":"webrtc/sframe-transform","message":"encrypted frame","context":{"kid":9,"ctr":6,"byteLength":62,"codecOffset":10}}

[90mstdout[2m | apps/validator-daemon/src/canary/__tests__/verify-loop.test.ts[2m > [22m[2mREQ-CFA-042 — state.relayStunLossBps is READ as the classifier stunPacketLossBps arg[2m > [22m[2ma HIGH STUN prior ABSORBS a drop that a ZERO STUN prior PROMOTES (same accumulator history)
[22m[39m{"timestamp":"2026-06-20T06:10:09.180Z","level":"INFO","source":"frontend","module":"webrtc/sframe-transform","message":"encrypted frame","context":{"kid":9,"ctr":7,"byteLength":62,"codecOffset":10}}

{"level":30,"time":1781935809181,"pid":31940,"hostname":"Quang","name":"canary/verifier","canaryKid":9,"mediaPackets":7,"byteIdentical":7,"divergences":1,"msg":"canary forwarding verified"}
[90mstdout[2m | apps/validator-daemon/src/canary/__tests__/verify-loop.test.ts[2m > [22m[2mREQ-CFA-042 — state.relayStunLossBps is READ as the classifier stunPacketLossBps arg[2m > [22m[2ma HIGH STUN prior ABSORBS a drop that a ZERO STUN prior PROMOTES (same accumulator history)
[22m[39m{"timestamp":"2026-06-20T06:10:09.182Z","level":"INFO","source":"frontend","module":"webrtc/sframe-transform","message":"encrypted frame","context":{"kid":9,"ctr":0,"byteLength":62,"codecOffset":10}}

[90mstdout[2m | apps/validator-daemon/src/canary/__tests__/verify-loop.test.ts[2m > [22m[2mREQ-CFA-042 — state.relayStunLossBps is READ as the classifier stunPacketLossBps arg[2m > [22m[2ma HIGH STUN prior ABSORBS a drop that a ZERO STUN prior PROMOTES (same accumulator history)
[22m[39m{"timestamp":"2026-06-20T06:10:09.182Z","level":"INFO","source":"frontend","module":"webrtc/sframe-transform","message":"encrypted frame","context":{"kid":9,"ctr":1,"byteLength":62,"codecOffset":10}}

[90mstdout[2m | apps/validator-daemon/src/canary/__tests__/verify-loop.test.ts[2m > [22m[2mREQ-CFA-042 — state.relayStunLossBps is READ as the classifier stunPacketLossBps arg[2m > [22m[2ma HIGH STUN prior ABSORBS a drop that a ZERO STUN prior PROMOTES (same accumulator history)
[22m[39m{"timestamp":"2026-06-20T06:10:09.183Z","level":"INFO","source":"frontend","module":"webrtc/sframe-transform","message":"encrypted frame","context":{"kid":9,"ctr":2,"byteLength":62,"codecOffset":10}}

[90mstdout[2m | apps/validator-daemon/src/canary/__tests__/verify-loop.test.ts[2m > [22m[2mREQ-CFA-042 — state.relayStunLossBps is READ as the classifier stunPacketLossBps arg[2m > [22m[2ma HIGH STUN prior ABSORBS a drop that a ZERO STUN prior PROMOTES (same accumulator history)
[22m[39m{"timestamp":"2026-06-20T06:10:09.183Z","level":"INFO","source":"frontend","module":"webrtc/sframe-transform","message":"encrypted frame","context":{"kid":9,"ctr":3,"byteLength":62,"codecOffset":10}}

[90mstdout[2m | apps/validator-daemon/src/canary/__tests__/verify-loop.test.ts[2m > [22m[2mREQ-CFA-042 — state.relayStunLossBps is READ as the classifier stunPacketLossBps arg[2m > [22m[2ma HIGH STUN prior ABSORBS a drop that a ZERO STUN prior PROMOTES (same accumulator history)
[22m[39m{"timestamp":"2026-06-20T06:10:09.183Z","level":"INFO","source":"frontend","module":"webrtc/sframe-transform","message":"encrypted frame","context":{"kid":9,"ctr":4,"byteLength":62,"codecOffset":10}}

[90mstdout[2m | apps/validator-daemon/src/canary/__tests__/verify-loop.test.ts[2m > [22m[2mREQ-CFA-042 — state.relayStunLossBps is READ as the classifier stunPacketLossBps arg[2m > [22m[2ma HIGH STUN prior ABSORBS a drop that a ZERO STUN prior PROMOTES (same accumulator history)
[22m[39m{"timestamp":"2026-06-20T06:10:09.184Z","level":"INFO","source":"frontend","module":"webrtc/sframe-transform","message":"encrypted frame","context":{"kid":9,"ctr":5,"byteLength":62,"codecOffset":10}}

[90mstdout[2m | apps/validator-daemon/src/canary/__tests__/verify-loop.test.ts[2m > [22m[2mREQ-CFA-042 — state.relayStunLossBps is READ as the classifier stunPacketLossBps arg[2m > [22m[2ma HIGH STUN prior ABSORBS a drop that a ZERO STUN prior PROMOTES (same accumulator history)
[22m[39m{"timestamp":"2026-06-20T06:10:09.184Z","level":"INFO","source":"frontend","module":"webrtc/sframe-transform","message":"encrypted frame","context":{"kid":9,"ctr":6,"byteLength":62,"codecOffset":10}}

[90mstdout[2m | apps/validator-daemon/src/canary/__tests__/verify-loop.test.ts[2m > [22m[2mREQ-CFA-042 — state.relayStunLossBps is READ as the classifier stunPacketLossBps arg[2m > [22m[2ma HIGH STUN prior ABSORBS a drop that a ZERO STUN prior PROMOTES (same accumulator history)
[22m[39m{"timestamp":"2026-06-20T06:10:09.185Z","level":"INFO","source":"frontend","module":"webrtc/sframe-transform","message":"encrypted frame","context":{"kid":9,"ctr":7,"byteLength":62,"codecOffset":10}}

{"level":30,"time":1781935809185,"pid":31940,"hostname":"Quang","name":"canary/verifier","canaryKid":9,"mediaPackets":7,"byteIdentical":7,"divergences":1,"msg":"canary forwarding verified"}
{"level":30,"time":1781935809185,"pid":31940,"hostname":"Quang","name":"canary/loss-classifier","relayMinerId":"relay-under-audit","promoted":0,"absorbed":1,"tampers":0,"cumulativeCrossed":false,"msg":"canary divergences classified (drop gate / tamper p=1)"}
{"level":30,"time":1781935809185,"pid":31940,"hostname":"Quang","name":"canary/verify-loop","round":0,"relayMinerId":"relay-under-audit","roomId":"verify-loop-room","perReceiver":2,"promoted":0,"absorbed":1,"stunLossBps":"0","msg":"canary verify round classified (hermetic half — synthetic capture, STUN read live)"}
[90mstdout[2m | apps/validator-daemon/src/canary/__tests__/verify-loop.test.ts[2m > [22m[2mREQ-CFA-042 — state.relayStunLossBps is READ as the classifier stunPacketLossBps arg[2m > [22m[2ma HIGH STUN prior ABSORBS a drop that a ZERO STUN prior PROMOTES (same accumulator history)
[22m[39m{"timestamp":"2026-06-20T06:10:09.186Z","level":"INFO","source":"frontend","module":"webrtc/sframe-transform","message":"encrypted frame","context":{"kid":9,"ctr":0,"byteLength":62,"codecOffset":10}}

[90mstdout[2m | apps/validator-daemon/src/canary/__tests__/verify-loop.test.ts[2m > [22m[2mREQ-CFA-042 — state.relayStunLossBps is READ as the classifier stunPacketLossBps arg[2m > [22m[2ma HIGH STUN prior ABSORBS a drop that a ZERO STUN prior PROMOTES (same accumulator history)
[22m[39m{"timestamp":"2026-06-20T06:10:09.186Z","level":"INFO","source":"frontend","module":"webrtc/sframe-transform","message":"encrypted frame","context":{"kid":9,"ctr":1,"byteLength":62,"codecOffset":10}}

[90mstdout[2m | apps/validator-daemon/src/canary/__tests__/verify-loop.test.ts[2m > [22m[2mREQ-CFA-042 — state.relayStunLossBps is READ as the classifier stunPacketLossBps arg[2m > [22m[2ma HIGH STUN prior ABSORBS a drop that a ZERO STUN prior PROMOTES (same accumulator history)
[22m[39m{"timestamp":"2026-06-20T06:10:09.187Z","level":"INFO","source":"frontend","module":"webrtc/sframe-transform","message":"encrypted frame","context":{"kid":9,"ctr":2,"byteLength":62,"codecOffset":10}}

[90mstdout[2m | apps/validator-daemon/src/canary/__tests__/verify-loop.test.ts[2m > [22m[2mREQ-CFA-042 — state.relayStunLossBps is READ as the classifier stunPacketLossBps arg[2m > [22m[2ma HIGH STUN prior ABSORBS a drop that a ZERO STUN prior PROMOTES (same accumulator history)
[22m[39m{"timestamp":"2026-06-20T06:10:09.187Z","level":"INFO","source":"frontend","module":"webrtc/sframe-transform","message":"encrypted frame","context":{"kid":9,"ctr":3,"byteLength":62,"codecOffset":10}}

[90mstdout[2m | apps/validator-daemon/src/canary/__tests__/verify-loop.test.ts[2m > [22m[2mREQ-CFA-042 — state.relayStunLossBps is READ as the classifier stunPacketLossBps arg[2m > [22m[2ma HIGH STUN prior ABSORBS a drop that a ZERO STUN prior PROMOTES (same accumulator history)
[22m[39m{"timestamp":"2026-06-20T06:10:09.187Z","level":"INFO","source":"frontend","module":"webrtc/sframe-transform","message":"encrypted frame","context":{"kid":9,"ctr":4,"byteLength":62,"codecOffset":10}}

[90mstdout[2m | apps/validator-daemon/src/canary/__tests__/verify-loop.test.ts[2m > [22m[2mREQ-CFA-042 — state.relayStunLossBps is READ as the classifier stunPacketLossBps arg[2m > [22m[2ma HIGH STUN prior ABSORBS a drop that a ZERO STUN prior PROMOTES (same accumulator history)
[22m[39m{"timestamp":"2026-06-20T06:10:09.188Z","level":"INFO","source":"frontend","module":"webrtc/sframe-transform","message":"encrypted frame","context":{"kid":9,"ctr":6,"byteLength":62,"codecOffset":10}}

[90mstdout[2m | apps/validator-daemon/src/canary/__tests__/verify-loop.test.ts[2m > [22m[2mREQ-CFA-042 — state.relayStunLossBps is READ as the classifier stunPacketLossBps arg[2m > [22m[2ma HIGH STUN prior ABSORBS a drop that a ZERO STUN prior PROMOTES (same accumulator history)
[22m[39m{"timestamp":"2026-06-20T06:10:09.188Z","level":"INFO","source":"frontend","module":"webrtc/sframe-transform","message":"encrypted frame","context":{"kid":9,"ctr":7,"byteLength":62,"codecOffset":10}}

[90mstdout[2m | apps/validator-daemon/src/canary/__tests__/verify-loop.test.ts[2m > [22m[2mREQ-CFA-042 — state.relayStunLossBps is READ as the classifier stunPacketLossBps arg[2m > [22m[2ma HIGH STUN prior ABSORBS a drop that a ZERO STUN prior PROMOTES (same accumulator history)
[22m[39m{"timestamp":"2026-06-20T06:10:09.188Z","level":"INFO","source":"frontend","module":"webrtc/sframe-transform","message":"encrypted frame","context":{"kid":9,"ctr":0,"byteLength":62,"codecOffset":10}}

[90mstdout[2m | apps/validator-daemon/src/canary/__tests__/verify-loop.test.ts[2m > [22m[2mREQ-CFA-042 — state.relayStunLossBps is READ as the classifier stunPacketLossBps arg[2m > [22m[2ma HIGH STUN prior ABSORBS a drop that a ZERO STUN prior PROMOTES (same accumulator history)
[22m[39m{"timestamp":"2026-06-20T06:10:09.189Z","level":"INFO","source":"frontend","module":"webrtc/sframe-transform","message":"encrypted frame","context":{"kid":9,"ctr":1,"byteLength":62,"codecOffset":10}}

[90mstdout[2m | apps/validator-daemon/src/canary/__tests__/verify-loop.test.ts[2m > [22m[2mREQ-CFA-042 — state.relayStunLossBps is READ as the classifier stunPacketLossBps arg[2m > [22m[2ma HIGH STUN prior ABSORBS a drop that a ZERO STUN prior PROMOTES (same accumulator history)
[22m[39m{"timestamp":"2026-06-20T06:10:09.189Z","level":"INFO","source":"frontend","module":"webrtc/sframe-transform","message":"encrypted frame","context":{"kid":9,"ctr":2,"byteLength":62,"codecOffset":10}}

[90mstdout[2m | apps/validator-daemon/src/canary/__tests__/verify-loop.test.ts[2m > [22m[2mREQ-CFA-042 — state.relayStunLossBps is READ as the classifier stunPacketLossBps arg[2m > [22m[2ma HIGH STUN prior ABSORBS a drop that a ZERO STUN prior PROMOTES (same accumulator history)
[22m[39m{"timestamp":"2026-06-20T06:10:09.189Z","level":"INFO","source":"frontend","module":"webrtc/sframe-transform","message":"encrypted frame","context":{"kid":9,"ctr":3,"byteLength":62,"codecOffset":10}}

[90mstdout[2m | apps/validator-daemon/src/canary/__tests__/verify-loop.test.ts[2m > [22m[2mREQ-CFA-042 — state.relayStunLossBps is READ as the classifier stunPacketLossBps arg[2m > [22m[2ma HIGH STUN prior ABSORBS a drop that a ZERO STUN prior PROMOTES (same accumulator history)
[22m[39m{"timestamp":"2026-06-20T06:10:09.190Z","level":"INFO","source":"frontend","module":"webrtc/sframe-transform","message":"encrypted frame","context":{"kid":9,"ctr":4,"byteLength":62,"codecOffset":10}}

[90mstdout[2m | apps/validator-daemon/src/canary/__tests__/verify-loop.test.ts[2m > [22m[2mREQ-CFA-042 — state.relayStunLossBps is READ as the classifier stunPacketLossBps arg[2m > [22m[2ma HIGH STUN prior ABSORBS a drop that a ZERO STUN prior PROMOTES (same accumulator history)
[22m[39m{"timestamp":"2026-06-20T06:10:09.190Z","level":"INFO","source":"frontend","module":"webrtc/sframe-transform","message":"encrypted frame","context":{"kid":9,"ctr":5,"byteLength":62,"codecOffset":10}}

[90mstdout[2m | apps/validator-daemon/src/canary/__tests__/verify-loop.test.ts[2m > [22m[2mREQ-CFA-042 — state.relayStunLossBps is READ as the classifier stunPacketLossBps arg[2m > [22m[2ma HIGH STUN prior ABSORBS a drop that a ZERO STUN prior PROMOTES (same accumulator history)
[22m[39m{"timestamp":"2026-06-20T06:10:09.190Z","level":"INFO","source":"frontend","module":"webrtc/sframe-transform","message":"encrypted frame","context":{"kid":9,"ctr":6,"byteLength":62,"codecOffset":10}}

[90mstdout[2m | apps/validator-daemon/src/canary/__tests__/verify-loop.test.ts[2m > [22m[2mREQ-CFA-042 — state.relayStunLossBps is READ as the classifier stunPacketLossBps arg[2m > [22m[2ma HIGH STUN prior ABSORBS a drop that a ZERO STUN prior PROMOTES (same accumulator history)
[22m[39m{"timestamp":"2026-06-20T06:10:09.191Z","level":"INFO","source":"frontend","module":"webrtc/sframe-transform","message":"encrypted frame","context":{"kid":9,"ctr":7,"byteLength":62,"codecOffset":10}}

{"level":30,"time":1781935809191,"pid":31940,"hostname":"Quang","name":"canary/verifier","canaryKid":9,"mediaPackets":7,"byteIdentical":7,"divergences":1,"msg":"canary forwarding verified"}
[90mstdout[2m | apps/validator-daemon/src/canary/__tests__/verify-loop.test.ts[2m > [22m[2mREQ-CFA-042 — state.relayStunLossBps is READ as the classifier stunPacketLossBps arg[2m > [22m[2ma HIGH STUN prior ABSORBS a drop that a ZERO STUN prior PROMOTES (same accumulator history)
[22m[39m{"timestamp":"2026-06-20T06:10:09.192Z","level":"INFO","source":"frontend","module":"webrtc/sframe-transform","message":"encrypted frame","context":{"kid":9,"ctr":0,"byteLength":62,"codecOffset":10}}

[90mstdout[2m | apps/validator-daemon/src/canary/__tests__/verify-loop.test.ts[2m > [22m[2mREQ-CFA-042 — state.relayStunLossBps is READ as the classifier stunPacketLossBps arg[2m > [22m[2ma HIGH STUN prior ABSORBS a drop that a ZERO STUN prior PROMOTES (same accumulator history)
[22m[39m{"timestamp":"2026-06-20T06:10:09.192Z","level":"INFO","source":"frontend","module":"webrtc/sframe-transform","message":"encrypted frame","context":{"kid":9,"ctr":1,"byteLength":62,"codecOffset":10}}

[90mstdout[2m | apps/validator-daemon/src/canary/__tests__/verify-loop.test.ts[2m > [22m[2mREQ-CFA-042 — state.relayStunLossBps is READ as the classifier stunPacketLossBps arg[2m > [22m[2ma HIGH STUN prior ABSORBS a drop that a ZERO STUN prior PROMOTES (same accumulator history)
[22m[39m{"timestamp":"2026-06-20T06:10:09.192Z","level":"INFO","source":"frontend","module":"webrtc/sframe-transform","message":"encrypted frame","context":{"kid":9,"ctr":2,"byteLength":62,"codecOffset":10}}

[90mstdout[2m | apps/validator-daemon/src/canary/__tests__/verify-loop.test.ts[2m > [22m[2mREQ-CFA-042 — state.relayStunLossBps is READ as the classifier stunPacketLossBps arg[2m > [22m[2ma HIGH STUN prior ABSORBS a drop that a ZERO STUN prior PROMOTES (same accumulator history)
[22m[39m{"timestamp":"2026-06-20T06:10:09.193Z","level":"INFO","source":"frontend","module":"webrtc/sframe-transform","message":"encrypted frame","context":{"kid":9,"ctr":3,"byteLength":62,"codecOffset":10}}

[90mstdout[2m | apps/validator-daemon/src/canary/__tests__/verify-loop.test.ts[2m > [22m[2mREQ-CFA-042 — state.relayStunLossBps is READ as the classifier stunPacketLossBps arg[2m > [22m[2ma HIGH STUN prior ABSORBS a drop that a ZERO STUN prior PROMOTES (same accumulator history)
[22m[39m{"timestamp":"2026-06-20T06:10:09.193Z","level":"INFO","source":"frontend","module":"webrtc/sframe-transform","message":"encrypted frame","context":{"kid":9,"ctr":4,"byteLength":62,"codecOffset":10}}

[90mstdout[2m | apps/validator-daemon/src/canary/__tests__/verify-loop.test.ts[2m > [22m[2mREQ-CFA-042 — state.relayStunLossBps is READ as the classifier stunPacketLossBps arg[2m > [22m[2ma HIGH STUN prior ABSORBS a drop that a ZERO STUN prior PROMOTES (same accumulator history)
[22m[39m{"timestamp":"2026-06-20T06:10:09.194Z","level":"INFO","source":"frontend","module":"webrtc/sframe-transform","message":"encrypted frame","context":{"kid":9,"ctr":5,"byteLength":62,"codecOffset":10}}

[90mstdout[2m | apps/validator-daemon/src/canary/__tests__/verify-loop.test.ts[2m > [22m[2mREQ-CFA-042 — state.relayStunLossBps is READ as the classifier stunPacketLossBps arg[2m > [22m[2ma HIGH STUN prior ABSORBS a drop that a ZERO STUN prior PROMOTES (same accumulator history)
[22m[39m{"timestamp":"2026-06-20T06:10:09.194Z","level":"INFO","source":"frontend","module":"webrtc/sframe-transform","message":"encrypted frame","context":{"kid":9,"ctr":6,"byteLength":62,"codecOffset":10}}

[90mstdout[2m | apps/validator-daemon/src/canary/__tests__/verify-loop.test.ts[2m > [22m[2mREQ-CFA-042 — state.relayStunLossBps is READ as the classifier stunPacketLossBps arg[2m > [22m[2ma HIGH STUN prior ABSORBS a drop that a ZERO STUN prior PROMOTES (same accumulator history)
[22m[39m{"timestamp":"2026-06-20T06:10:09.194Z","level":"INFO","source":"frontend","module":"webrtc/sframe-transform","message":"encrypted frame","context":{"kid":9,"ctr":7,"byteLength":62,"codecOffset":10}}

{"level":30,"time":1781935809194,"pid":31940,"hostname":"Quang","name":"canary/verifier","canaryKid":9,"mediaPackets":7,"byteIdentical":7,"divergences":1,"msg":"canary forwarding verified"}
{"level":30,"time":1781935809194,"pid":31940,"hostname":"Quang","name":"canary/loss-classifier","relayMinerId":"relay-under-audit","promoted":0,"absorbed":1,"tampers":0,"cumulativeCrossed":false,"msg":"canary divergences classified (drop gate / tamper p=1)"}
{"level":30,"time":1781935809194,"pid":31940,"hostname":"Quang","name":"canary/verify-loop","round":0,"relayMinerId":"relay-under-audit","roomId":"verify-loop-room","perReceiver":2,"promoted":0,"absorbed":1,"stunLossBps":"5000","msg":"canary verify round classified (hermetic half — synthetic capture, STUN read live)"}
[90mstdout[2m | apps/validator-daemon/src/canary/__tests__/verify-loop.test.ts[2m > [22m[2mREQ-CFA-042 — state.relayStunLossBps is READ as the classifier stunPacketLossBps arg[2m > [22m[2ma HIGH STUN prior ABSORBS a drop that a ZERO STUN prior PROMOTES (same accumulator history)
[22m[39m{"timestamp":"2026-06-20T06:10:09.195Z","level":"INFO","source":"frontend","module":"webrtc/sframe-transform","message":"encrypted frame","context":{"kid":9,"ctr":0,"byteLength":62,"codecOffset":10}}

[90mstdout[2m | apps/validator-daemon/src/canary/__tests__/verify-loop.test.ts[2m > [22m[2mREQ-CFA-042 — state.relayStunLossBps is READ as the classifier stunPacketLossBps arg[2m > [22m[2ma HIGH STUN prior ABSORBS a drop that a ZERO STUN prior PROMOTES (same accumulator history)
[22m[39m{"timestamp":"2026-06-20T06:10:09.195Z","level":"INFO","source":"frontend","module":"webrtc/sframe-transform","message":"encrypted frame","context":{"kid":9,"ctr":1,"byteLength":62,"codecOffset":10}}

[90mstdout[2m | apps/validator-daemon/src/canary/__tests__/verify-loop.test.ts[2m > [22m[2mREQ-CFA-042 — state.relayStunLossBps is READ as the classifier stunPacketLossBps arg[2m > [22m[2ma HIGH STUN prior ABSORBS a drop that a ZERO STUN prior PROMOTES (same accumulator history)
[22m[39m{"timestamp":"2026-06-20T06:10:09.196Z","level":"INFO","source":"frontend","module":"webrtc/sframe-transform","message":"encrypted frame","context":{"kid":9,"ctr":2,"byteLength":62,"codecOffset":10}}

[90mstdout[2m | apps/validator-daemon/src/canary/__tests__/verify-loop.test.ts[2m > [22m[2mREQ-CFA-042 — state.relayStunLossBps is READ as the classifier stunPacketLossBps arg[2m > [22m[2ma HIGH STUN prior ABSORBS a drop that a ZERO STUN prior PROMOTES (same accumulator history)
[22m[39m{"timestamp":"2026-06-20T06:10:09.196Z","level":"INFO","source":"frontend","module":"webrtc/sframe-transform","message":"encrypted frame","context":{"kid":9,"ctr":3,"byteLength":62,"codecOffset":10}}

[90mstdout[2m | apps/validator-daemon/src/canary/__tests__/verify-loop.test.ts[2m > [22m[2mREQ-CFA-042 — state.relayStunLossBps is READ as the classifier stunPacketLossBps arg[2m > [22m[2ma HIGH STUN prior ABSORBS a drop that a ZERO STUN prior PROMOTES (same accumulator history)
[22m[39m{"timestamp":"2026-06-20T06:10:09.196Z","level":"INFO","source":"frontend","module":"webrtc/sframe-transform","message":"encrypted frame","context":{"kid":9,"ctr":4,"byteLength":62,"codecOffset":10}}

[90mstdout[2m | apps/validator-daemon/src/canary/__tests__/verify-loop.test.ts[2m > [22m[2mREQ-CFA-042 — state.relayStunLossBps is READ as the classifier stunPacketLossBps arg[2m > [22m[2ma HIGH STUN prior ABSORBS a drop that a ZERO STUN prior PROMOTES (same accumulator history)
[22m[39m{"timestamp":"2026-06-20T06:10:09.197Z","level":"INFO","source":"frontend","module":"webrtc/sframe-transform","message":"encrypted frame","context":{"kid":9,"ctr":6,"byteLength":62,"codecOffset":10}}

[90mstdout[2m | apps/validator-daemon/src/canary/__tests__/verify-loop.test.ts[2m > [22m[2mREQ-CFA-042 — state.relayStunLossBps is READ as the classifier stunPacketLossBps arg[2m > [22m[2ma HIGH STUN prior ABSORBS a drop that a ZERO STUN prior PROMOTES (same accumulator history)
[22m[39m{"timestamp":"2026-06-20T06:10:09.197Z","level":"INFO","source":"frontend","module":"webrtc/sframe-transform","message":"encrypted frame","context":{"kid":9,"ctr":7,"byteLength":62,"codecOffset":10}}

[90mstdout[2m | apps/validator-daemon/src/canary/__tests__/verify-loop.test.ts[2m > [22m[2mREQ-CFA-042 — state.relayStunLossBps is READ as the classifier stunPacketLossBps arg[2m > [22m[2ma HIGH STUN prior ABSORBS a drop that a ZERO STUN prior PROMOTES (same accumulator history)
[22m[39m{"timestamp":"2026-06-20T06:10:09.197Z","level":"INFO","source":"frontend","module":"webrtc/sframe-transform","message":"encrypted frame","context":{"kid":9,"ctr":0,"byteLength":62,"codecOffset":10}}

[90mstdout[2m | apps/validator-daemon/src/canary/__tests__/verify-loop.test.ts[2m > [22m[2mREQ-CFA-042 — state.relayStunLossBps is READ as the classifier stunPacketLossBps arg[2m > [22m[2ma HIGH STUN prior ABSORBS a drop that a ZERO STUN prior PROMOTES (same accumulator history)
[22m[39m{"timestamp":"2026-06-20T06:10:09.198Z","level":"INFO","source":"frontend","module":"webrtc/sframe-transform","message":"encrypted frame","context":{"kid":9,"ctr":1,"byteLength":62,"codecOffset":10}}

[90mstdout[2m | apps/validator-daemon/src/canary/__tests__/verify-loop.test.ts[2m > [22m[2mREQ-CFA-042 — state.relayStunLossBps is READ as the classifier stunPacketLossBps arg[2m > [22m[2ma HIGH STUN prior ABSORBS a drop that a ZERO STUN prior PROMOTES (same accumulator history)
[22m[39m{"timestamp":"2026-06-20T06:10:09.198Z","level":"INFO","source":"frontend","module":"webrtc/sframe-transform","message":"encrypted frame","context":{"kid":9,"ctr":2,"byteLength":62,"codecOffset":10}}

[90mstdout[2m | apps/validator-daemon/src/canary/__tests__/verify-loop.test.ts[2m > [22m[2mREQ-CFA-042 — state.relayStunLossBps is READ as the classifier stunPacketLossBps arg[2m > [22m[2ma HIGH STUN prior ABSORBS a drop that a ZERO STUN prior PROMOTES (same accumulator history)
[22m[39m{"timestamp":"2026-06-20T06:10:09.198Z","level":"INFO","source":"frontend","module":"webrtc/sframe-transform","message":"encrypted frame","context":{"kid":9,"ctr":3,"byteLength":62,"codecOffset":10}}

[90mstdout[2m | apps/validator-daemon/src/canary/__tests__/verify-loop.test.ts[2m > [22m[2mREQ-CFA-042 — state.relayStunLossBps is READ as the classifier stunPacketLossBps arg[2m > [22m[2ma HIGH STUN prior ABSORBS a drop that a ZERO STUN prior PROMOTES (same accumulator history)
[22m[39m{"timestamp":"2026-06-20T06:10:09.199Z","level":"INFO","source":"frontend","module":"webrtc/sframe-transform","message":"encrypted frame","context":{"kid":9,"ctr":4,"byteLength":62,"codecOffset":10}}

[90mstdout[2m | apps/validator-daemon/src/canary/__tests__/verify-loop.test.ts[2m > [22m[2mREQ-CFA-042 — state.relayStunLossBps is READ as the classifier stunPacketLossBps arg[2m > [22m[2ma HIGH STUN prior ABSORBS a drop that a ZERO STUN prior PROMOTES (same accumulator history)
[22m[39m{"timestamp":"2026-06-20T06:10:09.199Z","level":"INFO","source":"frontend","module":"webrtc/sframe-transform","message":"encrypted frame","context":{"kid":9,"ctr":5,"byteLength":62,"codecOffset":10}}

[90mstdout[2m | apps/validator-daemon/src/canary/__tests__/verify-loop.test.ts[2m > [22m[2mREQ-CFA-042 — state.relayStunLossBps is READ as the classifier stunPacketLossBps arg[2m > [22m[2ma HIGH STUN prior ABSORBS a drop that a ZERO STUN prior PROMOTES (same accumulator history)
[22m[39m{"timestamp":"2026-06-20T06:10:09.199Z","level":"INFO","source":"frontend","module":"webrtc/sframe-transform","message":"encrypted frame","context":{"kid":9,"ctr":6,"byteLength":62,"codecOffset":10}}

[90mstdout[2m | apps/validator-daemon/src/canary/__tests__/verify-loop.test.ts[2m > [22m[2mREQ-CFA-042 — state.relayStunLossBps is READ as the classifier stunPacketLossBps arg[2m > [22m[2ma HIGH STUN prior ABSORBS a drop that a ZERO STUN prior PROMOTES (same accumulator history)
[22m[39m{"timestamp":"2026-06-20T06:10:09.200Z","level":"INFO","source":"frontend","module":"webrtc/sframe-transform","message":"encrypted frame","context":{"kid":9,"ctr":7,"byteLength":62,"codecOffset":10}}

{"level":30,"time":1781935809200,"pid":31940,"hostname":"Quang","name":"canary/verifier","canaryKid":9,"mediaPackets":7,"byteIdentical":7,"divergences":1,"msg":"canary forwarding verified"}
[90mstdout[2m | apps/validator-daemon/src/canary/__tests__/verify-loop.test.ts[2m > [22m[2mREQ-CFA-042 — state.relayStunLossBps is READ as the classifier stunPacketLossBps arg[2m > [22m[2ma HIGH STUN prior ABSORBS a drop that a ZERO STUN prior PROMOTES (same accumulator history)
[22m[39m{"timestamp":"2026-06-20T06:10:09.200Z","level":"INFO","source":"frontend","module":"webrtc/sframe-transform","message":"encrypted frame","context":{"kid":9,"ctr":0,"byteLength":62,"codecOffset":10}}

[90mstdout[2m | apps/validator-daemon/src/canary/__tests__/verify-loop.test.ts[2m > [22m[2mREQ-CFA-042 — state.relayStunLossBps is READ as the classifier stunPacketLossBps arg[2m > [22m[2ma HIGH STUN prior ABSORBS a drop that a ZERO STUN prior PROMOTES (same accumulator history)
[22m[39m{"timestamp":"2026-06-20T06:10:09.200Z","level":"INFO","source":"frontend","module":"webrtc/sframe-transform","message":"encrypted frame","context":{"kid":9,"ctr":1,"byteLength":62,"codecOffset":10}}

[90mstdout[2m | apps/validator-daemon/src/canary/__tests__/verify-loop.test.ts[2m > [22m[2mREQ-CFA-042 — state.relayStunLossBps is READ as the classifier stunPacketLossBps arg[2m > [22m[2ma HIGH STUN prior ABSORBS a drop that a ZERO STUN prior PROMOTES (same accumulator history)
[22m[39m{"timestamp":"2026-06-20T06:10:09.201Z","level":"INFO","source":"frontend","module":"webrtc/sframe-transform","message":"encrypted frame","context":{"kid":9,"ctr":2,"byteLength":62,"codecOffset":10}}

[90mstdout[2m | apps/validator-daemon/src/canary/__tests__/verify-loop.test.ts[2m > [22m[2mREQ-CFA-042 — state.relayStunLossBps is READ as the classifier stunPacketLossBps arg[2m > [22m[2ma HIGH STUN prior ABSORBS a drop that a ZERO STUN prior PROMOTES (same accumulator history)
[22m[39m{"timestamp":"2026-06-20T06:10:09.201Z","level":"INFO","source":"frontend","module":"webrtc/sframe-transform","message":"encrypted frame","context":{"kid":9,"ctr":3,"byteLength":62,"codecOffset":10}}

[90mstdout[2m | apps/validator-daemon/src/canary/__tests__/verify-loop.test.ts[2m > [22m[2mREQ-CFA-042 — state.relayStunLossBps is READ as the classifier stunPacketLossBps arg[2m > [22m[2ma HIGH STUN prior ABSORBS a drop that a ZERO STUN prior PROMOTES (same accumulator history)
[22m[39m{"timestamp":"2026-06-20T06:10:09.201Z","level":"INFO","source":"frontend","module":"webrtc/sframe-transform","message":"encrypted frame","context":{"kid":9,"ctr":4,"byteLength":62,"codecOffset":10}}

[90mstdout[2m | apps/validator-daemon/src/canary/__tests__/verify-loop.test.ts[2m > [22m[2mREQ-CFA-042 — state.relayStunLossBps is READ as the classifier stunPacketLossBps arg[2m > [22m[2ma HIGH STUN prior ABSORBS a drop that a ZERO STUN prior PROMOTES (same accumulator history)
[22m[39m{"timestamp":"2026-06-20T06:10:09.202Z","level":"INFO","source":"frontend","module":"webrtc/sframe-transform","message":"encrypted frame","context":{"kid":9,"ctr":5,"byteLength":62,"codecOffset":10}}

[90mstdout[2m | apps/validator-daemon/src/canary/__tests__/verify-loop.test.ts[2m > [22m[2mREQ-CFA-042 — state.relayStunLossBps is READ as the classifier stunPacketLossBps arg[2m > [22m[2ma HIGH STUN prior ABSORBS a drop that a ZERO STUN prior PROMOTES (same accumulator history)
[22m[39m{"timestamp":"2026-06-20T06:10:09.202Z","level":"INFO","source":"frontend","module":"webrtc/sframe-transform","message":"encrypted frame","context":{"kid":9,"ctr":6,"byteLength":62,"codecOffset":10}}

[90mstdout[2m | apps/validator-daemon/src/canary/__tests__/verify-loop.test.ts[2m > [22m[2mREQ-CFA-042 — state.relayStunLossBps is READ as the classifier stunPacketLossBps arg[2m > [22m[2ma HIGH STUN prior ABSORBS a drop that a ZERO STUN prior PROMOTES (same accumulator history)
[22m[39m{"timestamp":"2026-06-20T06:10:09.202Z","level":"INFO","source":"frontend","module":"webrtc/sframe-transform","message":"encrypted frame","context":{"kid":9,"ctr":7,"byteLength":62,"codecOffset":10}}

{"level":30,"time":1781935809202,"pid":31940,"hostname":"Quang","name":"canary/verifier","canaryKid":9,"mediaPackets":7,"byteIdentical":7,"divergences":1,"msg":"canary forwarding verified"}
{"level":30,"time":1781935809202,"pid":31940,"hostname":"Quang","name":"canary/loss-classifier","relayMinerId":"relay-under-audit","promoted":0,"absorbed":1,"tampers":0,"cumulativeCrossed":false,"msg":"canary divergences classified (drop gate / tamper p=1)"}
{"level":30,"time":1781935809202,"pid":31940,"hostname":"Quang","name":"canary/verify-loop","round":1,"relayMinerId":"relay-under-audit","roomId":"verify-loop-room","perReceiver":2,"promoted":0,"absorbed":1,"stunLossBps":"0","msg":"canary verify round classified (hermetic half — synthetic capture, STUN read live)"}
[90mstdout[2m | apps/validator-daemon/src/canary/__tests__/verify-loop.test.ts[2m > [22m[2mREQ-CFA-042 — state.relayStunLossBps is READ as the classifier stunPacketLossBps arg[2m > [22m[2ma HIGH STUN prior ABSORBS a drop that a ZERO STUN prior PROMOTES (same accumulator history)
[22m[39m{"timestamp":"2026-06-20T06:10:09.203Z","level":"INFO","source":"frontend","module":"webrtc/sframe-transform","message":"encrypted frame","context":{"kid":9,"ctr":0,"byteLength":62,"codecOffset":10}}

[90mstdout[2m | apps/validator-daemon/src/canary/__tests__/verify-loop.test.ts[2m > [22m[2mREQ-CFA-042 — state.relayStunLossBps is READ as the classifier stunPacketLossBps arg[2m > [22m[2ma HIGH STUN prior ABSORBS a drop that a ZERO STUN prior PROMOTES (same accumulator history)
[22m[39m{"timestamp":"2026-06-20T06:10:09.204Z","level":"INFO","source":"frontend","module":"webrtc/sframe-transform","message":"encrypted frame","context":{"kid":9,"ctr":1,"byteLength":62,"codecOffset":10}}

[90mstdout[2m | apps/validator-daemon/src/canary/__tests__/verify-loop.test.ts[2m > [22m[2mREQ-CFA-042 — state.relayStunLossBps is READ as the classifier stunPacketLossBps arg[2m > [22m[2ma HIGH STUN prior ABSORBS a drop that a ZERO STUN prior PROMOTES (same accumulator history)
[22m[39m{"timestamp":"2026-06-20T06:10:09.204Z","level":"INFO","source":"frontend","module":"webrtc/sframe-transform","message":"encrypted frame","context":{"kid":9,"ctr":2,"byteLength":62,"codecOffset":10}}

[90mstdout[2m | apps/validator-daemon/src/canary/__tests__/verify-loop.test.ts[2m > [22m[2mREQ-CFA-042 — state.relayStunLossBps is READ as the classifier stunPacketLossBps arg[2m > [22m[2ma HIGH STUN prior ABSORBS a drop that a ZERO STUN prior PROMOTES (same accumulator history)
[22m[39m{"timestamp":"2026-06-20T06:10:09.204Z","level":"INFO","source":"frontend","module":"webrtc/sframe-transform","message":"encrypted frame","context":{"kid":9,"ctr":3,"byteLength":62,"codecOffset":10}}

[90mstdout[2m | apps/validator-daemon/src/canary/__tests__/verify-loop.test.ts[2m > [22m[2mREQ-CFA-042 — state.relayStunLossBps is READ as the classifier stunPacketLossBps arg[2m > [22m[2ma HIGH STUN prior ABSORBS a drop that a ZERO STUN prior PROMOTES (same accumulator history)
[22m[39m{"timestamp":"2026-06-20T06:10:09.205Z","level":"INFO","source":"frontend","module":"webrtc/sframe-transform","message":"encrypted frame","context":{"kid":9,"ctr":4,"byteLength":62,"codecOffset":10}}

[90mstdout[2m | apps/validator-daemon/src/canary/__tests__/verify-loop.test.ts[2m > [22m[2mREQ-CFA-042 — state.relayStunLossBps is READ as the classifier stunPacketLossBps arg[2m > [22m[2ma HIGH STUN prior ABSORBS a drop that a ZERO STUN prior PROMOTES (same accumulator history)
[22m[39m{"timestamp":"2026-06-20T06:10:09.206Z","level":"INFO","source":"frontend","module":"webrtc/sframe-transform","message":"encrypted frame","context":{"kid":9,"ctr":6,"byteLength":62,"codecOffset":10}}

[90mstdout[2m | apps/validator-daemon/src/canary/__tests__/verify-loop.test.ts[2m > [22m[2mREQ-CFA-042 — state.relayStunLossBps is READ as the classifier stunPacketLossBps arg[2m > [22m[2ma HIGH STUN prior ABSORBS a drop that a ZERO STUN prior PROMOTES (same accumulator history)
[22m[39m{"timestamp":"2026-06-20T06:10:09.206Z","level":"INFO","source":"frontend","module":"webrtc/sframe-transform","message":"encrypted frame","context":{"kid":9,"ctr":7,"byteLength":62,"codecOffset":10}}

[90mstdout[2m | apps/validator-daemon/src/canary/__tests__/verify-loop.test.ts[2m > [22m[2mREQ-CFA-042 — state.relayStunLossBps is READ as the classifier stunPacketLossBps arg[2m > [22m[2ma HIGH STUN prior ABSORBS a drop that a ZERO STUN prior PROMOTES (same accumulator history)
[22m[39m{"timestamp":"2026-06-20T06:10:09.206Z","level":"INFO","source":"frontend","module":"webrtc/sframe-transform","message":"encrypted frame","context":{"kid":9,"ctr":0,"byteLength":62,"codecOffset":10}}

[90mstdout[2m | apps/validator-daemon/src/canary/__tests__/verify-loop.test.ts[2m > [22m[2mREQ-CFA-042 — state.relayStunLossBps is READ as the classifier stunPacketLossBps arg[2m > [22m[2ma HIGH STUN prior ABSORBS a drop that a ZERO STUN prior PROMOTES (same accumulator history)
[22m[39m{"timestamp":"2026-06-20T06:10:09.207Z","level":"INFO","source":"frontend","module":"webrtc/sframe-transform","message":"encrypted frame","context":{"kid":9,"ctr":1,"byteLength":62,"codecOffset":10}}

[90mstdout[2m | apps/validator-daemon/src/canary/__tests__/verify-loop.test.ts[2m > [22m[2mREQ-CFA-042 — state.relayStunLossBps is READ as the classifier stunPacketLossBps arg[2m > [22m[2ma HIGH STUN prior ABSORBS a drop that a ZERO STUN prior PROMOTES (same accumulator history)
[22m[39m{"timestamp":"2026-06-20T06:10:09.207Z","level":"INFO","source":"frontend","module":"webrtc/sframe-transform","message":"encrypted frame","context":{"kid":9,"ctr":2,"byteLength":62,"codecOffset":10}}

[90mstdout[2m | apps/validator-daemon/src/canary/__tests__/verify-loop.test.ts[2m > [22m[2mREQ-CFA-042 — state.relayStunLossBps is READ as the classifier stunPacketLossBps arg[2m > [22m[2ma HIGH STUN prior ABSORBS a drop that a ZERO STUN prior PROMOTES (same accumulator history)
[22m[39m{"timestamp":"2026-06-20T06:10:09.208Z","level":"INFO","source":"frontend","module":"webrtc/sframe-transform","message":"encrypted frame","context":{"kid":9,"ctr":3,"byteLength":62,"codecOffset":10}}

[90mstdout[2m | apps/validator-daemon/src/canary/__tests__/verify-loop.test.ts[2m > [22m[2mREQ-CFA-042 — state.relayStunLossBps is READ as the classifier stunPacketLossBps arg[2m > [22m[2ma HIGH STUN prior ABSORBS a drop that a ZERO STUN prior PROMOTES (same accumulator history)
[22m[39m{"timestamp":"2026-06-20T06:10:09.208Z","level":"INFO","source":"frontend","module":"webrtc/sframe-transform","message":"encrypted frame","context":{"kid":9,"ctr":4,"byteLength":62,"codecOffset":10}}

[90mstdout[2m | apps/validator-daemon/src/canary/__tests__/verify-loop.test.ts[2m > [22m[2mREQ-CFA-042 — state.relayStunLossBps is READ as the classifier stunPacketLossBps arg[2m > [22m[2ma HIGH STUN prior ABSORBS a drop that a ZERO STUN prior PROMOTES (same accumulator history)
[22m[39m{"timestamp":"2026-06-20T06:10:09.209Z","level":"INFO","source":"frontend","module":"webrtc/sframe-transform","message":"encrypted frame","context":{"kid":9,"ctr":5,"byteLength":62,"codecOffset":10}}

[90mstdout[2m | apps/validator-daemon/src/canary/__tests__/verify-loop.test.ts[2m > [22m[2mREQ-CFA-042 — state.relayStunLossBps is READ as the classifier stunPacketLossBps arg[2m > [22m[2ma HIGH STUN prior ABSORBS a drop that a ZERO STUN prior PROMOTES (same accumulator history)
[22m[39m{"timestamp":"2026-06-20T06:10:09.209Z","level":"INFO","source":"frontend","module":"webrtc/sframe-transform","message":"encrypted frame","context":{"kid":9,"ctr":6,"byteLength":62,"codecOffset":10}}

[90mstdout[2m | apps/validator-daemon/src/canary/__tests__/verify-loop.test.ts[2m > [22m[2mREQ-CFA-042 — state.relayStunLossBps is READ as the classifier stunPacketLossBps arg[2m > [22m[2ma HIGH STUN prior ABSORBS a drop that a ZERO STUN prior PROMOTES (same accumulator history)
[22m[39m{"timestamp":"2026-06-20T06:10:09.210Z","level":"INFO","source":"frontend","module":"webrtc/sframe-transform","message":"encrypted frame","context":{"kid":9,"ctr":7,"byteLength":62,"codecOffset":10}}

{"level":30,"time":1781935809210,"pid":31940,"hostname":"Quang","name":"canary/verifier","canaryKid":9,"mediaPackets":7,"byteIdentical":7,"divergences":1,"msg":"canary forwarding verified"}
[90mstdout[2m | apps/validator-daemon/src/canary/__tests__/verify-loop.test.ts[2m > [22m[2mREQ-CFA-042 — state.relayStunLossBps is READ as the classifier stunPacketLossBps arg[2m > [22m[2ma HIGH STUN prior ABSORBS a drop that a ZERO STUN prior PROMOTES (same accumulator history)
[22m[39m{"timestamp":"2026-06-20T06:10:09.210Z","level":"INFO","source":"frontend","module":"webrtc/sframe-transform","message":"encrypted frame","context":{"kid":9,"ctr":0,"byteLength":62,"codecOffset":10}}

[90mstdout[2m | apps/validator-daemon/src/canary/__tests__/verify-loop.test.ts[2m > [22m[2mREQ-CFA-042 — state.relayStunLossBps is READ as the classifier stunPacketLossBps arg[2m > [22m[2ma HIGH STUN prior ABSORBS a drop that a ZERO STUN prior PROMOTES (same accumulator history)
[22m[39m{"timestamp":"2026-06-20T06:10:09.211Z","level":"INFO","source":"frontend","module":"webrtc/sframe-transform","message":"encrypted frame","context":{"kid":9,"ctr":1,"byteLength":62,"codecOffset":10}}

[90mstdout[2m | apps/validator-daemon/src/canary/__tests__/verify-loop.test.ts[2m > [22m[2mREQ-CFA-042 — state.relayStunLossBps is READ as the classifier stunPacketLossBps arg[2m > [22m[2ma HIGH STUN prior ABSORBS a drop that a ZERO STUN prior PROMOTES (same accumulator history)
[22m[39m{"timestamp":"2026-06-20T06:10:09.211Z","level":"INFO","source":"frontend","module":"webrtc/sframe-transform","message":"encrypted frame","context":{"kid":9,"ctr":2,"byteLength":62,"codecOffset":10}}

[90mstdout[2m | apps/validator-daemon/src/canary/__tests__/verify-loop.test.ts[2m > [22m[2mREQ-CFA-042 — state.relayStunLossBps is READ as the classifier stunPacketLossBps arg[2m > [22m[2ma HIGH STUN prior ABSORBS a drop that a ZERO STUN prior PROMOTES (same accumulator history)
[22m[39m{"timestamp":"2026-06-20T06:10:09.211Z","level":"INFO","source":"frontend","module":"webrtc/sframe-transform","message":"encrypted frame","context":{"kid":9,"ctr":3,"byteLength":62,"codecOffset":10}}

[90mstdout[2m | apps/validator-daemon/src/canary/__tests__/verify-loop.test.ts[2m > [22m[2mREQ-CFA-042 — state.relayStunLossBps is READ as the classifier stunPacketLossBps arg[2m > [22m[2ma HIGH STUN prior ABSORBS a drop that a ZERO STUN prior PROMOTES (same accumulator history)
[22m[39m{"timestamp":"2026-06-20T06:10:09.212Z","level":"INFO","source":"frontend","module":"webrtc/sframe-transform","message":"encrypted frame","context":{"kid":9,"ctr":4,"byteLength":62,"codecOffset":10}}

[90mstdout[2m | apps/validator-daemon/src/canary/__tests__/verify-loop.test.ts[2m > [22m[2mREQ-CFA-042 — state.relayStunLossBps is READ as the classifier stunPacketLossBps arg[2m > [22m[2ma HIGH STUN prior ABSORBS a drop that a ZERO STUN prior PROMOTES (same accumulator history)
[22m[39m{"timestamp":"2026-06-20T06:10:09.212Z","level":"INFO","source":"frontend","module":"webrtc/sframe-transform","message":"encrypted frame","context":{"kid":9,"ctr":5,"byteLength":62,"codecOffset":10}}

[90mstdout[2m | apps/validator-daemon/src/canary/__tests__/verify-loop.test.ts[2m > [22m[2mREQ-CFA-042 — state.relayStunLossBps is READ as the classifier stunPacketLossBps arg[2m > [22m[2ma HIGH STUN prior ABSORBS a drop that a ZERO STUN prior PROMOTES (same accumulator history)
[22m[39m{"timestamp":"2026-06-20T06:10:09.213Z","level":"INFO","source":"frontend","module":"webrtc/sframe-transform","message":"encrypted frame","context":{"kid":9,"ctr":6,"byteLength":62,"codecOffset":10}}

[90mstdout[2m | apps/validator-daemon/src/canary/__tests__/verify-loop.test.ts[2m > [22m[2mREQ-CFA-042 — state.relayStunLossBps is READ as the classifier stunPacketLossBps arg[2m > [22m[2ma HIGH STUN prior ABSORBS a drop that a ZERO STUN prior PROMOTES (same accumulator history)
[22m[39m{"timestamp":"2026-06-20T06:10:09.213Z","level":"INFO","source":"frontend","module":"webrtc/sframe-transform","message":"encrypted frame","context":{"kid":9,"ctr":7,"byteLength":62,"codecOffset":10}}

{"level":30,"time":1781935809213,"pid":31940,"hostname":"Quang","name":"canary/verifier","canaryKid":9,"mediaPackets":7,"byteIdentical":7,"divergences":1,"msg":"canary forwarding verified"}
{"level":30,"time":1781935809213,"pid":31940,"hostname":"Quang","name":"canary/loss-classifier","relayMinerId":"relay-under-audit","promoted":0,"absorbed":1,"tampers":0,"cumulativeCrossed":false,"msg":"canary divergences classified (drop gate / tamper p=1)"}
{"level":30,"time":1781935809213,"pid":31940,"hostname":"Quang","name":"canary/verify-loop","round":1,"relayMinerId":"relay-under-audit","roomId":"verify-loop-room","perReceiver":2,"promoted":0,"absorbed":1,"stunLossBps":"5000","msg":"canary verify round classified (hermetic half — synthetic capture, STUN read live)"}
[90mstdout[2m | apps/validator-daemon/src/canary/__tests__/verify-loop.test.ts[2m > [22m[2mREQ-CFA-042 — state.relayStunLossBps is READ as the classifier stunPacketLossBps arg[2m > [22m[2ma HIGH STUN prior ABSORBS a drop that a ZERO STUN prior PROMOTES (same accumulator history)
[22m[39m{"timestamp":"2026-06-20T06:10:09.214Z","level":"INFO","source":"frontend","module":"webrtc/sframe-transform","message":"encrypted frame","context":{"kid":9,"ctr":0,"byteLength":62,"codecOffset":10}}

[90mstdout[2m | apps/validator-daemon/src/canary/__tests__/verify-loop.test.ts[2m > [22m[2mREQ-CFA-042 — state.relayStunLossBps is READ as the classifier stunPacketLossBps arg[2m > [22m[2ma HIGH STUN prior ABSORBS a drop that a ZERO STUN prior PROMOTES (same accumulator history)
[22m[39m{"timestamp":"2026-06-20T06:10:09.214Z","level":"INFO","source":"frontend","module":"webrtc/sframe-transform","message":"encrypted frame","context":{"kid":9,"ctr":1,"byteLength":62,"codecOffset":10}}

[90mstdout[2m | apps/validator-daemon/src/canary/__tests__/verify-loop.test.ts[2m > [22m[2mREQ-CFA-042 — state.relayStunLossBps is READ as the classifier stunPacketLossBps arg[2m > [22m[2ma HIGH STUN prior ABSORBS a drop that a ZERO STUN prior PROMOTES (same accumulator history)
[22m[39m{"timestamp":"2026-06-20T06:10:09.215Z","level":"INFO","source":"frontend","module":"webrtc/sframe-transform","message":"encrypted frame","context":{"kid":9,"ctr":2,"byteLength":62,"codecOffset":10}}

[90mstdout[2m | apps/validator-daemon/src/canary/__tests__/verify-loop.test.ts[2m > [22m[2mREQ-CFA-042 — state.relayStunLossBps is READ as the classifier stunPacketLossBps arg[2m > [22m[2ma HIGH STUN prior ABSORBS a drop that a ZERO STUN prior PROMOTES (same accumulator history)
[22m[39m{"timestamp":"2026-06-20T06:10:09.215Z","level":"INFO","source":"frontend","module":"webrtc/sframe-transform","message":"encrypted frame","context":{"kid":9,"ctr":3,"byteLength":62,"codecOffset":10}}

[90mstdout[2m | apps/validator-daemon/src/canary/__tests__/verify-loop.test.ts[2m > [22m[2mREQ-CFA-042 — state.relayStunLossBps is READ as the classifier stunPacketLossBps arg[2m > [22m[2ma HIGH STUN prior ABSORBS a drop that a ZERO STUN prior PROMOTES (same accumulator history)
[22m[39m{"timestamp":"2026-06-20T06:10:09.215Z","level":"INFO","source":"frontend","module":"webrtc/sframe-transform","message":"encrypted frame","context":{"kid":9,"ctr":4,"byteLength":62,"codecOffset":10}}

[90mstdout[2m | apps/validator-daemon/src/canary/__tests__/verify-loop.test.ts[2m > [22m[2mREQ-CFA-042 — state.relayStunLossBps is READ as the classifier stunPacketLossBps arg[2m > [22m[2ma HIGH STUN prior ABSORBS a drop that a ZERO STUN prior PROMOTES (same accumulator history)
[22m[39m{"timestamp":"2026-06-20T06:10:09.216Z","level":"INFO","source":"frontend","module":"webrtc/sframe-transform","message":"encrypted frame","context":{"kid":9,"ctr":6,"byteLength":62,"codecOffset":10}}

[90mstdout[2m | apps/validator-daemon/src/canary/__tests__/verify-loop.test.ts[2m > [22m[2mREQ-CFA-042 — state.relayStunLossBps is READ as the classifier stunPacketLossBps arg[2m > [22m[2ma HIGH STUN prior ABSORBS a drop that a ZERO STUN prior PROMOTES (same accumulator history)
[22m[39m{"timestamp":"2026-06-20T06:10:09.216Z","level":"INFO","source":"frontend","module":"webrtc/sframe-transform","message":"encrypted frame","context":{"kid":9,"ctr":7,"byteLength":62,"codecOffset":10}}

[90mstdout[2m | apps/validator-daemon/src/canary/__tests__/verify-loop.test.ts[2m > [22m[2mREQ-CFA-042 — state.relayStunLossBps is READ as the classifier stunPacketLossBps arg[2m > [22m[2ma HIGH STUN prior ABSORBS a drop that a ZERO STUN prior PROMOTES (same accumulator history)
[22m[39m{"timestamp":"2026-06-20T06:10:09.216Z","level":"INFO","source":"frontend","module":"webrtc/sframe-transform","message":"encrypted frame","context":{"kid":9,"ctr":0,"byteLength":62,"codecOffset":10}}

[90mstdout[2m | apps/validator-daemon/src/canary/__tests__/verify-loop.test.ts[2m > [22m[2mREQ-CFA-042 — state.relayStunLossBps is READ as the classifier stunPacketLossBps arg[2m > [22m[2ma HIGH STUN prior ABSORBS a drop that a ZERO STUN prior PROMOTES (same accumulator history)
[22m[39m{"timestamp":"2026-06-20T06:10:09.217Z","level":"INFO","source":"frontend","module":"webrtc/sframe-transform","message":"encrypted frame","context":{"kid":9,"ctr":1,"byteLength":62,"codecOffset":10}}

[90mstdout[2m | apps/validator-daemon/src/canary/__tests__/verify-loop.test.ts[2m > [22m[2mREQ-CFA-042 — state.relayStunLossBps is READ as the classifier stunPacketLossBps arg[2m > [22m[2ma HIGH STUN prior ABSORBS a drop that a ZERO STUN prior PROMOTES (same accumulator history)
[22m[39m{"timestamp":"2026-06-20T06:10:09.217Z","level":"INFO","source":"frontend","module":"webrtc/sframe-transform","message":"encrypted frame","context":{"kid":9,"ctr":2,"byteLength":62,"codecOffset":10}}

[90mstdout[2m | apps/validator-daemon/src/canary/__tests__/verify-loop.test.ts[2m > [22m[2mREQ-CFA-042 — state.relayStunLossBps is READ as the classifier stunPacketLossBps arg[2m > [22m[2ma HIGH STUN prior ABSORBS a drop that a ZERO STUN prior PROMOTES (same accumulator history)
[22m[39m{"timestamp":"2026-06-20T06:10:09.217Z","level":"INFO","source":"frontend","module":"webrtc/sframe-transform","message":"encrypted frame","context":{"kid":9,"ctr":3,"byteLength":62,"codecOffset":10}}

[90mstdout[2m | apps/validator-daemon/src/canary/__tests__/verify-loop.test.ts[2m > [22m[2mREQ-CFA-042 — state.relayStunLossBps is READ as the classifier stunPacketLossBps arg[2m > [22m[2ma HIGH STUN prior ABSORBS a drop that a ZERO STUN prior PROMOTES (same accumulator history)
[22m[39m{"timestamp":"2026-06-20T06:10:09.218Z","level":"INFO","source":"frontend","module":"webrtc/sframe-transform","message":"encrypted frame","context":{"kid":9,"ctr":4,"byteLength":62,"codecOffset":10}}

[90mstdout[2m | apps/validator-daemon/src/canary/__tests__/verify-loop.test.ts[2m > [22m[2mREQ-CFA-042 — state.relayStunLossBps is READ as the classifier stunPacketLossBps arg[2m > [22m[2ma HIGH STUN prior ABSORBS a drop that a ZERO STUN prior PROMOTES (same accumulator history)
[22m[39m{"timestamp":"2026-06-20T06:10:09.218Z","level":"INFO","source":"frontend","module":"webrtc/sframe-transform","message":"encrypted frame","context":{"kid":9,"ctr":5,"byteLength":62,"codecOffset":10}}

[90mstdout[2m | apps/validator-daemon/src/canary/__tests__/verify-loop.test.ts[2m > [22m[2mREQ-CFA-042 — state.relayStunLossBps is READ as the classifier stunPacketLossBps arg[2m > [22m[2ma HIGH STUN prior ABSORBS a drop that a ZERO STUN prior PROMOTES (same accumulator history)
[22m[39m{"timestamp":"2026-06-20T06:10:09.219Z","level":"INFO","source":"frontend","module":"webrtc/sframe-transform","message":"encrypted frame","context":{"kid":9,"ctr":6,"byteLength":62,"codecOffset":10}}

[90mstdout[2m | apps/validator-daemon/src/canary/__tests__/verify-loop.test.ts[2m > [22m[2mREQ-CFA-042 — state.relayStunLossBps is READ as the classifier stunPacketLossBps arg[2m > [22m[2ma HIGH STUN prior ABSORBS a drop that a ZERO STUN prior PROMOTES (same accumulator history)
[22m[39m{"timestamp":"2026-06-20T06:10:09.219Z","level":"INFO","source":"frontend","module":"webrtc/sframe-transform","message":"encrypted frame","context":{"kid":9,"ctr":7,"byteLength":62,"codecOffset":10}}

{"level":30,"time":1781935809219,"pid":31940,"hostname":"Quang","name":"canary/verifier","canaryKid":9,"mediaPackets":7,"byteIdentical":7,"divergences":1,"msg":"canary forwarding verified"}
[90mstdout[2m | apps/validator-daemon/src/canary/__tests__/verify-loop.test.ts[2m > [22m[2mREQ-CFA-042 — state.relayStunLossBps is READ as the classifier stunPacketLossBps arg[2m > [22m[2ma HIGH STUN prior ABSORBS a drop that a ZERO STUN prior PROMOTES (same accumulator history)
[22m[39m{"timestamp":"2026-06-20T06:10:09.219Z","level":"INFO","source":"frontend","module":"webrtc/sframe-transform","message":"encrypted frame","context":{"kid":9,"ctr":0,"byteLength":62,"codecOffset":10}}

[90mstdout[2m | apps/validator-daemon/src/canary/__tests__/verify-loop.test.ts[2m > [22m[2mREQ-CFA-042 — state.relayStunLossBps is READ as the classifier stunPacketLossBps arg[2m > [22m[2ma HIGH STUN prior ABSORBS a drop that a ZERO STUN prior PROMOTES (same accumulator history)
[22m[39m{"timestamp":"2026-06-20T06:10:09.220Z","level":"INFO","source":"frontend","module":"webrtc/sframe-transform","message":"encrypted frame","context":{"kid":9,"ctr":1,"byteLength":62,"codecOffset":10}}

[90mstdout[2m | apps/validator-daemon/src/canary/__tests__/verify-loop.test.ts[2m > [22m[2mREQ-CFA-042 — state.relayStunLossBps is READ as the classifier stunPacketLossBps arg[2m > [22m[2ma HIGH STUN prior ABSORBS a drop that a ZERO STUN prior PROMOTES (same accumulator history)
[22m[39m{"timestamp":"2026-06-20T06:10:09.220Z","level":"INFO","source":"frontend","module":"webrtc/sframe-transform","message":"encrypted frame","context":{"kid":9,"ctr":2,"byteLength":62,"codecOffset":10}}

[90mstdout[2m | apps/validator-daemon/src/canary/__tests__/verify-loop.test.ts[2m > [22m[2mREQ-CFA-042 — state.relayStunLossBps is READ as the classifier stunPacketLossBps arg[2m > [22m[2ma HIGH STUN prior ABSORBS a drop that a ZERO STUN prior PROMOTES (same accumulator history)
[22m[39m{"timestamp":"2026-06-20T06:10:09.221Z","level":"INFO","source":"frontend","module":"webrtc/sframe-transform","message":"encrypted frame","context":{"kid":9,"ctr":3,"byteLength":62,"codecOffset":10}}

[90mstdout[2m | apps/validator-daemon/src/canary/__tests__/verify-loop.test.ts[2m > [22m[2mREQ-CFA-042 — state.relayStunLossBps is READ as the classifier stunPacketLossBps arg[2m > [22m[2ma HIGH STUN prior ABSORBS a drop that a ZERO STUN prior PROMOTES (same accumulator history)
[22m[39m{"timestamp":"2026-06-20T06:10:09.221Z","level":"INFO","source":"frontend","module":"webrtc/sframe-transform","message":"encrypted frame","context":{"kid":9,"ctr":4,"byteLength":62,"codecOffset":10}}

[90mstdout[2m | apps/validator-daemon/src/canary/__tests__/verify-loop.test.ts[2m > [22m[2mREQ-CFA-042 — state.relayStunLossBps is READ as the classifier stunPacketLossBps arg[2m > [22m[2ma HIGH STUN prior ABSORBS a drop that a ZERO STUN prior PROMOTES (same accumulator history)
[22m[39m{"timestamp":"2026-06-20T06:10:09.221Z","level":"INFO","source":"frontend","module":"webrtc/sframe-transform","message":"encrypted frame","context":{"kid":9,"ctr":5,"byteLength":62,"codecOffset":10}}

[90mstdout[2m | apps/validator-daemon/src/canary/__tests__/verify-loop.test.ts[2m > [22m[2mREQ-CFA-042 — state.relayStunLossBps is READ as the classifier stunPacketLossBps arg[2m > [22m[2ma HIGH STUN prior ABSORBS a drop that a ZERO STUN prior PROMOTES (same accumulator history)
[22m[39m{"timestamp":"2026-06-20T06:10:09.222Z","level":"INFO","source":"frontend","module":"webrtc/sframe-transform","message":"encrypted frame","context":{"kid":9,"ctr":6,"byteLength":62,"codecOffset":10}}

[90mstdout[2m | apps/validator-daemon/src/canary/__tests__/verify-loop.test.ts[2m > [22m[2mREQ-CFA-042 — state.relayStunLossBps is READ as the classifier stunPacketLossBps arg[2m > [22m[2ma HIGH STUN prior ABSORBS a drop that a ZERO STUN prior PROMOTES (same accumulator history)
[22m[39m{"timestamp":"2026-06-20T06:10:09.222Z","level":"INFO","source":"frontend","module":"webrtc/sframe-transform","message":"encrypted frame","context":{"kid":9,"ctr":7,"byteLength":62,"codecOffset":10}}

{"level":30,"time":1781935809222,"pid":31940,"hostname":"Quang","name":"canary/verifier","canaryKid":9,"mediaPackets":7,"byteIdentical":7,"divergences":1,"msg":"canary forwarding verified"}
{"level":30,"time":1781935809222,"pid":31940,"hostname":"Quang","name":"canary/loss-classifier","relayMinerId":"relay-under-audit","promoted":0,"absorbed":1,"tampers":0,"cumulativeCrossed":false,"msg":"canary divergences classified (drop gate / tamper p=1)"}
{"level":30,"time":1781935809222,"pid":31940,"hostname":"Quang","name":"canary/verify-loop","round":2,"relayMinerId":"relay-under-audit","roomId":"verify-loop-room","perReceiver":2,"promoted":0,"absorbed":1,"stunLossBps":"0","msg":"canary verify round classified (hermetic half — synthetic capture, STUN read live)"}
[90mstdout[2m | apps/validator-daemon/src/canary/__tests__/verify-loop.test.ts[2m > [22m[2mREQ-CFA-042 — state.relayStunLossBps is READ as the classifier stunPacketLossBps arg[2m > [22m[2ma HIGH STUN prior ABSORBS a drop that a ZERO STUN prior PROMOTES (same accumulator history)
[22m[39m{"timestamp":"2026-06-20T06:10:09.223Z","level":"INFO","source":"frontend","module":"webrtc/sframe-transform","message":"encrypted frame","context":{"kid":9,"ctr":0,"byteLength":62,"codecOffset":10}}

[90mstdout[2m | apps/validator-daemon/src/canary/__tests__/verify-loop.test.ts[2m > [22m[2mREQ-CFA-042 — state.relayStunLossBps is READ as the classifier stunPacketLossBps arg[2m > [22m[2ma HIGH STUN prior ABSORBS a drop that a ZERO STUN prior PROMOTES (same accumulator history)
[22m[39m{"timestamp":"2026-06-20T06:10:09.223Z","level":"INFO","source":"frontend","module":"webrtc/sframe-transform","message":"encrypted frame","context":{"kid":9,"ctr":1,"byteLength":62,"codecOffset":10}}

[90mstdout[2m | apps/validator-daemon/src/canary/__tests__/verify-loop.test.ts[2m > [22m[2mREQ-CFA-042 — state.relayStunLossBps is READ as the classifier stunPacketLossBps arg[2m > [22m[2ma HIGH STUN prior ABSORBS a drop that a ZERO STUN prior PROMOTES (same accumulator history)
[22m[39m{"timestamp":"2026-06-20T06:10:09.224Z","level":"INFO","source":"frontend","module":"webrtc/sframe-transform","message":"encrypted frame","context":{"kid":9,"ctr":2,"byteLength":62,"codecOffset":10}}

[90mstdout[2m | apps/validator-daemon/src/canary/__tests__/verify-loop.test.ts[2m > [22m[2mREQ-CFA-042 — state.relayStunLossBps is READ as the classifier stunPacketLossBps arg[2m > [22m[2ma HIGH STUN prior ABSORBS a drop that a ZERO STUN prior PROMOTES (same accumulator history)
[22m[39m{"timestamp":"2026-06-20T06:10:09.224Z","level":"INFO","source":"frontend","module":"webrtc/sframe-transform","message":"encrypted frame","context":{"kid":9,"ctr":3,"byteLength":62,"codecOffset":10}}

[90mstdout[2m | apps/validator-daemon/src/canary/__tests__/verify-loop.test.ts[2m > [22m[2mREQ-CFA-042 — state.relayStunLossBps is READ as the classifier stunPacketLossBps arg[2m > [22m[2ma HIGH STUN prior ABSORBS a drop that a ZERO STUN prior PROMOTES (same accumulator history)
[22m[39m{"timestamp":"2026-06-20T06:10:09.225Z","level":"INFO","source":"frontend","module":"webrtc/sframe-transform","message":"encrypted frame","context":{"kid":9,"ctr":4,"byteLength":62,"codecOffset":10}}

[90mstdout[2m | apps/validator-daemon/src/canary/__tests__/verify-loop.test.ts[2m > [22m[2mREQ-CFA-042 — state.relayStunLossBps is READ as the classifier stunPacketLossBps arg[2m > [22m[2ma HIGH STUN prior ABSORBS a drop that a ZERO STUN prior PROMOTES (same accumulator history)
[22m[39m{"timestamp":"2026-06-20T06:10:09.225Z","level":"INFO","source":"frontend","module":"webrtc/sframe-transform","message":"encrypted frame","context":{"kid":9,"ctr":6,"byteLength":62,"codecOffset":10}}

[90mstdout[2m | apps/validator-daemon/src/canary/__tests__/verify-loop.test.ts[2m > [22m[2mREQ-CFA-042 — state.relayStunLossBps is READ as the classifier stunPacketLossBps arg[2m > [22m[2ma HIGH STUN prior ABSORBS a drop that a ZERO STUN prior PROMOTES (same accumulator history)
[22m[39m{"timestamp":"2026-06-20T06:10:09.225Z","level":"INFO","source":"frontend","module":"webrtc/sframe-transform","message":"encrypted frame","context":{"kid":9,"ctr":7,"byteLength":62,"codecOffset":10}}

[90mstdout[2m | apps/validator-daemon/src/canary/__tests__/verify-loop.test.ts[2m > [22m[2mREQ-CFA-042 — state.relayStunLossBps is READ as the classifier stunPacketLossBps arg[2m > [22m[2ma HIGH STUN prior ABSORBS a drop that a ZERO STUN prior PROMOTES (same accumulator history)
[22m[39m{"timestamp":"2026-06-20T06:10:09.225Z","level":"INFO","source":"frontend","module":"webrtc/sframe-transform","message":"encrypted frame","context":{"kid":9,"ctr":0,"byteLength":62,"codecOffset":10}}

[90mstdout[2m | apps/validator-daemon/src/canary/__tests__/verify-loop.test.ts[2m > [22m[2mREQ-CFA-042 — state.relayStunLossBps is READ as the classifier stunPacketLossBps arg[2m > [22m[2ma HIGH STUN prior ABSORBS a drop that a ZERO STUN prior PROMOTES (same accumulator history)
[22m[39m{"timestamp":"2026-06-20T06:10:09.226Z","level":"INFO","source":"frontend","module":"webrtc/sframe-transform","message":"encrypted frame","context":{"kid":9,"ctr":1,"byteLength":62,"codecOffset":10}}

[90mstdout[2m | apps/validator-daemon/src/canary/__tests__/verify-loop.test.ts[2m > [22m[2mREQ-CFA-042 — state.relayStunLossBps is READ as the classifier stunPacketLossBps arg[2m > [22m[2ma HIGH STUN prior ABSORBS a drop that a ZERO STUN prior PROMOTES (same accumulator history)
[22m[39m{"timestamp":"2026-06-20T06:10:09.226Z","level":"INFO","source":"frontend","module":"webrtc/sframe-transform","message":"encrypted frame","context":{"kid":9,"ctr":2,"byteLength":62,"codecOffset":10}}

[90mstdout[2m | apps/validator-daemon/src/canary/__tests__/verify-loop.test.ts[2m > [22m[2mREQ-CFA-042 — state.relayStunLossBps is READ as the classifier stunPacketLossBps arg[2m > [22m[2ma HIGH STUN prior ABSORBS a drop that a ZERO STUN prior PROMOTES (same accumulator history)
[22m[39m{"timestamp":"2026-06-20T06:10:09.227Z","level":"INFO","source":"frontend","module":"webrtc/sframe-transform","message":"encrypted frame","context":{"kid":9,"ctr":3,"byteLength":62,"codecOffset":10}}

[90mstdout[2m | apps/validator-daemon/src/canary/__tests__/verify-loop.test.ts[2m > [22m[2mREQ-CFA-042 — state.relayStunLossBps is READ as the classifier stunPacketLossBps arg[2m > [22m[2ma HIGH STUN prior ABSORBS a drop that a ZERO STUN prior PROMOTES (same accumulator history)
[22m[39m{"timestamp":"2026-06-20T06:10:09.227Z","level":"INFO","source":"frontend","module":"webrtc/sframe-transform","message":"encrypted frame","context":{"kid":9,"ctr":4,"byteLength":62,"codecOffset":10}}

[90mstdout[2m | apps/validator-daemon/src/canary/__tests__/verify-loop.test.ts[2m > [22m[2mREQ-CFA-042 — state.relayStunLossBps is READ as the classifier stunPacketLossBps arg[2m > [22m[2ma HIGH STUN prior ABSORBS a drop that a ZERO STUN prior PROMOTES (same accumulator history)
[22m[39m{"timestamp":"2026-06-20T06:10:09.227Z","level":"INFO","source":"frontend","module":"webrtc/sframe-transform","message":"encrypted frame","context":{"kid":9,"ctr":5,"byteLength":62,"codecOffset":10}}

[90mstdout[2m | apps/validator-daemon/src/canary/__tests__/verify-loop.test.ts[2m > [22m[2mREQ-CFA-042 — state.relayStunLossBps is READ as the classifier stunPacketLossBps arg[2m > [22m[2ma HIGH STUN prior ABSORBS a drop that a ZERO STUN prior PROMOTES (same accumulator history)
[22m[39m{"timestamp":"2026-06-20T06:10:09.228Z","level":"INFO","source":"frontend","module":"webrtc/sframe-transform","message":"encrypted frame","context":{"kid":9,"ctr":6,"byteLength":62,"codecOffset":10}}

[90mstdout[2m | apps/validator-daemon/src/canary/__tests__/verify-loop.test.ts[2m > [22m[2mREQ-CFA-042 — state.relayStunLossBps is READ as the classifier stunPacketLossBps arg[2m > [22m[2ma HIGH STUN prior ABSORBS a drop that a ZERO STUN prior PROMOTES (same accumulator history)
[22m[39m{"timestamp":"2026-06-20T06:10:09.228Z","level":"INFO","source":"frontend","module":"webrtc/sframe-transform","message":"encrypted frame","context":{"kid":9,"ctr":7,"byteLength":62,"codecOffset":10}}

{"level":30,"time":1781935809228,"pid":31940,"hostname":"Quang","name":"canary/verifier","canaryKid":9,"mediaPackets":7,"byteIdentical":7,"divergences":1,"msg":"canary forwarding verified"}
[90mstdout[2m | apps/validator-daemon/src/canary/__tests__/verify-loop.test.ts[2m > [22m[2mREQ-CFA-042 — state.relayStunLossBps is READ as the classifier stunPacketLossBps arg[2m > [22m[2ma HIGH STUN prior ABSORBS a drop that a ZERO STUN prior PROMOTES (same accumulator history)
[22m[39m{"timestamp":"2026-06-20T06:10:09.228Z","level":"INFO","source":"frontend","module":"webrtc/sframe-transform","message":"encrypted frame","context":{"kid":9,"ctr":0,"byteLength":62,"codecOffset":10}}

[90mstdout[2m | apps/validator-daemon/src/canary/__tests__/verify-loop.test.ts[2m > [22m[2mREQ-CFA-042 — state.relayStunLossBps is READ as the classifier stunPacketLossBps arg[2m > [22m[2ma HIGH STUN prior ABSORBS a drop that a ZERO STUN prior PROMOTES (same accumulator history)
[22m[39m{"timestamp":"2026-06-20T06:10:09.229Z","level":"INFO","source":"frontend","module":"webrtc/sframe-transform","message":"encrypted frame","context":{"kid":9,"ctr":1,"byteLength":62,"codecOffset":10}}

[90mstdout[2m | apps/validator-daemon/src/canary/__tests__/verify-loop.test.ts[2m > [22m[2mREQ-CFA-042 — state.relayStunLossBps is READ as the classifier stunPacketLossBps arg[2m > [22m[2ma HIGH STUN prior ABSORBS a drop that a ZERO STUN prior PROMOTES (same accumulator history)
[22m[39m{"timestamp":"2026-06-20T06:10:09.229Z","level":"INFO","source":"frontend","module":"webrtc/sframe-transform","message":"encrypted frame","context":{"kid":9,"ctr":2,"byteLength":62,"codecOffset":10}}

[90mstdout[2m | apps/validator-daemon/src/canary/__tests__/verify-loop.test.ts[2m > [22m[2mREQ-CFA-042 — state.relayStunLossBps is READ as the classifier stunPacketLossBps arg[2m > [22m[2ma HIGH STUN prior ABSORBS a drop that a ZERO STUN prior PROMOTES (same accumulator history)
[22m[39m{"timestamp":"2026-06-20T06:10:09.230Z","level":"INFO","source":"frontend","module":"webrtc/sframe-transform","message":"encrypted frame","context":{"kid":9,"ctr":3,"byteLength":62,"codecOffset":10}}

[90mstdout[2m | apps/validator-daemon/src/canary/__tests__/verify-loop.test.ts[2m > [22m[2mREQ-CFA-042 — state.relayStunLossBps is READ as the classifier stunPacketLossBps arg[2m > [22m[2ma HIGH STUN prior ABSORBS a drop that a ZERO STUN prior PROMOTES (same accumulator history)
[22m[39m{"timestamp":"2026-06-20T06:10:09.230Z","level":"INFO","source":"frontend","module":"webrtc/sframe-transform","message":"encrypted frame","context":{"kid":9,"ctr":4,"byteLength":62,"codecOffset":10}}

[90mstdout[2m | apps/validator-daemon/src/canary/__tests__/verify-loop.test.ts[2m > [22m[2mREQ-CFA-042 — state.relayStunLossBps is READ as the classifier stunPacketLossBps arg[2m > [22m[2ma HIGH STUN prior ABSORBS a drop that a ZERO STUN prior PROMOTES (same accumulator history)
[22m[39m{"timestamp":"2026-06-20T06:10:09.230Z","level":"INFO","source":"frontend","module":"webrtc/sframe-transform","message":"encrypted frame","context":{"kid":9,"ctr":5,"byteLength":62,"codecOffset":10}}

[90mstdout[2m | apps/validator-daemon/src/canary/__tests__/verify-loop.test.ts[2m > [22m[2mREQ-CFA-042 — state.relayStunLossBps is READ as the classifier stunPacketLossBps arg[2m > [22m[2ma HIGH STUN prior ABSORBS a drop that a ZERO STUN prior PROMOTES (same accumulator history)
[22m[39m{"timestamp":"2026-06-20T06:10:09.230Z","level":"INFO","source":"frontend","module":"webrtc/sframe-transform","message":"encrypted frame","context":{"kid":9,"ctr":6,"byteLength":62,"codecOffset":10}}

[90mstdout[2m | apps/validator-daemon/src/canary/__tests__/verify-loop.test.ts[2m > [22m[2mREQ-CFA-042 — state.relayStunLossBps is READ as the classifier stunPacketLossBps arg[2m > [22m[2ma HIGH STUN prior ABSORBS a drop that a ZERO STUN prior PROMOTES (same accumulator history)
[22m[39m{"timestamp":"2026-06-20T06:10:09.231Z","level":"INFO","source":"frontend","module":"webrtc/sframe-transform","message":"encrypted frame","context":{"kid":9,"ctr":7,"byteLength":62,"codecOffset":10}}

{"level":30,"time":1781935809231,"pid":31940,"hostname":"Quang","name":"canary/verifier","canaryKid":9,"mediaPackets":7,"byteIdentical":7,"divergences":1,"msg":"canary forwarding verified"}
{"level":30,"time":1781935809231,"pid":31940,"hostname":"Quang","name":"canary/loss-classifier","relayMinerId":"relay-under-audit","promoted":0,"absorbed":1,"tampers":0,"cumulativeCrossed":false,"msg":"canary divergences classified (drop gate / tamper p=1)"}
{"level":30,"time":1781935809231,"pid":31940,"hostname":"Quang","name":"canary/verify-loop","round":2,"relayMinerId":"relay-under-audit","roomId":"verify-loop-room","perReceiver":2,"promoted":0,"absorbed":1,"stunLossBps":"5000","msg":"canary verify round classified (hermetic half — synthetic capture, STUN read live)"}
[90mstdout[2m | apps/validator-daemon/src/canary/__tests__/verify-loop.test.ts[2m > [22m[2mREQ-CFA-042 — state.relayStunLossBps is READ as the classifier stunPacketLossBps arg[2m > [22m[2ma HIGH STUN prior ABSORBS a drop that a ZERO STUN prior PROMOTES (same accumulator history)
[22m[39m{"timestamp":"2026-06-20T06:10:09.231Z","level":"INFO","source":"frontend","module":"webrtc/sframe-transform","message":"encrypted frame","context":{"kid":9,"ctr":0,"byteLength":62,"codecOffset":10}}

[90mstdout[2m | apps/validator-daemon/src/canary/__tests__/verify-loop.test.ts[2m > [22m[2mREQ-CFA-042 — state.relayStunLossBps is READ as the classifier stunPacketLossBps arg[2m > [22m[2ma HIGH STUN prior ABSORBS a drop that a ZERO STUN prior PROMOTES (same accumulator history)
[22m[39m{"timestamp":"2026-06-20T06:10:09.232Z","level":"INFO","source":"frontend","module":"webrtc/sframe-transform","message":"encrypted frame","context":{"kid":9,"ctr":1,"byteLength":62,"codecOffset":10}}

[90mstdout[2m | apps/validator-daemon/src/canary/__tests__/verify-loop.test.ts[2m > [22m[2mREQ-CFA-042 — state.relayStunLossBps is READ as the classifier stunPacketLossBps arg[2m > [22m[2ma HIGH STUN prior ABSORBS a drop that a ZERO STUN prior PROMOTES (same accumulator history)
[22m[39m{"timestamp":"2026-06-20T06:10:09.232Z","level":"INFO","source":"frontend","module":"webrtc/sframe-transform","message":"encrypted frame","context":{"kid":9,"ctr":2,"byteLength":62,"codecOffset":10}}

[90mstdout[2m | apps/validator-daemon/src/canary/__tests__/verify-loop.test.ts[2m > [22m[2mREQ-CFA-042 — state.relayStunLossBps is READ as the classifier stunPacketLossBps arg[2m > [22m[2ma HIGH STUN prior ABSORBS a drop that a ZERO STUN prior PROMOTES (same accumulator history)
[22m[39m{"timestamp":"2026-06-20T06:10:09.233Z","level":"INFO","source":"frontend","module":"webrtc/sframe-transform","message":"encrypted frame","context":{"kid":9,"ctr":3,"byteLength":62,"codecOffset":10}}

[90mstdout[2m | apps/validator-daemon/src/canary/__tests__/verify-loop.test.ts[2m > [22m[2mREQ-CFA-042 — state.relayStunLossBps is READ as the classifier stunPacketLossBps arg[2m > [22m[2ma HIGH STUN prior ABSORBS a drop that a ZERO STUN prior PROMOTES (same accumulator history)
[22m[39m{"timestamp":"2026-06-20T06:10:09.233Z","level":"INFO","source":"frontend","module":"webrtc/sframe-transform","message":"encrypted frame","context":{"kid":9,"ctr":4,"byteLength":62,"codecOffset":10}}

[90mstdout[2m | apps/validator-daemon/src/canary/__tests__/verify-loop.test.ts[2m > [22m[2mREQ-CFA-042 — state.relayStunLossBps is READ as the classifier stunPacketLossBps arg[2m > [22m[2ma HIGH STUN prior ABSORBS a drop that a ZERO STUN prior PROMOTES (same accumulator history)
[22m[39m{"timestamp":"2026-06-20T06:10:09.233Z","level":"INFO","source":"frontend","module":"webrtc/sframe-transform","message":"encrypted frame","context":{"kid":9,"ctr":6,"byteLength":62,"codecOffset":10}}

[90mstdout[2m | apps/validator-daemon/src/canary/__tests__/verify-loop.test.ts[2m > [22m[2mREQ-CFA-042 — state.relayStunLossBps is READ as the classifier stunPacketLossBps arg[2m > [22m[2ma HIGH STUN prior ABSORBS a drop that a ZERO STUN prior PROMOTES (same accumulator history)
[22m[39m{"timestamp":"2026-06-20T06:10:09.233Z","level":"INFO","source":"frontend","module":"webrtc/sframe-transform","message":"encrypted frame","context":{"kid":9,"ctr":7,"byteLength":62,"codecOffset":10}}

[90mstdout[2m | apps/validator-daemon/src/canary/__tests__/verify-loop.test.ts[2m > [22m[2mREQ-CFA-042 — state.relayStunLossBps is READ as the classifier stunPacketLossBps arg[2m > [22m[2ma HIGH STUN prior ABSORBS a drop that a ZERO STUN prior PROMOTES (same accumulator history)
[22m[39m{"timestamp":"2026-06-20T06:10:09.234Z","level":"INFO","source":"frontend","module":"webrtc/sframe-transform","message":"encrypted frame","context":{"kid":9,"ctr":0,"byteLength":62,"codecOffset":10}}

[90mstdout[2m | apps/validator-daemon/src/canary/__tests__/verify-loop.test.ts[2m > [22m[2mREQ-CFA-042 — state.relayStunLossBps is READ as the classifier stunPacketLossBps arg[2m > [22m[2ma HIGH STUN prior ABSORBS a drop that a ZERO STUN prior PROMOTES (same accumulator history)
[22m[39m{"timestamp":"2026-06-20T06:10:09.234Z","level":"INFO","source":"frontend","module":"webrtc/sframe-transform","message":"encrypted frame","context":{"kid":9,"ctr":1,"byteLength":62,"codecOffset":10}}

[90mstdout[2m | apps/validator-daemon/src/canary/__tests__/verify-loop.test.ts[2m > [22m[2mREQ-CFA-042 — state.relayStunLossBps is READ as the classifier stunPacketLossBps arg[2m > [22m[2ma HIGH STUN prior ABSORBS a drop that a ZERO STUN prior PROMOTES (same accumulator history)
[22m[39m{"timestamp":"2026-06-20T06:10:09.234Z","level":"INFO","source":"frontend","module":"webrtc/sframe-transform","message":"encrypted frame","context":{"kid":9,"ctr":2,"byteLength":62,"codecOffset":10}}

[90mstdout[2m | apps/validator-daemon/src/canary/__tests__/verify-loop.test.ts[2m > [22m[2mREQ-CFA-042 — state.relayStunLossBps is READ as the classifier stunPacketLossBps arg[2m > [22m[2ma HIGH STUN prior ABSORBS a drop that a ZERO STUN prior PROMOTES (same accumulator history)
[22m[39m{"timestamp":"2026-06-20T06:10:09.235Z","level":"INFO","source":"frontend","module":"webrtc/sframe-transform","message":"encrypted frame","context":{"kid":9,"ctr":3,"byteLength":62,"codecOffset":10}}

[90mstdout[2m | apps/validator-daemon/src/canary/__tests__/verify-loop.test.ts[2m > [22m[2mREQ-CFA-042 — state.relayStunLossBps is READ as the classifier stunPacketLossBps arg[2m > [22m[2ma HIGH STUN prior ABSORBS a drop that a ZERO STUN prior PROMOTES (same accumulator history)
[22m[39m{"timestamp":"2026-06-20T06:10:09.235Z","level":"INFO","source":"frontend","module":"webrtc/sframe-transform","message":"encrypted frame","context":{"kid":9,"ctr":4,"byteLength":62,"codecOffset":10}}

[90mstdout[2m | apps/validator-daemon/src/canary/__tests__/verify-loop.test.ts[2m > [22m[2mREQ-CFA-042 — state.relayStunLossBps is READ as the classifier stunPacketLossBps arg[2m > [22m[2ma HIGH STUN prior ABSORBS a drop that a ZERO STUN prior PROMOTES (same accumulator history)
[22m[39m{"timestamp":"2026-06-20T06:10:09.236Z","level":"INFO","source":"frontend","module":"webrtc/sframe-transform","message":"encrypted frame","context":{"kid":9,"ctr":5,"byteLength":62,"codecOffset":10}}

[90mstdout[2m | apps/validator-daemon/src/canary/__tests__/verify-loop.test.ts[2m > [22m[2mREQ-CFA-042 — state.relayStunLossBps is READ as the classifier stunPacketLossBps arg[2m > [22m[2ma HIGH STUN prior ABSORBS a drop that a ZERO STUN prior PROMOTES (same accumulator history)
[22m[39m{"timestamp":"2026-06-20T06:10:09.236Z","level":"INFO","source":"frontend","module":"webrtc/sframe-transform","message":"encrypted frame","context":{"kid":9,"ctr":6,"byteLength":62,"codecOffset":10}}

[90mstdout[2m | apps/validator-daemon/src/canary/__tests__/verify-loop.test.ts[2m > [22m[2mREQ-CFA-042 — state.relayStunLossBps is READ as the classifier stunPacketLossBps arg[2m > [22m[2ma HIGH STUN prior ABSORBS a drop that a ZERO STUN prior PROMOTES (same accumulator history)
[22m[39m{"timestamp":"2026-06-20T06:10:09.236Z","level":"INFO","source":"frontend","module":"webrtc/sframe-transform","message":"encrypted frame","context":{"kid":9,"ctr":7,"byteLength":62,"codecOffset":10}}

{"level":30,"time":1781935809236,"pid":31940,"hostname":"Quang","name":"canary/verifier","canaryKid":9,"mediaPackets":7,"byteIdentical":7,"divergences":1,"msg":"canary forwarding verified"}
[90mstdout[2m | apps/validator-daemon/src/canary/__tests__/verify-loop.test.ts[2m > [22m[2mREQ-CFA-042 — state.relayStunLossBps is READ as the classifier stunPacketLossBps arg[2m > [22m[2ma HIGH STUN prior ABSORBS a drop that a ZERO STUN prior PROMOTES (same accumulator history)
[22m[39m{"timestamp":"2026-06-20T06:10:09.237Z","level":"INFO","source":"frontend","module":"webrtc/sframe-transform","message":"encrypted frame","context":{"kid":9,"ctr":0,"byteLength":62,"codecOffset":10}}

[90mstdout[2m | apps/validator-daemon/src/canary/__tests__/verify-loop.test.ts[2m > [22m[2mREQ-CFA-042 — state.relayStunLossBps is READ as the classifier stunPacketLossBps arg[2m > [22m[2ma HIGH STUN prior ABSORBS a drop that a ZERO STUN prior PROMOTES (same accumulator history)
[22m[39m{"timestamp":"2026-06-20T06:10:09.237Z","level":"INFO","source":"frontend","module":"webrtc/sframe-transform","message":"encrypted frame","context":{"kid":9,"ctr":1,"byteLength":62,"codecOffset":10}}

[90mstdout[2m | apps/validator-daemon/src/canary/__tests__/verify-loop.test.ts[2m > [22m[2mREQ-CFA-042 — state.relayStunLossBps is READ as the classifier stunPacketLossBps arg[2m > [22m[2ma HIGH STUN prior ABSORBS a drop that a ZERO STUN prior PROMOTES (same accumulator history)
[22m[39m{"timestamp":"2026-06-20T06:10:09.237Z","level":"INFO","source":"frontend","module":"webrtc/sframe-transform","message":"encrypted frame","context":{"kid":9,"ctr":2,"byteLength":62,"codecOffset":10}}

[90mstdout[2m | apps/validator-daemon/src/canary/__tests__/verify-loop.test.ts[2m > [22m[2mREQ-CFA-042 — state.relayStunLossBps is READ as the classifier stunPacketLossBps arg[2m > [22m[2ma HIGH STUN prior ABSORBS a drop that a ZERO STUN prior PROMOTES (same accumulator history)
[22m[39m{"timestamp":"2026-06-20T06:10:09.238Z","level":"INFO","source":"frontend","module":"webrtc/sframe-transform","message":"encrypted frame","context":{"kid":9,"ctr":3,"byteLength":62,"codecOffset":10}}

[90mstdout[2m | apps/validator-daemon/src/canary/__tests__/verify-loop.test.ts[2m > [22m[2mREQ-CFA-042 — state.relayStunLossBps is READ as the classifier stunPacketLossBps arg[2m > [22m[2ma HIGH STUN prior ABSORBS a drop that a ZERO STUN prior PROMOTES (same accumulator history)
[22m[39m{"timestamp":"2026-06-20T06:10:09.238Z","level":"INFO","source":"frontend","module":"webrtc/sframe-transform","message":"encrypted frame","context":{"kid":9,"ctr":4,"byteLength":62,"codecOffset":10}}

[90mstdout[2m | apps/validator-daemon/src/canary/__tests__/verify-loop.test.ts[2m > [22m[2mREQ-CFA-042 — state.relayStunLossBps is READ as the classifier stunPacketLossBps arg[2m > [22m[2ma HIGH STUN prior ABSORBS a drop that a ZERO STUN prior PROMOTES (same accumulator history)
[22m[39m{"timestamp":"2026-06-20T06:10:09.238Z","level":"INFO","source":"frontend","module":"webrtc/sframe-transform","message":"encrypted frame","context":{"kid":9,"ctr":5,"byteLength":62,"codecOffset":10}}

[90mstdout[2m | apps/validator-daemon/src/canary/__tests__/verify-loop.test.ts[2m > [22m[2mREQ-CFA-042 — state.relayStunLossBps is READ as the classifier stunPacketLossBps arg[2m > [22m[2ma HIGH STUN prior ABSORBS a drop that a ZERO STUN prior PROMOTES (same accumulator history)
[22m[39m{"timestamp":"2026-06-20T06:10:09.239Z","level":"INFO","source":"frontend","module":"webrtc/sframe-transform","message":"encrypted frame","context":{"kid":9,"ctr":6,"byteLength":62,"codecOffset":10}}

[90mstdout[2m | apps/validator-daemon/src/canary/__tests__/verify-loop.test.ts[2m > [22m[2mREQ-CFA-042 — state.relayStunLossBps is READ as the classifier stunPacketLossBps arg[2m > [22m[2ma HIGH STUN prior ABSORBS a drop that a ZERO STUN prior PROMOTES (same accumulator history)
[22m[39m{"timestamp":"2026-06-20T06:10:09.239Z","level":"INFO","source":"frontend","module":"webrtc/sframe-transform","message":"encrypted frame","context":{"kid":9,"ctr":7,"byteLength":62,"codecOffset":10}}

{"level":30,"time":1781935809239,"pid":31940,"hostname":"Quang","name":"canary/verifier","canaryKid":9,"mediaPackets":7,"byteIdentical":7,"divergences":1,"msg":"canary forwarding verified"}
{"level":30,"time":1781935809240,"pid":31940,"hostname":"Quang","name":"canary/loss-classifier","relayMinerId":"relay-under-audit","promoted":0,"absorbed":1,"tampers":0,"cumulativeCrossed":false,"msg":"canary divergences classified (drop gate / tamper p=1)"}
{"level":30,"time":1781935809240,"pid":31940,"hostname":"Quang","name":"canary/verify-loop","round":3,"relayMinerId":"relay-under-audit","roomId":"verify-loop-room","perReceiver":2,"promoted":0,"absorbed":1,"stunLossBps":"0","msg":"canary verify round classified (hermetic half — synthetic capture, STUN read live)"}
[90mstdout[2m | apps/validator-daemon/src/canary/__tests__/verify-loop.test.ts[2m > [22m[2mREQ-CFA-042 — state.relayStunLossBps is READ as the classifier stunPacketLossBps arg[2m > [22m[2ma HIGH STUN prior ABSORBS a drop that a ZERO STUN prior PROMOTES (same accumulator history)
[22m[39m{"timestamp":"2026-06-20T06:10:09.240Z","level":"INFO","source":"frontend","module":"webrtc/sframe-transform","message":"encrypted frame","context":{"kid":9,"ctr":0,"byteLength":62,"codecOffset":10}}

[90mstdout[2m | apps/validator-daemon/src/canary/__tests__/verify-loop.test.ts[2m > [22m[2mREQ-CFA-042 — state.relayStunLossBps is READ as the classifier stunPacketLossBps arg[2m > [22m[2ma HIGH STUN prior ABSORBS a drop that a ZERO STUN prior PROMOTES (same accumulator history)
[22m[39m{"timestamp":"2026-06-20T06:10:09.240Z","level":"INFO","source":"frontend","module":"webrtc/sframe-transform","message":"encrypted frame","context":{"kid":9,"ctr":1,"byteLength":62,"codecOffset":10}}

[90mstdout[2m | apps/validator-daemon/src/canary/__tests__/verify-loop.test.ts[2m > [22m[2mREQ-CFA-042 — state.relayStunLossBps is READ as the classifier stunPacketLossBps arg[2m > [22m[2ma HIGH STUN prior ABSORBS a drop that a ZERO STUN prior PROMOTES (same accumulator history)
[22m[39m{"timestamp":"2026-06-20T06:10:09.241Z","level":"INFO","source":"frontend","module":"webrtc/sframe-transform","message":"encrypted frame","context":{"kid":9,"ctr":2,"byteLength":62,"codecOffset":10}}

[90mstdout[2m | apps/validator-daemon/src/canary/__tests__/verify-loop.test.ts[2m > [22m[2mREQ-CFA-042 — state.relayStunLossBps is READ as the classifier stunPacketLossBps arg[2m > [22m[2ma HIGH STUN prior ABSORBS a drop that a ZERO STUN prior PROMOTES (same accumulator history)
[22m[39m{"timestamp":"2026-06-20T06:10:09.241Z","level":"INFO","source":"frontend","module":"webrtc/sframe-transform","message":"encrypted frame","context":{"kid":9,"ctr":3,"byteLength":62,"codecOffset":10}}

[90mstdout[2m | apps/validator-daemon/src/canary/__tests__/verify-loop.test.ts[2m > [22m[2mREQ-CFA-042 — state.relayStunLossBps is READ as the classifier stunPacketLossBps arg[2m > [22m[2ma HIGH STUN prior ABSORBS a drop that a ZERO STUN prior PROMOTES (same accumulator history)
[22m[39m{"timestamp":"2026-06-20T06:10:09.242Z","level":"INFO","source":"frontend","module":"webrtc/sframe-transform","message":"encrypted frame","context":{"kid":9,"ctr":4,"byteLength":62,"codecOffset":10}}

[90mstdout[2m | apps/validator-daemon/src/canary/__tests__/verify-loop.test.ts[2m > [22m[2mREQ-CFA-042 — state.relayStunLossBps is READ as the classifier stunPacketLossBps arg[2m > [22m[2ma HIGH STUN prior ABSORBS a drop that a ZERO STUN prior PROMOTES (same accumulator history)
[22m[39m{"timestamp":"2026-06-20T06:10:09.242Z","level":"INFO","source":"frontend","module":"webrtc/sframe-transform","message":"encrypted frame","context":{"kid":9,"ctr":6,"byteLength":62,"codecOffset":10}}

[90mstdout[2m | apps/validator-daemon/src/canary/__tests__/verify-loop.test.ts[2m > [22m[2mREQ-CFA-042 — state.relayStunLossBps is READ as the classifier stunPacketLossBps arg[2m > [22m[2ma HIGH STUN prior ABSORBS a drop that a ZERO STUN prior PROMOTES (same accumulator history)
[22m[39m{"timestamp":"2026-06-20T06:10:09.242Z","level":"INFO","source":"frontend","module":"webrtc/sframe-transform","message":"encrypted frame","context":{"kid":9,"ctr":7,"byteLength":62,"codecOffset":10}}

[90mstdout[2m | apps/validator-daemon/src/canary/__tests__/verify-loop.test.ts[2m > [22m[2mREQ-CFA-042 — state.relayStunLossBps is READ as the classifier stunPacketLossBps arg[2m > [22m[2ma HIGH STUN prior ABSORBS a drop that a ZERO STUN prior PROMOTES (same accumulator history)
[22m[39m{"timestamp":"2026-06-20T06:10:09.243Z","level":"INFO","source":"frontend","module":"webrtc/sframe-transform","message":"encrypted frame","context":{"kid":9,"ctr":0,"byteLength":62,"codecOffset":10}}

[90mstdout[2m | apps/validator-daemon/src/canary/__tests__/verify-loop.test.ts[2m > [22m[2mREQ-CFA-042 — state.relayStunLossBps is READ as the classifier stunPacketLossBps arg[2m > [22m[2ma HIGH STUN prior ABSORBS a drop that a ZERO STUN prior PROMOTES (same accumulator history)
[22m[39m{"timestamp":"2026-06-20T06:10:09.243Z","level":"INFO","source":"frontend","module":"webrtc/sframe-transform","message":"encrypted frame","context":{"kid":9,"ctr":1,"byteLength":62,"codecOffset":10}}

[90mstdout[2m | apps/validator-daemon/src/canary/__tests__/verify-loop.test.ts[2m > [22m[2mREQ-CFA-042 — state.relayStunLossBps is READ as the classifier stunPacketLossBps arg[2m > [22m[2ma HIGH STUN prior ABSORBS a drop that a ZERO STUN prior PROMOTES (same accumulator history)
[22m[39m{"timestamp":"2026-06-20T06:10:09.243Z","level":"INFO","source":"frontend","module":"webrtc/sframe-transform","message":"encrypted frame","context":{"kid":9,"ctr":2,"byteLength":62,"codecOffset":10}}

[90mstdout[2m | apps/validator-daemon/src/canary/__tests__/verify-loop.test.ts[2m > [22m[2mREQ-CFA-042 — state.relayStunLossBps is READ as the classifier stunPacketLossBps arg[2m > [22m[2ma HIGH STUN prior ABSORBS a drop that a ZERO STUN prior PROMOTES (same accumulator history)
[22m[39m{"timestamp":"2026-06-20T06:10:09.244Z","level":"INFO","source":"frontend","module":"webrtc/sframe-transform","message":"encrypted frame","context":{"kid":9,"ctr":3,"byteLength":62,"codecOffset":10}}

[90mstdout[2m | apps/validator-daemon/src/canary/__tests__/verify-loop.test.ts[2m > [22m[2mREQ-CFA-042 — state.relayStunLossBps is READ as the classifier stunPacketLossBps arg[2m > [22m[2ma HIGH STUN prior ABSORBS a drop that a ZERO STUN prior PROMOTES (same accumulator history)
[22m[39m{"timestamp":"2026-06-20T06:10:09.244Z","level":"INFO","source":"frontend","module":"webrtc/sframe-transform","message":"encrypted frame","context":{"kid":9,"ctr":4,"byteLength":62,"codecOffset":10}}

[90mstdout[2m | apps/validator-daemon/src/canary/__tests__/verify-loop.test.ts[2m > [22m[2mREQ-CFA-042 — state.relayStunLossBps is READ as the classifier stunPacketLossBps arg[2m > [22m[2ma HIGH STUN prior ABSORBS a drop that a ZERO STUN prior PROMOTES (same accumulator history)
[22m[39m{"timestamp":"2026-06-20T06:10:09.244Z","level":"INFO","source":"frontend","module":"webrtc/sframe-transform","message":"encrypted frame","context":{"kid":9,"ctr":5,"byteLength":62,"codecOffset":10}}

[90mstdout[2m | apps/validator-daemon/src/canary/__tests__/verify-loop.test.ts[2m > [22m[2mREQ-CFA-042 — state.relayStunLossBps is READ as the classifier stunPacketLossBps arg[2m > [22m[2ma HIGH STUN prior ABSORBS a drop that a ZERO STUN prior PROMOTES (same accumulator history)
[22m[39m{"timestamp":"2026-06-20T06:10:09.245Z","level":"INFO","source":"frontend","module":"webrtc/sframe-transform","message":"encrypted frame","context":{"kid":9,"ctr":6,"byteLength":62,"codecOffset":10}}

[90mstdout[2m | apps/validator-daemon/src/canary/__tests__/verify-loop.test.ts[2m > [22m[2mREQ-CFA-042 — state.relayStunLossBps is READ as the classifier stunPacketLossBps arg[2m > [22m[2ma HIGH STUN prior ABSORBS a drop that a ZERO STUN prior PROMOTES (same accumulator history)
[22m[39m{"timestamp":"2026-06-20T06:10:09.245Z","level":"INFO","source":"frontend","module":"webrtc/sframe-transform","message":"encrypted frame","context":{"kid":9,"ctr":7,"byteLength":62,"codecOffset":10}}

{"level":30,"time":1781935809245,"pid":31940,"hostname":"Quang","name":"canary/verifier","canaryKid":9,"mediaPackets":7,"byteIdentical":7,"divergences":1,"msg":"canary forwarding verified"}
[90mstdout[2m | apps/validator-daemon/src/canary/__tests__/verify-loop.test.ts[2m > [22m[2mREQ-CFA-042 — state.relayStunLossBps is READ as the classifier stunPacketLossBps arg[2m > [22m[2ma HIGH STUN prior ABSORBS a drop that a ZERO STUN prior PROMOTES (same accumulator history)
[22m[39m{"timestamp":"2026-06-20T06:10:09.245Z","level":"INFO","source":"frontend","module":"webrtc/sframe-transform","message":"encrypted frame","context":{"kid":9,"ctr":0,"byteLength":62,"codecOffset":10}}

[90mstdout[2m | apps/validator-daemon/src/canary/__tests__/verify-loop.test.ts[2m > [22m[2mREQ-CFA-042 — state.relayStunLossBps is READ as the classifier stunPacketLossBps arg[2m > [22m[2ma HIGH STUN prior ABSORBS a drop that a ZERO STUN prior PROMOTES (same accumulator history)
[22m[39m{"timestamp":"2026-06-20T06:10:09.246Z","level":"INFO","source":"frontend","module":"webrtc/sframe-transform","message":"encrypted frame","context":{"kid":9,"ctr":1,"byteLength":62,"codecOffset":10}}

[90mstdout[2m | apps/validator-daemon/src/canary/__tests__/verify-loop.test.ts[2m > [22m[2mREQ-CFA-042 — state.relayStunLossBps is READ as the classifier stunPacketLossBps arg[2m > [22m[2ma HIGH STUN prior ABSORBS a drop that a ZERO STUN prior PROMOTES (same accumulator history)
[22m[39m{"timestamp":"2026-06-20T06:10:09.246Z","level":"INFO","source":"frontend","module":"webrtc/sframe-transform","message":"encrypted frame","context":{"kid":9,"ctr":2,"byteLength":62,"codecOffset":10}}

[90mstdout[2m | apps/validator-daemon/src/canary/__tests__/verify-loop.test.ts[2m > [22m[2mREQ-CFA-042 — state.relayStunLossBps is READ as the classifier stunPacketLossBps arg[2m > [22m[2ma HIGH STUN prior ABSORBS a drop that a ZERO STUN prior PROMOTES (same accumulator history)
[22m[39m{"timestamp":"2026-06-20T06:10:09.246Z","level":"INFO","source":"frontend","module":"webrtc/sframe-transform","message":"encrypted frame","context":{"kid":9,"ctr":3,"byteLength":62,"codecOffset":10}}

[90mstdout[2m | apps/validator-daemon/src/canary/__tests__/verify-loop.test.ts[2m > [22m[2mREQ-CFA-042 — state.relayStunLossBps is READ as the classifier stunPacketLossBps arg[2m > [22m[2ma HIGH STUN prior ABSORBS a drop that a ZERO STUN prior PROMOTES (same accumulator history)
[22m[39m{"timestamp":"2026-06-20T06:10:09.247Z","level":"INFO","source":"frontend","module":"webrtc/sframe-transform","message":"encrypted frame","context":{"kid":9,"ctr":4,"byteLength":62,"codecOffset":10}}

[90mstdout[2m | apps/validator-daemon/src/canary/__tests__/verify-loop.test.ts[2m > [22m[2mREQ-CFA-042 — state.relayStunLossBps is READ as the classifier stunPacketLossBps arg[2m > [22m[2ma HIGH STUN prior ABSORBS a drop that a ZERO STUN prior PROMOTES (same accumulator history)
[22m[39m{"timestamp":"2026-06-20T06:10:09.247Z","level":"INFO","source":"frontend","module":"webrtc/sframe-transform","message":"encrypted frame","context":{"kid":9,"ctr":5,"byteLength":62,"codecOffset":10}}

[90mstdout[2m | apps/validator-daemon/src/canary/__tests__/verify-loop.test.ts[2m > [22m[2mREQ-CFA-042 — state.relayStunLossBps is READ as the classifier stunPacketLossBps arg[2m > [22m[2ma HIGH STUN prior ABSORBS a drop that a ZERO STUN prior PROMOTES (same accumulator history)
[22m[39m{"timestamp":"2026-06-20T06:10:09.247Z","level":"INFO","source":"frontend","module":"webrtc/sframe-transform","message":"encrypted frame","context":{"kid":9,"ctr":6,"byteLength":62,"codecOffset":10}}

[90mstdout[2m | apps/validator-daemon/src/canary/__tests__/verify-loop.test.ts[2m > [22m[2mREQ-CFA-042 — state.relayStunLossBps is READ as the classifier stunPacketLossBps arg[2m > [22m[2ma HIGH STUN prior ABSORBS a drop that a ZERO STUN prior PROMOTES (same accumulator history)
[22m[39m{"timestamp":"2026-06-20T06:10:09.248Z","level":"INFO","source":"frontend","module":"webrtc/sframe-transform","message":"encrypted frame","context":{"kid":9,"ctr":7,"byteLength":62,"codecOffset":10}}

{"level":30,"time":1781935809248,"pid":31940,"hostname":"Quang","name":"canary/verifier","canaryKid":9,"mediaPackets":7,"byteIdentical":7,"divergences":1,"msg":"canary forwarding verified"}
{"level":30,"time":1781935809248,"pid":31940,"hostname":"Quang","name":"canary/loss-classifier","relayMinerId":"relay-under-audit","promoted":0,"absorbed":1,"tampers":0,"cumulativeCrossed":false,"msg":"canary divergences classified (drop gate / tamper p=1)"}
{"level":30,"time":1781935809248,"pid":31940,"hostname":"Quang","name":"canary/verify-loop","round":3,"relayMinerId":"relay-under-audit","roomId":"verify-loop-room","perReceiver":2,"promoted":0,"absorbed":1,"stunLossBps":"5000","msg":"canary verify round classified (hermetic half — synthetic capture, STUN read live)"}
[90mstdout[2m | apps/validator-daemon/src/canary/__tests__/verify-loop.test.ts[2m > [22m[2mREQ-CFA-042 — state.relayStunLossBps is READ as the classifier stunPacketLossBps arg[2m > [22m[2ma HIGH STUN prior ABSORBS a drop that a ZERO STUN prior PROMOTES (same accumulator history)
[22m[39m{"timestamp":"2026-06-20T06:10:09.249Z","level":"INFO","source":"frontend","module":"webrtc/sframe-transform","message":"encrypted frame","context":{"kid":9,"ctr":0,"byteLength":62,"codecOffset":10}}

[90mstdout[2m | apps/validator-daemon/src/canary/__tests__/verify-loop.test.ts[2m > [22m[2mREQ-CFA-042 — state.relayStunLossBps is READ as the classifier stunPacketLossBps arg[2m > [22m[2ma HIGH STUN prior ABSORBS a drop that a ZERO STUN prior PROMOTES (same accumulator history)
[22m[39m{"timestamp":"2026-06-20T06:10:09.249Z","level":"INFO","source":"frontend","module":"webrtc/sframe-transform","message":"encrypted frame","context":{"kid":9,"ctr":1,"byteLength":62,"codecOffset":10}}

[90mstdout[2m | apps/validator-daemon/src/canary/__tests__/verify-loop.test.ts[2m > [22m[2mREQ-CFA-042 — state.relayStunLossBps is READ as the classifier stunPacketLossBps arg[2m > [22m[2ma HIGH STUN prior ABSORBS a drop that a ZERO STUN prior PROMOTES (same accumulator history)
[22m[39m{"timestamp":"2026-06-20T06:10:09.249Z","level":"INFO","source":"frontend","module":"webrtc/sframe-transform","message":"encrypted frame","context":{"kid":9,"ctr":2,"byteLength":62,"codecOffset":10}}

[90mstdout[2m | apps/validator-daemon/src/canary/__tests__/verify-loop.test.ts[2m > [22m[2mREQ-CFA-042 — state.relayStunLossBps is READ as the classifier stunPacketLossBps arg[2m > [22m[2ma HIGH STUN prior ABSORBS a drop that a ZERO STUN prior PROMOTES (same accumulator history)
[22m[39m{"timestamp":"2026-06-20T06:10:09.249Z","level":"INFO","source":"frontend","module":"webrtc/sframe-transform","message":"encrypted frame","context":{"kid":9,"ctr":3,"byteLength":62,"codecOffset":10}}

[90mstdout[2m | apps/validator-daemon/src/canary/__tests__/verify-loop.test.ts[2m > [22m[2mREQ-CFA-042 — state.relayStunLossBps is READ as the classifier stunPacketLossBps arg[2m > [22m[2ma HIGH STUN prior ABSORBS a drop that a ZERO STUN prior PROMOTES (same accumulator history)
[22m[39m{"timestamp":"2026-06-20T06:10:09.250Z","level":"INFO","source":"frontend","module":"webrtc/sframe-transform","message":"encrypted frame","context":{"kid":9,"ctr":4,"byteLength":62,"codecOffset":10}}

[90mstdout[2m | apps/validator-daemon/src/canary/__tests__/verify-loop.test.ts[2m > [22m[2mREQ-CFA-042 — state.relayStunLossBps is READ as the classifier stunPacketLossBps arg[2m > [22m[2ma HIGH STUN prior ABSORBS a drop that a ZERO STUN prior PROMOTES (same accumulator history)
[22m[39m{"timestamp":"2026-06-20T06:10:09.250Z","level":"INFO","source":"frontend","module":"webrtc/sframe-transform","message":"encrypted frame","context":{"kid":9,"ctr":6,"byteLength":62,"codecOffset":10}}

[90mstdout[2m | apps/validator-daemon/src/canary/__tests__/verify-loop.test.ts[2m > [22m[2mREQ-CFA-042 — state.relayStunLossBps is READ as the classifier stunPacketLossBps arg[2m > [22m[2ma HIGH STUN prior ABSORBS a drop that a ZERO STUN prior PROMOTES (same accumulator history)
[22m[39m{"timestamp":"2026-06-20T06:10:09.250Z","level":"INFO","source":"frontend","module":"webrtc/sframe-transform","message":"encrypted frame","context":{"kid":9,"ctr":7,"byteLength":62,"codecOffset":10}}

[90mstdout[2m | apps/validator-daemon/src/canary/__tests__/verify-loop.test.ts[2m > [22m[2mREQ-CFA-042 — state.relayStunLossBps is READ as the classifier stunPacketLossBps arg[2m > [22m[2ma HIGH STUN prior ABSORBS a drop that a ZERO STUN prior PROMOTES (same accumulator history)
[22m[39m{"timestamp":"2026-06-20T06:10:09.250Z","level":"INFO","source":"frontend","module":"webrtc/sframe-transform","message":"encrypted frame","context":{"kid":9,"ctr":0,"byteLength":62,"codecOffset":10}}

[90mstdout[2m | apps/validator-daemon/src/canary/__tests__/verify-loop.test.ts[2m > [22m[2mREQ-CFA-042 — state.relayStunLossBps is READ as the classifier stunPacketLossBps arg[2m > [22m[2ma HIGH STUN prior ABSORBS a drop that a ZERO STUN prior PROMOTES (same accumulator history)
[22m[39m{"timestamp":"2026-06-20T06:10:09.251Z","level":"INFO","source":"frontend","module":"webrtc/sframe-transform","message":"encrypted frame","context":{"kid":9,"ctr":1,"byteLength":62,"codecOffset":10}}

[90mstdout[2m | apps/validator-daemon/src/canary/__tests__/verify-loop.test.ts[2m > [22m[2mREQ-CFA-042 — state.relayStunLossBps is READ as the classifier stunPacketLossBps arg[2m > [22m[2ma HIGH STUN prior ABSORBS a drop that a ZERO STUN prior PROMOTES (same accumulator history)
[22m[39m{"timestamp":"2026-06-20T06:10:09.251Z","level":"INFO","source":"frontend","module":"webrtc/sframe-transform","message":"encrypted frame","context":{"kid":9,"ctr":2,"byteLength":62,"codecOffset":10}}

[90mstdout[2m | apps/validator-daemon/src/canary/__tests__/verify-loop.test.ts[2m > [22m[2mREQ-CFA-042 — state.relayStunLossBps is READ as the classifier stunPacketLossBps arg[2m > [22m[2ma HIGH STUN prior ABSORBS a drop that a ZERO STUN prior PROMOTES (same accumulator history)
[22m[39m{"timestamp":"2026-06-20T06:10:09.251Z","level":"INFO","source":"frontend","module":"webrtc/sframe-transform","message":"encrypted frame","context":{"kid":9,"ctr":3,"byteLength":62,"codecOffset":10}}

[90mstdout[2m | apps/validator-daemon/src/canary/__tests__/verify-loop.test.ts[2m > [22m[2mREQ-CFA-042 — state.relayStunLossBps is READ as the classifier stunPacketLossBps arg[2m > [22m[2ma HIGH STUN prior ABSORBS a drop that a ZERO STUN prior PROMOTES (same accumulator history)
[22m[39m{"timestamp":"2026-06-20T06:10:09.252Z","level":"INFO","source":"frontend","module":"webrtc/sframe-transform","message":"encrypted frame","context":{"kid":9,"ctr":4,"byteLength":62,"codecOffset":10}}

[90mstdout[2m | apps/validator-daemon/src/canary/__tests__/verify-loop.test.ts[2m > [22m[2mREQ-CFA-042 — state.relayStunLossBps is READ as the classifier stunPacketLossBps arg[2m > [22m[2ma HIGH STUN prior ABSORBS a drop that a ZERO STUN prior PROMOTES (same accumulator history)
[22m[39m{"timestamp":"2026-06-20T06:10:09.252Z","level":"INFO","source":"frontend","module":"webrtc/sframe-transform","message":"encrypted frame","context":{"kid":9,"ctr":5,"byteLength":62,"codecOffset":10}}

[90mstdout[2m | apps/validator-daemon/src/canary/__tests__/verify-loop.test.ts[2m > [22m[2mREQ-CFA-042 — state.relayStunLossBps is READ as the classifier stunPacketLossBps arg[2m > [22m[2ma HIGH STUN prior ABSORBS a drop that a ZERO STUN prior PROMOTES (same accumulator history)
[22m[39m{"timestamp":"2026-06-20T06:10:09.252Z","level":"INFO","source":"frontend","module":"webrtc/sframe-transform","message":"encrypted frame","context":{"kid":9,"ctr":6,"byteLength":62,"codecOffset":10}}

[90mstdout[2m | apps/validator-daemon/src/canary/__tests__/verify-loop.test.ts[2m > [22m[2mREQ-CFA-042 — state.relayStunLossBps is READ as the classifier stunPacketLossBps arg[2m > [22m[2ma HIGH STUN prior ABSORBS a drop that a ZERO STUN prior PROMOTES (same accumulator history)
[22m[39m{"timestamp":"2026-06-20T06:10:09.253Z","level":"INFO","source":"frontend","module":"webrtc/sframe-transform","message":"encrypted frame","context":{"kid":9,"ctr":7,"byteLength":62,"codecOffset":10}}

{"level":30,"time":1781935809253,"pid":31940,"hostname":"Quang","name":"canary/verifier","canaryKid":9,"mediaPackets":7,"byteIdentical":7,"divergences":1,"msg":"canary forwarding verified"}
[90mstdout[2m | apps/validator-daemon/src/canary/__tests__/verify-loop.test.ts[2m > [22m[2mREQ-CFA-042 — state.relayStunLossBps is READ as the classifier stunPacketLossBps arg[2m > [22m[2ma HIGH STUN prior ABSORBS a drop that a ZERO STUN prior PROMOTES (same accumulator history)
[22m[39m{"timestamp":"2026-06-20T06:10:09.253Z","level":"INFO","source":"frontend","module":"webrtc/sframe-transform","message":"encrypted frame","context":{"kid":9,"ctr":0,"byteLength":62,"codecOffset":10}}

[90mstdout[2m | apps/validator-daemon/src/canary/__tests__/verify-loop.test.ts[2m > [22m[2mREQ-CFA-042 — state.relayStunLossBps is READ as the classifier stunPacketLossBps arg[2m > [22m[2ma HIGH STUN prior ABSORBS a drop that a ZERO STUN prior PROMOTES (same accumulator history)
[22m[39m{"timestamp":"2026-06-20T06:10:09.253Z","level":"INFO","source":"frontend","module":"webrtc/sframe-transform","message":"encrypted frame","context":{"kid":9,"ctr":1,"byteLength":62,"codecOffset":10}}

[90mstdout[2m | apps/validator-daemon/src/canary/__tests__/verify-loop.test.ts[2m > [22m[2mREQ-CFA-042 — state.relayStunLossBps is READ as the classifier stunPacketLossBps arg[2m > [22m[2ma HIGH STUN prior ABSORBS a drop that a ZERO STUN prior PROMOTES (same accumulator history)
[22m[39m{"timestamp":"2026-06-20T06:10:09.254Z","level":"INFO","source":"frontend","module":"webrtc/sframe-transform","message":"encrypted frame","context":{"kid":9,"ctr":2,"byteLength":62,"codecOffset":10}}

[90mstdout[2m | apps/validator-daemon/src/canary/__tests__/verify-loop.test.ts[2m > [22m[2mREQ-CFA-042 — state.relayStunLossBps is READ as the classifier stunPacketLossBps arg[2m > [22m[2ma HIGH STUN prior ABSORBS a drop that a ZERO STUN prior PROMOTES (same accumulator history)
[22m[39m{"timestamp":"2026-06-20T06:10:09.254Z","level":"INFO","source":"frontend","module":"webrtc/sframe-transform","message":"encrypted frame","context":{"kid":9,"ctr":3,"byteLength":62,"codecOffset":10}}

[90mstdout[2m | apps/validator-daemon/src/canary/__tests__/verify-loop.test.ts[2m > [22m[2mREQ-CFA-042 — state.relayStunLossBps is READ as the classifier stunPacketLossBps arg[2m > [22m[2ma HIGH STUN prior ABSORBS a drop that a ZERO STUN prior PROMOTES (same accumulator history)
[22m[39m{"timestamp":"2026-06-20T06:10:09.254Z","level":"INFO","source":"frontend","module":"webrtc/sframe-transform","message":"encrypted frame","context":{"kid":9,"ctr":4,"byteLength":62,"codecOffset":10}}

[90mstdout[2m | apps/validator-daemon/src/canary/__tests__/verify-loop.test.ts[2m > [22m[2mREQ-CFA-042 — state.relayStunLossBps is READ as the classifier stunPacketLossBps arg[2m > [22m[2ma HIGH STUN prior ABSORBS a drop that a ZERO STUN prior PROMOTES (same accumulator history)
[22m[39m{"timestamp":"2026-06-20T06:10:09.254Z","level":"INFO","source":"frontend","module":"webrtc/sframe-transform","message":"encrypted frame","context":{"kid":9,"ctr":5,"byteLength":62,"codecOffset":10}}

[90mstdout[2m | apps/validator-daemon/src/canary/__tests__/verify-loop.test.ts[2m > [22m[2mREQ-CFA-042 — state.relayStunLossBps is READ as the classifier stunPacketLossBps arg[2m > [22m[2ma HIGH STUN prior ABSORBS a drop that a ZERO STUN prior PROMOTES (same accumulator history)
[22m[39m{"timestamp":"2026-06-20T06:10:09.255Z","level":"INFO","source":"frontend","module":"webrtc/sframe-transform","message":"encrypted frame","context":{"kid":9,"ctr":6,"byteLength":62,"codecOffset":10}}

[90mstdout[2m | apps/validator-daemon/src/canary/__tests__/verify-loop.test.ts[2m > [22m[2mREQ-CFA-042 — state.relayStunLossBps is READ as the classifier stunPacketLossBps arg[2m > [22m[2ma HIGH STUN prior ABSORBS a drop that a ZERO STUN prior PROMOTES (same accumulator history)
[22m[39m{"timestamp":"2026-06-20T06:10:09.255Z","level":"INFO","source":"frontend","module":"webrtc/sframe-transform","message":"encrypted frame","context":{"kid":9,"ctr":7,"byteLength":62,"codecOffset":10}}

{"level":30,"time":1781935809255,"pid":31940,"hostname":"Quang","name":"canary/verifier","canaryKid":9,"mediaPackets":7,"byteIdentical":7,"divergences":1,"msg":"canary forwarding verified"}
{"level":30,"time":1781935809256,"pid":31940,"hostname":"Quang","name":"canary/loss-classifier","relayMinerId":"relay-under-audit","promoted":1,"absorbed":0,"tampers":0,"cumulativeCrossed":true,"msg":"canary divergences classified (drop gate / tamper p=1)"}
{"level":30,"time":1781935809314,"pid":31940,"hostname":"Quang","name":"canary/proof","roomId":"verify-loop-room","relayMinerId":"relay-under-audit","canaryId":9,"frameSeq":5,"drop":true,"attesters":2,"msg":"canary proof-of-divergence built (Wallet-B only)"}
{"level":30,"time":1781935809314,"pid":31940,"hostname":"Quang","name":"canary/verify-loop","round":4,"relayMinerId":"relay-under-audit","roomId":"verify-loop-room","perReceiver":2,"promoted":1,"absorbed":0,"stunLossBps":"0","msg":"canary verify round classified (hermetic half — synthetic capture, STUN read live)"}
[90mstdout[2m | apps/validator-daemon/src/canary/__tests__/verify-loop.test.ts[2m > [22m[2mREQ-CFA-042 — state.relayStunLossBps is READ as the classifier stunPacketLossBps arg[2m > [22m[2ma HIGH STUN prior ABSORBS a drop that a ZERO STUN prior PROMOTES (same accumulator history)
[22m[39m{"timestamp":"2026-06-20T06:10:09.319Z","level":"INFO","source":"frontend","module":"webrtc/sframe-transform","message":"encrypted frame","context":{"kid":9,"ctr":0,"byteLength":62,"codecOffset":10}}

[90mstdout[2m | apps/validator-daemon/src/canary/__tests__/verify-loop.test.ts[2m > [22m[2mREQ-CFA-042 — state.relayStunLossBps is READ as the classifier stunPacketLossBps arg[2m > [22m[2ma HIGH STUN prior ABSORBS a drop that a ZERO STUN prior PROMOTES (same accumulator history)
[22m[39m{"timestamp":"2026-06-20T06:10:09.320Z","level":"INFO","source":"frontend","module":"webrtc/sframe-transform","message":"encrypted frame","context":{"kid":9,"ctr":1,"byteLength":62,"codecOffset":10}}

[90mstdout[2m | apps/validator-daemon/src/canary/__tests__/verify-loop.test.ts[2m > [22m[2mREQ-CFA-042 — state.relayStunLossBps is READ as the classifier stunPacketLossBps arg[2m > [22m[2ma HIGH STUN prior ABSORBS a drop that a ZERO STUN prior PROMOTES (same accumulator history)
[22m[39m{"timestamp":"2026-06-20T06:10:09.320Z","level":"INFO","source":"frontend","module":"webrtc/sframe-transform","message":"encrypted frame","context":{"kid":9,"ctr":2,"byteLength":62,"codecOffset":10}}

[90mstdout[2m | apps/validator-daemon/src/canary/__tests__/verify-loop.test.ts[2m > [22m[2mREQ-CFA-042 — state.relayStunLossBps is READ as the classifier stunPacketLossBps arg[2m > [22m[2ma HIGH STUN prior ABSORBS a drop that a ZERO STUN prior PROMOTES (same accumulator history)
[22m[39m{"timestamp":"2026-06-20T06:10:09.321Z","level":"INFO","source":"frontend","module":"webrtc/sframe-transform","message":"encrypted frame","context":{"kid":9,"ctr":3,"byteLength":62,"codecOffset":10}}

[90mstdout[2m | apps/validator-daemon/src/canary/__tests__/verify-loop.test.ts[2m > [22m[2mREQ-CFA-042 — state.relayStunLossBps is READ as the classifier stunPacketLossBps arg[2m > [22m[2ma HIGH STUN prior ABSORBS a drop that a ZERO STUN prior PROMOTES (same accumulator history)
[22m[39m{"timestamp":"2026-06-20T06:10:09.321Z","level":"INFO","source":"frontend","module":"webrtc/sframe-transform","message":"encrypted frame","context":{"kid":9,"ctr":4,"byteLength":62,"codecOffset":10}}

[90mstdout[2m | apps/validator-daemon/src/canary/__tests__/verify-loop.test.ts[2m > [22m[2mREQ-CFA-042 — state.relayStunLossBps is READ as the classifier stunPacketLossBps arg[2m > [22m[2ma HIGH STUN prior ABSORBS a drop that a ZERO STUN prior PROMOTES (same accumulator history)
[22m[39m{"timestamp":"2026-06-20T06:10:09.321Z","level":"INFO","source":"frontend","module":"webrtc/sframe-transform","message":"encrypted frame","context":{"kid":9,"ctr":6,"byteLength":62,"codecOffset":10}}

[90mstdout[2m | apps/validator-daemon/src/canary/__tests__/verify-loop.test.ts[2m > [22m[2mREQ-CFA-042 — state.relayStunLossBps is READ as the classifier stunPacketLossBps arg[2m > [22m[2ma HIGH STUN prior ABSORBS a drop that a ZERO STUN prior PROMOTES (same accumulator history)
[22m[39m{"timestamp":"2026-06-20T06:10:09.321Z","level":"INFO","source":"frontend","module":"webrtc/sframe-transform","message":"encrypted frame","context":{"kid":9,"ctr":7,"byteLength":62,"codecOffset":10}}

[90mstdout[2m | apps/validator-daemon/src/canary/__tests__/verify-loop.test.ts[2m > [22m[2mREQ-CFA-042 — state.relayStunLossBps is READ as the classifier stunPacketLossBps arg[2m > [22m[2ma HIGH STUN prior ABSORBS a drop that a ZERO STUN prior PROMOTES (same accumulator history)
[22m[39m{"timestamp":"2026-06-20T06:10:09.322Z","level":"INFO","source":"frontend","module":"webrtc/sframe-transform","message":"encrypted frame","context":{"kid":9,"ctr":0,"byteLength":62,"codecOffset":10}}

[90mstdout[2m | apps/validator-daemon/src/canary/__tests__/verify-loop.test.ts[2m > [22m[2mREQ-CFA-042 — state.relayStunLossBps is READ as the classifier stunPacketLossBps arg[2m > [22m[2ma HIGH STUN prior ABSORBS a drop that a ZERO STUN prior PROMOTES (same accumulator history)
[22m[39m{"timestamp":"2026-06-20T06:10:09.322Z","level":"INFO","source":"frontend","module":"webrtc/sframe-transform","message":"encrypted frame","context":{"kid":9,"ctr":1,"byteLength":62,"codecOffset":10}}

[90mstdout[2m | apps/validator-daemon/src/canary/__tests__/verify-loop.test.ts[2m > [22m[2mREQ-CFA-042 — state.relayStunLossBps is READ as the classifier stunPacketLossBps arg[2m > [22m[2ma HIGH STUN prior ABSORBS a drop that a ZERO STUN prior PROMOTES (same accumulator history)
[22m[39m{"timestamp":"2026-06-20T06:10:09.323Z","level":"INFO","source":"frontend","module":"webrtc/sframe-transform","message":"encrypted frame","context":{"kid":9,"ctr":2,"byteLength":62,"codecOffset":10}}

[90mstdout[2m | apps/validator-daemon/src/canary/__tests__/verify-loop.test.ts[2m > [22m[2mREQ-CFA-042 — state.relayStunLossBps is READ as the classifier stunPacketLossBps arg[2m > [22m[2ma HIGH STUN prior ABSORBS a drop that a ZERO STUN prior PROMOTES (same accumulator history)
[22m[39m{"timestamp":"2026-06-20T06:10:09.323Z","level":"INFO","source":"frontend","module":"webrtc/sframe-transform","message":"encrypted frame","context":{"kid":9,"ctr":3,"byteLength":62,"codecOffset":10}}

[90mstdout[2m | apps/validator-daemon/src/canary/__tests__/verify-loop.test.ts[2m > [22m[2mREQ-CFA-042 — state.relayStunLossBps is READ as the classifier stunPacketLossBps arg[2m > [22m[2ma HIGH STUN prior ABSORBS a drop that a ZERO STUN prior PROMOTES (same accumulator history)
[22m[39m{"timestamp":"2026-06-20T06:10:09.323Z","level":"INFO","source":"frontend","module":"webrtc/sframe-transform","message":"encrypted frame","context":{"kid":9,"ctr":4,"byteLength":62,"codecOffset":10}}

[90mstdout[2m | apps/validator-daemon/src/canary/__tests__/verify-loop.test.ts[2m > [22m[2mREQ-CFA-042 — state.relayStunLossBps is READ as the classifier stunPacketLossBps arg[2m > [22m[2ma HIGH STUN prior ABSORBS a drop that a ZERO STUN prior PROMOTES (same accumulator history)
[22m[39m{"timestamp":"2026-06-20T06:10:09.323Z","level":"INFO","source":"frontend","module":"webrtc/sframe-transform","message":"encrypted frame","context":{"kid":9,"ctr":5,"byteLength":62,"codecOffset":10}}

[90mstdout[2m | apps/validator-daemon/src/canary/__tests__/verify-loop.test.ts[2m > [22m[2mREQ-CFA-042 — state.relayStunLossBps is READ as the classifier stunPacketLossBps arg[2m > [22m[2ma HIGH STUN prior ABSORBS a drop that a ZERO STUN prior PROMOTES (same accumulator history)
[22m[39m{"timestamp":"2026-06-20T06:10:09.324Z","level":"INFO","source":"frontend","module":"webrtc/sframe-transform","message":"encrypted frame","context":{"kid":9,"ctr":6,"byteLength":62,"codecOffset":10}}

[90mstdout[2m | apps/validator-daemon/src/canary/__tests__/verify-loop.test.ts[2m > [22m[2mREQ-CFA-042 — state.relayStunLossBps is READ as the classifier stunPacketLossBps arg[2m > [22m[2ma HIGH STUN prior ABSORBS a drop that a ZERO STUN prior PROMOTES (same accumulator history)
[22m[39m{"timestamp":"2026-06-20T06:10:09.324Z","level":"INFO","source":"frontend","module":"webrtc/sframe-transform","message":"encrypted frame","context":{"kid":9,"ctr":7,"byteLength":62,"codecOffset":10}}

{"level":30,"time":1781935809324,"pid":31940,"hostname":"Quang","name":"canary/verifier","canaryKid":9,"mediaPackets":7,"byteIdentical":7,"divergences":1,"msg":"canary forwarding verified"}
[90mstdout[2m | apps/validator-daemon/src/canary/__tests__/verify-loop.test.ts[2m > [22m[2mREQ-CFA-042 — state.relayStunLossBps is READ as the classifier stunPacketLossBps arg[2m > [22m[2ma HIGH STUN prior ABSORBS a drop that a ZERO STUN prior PROMOTES (same accumulator history)
[22m[39m{"timestamp":"2026-06-20T06:10:09.325Z","level":"INFO","source":"frontend","module":"webrtc/sframe-transform","message":"encrypted frame","context":{"kid":9,"ctr":0,"byteLength":62,"codecOffset":10}}

[90mstdout[2m | apps/validator-daemon/src/canary/__tests__/verify-loop.test.ts[2m > [22m[2mREQ-CFA-042 — state.relayStunLossBps is READ as the classifier stunPacketLossBps arg[2m > [22m[2ma HIGH STUN prior ABSORBS a drop that a ZERO STUN prior PROMOTES (same accumulator history)
[22m[39m{"timestamp":"2026-06-20T06:10:09.325Z","level":"INFO","source":"frontend","module":"webrtc/sframe-transform","message":"encrypted frame","context":{"kid":9,"ctr":1,"byteLength":62,"codecOffset":10}}

[90mstdout[2m | apps/validator-daemon/src/canary/__tests__/verify-loop.test.ts[2m > [22m[2mREQ-CFA-042 — state.relayStunLossBps is READ as the classifier stunPacketLossBps arg[2m > [22m[2ma HIGH STUN prior ABSORBS a drop that a ZERO STUN prior PROMOTES (same accumulator history)
[22m[39m{"timestamp":"2026-06-20T06:10:09.325Z","level":"INFO","source":"frontend","module":"webrtc/sframe-transform","message":"encrypted frame","context":{"kid":9,"ctr":2,"byteLength":62,"codecOffset":10}}

[90mstdout[2m | apps/validator-daemon/src/canary/__tests__/verify-loop.test.ts[2m > [22m[2mREQ-CFA-042 — state.relayStunLossBps is READ as the classifier stunPacketLossBps arg[2m > [22m[2ma HIGH STUN prior ABSORBS a drop that a ZERO STUN prior PROMOTES (same accumulator history)
[22m[39m{"timestamp":"2026-06-20T06:10:09.326Z","level":"INFO","source":"frontend","module":"webrtc/sframe-transform","message":"encrypted frame","context":{"kid":9,"ctr":3,"byteLength":62,"codecOffset":10}}

[90mstdout[2m | apps/validator-daemon/src/canary/__tests__/verify-loop.test.ts[2m > [22m[2mREQ-CFA-042 — state.relayStunLossBps is READ as the classifier stunPacketLossBps arg[2m > [22m[2ma HIGH STUN prior ABSORBS a drop that a ZERO STUN prior PROMOTES (same accumulator history)
[22m[39m{"timestamp":"2026-06-20T06:10:09.326Z","level":"INFO","source":"frontend","module":"webrtc/sframe-transform","message":"encrypted frame","context":{"kid":9,"ctr":4,"byteLength":62,"codecOffset":10}}

[90mstdout[2m | apps/validator-daemon/src/canary/__tests__/verify-loop.test.ts[2m > [22m[2mREQ-CFA-042 — state.relayStunLossBps is READ as the classifier stunPacketLossBps arg[2m > [22m[2ma HIGH STUN prior ABSORBS a drop that a ZERO STUN prior PROMOTES (same accumulator history)
[22m[39m{"timestamp":"2026-06-20T06:10:09.326Z","level":"INFO","source":"frontend","module":"webrtc/sframe-transform","message":"encrypted frame","context":{"kid":9,"ctr":5,"byteLength":62,"codecOffset":10}}

[90mstdout[2m | apps/validator-daemon/src/canary/__tests__/verify-loop.test.ts[2m > [22m[2mREQ-CFA-042 — state.relayStunLossBps is READ as the classifier stunPacketLossBps arg[2m > [22m[2ma HIGH STUN prior ABSORBS a drop that a ZERO STUN prior PROMOTES (same accumulator history)
[22m[39m{"timestamp":"2026-06-20T06:10:09.326Z","level":"INFO","source":"frontend","module":"webrtc/sframe-transform","message":"encrypted frame","context":{"kid":9,"ctr":6,"byteLength":62,"codecOffset":10}}

[90mstdout[2m | apps/validator-daemon/src/canary/__tests__/verify-loop.test.ts[2m > [22m[2mREQ-CFA-042 — state.relayStunLossBps is READ as the classifier stunPacketLossBps arg[2m > [22m[2ma HIGH STUN prior ABSORBS a drop that a ZERO STUN prior PROMOTES (same accumulator history)
[22m[39m{"timestamp":"2026-06-20T06:10:09.327Z","level":"INFO","source":"frontend","module":"webrtc/sframe-transform","message":"encrypted frame","context":{"kid":9,"ctr":7,"byteLength":62,"codecOffset":10}}

{"level":30,"time":1781935809327,"pid":31940,"hostname":"Quang","name":"canary/verifier","canaryKid":9,"mediaPackets":7,"byteIdentical":7,"divergences":1,"msg":"canary forwarding verified"}
{"level":30,"time":1781935809327,"pid":31940,"hostname":"Quang","name":"canary/loss-classifier","relayMinerId":"relay-under-audit","promoted":0,"absorbed":1,"tampers":0,"cumulativeCrossed":false,"msg":"canary divergences classified (drop gate / tamper p=1)"}
{"level":30,"time":1781935809327,"pid":31940,"hostname":"Quang","name":"canary/verify-loop","round":4,"relayMinerId":"relay-under-audit","roomId":"verify-loop-room","perReceiver":2,"promoted":0,"absorbed":1,"stunLossBps":"5000","msg":"canary verify round classified (hermetic half — synthetic capture, STUN read live)"}
[90mstdout[2m | apps/validator-daemon/src/canary/__tests__/verify-loop.test.ts[2m > [22m[2mREQ-CFA-042 — state.relayStunLossBps is READ as the classifier stunPacketLossBps arg[2m > [22m[2ma HIGH STUN prior ABSORBS a drop that a ZERO STUN prior PROMOTES (same accumulator history)
[22m[39m{"timestamp":"2026-06-20T06:10:09.328Z","level":"INFO","source":"frontend","module":"webrtc/sframe-transform","message":"encrypted frame","context":{"kid":9,"ctr":0,"byteLength":62,"codecOffset":10}}

[90mstdout[2m | apps/validator-daemon/src/canary/__tests__/verify-loop.test.ts[2m > [22m[2mREQ-CFA-042 — state.relayStunLossBps is READ as the classifier stunPacketLossBps arg[2m > [22m[2ma HIGH STUN prior ABSORBS a drop that a ZERO STUN prior PROMOTES (same accumulator history)
[22m[39m{"timestamp":"2026-06-20T06:10:09.328Z","level":"INFO","source":"frontend","module":"webrtc/sframe-transform","message":"encrypted frame","context":{"kid":9,"ctr":1,"byteLength":62,"codecOffset":10}}

[90mstdout[2m | apps/validator-daemon/src/canary/__tests__/verify-loop.test.ts[2m > [22m[2mREQ-CFA-042 — state.relayStunLossBps is READ as the classifier stunPacketLossBps arg[2m > [22m[2ma HIGH STUN prior ABSORBS a drop that a ZERO STUN prior PROMOTES (same accumulator history)
[22m[39m{"timestamp":"2026-06-20T06:10:09.328Z","level":"INFO","source":"frontend","module":"webrtc/sframe-transform","message":"encrypted frame","context":{"kid":9,"ctr":2,"byteLength":62,"codecOffset":10}}

[90mstdout[2m | apps/validator-daemon/src/canary/__tests__/verify-loop.test.ts[2m > [22m[2mREQ-CFA-042 — state.relayStunLossBps is READ as the classifier stunPacketLossBps arg[2m > [22m[2ma HIGH STUN prior ABSORBS a drop that a ZERO STUN prior PROMOTES (same accumulator history)
[22m[39m{"timestamp":"2026-06-20T06:10:09.329Z","level":"INFO","source":"frontend","module":"webrtc/sframe-transform","message":"encrypted frame","context":{"kid":9,"ctr":3,"byteLength":62,"codecOffset":10}}

[90mstdout[2m | apps/validator-daemon/src/canary/__tests__/verify-loop.test.ts[2m > [22m[2mREQ-CFA-042 — state.relayStunLossBps is READ as the classifier stunPacketLossBps arg[2m > [22m[2ma HIGH STUN prior ABSORBS a drop that a ZERO STUN prior PROMOTES (same accumulator history)
[22m[39m{"timestamp":"2026-06-20T06:10:09.329Z","level":"INFO","source":"frontend","module":"webrtc/sframe-transform","message":"encrypted frame","context":{"kid":9,"ctr":4,"byteLength":62,"codecOffset":10}}

[90mstdout[2m | apps/validator-daemon/src/canary/__tests__/verify-loop.test.ts[2m > [22m[2mREQ-CFA-042 — state.relayStunLossBps is READ as the classifier stunPacketLossBps arg[2m > [22m[2ma HIGH STUN prior ABSORBS a drop that a ZERO STUN prior PROMOTES (same accumulator history)
[22m[39m{"timestamp":"2026-06-20T06:10:09.329Z","level":"INFO","source":"frontend","module":"webrtc/sframe-transform","message":"encrypted frame","context":{"kid":9,"ctr":6,"byteLength":62,"codecOffset":10}}

[90mstdout[2m | apps/validator-daemon/src/canary/__tests__/verify-loop.test.ts[2m > [22m[2mREQ-CFA-042 — state.relayStunLossBps is READ as the classifier stunPacketLossBps arg[2m > [22m[2ma HIGH STUN prior ABSORBS a drop that a ZERO STUN prior PROMOTES (same accumulator history)
[22m[39m{"timestamp":"2026-06-20T06:10:09.330Z","level":"INFO","source":"frontend","module":"webrtc/sframe-transform","message":"encrypted frame","context":{"kid":9,"ctr":7,"byteLength":62,"codecOffset":10}}

[90mstdout[2m | apps/validator-daemon/src/canary/__tests__/verify-loop.test.ts[2m > [22m[2mREQ-CFA-042 — state.relayStunLossBps is READ as the classifier stunPacketLossBps arg[2m > [22m[2ma HIGH STUN prior ABSORBS a drop that a ZERO STUN prior PROMOTES (same accumulator history)
[22m[39m{"timestamp":"2026-06-20T06:10:09.330Z","level":"INFO","source":"frontend","module":"webrtc/sframe-transform","message":"encrypted frame","context":{"kid":9,"ctr":0,"byteLength":62,"codecOffset":10}}

[90mstdout[2m | apps/validator-daemon/src/canary/__tests__/verify-loop.test.ts[2m > [22m[2mREQ-CFA-042 — state.relayStunLossBps is READ as the classifier stunPacketLossBps arg[2m > [22m[2ma HIGH STUN prior ABSORBS a drop that a ZERO STUN prior PROMOTES (same accumulator history)
[22m[39m{"timestamp":"2026-06-20T06:10:09.330Z","level":"INFO","source":"frontend","module":"webrtc/sframe-transform","message":"encrypted frame","context":{"kid":9,"ctr":1,"byteLength":62,"codecOffset":10}}

[90mstdout[2m | apps/validator-daemon/src/canary/__tests__/verify-loop.test.ts[2m > [22m[2mREQ-CFA-042 — state.relayStunLossBps is READ as the classifier stunPacketLossBps arg[2m > [22m[2ma HIGH STUN prior ABSORBS a drop that a ZERO STUN prior PROMOTES (same accumulator history)
[22m[39m{"timestamp":"2026-06-20T06:10:09.331Z","level":"INFO","source":"frontend","module":"webrtc/sframe-transform","message":"encrypted frame","context":{"kid":9,"ctr":2,"byteLength":62,"codecOffset":10}}

[90mstdout[2m | apps/validator-daemon/src/canary/__tests__/verify-loop.test.ts[2m > [22m[2mREQ-CFA-042 — state.relayStunLossBps is READ as the classifier stunPacketLossBps arg[2m > [22m[2ma HIGH STUN prior ABSORBS a drop that a ZERO STUN prior PROMOTES (same accumulator history)
[22m[39m{"timestamp":"2026-06-20T06:10:09.331Z","level":"INFO","source":"frontend","module":"webrtc/sframe-transform","message":"encrypted frame","context":{"kid":9,"ctr":3,"byteLength":62,"codecOffset":10}}

[90mstdout[2m | apps/validator-daemon/src/canary/__tests__/verify-loop.test.ts[2m > [22m[2mREQ-CFA-042 — state.relayStunLossBps is READ as the classifier stunPacketLossBps arg[2m > [22m[2ma HIGH STUN prior ABSORBS a drop that a ZERO STUN prior PROMOTES (same accumulator history)
[22m[39m{"timestamp":"2026-06-20T06:10:09.331Z","level":"INFO","source":"frontend","module":"webrtc/sframe-transform","message":"encrypted frame","context":{"kid":9,"ctr":4,"byteLength":62,"codecOffset":10}}

[90mstdout[2m | apps/validator-daemon/src/canary/__tests__/verify-loop.test.ts[2m > [22m[2mREQ-CFA-042 — state.relayStunLossBps is READ as the classifier stunPacketLossBps arg[2m > [22m[2ma HIGH STUN prior ABSORBS a drop that a ZERO STUN prior PROMOTES (same accumulator history)
[22m[39m{"timestamp":"2026-06-20T06:10:09.332Z","level":"INFO","source":"frontend","module":"webrtc/sframe-transform","message":"encrypted frame","context":{"kid":9,"ctr":5,"byteLength":62,"codecOffset":10}}

[90mstdout[2m | apps/validator-daemon/src/canary/__tests__/verify-loop.test.ts[2m > [22m[2mREQ-CFA-042 — state.relayStunLossBps is READ as the classifier stunPacketLossBps arg[2m > [22m[2ma HIGH STUN prior ABSORBS a drop that a ZERO STUN prior PROMOTES (same accumulator history)
[22m[39m{"timestamp":"2026-06-20T06:10:09.332Z","level":"INFO","source":"frontend","module":"webrtc/sframe-transform","message":"encrypted frame","context":{"kid":9,"ctr":6,"byteLength":62,"codecOffset":10}}

[90mstdout[2m | apps/validator-daemon/src/canary/__tests__/verify-loop.test.ts[2m > [22m[2mREQ-CFA-042 — state.relayStunLossBps is READ as the classifier stunPacketLossBps arg[2m > [22m[2ma HIGH STUN prior ABSORBS a drop that a ZERO STUN prior PROMOTES (same accumulator history)
[22m[39m{"timestamp":"2026-06-20T06:10:09.332Z","level":"INFO","source":"frontend","module":"webrtc/sframe-transform","message":"encrypted frame","context":{"kid":9,"ctr":7,"byteLength":62,"codecOffset":10}}

{"level":30,"time":1781935809332,"pid":31940,"hostname":"Quang","name":"canary/verifier","canaryKid":9,"mediaPackets":7,"byteIdentical":7,"divergences":1,"msg":"canary forwarding verified"}
[90mstdout[2m | apps/validator-daemon/src/canary/__tests__/verify-loop.test.ts[2m > [22m[2mREQ-CFA-042 — state.relayStunLossBps is READ as the classifier stunPacketLossBps arg[2m > [22m[2ma HIGH STUN prior ABSORBS a drop that a ZERO STUN prior PROMOTES (same accumulator history)
[22m[39m{"timestamp":"2026-06-20T06:10:09.333Z","level":"INFO","source":"frontend","module":"webrtc/sframe-transform","message":"encrypted frame","context":{"kid":9,"ctr":0,"byteLength":62,"codecOffset":10}}

[90mstdout[2m | apps/validator-daemon/src/canary/__tests__/verify-loop.test.ts[2m > [22m[2mREQ-CFA-042 — state.relayStunLossBps is READ as the classifier stunPacketLossBps arg[2m > [22m[2ma HIGH STUN prior ABSORBS a drop that a ZERO STUN prior PROMOTES (same accumulator history)
[22m[39m{"timestamp":"2026-06-20T06:10:09.333Z","level":"INFO","source":"frontend","module":"webrtc/sframe-transform","message":"encrypted frame","context":{"kid":9,"ctr":1,"byteLength":62,"codecOffset":10}}

[90mstdout[2m | apps/validator-daemon/src/canary/__tests__/verify-loop.test.ts[2m > [22m[2mREQ-CFA-042 — state.relayStunLossBps is READ as the classifier stunPacketLossBps arg[2m > [22m[2ma HIGH STUN prior ABSORBS a drop that a ZERO STUN prior PROMOTES (same accumulator history)
[22m[39m{"timestamp":"2026-06-20T06:10:09.333Z","level":"INFO","source":"frontend","module":"webrtc/sframe-transform","message":"encrypted frame","context":{"kid":9,"ctr":2,"byteLength":62,"codecOffset":10}}

[90mstdout[2m | apps/validator-daemon/src/canary/__tests__/verify-loop.test.ts[2m > [22m[2mREQ-CFA-042 — state.relayStunLossBps is READ as the classifier stunPacketLossBps arg[2m > [22m[2ma HIGH STUN prior ABSORBS a drop that a ZERO STUN prior PROMOTES (same accumulator history)
[22m[39m{"timestamp":"2026-06-20T06:10:09.334Z","level":"INFO","source":"frontend","module":"webrtc/sframe-transform","message":"encrypted frame","context":{"kid":9,"ctr":3,"byteLength":62,"codecOffset":10}}

[90mstdout[2m | apps/validator-daemon/src/canary/__tests__/verify-loop.test.ts[2m > [22m[2mREQ-CFA-042 — state.relayStunLossBps is READ as the classifier stunPacketLossBps arg[2m > [22m[2ma HIGH STUN prior ABSORBS a drop that a ZERO STUN prior PROMOTES (same accumulator history)
[22m[39m{"timestamp":"2026-06-20T06:10:09.334Z","level":"INFO","source":"frontend","module":"webrtc/sframe-transform","message":"encrypted frame","context":{"kid":9,"ctr":4,"byteLength":62,"codecOffset":10}}

[90mstdout[2m | apps/validator-daemon/src/canary/__tests__/verify-loop.test.ts[2m > [22m[2mREQ-CFA-042 — state.relayStunLossBps is READ as the classifier stunPacketLossBps arg[2m > [22m[2ma HIGH STUN prior ABSORBS a drop that a ZERO STUN prior PROMOTES (same accumulator history)
[22m[39m{"timestamp":"2026-06-20T06:10:09.334Z","level":"INFO","source":"frontend","module":"webrtc/sframe-transform","message":"encrypted frame","context":{"kid":9,"ctr":5,"byteLength":62,"codecOffset":10}}

[90mstdout[2m | apps/validator-daemon/src/canary/__tests__/verify-loop.test.ts[2m > [22m[2mREQ-CFA-042 — state.relayStunLossBps is READ as the classifier stunPacketLossBps arg[2m > [22m[2ma HIGH STUN prior ABSORBS a drop that a ZERO STUN prior PROMOTES (same accumulator history)
[22m[39m{"timestamp":"2026-06-20T06:10:09.335Z","level":"INFO","source":"frontend","module":"webrtc/sframe-transform","message":"encrypted frame","context":{"kid":9,"ctr":6,"byteLength":62,"codecOffset":10}}

[90mstdout[2m | apps/validator-daemon/src/canary/__tests__/verify-loop.test.ts[2m > [22m[2mREQ-CFA-042 — state.relayStunLossBps is READ as the classifier stunPacketLossBps arg[2m > [22m[2ma HIGH STUN prior ABSORBS a drop that a ZERO STUN prior PROMOTES (same accumulator history)
[22m[39m{"timestamp":"2026-06-20T06:10:09.335Z","level":"INFO","source":"frontend","module":"webrtc/sframe-transform","message":"encrypted frame","context":{"kid":9,"ctr":7,"byteLength":62,"codecOffset":10}}

{"level":30,"time":1781935809335,"pid":31940,"hostname":"Quang","name":"canary/verifier","canaryKid":9,"mediaPackets":7,"byteIdentical":7,"divergences":1,"msg":"canary forwarding verified"}
{"level":30,"time":1781935809335,"pid":31940,"hostname":"Quang","name":"canary/loss-classifier","relayMinerId":"relay-under-audit","promoted":1,"absorbed":0,"tampers":0,"cumulativeCrossed":true,"msg":"canary divergences classified (drop gate / tamper p=1)"}
{"level":30,"time":1781935809339,"pid":31940,"hostname":"Quang","name":"canary/proof","roomId":"verify-loop-room","relayMinerId":"relay-under-audit","canaryId":9,"frameSeq":5,"drop":true,"attesters":2,"msg":"canary proof-of-divergence built (Wallet-B only)"}
{"level":30,"time":1781935809339,"pid":31940,"hostname":"Quang","name":"canary/verify-loop","round":5,"relayMinerId":"relay-under-audit","roomId":"verify-loop-room","perReceiver":2,"promoted":1,"absorbed":0,"stunLossBps":"0","msg":"canary verify round classified (hermetic half — synthetic capture, STUN read live)"}
[90mstdout[2m | apps/validator-daemon/src/canary/__tests__/verify-loop.test.ts[2m > [22m[2mREQ-CFA-042 — state.relayStunLossBps is READ as the classifier stunPacketLossBps arg[2m > [22m[2ma HIGH STUN prior ABSORBS a drop that a ZERO STUN prior PROMOTES (same accumulator history)
[22m[39m{"timestamp":"2026-06-20T06:10:09.340Z","level":"INFO","source":"frontend","module":"webrtc/sframe-transform","message":"encrypted frame","context":{"kid":9,"ctr":0,"byteLength":62,"codecOffset":10}}

[90mstdout[2m | apps/validator-daemon/src/canary/__tests__/verify-loop.test.ts[2m > [22m[2mREQ-CFA-042 — state.relayStunLossBps is READ as the classifier stunPacketLossBps arg[2m > [22m[2ma HIGH STUN prior ABSORBS a drop that a ZERO STUN prior PROMOTES (same accumulator history)
[22m[39m{"timestamp":"2026-06-20T06:10:09.340Z","level":"INFO","source":"frontend","module":"webrtc/sframe-transform","message":"encrypted frame","context":{"kid":9,"ctr":1,"byteLength":62,"codecOffset":10}}

[90mstdout[2m | apps/validator-daemon/src/canary/__tests__/verify-loop.test.ts[2m > [22m[2mREQ-CFA-042 — state.relayStunLossBps is READ as the classifier stunPacketLossBps arg[2m > [22m[2ma HIGH STUN prior ABSORBS a drop that a ZERO STUN prior PROMOTES (same accumulator history)
[22m[39m{"timestamp":"2026-06-20T06:10:09.341Z","level":"INFO","source":"frontend","module":"webrtc/sframe-transform","message":"encrypted frame","context":{"kid":9,"ctr":2,"byteLength":62,"codecOffset":10}}

[90mstdout[2m | apps/validator-daemon/src/canary/__tests__/verify-loop.test.ts[2m > [22m[2mREQ-CFA-042 — state.relayStunLossBps is READ as the classifier stunPacketLossBps arg[2m > [22m[2ma HIGH STUN prior ABSORBS a drop that a ZERO STUN prior PROMOTES (same accumulator history)
[22m[39m{"timestamp":"2026-06-20T06:10:09.341Z","level":"INFO","source":"frontend","module":"webrtc/sframe-transform","message":"encrypted frame","context":{"kid":9,"ctr":3,"byteLength":62,"codecOffset":10}}

[90mstdout[2m | apps/validator-daemon/src/canary/__tests__/verify-loop.test.ts[2m > [22m[2mREQ-CFA-042 — state.relayStunLossBps is READ as the classifier stunPacketLossBps arg[2m > [22m[2ma HIGH STUN prior ABSORBS a drop that a ZERO STUN prior PROMOTES (same accumulator history)
[22m[39m{"timestamp":"2026-06-20T06:10:09.342Z","level":"INFO","source":"frontend","module":"webrtc/sframe-transform","message":"encrypted frame","context":{"kid":9,"ctr":4,"byteLength":62,"codecOffset":10}}

[90mstdout[2m | apps/validator-daemon/src/canary/__tests__/verify-loop.test.ts[2m > [22m[2mREQ-CFA-042 — state.relayStunLossBps is READ as the classifier stunPacketLossBps arg[2m > [22m[2ma HIGH STUN prior ABSORBS a drop that a ZERO STUN prior PROMOTES (same accumulator history)
[22m[39m{"timestamp":"2026-06-20T06:10:09.342Z","level":"INFO","source":"frontend","module":"webrtc/sframe-transform","message":"encrypted frame","context":{"kid":9,"ctr":6,"byteLength":62,"codecOffset":10}}

[90mstdout[2m | apps/validator-daemon/src/canary/__tests__/verify-loop.test.ts[2m > [22m[2mREQ-CFA-042 — state.relayStunLossBps is READ as the classifier stunPacketLossBps arg[2m > [22m[2ma HIGH STUN prior ABSORBS a drop that a ZERO STUN prior PROMOTES (same accumulator history)
[22m[39m{"timestamp":"2026-06-20T06:10:09.343Z","level":"INFO","source":"frontend","module":"webrtc/sframe-transform","message":"encrypted frame","context":{"kid":9,"ctr":7,"byteLength":62,"codecOffset":10}}

[90mstdout[2m | apps/validator-daemon/src/canary/__tests__/verify-loop.test.ts[2m > [22m[2mREQ-CFA-042 — state.relayStunLossBps is READ as the classifier stunPacketLossBps arg[2m > [22m[2ma HIGH STUN prior ABSORBS a drop that a ZERO STUN prior PROMOTES (same accumulator history)
[22m[39m{"timestamp":"2026-06-20T06:10:09.343Z","level":"INFO","source":"frontend","module":"webrtc/sframe-transform","message":"encrypted frame","context":{"kid":9,"ctr":0,"byteLength":62,"codecOffset":10}}

[90mstdout[2m | apps/validator-daemon/src/canary/__tests__/verify-loop.test.ts[2m > [22m[2mREQ-CFA-042 — state.relayStunLossBps is READ as the classifier stunPacketLossBps arg[2m > [22m[2ma HIGH STUN prior ABSORBS a drop that a ZERO STUN prior PROMOTES (same accumulator history)
[22m[39m{"timestamp":"2026-06-20T06:10:09.344Z","level":"INFO","source":"frontend","module":"webrtc/sframe-transform","message":"encrypted frame","context":{"kid":9,"ctr":1,"byteLength":62,"codecOffset":10}}

[90mstdout[2m | apps/validator-daemon/src/canary/__tests__/verify-loop.test.ts[2m > [22m[2mREQ-CFA-042 — state.relayStunLossBps is READ as the classifier stunPacketLossBps arg[2m > [22m[2ma HIGH STUN prior ABSORBS a drop that a ZERO STUN prior PROMOTES (same accumulator history)
[22m[39m{"timestamp":"2026-06-20T06:10:09.344Z","level":"INFO","source":"frontend","module":"webrtc/sframe-transform","message":"encrypted frame","context":{"kid":9,"ctr":2,"byteLength":62,"codecOffset":10}}

[90mstdout[2m | apps/validator-daemon/src/canary/__tests__/verify-loop.test.ts[2m > [22m[2mREQ-CFA-042 — state.relayStunLossBps is READ as the classifier stunPacketLossBps arg[2m > [22m[2ma HIGH STUN prior ABSORBS a drop that a ZERO STUN prior PROMOTES (same accumulator history)
[22m[39m{"timestamp":"2026-06-20T06:10:09.344Z","level":"INFO","source":"frontend","module":"webrtc/sframe-transform","message":"encrypted frame","context":{"kid":9,"ctr":3,"byteLength":62,"codecOffset":10}}

[90mstdout[2m | apps/validator-daemon/src/canary/__tests__/verify-loop.test.ts[2m > [22m[2mREQ-CFA-042 — state.relayStunLossBps is READ as the classifier stunPacketLossBps arg[2m > [22m[2ma HIGH STUN prior ABSORBS a drop that a ZERO STUN prior PROMOTES (same accumulator history)
[22m[39m{"timestamp":"2026-06-20T06:10:09.345Z","level":"INFO","source":"frontend","module":"webrtc/sframe-transform","message":"encrypted frame","context":{"kid":9,"ctr":4,"byteLength":62,"codecOffset":10}}

[90mstdout[2m | apps/validator-daemon/src/canary/__tests__/verify-loop.test.ts[2m > [22m[2mREQ-CFA-042 — state.relayStunLossBps is READ as the classifier stunPacketLossBps arg[2m > [22m[2ma HIGH STUN prior ABSORBS a drop that a ZERO STUN prior PROMOTES (same accumulator history)
[22m[39m{"timestamp":"2026-06-20T06:10:09.345Z","level":"INFO","source":"frontend","module":"webrtc/sframe-transform","message":"encrypted frame","context":{"kid":9,"ctr":5,"byteLength":62,"codecOffset":10}}

[90mstdout[2m | apps/validator-daemon/src/canary/__tests__/verify-loop.test.ts[2m > [22m[2mREQ-CFA-042 — state.relayStunLossBps is READ as the classifier stunPacketLossBps arg[2m > [22m[2ma HIGH STUN prior ABSORBS a drop that a ZERO STUN prior PROMOTES (same accumulator history)
[22m[39m{"timestamp":"2026-06-20T06:10:09.345Z","level":"INFO","source":"frontend","module":"webrtc/sframe-transform","message":"encrypted frame","context":{"kid":9,"ctr":6,"byteLength":62,"codecOffset":10}}

[90mstdout[2m | apps/validator-daemon/src/canary/__tests__/verify-loop.test.ts[2m > [22m[2mREQ-CFA-042 — state.relayStunLossBps is READ as the classifier stunPacketLossBps arg[2m > [22m[2ma HIGH STUN prior ABSORBS a drop that a ZERO STUN prior PROMOTES (same accumulator history)
[22m[39m{"timestamp":"2026-06-20T06:10:09.346Z","level":"INFO","source":"frontend","module":"webrtc/sframe-transform","message":"encrypted frame","context":{"kid":9,"ctr":7,"byteLength":62,"codecOffset":10}}

{"level":30,"time":1781935809346,"pid":31940,"hostname":"Quang","name":"canary/verifier","canaryKid":9,"mediaPackets":7,"byteIdentical":7,"divergences":1,"msg":"canary forwarding verified"}
[90mstdout[2m | apps/validator-daemon/src/canary/__tests__/verify-loop.test.ts[2m > [22m[2mREQ-CFA-042 — state.relayStunLossBps is READ as the classifier stunPacketLossBps arg[2m > [22m[2ma HIGH STUN prior ABSORBS a drop that a ZERO STUN prior PROMOTES (same accumulator history)
[22m[39m{"timestamp":"2026-06-20T06:10:09.346Z","level":"INFO","source":"frontend","module":"webrtc/sframe-transform","message":"encrypted frame","context":{"kid":9,"ctr":0,"byteLength":62,"codecOffset":10}}

[90mstdout[2m | apps/validator-daemon/src/canary/__tests__/verify-loop.test.ts[2m > [22m[2mREQ-CFA-042 — state.relayStunLossBps is READ as the classifier stunPacketLossBps arg[2m > [22m[2ma HIGH STUN prior ABSORBS a drop that a ZERO STUN prior PROMOTES (same accumulator history)
[22m[39m{"timestamp":"2026-06-20T06:10:09.347Z","level":"INFO","source":"frontend","module":"webrtc/sframe-transform","message":"encrypted frame","context":{"kid":9,"ctr":1,"byteLength":62,"codecOffset":10}}

[90mstdout[2m | apps/validator-daemon/src/canary/__tests__/verify-loop.test.ts[2m > [22m[2mREQ-CFA-042 — state.relayStunLossBps is READ as the classifier stunPacketLossBps arg[2m > [22m[2ma HIGH STUN prior ABSORBS a drop that a ZERO STUN prior PROMOTES (same accumulator history)
[22m[39m{"timestamp":"2026-06-20T06:10:09.347Z","level":"INFO","source":"frontend","module":"webrtc/sframe-transform","message":"encrypted frame","context":{"kid":9,"ctr":2,"byteLength":62,"codecOffset":10}}

[90mstdout[2m | apps/validator-daemon/src/canary/__tests__/verify-loop.test.ts[2m > [22m[2mREQ-CFA-042 — state.relayStunLossBps is READ as the classifier stunPacketLossBps arg[2m > [22m[2ma HIGH STUN prior ABSORBS a drop that a ZERO STUN prior PROMOTES (same accumulator history)
[22m[39m{"timestamp":"2026-06-20T06:10:09.348Z","level":"INFO","source":"frontend","module":"webrtc/sframe-transform","message":"encrypted frame","context":{"kid":9,"ctr":3,"byteLength":62,"codecOffset":10}}

[90mstdout[2m | apps/validator-daemon/src/canary/__tests__/verify-loop.test.ts[2m > [22m[2mREQ-CFA-042 — state.relayStunLossBps is READ as the classifier stunPacketLossBps arg[2m > [22m[2ma HIGH STUN prior ABSORBS a drop that a ZERO STUN prior PROMOTES (same accumulator history)
[22m[39m{"timestamp":"2026-06-20T06:10:09.348Z","level":"INFO","source":"frontend","module":"webrtc/sframe-transform","message":"encrypted frame","context":{"kid":9,"ctr":4,"byteLength":62,"codecOffset":10}}

[90mstdout[2m | apps/validator-daemon/src/canary/__tests__/verify-loop.test.ts[2m > [22m[2mREQ-CFA-042 — state.relayStunLossBps is READ as the classifier stunPacketLossBps arg[2m > [22m[2ma HIGH STUN prior ABSORBS a drop that a ZERO STUN prior PROMOTES (same accumulator history)
[22m[39m{"timestamp":"2026-06-20T06:10:09.349Z","level":"INFO","source":"frontend","module":"webrtc/sframe-transform","message":"encrypted frame","context":{"kid":9,"ctr":5,"byteLength":62,"codecOffset":10}}

[90mstdout[2m | apps/validator-daemon/src/canary/__tests__/verify-loop.test.ts[2m > [22m[2mREQ-CFA-042 — state.relayStunLossBps is READ as the classifier stunPacketLossBps arg[2m > [22m[2ma HIGH STUN prior ABSORBS a drop that a ZERO STUN prior PROMOTES (same accumulator history)
[22m[39m{"timestamp":"2026-06-20T06:10:09.349Z","level":"INFO","source":"frontend","module":"webrtc/sframe-transform","message":"encrypted frame","context":{"kid":9,"ctr":6,"byteLength":62,"codecOffset":10}}

[90mstdout[2m | apps/validator-daemon/src/canary/__tests__/verify-loop.test.ts[2m > [22m[2mREQ-CFA-042 — state.relayStunLossBps is READ as the classifier stunPacketLossBps arg[2m > [22m[2ma HIGH STUN prior ABSORBS a drop that a ZERO STUN prior PROMOTES (same accumulator history)
[22m[39m{"timestamp":"2026-06-20T06:10:09.349Z","level":"INFO","source":"frontend","module":"webrtc/sframe-transform","message":"encrypted frame","context":{"kid":9,"ctr":7,"byteLength":62,"codecOffset":10}}

{"level":30,"time":1781935809350,"pid":31940,"hostname":"Quang","name":"canary/verifier","canaryKid":9,"mediaPackets":7,"byteIdentical":7,"divergences":1,"msg":"canary forwarding verified"}
{"level":30,"time":1781935809350,"pid":31940,"hostname":"Quang","name":"canary/loss-classifier","relayMinerId":"relay-under-audit","promoted":0,"absorbed":1,"tampers":0,"cumulativeCrossed":false,"msg":"canary divergences classified (drop gate / tamper p=1)"}
{"level":30,"time":1781935809350,"pid":31940,"hostname":"Quang","name":"canary/verify-loop","round":5,"relayMinerId":"relay-under-audit","roomId":"verify-loop-room","perReceiver":2,"promoted":0,"absorbed":1,"stunLossBps":"5000","msg":"canary verify round classified (hermetic half — synthetic capture, STUN read live)"}
[90mstdout[2m | apps/validator-daemon/src/canary/__tests__/verify-loop.test.ts[2m > [22m[2mREQ-CFA-042 — state.relayStunLossBps is READ as the classifier stunPacketLossBps arg[2m > [22m[2ma HIGH STUN prior ABSORBS a drop that a ZERO STUN prior PROMOTES (same accumulator history)
[22m[39m{"timestamp":"2026-06-20T06:10:09.350Z","level":"INFO","source":"frontend","module":"webrtc/sframe-transform","message":"encrypted frame","context":{"kid":9,"ctr":0,"byteLength":62,"codecOffset":10}}

[90mstdout[2m | apps/validator-daemon/src/canary/__tests__/verify-loop.test.ts[2m > [22m[2mREQ-CFA-042 — state.relayStunLossBps is READ as the classifier stunPacketLossBps arg[2m > [22m[2ma HIGH STUN prior ABSORBS a drop that a ZERO STUN prior PROMOTES (same accumulator history)
[22m[39m{"timestamp":"2026-06-20T06:10:09.351Z","level":"INFO","source":"frontend","module":"webrtc/sframe-transform","message":"encrypted frame","context":{"kid":9,"ctr":1,"byteLength":62,"codecOffset":10}}

[90mstdout[2m | apps/validator-daemon/src/canary/__tests__/verify-loop.test.ts[2m > [22m[2mREQ-CFA-042 — state.relayStunLossBps is READ as the classifier stunPacketLossBps arg[2m > [22m[2ma HIGH STUN prior ABSORBS a drop that a ZERO STUN prior PROMOTES (same accumulator history)
[22m[39m{"timestamp":"2026-06-20T06:10:09.351Z","level":"INFO","source":"frontend","module":"webrtc/sframe-transform","message":"encrypted frame","context":{"kid":9,"ctr":2,"byteLength":62,"codecOffset":10}}

[90mstdout[2m | apps/validator-daemon/src/canary/__tests__/verify-loop.test.ts[2m > [22m[2mREQ-CFA-042 — state.relayStunLossBps is READ as the classifier stunPacketLossBps arg[2m > [22m[2ma HIGH STUN prior ABSORBS a drop that a ZERO STUN prior PROMOTES (same accumulator history)
[22m[39m{"timestamp":"2026-06-20T06:10:09.351Z","level":"INFO","source":"frontend","module":"webrtc/sframe-transform","message":"encrypted frame","context":{"kid":9,"ctr":3,"byteLength":62,"codecOffset":10}}

[90mstdout[2m | apps/validator-daemon/src/canary/__tests__/verify-loop.test.ts[2m > [22m[2mREQ-CFA-042 — state.relayStunLossBps is READ as the classifier stunPacketLossBps arg[2m > [22m[2ma HIGH STUN prior ABSORBS a drop that a ZERO STUN prior PROMOTES (same accumulator history)
[22m[39m{"timestamp":"2026-06-20T06:10:09.352Z","level":"INFO","source":"frontend","module":"webrtc/sframe-transform","message":"encrypted frame","context":{"kid":9,"ctr":4,"byteLength":62,"codecOffset":10}}

[90mstdout[2m | apps/validator-daemon/src/canary/__tests__/verify-loop.test.ts[2m > [22m[2mREQ-CFA-042 — state.relayStunLossBps is READ as the classifier stunPacketLossBps arg[2m > [22m[2ma HIGH STUN prior ABSORBS a drop that a ZERO STUN prior PROMOTES (same accumulator history)
[22m[39m{"timestamp":"2026-06-20T06:10:09.352Z","level":"INFO","source":"frontend","module":"webrtc/sframe-transform","message":"encrypted frame","context":{"kid":9,"ctr":6,"byteLength":62,"codecOffset":10}}

[90mstdout[2m | apps/validator-daemon/src/canary/__tests__/verify-loop.test.ts[2m > [22m[2mREQ-CFA-042 — state.relayStunLossBps is READ as the classifier stunPacketLossBps arg[2m > [22m[2ma HIGH STUN prior ABSORBS a drop that a ZERO STUN prior PROMOTES (same accumulator history)
[22m[39m{"timestamp":"2026-06-20T06:10:09.353Z","level":"INFO","source":"frontend","module":"webrtc/sframe-transform","message":"encrypted frame","context":{"kid":9,"ctr":7,"byteLength":62,"codecOffset":10}}

[90mstdout[2m | apps/validator-daemon/src/canary/__tests__/verify-loop.test.ts[2m > [22m[2mREQ-CFA-042 — state.relayStunLossBps is READ as the classifier stunPacketLossBps arg[2m > [22m[2ma HIGH STUN prior ABSORBS a drop that a ZERO STUN prior PROMOTES (same accumulator history)
[22m[39m{"timestamp":"2026-06-20T06:10:09.353Z","level":"INFO","source":"frontend","module":"webrtc/sframe-transform","message":"encrypted frame","context":{"kid":9,"ctr":0,"byteLength":62,"codecOffset":10}}

[90mstdout[2m | apps/validator-daemon/src/canary/__tests__/verify-loop.test.ts[2m > [22m[2mREQ-CFA-042 — state.relayStunLossBps is READ as the classifier stunPacketLossBps arg[2m > [22m[2ma HIGH STUN prior ABSORBS a drop that a ZERO STUN prior PROMOTES (same accumulator history)
[22m[39m{"timestamp":"2026-06-20T06:10:09.353Z","level":"INFO","source":"frontend","module":"webrtc/sframe-transform","message":"encrypted frame","context":{"kid":9,"ctr":1,"byteLength":62,"codecOffset":10}}

[90mstdout[2m | apps/validator-daemon/src/canary/__tests__/verify-loop.test.ts[2m > [22m[2mREQ-CFA-042 — state.relayStunLossBps is READ as the classifier stunPacketLossBps arg[2m > [22m[2ma HIGH STUN prior ABSORBS a drop that a ZERO STUN prior PROMOTES (same accumulator history)
[22m[39m{"timestamp":"2026-06-20T06:10:09.354Z","level":"INFO","source":"frontend","module":"webrtc/sframe-transform","message":"encrypted frame","context":{"kid":9,"ctr":2,"byteLength":62,"codecOffset":10}}

[90mstdout[2m | apps/validator-daemon/src/canary/__tests__/verify-loop.test.ts[2m > [22m[2mREQ-CFA-042 — state.relayStunLossBps is READ as the classifier stunPacketLossBps arg[2m > [22m[2ma HIGH STUN prior ABSORBS a drop that a ZERO STUN prior PROMOTES (same accumulator history)
[22m[39m{"timestamp":"2026-06-20T06:10:09.354Z","level":"INFO","source":"frontend","module":"webrtc/sframe-transform","message":"encrypted frame","context":{"kid":9,"ctr":3,"byteLength":62,"codecOffset":10}}

[90mstdout[2m | apps/validator-daemon/src/canary/__tests__/verify-loop.test.ts[2m > [22m[2mREQ-CFA-042 — state.relayStunLossBps is READ as the classifier stunPacketLossBps arg[2m > [22m[2ma HIGH STUN prior ABSORBS a drop that a ZERO STUN prior PROMOTES (same accumulator history)
[22m[39m{"timestamp":"2026-06-20T06:10:09.354Z","level":"INFO","source":"frontend","module":"webrtc/sframe-transform","message":"encrypted frame","context":{"kid":9,"ctr":4,"byteLength":62,"codecOffset":10}}

[90mstdout[2m | apps/validator-daemon/src/canary/__tests__/verify-loop.test.ts[2m > [22m[2mREQ-CFA-042 — state.relayStunLossBps is READ as the classifier stunPacketLossBps arg[2m > [22m[2ma HIGH STUN prior ABSORBS a drop that a ZERO STUN prior PROMOTES (same accumulator history)
[22m[39m{"timestamp":"2026-06-20T06:10:09.355Z","level":"INFO","source":"frontend","module":"webrtc/sframe-transform","message":"encrypted frame","context":{"kid":9,"ctr":5,"byteLength":62,"codecOffset":10}}

[90mstdout[2m | apps/validator-daemon/src/canary/__tests__/verify-loop.test.ts[2m > [22m[2mREQ-CFA-042 — state.relayStunLossBps is READ as the classifier stunPacketLossBps arg[2m > [22m[2ma HIGH STUN prior ABSORBS a drop that a ZERO STUN prior PROMOTES (same accumulator history)
[22m[39m{"timestamp":"2026-06-20T06:10:09.355Z","level":"INFO","source":"frontend","module":"webrtc/sframe-transform","message":"encrypted frame","context":{"kid":9,"ctr":6,"byteLength":62,"codecOffset":10}}

[90mstdout[2m | apps/validator-daemon/src/canary/__tests__/verify-loop.test.ts[2m > [22m[2mREQ-CFA-042 — state.relayStunLossBps is READ as the classifier stunPacketLossBps arg[2m > [22m[2ma HIGH STUN prior ABSORBS a drop that a ZERO STUN prior PROMOTES (same accumulator history)
[22m[39m{"timestamp":"2026-06-20T06:10:09.355Z","level":"INFO","source":"frontend","module":"webrtc/sframe-transform","message":"encrypted frame","context":{"kid":9,"ctr":7,"byteLength":62,"codecOffset":10}}

{"level":30,"time":1781935809356,"pid":31940,"hostname":"Quang","name":"canary/verifier","canaryKid":9,"mediaPackets":7,"byteIdentical":7,"divergences":1,"msg":"canary forwarding verified"}
[90mstdout[2m | apps/validator-daemon/src/canary/__tests__/verify-loop.test.ts[2m > [22m[2mREQ-CFA-042 — state.relayStunLossBps is READ as the classifier stunPacketLossBps arg[2m > [22m[2ma HIGH STUN prior ABSORBS a drop that a ZERO STUN prior PROMOTES (same accumulator history)
[22m[39m{"timestamp":"2026-06-20T06:10:09.356Z","level":"INFO","source":"frontend","module":"webrtc/sframe-transform","message":"encrypted frame","context":{"kid":9,"ctr":0,"byteLength":62,"codecOffset":10}}

[90mstdout[2m | apps/validator-daemon/src/canary/__tests__/verify-loop.test.ts[2m > [22m[2mREQ-CFA-042 — state.relayStunLossBps is READ as the classifier stunPacketLossBps arg[2m > [22m[2ma HIGH STUN prior ABSORBS a drop that a ZERO STUN prior PROMOTES (same accumulator history)
[22m[39m{"timestamp":"2026-06-20T06:10:09.356Z","level":"INFO","source":"frontend","module":"webrtc/sframe-transform","message":"encrypted frame","context":{"kid":9,"ctr":1,"byteLength":62,"codecOffset":10}}

[90mstdout[2m | apps/validator-daemon/src/canary/__tests__/verify-loop.test.ts[2m > [22m[2mREQ-CFA-042 — state.relayStunLossBps is READ as the classifier stunPacketLossBps arg[2m > [22m[2ma HIGH STUN prior ABSORBS a drop that a ZERO STUN prior PROMOTES (same accumulator history)
[22m[39m{"timestamp":"2026-06-20T06:10:09.356Z","level":"INFO","source":"frontend","module":"webrtc/sframe-transform","message":"encrypted frame","context":{"kid":9,"ctr":2,"byteLength":62,"codecOffset":10}}

[90mstdout[2m | apps/validator-daemon/src/canary/__tests__/verify-loop.test.ts[2m > [22m[2mREQ-CFA-042 — state.relayStunLossBps is READ as the classifier stunPacketLossBps arg[2m > [22m[2ma HIGH STUN prior ABSORBS a drop that a ZERO STUN prior PROMOTES (same accumulator history)
[22m[39m{"timestamp":"2026-06-20T06:10:09.357Z","level":"INFO","source":"frontend","module":"webrtc/sframe-transform","message":"encrypted frame","context":{"kid":9,"ctr":3,"byteLength":62,"codecOffset":10}}

[90mstdout[2m | apps/validator-daemon/src/canary/__tests__/verify-loop.test.ts[2m > [22m[2mREQ-CFA-042 — state.relayStunLossBps is READ as the classifier stunPacketLossBps arg[2m > [22m[2ma HIGH STUN prior ABSORBS a drop that a ZERO STUN prior PROMOTES (same accumulator history)
[22m[39m{"timestamp":"2026-06-20T06:10:09.357Z","level":"INFO","source":"frontend","module":"webrtc/sframe-transform","message":"encrypted frame","context":{"kid":9,"ctr":4,"byteLength":62,"codecOffset":10}}

[90mstdout[2m | apps/validator-daemon/src/canary/__tests__/verify-loop.test.ts[2m > [22m[2mREQ-CFA-042 — state.relayStunLossBps is READ as the classifier stunPacketLossBps arg[2m > [22m[2ma HIGH STUN prior ABSORBS a drop that a ZERO STUN prior PROMOTES (same accumulator history)
[22m[39m{"timestamp":"2026-06-20T06:10:09.358Z","level":"INFO","source":"frontend","module":"webrtc/sframe-transform","message":"encrypted frame","context":{"kid":9,"ctr":5,"byteLength":62,"codecOffset":10}}

[90mstdout[2m | apps/validator-daemon/src/canary/__tests__/verify-loop.test.ts[2m > [22m[2mREQ-CFA-042 — state.relayStunLossBps is READ as the classifier stunPacketLossBps arg[2m > [22m[2ma HIGH STUN prior ABSORBS a drop that a ZERO STUN prior PROMOTES (same accumulator history)
[22m[39m{"timestamp":"2026-06-20T06:10:09.358Z","level":"INFO","source":"frontend","module":"webrtc/sframe-transform","message":"encrypted frame","context":{"kid":9,"ctr":6,"byteLength":62,"codecOffset":10}}

[90mstdout[2m | apps/validator-daemon/src/canary/__tests__/verify-loop.test.ts[2m > [22m[2mREQ-CFA-042 — state.relayStunLossBps is READ as the classifier stunPacketLossBps arg[2m > [22m[2ma HIGH STUN prior ABSORBS a drop that a ZERO STUN prior PROMOTES (same accumulator history)
[22m[39m{"timestamp":"2026-06-20T06:10:09.358Z","level":"INFO","source":"frontend","module":"webrtc/sframe-transform","message":"encrypted frame","context":{"kid":9,"ctr":7,"byteLength":62,"codecOffset":10}}

{"level":30,"time":1781935809359,"pid":31940,"hostname":"Quang","name":"canary/verifier","canaryKid":9,"mediaPackets":7,"byteIdentical":7,"divergences":1,"msg":"canary forwarding verified"}
{"level":30,"time":1781935809359,"pid":31940,"hostname":"Quang","name":"canary/loss-classifier","relayMinerId":"relay-under-audit","promoted":1,"absorbed":0,"tampers":0,"cumulativeCrossed":true,"msg":"canary divergences classified (drop gate / tamper p=1)"}
{"level":30,"time":1781935809361,"pid":31940,"hostname":"Quang","name":"canary/proof","roomId":"verify-loop-room","relayMinerId":"relay-under-audit","canaryId":9,"frameSeq":5,"drop":true,"attesters":2,"msg":"canary proof-of-divergence built (Wallet-B only)"}
{"level":30,"time":1781935809361,"pid":31940,"hostname":"Quang","name":"canary/verify-loop","round":6,"relayMinerId":"relay-under-audit","roomId":"verify-loop-room","perReceiver":2,"promoted":1,"absorbed":0,"stunLossBps":"0","msg":"canary verify round classified (hermetic half — synthetic capture, STUN read live)"}
[90mstdout[2m | apps/validator-daemon/src/canary/__tests__/verify-loop.test.ts[2m > [22m[2mREQ-CFA-042 — state.relayStunLossBps is READ as the classifier stunPacketLossBps arg[2m > [22m[2ma HIGH STUN prior ABSORBS a drop that a ZERO STUN prior PROMOTES (same accumulator history)
[22m[39m{"timestamp":"2026-06-20T06:10:09.362Z","level":"INFO","source":"frontend","module":"webrtc/sframe-transform","message":"encrypted frame","context":{"kid":9,"ctr":0,"byteLength":62,"codecOffset":10}}

[90mstdout[2m | apps/validator-daemon/src/canary/__tests__/verify-loop.test.ts[2m > [22m[2mREQ-CFA-042 — state.relayStunLossBps is READ as the classifier stunPacketLossBps arg[2m > [22m[2ma HIGH STUN prior ABSORBS a drop that a ZERO STUN prior PROMOTES (same accumulator history)
[22m[39m{"timestamp":"2026-06-20T06:10:09.362Z","level":"INFO","source":"frontend","module":"webrtc/sframe-transform","message":"encrypted frame","context":{"kid":9,"ctr":1,"byteLength":62,"codecOffset":10}}

[90mstdout[2m | apps/validator-daemon/src/canary/__tests__/verify-loop.test.ts[2m > [22m[2mREQ-CFA-042 — state.relayStunLossBps is READ as the classifier stunPacketLossBps arg[2m > [22m[2ma HIGH STUN prior ABSORBS a drop that a ZERO STUN prior PROMOTES (same accumulator history)
[22m[39m{"timestamp":"2026-06-20T06:10:09.362Z","level":"INFO","source":"frontend","module":"webrtc/sframe-transform","message":"encrypted frame","context":{"kid":9,"ctr":2,"byteLength":62,"codecOffset":10}}

[90mstdout[2m | apps/validator-daemon/src/canary/__tests__/verify-loop.test.ts[2m > [22m[2mREQ-CFA-042 — state.relayStunLossBps is READ as the classifier stunPacketLossBps arg[2m > [22m[2ma HIGH STUN prior ABSORBS a drop that a ZERO STUN prior PROMOTES (same accumulator history)
[22m[39m{"timestamp":"2026-06-20T06:10:09.363Z","level":"INFO","source":"frontend","module":"webrtc/sframe-transform","message":"encrypted frame","context":{"kid":9,"ctr":3,"byteLength":62,"codecOffset":10}}

[90mstdout[2m | apps/validator-daemon/src/canary/__tests__/verify-loop.test.ts[2m > [22m[2mREQ-CFA-042 — state.relayStunLossBps is READ as the classifier stunPacketLossBps arg[2m > [22m[2ma HIGH STUN prior ABSORBS a drop that a ZERO STUN prior PROMOTES (same accumulator history)
[22m[39m{"timestamp":"2026-06-20T06:10:09.363Z","level":"INFO","source":"frontend","module":"webrtc/sframe-transform","message":"encrypted frame","context":{"kid":9,"ctr":4,"byteLength":62,"codecOffset":10}}

[90mstdout[2m | apps/validator-daemon/src/canary/__tests__/verify-loop.test.ts[2m > [22m[2mREQ-CFA-042 — state.relayStunLossBps is READ as the classifier stunPacketLossBps arg[2m > [22m[2ma HIGH STUN prior ABSORBS a drop that a ZERO STUN prior PROMOTES (same accumulator history)
[22m[39m{"timestamp":"2026-06-20T06:10:09.363Z","level":"INFO","source":"frontend","module":"webrtc/sframe-transform","message":"encrypted frame","context":{"kid":9,"ctr":6,"byteLength":62,"codecOffset":10}}

[90mstdout[2m | apps/validator-daemon/src/canary/__tests__/verify-loop.test.ts[2m > [22m[2mREQ-CFA-042 — state.relayStunLossBps is READ as the classifier stunPacketLossBps arg[2m > [22m[2ma HIGH STUN prior ABSORBS a drop that a ZERO STUN prior PROMOTES (same accumulator history)
[22m[39m{"timestamp":"2026-06-20T06:10:09.364Z","level":"INFO","source":"frontend","module":"webrtc/sframe-transform","message":"encrypted frame","context":{"kid":9,"ctr":7,"byteLength":62,"codecOffset":10}}

[90mstdout[2m | apps/validator-daemon/src/canary/__tests__/verify-loop.test.ts[2m > [22m[2mREQ-CFA-042 — state.relayStunLossBps is READ as the classifier stunPacketLossBps arg[2m > [22m[2ma HIGH STUN prior ABSORBS a drop that a ZERO STUN prior PROMOTES (same accumulator history)
[22m[39m{"timestamp":"2026-06-20T06:10:09.364Z","level":"INFO","source":"frontend","module":"webrtc/sframe-transform","message":"encrypted frame","context":{"kid":9,"ctr":0,"byteLength":62,"codecOffset":10}}

[90mstdout[2m | apps/validator-daemon/src/canary/__tests__/verify-loop.test.ts[2m > [22m[2mREQ-CFA-042 — state.relayStunLossBps is READ as the classifier stunPacketLossBps arg[2m > [22m[2ma HIGH STUN prior ABSORBS a drop that a ZERO STUN prior PROMOTES (same accumulator history)
[22m[39m{"timestamp":"2026-06-20T06:10:09.365Z","level":"INFO","source":"frontend","module":"webrtc/sframe-transform","message":"encrypted frame","context":{"kid":9,"ctr":1,"byteLength":62,"codecOffset":10}}

[90mstdout[2m | apps/validator-daemon/src/canary/__tests__/verify-loop.test.ts[2m > [22m[2mREQ-CFA-042 — state.relayStunLossBps is READ as the classifier stunPacketLossBps arg[2m > [22m[2ma HIGH STUN prior ABSORBS a drop that a ZERO STUN prior PROMOTES (same accumulator history)
[22m[39m{"timestamp":"2026-06-20T06:10:09.365Z","level":"INFO","source":"frontend","module":"webrtc/sframe-transform","message":"encrypted frame","context":{"kid":9,"ctr":2,"byteLength":62,"codecOffset":10}}

[90mstdout[2m | apps/validator-daemon/src/canary/__tests__/verify-loop.test.ts[2m > [22m[2mREQ-CFA-042 — state.relayStunLossBps is READ as the classifier stunPacketLossBps arg[2m > [22m[2ma HIGH STUN prior ABSORBS a drop that a ZERO STUN prior PROMOTES (same accumulator history)
[22m[39m{"timestamp":"2026-06-20T06:10:09.365Z","level":"INFO","source":"frontend","module":"webrtc/sframe-transform","message":"encrypted frame","context":{"kid":9,"ctr":3,"byteLength":62,"codecOffset":10}}

[90mstdout[2m | apps/validator-daemon/src/canary/__tests__/verify-loop.test.ts[2m > [22m[2mREQ-CFA-042 — state.relayStunLossBps is READ as the classifier stunPacketLossBps arg[2m > [22m[2ma HIGH STUN prior ABSORBS a drop that a ZERO STUN prior PROMOTES (same accumulator history)
[22m[39m{"timestamp":"2026-06-20T06:10:09.366Z","level":"INFO","source":"frontend","module":"webrtc/sframe-transform","message":"encrypted frame","context":{"kid":9,"ctr":4,"byteLength":62,"codecOffset":10}}

[90mstdout[2m | apps/validator-daemon/src/canary/__tests__/verify-loop.test.ts[2m > [22m[2mREQ-CFA-042 — state.relayStunLossBps is READ as the classifier stunPacketLossBps arg[2m > [22m[2ma HIGH STUN prior ABSORBS a drop that a ZERO STUN prior PROMOTES (same accumulator history)
[22m[39m{"timestamp":"2026-06-20T06:10:09.366Z","level":"INFO","source":"frontend","module":"webrtc/sframe-transform","message":"encrypted frame","context":{"kid":9,"ctr":5,"byteLength":62,"codecOffset":10}}

[90mstdout[2m | apps/validator-daemon/src/canary/__tests__/verify-loop.test.ts[2m > [22m[2mREQ-CFA-042 — state.relayStunLossBps is READ as the classifier stunPacketLossBps arg[2m > [22m[2ma HIGH STUN prior ABSORBS a drop that a ZERO STUN prior PROMOTES (same accumulator history)
[22m[39m{"timestamp":"2026-06-20T06:10:09.366Z","level":"INFO","source":"frontend","module":"webrtc/sframe-transform","message":"encrypted frame","context":{"kid":9,"ctr":6,"byteLength":62,"codecOffset":10}}

[90mstdout[2m | apps/validator-daemon/src/canary/__tests__/verify-loop.test.ts[2m > [22m[2mREQ-CFA-042 — state.relayStunLossBps is READ as the classifier stunPacketLossBps arg[2m > [22m[2ma HIGH STUN prior ABSORBS a drop that a ZERO STUN prior PROMOTES (same accumulator history)
[22m[39m{"timestamp":"2026-06-20T06:10:09.366Z","level":"INFO","source":"frontend","module":"webrtc/sframe-transform","message":"encrypted frame","context":{"kid":9,"ctr":7,"byteLength":62,"codecOffset":10}}

{"level":30,"time":1781935809367,"pid":31940,"hostname":"Quang","name":"canary/verifier","canaryKid":9,"mediaPackets":7,"byteIdentical":7,"divergences":1,"msg":"canary forwarding verified"}
[90mstdout[2m | apps/validator-daemon/src/canary/__tests__/verify-loop.test.ts[2m > [22m[2mREQ-CFA-042 — state.relayStunLossBps is READ as the classifier stunPacketLossBps arg[2m > [22m[2ma HIGH STUN prior ABSORBS a drop that a ZERO STUN prior PROMOTES (same accumulator history)
[22m[39m{"timestamp":"2026-06-20T06:10:09.367Z","level":"INFO","source":"frontend","module":"webrtc/sframe-transform","message":"encrypted frame","context":{"kid":9,"ctr":0,"byteLength":62,"codecOffset":10}}

[90mstdout[2m | apps/validator-daemon/src/canary/__tests__/verify-loop.test.ts[2m > [22m[2mREQ-CFA-042 — state.relayStunLossBps is READ as the classifier stunPacketLossBps arg[2m > [22m[2ma HIGH STUN prior ABSORBS a drop that a ZERO STUN prior PROMOTES (same accumulator history)
[22m[39m{"timestamp":"2026-06-20T06:10:09.367Z","level":"INFO","source":"frontend","module":"webrtc/sframe-transform","message":"encrypted frame","context":{"kid":9,"ctr":1,"byteLength":62,"codecOffset":10}}

[90mstdout[2m | apps/validator-daemon/src/canary/__tests__/verify-loop.test.ts[2m > [22m[2mREQ-CFA-042 — state.relayStunLossBps is READ as the classifier stunPacketLossBps arg[2m > [22m[2ma HIGH STUN prior ABSORBS a drop that a ZERO STUN prior PROMOTES (same accumulator history)
[22m[39m{"timestamp":"2026-06-20T06:10:09.367Z","level":"INFO","source":"frontend","module":"webrtc/sframe-transform","message":"encrypted frame","context":{"kid":9,"ctr":2,"byteLength":62,"codecOffset":10}}

[90mstdout[2m | apps/validator-daemon/src/canary/__tests__/verify-loop.test.ts[2m > [22m[2mREQ-CFA-042 — state.relayStunLossBps is READ as the classifier stunPacketLossBps arg[2m > [22m[2ma HIGH STUN prior ABSORBS a drop that a ZERO STUN prior PROMOTES (same accumulator history)
[22m[39m{"timestamp":"2026-06-20T06:10:09.368Z","level":"INFO","source":"frontend","module":"webrtc/sframe-transform","message":"encrypted frame","context":{"kid":9,"ctr":3,"byteLength":62,"codecOffset":10}}

[90mstdout[2m | apps/validator-daemon/src/canary/__tests__/verify-loop.test.ts[2m > [22m[2mREQ-CFA-042 — state.relayStunLossBps is READ as the classifier stunPacketLossBps arg[2m > [22m[2ma HIGH STUN prior ABSORBS a drop that a ZERO STUN prior PROMOTES (same accumulator history)
[22m[39m{"timestamp":"2026-06-20T06:10:09.368Z","level":"INFO","source":"frontend","module":"webrtc/sframe-transform","message":"encrypted frame","context":{"kid":9,"ctr":4,"byteLength":62,"codecOffset":10}}

[90mstdout[2m | apps/validator-daemon/src/canary/__tests__/verify-loop.test.ts[2m > [22m[2mREQ-CFA-042 — state.relayStunLossBps is READ as the classifier stunPacketLossBps arg[2m > [22m[2ma HIGH STUN prior ABSORBS a drop that a ZERO STUN prior PROMOTES (same accumulator history)
[22m[39m{"timestamp":"2026-06-20T06:10:09.368Z","level":"INFO","source":"frontend","module":"webrtc/sframe-transform","message":"encrypted frame","context":{"kid":9,"ctr":5,"byteLength":62,"codecOffset":10}}

[90mstdout[2m | apps/validator-daemon/src/canary/__tests__/verify-loop.test.ts[2m > [22m[2mREQ-CFA-042 — state.relayStunLossBps is READ as the classifier stunPacketLossBps arg[2m > [22m[2ma HIGH STUN prior ABSORBS a drop that a ZERO STUN prior PROMOTES (same accumulator history)
[22m[39m{"timestamp":"2026-06-20T06:10:09.369Z","level":"INFO","source":"frontend","module":"webrtc/sframe-transform","message":"encrypted frame","context":{"kid":9,"ctr":6,"byteLength":62,"codecOffset":10}}

[90mstdout[2m | apps/validator-daemon/src/canary/__tests__/verify-loop.test.ts[2m > [22m[2mREQ-CFA-042 — state.relayStunLossBps is READ as the classifier stunPacketLossBps arg[2m > [22m[2ma HIGH STUN prior ABSORBS a drop that a ZERO STUN prior PROMOTES (same accumulator history)
[22m[39m{"timestamp":"2026-06-20T06:10:09.369Z","level":"INFO","source":"frontend","module":"webrtc/sframe-transform","message":"encrypted frame","context":{"kid":9,"ctr":7,"byteLength":62,"codecOffset":10}}

{"level":30,"time":1781935809369,"pid":31940,"hostname":"Quang","name":"canary/verifier","canaryKid":9,"mediaPackets":7,"byteIdentical":7,"divergences":1,"msg":"canary forwarding verified"}
{"level":30,"time":1781935809369,"pid":31940,"hostname":"Quang","name":"canary/loss-classifier","relayMinerId":"relay-under-audit","promoted":0,"absorbed":1,"tampers":0,"cumulativeCrossed":false,"msg":"canary divergences classified (drop gate / tamper p=1)"}
{"level":30,"time":1781935809369,"pid":31940,"hostname":"Quang","name":"canary/verify-loop","round":6,"relayMinerId":"relay-under-audit","roomId":"verify-loop-room","perReceiver":2,"promoted":0,"absorbed":1,"stunLossBps":"5000","msg":"canary verify round classified (hermetic half — synthetic capture, STUN read live)"}
[90mstdout[2m | apps/validator-daemon/src/canary/__tests__/verify-loop.test.ts[2m > [22m[2mREQ-CFA-042 — state.relayStunLossBps is READ as the classifier stunPacketLossBps arg[2m > [22m[2mthe submitted proof carries the audited relay + the diverged frameSeq + >=2 attesters
[22m[39m{"timestamp":"2026-06-20T06:10:09.371Z","level":"INFO","source":"frontend","module":"webrtc/sframe-transform","message":"encrypted frame","context":{"kid":9,"ctr":0,"byteLength":62,"codecOffset":10}}

[90mstdout[2m | apps/validator-daemon/src/canary/__tests__/verify-loop.test.ts[2m > [22m[2mREQ-CFA-042 — state.relayStunLossBps is READ as the classifier stunPacketLossBps arg[2m > [22m[2mthe submitted proof carries the audited relay + the diverged frameSeq + >=2 attesters
[22m[39m{"timestamp":"2026-06-20T06:10:09.371Z","level":"INFO","source":"frontend","module":"webrtc/sframe-transform","message":"encrypted frame","context":{"kid":9,"ctr":1,"byteLength":62,"codecOffset":10}}

[90mstdout[2m | apps/validator-daemon/src/canary/__tests__/verify-loop.test.ts[2m > [22m[2mREQ-CFA-042 — state.relayStunLossBps is READ as the classifier stunPacketLossBps arg[2m > [22m[2mthe submitted proof carries the audited relay + the diverged frameSeq + >=2 attesters
[22m[39m{"timestamp":"2026-06-20T06:10:09.371Z","level":"INFO","source":"frontend","module":"webrtc/sframe-transform","message":"encrypted frame","context":{"kid":9,"ctr":2,"byteLength":62,"codecOffset":10}}

[90mstdout[2m | apps/validator-daemon/src/canary/__tests__/verify-loop.test.ts[2m > [22m[2mREQ-CFA-042 — state.relayStunLossBps is READ as the classifier stunPacketLossBps arg[2m > [22m[2mthe submitted proof carries the audited relay + the diverged frameSeq + >=2 attesters
[22m[39m{"timestamp":"2026-06-20T06:10:09.372Z","level":"INFO","source":"frontend","module":"webrtc/sframe-transform","message":"encrypted frame","context":{"kid":9,"ctr":3,"byteLength":62,"codecOffset":10}}

[90mstdout[2m | apps/validator-daemon/src/canary/__tests__/verify-loop.test.ts[2m > [22m[2mREQ-CFA-042 — state.relayStunLossBps is READ as the classifier stunPacketLossBps arg[2m > [22m[2mthe submitted proof carries the audited relay + the diverged frameSeq + >=2 attesters
[22m[39m{"timestamp":"2026-06-20T06:10:09.372Z","level":"INFO","source":"frontend","module":"webrtc/sframe-transform","message":"encrypted frame","context":{"kid":9,"ctr":4,"byteLength":62,"codecOffset":10}}

[90mstdout[2m | apps/validator-daemon/src/canary/__tests__/verify-loop.test.ts[2m > [22m[2mREQ-CFA-042 — state.relayStunLossBps is READ as the classifier stunPacketLossBps arg[2m > [22m[2mthe submitted proof carries the audited relay + the diverged frameSeq + >=2 attesters
[22m[39m{"timestamp":"2026-06-20T06:10:09.372Z","level":"INFO","source":"frontend","module":"webrtc/sframe-transform","message":"encrypted frame","context":{"kid":9,"ctr":6,"byteLength":62,"codecOffset":10}}

[90mstdout[2m | apps/validator-daemon/src/canary/__tests__/verify-loop.test.ts[2m > [22m[2mREQ-CFA-042 — state.relayStunLossBps is READ as the classifier stunPacketLossBps arg[2m > [22m[2mthe submitted proof carries the audited relay + the diverged frameSeq + >=2 attesters
[22m[39m{"timestamp":"2026-06-20T06:10:09.372Z","level":"INFO","source":"frontend","module":"webrtc/sframe-transform","message":"encrypted frame","context":{"kid":9,"ctr":7,"byteLength":62,"codecOffset":10}}

[90mstdout[2m | apps/validator-daemon/src/canary/__tests__/verify-loop.test.ts[2m > [22m[2mREQ-CFA-042 — state.relayStunLossBps is READ as the classifier stunPacketLossBps arg[2m > [22m[2mthe submitted proof carries the audited relay + the diverged frameSeq + >=2 attesters
[22m[39m{"timestamp":"2026-06-20T06:10:09.373Z","level":"INFO","source":"frontend","module":"webrtc/sframe-transform","message":"encrypted frame","context":{"kid":9,"ctr":0,"byteLength":62,"codecOffset":10}}

[90mstdout[2m | apps/validator-daemon/src/canary/__tests__/verify-loop.test.ts[2m > [22m[2mREQ-CFA-042 — state.relayStunLossBps is READ as the classifier stunPacketLossBps arg[2m > [22m[2mthe submitted proof carries the audited relay + the diverged frameSeq + >=2 attesters
[22m[39m{"timestamp":"2026-06-20T06:10:09.373Z","level":"INFO","source":"frontend","module":"webrtc/sframe-transform","message":"encrypted frame","context":{"kid":9,"ctr":1,"byteLength":62,"codecOffset":10}}

[90mstdout[2m | apps/validator-daemon/src/canary/__tests__/verify-loop.test.ts[2m > [22m[2mREQ-CFA-042 — state.relayStunLossBps is READ as the classifier stunPacketLossBps arg[2m > [22m[2mthe submitted proof carries the audited relay + the diverged frameSeq + >=2 attesters
[22m[39m{"timestamp":"2026-06-20T06:10:09.373Z","level":"INFO","source":"frontend","module":"webrtc/sframe-transform","message":"encrypted frame","context":{"kid":9,"ctr":2,"byteLength":62,"codecOffset":10}}

[90mstdout[2m | apps/validator-daemon/src/canary/__tests__/verify-loop.test.ts[2m > [22m[2mREQ-CFA-042 — state.relayStunLossBps is READ as the classifier stunPacketLossBps arg[2m > [22m[2mthe submitted proof carries the audited relay + the diverged frameSeq + >=2 attesters
[22m[39m{"timestamp":"2026-06-20T06:10:09.374Z","level":"INFO","source":"frontend","module":"webrtc/sframe-transform","message":"encrypted frame","context":{"kid":9,"ctr":3,"byteLength":62,"codecOffset":10}}

[90mstdout[2m | apps/validator-daemon/src/canary/__tests__/verify-loop.test.ts[2m > [22m[2mREQ-CFA-042 — state.relayStunLossBps is READ as the classifier stunPacketLossBps arg[2m > [22m[2mthe submitted proof carries the audited relay + the diverged frameSeq + >=2 attesters
[22m[39m{"timestamp":"2026-06-20T06:10:09.374Z","level":"INFO","source":"frontend","module":"webrtc/sframe-transform","message":"encrypted frame","context":{"kid":9,"ctr":4,"byteLength":62,"codecOffset":10}}

[90mstdout[2m | apps/validator-daemon/src/canary/__tests__/verify-loop.test.ts[2m > [22m[2mREQ-CFA-042 — state.relayStunLossBps is READ as the classifier stunPacketLossBps arg[2m > [22m[2mthe submitted proof carries the audited relay + the diverged frameSeq + >=2 attesters
[22m[39m{"timestamp":"2026-06-20T06:10:09.375Z","level":"INFO","source":"frontend","module":"webrtc/sframe-transform","message":"encrypted frame","context":{"kid":9,"ctr":5,"byteLength":62,"codecOffset":10}}

[90mstdout[2m | apps/validator-daemon/src/canary/__tests__/verify-loop.test.ts[2m > [22m[2mREQ-CFA-042 — state.relayStunLossBps is READ as the classifier stunPacketLossBps arg[2m > [22m[2mthe submitted proof carries the audited relay + the diverged frameSeq + >=2 attesters
[22m[39m{"timestamp":"2026-06-20T06:10:09.375Z","level":"INFO","source":"frontend","module":"webrtc/sframe-transform","message":"encrypted frame","context":{"kid":9,"ctr":6,"byteLength":62,"codecOffset":10}}

[90mstdout[2m | apps/validator-daemon/src/canary/__tests__/verify-loop.test.ts[2m > [22m[2mREQ-CFA-042 — state.relayStunLossBps is READ as the classifier stunPacketLossBps arg[2m > [22m[2mthe submitted proof carries the audited relay + the diverged frameSeq + >=2 attesters
[22m[39m{"timestamp":"2026-06-20T06:10:09.375Z","level":"INFO","source":"frontend","module":"webrtc/sframe-transform","message":"encrypted frame","context":{"kid":9,"ctr":7,"byteLength":62,"codecOffset":10}}

{"level":30,"time":1781935809375,"pid":31940,"hostname":"Quang","name":"canary/verifier","canaryKid":9,"mediaPackets":7,"byteIdentical":7,"divergences":1,"msg":"canary forwarding verified"}
[90mstdout[2m | apps/validator-daemon/src/canary/__tests__/verify-loop.test.ts[2m > [22m[2mREQ-CFA-042 — state.relayStunLossBps is READ as the classifier stunPacketLossBps arg[2m > [22m[2mthe submitted proof carries the audited relay + the diverged frameSeq + >=2 attesters
[22m[39m{"timestamp":"2026-06-20T06:10:09.376Z","level":"INFO","source":"frontend","module":"webrtc/sframe-transform","message":"encrypted frame","context":{"kid":9,"ctr":0,"byteLength":62,"codecOffset":10}}

[90mstdout[2m | apps/validator-daemon/src/canary/__tests__/verify-loop.test.ts[2m > [22m[2mREQ-CFA-042 — state.relayStunLossBps is READ as the classifier stunPacketLossBps arg[2m > [22m[2mthe submitted proof carries the audited relay + the diverged frameSeq + >=2 attesters
[22m[39m{"timestamp":"2026-06-20T06:10:09.376Z","level":"INFO","source":"frontend","module":"webrtc/sframe-transform","message":"encrypted frame","context":{"kid":9,"ctr":1,"byteLength":62,"codecOffset":10}}

[90mstdout[2m | apps/validator-daemon/src/canary/__tests__/verify-loop.test.ts[2m > [22m[2mREQ-CFA-042 — state.relayStunLossBps is READ as the classifier stunPacketLossBps arg[2m > [22m[2mthe submitted proof carries the audited relay + the diverged frameSeq + >=2 attesters
[22m[39m{"timestamp":"2026-06-20T06:10:09.376Z","level":"INFO","source":"frontend","module":"webrtc/sframe-transform","message":"encrypted frame","context":{"kid":9,"ctr":2,"byteLength":62,"codecOffset":10}}

[90mstdout[2m | apps/validator-daemon/src/canary/__tests__/verify-loop.test.ts[2m > [22m[2mREQ-CFA-042 — state.relayStunLossBps is READ as the classifier stunPacketLossBps arg[2m > [22m[2mthe submitted proof carries the audited relay + the diverged frameSeq + >=2 attesters
[22m[39m{"timestamp":"2026-06-20T06:10:09.377Z","level":"INFO","source":"frontend","module":"webrtc/sframe-transform","message":"encrypted frame","context":{"kid":9,"ctr":3,"byteLength":62,"codecOffset":10}}

[90mstdout[2m | apps/validator-daemon/src/canary/__tests__/verify-loop.test.ts[2m > [22m[2mREQ-CFA-042 — state.relayStunLossBps is READ as the classifier stunPacketLossBps arg[2m > [22m[2mthe submitted proof carries the audited relay + the diverged frameSeq + >=2 attesters
[22m[39m{"timestamp":"2026-06-20T06:10:09.377Z","level":"INFO","source":"frontend","module":"webrtc/sframe-transform","message":"encrypted frame","context":{"kid":9,"ctr":4,"byteLength":62,"codecOffset":10}}

[90mstdout[2m | apps/validator-daemon/src/canary/__tests__/verify-loop.test.ts[2m > [22m[2mREQ-CFA-042 — state.relayStunLossBps is READ as the classifier stunPacketLossBps arg[2m > [22m[2mthe submitted proof carries the audited relay + the diverged frameSeq + >=2 attesters
[22m[39m{"timestamp":"2026-06-20T06:10:09.377Z","level":"INFO","source":"frontend","module":"webrtc/sframe-transform","message":"encrypted frame","context":{"kid":9,"ctr":5,"byteLength":62,"codecOffset":10}}

[90mstdout[2m | apps/validator-daemon/src/canary/__tests__/verify-loop.test.ts[2m > [22m[2mREQ-CFA-042 — state.relayStunLossBps is READ as the classifier stunPacketLossBps arg[2m > [22m[2mthe submitted proof carries the audited relay + the diverged frameSeq + >=2 attesters
[22m[39m{"timestamp":"2026-06-20T06:10:09.378Z","level":"INFO","source":"frontend","module":"webrtc/sframe-transform","message":"encrypted frame","context":{"kid":9,"ctr":6,"byteLength":62,"codecOffset":10}}

[90mstdout[2m | apps/validator-daemon/src/canary/__tests__/verify-loop.test.ts[2m > [22m[2mREQ-CFA-042 — state.relayStunLossBps is READ as the classifier stunPacketLossBps arg[2m > [22m[2mthe submitted proof carries the audited relay + the diverged frameSeq + >=2 attesters
[22m[39m{"timestamp":"2026-06-20T06:10:09.378Z","level":"INFO","source":"frontend","module":"webrtc/sframe-transform","message":"encrypted frame","context":{"kid":9,"ctr":7,"byteLength":62,"codecOffset":10}}

{"level":30,"time":1781935809378,"pid":31940,"hostname":"Quang","name":"canary/verifier","canaryKid":9,"mediaPackets":7,"byteIdentical":7,"divergences":1,"msg":"canary forwarding verified"}
{"level":30,"time":1781935809378,"pid":31940,"hostname":"Quang","name":"canary/loss-classifier","relayMinerId":"relay-under-audit","promoted":0,"absorbed":1,"tampers":0,"cumulativeCrossed":false,"msg":"canary divergences classified (drop gate / tamper p=1)"}
{"level":30,"time":1781935809378,"pid":31940,"hostname":"Quang","name":"canary/verify-loop","round":0,"relayMinerId":"relay-under-audit","roomId":"verify-loop-room","perReceiver":2,"promoted":0,"absorbed":1,"stunLossBps":"0","msg":"canary verify round classified (hermetic half — synthetic capture, STUN read live)"}
[90mstdout[2m | apps/validator-daemon/src/canary/__tests__/verify-loop.test.ts[2m > [22m[2mREQ-CFA-042 — state.relayStunLossBps is READ as the classifier stunPacketLossBps arg[2m > [22m[2mthe submitted proof carries the audited relay + the diverged frameSeq + >=2 attesters
[22m[39m{"timestamp":"2026-06-20T06:10:09.379Z","level":"INFO","source":"frontend","module":"webrtc/sframe-transform","message":"encrypted frame","context":{"kid":9,"ctr":0,"byteLength":62,"codecOffset":10}}

[90mstdout[2m | apps/validator-daemon/src/canary/__tests__/verify-loop.test.ts[2m > [22m[2mREQ-CFA-042 — state.relayStunLossBps is READ as the classifier stunPacketLossBps arg[2m > [22m[2mthe submitted proof carries the audited relay + the diverged frameSeq + >=2 attesters
[22m[39m{"timestamp":"2026-06-20T06:10:09.379Z","level":"INFO","source":"frontend","module":"webrtc/sframe-transform","message":"encrypted frame","context":{"kid":9,"ctr":1,"byteLength":62,"codecOffset":10}}

[90mstdout[2m | apps/validator-daemon/src/canary/__tests__/verify-loop.test.ts[2m > [22m[2mREQ-CFA-042 — state.relayStunLossBps is READ as the classifier stunPacketLossBps arg[2m > [22m[2mthe submitted proof carries the audited relay + the diverged frameSeq + >=2 attesters
[22m[39m{"timestamp":"2026-06-20T06:10:09.379Z","level":"INFO","source":"frontend","module":"webrtc/sframe-transform","message":"encrypted frame","context":{"kid":9,"ctr":2,"byteLength":62,"codecOffset":10}}

[90mstdout[2m | apps/validator-daemon/src/canary/__tests__/verify-loop.test.ts[2m > [22m[2mREQ-CFA-042 — state.relayStunLossBps is READ as the classifier stunPacketLossBps arg[2m > [22m[2mthe submitted proof carries the audited relay + the diverged frameSeq + >=2 attesters
[22m[39m{"timestamp":"2026-06-20T06:10:09.380Z","level":"INFO","source":"frontend","module":"webrtc/sframe-transform","message":"encrypted frame","context":{"kid":9,"ctr":3,"byteLength":62,"codecOffset":10}}

[90mstdout[2m | apps/validator-daemon/src/canary/__tests__/verify-loop.test.ts[2m > [22m[2mREQ-CFA-042 — state.relayStunLossBps is READ as the classifier stunPacketLossBps arg[2m > [22m[2mthe submitted proof carries the audited relay + the diverged frameSeq + >=2 attesters
[22m[39m{"timestamp":"2026-06-20T06:10:09.380Z","level":"INFO","source":"frontend","module":"webrtc/sframe-transform","message":"encrypted frame","context":{"kid":9,"ctr":4,"byteLength":62,"codecOffset":10}}

[90mstdout[2m | apps/validator-daemon/src/canary/__tests__/verify-loop.test.ts[2m > [22m[2mREQ-CFA-042 — state.relayStunLossBps is READ as the classifier stunPacketLossBps arg[2m > [22m[2mthe submitted proof carries the audited relay + the diverged frameSeq + >=2 attesters
[22m[39m{"timestamp":"2026-06-20T06:10:09.380Z","level":"INFO","source":"frontend","module":"webrtc/sframe-transform","message":"encrypted frame","context":{"kid":9,"ctr":6,"byteLength":62,"codecOffset":10}}

[90mstdout[2m | apps/validator-daemon/src/canary/__tests__/verify-loop.test.ts[2m > [22m[2mREQ-CFA-042 — state.relayStunLossBps is READ as the classifier stunPacketLossBps arg[2m > [22m[2mthe submitted proof carries the audited relay + the diverged frameSeq + >=2 attesters
[22m[39m{"timestamp":"2026-06-20T06:10:09.380Z","level":"INFO","source":"frontend","module":"webrtc/sframe-transform","message":"encrypted frame","context":{"kid":9,"ctr":7,"byteLength":62,"codecOffset":10}}

[90mstdout[2m | apps/validator-daemon/src/canary/__tests__/verify-loop.test.ts[2m > [22m[2mREQ-CFA-042 — state.relayStunLossBps is READ as the classifier stunPacketLossBps arg[2m > [22m[2mthe submitted proof carries the audited relay + the diverged frameSeq + >=2 attesters
[22m[39m{"timestamp":"2026-06-20T06:10:09.381Z","level":"INFO","source":"frontend","module":"webrtc/sframe-transform","message":"encrypted frame","context":{"kid":9,"ctr":0,"byteLength":62,"codecOffset":10}}

[90mstdout[2m | apps/validator-daemon/src/canary/__tests__/verify-loop.test.ts[2m > [22m[2mREQ-CFA-042 — state.relayStunLossBps is READ as the classifier stunPacketLossBps arg[2m > [22m[2mthe submitted proof carries the audited relay + the diverged frameSeq + >=2 attesters
[22m[39m{"timestamp":"2026-06-20T06:10:09.381Z","level":"INFO","source":"frontend","module":"webrtc/sframe-transform","message":"encrypted frame","context":{"kid":9,"ctr":1,"byteLength":62,"codecOffset":10}}

[90mstdout[2m | apps/validator-daemon/src/canary/__tests__/verify-loop.test.ts[2m > [22m[2mREQ-CFA-042 — state.relayStunLossBps is READ as the classifier stunPacketLossBps arg[2m > [22m[2mthe submitted proof carries the audited relay + the diverged frameSeq + >=2 attesters
[22m[39m{"timestamp":"2026-06-20T06:10:09.381Z","level":"INFO","source":"frontend","module":"webrtc/sframe-transform","message":"encrypted frame","context":{"kid":9,"ctr":2,"byteLength":62,"codecOffset":10}}

[90mstdout[2m | apps/validator-daemon/src/canary/__tests__/verify-loop.test.ts[2m > [22m[2mREQ-CFA-042 — state.relayStunLossBps is READ as the classifier stunPacketLossBps arg[2m > [22m[2mthe submitted proof carries the audited relay + the diverged frameSeq + >=2 attesters
[22m[39m{"timestamp":"2026-06-20T06:10:09.382Z","level":"INFO","source":"frontend","module":"webrtc/sframe-transform","message":"encrypted frame","context":{"kid":9,"ctr":3,"byteLength":62,"codecOffset":10}}

[90mstdout[2m | apps/validator-daemon/src/canary/__tests__/verify-loop.test.ts[2m > [22m[2mREQ-CFA-042 — state.relayStunLossBps is READ as the classifier stunPacketLossBps arg[2m > [22m[2mthe submitted proof carries the audited relay + the diverged frameSeq + >=2 attesters
[22m[39m{"timestamp":"2026-06-20T06:10:09.382Z","level":"INFO","source":"frontend","module":"webrtc/sframe-transform","message":"encrypted frame","context":{"kid":9,"ctr":4,"byteLength":62,"codecOffset":10}}

[90mstdout[2m | apps/validator-daemon/src/canary/__tests__/verify-loop.test.ts[2m > [22m[2mREQ-CFA-042 — state.relayStunLossBps is READ as the classifier stunPacketLossBps arg[2m > [22m[2mthe submitted proof carries the audited relay + the diverged frameSeq + >=2 attesters
[22m[39m{"timestamp":"2026-06-20T06:10:09.382Z","level":"INFO","source":"frontend","module":"webrtc/sframe-transform","message":"encrypted frame","context":{"kid":9,"ctr":5,"byteLength":62,"codecOffset":10}}

[90mstdout[2m | apps/validator-daemon/src/canary/__tests__/verify-loop.test.ts[2m > [22m[2mREQ-CFA-042 — state.relayStunLossBps is READ as the classifier stunPacketLossBps arg[2m > [22m[2mthe submitted proof carries the audited relay + the diverged frameSeq + >=2 attesters
[22m[39m{"timestamp":"2026-06-20T06:10:09.383Z","level":"INFO","source":"frontend","module":"webrtc/sframe-transform","message":"encrypted frame","context":{"kid":9,"ctr":6,"byteLength":62,"codecOffset":10}}

[90mstdout[2m | apps/validator-daemon/src/canary/__tests__/verify-loop.test.ts[2m > [22m[2mREQ-CFA-042 — state.relayStunLossBps is READ as the classifier stunPacketLossBps arg[2m > [22m[2mthe submitted proof carries the audited relay + the diverged frameSeq + >=2 attesters
[22m[39m{"timestamp":"2026-06-20T06:10:09.383Z","level":"INFO","source":"frontend","module":"webrtc/sframe-transform","message":"encrypted frame","context":{"kid":9,"ctr":7,"byteLength":62,"codecOffset":10}}

{"level":30,"time":1781935809383,"pid":31940,"hostname":"Quang","name":"canary/verifier","canaryKid":9,"mediaPackets":7,"byteIdentical":7,"divergences":1,"msg":"canary forwarding verified"}
[90mstdout[2m | apps/validator-daemon/src/canary/__tests__/verify-loop.test.ts[2m > [22m[2mREQ-CFA-042 — state.relayStunLossBps is READ as the classifier stunPacketLossBps arg[2m > [22m[2mthe submitted proof carries the audited relay + the diverged frameSeq + >=2 attesters
[22m[39m{"timestamp":"2026-06-20T06:10:09.383Z","level":"INFO","source":"frontend","module":"webrtc/sframe-transform","message":"encrypted frame","context":{"kid":9,"ctr":0,"byteLength":62,"codecOffset":10}}

[90mstdout[2m | apps/validator-daemon/src/canary/__tests__/verify-loop.test.ts[2m > [22m[2mREQ-CFA-042 — state.relayStunLossBps is READ as the classifier stunPacketLossBps arg[2m > [22m[2mthe submitted proof carries the audited relay + the diverged frameSeq + >=2 attesters
[22m[39m{"timestamp":"2026-06-20T06:10:09.384Z","level":"INFO","source":"frontend","module":"webrtc/sframe-transform","message":"encrypted frame","context":{"kid":9,"ctr":1,"byteLength":62,"codecOffset":10}}

[90mstdout[2m | apps/validator-daemon/src/canary/__tests__/verify-loop.test.ts[2m > [22m[2mREQ-CFA-042 — state.relayStunLossBps is READ as the classifier stunPacketLossBps arg[2m > [22m[2mthe submitted proof carries the audited relay + the diverged frameSeq + >=2 attesters
[22m[39m{"timestamp":"2026-06-20T06:10:09.384Z","level":"INFO","source":"frontend","module":"webrtc/sframe-transform","message":"encrypted frame","context":{"kid":9,"ctr":2,"byteLength":62,"codecOffset":10}}

[90mstdout[2m | apps/validator-daemon/src/canary/__tests__/verify-loop.test.ts[2m > [22m[2mREQ-CFA-042 — state.relayStunLossBps is READ as the classifier stunPacketLossBps arg[2m > [22m[2mthe submitted proof carries the audited relay + the diverged frameSeq + >=2 attesters
[22m[39m{"timestamp":"2026-06-20T06:10:09.385Z","level":"INFO","source":"frontend","module":"webrtc/sframe-transform","message":"encrypted frame","context":{"kid":9,"ctr":3,"byteLength":62,"codecOffset":10}}

[90mstdout[2m | apps/validator-daemon/src/canary/__tests__/verify-loop.test.ts[2m > [22m[2mREQ-CFA-042 — state.relayStunLossBps is READ as the classifier stunPacketLossBps arg[2m > [22m[2mthe submitted proof carries the audited relay + the diverged frameSeq + >=2 attesters
[22m[39m{"timestamp":"2026-06-20T06:10:09.385Z","level":"INFO","source":"frontend","module":"webrtc/sframe-transform","message":"encrypted frame","context":{"kid":9,"ctr":4,"byteLength":62,"codecOffset":10}}

[90mstdout[2m | apps/validator-daemon/src/canary/__tests__/verify-loop.test.ts[2m > [22m[2mREQ-CFA-042 — state.relayStunLossBps is READ as the classifier stunPacketLossBps arg[2m > [22m[2mthe submitted proof carries the audited relay + the diverged frameSeq + >=2 attesters
[22m[39m{"timestamp":"2026-06-20T06:10:09.385Z","level":"INFO","source":"frontend","module":"webrtc/sframe-transform","message":"encrypted frame","context":{"kid":9,"ctr":5,"byteLength":62,"codecOffset":10}}

[90mstdout[2m | apps/validator-daemon/src/canary/__tests__/verify-loop.test.ts[2m > [22m[2mREQ-CFA-042 — state.relayStunLossBps is READ as the classifier stunPacketLossBps arg[2m > [22m[2mthe submitted proof carries the audited relay + the diverged frameSeq + >=2 attesters
[22m[39m{"timestamp":"2026-06-20T06:10:09.386Z","level":"INFO","source":"frontend","module":"webrtc/sframe-transform","message":"encrypted frame","context":{"kid":9,"ctr":6,"byteLength":62,"codecOffset":10}}

[90mstdout[2m | apps/validator-daemon/src/canary/__tests__/verify-loop.test.ts[2m > [22m[2mREQ-CFA-042 — state.relayStunLossBps is READ as the classifier stunPacketLossBps arg[2m > [22m[2mthe submitted proof carries the audited relay + the diverged frameSeq + >=2 attesters
[22m[39m{"timestamp":"2026-06-20T06:10:09.386Z","level":"INFO","source":"frontend","module":"webrtc/sframe-transform","message":"encrypted frame","context":{"kid":9,"ctr":7,"byteLength":62,"codecOffset":10}}

{"level":30,"time":1781935809386,"pid":31940,"hostname":"Quang","name":"canary/verifier","canaryKid":9,"mediaPackets":7,"byteIdentical":7,"divergences":1,"msg":"canary forwarding verified"}
{"level":30,"time":1781935809386,"pid":31940,"hostname":"Quang","name":"canary/loss-classifier","relayMinerId":"relay-under-audit","promoted":0,"absorbed":1,"tampers":0,"cumulativeCrossed":false,"msg":"canary divergences classified (drop gate / tamper p=1)"}
{"level":30,"time":1781935809386,"pid":31940,"hostname":"Quang","name":"canary/verify-loop","round":1,"relayMinerId":"relay-under-audit","roomId":"verify-loop-room","perReceiver":2,"promoted":0,"absorbed":1,"stunLossBps":"0","msg":"canary verify round classified (hermetic half — synthetic capture, STUN read live)"}
[90mstdout[2m | apps/validator-daemon/src/canary/__tests__/verify-loop.test.ts[2m > [22m[2mREQ-CFA-042 — state.relayStunLossBps is READ as the classifier stunPacketLossBps arg[2m > [22m[2mthe submitted proof carries the audited relay + the diverged frameSeq + >=2 attesters
[22m[39m{"timestamp":"2026-06-20T06:10:09.386Z","level":"INFO","source":"frontend","module":"webrtc/sframe-transform","message":"encrypted frame","context":{"kid":9,"ctr":0,"byteLength":62,"codecOffset":10}}

[90mstdout[2m | apps/validator-daemon/src/canary/__tests__/verify-loop.test.ts[2m > [22m[2mREQ-CFA-042 — state.relayStunLossBps is READ as the classifier stunPacketLossBps arg[2m > [22m[2mthe submitted proof carries the audited relay + the diverged frameSeq + >=2 attesters
[22m[39m{"timestamp":"2026-06-20T06:10:09.387Z","level":"INFO","source":"frontend","module":"webrtc/sframe-transform","message":"encrypted frame","context":{"kid":9,"ctr":1,"byteLength":62,"codecOffset":10}}

[90mstdout[2m | apps/validator-daemon/src/canary/__tests__/verify-loop.test.ts[2m > [22m[2mREQ-CFA-042 — state.relayStunLossBps is READ as the classifier stunPacketLossBps arg[2m > [22m[2mthe submitted proof carries the audited relay + the diverged frameSeq + >=2 attesters
[22m[39m{"timestamp":"2026-06-20T06:10:09.387Z","level":"INFO","source":"frontend","module":"webrtc/sframe-transform","message":"encrypted frame","context":{"kid":9,"ctr":2,"byteLength":62,"codecOffset":10}}

[90mstdout[2m | apps/validator-daemon/src/canary/__tests__/verify-loop.test.ts[2m > [22m[2mREQ-CFA-042 — state.relayStunLossBps is READ as the classifier stunPacketLossBps arg[2m > [22m[2mthe submitted proof carries the audited relay + the diverged frameSeq + >=2 attesters
[22m[39m{"timestamp":"2026-06-20T06:10:09.387Z","level":"INFO","source":"frontend","module":"webrtc/sframe-transform","message":"encrypted frame","context":{"kid":9,"ctr":3,"byteLength":62,"codecOffset":10}}

[90mstdout[2m | apps/validator-daemon/src/canary/__tests__/verify-loop.test.ts[2m > [22m[2mREQ-CFA-042 — state.relayStunLossBps is READ as the classifier stunPacketLossBps arg[2m > [22m[2mthe submitted proof carries the audited relay + the diverged frameSeq + >=2 attesters
[22m[39m{"timestamp":"2026-06-20T06:10:09.388Z","level":"INFO","source":"frontend","module":"webrtc/sframe-transform","message":"encrypted frame","context":{"kid":9,"ctr":4,"byteLength":62,"codecOffset":10}}

[90mstdout[2m | apps/validator-daemon/src/canary/__tests__/verify-loop.test.ts[2m > [22m[2mREQ-CFA-042 — state.relayStunLossBps is READ as the classifier stunPacketLossBps arg[2m > [22m[2mthe submitted proof carries the audited relay + the diverged frameSeq + >=2 attesters
[22m[39m{"timestamp":"2026-06-20T06:10:09.388Z","level":"INFO","source":"frontend","module":"webrtc/sframe-transform","message":"encrypted frame","context":{"kid":9,"ctr":6,"byteLength":62,"codecOffset":10}}

[90mstdout[2m | apps/validator-daemon/src/canary/__tests__/verify-loop.test.ts[2m > [22m[2mREQ-CFA-042 — state.relayStunLossBps is READ as the classifier stunPacketLossBps arg[2m > [22m[2mthe submitted proof carries the audited relay + the diverged frameSeq + >=2 attesters
[22m[39m{"timestamp":"2026-06-20T06:10:09.388Z","level":"INFO","source":"frontend","module":"webrtc/sframe-transform","message":"encrypted frame","context":{"kid":9,"ctr":7,"byteLength":62,"codecOffset":10}}

[90mstdout[2m | apps/validator-daemon/src/canary/__tests__/verify-loop.test.ts[2m > [22m[2mREQ-CFA-042 — state.relayStunLossBps is READ as the classifier stunPacketLossBps arg[2m > [22m[2mthe submitted proof carries the audited relay + the diverged frameSeq + >=2 attesters
[22m[39m{"timestamp":"2026-06-20T06:10:09.389Z","level":"INFO","source":"frontend","module":"webrtc/sframe-transform","message":"encrypted frame","context":{"kid":9,"ctr":0,"byteLength":62,"codecOffset":10}}

[90mstdout[2m | apps/validator-daemon/src/canary/__tests__/verify-loop.test.ts[2m > [22m[2mREQ-CFA-042 — state.relayStunLossBps is READ as the classifier stunPacketLossBps arg[2m > [22m[2mthe submitted proof carries the audited relay + the diverged frameSeq + >=2 attesters
[22m[39m{"timestamp":"2026-06-20T06:10:09.389Z","level":"INFO","source":"frontend","module":"webrtc/sframe-transform","message":"encrypted frame","context":{"kid":9,"ctr":1,"byteLength":62,"codecOffset":10}}

[90mstdout[2m | apps/validator-daemon/src/canary/__tests__/verify-loop.test.ts[2m > [22m[2mREQ-CFA-042 — state.relayStunLossBps is READ as the classifier stunPacketLossBps arg[2m > [22m[2mthe submitted proof carries the audited relay + the diverged frameSeq + >=2 attesters
[22m[39m{"timestamp":"2026-06-20T06:10:09.390Z","level":"INFO","source":"frontend","module":"webrtc/sframe-transform","message":"encrypted frame","context":{"kid":9,"ctr":2,"byteLength":62,"codecOffset":10}}

[90mstdout[2m | apps/validator-daemon/src/canary/__tests__/verify-loop.test.ts[2m > [22m[2mREQ-CFA-042 — state.relayStunLossBps is READ as the classifier stunPacketLossBps arg[2m > [22m[2mthe submitted proof carries the audited relay + the diverged frameSeq + >=2 attesters
[22m[39m{"timestamp":"2026-06-20T06:10:09.390Z","level":"INFO","source":"frontend","module":"webrtc/sframe-transform","message":"encrypted frame","context":{"kid":9,"ctr":3,"byteLength":62,"codecOffset":10}}

[90mstdout[2m | apps/validator-daemon/src/canary/__tests__/verify-loop.test.ts[2m > [22m[2mREQ-CFA-042 — state.relayStunLossBps is READ as the classifier stunPacketLossBps arg[2m > [22m[2mthe submitted proof carries the audited relay + the diverged frameSeq + >=2 attesters
[22m[39m{"timestamp":"2026-06-20T06:10:09.390Z","level":"INFO","source":"frontend","module":"webrtc/sframe-transform","message":"encrypted frame","context":{"kid":9,"ctr":4,"byteLength":62,"codecOffset":10}}

[90mstdout[2m | apps/validator-daemon/src/canary/__tests__/verify-loop.test.ts[2m > [22m[2mREQ-CFA-042 — state.relayStunLossBps is READ as the classifier stunPacketLossBps arg[2m > [22m[2mthe submitted proof carries the audited relay + the diverged frameSeq + >=2 attesters
[22m[39m{"timestamp":"2026-06-20T06:10:09.391Z","level":"INFO","source":"frontend","module":"webrtc/sframe-transform","message":"encrypted frame","context":{"kid":9,"ctr":5,"byteLength":62,"codecOffset":10}}

[90mstdout[2m | apps/validator-daemon/src/canary/__tests__/verify-loop.test.ts[2m > [22m[2mREQ-CFA-042 — state.relayStunLossBps is READ as the classifier stunPacketLossBps arg[2m > [22m[2mthe submitted proof carries the audited relay + the diverged frameSeq + >=2 attesters
[22m[39m{"timestamp":"2026-06-20T06:10:09.391Z","level":"INFO","source":"frontend","module":"webrtc/sframe-transform","message":"encrypted frame","context":{"kid":9,"ctr":6,"byteLength":62,"codecOffset":10}}

[90mstdout[2m | apps/validator-daemon/src/canary/__tests__/verify-loop.test.ts[2m > [22m[2mREQ-CFA-042 — state.relayStunLossBps is READ as the classifier stunPacketLossBps arg[2m > [22m[2mthe submitted proof carries the audited relay + the diverged frameSeq + >=2 attesters
[22m[39m{"timestamp":"2026-06-20T06:10:09.391Z","level":"INFO","source":"frontend","module":"webrtc/sframe-transform","message":"encrypted frame","context":{"kid":9,"ctr":7,"byteLength":62,"codecOffset":10}}

{"level":30,"time":1781935809391,"pid":31940,"hostname":"Quang","name":"canary/verifier","canaryKid":9,"mediaPackets":7,"byteIdentical":7,"divergences":1,"msg":"canary forwarding verified"}
[90mstdout[2m | apps/validator-daemon/src/canary/__tests__/verify-loop.test.ts[2m > [22m[2mREQ-CFA-042 — state.relayStunLossBps is READ as the classifier stunPacketLossBps arg[2m > [22m[2mthe submitted proof carries the audited relay + the diverged frameSeq + >=2 attesters
[22m[39m{"timestamp":"2026-06-20T06:10:09.392Z","level":"INFO","source":"frontend","module":"webrtc/sframe-transform","message":"encrypted frame","context":{"kid":9,"ctr":0,"byteLength":62,"codecOffset":10}}

[90mstdout[2m | apps/validator-daemon/src/canary/__tests__/verify-loop.test.ts[2m > [22m[2mREQ-CFA-042 — state.relayStunLossBps is READ as the classifier stunPacketLossBps arg[2m > [22m[2mthe submitted proof carries the audited relay + the diverged frameSeq + >=2 attesters
[22m[39m{"timestamp":"2026-06-20T06:10:09.392Z","level":"INFO","source":"frontend","module":"webrtc/sframe-transform","message":"encrypted frame","context":{"kid":9,"ctr":1,"byteLength":62,"codecOffset":10}}

[90mstdout[2m | apps/validator-daemon/src/canary/__tests__/verify-loop.test.ts[2m > [22m[2mREQ-CFA-042 — state.relayStunLossBps is READ as the classifier stunPacketLossBps arg[2m > [22m[2mthe submitted proof carries the audited relay + the diverged frameSeq + >=2 attesters
[22m[39m{"timestamp":"2026-06-20T06:10:09.393Z","level":"INFO","source":"frontend","module":"webrtc/sframe-transform","message":"encrypted frame","context":{"kid":9,"ctr":2,"byteLength":62,"codecOffset":10}}

[90mstdout[2m | apps/validator-daemon/src/canary/__tests__/verify-loop.test.ts[2m > [22m[2mREQ-CFA-042 — state.relayStunLossBps is READ as the classifier stunPacketLossBps arg[2m > [22m[2mthe submitted proof carries the audited relay + the diverged frameSeq + >=2 attesters
[22m[39m{"timestamp":"2026-06-20T06:10:09.393Z","level":"INFO","source":"frontend","module":"webrtc/sframe-transform","message":"encrypted frame","context":{"kid":9,"ctr":3,"byteLength":62,"codecOffset":10}}

[90mstdout[2m | apps/validator-daemon/src/canary/__tests__/verify-loop.test.ts[2m > [22m[2mREQ-CFA-042 — state.relayStunLossBps is READ as the classifier stunPacketLossBps arg[2m > [22m[2mthe submitted proof carries the audited relay + the diverged frameSeq + >=2 attesters
[22m[39m{"timestamp":"2026-06-20T06:10:09.395Z","level":"INFO","source":"frontend","module":"webrtc/sframe-transform","message":"encrypted frame","context":{"kid":9,"ctr":4,"byteLength":62,"codecOffset":10}}

[90mstdout[2m | apps/validator-daemon/src/canary/__tests__/verify-loop.test.ts[2m > [22m[2mREQ-CFA-042 — state.relayStunLossBps is READ as the classifier stunPacketLossBps arg[2m > [22m[2mthe submitted proof carries the audited relay + the diverged frameSeq + >=2 attesters
[22m[39m{"timestamp":"2026-06-20T06:10:09.395Z","level":"INFO","source":"frontend","module":"webrtc/sframe-transform","message":"encrypted frame","context":{"kid":9,"ctr":5,"byteLength":62,"codecOffset":10}}

[90mstdout[2m | apps/validator-daemon/src/canary/__tests__/verify-loop.test.ts[2m > [22m[2mREQ-CFA-042 — state.relayStunLossBps is READ as the classifier stunPacketLossBps arg[2m > [22m[2mthe submitted proof carries the audited relay + the diverged frameSeq + >=2 attesters
[22m[39m{"timestamp":"2026-06-20T06:10:09.396Z","level":"INFO","source":"frontend","module":"webrtc/sframe-transform","message":"encrypted frame","context":{"kid":9,"ctr":6,"byteLength":62,"codecOffset":10}}

[90mstdout[2m | apps/validator-daemon/src/canary/__tests__/verify-loop.test.ts[2m > [22m[2mREQ-CFA-042 — state.relayStunLossBps is READ as the classifier stunPacketLossBps arg[2m > [22m[2mthe submitted proof carries the audited relay + the diverged frameSeq + >=2 attesters
[22m[39m{"timestamp":"2026-06-20T06:10:09.396Z","level":"INFO","source":"frontend","module":"webrtc/sframe-transform","message":"encrypted frame","context":{"kid":9,"ctr":7,"byteLength":62,"codecOffset":10}}

{"level":30,"time":1781935809396,"pid":31940,"hostname":"Quang","name":"canary/verifier","canaryKid":9,"mediaPackets":7,"byteIdentical":7,"divergences":1,"msg":"canary forwarding verified"}
{"level":30,"time":1781935809396,"pid":31940,"hostname":"Quang","name":"canary/loss-classifier","relayMinerId":"relay-under-audit","promoted":0,"absorbed":1,"tampers":0,"cumulativeCrossed":false,"msg":"canary divergences classified (drop gate / tamper p=1)"}
{"level":30,"time":1781935809396,"pid":31940,"hostname":"Quang","name":"canary/verify-loop","round":2,"relayMinerId":"relay-under-audit","roomId":"verify-loop-room","perReceiver":2,"promoted":0,"absorbed":1,"stunLossBps":"0","msg":"canary verify round classified (hermetic half — synthetic capture, STUN read live)"}
[90mstdout[2m | apps/validator-daemon/src/canary/__tests__/verify-loop.test.ts[2m > [22m[2mREQ-CFA-042 — state.relayStunLossBps is READ as the classifier stunPacketLossBps arg[2m > [22m[2mthe submitted proof carries the audited relay + the diverged frameSeq + >=2 attesters
[22m[39m{"timestamp":"2026-06-20T06:10:09.397Z","level":"INFO","source":"frontend","module":"webrtc/sframe-transform","message":"encrypted frame","context":{"kid":9,"ctr":0,"byteLength":62,"codecOffset":10}}

[90mstdout[2m | apps/validator-daemon/src/canary/__tests__/verify-loop.test.ts[2m > [22m[2mREQ-CFA-042 — state.relayStunLossBps is READ as the classifier stunPacketLossBps arg[2m > [22m[2mthe submitted proof carries the audited relay + the diverged frameSeq + >=2 attesters
[22m[39m{"timestamp":"2026-06-20T06:10:09.397Z","level":"INFO","source":"frontend","module":"webrtc/sframe-transform","message":"encrypted frame","context":{"kid":9,"ctr":1,"byteLength":62,"codecOffset":10}}

[90mstdout[2m | apps/validator-daemon/src/canary/__tests__/verify-loop.test.ts[2m > [22m[2mREQ-CFA-042 — state.relayStunLossBps is READ as the classifier stunPacketLossBps arg[2m > [22m[2mthe submitted proof carries the audited relay + the diverged frameSeq + >=2 attesters
[22m[39m{"timestamp":"2026-06-20T06:10:09.397Z","level":"INFO","source":"frontend","module":"webrtc/sframe-transform","message":"encrypted frame","context":{"kid":9,"ctr":2,"byteLength":62,"codecOffset":10}}

[90mstdout[2m | apps/validator-daemon/src/canary/__tests__/verify-loop.test.ts[2m > [22m[2mREQ-CFA-042 — state.relayStunLossBps is READ as the classifier stunPacketLossBps arg[2m > [22m[2mthe submitted proof carries the audited relay + the diverged frameSeq + >=2 attesters
[22m[39m{"timestamp":"2026-06-20T06:10:09.398Z","level":"INFO","source":"frontend","module":"webrtc/sframe-transform","message":"encrypted frame","context":{"kid":9,"ctr":3,"byteLength":62,"codecOffset":10}}

[90mstdout[2m | apps/validator-daemon/src/canary/__tests__/verify-loop.test.ts[2m > [22m[2mREQ-CFA-042 — state.relayStunLossBps is READ as the classifier stunPacketLossBps arg[2m > [22m[2mthe submitted proof carries the audited relay + the diverged frameSeq + >=2 attesters
[22m[39m{"timestamp":"2026-06-20T06:10:09.398Z","level":"INFO","source":"frontend","module":"webrtc/sframe-transform","message":"encrypted frame","context":{"kid":9,"ctr":4,"byteLength":62,"codecOffset":10}}

[90mstdout[2m | apps/validator-daemon/src/canary/__tests__/verify-loop.test.ts[2m > [22m[2mREQ-CFA-042 — state.relayStunLossBps is READ as the classifier stunPacketLossBps arg[2m > [22m[2mthe submitted proof carries the audited relay + the diverged frameSeq + >=2 attesters
[22m[39m{"timestamp":"2026-06-20T06:10:09.398Z","level":"INFO","source":"frontend","module":"webrtc/sframe-transform","message":"encrypted frame","context":{"kid":9,"ctr":6,"byteLength":62,"codecOffset":10}}

[90mstdout[2m | apps/validator-daemon/src/canary/__tests__/verify-loop.test.ts[2m > [22m[2mREQ-CFA-042 — state.relayStunLossBps is READ as the classifier stunPacketLossBps arg[2m > [22m[2mthe submitted proof carries the audited relay + the diverged frameSeq + >=2 attesters
[22m[39m{"timestamp":"2026-06-20T06:10:09.398Z","level":"INFO","source":"frontend","module":"webrtc/sframe-transform","message":"encrypted frame","context":{"kid":9,"ctr":7,"byteLength":62,"codecOffset":10}}

[90mstdout[2m | apps/validator-daemon/src/canary/__tests__/verify-loop.test.ts[2m > [22m[2mREQ-CFA-042 — state.relayStunLossBps is READ as the classifier stunPacketLossBps arg[2m > [22m[2mthe submitted proof carries the audited relay + the diverged frameSeq + >=2 attesters
[22m[39m{"timestamp":"2026-06-20T06:10:09.399Z","level":"INFO","source":"frontend","module":"webrtc/sframe-transform","message":"encrypted frame","context":{"kid":9,"ctr":0,"byteLength":62,"codecOffset":10}}

[90mstdout[2m | apps/validator-daemon/src/canary/__tests__/verify-loop.test.ts[2m > [22m[2mREQ-CFA-042 — state.relayStunLossBps is READ as the classifier stunPacketLossBps arg[2m > [22m[2mthe submitted proof carries the audited relay + the diverged frameSeq + >=2 attesters
[22m[39m{"timestamp":"2026-06-20T06:10:09.399Z","level":"INFO","source":"frontend","module":"webrtc/sframe-transform","message":"encrypted frame","context":{"kid":9,"ctr":1,"byteLength":62,"codecOffset":10}}

[90mstdout[2m | apps/validator-daemon/src/canary/__tests__/verify-loop.test.ts[2m > [22m[2mREQ-CFA-042 — state.relayStunLossBps is READ as the classifier stunPacketLossBps arg[2m > [22m[2mthe submitted proof carries the audited relay + the diverged frameSeq + >=2 attesters
[22m[39m{"timestamp":"2026-06-20T06:10:09.399Z","level":"INFO","source":"frontend","module":"webrtc/sframe-transform","message":"encrypted frame","context":{"kid":9,"ctr":2,"byteLength":62,"codecOffset":10}}

[90mstdout[2m | apps/validator-daemon/src/canary/__tests__/verify-loop.test.ts[2m > [22m[2mREQ-CFA-042 — state.relayStunLossBps is READ as the classifier stunPacketLossBps arg[2m > [22m[2mthe submitted proof carries the audited relay + the diverged frameSeq + >=2 attesters
[22m[39m{"timestamp":"2026-06-20T06:10:09.400Z","level":"INFO","source":"frontend","module":"webrtc/sframe-transform","message":"encrypted frame","context":{"kid":9,"ctr":3,"byteLength":62,"codecOffset":10}}

[90mstdout[2m | apps/validator-daemon/src/canary/__tests__/verify-loop.test.ts[2m > [22m[2mREQ-CFA-042 — state.relayStunLossBps is READ as the classifier stunPacketLossBps arg[2m > [22m[2mthe submitted proof carries the audited relay + the diverged frameSeq + >=2 attesters
[22m[39m{"timestamp":"2026-06-20T06:10:09.400Z","level":"INFO","source":"frontend","module":"webrtc/sframe-transform","message":"encrypted frame","context":{"kid":9,"ctr":4,"byteLength":62,"codecOffset":10}}

[90mstdout[2m | apps/validator-daemon/src/canary/__tests__/verify-loop.test.ts[2m > [22m[2mREQ-CFA-042 — state.relayStunLossBps is READ as the classifier stunPacketLossBps arg[2m > [22m[2mthe submitted proof carries the audited relay + the diverged frameSeq + >=2 attesters
[22m[39m{"timestamp":"2026-06-20T06:10:09.400Z","level":"INFO","source":"frontend","module":"webrtc/sframe-transform","message":"encrypted frame","context":{"kid":9,"ctr":5,"byteLength":62,"codecOffset":10}}

[90mstdout[2m | apps/validator-daemon/src/canary/__tests__/verify-loop.test.ts[2m > [22m[2mREQ-CFA-042 — state.relayStunLossBps is READ as the classifier stunPacketLossBps arg[2m > [22m[2mthe submitted proof carries the audited relay + the diverged frameSeq + >=2 attesters
[22m[39m{"timestamp":"2026-06-20T06:10:09.401Z","level":"INFO","source":"frontend","module":"webrtc/sframe-transform","message":"encrypted frame","context":{"kid":9,"ctr":6,"byteLength":62,"codecOffset":10}}

[90mstdout[2m | apps/validator-daemon/src/canary/__tests__/verify-loop.test.ts[2m > [22m[2mREQ-CFA-042 — state.relayStunLossBps is READ as the classifier stunPacketLossBps arg[2m > [22m[2mthe submitted proof carries the audited relay + the diverged frameSeq + >=2 attesters
[22m[39m{"timestamp":"2026-06-20T06:10:09.401Z","level":"INFO","source":"frontend","module":"webrtc/sframe-transform","message":"encrypted frame","context":{"kid":9,"ctr":7,"byteLength":62,"codecOffset":10}}

{"level":30,"time":1781935809401,"pid":31940,"hostname":"Quang","name":"canary/verifier","canaryKid":9,"mediaPackets":7,"byteIdentical":7,"divergences":1,"msg":"canary forwarding verified"}
[90mstdout[2m | apps/validator-daemon/src/canary/__tests__/verify-loop.test.ts[2m > [22m[2mREQ-CFA-042 — state.relayStunLossBps is READ as the classifier stunPacketLossBps arg[2m > [22m[2mthe submitted proof carries the audited relay + the diverged frameSeq + >=2 attesters
[22m[39m{"timestamp":"2026-06-20T06:10:09.401Z","level":"INFO","source":"frontend","module":"webrtc/sframe-transform","message":"encrypted frame","context":{"kid":9,"ctr":0,"byteLength":62,"codecOffset":10}}

[90mstdout[2m | apps/validator-daemon/src/canary/__tests__/verify-loop.test.ts[2m > [22m[2mREQ-CFA-042 — state.relayStunLossBps is READ as the classifier stunPacketLossBps arg[2m > [22m[2mthe submitted proof carries the audited relay + the diverged frameSeq + >=2 attesters
[22m[39m{"timestamp":"2026-06-20T06:10:09.402Z","level":"INFO","source":"frontend","module":"webrtc/sframe-transform","message":"encrypted frame","context":{"kid":9,"ctr":1,"byteLength":62,"codecOffset":10}}

[90mstdout[2m | apps/validator-daemon/src/canary/__tests__/verify-loop.test.ts[2m > [22m[2mREQ-CFA-042 — state.relayStunLossBps is READ as the classifier stunPacketLossBps arg[2m > [22m[2mthe submitted proof carries the audited relay + the diverged frameSeq + >=2 attesters
[22m[39m{"timestamp":"2026-06-20T06:10:09.402Z","level":"INFO","source":"frontend","module":"webrtc/sframe-transform","message":"encrypted frame","context":{"kid":9,"ctr":2,"byteLength":62,"codecOffset":10}}

[90mstdout[2m | apps/validator-daemon/src/canary/__tests__/verify-loop.test.ts[2m > [22m[2mREQ-CFA-042 — state.relayStunLossBps is READ as the classifier stunPacketLossBps arg[2m > [22m[2mthe submitted proof carries the audited relay + the diverged frameSeq + >=2 attesters
[22m[39m{"timestamp":"2026-06-20T06:10:09.402Z","level":"INFO","source":"frontend","module":"webrtc/sframe-transform","message":"encrypted frame","context":{"kid":9,"ctr":3,"byteLength":62,"codecOffset":10}}

[90mstdout[2m | apps/validator-daemon/src/canary/__tests__/verify-loop.test.ts[2m > [22m[2mREQ-CFA-042 — state.relayStunLossBps is READ as the classifier stunPacketLossBps arg[2m > [22m[2mthe submitted proof carries the audited relay + the diverged frameSeq + >=2 attesters
[22m[39m{"timestamp":"2026-06-20T06:10:09.403Z","level":"INFO","source":"frontend","module":"webrtc/sframe-transform","message":"encrypted frame","context":{"kid":9,"ctr":4,"byteLength":62,"codecOffset":10}}

[90mstdout[2m | apps/validator-daemon/src/canary/__tests__/verify-loop.test.ts[2m > [22m[2mREQ-CFA-042 — state.relayStunLossBps is READ as the classifier stunPacketLossBps arg[2m > [22m[2mthe submitted proof carries the audited relay + the diverged frameSeq + >=2 attesters
[22m[39m{"timestamp":"2026-06-20T06:10:09.403Z","level":"INFO","source":"frontend","module":"webrtc/sframe-transform","message":"encrypted frame","context":{"kid":9,"ctr":5,"byteLength":62,"codecOffset":10}}

[90mstdout[2m | apps/validator-daemon/src/canary/__tests__/verify-loop.test.ts[2m > [22m[2mREQ-CFA-042 — state.relayStunLossBps is READ as the classifier stunPacketLossBps arg[2m > [22m[2mthe submitted proof carries the audited relay + the diverged frameSeq + >=2 attesters
[22m[39m{"timestamp":"2026-06-20T06:10:09.403Z","level":"INFO","source":"frontend","module":"webrtc/sframe-transform","message":"encrypted frame","context":{"kid":9,"ctr":6,"byteLength":62,"codecOffset":10}}

[90mstdout[2m | apps/validator-daemon/src/canary/__tests__/verify-loop.test.ts[2m > [22m[2mREQ-CFA-042 — state.relayStunLossBps is READ as the classifier stunPacketLossBps arg[2m > [22m[2mthe submitted proof carries the audited relay + the diverged frameSeq + >=2 attesters
[22m[39m{"timestamp":"2026-06-20T06:10:09.403Z","level":"INFO","source":"frontend","module":"webrtc/sframe-transform","message":"encrypted frame","context":{"kid":9,"ctr":7,"byteLength":62,"codecOffset":10}}

{"level":30,"time":1781935809403,"pid":31940,"hostname":"Quang","name":"canary/verifier","canaryKid":9,"mediaPackets":7,"byteIdentical":7,"divergences":1,"msg":"canary forwarding verified"}
{"level":30,"time":1781935809403,"pid":31940,"hostname":"Quang","name":"canary/loss-classifier","relayMinerId":"relay-under-audit","promoted":0,"absorbed":1,"tampers":0,"cumulativeCrossed":false,"msg":"canary divergences classified (drop gate / tamper p=1)"}
{"level":30,"time":1781935809403,"pid":31940,"hostname":"Quang","name":"canary/verify-loop","round":3,"relayMinerId":"relay-under-audit","roomId":"verify-loop-room","perReceiver":2,"promoted":0,"absorbed":1,"stunLossBps":"0","msg":"canary verify round classified (hermetic half — synthetic capture, STUN read live)"}
[90mstdout[2m | apps/validator-daemon/src/canary/__tests__/verify-loop.test.ts[2m > [22m[2mREQ-CFA-042 — state.relayStunLossBps is READ as the classifier stunPacketLossBps arg[2m > [22m[2mthe submitted proof carries the audited relay + the diverged frameSeq + >=2 attesters
[22m[39m{"timestamp":"2026-06-20T06:10:09.404Z","level":"INFO","source":"frontend","module":"webrtc/sframe-transform","message":"encrypted frame","context":{"kid":9,"ctr":0,"byteLength":62,"codecOffset":10}}

[90mstdout[2m | apps/validator-daemon/src/canary/__tests__/verify-loop.test.ts[2m > [22m[2mREQ-CFA-042 — state.relayStunLossBps is READ as the classifier stunPacketLossBps arg[2m > [22m[2mthe submitted proof carries the audited relay + the diverged frameSeq + >=2 attesters
[22m[39m{"timestamp":"2026-06-20T06:10:09.404Z","level":"INFO","source":"frontend","module":"webrtc/sframe-transform","message":"encrypted frame","context":{"kid":9,"ctr":1,"byteLength":62,"codecOffset":10}}

[90mstdout[2m | apps/validator-daemon/src/canary/__tests__/verify-loop.test.ts[2m > [22m[2mREQ-CFA-042 — state.relayStunLossBps is READ as the classifier stunPacketLossBps arg[2m > [22m[2mthe submitted proof carries the audited relay + the diverged frameSeq + >=2 attesters
[22m[39m{"timestamp":"2026-06-20T06:10:09.404Z","level":"INFO","source":"frontend","module":"webrtc/sframe-transform","message":"encrypted frame","context":{"kid":9,"ctr":2,"byteLength":62,"codecOffset":10}}

[90mstdout[2m | apps/validator-daemon/src/canary/__tests__/verify-loop.test.ts[2m > [22m[2mREQ-CFA-042 — state.relayStunLossBps is READ as the classifier stunPacketLossBps arg[2m > [22m[2mthe submitted proof carries the audited relay + the diverged frameSeq + >=2 attesters
[22m[39m{"timestamp":"2026-06-20T06:10:09.405Z","level":"INFO","source":"frontend","module":"webrtc/sframe-transform","message":"encrypted frame","context":{"kid":9,"ctr":3,"byteLength":62,"codecOffset":10}}

[90mstdout[2m | apps/validator-daemon/src/canary/__tests__/verify-loop.test.ts[2m > [22m[2mREQ-CFA-042 — state.relayStunLossBps is READ as the classifier stunPacketLossBps arg[2m > [22m[2mthe submitted proof carries the audited relay + the diverged frameSeq + >=2 attesters
[22m[39m{"timestamp":"2026-06-20T06:10:09.405Z","level":"INFO","source":"frontend","module":"webrtc/sframe-transform","message":"encrypted frame","context":{"kid":9,"ctr":4,"byteLength":62,"codecOffset":10}}

[90mstdout[2m | apps/validator-daemon/src/canary/__tests__/verify-loop.test.ts[2m > [22m[2mREQ-CFA-042 — state.relayStunLossBps is READ as the classifier stunPacketLossBps arg[2m > [22m[2mthe submitted proof carries the audited relay + the diverged frameSeq + >=2 attesters
[22m[39m{"timestamp":"2026-06-20T06:10:09.405Z","level":"INFO","source":"frontend","module":"webrtc/sframe-transform","message":"encrypted frame","context":{"kid":9,"ctr":6,"byteLength":62,"codecOffset":10}}

[90mstdout[2m | apps/validator-daemon/src/canary/__tests__/verify-loop.test.ts[2m > [22m[2mREQ-CFA-042 — state.relayStunLossBps is READ as the classifier stunPacketLossBps arg[2m > [22m[2mthe submitted proof carries the audited relay + the diverged frameSeq + >=2 attesters
[22m[39m{"timestamp":"2026-06-20T06:10:09.406Z","level":"INFO","source":"frontend","module":"webrtc/sframe-transform","message":"encrypted frame","context":{"kid":9,"ctr":7,"byteLength":62,"codecOffset":10}}

[90mstdout[2m | apps/validator-daemon/src/canary/__tests__/verify-loop.test.ts[2m > [22m[2mREQ-CFA-042 — state.relayStunLossBps is READ as the classifier stunPacketLossBps arg[2m > [22m[2mthe submitted proof carries the audited relay + the diverged frameSeq + >=2 attesters
[22m[39m{"timestamp":"2026-06-20T06:10:09.406Z","level":"INFO","source":"frontend","module":"webrtc/sframe-transform","message":"encrypted frame","context":{"kid":9,"ctr":0,"byteLength":62,"codecOffset":10}}

[90mstdout[2m | apps/validator-daemon/src/canary/__tests__/verify-loop.test.ts[2m > [22m[2mREQ-CFA-042 — state.relayStunLossBps is READ as the classifier stunPacketLossBps arg[2m > [22m[2mthe submitted proof carries the audited relay + the diverged frameSeq + >=2 attesters
[22m[39m{"timestamp":"2026-06-20T06:10:09.406Z","level":"INFO","source":"frontend","module":"webrtc/sframe-transform","message":"encrypted frame","context":{"kid":9,"ctr":1,"byteLength":62,"codecOffset":10}}

[90mstdout[2m | apps/validator-daemon/src/canary/__tests__/verify-loop.test.ts[2m > [22m[2mREQ-CFA-042 — state.relayStunLossBps is READ as the classifier stunPacketLossBps arg[2m > [22m[2mthe submitted proof carries the audited relay + the diverged frameSeq + >=2 attesters
[22m[39m{"timestamp":"2026-06-20T06:10:09.407Z","level":"INFO","source":"frontend","module":"webrtc/sframe-transform","message":"encrypted frame","context":{"kid":9,"ctr":2,"byteLength":62,"codecOffset":10}}

[90mstdout[2m | apps/validator-daemon/src/canary/__tests__/verify-loop.test.ts[2m > [22m[2mREQ-CFA-042 — state.relayStunLossBps is READ as the classifier stunPacketLossBps arg[2m > [22m[2mthe submitted proof carries the audited relay + the diverged frameSeq + >=2 attesters
[22m[39m{"timestamp":"2026-06-20T06:10:09.407Z","level":"INFO","source":"frontend","module":"webrtc/sframe-transform","message":"encrypted frame","context":{"kid":9,"ctr":3,"byteLength":62,"codecOffset":10}}

[90mstdout[2m | apps/validator-daemon/src/canary/__tests__/verify-loop.test.ts[2m > [22m[2mREQ-CFA-042 — state.relayStunLossBps is READ as the classifier stunPacketLossBps arg[2m > [22m[2mthe submitted proof carries the audited relay + the diverged frameSeq + >=2 attesters
[22m[39m{"timestamp":"2026-06-20T06:10:09.407Z","level":"INFO","source":"frontend","module":"webrtc/sframe-transform","message":"encrypted frame","context":{"kid":9,"ctr":4,"byteLength":62,"codecOffset":10}}

[90mstdout[2m | apps/validator-daemon/src/canary/__tests__/verify-loop.test.ts[2m > [22m[2mREQ-CFA-042 — state.relayStunLossBps is READ as the classifier stunPacketLossBps arg[2m > [22m[2mthe submitted proof carries the audited relay + the diverged frameSeq + >=2 attesters
[22m[39m{"timestamp":"2026-06-20T06:10:09.408Z","level":"INFO","source":"frontend","module":"webrtc/sframe-transform","message":"encrypted frame","context":{"kid":9,"ctr":5,"byteLength":62,"codecOffset":10}}

[90mstdout[2m | apps/validator-daemon/src/canary/__tests__/verify-loop.test.ts[2m > [22m[2mREQ-CFA-042 — state.relayStunLossBps is READ as the classifier stunPacketLossBps arg[2m > [22m[2mthe submitted proof carries the audited relay + the diverged frameSeq + >=2 attesters
[22m[39m{"timestamp":"2026-06-20T06:10:09.408Z","level":"INFO","source":"frontend","module":"webrtc/sframe-transform","message":"encrypted frame","context":{"kid":9,"ctr":6,"byteLength":62,"codecOffset":10}}

[90mstdout[2m | apps/validator-daemon/src/canary/__tests__/verify-loop.test.ts[2m > [22m[2mREQ-CFA-042 — state.relayStunLossBps is READ as the classifier stunPacketLossBps arg[2m > [22m[2mthe submitted proof carries the audited relay + the diverged frameSeq + >=2 attesters
[22m[39m{"timestamp":"2026-06-20T06:10:09.408Z","level":"INFO","source":"frontend","module":"webrtc/sframe-transform","message":"encrypted frame","context":{"kid":9,"ctr":7,"byteLength":62,"codecOffset":10}}

{"level":30,"time":1781935809408,"pid":31940,"hostname":"Quang","name":"canary/verifier","canaryKid":9,"mediaPackets":7,"byteIdentical":7,"divergences":1,"msg":"canary forwarding verified"}
[90mstdout[2m | apps/validator-daemon/src/canary/__tests__/verify-loop.test.ts[2m > [22m[2mREQ-CFA-042 — state.relayStunLossBps is READ as the classifier stunPacketLossBps arg[2m > [22m[2mthe submitted proof carries the audited relay + the diverged frameSeq + >=2 attesters
[22m[39m{"timestamp":"2026-06-20T06:10:09.409Z","level":"INFO","source":"frontend","module":"webrtc/sframe-transform","message":"encrypted frame","context":{"kid":9,"ctr":0,"byteLength":62,"codecOffset":10}}

[90mstdout[2m | apps/validator-daemon/src/canary/__tests__/verify-loop.test.ts[2m > [22m[2mREQ-CFA-042 — state.relayStunLossBps is READ as the classifier stunPacketLossBps arg[2m > [22m[2mthe submitted proof carries the audited relay + the diverged frameSeq + >=2 attesters
[22m[39m{"timestamp":"2026-06-20T06:10:09.409Z","level":"INFO","source":"frontend","module":"webrtc/sframe-transform","message":"encrypted frame","context":{"kid":9,"ctr":1,"byteLength":62,"codecOffset":10}}

[90mstdout[2m | apps/validator-daemon/src/canary/__tests__/verify-loop.test.ts[2m > [22m[2mREQ-CFA-042 — state.relayStunLossBps is READ as the classifier stunPacketLossBps arg[2m > [22m[2mthe submitted proof carries the audited relay + the diverged frameSeq + >=2 attesters
[22m[39m{"timestamp":"2026-06-20T06:10:09.409Z","level":"INFO","source":"frontend","module":"webrtc/sframe-transform","message":"encrypted frame","context":{"kid":9,"ctr":2,"byteLength":62,"codecOffset":10}}

[90mstdout[2m | apps/validator-daemon/src/canary/__tests__/verify-loop.test.ts[2m > [22m[2mREQ-CFA-042 — state.relayStunLossBps is READ as the classifier stunPacketLossBps arg[2m > [22m[2mthe submitted proof carries the audited relay + the diverged frameSeq + >=2 attesters
[22m[39m{"timestamp":"2026-06-20T06:10:09.409Z","level":"INFO","source":"frontend","module":"webrtc/sframe-transform","message":"encrypted frame","context":{"kid":9,"ctr":3,"byteLength":62,"codecOffset":10}}

[90mstdout[2m | apps/validator-daemon/src/canary/__tests__/verify-loop.test.ts[2m > [22m[2mREQ-CFA-042 — state.relayStunLossBps is READ as the classifier stunPacketLossBps arg[2m > [22m[2mthe submitted proof carries the audited relay + the diverged frameSeq + >=2 attesters
[22m[39m{"timestamp":"2026-06-20T06:10:09.410Z","level":"INFO","source":"frontend","module":"webrtc/sframe-transform","message":"encrypted frame","context":{"kid":9,"ctr":4,"byteLength":62,"codecOffset":10}}

[90mstdout[2m | apps/validator-daemon/src/canary/__tests__/verify-loop.test.ts[2m > [22m[2mREQ-CFA-042 — state.relayStunLossBps is READ as the classifier stunPacketLossBps arg[2m > [22m[2mthe submitted proof carries the audited relay + the diverged frameSeq + >=2 attesters
[22m[39m{"timestamp":"2026-06-20T06:10:09.410Z","level":"INFO","source":"frontend","module":"webrtc/sframe-transform","message":"encrypted frame","context":{"kid":9,"ctr":5,"byteLength":62,"codecOffset":10}}

[90mstdout[2m | apps/validator-daemon/src/canary/__tests__/verify-loop.test.ts[2m > [22m[2mREQ-CFA-042 — state.relayStunLossBps is READ as the classifier stunPacketLossBps arg[2m > [22m[2mthe submitted proof carries the audited relay + the diverged frameSeq + >=2 attesters
[22m[39m{"timestamp":"2026-06-20T06:10:09.410Z","level":"INFO","source":"frontend","module":"webrtc/sframe-transform","message":"encrypted frame","context":{"kid":9,"ctr":6,"byteLength":62,"codecOffset":10}}

[90mstdout[2m | apps/validator-daemon/src/canary/__tests__/verify-loop.test.ts[2m > [22m[2mREQ-CFA-042 — state.relayStunLossBps is READ as the classifier stunPacketLossBps arg[2m > [22m[2mthe submitted proof carries the audited relay + the diverged frameSeq + >=2 attesters
[22m[39m{"timestamp":"2026-06-20T06:10:09.411Z","level":"INFO","source":"frontend","module":"webrtc/sframe-transform","message":"encrypted frame","context":{"kid":9,"ctr":7,"byteLength":62,"codecOffset":10}}

{"level":30,"time":1781935809411,"pid":31940,"hostname":"Quang","name":"canary/verifier","canaryKid":9,"mediaPackets":7,"byteIdentical":7,"divergences":1,"msg":"canary forwarding verified"}
{"level":30,"time":1781935809411,"pid":31940,"hostname":"Quang","name":"canary/loss-classifier","relayMinerId":"relay-under-audit","promoted":1,"absorbed":0,"tampers":0,"cumulativeCrossed":true,"msg":"canary divergences classified (drop gate / tamper p=1)"}
{"level":30,"time":1781935809413,"pid":31940,"hostname":"Quang","name":"canary/proof","roomId":"verify-loop-room","relayMinerId":"relay-under-audit","canaryId":9,"frameSeq":5,"drop":true,"attesters":2,"msg":"canary proof-of-divergence built (Wallet-B only)"}
{"level":30,"time":1781935809413,"pid":31940,"hostname":"Quang","name":"canary/verify-loop","round":4,"relayMinerId":"relay-under-audit","roomId":"verify-loop-room","perReceiver":2,"promoted":1,"absorbed":0,"stunLossBps":"0","msg":"canary verify round classified (hermetic half — synthetic capture, STUN read live)"}
[90mstdout[2m | apps/validator-daemon/src/canary/__tests__/verify-loop.test.ts[2m > [22m[2mREQ-CFA-042 — state.relayStunLossBps is READ as the classifier stunPacketLossBps arg[2m > [22m[2mthe submitted proof carries the audited relay + the diverged frameSeq + >=2 attesters
[22m[39m{"timestamp":"2026-06-20T06:10:09.414Z","level":"INFO","source":"frontend","module":"webrtc/sframe-transform","message":"encrypted frame","context":{"kid":9,"ctr":0,"byteLength":62,"codecOffset":10}}

[90mstdout[2m | apps/validator-daemon/src/canary/__tests__/verify-loop.test.ts[2m > [22m[2mREQ-CFA-042 — state.relayStunLossBps is READ as the classifier stunPacketLossBps arg[2m > [22m[2mthe submitted proof carries the audited relay + the diverged frameSeq + >=2 attesters
[22m[39m{"timestamp":"2026-06-20T06:10:09.414Z","level":"INFO","source":"frontend","module":"webrtc/sframe-transform","message":"encrypted frame","context":{"kid":9,"ctr":1,"byteLength":62,"codecOffset":10}}

[90mstdout[2m | apps/validator-daemon/src/canary/__tests__/verify-loop.test.ts[2m > [22m[2mREQ-CFA-042 — state.relayStunLossBps is READ as the classifier stunPacketLossBps arg[2m > [22m[2mthe submitted proof carries the audited relay + the diverged frameSeq + >=2 attesters
[22m[39m{"timestamp":"2026-06-20T06:10:09.415Z","level":"INFO","source":"frontend","module":"webrtc/sframe-transform","message":"encrypted frame","context":{"kid":9,"ctr":2,"byteLength":62,"codecOffset":10}}

[90mstdout[2m | apps/validator-daemon/src/canary/__tests__/verify-loop.test.ts[2m > [22m[2mREQ-CFA-042 — state.relayStunLossBps is READ as the classifier stunPacketLossBps arg[2m > [22m[2mthe submitted proof carries the audited relay + the diverged frameSeq + >=2 attesters
[22m[39m{"timestamp":"2026-06-20T06:10:09.415Z","level":"INFO","source":"frontend","module":"webrtc/sframe-transform","message":"encrypted frame","context":{"kid":9,"ctr":3,"byteLength":62,"codecOffset":10}}

[90mstdout[2m | apps/validator-daemon/src/canary/__tests__/verify-loop.test.ts[2m > [22m[2mREQ-CFA-042 — state.relayStunLossBps is READ as the classifier stunPacketLossBps arg[2m > [22m[2mthe submitted proof carries the audited relay + the diverged frameSeq + >=2 attesters
[22m[39m{"timestamp":"2026-06-20T06:10:09.415Z","level":"INFO","source":"frontend","module":"webrtc/sframe-transform","message":"encrypted frame","context":{"kid":9,"ctr":4,"byteLength":62,"codecOffset":10}}

[90mstdout[2m | apps/validator-daemon/src/canary/__tests__/verify-loop.test.ts[2m > [22m[2mREQ-CFA-042 — state.relayStunLossBps is READ as the classifier stunPacketLossBps arg[2m > [22m[2mthe submitted proof carries the audited relay + the diverged frameSeq + >=2 attesters
[22m[39m{"timestamp":"2026-06-20T06:10:09.415Z","level":"INFO","source":"frontend","module":"webrtc/sframe-transform","message":"encrypted frame","context":{"kid":9,"ctr":6,"byteLength":62,"codecOffset":10}}

[90mstdout[2m | apps/validator-daemon/src/canary/__tests__/verify-loop.test.ts[2m > [22m[2mREQ-CFA-042 — state.relayStunLossBps is READ as the classifier stunPacketLossBps arg[2m > [22m[2mthe submitted proof carries the audited relay + the diverged frameSeq + >=2 attesters
[22m[39m{"timestamp":"2026-06-20T06:10:09.416Z","level":"INFO","source":"frontend","module":"webrtc/sframe-transform","message":"encrypted frame","context":{"kid":9,"ctr":7,"byteLength":62,"codecOffset":10}}

[90mstdout[2m | apps/validator-daemon/src/canary/__tests__/verify-loop.test.ts[2m > [22m[2mREQ-CFA-042 — state.relayStunLossBps is READ as the classifier stunPacketLossBps arg[2m > [22m[2mthe submitted proof carries the audited relay + the diverged frameSeq + >=2 attesters
[22m[39m{"timestamp":"2026-06-20T06:10:09.416Z","level":"INFO","source":"frontend","module":"webrtc/sframe-transform","message":"encrypted frame","context":{"kid":9,"ctr":0,"byteLength":62,"codecOffset":10}}

[90mstdout[2m | apps/validator-daemon/src/canary/__tests__/verify-loop.test.ts[2m > [22m[2mREQ-CFA-042 — state.relayStunLossBps is READ as the classifier stunPacketLossBps arg[2m > [22m[2mthe submitted proof carries the audited relay + the diverged frameSeq + >=2 attesters
[22m[39m{"timestamp":"2026-06-20T06:10:09.416Z","level":"INFO","source":"frontend","module":"webrtc/sframe-transform","message":"encrypted frame","context":{"kid":9,"ctr":1,"byteLength":62,"codecOffset":10}}

[90mstdout[2m | apps/validator-daemon/src/canary/__tests__/verify-loop.test.ts[2m > [22m[2mREQ-CFA-042 — state.relayStunLossBps is READ as the classifier stunPacketLossBps arg[2m > [22m[2mthe submitted proof carries the audited relay + the diverged frameSeq + >=2 attesters
[22m[39m{"timestamp":"2026-06-20T06:10:09.417Z","level":"INFO","source":"frontend","module":"webrtc/sframe-transform","message":"encrypted frame","context":{"kid":9,"ctr":2,"byteLength":62,"codecOffset":10}}

[90mstdout[2m | apps/validator-daemon/src/canary/__tests__/verify-loop.test.ts[2m > [22m[2mREQ-CFA-042 — state.relayStunLossBps is READ as the classifier stunPacketLossBps arg[2m > [22m[2mthe submitted proof carries the audited relay + the diverged frameSeq + >=2 attesters
[22m[39m{"timestamp":"2026-06-20T06:10:09.417Z","level":"INFO","source":"frontend","module":"webrtc/sframe-transform","message":"encrypted frame","context":{"kid":9,"ctr":3,"byteLength":62,"codecOffset":10}}

[90mstdout[2m | apps/validator-daemon/src/canary/__tests__/verify-loop.test.ts[2m > [22m[2mREQ-CFA-042 — state.relayStunLossBps is READ as the classifier stunPacketLossBps arg[2m > [22m[2mthe submitted proof carries the audited relay + the diverged frameSeq + >=2 attesters
[22m[39m{"timestamp":"2026-06-20T06:10:09.417Z","level":"INFO","source":"frontend","module":"webrtc/sframe-transform","message":"encrypted frame","context":{"kid":9,"ctr":4,"byteLength":62,"codecOffset":10}}

[90mstdout[2m | apps/validator-daemon/src/canary/__tests__/verify-loop.test.ts[2m > [22m[2mREQ-CFA-042 — state.relayStunLossBps is READ as the classifier stunPacketLossBps arg[2m > [22m[2mthe submitted proof carries the audited relay + the diverged frameSeq + >=2 attesters
[22m[39m{"timestamp":"2026-06-20T06:10:09.417Z","level":"INFO","source":"frontend","module":"webrtc/sframe-transform","message":"encrypted frame","context":{"kid":9,"ctr":5,"byteLength":62,"codecOffset":10}}

[90mstdout[2m | apps/validator-daemon/src/canary/__tests__/verify-loop.test.ts[2m > [22m[2mREQ-CFA-042 — state.relayStunLossBps is READ as the classifier stunPacketLossBps arg[2m > [22m[2mthe submitted proof carries the audited relay + the diverged frameSeq + >=2 attesters
[22m[39m{"timestamp":"2026-06-20T06:10:09.418Z","level":"INFO","source":"frontend","module":"webrtc/sframe-transform","message":"encrypted frame","context":{"kid":9,"ctr":6,"byteLength":62,"codecOffset":10}}

[90mstdout[2m | apps/validator-daemon/src/canary/__tests__/verify-loop.test.ts[2m > [22m[2mREQ-CFA-042 — state.relayStunLossBps is READ as the classifier stunPacketLossBps arg[2m > [22m[2mthe submitted proof carries the audited relay + the diverged frameSeq + >=2 attesters
[22m[39m{"timestamp":"2026-06-20T06:10:09.418Z","level":"INFO","source":"frontend","module":"webrtc/sframe-transform","message":"encrypted frame","context":{"kid":9,"ctr":7,"byteLength":62,"codecOffset":10}}

{"level":30,"time":1781935809418,"pid":31940,"hostname":"Quang","name":"canary/verifier","canaryKid":9,"mediaPackets":7,"byteIdentical":7,"divergences":1,"msg":"canary forwarding verified"}
[90mstdout[2m | apps/validator-daemon/src/canary/__tests__/verify-loop.test.ts[2m > [22m[2mREQ-CFA-042 — state.relayStunLossBps is READ as the classifier stunPacketLossBps arg[2m > [22m[2mthe submitted proof carries the audited relay + the diverged frameSeq + >=2 attesters
[22m[39m{"timestamp":"2026-06-20T06:10:09.418Z","level":"INFO","source":"frontend","module":"webrtc/sframe-transform","message":"encrypted frame","context":{"kid":9,"ctr":0,"byteLength":62,"codecOffset":10}}

[90mstdout[2m | apps/validator-daemon/src/canary/__tests__/verify-loop.test.ts[2m > [22m[2mREQ-CFA-042 — state.relayStunLossBps is READ as the classifier stunPacketLossBps arg[2m > [22m[2mthe submitted proof carries the audited relay + the diverged frameSeq + >=2 attesters
[22m[39m{"timestamp":"2026-06-20T06:10:09.419Z","level":"INFO","source":"frontend","module":"webrtc/sframe-transform","message":"encrypted frame","context":{"kid":9,"ctr":1,"byteLength":62,"codecOffset":10}}

[90mstdout[2m | apps/validator-daemon/src/canary/__tests__/verify-loop.test.ts[2m > [22m[2mREQ-CFA-042 — state.relayStunLossBps is READ as the classifier stunPacketLossBps arg[2m > [22m[2mthe submitted proof carries the audited relay + the diverged frameSeq + >=2 attesters
[22m[39m{"timestamp":"2026-06-20T06:10:09.419Z","level":"INFO","source":"frontend","module":"webrtc/sframe-transform","message":"encrypted frame","context":{"kid":9,"ctr":2,"byteLength":62,"codecOffset":10}}

[90mstdout[2m | apps/validator-daemon/src/canary/__tests__/verify-loop.test.ts[2m > [22m[2mREQ-CFA-042 — state.relayStunLossBps is READ as the classifier stunPacketLossBps arg[2m > [22m[2mthe submitted proof carries the audited relay + the diverged frameSeq + >=2 attesters
[22m[39m{"timestamp":"2026-06-20T06:10:09.419Z","level":"INFO","source":"frontend","module":"webrtc/sframe-transform","message":"encrypted frame","context":{"kid":9,"ctr":3,"byteLength":62,"codecOffset":10}}

[90mstdout[2m | apps/validator-daemon/src/canary/__tests__/verify-loop.test.ts[2m > [22m[2mREQ-CFA-042 — state.relayStunLossBps is READ as the classifier stunPacketLossBps arg[2m > [22m[2mthe submitted proof carries the audited relay + the diverged frameSeq + >=2 attesters
[22m[39m{"timestamp":"2026-06-20T06:10:09.420Z","level":"INFO","source":"frontend","module":"webrtc/sframe-transform","message":"encrypted frame","context":{"kid":9,"ctr":4,"byteLength":62,"codecOffset":10}}

[90mstdout[2m | apps/validator-daemon/src/canary/__tests__/verify-loop.test.ts[2m > [22m[2mREQ-CFA-042 — state.relayStunLossBps is READ as the classifier stunPacketLossBps arg[2m > [22m[2mthe submitted proof carries the audited relay + the diverged frameSeq + >=2 attesters
[22m[39m{"timestamp":"2026-06-20T06:10:09.420Z","level":"INFO","source":"frontend","module":"webrtc/sframe-transform","message":"encrypted frame","context":{"kid":9,"ctr":5,"byteLength":62,"codecOffset":10}}

[90mstdout[2m | apps/validator-daemon/src/canary/__tests__/verify-loop.test.ts[2m > [22m[2mREQ-CFA-042 — state.relayStunLossBps is READ as the classifier stunPacketLossBps arg[2m > [22m[2mthe submitted proof carries the audited relay + the diverged frameSeq + >=2 attesters
[22m[39m{"timestamp":"2026-06-20T06:10:09.420Z","level":"INFO","source":"frontend","module":"webrtc/sframe-transform","message":"encrypted frame","context":{"kid":9,"ctr":6,"byteLength":62,"codecOffset":10}}

[90mstdout[2m | apps/validator-daemon/src/canary/__tests__/verify-loop.test.ts[2m > [22m[2mREQ-CFA-042 — state.relayStunLossBps is READ as the classifier stunPacketLossBps arg[2m > [22m[2mthe submitted proof carries the audited relay + the diverged frameSeq + >=2 attesters
[22m[39m{"timestamp":"2026-06-20T06:10:09.421Z","level":"INFO","source":"frontend","module":"webrtc/sframe-transform","message":"encrypted frame","context":{"kid":9,"ctr":7,"byteLength":62,"codecOffset":10}}

{"level":30,"time":1781935809421,"pid":31940,"hostname":"Quang","name":"canary/verifier","canaryKid":9,"mediaPackets":7,"byteIdentical":7,"divergences":1,"msg":"canary forwarding verified"}
{"level":30,"time":1781935809421,"pid":31940,"hostname":"Quang","name":"canary/loss-classifier","relayMinerId":"relay-under-audit","promoted":1,"absorbed":0,"tampers":0,"cumulativeCrossed":true,"msg":"canary divergences classified (drop gate / tamper p=1)"}
{"level":30,"time":1781935809424,"pid":31940,"hostname":"Quang","name":"canary/proof","roomId":"verify-loop-room","relayMinerId":"relay-under-audit","canaryId":9,"frameSeq":5,"drop":true,"attesters":2,"msg":"canary proof-of-divergence built (Wallet-B only)"}
{"level":30,"time":1781935809424,"pid":31940,"hostname":"Quang","name":"canary/verify-loop","round":5,"relayMinerId":"relay-under-audit","roomId":"verify-loop-room","perReceiver":2,"promoted":1,"absorbed":0,"stunLossBps":"0","msg":"canary verify round classified (hermetic half — synthetic capture, STUN read live)"}
[90mstdout[2m | apps/validator-daemon/src/canary/__tests__/verify-loop.test.ts[2m > [22m[2mREQ-CFA-042 — state.relayStunLossBps is READ as the classifier stunPacketLossBps arg[2m > [22m[2mthe submitted proof carries the audited relay + the diverged frameSeq + >=2 attesters
[22m[39m{"timestamp":"2026-06-20T06:10:09.424Z","level":"INFO","source":"frontend","module":"webrtc/sframe-transform","message":"encrypted frame","context":{"kid":9,"ctr":0,"byteLength":62,"codecOffset":10}}

[90mstdout[2m | apps/validator-daemon/src/canary/__tests__/verify-loop.test.ts[2m > [22m[2mREQ-CFA-042 — state.relayStunLossBps is READ as the classifier stunPacketLossBps arg[2m > [22m[2mthe submitted proof carries the audited relay + the diverged frameSeq + >=2 attesters
[22m[39m{"timestamp":"2026-06-20T06:10:09.425Z","level":"INFO","source":"frontend","module":"webrtc/sframe-transform","message":"encrypted frame","context":{"kid":9,"ctr":1,"byteLength":62,"codecOffset":10}}

[90mstdout[2m | apps/validator-daemon/src/canary/__tests__/verify-loop.test.ts[2m > [22m[2mREQ-CFA-042 — state.relayStunLossBps is READ as the classifier stunPacketLossBps arg[2m > [22m[2mthe submitted proof carries the audited relay + the diverged frameSeq + >=2 attesters
[22m[39m{"timestamp":"2026-06-20T06:10:09.425Z","level":"INFO","source":"frontend","module":"webrtc/sframe-transform","message":"encrypted frame","context":{"kid":9,"ctr":2,"byteLength":62,"codecOffset":10}}

[90mstdout[2m | apps/validator-daemon/src/canary/__tests__/verify-loop.test.ts[2m > [22m[2mREQ-CFA-042 — state.relayStunLossBps is READ as the classifier stunPacketLossBps arg[2m > [22m[2mthe submitted proof carries the audited relay + the diverged frameSeq + >=2 attesters
[22m[39m{"timestamp":"2026-06-20T06:10:09.426Z","level":"INFO","source":"frontend","module":"webrtc/sframe-transform","message":"encrypted frame","context":{"kid":9,"ctr":3,"byteLength":62,"codecOffset":10}}

[90mstdout[2m | apps/validator-daemon/src/canary/__tests__/verify-loop.test.ts[2m > [22m[2mREQ-CFA-042 — state.relayStunLossBps is READ as the classifier stunPacketLossBps arg[2m > [22m[2mthe submitted proof carries the audited relay + the diverged frameSeq + >=2 attesters
[22m[39m{"timestamp":"2026-06-20T06:10:09.426Z","level":"INFO","source":"frontend","module":"webrtc/sframe-transform","message":"encrypted frame","context":{"kid":9,"ctr":4,"byteLength":62,"codecOffset":10}}

[90mstdout[2m | apps/validator-daemon/src/canary/__tests__/verify-loop.test.ts[2m > [22m[2mREQ-CFA-042 — state.relayStunLossBps is READ as the classifier stunPacketLossBps arg[2m > [22m[2mthe submitted proof carries the audited relay + the diverged frameSeq + >=2 attesters
[22m[39m{"timestamp":"2026-06-20T06:10:09.426Z","level":"INFO","source":"frontend","module":"webrtc/sframe-transform","message":"encrypted frame","context":{"kid":9,"ctr":6,"byteLength":62,"codecOffset":10}}

[90mstdout[2m | apps/validator-daemon/src/canary/__tests__/verify-loop.test.ts[2m > [22m[2mREQ-CFA-042 — state.relayStunLossBps is READ as the classifier stunPacketLossBps arg[2m > [22m[2mthe submitted proof carries the audited relay + the diverged frameSeq + >=2 attesters
[22m[39m{"timestamp":"2026-06-20T06:10:09.426Z","level":"INFO","source":"frontend","module":"webrtc/sframe-transform","message":"encrypted frame","context":{"kid":9,"ctr":7,"byteLength":62,"codecOffset":10}}

[90mstdout[2m | apps/validator-daemon/src/canary/__tests__/verify-loop.test.ts[2m > [22m[2mREQ-CFA-042 — state.relayStunLossBps is READ as the classifier stunPacketLossBps arg[2m > [22m[2mthe submitted proof carries the audited relay + the diverged frameSeq + >=2 attesters
[22m[39m{"timestamp":"2026-06-20T06:10:09.427Z","level":"INFO","source":"frontend","module":"webrtc/sframe-transform","message":"encrypted frame","context":{"kid":9,"ctr":0,"byteLength":62,"codecOffset":10}}

[90mstdout[2m | apps/validator-daemon/src/canary/__tests__/verify-loop.test.ts[2m > [22m[2mREQ-CFA-042 — state.relayStunLossBps is READ as the classifier stunPacketLossBps arg[2m > [22m[2mthe submitted proof carries the audited relay + the diverged frameSeq + >=2 attesters
[22m[39m{"timestamp":"2026-06-20T06:10:09.427Z","level":"INFO","source":"frontend","module":"webrtc/sframe-transform","message":"encrypted frame","context":{"kid":9,"ctr":1,"byteLength":62,"codecOffset":10}}

[90mstdout[2m | apps/validator-daemon/src/canary/__tests__/verify-loop.test.ts[2m > [22m[2mREQ-CFA-042 — state.relayStunLossBps is READ as the classifier stunPacketLossBps arg[2m > [22m[2mthe submitted proof carries the audited relay + the diverged frameSeq + >=2 attesters
[22m[39m{"timestamp":"2026-06-20T06:10:09.427Z","level":"INFO","source":"frontend","module":"webrtc/sframe-transform","message":"encrypted frame","context":{"kid":9,"ctr":2,"byteLength":62,"codecOffset":10}}

[90mstdout[2m | apps/validator-daemon/src/canary/__tests__/verify-loop.test.ts[2m > [22m[2mREQ-CFA-042 — state.relayStunLossBps is READ as the classifier stunPacketLossBps arg[2m > [22m[2mthe submitted proof carries the audited relay + the diverged frameSeq + >=2 attesters
[22m[39m{"timestamp":"2026-06-20T06:10:09.428Z","level":"INFO","source":"frontend","module":"webrtc/sframe-transform","message":"encrypted frame","context":{"kid":9,"ctr":3,"byteLength":62,"codecOffset":10}}

[90mstdout[2m | apps/validator-daemon/src/canary/__tests__/verify-loop.test.ts[2m > [22m[2mREQ-CFA-042 — state.relayStunLossBps is READ as the classifier stunPacketLossBps arg[2m > [22m[2mthe submitted proof carries the audited relay + the diverged frameSeq + >=2 attesters
[22m[39m{"timestamp":"2026-06-20T06:10:09.428Z","level":"INFO","source":"frontend","module":"webrtc/sframe-transform","message":"encrypted frame","context":{"kid":9,"ctr":4,"byteLength":62,"codecOffset":10}}

[90mstdout[2m | apps/validator-daemon/src/canary/__tests__/verify-loop.test.ts[2m > [22m[2mREQ-CFA-042 — state.relayStunLossBps is READ as the classifier stunPacketLossBps arg[2m > [22m[2mthe submitted proof carries the audited relay + the diverged frameSeq + >=2 attesters
[22m[39m{"timestamp":"2026-06-20T06:10:09.428Z","level":"INFO","source":"frontend","module":"webrtc/sframe-transform","message":"encrypted frame","context":{"kid":9,"ctr":5,"byteLength":62,"codecOffset":10}}

[90mstdout[2m | apps/validator-daemon/src/canary/__tests__/verify-loop.test.ts[2m > [22m[2mREQ-CFA-042 — state.relayStunLossBps is READ as the classifier stunPacketLossBps arg[2m > [22m[2mthe submitted proof carries the audited relay + the diverged frameSeq + >=2 attesters
[22m[39m{"timestamp":"2026-06-20T06:10:09.429Z","level":"INFO","source":"frontend","module":"webrtc/sframe-transform","message":"encrypted frame","context":{"kid":9,"ctr":6,"byteLength":62,"codecOffset":10}}

[90mstdout[2m | apps/validator-daemon/src/canary/__tests__/verify-loop.test.ts[2m > [22m[2mREQ-CFA-042 — state.relayStunLossBps is READ as the classifier stunPacketLossBps arg[2m > [22m[2mthe submitted proof carries the audited relay + the diverged frameSeq + >=2 attesters
[22m[39m{"timestamp":"2026-06-20T06:10:09.429Z","level":"INFO","source":"frontend","module":"webrtc/sframe-transform","message":"encrypted frame","context":{"kid":9,"ctr":7,"byteLength":62,"codecOffset":10}}

{"level":30,"time":1781935809429,"pid":31940,"hostname":"Quang","name":"canary/verifier","canaryKid":9,"mediaPackets":7,"byteIdentical":7,"divergences":1,"msg":"canary forwarding verified"}
[90mstdout[2m | apps/validator-daemon/src/canary/__tests__/verify-loop.test.ts[2m > [22m[2mREQ-CFA-042 — state.relayStunLossBps is READ as the classifier stunPacketLossBps arg[2m > [22m[2mthe submitted proof carries the audited relay + the diverged frameSeq + >=2 attesters
[22m[39m{"timestamp":"2026-06-20T06:10:09.430Z","level":"INFO","source":"frontend","module":"webrtc/sframe-transform","message":"encrypted frame","context":{"kid":9,"ctr":0,"byteLength":62,"codecOffset":10}}

[90mstdout[2m | apps/validator-daemon/src/canary/__tests__/verify-loop.test.ts[2m > [22m[2mREQ-CFA-042 — state.relayStunLossBps is READ as the classifier stunPacketLossBps arg[2m > [22m[2mthe submitted proof carries the audited relay + the diverged frameSeq + >=2 attesters
[22m[39m{"timestamp":"2026-06-20T06:10:09.430Z","level":"INFO","source":"frontend","module":"webrtc/sframe-transform","message":"encrypted frame","context":{"kid":9,"ctr":1,"byteLength":62,"codecOffset":10}}

[90mstdout[2m | apps/validator-daemon/src/canary/__tests__/verify-loop.test.ts[2m > [22m[2mREQ-CFA-042 — state.relayStunLossBps is READ as the classifier stunPacketLossBps arg[2m > [22m[2mthe submitted proof carries the audited relay + the diverged frameSeq + >=2 attesters
[22m[39m{"timestamp":"2026-06-20T06:10:09.430Z","level":"INFO","source":"frontend","module":"webrtc/sframe-transform","message":"encrypted frame","context":{"kid":9,"ctr":2,"byteLength":62,"codecOffset":10}}

[90mstdout[2m | apps/validator-daemon/src/canary/__tests__/verify-loop.test.ts[2m > [22m[2mREQ-CFA-042 — state.relayStunLossBps is READ as the classifier stunPacketLossBps arg[2m > [22m[2mthe submitted proof carries the audited relay + the diverged frameSeq + >=2 attesters
[22m[39m{"timestamp":"2026-06-20T06:10:09.431Z","level":"INFO","source":"frontend","module":"webrtc/sframe-transform","message":"encrypted frame","context":{"kid":9,"ctr":3,"byteLength":62,"codecOffset":10}}

[90mstdout[2m | apps/validator-daemon/src/canary/__tests__/verify-loop.test.ts[2m > [22m[2mREQ-CFA-042 — state.relayStunLossBps is READ as the classifier stunPacketLossBps arg[2m > [22m[2mthe submitted proof carries the audited relay + the diverged frameSeq + >=2 attesters
[22m[39m{"timestamp":"2026-06-20T06:10:09.431Z","level":"INFO","source":"frontend","module":"webrtc/sframe-transform","message":"encrypted frame","context":{"kid":9,"ctr":4,"byteLength":62,"codecOffset":10}}

[90mstdout[2m | apps/validator-daemon/src/canary/__tests__/verify-loop.test.ts[2m > [22m[2mREQ-CFA-042 — state.relayStunLossBps is READ as the classifier stunPacketLossBps arg[2m > [22m[2mthe submitted proof carries the audited relay + the diverged frameSeq + >=2 attesters
[22m[39m{"timestamp":"2026-06-20T06:10:09.432Z","level":"INFO","source":"frontend","module":"webrtc/sframe-transform","message":"encrypted frame","context":{"kid":9,"ctr":5,"byteLength":62,"codecOffset":10}}

[90mstdout[2m | apps/validator-daemon/src/canary/__tests__/verify-loop.test.ts[2m > [22m[2mREQ-CFA-042 — state.relayStunLossBps is READ as the classifier stunPacketLossBps arg[2m > [22m[2mthe submitted proof carries the audited relay + the diverged frameSeq + >=2 attesters
[22m[39m{"timestamp":"2026-06-20T06:10:09.432Z","level":"INFO","source":"frontend","module":"webrtc/sframe-transform","message":"encrypted frame","context":{"kid":9,"ctr":6,"byteLength":62,"codecOffset":10}}

[90mstdout[2m | apps/validator-daemon/src/canary/__tests__/verify-loop.test.ts[2m > [22m[2mREQ-CFA-042 — state.relayStunLossBps is READ as the classifier stunPacketLossBps arg[2m > [22m[2mthe submitted proof carries the audited relay + the diverged frameSeq + >=2 attesters
[22m[39m{"timestamp":"2026-06-20T06:10:09.432Z","level":"INFO","source":"frontend","module":"webrtc/sframe-transform","message":"encrypted frame","context":{"kid":9,"ctr":7,"byteLength":62,"codecOffset":10}}

{"level":30,"time":1781935809433,"pid":31940,"hostname":"Quang","name":"canary/verifier","canaryKid":9,"mediaPackets":7,"byteIdentical":7,"divergences":1,"msg":"canary forwarding verified"}
{"level":30,"time":1781935809433,"pid":31940,"hostname":"Quang","name":"canary/loss-classifier","relayMinerId":"relay-under-audit","promoted":1,"absorbed":0,"tampers":0,"cumulativeCrossed":true,"msg":"canary divergences classified (drop gate / tamper p=1)"}
{"level":30,"time":1781935809435,"pid":31940,"hostname":"Quang","name":"canary/proof","roomId":"verify-loop-room","relayMinerId":"relay-under-audit","canaryId":9,"frameSeq":5,"drop":true,"attesters":2,"msg":"canary proof-of-divergence built (Wallet-B only)"}
{"level":30,"time":1781935809435,"pid":31940,"hostname":"Quang","name":"canary/verify-loop","round":6,"relayMinerId":"relay-under-audit","roomId":"verify-loop-room","perReceiver":2,"promoted":1,"absorbed":0,"stunLossBps":"0","msg":"canary verify round classified (hermetic half — synthetic capture, STUN read live)"}
[90mstdout[2m | apps/validator-daemon/src/canary/__tests__/verify-loop.test.ts[2m > [22m[2mREQ-CFA-043 — per-receiver Map + persisted per-relay DropAccumulator across >=2 rounds[2m > [22m[2mthe accumulator persists drop history across rounds (cumulative state grows)
[22m[39m{"timestamp":"2026-06-20T06:10:09.436Z","level":"INFO","source":"frontend","module":"webrtc/sframe-transform","message":"encrypted frame","context":{"kid":9,"ctr":0,"byteLength":62,"codecOffset":10}}

[90mstdout[2m | apps/validator-daemon/src/canary/__tests__/verify-loop.test.ts[2m > [22m[2mREQ-CFA-043 — per-receiver Map + persisted per-relay DropAccumulator across >=2 rounds[2m > [22m[2mthe accumulator persists drop history across rounds (cumulative state grows)
[22m[39m{"timestamp":"2026-06-20T06:10:09.437Z","level":"INFO","source":"frontend","module":"webrtc/sframe-transform","message":"encrypted frame","context":{"kid":9,"ctr":1,"byteLength":62,"codecOffset":10}}

[90mstdout[2m | apps/validator-daemon/src/canary/__tests__/verify-loop.test.ts[2m > [22m[2mREQ-CFA-043 — per-receiver Map + persisted per-relay DropAccumulator across >=2 rounds[2m > [22m[2mthe accumulator persists drop history across rounds (cumulative state grows)
[22m[39m{"timestamp":"2026-06-20T06:10:09.437Z","level":"INFO","source":"frontend","module":"webrtc/sframe-transform","message":"encrypted frame","context":{"kid":9,"ctr":3,"byteLength":62,"codecOffset":10}}

[90mstdout[2m | apps/validator-daemon/src/canary/__tests__/verify-loop.test.ts[2m > [22m[2mREQ-CFA-043 — per-receiver Map + persisted per-relay DropAccumulator across >=2 rounds[2m > [22m[2mthe accumulator persists drop history across rounds (cumulative state grows)
[22m[39m{"timestamp":"2026-06-20T06:10:09.438Z","level":"INFO","source":"frontend","module":"webrtc/sframe-transform","message":"encrypted frame","context":{"kid":9,"ctr":0,"byteLength":62,"codecOffset":10}}

[90mstdout[2m | apps/validator-daemon/src/canary/__tests__/verify-loop.test.ts[2m > [22m[2mREQ-CFA-043 — per-receiver Map + persisted per-relay DropAccumulator across >=2 rounds[2m > [22m[2mthe accumulator persists drop history across rounds (cumulative state grows)
[22m[39m{"timestamp":"2026-06-20T06:10:09.438Z","level":"INFO","source":"frontend","module":"webrtc/sframe-transform","message":"encrypted frame","context":{"kid":9,"ctr":1,"byteLength":62,"codecOffset":10}}

[90mstdout[2m | apps/validator-daemon/src/canary/__tests__/verify-loop.test.ts[2m > [22m[2mREQ-CFA-043 — per-receiver Map + persisted per-relay DropAccumulator across >=2 rounds[2m > [22m[2mthe accumulator persists drop history across rounds (cumulative state grows)
[22m[39m{"timestamp":"2026-06-20T06:10:09.439Z","level":"INFO","source":"frontend","module":"webrtc/sframe-transform","message":"encrypted frame","context":{"kid":9,"ctr":2,"byteLength":62,"codecOffset":10}}

[90mstdout[2m | apps/validator-daemon/src/canary/__tests__/verify-loop.test.ts[2m > [22m[2mREQ-CFA-043 — per-receiver Map + persisted per-relay DropAccumulator across >=2 rounds[2m > [22m[2mthe accumulator persists drop history across rounds (cumulative state grows)
[22m[39m{"timestamp":"2026-06-20T06:10:09.439Z","level":"INFO","source":"frontend","module":"webrtc/sframe-transform","message":"encrypted frame","context":{"kid":9,"ctr":3,"byteLength":62,"codecOffset":10}}

{"level":30,"time":1781935809439,"pid":31940,"hostname":"Quang","name":"canary/verifier","canaryKid":9,"mediaPackets":3,"byteIdentical":3,"divergences":1,"msg":"canary forwarding verified"}
[90mstdout[2m | apps/validator-daemon/src/canary/__tests__/verify-loop.test.ts[2m > [22m[2mREQ-CFA-043 — per-receiver Map + persisted per-relay DropAccumulator across >=2 rounds[2m > [22m[2mthe accumulator persists drop history across rounds (cumulative state grows)
[22m[39m{"timestamp":"2026-06-20T06:10:09.440Z","level":"INFO","source":"frontend","module":"webrtc/sframe-transform","message":"encrypted frame","context":{"kid":9,"ctr":0,"byteLength":62,"codecOffset":10}}

[90mstdout[2m | apps/validator-daemon/src/canary/__tests__/verify-loop.test.ts[2m > [22m[2mREQ-CFA-043 — per-receiver Map + persisted per-relay DropAccumulator across >=2 rounds[2m > [22m[2mthe accumulator persists drop history across rounds (cumulative state grows)
[22m[39m{"timestamp":"2026-06-20T06:10:09.440Z","level":"INFO","source":"frontend","module":"webrtc/sframe-transform","message":"encrypted frame","context":{"kid":9,"ctr":1,"byteLength":62,"codecOffset":10}}

[90mstdout[2m | apps/validator-daemon/src/canary/__tests__/verify-loop.test.ts[2m > [22m[2mREQ-CFA-043 — per-receiver Map + persisted per-relay DropAccumulator across >=2 rounds[2m > [22m[2mthe accumulator persists drop history across rounds (cumulative state grows)
[22m[39m{"timestamp":"2026-06-20T06:10:09.440Z","level":"INFO","source":"frontend","module":"webrtc/sframe-transform","message":"encrypted frame","context":{"kid":9,"ctr":2,"byteLength":62,"codecOffset":10}}

[90mstdout[2m | apps/validator-daemon/src/canary/__tests__/verify-loop.test.ts[2m > [22m[2mREQ-CFA-043 — per-receiver Map + persisted per-relay DropAccumulator across >=2 rounds[2m > [22m[2mthe accumulator persists drop history across rounds (cumulative state grows)
[22m[39m{"timestamp":"2026-06-20T06:10:09.441Z","level":"INFO","source":"frontend","module":"webrtc/sframe-transform","message":"encrypted frame","context":{"kid":9,"ctr":3,"byteLength":62,"codecOffset":10}}

{"level":30,"time":1781935809441,"pid":31940,"hostname":"Quang","name":"canary/verifier","canaryKid":9,"mediaPackets":3,"byteIdentical":3,"divergences":1,"msg":"canary forwarding verified"}
{"level":30,"time":1781935809441,"pid":31940,"hostname":"Quang","name":"canary/loss-classifier","relayMinerId":"relay-under-audit","promoted":0,"absorbed":1,"tampers":0,"cumulativeCrossed":false,"msg":"canary divergences classified (drop gate / tamper p=1)"}
{"level":30,"time":1781935809441,"pid":31940,"hostname":"Quang","name":"canary/verify-loop","round":0,"relayMinerId":"relay-under-audit","roomId":"verify-loop-room","perReceiver":2,"promoted":0,"absorbed":1,"stunLossBps":"0","msg":"canary verify round classified (hermetic half — synthetic capture, STUN read live)"}
[90mstdout[2m | apps/validator-daemon/src/canary/__tests__/verify-loop.test.ts[2m > [22m[2mREQ-CFA-043 — per-receiver Map + persisted per-relay DropAccumulator across >=2 rounds[2m > [22m[2mthe accumulator persists drop history across rounds (cumulative state grows)
[22m[39m{"timestamp":"2026-06-20T06:10:09.442Z","level":"INFO","source":"frontend","module":"webrtc/sframe-transform","message":"encrypted frame","context":{"kid":9,"ctr":0,"byteLength":62,"codecOffset":10}}

[90mstdout[2m | apps/validator-daemon/src/canary/__tests__/verify-loop.test.ts[2m > [22m[2mREQ-CFA-043 — per-receiver Map + persisted per-relay DropAccumulator across >=2 rounds[2m > [22m[2mthe accumulator persists drop history across rounds (cumulative state grows)
[22m[39m{"timestamp":"2026-06-20T06:10:09.442Z","level":"INFO","source":"frontend","module":"webrtc/sframe-transform","message":"encrypted frame","context":{"kid":9,"ctr":1,"byteLength":62,"codecOffset":10}}

[90mstdout[2m | apps/validator-daemon/src/canary/__tests__/verify-loop.test.ts[2m > [22m[2mREQ-CFA-043 — per-receiver Map + persisted per-relay DropAccumulator across >=2 rounds[2m > [22m[2mthe accumulator persists drop history across rounds (cumulative state grows)
[22m[39m{"timestamp":"2026-06-20T06:10:09.442Z","level":"INFO","source":"frontend","module":"webrtc/sframe-transform","message":"encrypted frame","context":{"kid":9,"ctr":3,"byteLength":62,"codecOffset":10}}

[90mstdout[2m | apps/validator-daemon/src/canary/__tests__/verify-loop.test.ts[2m > [22m[2mREQ-CFA-043 — per-receiver Map + persisted per-relay DropAccumulator across >=2 rounds[2m > [22m[2mthe accumulator persists drop history across rounds (cumulative state grows)
[22m[39m{"timestamp":"2026-06-20T06:10:09.443Z","level":"INFO","source":"frontend","module":"webrtc/sframe-transform","message":"encrypted frame","context":{"kid":9,"ctr":0,"byteLength":62,"codecOffset":10}}

[90mstdout[2m | apps/validator-daemon/src/canary/__tests__/verify-loop.test.ts[2m > [22m[2mREQ-CFA-043 — per-receiver Map + persisted per-relay DropAccumulator across >=2 rounds[2m > [22m[2mthe accumulator persists drop history across rounds (cumulative state grows)
[22m[39m{"timestamp":"2026-06-20T06:10:09.443Z","level":"INFO","source":"frontend","module":"webrtc/sframe-transform","message":"encrypted frame","context":{"kid":9,"ctr":1,"byteLength":62,"codecOffset":10}}

[90mstdout[2m | apps/validator-daemon/src/canary/__tests__/verify-loop.test.ts[2m > [22m[2mREQ-CFA-043 — per-receiver Map + persisted per-relay DropAccumulator across >=2 rounds[2m > [22m[2mthe accumulator persists drop history across rounds (cumulative state grows)
[22m[39m{"timestamp":"2026-06-20T06:10:09.443Z","level":"INFO","source":"frontend","module":"webrtc/sframe-transform","message":"encrypted frame","context":{"kid":9,"ctr":2,"byteLength":62,"codecOffset":10}}

[90mstdout[2m | apps/validator-daemon/src/canary/__tests__/verify-loop.test.ts[2m > [22m[2mREQ-CFA-043 — per-receiver Map + persisted per-relay DropAccumulator across >=2 rounds[2m > [22m[2mthe accumulator persists drop history across rounds (cumulative state grows)
[22m[39m{"timestamp":"2026-06-20T06:10:09.444Z","level":"INFO","source":"frontend","module":"webrtc/sframe-transform","message":"encrypted frame","context":{"kid":9,"ctr":3,"byteLength":62,"codecOffset":10}}

{"level":30,"time":1781935809444,"pid":31940,"hostname":"Quang","name":"canary/verifier","canaryKid":9,"mediaPackets":3,"byteIdentical":3,"divergences":1,"msg":"canary forwarding verified"}
[90mstdout[2m | apps/validator-daemon/src/canary/__tests__/verify-loop.test.ts[2m > [22m[2mREQ-CFA-043 — per-receiver Map + persisted per-relay DropAccumulator across >=2 rounds[2m > [22m[2mthe accumulator persists drop history across rounds (cumulative state grows)
[22m[39m{"timestamp":"2026-06-20T06:10:09.444Z","level":"INFO","source":"frontend","module":"webrtc/sframe-transform","message":"encrypted frame","context":{"kid":9,"ctr":0,"byteLength":62,"codecOffset":10}}

[90mstdout[2m | apps/validator-daemon/src/canary/__tests__/verify-loop.test.ts[2m > [22m[2mREQ-CFA-043 — per-receiver Map + persisted per-relay DropAccumulator across >=2 rounds[2m > [22m[2mthe accumulator persists drop history across rounds (cumulative state grows)
[22m[39m{"timestamp":"2026-06-20T06:10:09.445Z","level":"INFO","source":"frontend","module":"webrtc/sframe-transform","message":"encrypted frame","context":{"kid":9,"ctr":1,"byteLength":62,"codecOffset":10}}

[90mstdout[2m | apps/validator-daemon/src/canary/__tests__/verify-loop.test.ts[2m > [22m[2mREQ-CFA-043 — per-receiver Map + persisted per-relay DropAccumulator across >=2 rounds[2m > [22m[2mthe accumulator persists drop history across rounds (cumulative state grows)
[22m[39m{"timestamp":"2026-06-20T06:10:09.445Z","level":"INFO","source":"frontend","module":"webrtc/sframe-transform","message":"encrypted frame","context":{"kid":9,"ctr":2,"byteLength":62,"codecOffset":10}}

[90mstdout[2m | apps/validator-daemon/src/canary/__tests__/verify-loop.test.ts[2m > [22m[2mREQ-CFA-043 — per-receiver Map + persisted per-relay DropAccumulator across >=2 rounds[2m > [22m[2mthe accumulator persists drop history across rounds (cumulative state grows)
[22m[39m{"timestamp":"2026-06-20T06:10:09.446Z","level":"INFO","source":"frontend","module":"webrtc/sframe-transform","message":"encrypted frame","context":{"kid":9,"ctr":3,"byteLength":62,"codecOffset":10}}

{"level":30,"time":1781935809446,"pid":31940,"hostname":"Quang","name":"canary/verifier","canaryKid":9,"mediaPackets":3,"byteIdentical":3,"divergences":1,"msg":"canary forwarding verified"}
{"level":30,"time":1781935809446,"pid":31940,"hostname":"Quang","name":"canary/verify-loop","round":1,"relayMinerId":"relay-under-audit","roomId":"verify-loop-room","perReceiver":2,"promoted":0,"absorbed":1,"stunLossBps":"0","msg":"canary verify round classified (hermetic half — synthetic capture, STUN read live)"}
{"level":30,"time":1781935809446,"pid":31940,"hostname":"Quang","name":"canary/loss-classifier","relayMinerId":"relay-under-audit","promoted":0,"absorbed":1,"tampers":0,"cumulativeCrossed":false,"msg":"canary divergences classified (drop gate / tamper p=1)"}
[90mstdout[2m | apps/validator-daemon/src/canary/__tests__/verify-loop.test.ts[2m > [22m[2mREQ-CFA-043 — per-receiver Map + persisted per-relay DropAccumulator across >=2 rounds[2m > [22m[2massembles a real PerReceiverDivergences Map (>=2 distinct receivers feed the SECONDARY signal)
[22m[39m{"timestamp":"2026-06-20T06:10:09.447Z","level":"INFO","source":"frontend","module":"webrtc/sframe-transform","message":"encrypted frame","context":{"kid":9,"ctr":0,"byteLength":62,"codecOffset":10}}

[90mstdout[2m | apps/validator-daemon/src/canary/__tests__/verify-loop.test.ts[2m > [22m[2mREQ-CFA-043 — per-receiver Map + persisted per-relay DropAccumulator across >=2 rounds[2m > [22m[2massembles a real PerReceiverDivergences Map (>=2 distinct receivers feed the SECONDARY signal)
[22m[39m{"timestamp":"2026-06-20T06:10:09.447Z","level":"INFO","source":"frontend","module":"webrtc/sframe-transform","message":"encrypted frame","context":{"kid":9,"ctr":1,"byteLength":62,"codecOffset":10}}

[90mstdout[2m | apps/validator-daemon/src/canary/__tests__/verify-loop.test.ts[2m > [22m[2mREQ-CFA-043 — per-receiver Map + persisted per-relay DropAccumulator across >=2 rounds[2m > [22m[2massembles a real PerReceiverDivergences Map (>=2 distinct receivers feed the SECONDARY signal)
[22m[39m{"timestamp":"2026-06-20T06:10:09.447Z","level":"INFO","source":"frontend","module":"webrtc/sframe-transform","message":"encrypted frame","context":{"kid":9,"ctr":3,"byteLength":62,"codecOffset":10}}

[90mstdout[2m | apps/validator-daemon/src/canary/__tests__/verify-loop.test.ts[2m > [22m[2mREQ-CFA-043 — per-receiver Map + persisted per-relay DropAccumulator across >=2 rounds[2m > [22m[2massembles a real PerReceiverDivergences Map (>=2 distinct receivers feed the SECONDARY signal)
[22m[39m{"timestamp":"2026-06-20T06:10:09.448Z","level":"INFO","source":"frontend","module":"webrtc/sframe-transform","message":"encrypted frame","context":{"kid":9,"ctr":0,"byteLength":62,"codecOffset":10}}

[90mstdout[2m | apps/validator-daemon/src/canary/__tests__/verify-loop.test.ts[2m > [22m[2mREQ-CFA-043 — per-receiver Map + persisted per-relay DropAccumulator across >=2 rounds[2m > [22m[2massembles a real PerReceiverDivergences Map (>=2 distinct receivers feed the SECONDARY signal)
[22m[39m{"timestamp":"2026-06-20T06:10:09.448Z","level":"INFO","source":"frontend","module":"webrtc/sframe-transform","message":"encrypted frame","context":{"kid":9,"ctr":1,"byteLength":62,"codecOffset":10}}

[90mstdout[2m | apps/validator-daemon/src/canary/__tests__/verify-loop.test.ts[2m > [22m[2mREQ-CFA-043 — per-receiver Map + persisted per-relay DropAccumulator across >=2 rounds[2m > [22m[2massembles a real PerReceiverDivergences Map (>=2 distinct receivers feed the SECONDARY signal)
[22m[39m{"timestamp":"2026-06-20T06:10:09.449Z","level":"INFO","source":"frontend","module":"webrtc/sframe-transform","message":"encrypted frame","context":{"kid":9,"ctr":2,"byteLength":62,"codecOffset":10}}

[90mstdout[2m | apps/validator-daemon/src/canary/__tests__/verify-loop.test.ts[2m > [22m[2mREQ-CFA-043 — per-receiver Map + persisted per-relay DropAccumulator across >=2 rounds[2m > [22m[2massembles a real PerReceiverDivergences Map (>=2 distinct receivers feed the SECONDARY signal)
[22m[39m{"timestamp":"2026-06-20T06:10:09.449Z","level":"INFO","source":"frontend","module":"webrtc/sframe-transform","message":"encrypted frame","context":{"kid":9,"ctr":3,"byteLength":62,"codecOffset":10}}

{"level":30,"time":1781935809449,"pid":31940,"hostname":"Quang","name":"canary/verifier","canaryKid":9,"mediaPackets":3,"byteIdentical":3,"divergences":1,"msg":"canary forwarding verified"}
[90mstdout[2m | apps/validator-daemon/src/canary/__tests__/verify-loop.test.ts[2m > [22m[2mREQ-CFA-043 — per-receiver Map + persisted per-relay DropAccumulator across >=2 rounds[2m > [22m[2massembles a real PerReceiverDivergences Map (>=2 distinct receivers feed the SECONDARY signal)
[22m[39m{"timestamp":"2026-06-20T06:10:09.449Z","level":"INFO","source":"frontend","module":"webrtc/sframe-transform","message":"encrypted frame","context":{"kid":9,"ctr":0,"byteLength":62,"codecOffset":10}}

[90mstdout[2m | apps/validator-daemon/src/canary/__tests__/verify-loop.test.ts[2m > [22m[2mREQ-CFA-043 — per-receiver Map + persisted per-relay DropAccumulator across >=2 rounds[2m > [22m[2massembles a real PerReceiverDivergences Map (>=2 distinct receivers feed the SECONDARY signal)
[22m[39m{"timestamp":"2026-06-20T06:10:09.450Z","level":"INFO","source":"frontend","module":"webrtc/sframe-transform","message":"encrypted frame","context":{"kid":9,"ctr":1,"byteLength":62,"codecOffset":10}}

[90mstdout[2m | apps/validator-daemon/src/canary/__tests__/verify-loop.test.ts[2m > [22m[2mREQ-CFA-043 — per-receiver Map + persisted per-relay DropAccumulator across >=2 rounds[2m > [22m[2massembles a real PerReceiverDivergences Map (>=2 distinct receivers feed the SECONDARY signal)
[22m[39m{"timestamp":"2026-06-20T06:10:09.450Z","level":"INFO","source":"frontend","module":"webrtc/sframe-transform","message":"encrypted frame","context":{"kid":9,"ctr":2,"byteLength":62,"codecOffset":10}}

[90mstdout[2m | apps/validator-daemon/src/canary/__tests__/verify-loop.test.ts[2m > [22m[2mREQ-CFA-043 — per-receiver Map + persisted per-relay DropAccumulator across >=2 rounds[2m > [22m[2massembles a real PerReceiverDivergences Map (>=2 distinct receivers feed the SECONDARY signal)
[22m[39m{"timestamp":"2026-06-20T06:10:09.450Z","level":"INFO","source":"frontend","module":"webrtc/sframe-transform","message":"encrypted frame","context":{"kid":9,"ctr":3,"byteLength":62,"codecOffset":10}}

{"level":30,"time":1781935809450,"pid":31940,"hostname":"Quang","name":"canary/verifier","canaryKid":9,"mediaPackets":3,"byteIdentical":3,"divergences":1,"msg":"canary forwarding verified"}
{"level":30,"time":1781935809450,"pid":31940,"hostname":"Quang","name":"canary/loss-classifier","relayMinerId":"relay-under-audit","promoted":0,"absorbed":1,"tampers":0,"cumulativeCrossed":false,"msg":"canary divergences classified (drop gate / tamper p=1)"}
{"level":30,"time":1781935809451,"pid":31940,"hostname":"Quang","name":"canary/verify-loop","round":0,"relayMinerId":"relay-under-audit","roomId":"verify-loop-room","perReceiver":2,"promoted":0,"absorbed":1,"stunLossBps":"0","msg":"canary verify round classified (hermetic half — synthetic capture, STUN read live)"}
[90mstdout[2m | apps/validator-daemon/src/canary/__tests__/verify-loop.test.ts[2m > [22m[2mREQ-CFA-043 — per-receiver Map + persisted per-relay DropAccumulator across >=2 rounds[2m > [22m[2ma SINGLE-receiver drop is NOT correlated (k=2 SECONDARY signal not met) even above budget
[22m[39m{"timestamp":"2026-06-20T06:10:09.452Z","level":"INFO","source":"frontend","module":"webrtc/sframe-transform","message":"encrypted frame","context":{"kid":9,"ctr":0,"byteLength":62,"codecOffset":10}}

[90mstdout[2m | apps/validator-daemon/src/canary/__tests__/verify-loop.test.ts[2m > [22m[2mREQ-CFA-043 — per-receiver Map + persisted per-relay DropAccumulator across >=2 rounds[2m > [22m[2ma SINGLE-receiver drop is NOT correlated (k=2 SECONDARY signal not met) even above budget
[22m[39m{"timestamp":"2026-06-20T06:10:09.453Z","level":"INFO","source":"frontend","module":"webrtc/sframe-transform","message":"encrypted frame","context":{"kid":9,"ctr":1,"byteLength":62,"codecOffset":10}}

[90mstdout[2m | apps/validator-daemon/src/canary/__tests__/verify-loop.test.ts[2m > [22m[2mREQ-CFA-043 — per-receiver Map + persisted per-relay DropAccumulator across >=2 rounds[2m > [22m[2ma SINGLE-receiver drop is NOT correlated (k=2 SECONDARY signal not met) even above budget
[22m[39m{"timestamp":"2026-06-20T06:10:09.453Z","level":"INFO","source":"frontend","module":"webrtc/sframe-transform","message":"encrypted frame","context":{"kid":9,"ctr":2,"byteLength":62,"codecOffset":10}}

[90mstdout[2m | apps/validator-daemon/src/canary/__tests__/verify-loop.test.ts[2m > [22m[2mREQ-CFA-043 — per-receiver Map + persisted per-relay DropAccumulator across >=2 rounds[2m > [22m[2ma SINGLE-receiver drop is NOT correlated (k=2 SECONDARY signal not met) even above budget
[22m[39m{"timestamp":"2026-06-20T06:10:09.454Z","level":"INFO","source":"frontend","module":"webrtc/sframe-transform","message":"encrypted frame","context":{"kid":9,"ctr":3,"byteLength":62,"codecOffset":10}}

[90mstdout[2m | apps/validator-daemon/src/canary/__tests__/verify-loop.test.ts[2m > [22m[2mREQ-CFA-043 — per-receiver Map + persisted per-relay DropAccumulator across >=2 rounds[2m > [22m[2ma SINGLE-receiver drop is NOT correlated (k=2 SECONDARY signal not met) even above budget
[22m[39m{"timestamp":"2026-06-20T06:10:09.454Z","level":"INFO","source":"frontend","module":"webrtc/sframe-transform","message":"encrypted frame","context":{"kid":9,"ctr":4,"byteLength":62,"codecOffset":10}}

[90mstdout[2m | apps/validator-daemon/src/canary/__tests__/verify-loop.test.ts[2m > [22m[2mREQ-CFA-043 — per-receiver Map + persisted per-relay DropAccumulator across >=2 rounds[2m > [22m[2ma SINGLE-receiver drop is NOT correlated (k=2 SECONDARY signal not met) even above budget
[22m[39m{"timestamp":"2026-06-20T06:10:09.454Z","level":"INFO","source":"frontend","module":"webrtc/sframe-transform","message":"encrypted frame","context":{"kid":9,"ctr":6,"byteLength":62,"codecOffset":10}}

[90mstdout[2m | apps/validator-daemon/src/canary/__tests__/verify-loop.test.ts[2m > [22m[2mREQ-CFA-043 — per-receiver Map + persisted per-relay DropAccumulator across >=2 rounds[2m > [22m[2ma SINGLE-receiver drop is NOT correlated (k=2 SECONDARY signal not met) even above budget
[22m[39m{"timestamp":"2026-06-20T06:10:09.455Z","level":"INFO","source":"frontend","module":"webrtc/sframe-transform","message":"encrypted frame","context":{"kid":9,"ctr":7,"byteLength":62,"codecOffset":10}}

[90mstdout[2m | apps/validator-daemon/src/canary/__tests__/verify-loop.test.ts[2m > [22m[2mREQ-CFA-043 — per-receiver Map + persisted per-relay DropAccumulator across >=2 rounds[2m > [22m[2ma SINGLE-receiver drop is NOT correlated (k=2 SECONDARY signal not met) even above budget
[22m[39m{"timestamp":"2026-06-20T06:10:09.455Z","level":"INFO","source":"frontend","module":"webrtc/sframe-transform","message":"encrypted frame","context":{"kid":9,"ctr":0,"byteLength":62,"codecOffset":10}}

[90mstdout[2m | apps/validator-daemon/src/canary/__tests__/verify-loop.test.ts[2m > [22m[2mREQ-CFA-043 — per-receiver Map + persisted per-relay DropAccumulator across >=2 rounds[2m > [22m[2ma SINGLE-receiver drop is NOT correlated (k=2 SECONDARY signal not met) even above budget
[22m[39m{"timestamp":"2026-06-20T06:10:09.455Z","level":"INFO","source":"frontend","module":"webrtc/sframe-transform","message":"encrypted frame","context":{"kid":9,"ctr":1,"byteLength":62,"codecOffset":10}}

[90mstdout[2m | apps/validator-daemon/src/canary/__tests__/verify-loop.test.ts[2m > [22m[2mREQ-CFA-043 — per-receiver Map + persisted per-relay DropAccumulator across >=2 rounds[2m > [22m[2ma SINGLE-receiver drop is NOT correlated (k=2 SECONDARY signal not met) even above budget
[22m[39m{"timestamp":"2026-06-20T06:10:09.456Z","level":"INFO","source":"frontend","module":"webrtc/sframe-transform","message":"encrypted frame","context":{"kid":9,"ctr":2,"byteLength":62,"codecOffset":10}}

[90mstdout[2m | apps/validator-daemon/src/canary/__tests__/verify-loop.test.ts[2m > [22m[2mREQ-CFA-043 — per-receiver Map + persisted per-relay DropAccumulator across >=2 rounds[2m > [22m[2ma SINGLE-receiver drop is NOT correlated (k=2 SECONDARY signal not met) even above budget
[22m[39m{"timestamp":"2026-06-20T06:10:09.456Z","level":"INFO","source":"frontend","module":"webrtc/sframe-transform","message":"encrypted frame","context":{"kid":9,"ctr":3,"byteLength":62,"codecOffset":10}}

[90mstdout[2m | apps/validator-daemon/src/canary/__tests__/verify-loop.test.ts[2m > [22m[2mREQ-CFA-043 — per-receiver Map + persisted per-relay DropAccumulator across >=2 rounds[2m > [22m[2ma SINGLE-receiver drop is NOT correlated (k=2 SECONDARY signal not met) even above budget
[22m[39m{"timestamp":"2026-06-20T06:10:09.456Z","level":"INFO","source":"frontend","module":"webrtc/sframe-transform","message":"encrypted frame","context":{"kid":9,"ctr":4,"byteLength":62,"codecOffset":10}}

[90mstdout[2m | apps/validator-daemon/src/canary/__tests__/verify-loop.test.ts[2m > [22m[2mREQ-CFA-043 — per-receiver Map + persisted per-relay DropAccumulator across >=2 rounds[2m > [22m[2ma SINGLE-receiver drop is NOT correlated (k=2 SECONDARY signal not met) even above budget
[22m[39m{"timestamp":"2026-06-20T06:10:09.457Z","level":"INFO","source":"frontend","module":"webrtc/sframe-transform","message":"encrypted frame","context":{"kid":9,"ctr":5,"byteLength":62,"codecOffset":10}}

[90mstdout[2m | apps/validator-daemon/src/canary/__tests__/verify-loop.test.ts[2m > [22m[2mREQ-CFA-043 — per-receiver Map + persisted per-relay DropAccumulator across >=2 rounds[2m > [22m[2ma SINGLE-receiver drop is NOT correlated (k=2 SECONDARY signal not met) even above budget
[22m[39m{"timestamp":"2026-06-20T06:10:09.457Z","level":"INFO","source":"frontend","module":"webrtc/sframe-transform","message":"encrypted frame","context":{"kid":9,"ctr":6,"byteLength":62,"codecOffset":10}}

[90mstdout[2m | apps/validator-daemon/src/canary/__tests__/verify-loop.test.ts[2m > [22m[2mREQ-CFA-043 — per-receiver Map + persisted per-relay DropAccumulator across >=2 rounds[2m > [22m[2ma SINGLE-receiver drop is NOT correlated (k=2 SECONDARY signal not met) even above budget
[22m[39m{"timestamp":"2026-06-20T06:10:09.457Z","level":"INFO","source":"frontend","module":"webrtc/sframe-transform","message":"encrypted frame","context":{"kid":9,"ctr":7,"byteLength":62,"codecOffset":10}}

[90mstdout[2m | apps/validator-daemon/src/canary/__tests__/verify-loop.test.ts[2m > [22m[2mREQ-CFA-043 — per-receiver Map + persisted per-relay DropAccumulator across >=2 rounds[2m > [22m[2ma SINGLE-receiver drop is NOT correlated (k=2 SECONDARY signal not met) even above budget
[22m[39m{"timestamp":"2026-06-20T06:10:09.458Z","level":"INFO","source":"frontend","module":"webrtc/sframe-transform","message":"encrypted frame","context":{"kid":9,"ctr":0,"byteLength":62,"codecOffset":10}}

[90mstdout[2m | apps/validator-daemon/src/canary/__tests__/verify-loop.test.ts[2m > [22m[2mREQ-CFA-043 — per-receiver Map + persisted per-relay DropAccumulator across >=2 rounds[2m > [22m[2ma SINGLE-receiver drop is NOT correlated (k=2 SECONDARY signal not met) even above budget
[22m[39m{"timestamp":"2026-06-20T06:10:09.458Z","level":"INFO","source":"frontend","module":"webrtc/sframe-transform","message":"encrypted frame","context":{"kid":9,"ctr":1,"byteLength":62,"codecOffset":10}}

[90mstdout[2m | apps/validator-daemon/src/canary/__tests__/verify-loop.test.ts[2m > [22m[2mREQ-CFA-043 — per-receiver Map + persisted per-relay DropAccumulator across >=2 rounds[2m > [22m[2ma SINGLE-receiver drop is NOT correlated (k=2 SECONDARY signal not met) even above budget
[22m[39m{"timestamp":"2026-06-20T06:10:09.459Z","level":"INFO","source":"frontend","module":"webrtc/sframe-transform","message":"encrypted frame","context":{"kid":9,"ctr":2,"byteLength":62,"codecOffset":10}}

[90mstdout[2m | apps/validator-daemon/src/canary/__tests__/verify-loop.test.ts[2m > [22m[2mREQ-CFA-043 — per-receiver Map + persisted per-relay DropAccumulator across >=2 rounds[2m > [22m[2ma SINGLE-receiver drop is NOT correlated (k=2 SECONDARY signal not met) even above budget
[22m[39m{"timestamp":"2026-06-20T06:10:09.459Z","level":"INFO","source":"frontend","module":"webrtc/sframe-transform","message":"encrypted frame","context":{"kid":9,"ctr":3,"byteLength":62,"codecOffset":10}}

[90mstdout[2m | apps/validator-daemon/src/canary/__tests__/verify-loop.test.ts[2m > [22m[2mREQ-CFA-043 — per-receiver Map + persisted per-relay DropAccumulator across >=2 rounds[2m > [22m[2ma SINGLE-receiver drop is NOT correlated (k=2 SECONDARY signal not met) even above budget
[22m[39m{"timestamp":"2026-06-20T06:10:09.460Z","level":"INFO","source":"frontend","module":"webrtc/sframe-transform","message":"encrypted frame","context":{"kid":9,"ctr":4,"byteLength":62,"codecOffset":10}}

[90mstdout[2m | apps/validator-daemon/src/canary/__tests__/verify-loop.test.ts[2m > [22m[2mREQ-CFA-043 — per-receiver Map + persisted per-relay DropAccumulator across >=2 rounds[2m > [22m[2ma SINGLE-receiver drop is NOT correlated (k=2 SECONDARY signal not met) even above budget
[22m[39m{"timestamp":"2026-06-20T06:10:09.460Z","level":"INFO","source":"frontend","module":"webrtc/sframe-transform","message":"encrypted frame","context":{"kid":9,"ctr":5,"byteLength":62,"codecOffset":10}}

[90mstdout[2m | apps/validator-daemon/src/canary/__tests__/verify-loop.test.ts[2m > [22m[2mREQ-CFA-043 — per-receiver Map + persisted per-relay DropAccumulator across >=2 rounds[2m > [22m[2ma SINGLE-receiver drop is NOT correlated (k=2 SECONDARY signal not met) even above budget
[22m[39m{"timestamp":"2026-06-20T06:10:09.461Z","level":"INFO","source":"frontend","module":"webrtc/sframe-transform","message":"encrypted frame","context":{"kid":9,"ctr":6,"byteLength":62,"codecOffset":10}}

[90mstdout[2m | apps/validator-daemon/src/canary/__tests__/verify-loop.test.ts[2m > [22m[2mREQ-CFA-043 — per-receiver Map + persisted per-relay DropAccumulator across >=2 rounds[2m > [22m[2ma SINGLE-receiver drop is NOT correlated (k=2 SECONDARY signal not met) even above budget
[22m[39m{"timestamp":"2026-06-20T06:10:09.461Z","level":"INFO","source":"frontend","module":"webrtc/sframe-transform","message":"encrypted frame","context":{"kid":9,"ctr":7,"byteLength":62,"codecOffset":10}}

{"level":30,"time":1781935809461,"pid":31940,"hostname":"Quang","name":"canary/verifier","canaryKid":9,"mediaPackets":7,"byteIdentical":7,"divergences":1,"msg":"canary forwarding verified"}
[90mstdout[2m | apps/validator-daemon/src/canary/__tests__/verify-loop.test.ts[2m > [22m[2mREQ-CFA-043 — per-receiver Map + persisted per-relay DropAccumulator across >=2 rounds[2m > [22m[2ma SINGLE-receiver drop is NOT correlated (k=2 SECONDARY signal not met) even above budget
[22m[39m{"timestamp":"2026-06-20T06:10:09.461Z","level":"INFO","source":"frontend","module":"webrtc/sframe-transform","message":"encrypted frame","context":{"kid":9,"ctr":0,"byteLength":62,"codecOffset":10}}

[90mstdout[2m | apps/validator-daemon/src/canary/__tests__/verify-loop.test.ts[2m > [22m[2mREQ-CFA-043 — per-receiver Map + persisted per-relay DropAccumulator across >=2 rounds[2m > [22m[2ma SINGLE-receiver drop is NOT correlated (k=2 SECONDARY signal not met) even above budget
[22m[39m{"timestamp":"2026-06-20T06:10:09.462Z","level":"INFO","source":"frontend","module":"webrtc/sframe-transform","message":"encrypted frame","context":{"kid":9,"ctr":1,"byteLength":62,"codecOffset":10}}

[90mstdout[2m | apps/validator-daemon/src/canary/__tests__/verify-loop.test.ts[2m > [22m[2mREQ-CFA-043 — per-receiver Map + persisted per-relay DropAccumulator across >=2 rounds[2m > [22m[2ma SINGLE-receiver drop is NOT correlated (k=2 SECONDARY signal not met) even above budget
[22m[39m{"timestamp":"2026-06-20T06:10:09.462Z","level":"INFO","source":"frontend","module":"webrtc/sframe-transform","message":"encrypted frame","context":{"kid":9,"ctr":2,"byteLength":62,"codecOffset":10}}

[90mstdout[2m | apps/validator-daemon/src/canary/__tests__/verify-loop.test.ts[2m > [22m[2mREQ-CFA-043 — per-receiver Map + persisted per-relay DropAccumulator across >=2 rounds[2m > [22m[2ma SINGLE-receiver drop is NOT correlated (k=2 SECONDARY signal not met) even above budget
[22m[39m{"timestamp":"2026-06-20T06:10:09.463Z","level":"INFO","source":"frontend","module":"webrtc/sframe-transform","message":"encrypted frame","context":{"kid":9,"ctr":3,"byteLength":62,"codecOffset":10}}

[90mstdout[2m | apps/validator-daemon/src/canary/__tests__/verify-loop.test.ts[2m > [22m[2mREQ-CFA-043 — per-receiver Map + persisted per-relay DropAccumulator across >=2 rounds[2m > [22m[2ma SINGLE-receiver drop is NOT correlated (k=2 SECONDARY signal not met) even above budget
[22m[39m{"timestamp":"2026-06-20T06:10:09.463Z","level":"INFO","source":"frontend","module":"webrtc/sframe-transform","message":"encrypted frame","context":{"kid":9,"ctr":4,"byteLength":62,"codecOffset":10}}

[90mstdout[2m | apps/validator-daemon/src/canary/__tests__/verify-loop.test.ts[2m > [22m[2mREQ-CFA-043 — per-receiver Map + persisted per-relay DropAccumulator across >=2 rounds[2m > [22m[2ma SINGLE-receiver drop is NOT correlated (k=2 SECONDARY signal not met) even above budget
[22m[39m{"timestamp":"2026-06-20T06:10:09.463Z","level":"INFO","source":"frontend","module":"webrtc/sframe-transform","message":"encrypted frame","context":{"kid":9,"ctr":5,"byteLength":62,"codecOffset":10}}

[90mstdout[2m | apps/validator-daemon/src/canary/__tests__/verify-loop.test.ts[2m > [22m[2mREQ-CFA-043 — per-receiver Map + persisted per-relay DropAccumulator across >=2 rounds[2m > [22m[2ma SINGLE-receiver drop is NOT correlated (k=2 SECONDARY signal not met) even above budget
[22m[39m{"timestamp":"2026-06-20T06:10:09.464Z","level":"INFO","source":"frontend","module":"webrtc/sframe-transform","message":"encrypted frame","context":{"kid":9,"ctr":6,"byteLength":62,"codecOffset":10}}

[90mstdout[2m | apps/validator-daemon/src/canary/__tests__/verify-loop.test.ts[2m > [22m[2mREQ-CFA-043 — per-receiver Map + persisted per-relay DropAccumulator across >=2 rounds[2m > [22m[2ma SINGLE-receiver drop is NOT correlated (k=2 SECONDARY signal not met) even above budget
[22m[39m{"timestamp":"2026-06-20T06:10:09.464Z","level":"INFO","source":"frontend","module":"webrtc/sframe-transform","message":"encrypted frame","context":{"kid":9,"ctr":7,"byteLength":62,"codecOffset":10}}

{"level":30,"time":1781935809464,"pid":31940,"hostname":"Quang","name":"canary/verifier","canaryKid":9,"mediaPackets":8,"byteIdentical":8,"divergences":0,"msg":"canary forwarding verified"}
{"level":30,"time":1781935809464,"pid":31940,"hostname":"Quang","name":"canary/loss-classifier","relayMinerId":"relay-under-audit","promoted":0,"absorbed":1,"tampers":0,"cumulativeCrossed":false,"msg":"canary divergences classified (drop gate / tamper p=1)"}
{"level":30,"time":1781935809464,"pid":31940,"hostname":"Quang","name":"canary/verify-loop","round":0,"relayMinerId":"relay-under-audit","roomId":"verify-loop-room","perReceiver":2,"promoted":0,"absorbed":1,"stunLossBps":"0","msg":"canary verify round classified (hermetic half — synthetic capture, STUN read live)"}
[90mstdout[2m | apps/validator-daemon/src/canary/__tests__/verify-loop.test.ts[2m > [22m[2mREQ-CFA-043 — per-receiver Map + persisted per-relay DropAccumulator across >=2 rounds[2m > [22m[2ma SINGLE-receiver drop is NOT correlated (k=2 SECONDARY signal not met) even above budget
[22m[39m{"timestamp":"2026-06-20T06:10:09.465Z","level":"INFO","source":"frontend","module":"webrtc/sframe-transform","message":"encrypted frame","context":{"kid":9,"ctr":0,"byteLength":62,"codecOffset":10}}

[90mstdout[2m | apps/validator-daemon/src/canary/__tests__/verify-loop.test.ts[2m > [22m[2mREQ-CFA-043 — per-receiver Map + persisted per-relay DropAccumulator across >=2 rounds[2m > [22m[2ma SINGLE-receiver drop is NOT correlated (k=2 SECONDARY signal not met) even above budget
[22m[39m{"timestamp":"2026-06-20T06:10:09.465Z","level":"INFO","source":"frontend","module":"webrtc/sframe-transform","message":"encrypted frame","context":{"kid":9,"ctr":1,"byteLength":62,"codecOffset":10}}

[90mstdout[2m | apps/validator-daemon/src/canary/__tests__/verify-loop.test.ts[2m > [22m[2mREQ-CFA-043 — per-receiver Map + persisted per-relay DropAccumulator across >=2 rounds[2m > [22m[2ma SINGLE-receiver drop is NOT correlated (k=2 SECONDARY signal not met) even above budget
[22m[39m{"timestamp":"2026-06-20T06:10:09.465Z","level":"INFO","source":"frontend","module":"webrtc/sframe-transform","message":"encrypted frame","context":{"kid":9,"ctr":2,"byteLength":62,"codecOffset":10}}

[90mstdout[2m | apps/validator-daemon/src/canary/__tests__/verify-loop.test.ts[2m > [22m[2mREQ-CFA-043 — per-receiver Map + persisted per-relay DropAccumulator across >=2 rounds[2m > [22m[2ma SINGLE-receiver drop is NOT correlated (k=2 SECONDARY signal not met) even above budget
[22m[39m{"timestamp":"2026-06-20T06:10:09.466Z","level":"INFO","source":"frontend","module":"webrtc/sframe-transform","message":"encrypted frame","context":{"kid":9,"ctr":3,"byteLength":62,"codecOffset":10}}

[90mstdout[2m | apps/validator-daemon/src/canary/__tests__/verify-loop.test.ts[2m > [22m[2mREQ-CFA-043 — per-receiver Map + persisted per-relay DropAccumulator across >=2 rounds[2m > [22m[2ma SINGLE-receiver drop is NOT correlated (k=2 SECONDARY signal not met) even above budget
[22m[39m{"timestamp":"2026-06-20T06:10:09.466Z","level":"INFO","source":"frontend","module":"webrtc/sframe-transform","message":"encrypted frame","context":{"kid":9,"ctr":4,"byteLength":62,"codecOffset":10}}

[90mstdout[2m | apps/validator-daemon/src/canary/__tests__/verify-loop.test.ts[2m > [22m[2mREQ-CFA-043 — per-receiver Map + persisted per-relay DropAccumulator across >=2 rounds[2m > [22m[2ma SINGLE-receiver drop is NOT correlated (k=2 SECONDARY signal not met) even above budget
[22m[39m{"timestamp":"2026-06-20T06:10:09.466Z","level":"INFO","source":"frontend","module":"webrtc/sframe-transform","message":"encrypted frame","context":{"kid":9,"ctr":6,"byteLength":62,"codecOffset":10}}

[90mstdout[2m | apps/validator-daemon/src/canary/__tests__/verify-loop.test.ts[2m > [22m[2mREQ-CFA-043 — per-receiver Map + persisted per-relay DropAccumulator across >=2 rounds[2m > [22m[2ma SINGLE-receiver drop is NOT correlated (k=2 SECONDARY signal not met) even above budget
[22m[39m{"timestamp":"2026-06-20T06:10:09.467Z","level":"INFO","source":"frontend","module":"webrtc/sframe-transform","message":"encrypted frame","context":{"kid":9,"ctr":7,"byteLength":62,"codecOffset":10}}

[90mstdout[2m | apps/validator-daemon/src/canary/__tests__/verify-loop.test.ts[2m > [22m[2mREQ-CFA-043 — per-receiver Map + persisted per-relay DropAccumulator across >=2 rounds[2m > [22m[2ma SINGLE-receiver drop is NOT correlated (k=2 SECONDARY signal not met) even above budget
[22m[39m{"timestamp":"2026-06-20T06:10:09.467Z","level":"INFO","source":"frontend","module":"webrtc/sframe-transform","message":"encrypted frame","context":{"kid":9,"ctr":0,"byteLength":62,"codecOffset":10}}

[90mstdout[2m | apps/validator-daemon/src/canary/__tests__/verify-loop.test.ts[2m > [22m[2mREQ-CFA-043 — per-receiver Map + persisted per-relay DropAccumulator across >=2 rounds[2m > [22m[2ma SINGLE-receiver drop is NOT correlated (k=2 SECONDARY signal not met) even above budget
[22m[39m{"timestamp":"2026-06-20T06:10:09.467Z","level":"INFO","source":"frontend","module":"webrtc/sframe-transform","message":"encrypted frame","context":{"kid":9,"ctr":1,"byteLength":62,"codecOffset":10}}

[90mstdout[2m | apps/validator-daemon/src/canary/__tests__/verify-loop.test.ts[2m > [22m[2mREQ-CFA-043 — per-receiver Map + persisted per-relay DropAccumulator across >=2 rounds[2m > [22m[2ma SINGLE-receiver drop is NOT correlated (k=2 SECONDARY signal not met) even above budget
[22m[39m{"timestamp":"2026-06-20T06:10:09.468Z","level":"INFO","source":"frontend","module":"webrtc/sframe-transform","message":"encrypted frame","context":{"kid":9,"ctr":2,"byteLength":62,"codecOffset":10}}

[90mstdout[2m | apps/validator-daemon/src/canary/__tests__/verify-loop.test.ts[2m > [22m[2mREQ-CFA-043 — per-receiver Map + persisted per-relay DropAccumulator across >=2 rounds[2m > [22m[2ma SINGLE-receiver drop is NOT correlated (k=2 SECONDARY signal not met) even above budget
[22m[39m{"timestamp":"2026-06-20T06:10:09.468Z","level":"INFO","source":"frontend","module":"webrtc/sframe-transform","message":"encrypted frame","context":{"kid":9,"ctr":3,"byteLength":62,"codecOffset":10}}

[90mstdout[2m | apps/validator-daemon/src/canary/__tests__/verify-loop.test.ts[2m > [22m[2mREQ-CFA-043 — per-receiver Map + persisted per-relay DropAccumulator across >=2 rounds[2m > [22m[2ma SINGLE-receiver drop is NOT correlated (k=2 SECONDARY signal not met) even above budget
[22m[39m{"timestamp":"2026-06-20T06:10:09.468Z","level":"INFO","source":"frontend","module":"webrtc/sframe-transform","message":"encrypted frame","context":{"kid":9,"ctr":4,"byteLength":62,"codecOffset":10}}

[90mstdout[2m | apps/validator-daemon/src/canary/__tests__/verify-loop.test.ts[2m > [22m[2mREQ-CFA-043 — per-receiver Map + persisted per-relay DropAccumulator across >=2 rounds[2m > [22m[2ma SINGLE-receiver drop is NOT correlated (k=2 SECONDARY signal not met) even above budget
[22m[39m{"timestamp":"2026-06-20T06:10:09.468Z","level":"INFO","source":"frontend","module":"webrtc/sframe-transform","message":"encrypted frame","context":{"kid":9,"ctr":5,"byteLength":62,"codecOffset":10}}

[90mstdout[2m | apps/validator-daemon/src/canary/__tests__/verify-loop.test.ts[2m > [22m[2mREQ-CFA-043 — per-receiver Map + persisted per-relay DropAccumulator across >=2 rounds[2m > [22m[2ma SINGLE-receiver drop is NOT correlated (k=2 SECONDARY signal not met) even above budget
[22m[39m{"timestamp":"2026-06-20T06:10:09.469Z","level":"INFO","source":"frontend","module":"webrtc/sframe-transform","message":"encrypted frame","context":{"kid":9,"ctr":6,"byteLength":62,"codecOffset":10}}

[90mstdout[2m | apps/validator-daemon/src/canary/__tests__/verify-loop.test.ts[2m > [22m[2mREQ-CFA-043 — per-receiver Map + persisted per-relay DropAccumulator across >=2 rounds[2m > [22m[2ma SINGLE-receiver drop is NOT correlated (k=2 SECONDARY signal not met) even above budget
[22m[39m{"timestamp":"2026-06-20T06:10:09.469Z","level":"INFO","source":"frontend","module":"webrtc/sframe-transform","message":"encrypted frame","context":{"kid":9,"ctr":7,"byteLength":62,"codecOffset":10}}

[90mstdout[2m | apps/validator-daemon/src/canary/__tests__/verify-loop.test.ts[2m > [22m[2mREQ-CFA-043 — per-receiver Map + persisted per-relay DropAccumulator across >=2 rounds[2m > [22m[2ma SINGLE-receiver drop is NOT correlated (k=2 SECONDARY signal not met) even above budget
[22m[39m{"timestamp":"2026-06-20T06:10:09.469Z","level":"INFO","source":"frontend","module":"webrtc/sframe-transform","message":"encrypted frame","context":{"kid":9,"ctr":0,"byteLength":62,"codecOffset":10}}

[90mstdout[2m | apps/validator-daemon/src/canary/__tests__/verify-loop.test.ts[2m > [22m[2mREQ-CFA-043 — per-receiver Map + persisted per-relay DropAccumulator across >=2 rounds[2m > [22m[2ma SINGLE-receiver drop is NOT correlated (k=2 SECONDARY signal not met) even above budget
[22m[39m{"timestamp":"2026-06-20T06:10:09.470Z","level":"INFO","source":"frontend","module":"webrtc/sframe-transform","message":"encrypted frame","context":{"kid":9,"ctr":1,"byteLength":62,"codecOffset":10}}

[90mstdout[2m | apps/validator-daemon/src/canary/__tests__/verify-loop.test.ts[2m > [22m[2mREQ-CFA-043 — per-receiver Map + persisted per-relay DropAccumulator across >=2 rounds[2m > [22m[2ma SINGLE-receiver drop is NOT correlated (k=2 SECONDARY signal not met) even above budget
[22m[39m{"timestamp":"2026-06-20T06:10:09.470Z","level":"INFO","source":"frontend","module":"webrtc/sframe-transform","message":"encrypted frame","context":{"kid":9,"ctr":2,"byteLength":62,"codecOffset":10}}

[90mstdout[2m | apps/validator-daemon/src/canary/__tests__/verify-loop.test.ts[2m > [22m[2mREQ-CFA-043 — per-receiver Map + persisted per-relay DropAccumulator across >=2 rounds[2m > [22m[2ma SINGLE-receiver drop is NOT correlated (k=2 SECONDARY signal not met) even above budget
[22m[39m{"timestamp":"2026-06-20T06:10:09.470Z","level":"INFO","source":"frontend","module":"webrtc/sframe-transform","message":"encrypted frame","context":{"kid":9,"ctr":3,"byteLength":62,"codecOffset":10}}

[90mstdout[2m | apps/validator-daemon/src/canary/__tests__/verify-loop.test.ts[2m > [22m[2mREQ-CFA-043 — per-receiver Map + persisted per-relay DropAccumulator across >=2 rounds[2m > [22m[2ma SINGLE-receiver drop is NOT correlated (k=2 SECONDARY signal not met) even above budget
[22m[39m{"timestamp":"2026-06-20T06:10:09.471Z","level":"INFO","source":"frontend","module":"webrtc/sframe-transform","message":"encrypted frame","context":{"kid":9,"ctr":4,"byteLength":62,"codecOffset":10}}

[90mstdout[2m | apps/validator-daemon/src/canary/__tests__/verify-loop.test.ts[2m > [22m[2mREQ-CFA-043 — per-receiver Map + persisted per-relay DropAccumulator across >=2 rounds[2m > [22m[2ma SINGLE-receiver drop is NOT correlated (k=2 SECONDARY signal not met) even above budget
[22m[39m{"timestamp":"2026-06-20T06:10:09.471Z","level":"INFO","source":"frontend","module":"webrtc/sframe-transform","message":"encrypted frame","context":{"kid":9,"ctr":5,"byteLength":62,"codecOffset":10}}

[90mstdout[2m | apps/validator-daemon/src/canary/__tests__/verify-loop.test.ts[2m > [22m[2mREQ-CFA-043 — per-receiver Map + persisted per-relay DropAccumulator across >=2 rounds[2m > [22m[2ma SINGLE-receiver drop is NOT correlated (k=2 SECONDARY signal not met) even above budget
[22m[39m{"timestamp":"2026-06-20T06:10:09.471Z","level":"INFO","source":"frontend","module":"webrtc/sframe-transform","message":"encrypted frame","context":{"kid":9,"ctr":6,"byteLength":62,"codecOffset":10}}

[90mstdout[2m | apps/validator-daemon/src/canary/__tests__/verify-loop.test.ts[2m > [22m[2mREQ-CFA-043 — per-receiver Map + persisted per-relay DropAccumulator across >=2 rounds[2m > [22m[2ma SINGLE-receiver drop is NOT correlated (k=2 SECONDARY signal not met) even above budget
[22m[39m{"timestamp":"2026-06-20T06:10:09.471Z","level":"INFO","source":"frontend","module":"webrtc/sframe-transform","message":"encrypted frame","context":{"kid":9,"ctr":7,"byteLength":62,"codecOffset":10}}

{"level":30,"time":1781935809472,"pid":31940,"hostname":"Quang","name":"canary/verifier","canaryKid":9,"mediaPackets":7,"byteIdentical":7,"divergences":1,"msg":"canary forwarding verified"}
[90mstdout[2m | apps/validator-daemon/src/canary/__tests__/verify-loop.test.ts[2m > [22m[2mREQ-CFA-043 — per-receiver Map + persisted per-relay DropAccumulator across >=2 rounds[2m > [22m[2ma SINGLE-receiver drop is NOT correlated (k=2 SECONDARY signal not met) even above budget
[22m[39m{"timestamp":"2026-06-20T06:10:09.472Z","level":"INFO","source":"frontend","module":"webrtc/sframe-transform","message":"encrypted frame","context":{"kid":9,"ctr":0,"byteLength":62,"codecOffset":10}}

[90mstdout[2m | apps/validator-daemon/src/canary/__tests__/verify-loop.test.ts[2m > [22m[2mREQ-CFA-043 — per-receiver Map + persisted per-relay DropAccumulator across >=2 rounds[2m > [22m[2ma SINGLE-receiver drop is NOT correlated (k=2 SECONDARY signal not met) even above budget
[22m[39m{"timestamp":"2026-06-20T06:10:09.472Z","level":"INFO","source":"frontend","module":"webrtc/sframe-transform","message":"encrypted frame","context":{"kid":9,"ctr":1,"byteLength":62,"codecOffset":10}}

[90mstdout[2m | apps/validator-daemon/src/canary/__tests__/verify-loop.test.ts[2m > [22m[2mREQ-CFA-043 — per-receiver Map + persisted per-relay DropAccumulator across >=2 rounds[2m > [22m[2ma SINGLE-receiver drop is NOT correlated (k=2 SECONDARY signal not met) even above budget
[22m[39m{"timestamp":"2026-06-20T06:10:09.472Z","level":"INFO","source":"frontend","module":"webrtc/sframe-transform","message":"encrypted frame","context":{"kid":9,"ctr":2,"byteLength":62,"codecOffset":10}}

[90mstdout[2m | apps/validator-daemon/src/canary/__tests__/verify-loop.test.ts[2m > [22m[2mREQ-CFA-043 — per-receiver Map + persisted per-relay DropAccumulator across >=2 rounds[2m > [22m[2ma SINGLE-receiver drop is NOT correlated (k=2 SECONDARY signal not met) even above budget
[22m[39m{"timestamp":"2026-06-20T06:10:09.473Z","level":"INFO","source":"frontend","module":"webrtc/sframe-transform","message":"encrypted frame","context":{"kid":9,"ctr":3,"byteLength":62,"codecOffset":10}}

[90mstdout[2m | apps/validator-daemon/src/canary/__tests__/verify-loop.test.ts[2m > [22m[2mREQ-CFA-043 — per-receiver Map + persisted per-relay DropAccumulator across >=2 rounds[2m > [22m[2ma SINGLE-receiver drop is NOT correlated (k=2 SECONDARY signal not met) even above budget
[22m[39m{"timestamp":"2026-06-20T06:10:09.473Z","level":"INFO","source":"frontend","module":"webrtc/sframe-transform","message":"encrypted frame","context":{"kid":9,"ctr":4,"byteLength":62,"codecOffset":10}}

[90mstdout[2m | apps/validator-daemon/src/canary/__tests__/verify-loop.test.ts[2m > [22m[2mREQ-CFA-043 — per-receiver Map + persisted per-relay DropAccumulator across >=2 rounds[2m > [22m[2ma SINGLE-receiver drop is NOT correlated (k=2 SECONDARY signal not met) even above budget
[22m[39m{"timestamp":"2026-06-20T06:10:09.473Z","level":"INFO","source":"frontend","module":"webrtc/sframe-transform","message":"encrypted frame","context":{"kid":9,"ctr":5,"byteLength":62,"codecOffset":10}}

[90mstdout[2m | apps/validator-daemon/src/canary/__tests__/verify-loop.test.ts[2m > [22m[2mREQ-CFA-043 — per-receiver Map + persisted per-relay DropAccumulator across >=2 rounds[2m > [22m[2ma SINGLE-receiver drop is NOT correlated (k=2 SECONDARY signal not met) even above budget
[22m[39m{"timestamp":"2026-06-20T06:10:09.474Z","level":"INFO","source":"frontend","module":"webrtc/sframe-transform","message":"encrypted frame","context":{"kid":9,"ctr":6,"byteLength":62,"codecOffset":10}}

[90mstdout[2m | apps/validator-daemon/src/canary/__tests__/verify-loop.test.ts[2m > [22m[2mREQ-CFA-043 — per-receiver Map + persisted per-relay DropAccumulator across >=2 rounds[2m > [22m[2ma SINGLE-receiver drop is NOT correlated (k=2 SECONDARY signal not met) even above budget
[22m[39m{"timestamp":"2026-06-20T06:10:09.474Z","level":"INFO","source":"frontend","module":"webrtc/sframe-transform","message":"encrypted frame","context":{"kid":9,"ctr":7,"byteLength":62,"codecOffset":10}}

{"level":30,"time":1781935809474,"pid":31940,"hostname":"Quang","name":"canary/verifier","canaryKid":9,"mediaPackets":8,"byteIdentical":8,"divergences":0,"msg":"canary forwarding verified"}
{"level":30,"time":1781935809474,"pid":31940,"hostname":"Quang","name":"canary/loss-classifier","relayMinerId":"relay-under-audit","promoted":0,"absorbed":1,"tampers":0,"cumulativeCrossed":false,"msg":"canary divergences classified (drop gate / tamper p=1)"}
{"level":30,"time":1781935809474,"pid":31940,"hostname":"Quang","name":"canary/verify-loop","round":1,"relayMinerId":"relay-under-audit","roomId":"verify-loop-room","perReceiver":2,"promoted":0,"absorbed":1,"stunLossBps":"0","msg":"canary verify round classified (hermetic half — synthetic capture, STUN read live)"}
[90mstdout[2m | apps/validator-daemon/src/canary/__tests__/verify-loop.test.ts[2m > [22m[2mREQ-CFA-043 — per-receiver Map + persisted per-relay DropAccumulator across >=2 rounds[2m > [22m[2ma SINGLE-receiver drop is NOT correlated (k=2 SECONDARY signal not met) even above budget
[22m[39m{"timestamp":"2026-06-20T06:10:09.475Z","level":"INFO","source":"frontend","module":"webrtc/sframe-transform","message":"encrypted frame","context":{"kid":9,"ctr":0,"byteLength":62,"codecOffset":10}}

[90mstdout[2m | apps/validator-daemon/src/canary/__tests__/verify-loop.test.ts[2m > [22m[2mREQ-CFA-043 — per-receiver Map + persisted per-relay DropAccumulator across >=2 rounds[2m > [22m[2ma SINGLE-receiver drop is NOT correlated (k=2 SECONDARY signal not met) even above budget
[22m[39m{"timestamp":"2026-06-20T06:10:09.475Z","level":"INFO","source":"frontend","module":"webrtc/sframe-transform","message":"encrypted frame","context":{"kid":9,"ctr":1,"byteLength":62,"codecOffset":10}}

[90mstdout[2m | apps/validator-daemon/src/canary/__tests__/verify-loop.test.ts[2m > [22m[2mREQ-CFA-043 — per-receiver Map + persisted per-relay DropAccumulator across >=2 rounds[2m > [22m[2ma SINGLE-receiver drop is NOT correlated (k=2 SECONDARY signal not met) even above budget
[22m[39m{"timestamp":"2026-06-20T06:10:09.475Z","level":"INFO","source":"frontend","module":"webrtc/sframe-transform","message":"encrypted frame","context":{"kid":9,"ctr":2,"byteLength":62,"codecOffset":10}}

[90mstdout[2m | apps/validator-daemon/src/canary/__tests__/verify-loop.test.ts[2m > [22m[2mREQ-CFA-043 — per-receiver Map + persisted per-relay DropAccumulator across >=2 rounds[2m > [22m[2ma SINGLE-receiver drop is NOT correlated (k=2 SECONDARY signal not met) even above budget
[22m[39m{"timestamp":"2026-06-20T06:10:09.477Z","level":"INFO","source":"frontend","module":"webrtc/sframe-transform","message":"encrypted frame","context":{"kid":9,"ctr":3,"byteLength":62,"codecOffset":10}}

[90mstdout[2m | apps/validator-daemon/src/canary/__tests__/verify-loop.test.ts[2m > [22m[2mREQ-CFA-043 — per-receiver Map + persisted per-relay DropAccumulator across >=2 rounds[2m > [22m[2ma SINGLE-receiver drop is NOT correlated (k=2 SECONDARY signal not met) even above budget
[22m[39m{"timestamp":"2026-06-20T06:10:09.477Z","level":"INFO","source":"frontend","module":"webrtc/sframe-transform","message":"encrypted frame","context":{"kid":9,"ctr":4,"byteLength":62,"codecOffset":10}}

[90mstdout[2m | apps/validator-daemon/src/canary/__tests__/verify-loop.test.ts[2m > [22m[2mREQ-CFA-043 — per-receiver Map + persisted per-relay DropAccumulator across >=2 rounds[2m > [22m[2ma SINGLE-receiver drop is NOT correlated (k=2 SECONDARY signal not met) even above budget
[22m[39m{"timestamp":"2026-06-20T06:10:09.478Z","level":"INFO","source":"frontend","module":"webrtc/sframe-transform","message":"encrypted frame","context":{"kid":9,"ctr":6,"byteLength":62,"codecOffset":10}}

[90mstdout[2m | apps/validator-daemon/src/canary/__tests__/verify-loop.test.ts[2m > [22m[2mREQ-CFA-043 — per-receiver Map + persisted per-relay DropAccumulator across >=2 rounds[2m > [22m[2ma SINGLE-receiver drop is NOT correlated (k=2 SECONDARY signal not met) even above budget
[22m[39m{"timestamp":"2026-06-20T06:10:09.478Z","level":"INFO","source":"frontend","module":"webrtc/sframe-transform","message":"encrypted frame","context":{"kid":9,"ctr":7,"byteLength":62,"codecOffset":10}}

[90mstdout[2m | apps/validator-daemon/src/canary/__tests__/verify-loop.test.ts[2m > [22m[2mREQ-CFA-043 — per-receiver Map + persisted per-relay DropAccumulator across >=2 rounds[2m > [22m[2ma SINGLE-receiver drop is NOT correlated (k=2 SECONDARY signal not met) even above budget
[22m[39m{"timestamp":"2026-06-20T06:10:09.478Z","level":"INFO","source":"frontend","module":"webrtc/sframe-transform","message":"encrypted frame","context":{"kid":9,"ctr":0,"byteLength":62,"codecOffset":10}}

[90mstdout[2m | apps/validator-daemon/src/canary/__tests__/verify-loop.test.ts[2m > [22m[2mREQ-CFA-043 — per-receiver Map + persisted per-relay DropAccumulator across >=2 rounds[2m > [22m[2ma SINGLE-receiver drop is NOT correlated (k=2 SECONDARY signal not met) even above budget
[22m[39m{"timestamp":"2026-06-20T06:10:09.478Z","level":"INFO","source":"frontend","module":"webrtc/sframe-transform","message":"encrypted frame","context":{"kid":9,"ctr":1,"byteLength":62,"codecOffset":10}}

[90mstdout[2m | apps/validator-daemon/src/canary/__tests__/verify-loop.test.ts[2m > [22m[2mREQ-CFA-043 — per-receiver Map + persisted per-relay DropAccumulator across >=2 rounds[2m > [22m[2ma SINGLE-receiver drop is NOT correlated (k=2 SECONDARY signal not met) even above budget
[22m[39m{"timestamp":"2026-06-20T06:10:09.479Z","level":"INFO","source":"frontend","module":"webrtc/sframe-transform","message":"encrypted frame","context":{"kid":9,"ctr":2,"byteLength":62,"codecOffset":10}}

[90mstdout[2m | apps/validator-daemon/src/canary/__tests__/verify-loop.test.ts[2m > [22m[2mREQ-CFA-043 — per-receiver Map + persisted per-relay DropAccumulator across >=2 rounds[2m > [22m[2ma SINGLE-receiver drop is NOT correlated (k=2 SECONDARY signal not met) even above budget
[22m[39m{"timestamp":"2026-06-20T06:10:09.479Z","level":"INFO","source":"frontend","module":"webrtc/sframe-transform","message":"encrypted frame","context":{"kid":9,"ctr":3,"byteLength":62,"codecOffset":10}}

[90mstdout[2m | apps/validator-daemon/src/canary/__tests__/verify-loop.test.ts[2m > [22m[2mREQ-CFA-043 — per-receiver Map + persisted per-relay DropAccumulator across >=2 rounds[2m > [22m[2ma SINGLE-receiver drop is NOT correlated (k=2 SECONDARY signal not met) even above budget
[22m[39m{"timestamp":"2026-06-20T06:10:09.479Z","level":"INFO","source":"frontend","module":"webrtc/sframe-transform","message":"encrypted frame","context":{"kid":9,"ctr":4,"byteLength":62,"codecOffset":10}}

[90mstdout[2m | apps/validator-daemon/src/canary/__tests__/verify-loop.test.ts[2m > [22m[2mREQ-CFA-043 — per-receiver Map + persisted per-relay DropAccumulator across >=2 rounds[2m > [22m[2ma SINGLE-receiver drop is NOT correlated (k=2 SECONDARY signal not met) even above budget
[22m[39m{"timestamp":"2026-06-20T06:10:09.479Z","level":"INFO","source":"frontend","module":"webrtc/sframe-transform","message":"encrypted frame","context":{"kid":9,"ctr":5,"byteLength":62,"codecOffset":10}}

[90mstdout[2m | apps/validator-daemon/src/canary/__tests__/verify-loop.test.ts[2m > [22m[2mREQ-CFA-043 — per-receiver Map + persisted per-relay DropAccumulator across >=2 rounds[2m > [22m[2ma SINGLE-receiver drop is NOT correlated (k=2 SECONDARY signal not met) even above budget
[22m[39m{"timestamp":"2026-06-20T06:10:09.480Z","level":"INFO","source":"frontend","module":"webrtc/sframe-transform","message":"encrypted frame","context":{"kid":9,"ctr":6,"byteLength":62,"codecOffset":10}}

[90mstdout[2m | apps/validator-daemon/src/canary/__tests__/verify-loop.test.ts[2m > [22m[2mREQ-CFA-043 — per-receiver Map + persisted per-relay DropAccumulator across >=2 rounds[2m > [22m[2ma SINGLE-receiver drop is NOT correlated (k=2 SECONDARY signal not met) even above budget
[22m[39m{"timestamp":"2026-06-20T06:10:09.480Z","level":"INFO","source":"frontend","module":"webrtc/sframe-transform","message":"encrypted frame","context":{"kid":9,"ctr":7,"byteLength":62,"codecOffset":10}}

[90mstdout[2m | apps/validator-daemon/src/canary/__tests__/verify-loop.test.ts[2m > [22m[2mREQ-CFA-043 — per-receiver Map + persisted per-relay DropAccumulator across >=2 rounds[2m > [22m[2ma SINGLE-receiver drop is NOT correlated (k=2 SECONDARY signal not met) even above budget
[22m[39m{"timestamp":"2026-06-20T06:10:09.481Z","level":"INFO","source":"frontend","module":"webrtc/sframe-transform","message":"encrypted frame","context":{"kid":9,"ctr":0,"byteLength":62,"codecOffset":10}}

[90mstdout[2m | apps/validator-daemon/src/canary/__tests__/verify-loop.test.ts[2m > [22m[2mREQ-CFA-043 — per-receiver Map + persisted per-relay DropAccumulator across >=2 rounds[2m > [22m[2ma SINGLE-receiver drop is NOT correlated (k=2 SECONDARY signal not met) even above budget
[22m[39m{"timestamp":"2026-06-20T06:10:09.481Z","level":"INFO","source":"frontend","module":"webrtc/sframe-transform","message":"encrypted frame","context":{"kid":9,"ctr":1,"byteLength":62,"codecOffset":10}}

[90mstdout[2m | apps/validator-daemon/src/canary/__tests__/verify-loop.test.ts[2m > [22m[2mREQ-CFA-043 — per-receiver Map + persisted per-relay DropAccumulator across >=2 rounds[2m > [22m[2ma SINGLE-receiver drop is NOT correlated (k=2 SECONDARY signal not met) even above budget
[22m[39m{"timestamp":"2026-06-20T06:10:09.481Z","level":"INFO","source":"frontend","module":"webrtc/sframe-transform","message":"encrypted frame","context":{"kid":9,"ctr":2,"byteLength":62,"codecOffset":10}}

[90mstdout[2m | apps/validator-daemon/src/canary/__tests__/verify-loop.test.ts[2m > [22m[2mREQ-CFA-043 — per-receiver Map + persisted per-relay DropAccumulator across >=2 rounds[2m > [22m[2ma SINGLE-receiver drop is NOT correlated (k=2 SECONDARY signal not met) even above budget
[22m[39m{"timestamp":"2026-06-20T06:10:09.482Z","level":"INFO","source":"frontend","module":"webrtc/sframe-transform","message":"encrypted frame","context":{"kid":9,"ctr":3,"byteLength":62,"codecOffset":10}}

[90mstdout[2m | apps/validator-daemon/src/canary/__tests__/verify-loop.test.ts[2m > [22m[2mREQ-CFA-043 — per-receiver Map + persisted per-relay DropAccumulator across >=2 rounds[2m > [22m[2ma SINGLE-receiver drop is NOT correlated (k=2 SECONDARY signal not met) even above budget
[22m[39m{"timestamp":"2026-06-20T06:10:09.482Z","level":"INFO","source":"frontend","module":"webrtc/sframe-transform","message":"encrypted frame","context":{"kid":9,"ctr":4,"byteLength":62,"codecOffset":10}}

[90mstdout[2m | apps/validator-daemon/src/canary/__tests__/verify-loop.test.ts[2m > [22m[2mREQ-CFA-043 — per-receiver Map + persisted per-relay DropAccumulator across >=2 rounds[2m > [22m[2ma SINGLE-receiver drop is NOT correlated (k=2 SECONDARY signal not met) even above budget
[22m[39m{"timestamp":"2026-06-20T06:10:09.482Z","level":"INFO","source":"frontend","module":"webrtc/sframe-transform","message":"encrypted frame","context":{"kid":9,"ctr":5,"byteLength":62,"codecOffset":10}}

[90mstdout[2m | apps/validator-daemon/src/canary/__tests__/verify-loop.test.ts[2m > [22m[2mREQ-CFA-043 — per-receiver Map + persisted per-relay DropAccumulator across >=2 rounds[2m > [22m[2ma SINGLE-receiver drop is NOT correlated (k=2 SECONDARY signal not met) even above budget
[22m[39m{"timestamp":"2026-06-20T06:10:09.482Z","level":"INFO","source":"frontend","module":"webrtc/sframe-transform","message":"encrypted frame","context":{"kid":9,"ctr":6,"byteLength":62,"codecOffset":10}}

[90mstdout[2m | apps/validator-daemon/src/canary/__tests__/verify-loop.test.ts[2m > [22m[2mREQ-CFA-043 — per-receiver Map + persisted per-relay DropAccumulator across >=2 rounds[2m > [22m[2ma SINGLE-receiver drop is NOT correlated (k=2 SECONDARY signal not met) even above budget
[22m[39m{"timestamp":"2026-06-20T06:10:09.483Z","level":"INFO","source":"frontend","module":"webrtc/sframe-transform","message":"encrypted frame","context":{"kid":9,"ctr":7,"byteLength":62,"codecOffset":10}}

{"level":30,"time":1781935809483,"pid":31940,"hostname":"Quang","name":"canary/verifier","canaryKid":9,"mediaPackets":7,"byteIdentical":7,"divergences":1,"msg":"canary forwarding verified"}
[90mstdout[2m | apps/validator-daemon/src/canary/__tests__/verify-loop.test.ts[2m > [22m[2mREQ-CFA-043 — per-receiver Map + persisted per-relay DropAccumulator across >=2 rounds[2m > [22m[2ma SINGLE-receiver drop is NOT correlated (k=2 SECONDARY signal not met) even above budget
[22m[39m{"timestamp":"2026-06-20T06:10:09.483Z","level":"INFO","source":"frontend","module":"webrtc/sframe-transform","message":"encrypted frame","context":{"kid":9,"ctr":0,"byteLength":62,"codecOffset":10}}

[90mstdout[2m | apps/validator-daemon/src/canary/__tests__/verify-loop.test.ts[2m > [22m[2mREQ-CFA-043 — per-receiver Map + persisted per-relay DropAccumulator across >=2 rounds[2m > [22m[2ma SINGLE-receiver drop is NOT correlated (k=2 SECONDARY signal not met) even above budget
[22m[39m{"timestamp":"2026-06-20T06:10:09.483Z","level":"INFO","source":"frontend","module":"webrtc/sframe-transform","message":"encrypted frame","context":{"kid":9,"ctr":1,"byteLength":62,"codecOffset":10}}

[90mstdout[2m | apps/validator-daemon/src/canary/__tests__/verify-loop.test.ts[2m > [22m[2mREQ-CFA-043 — per-receiver Map + persisted per-relay DropAccumulator across >=2 rounds[2m > [22m[2ma SINGLE-receiver drop is NOT correlated (k=2 SECONDARY signal not met) even above budget
[22m[39m{"timestamp":"2026-06-20T06:10:09.484Z","level":"INFO","source":"frontend","module":"webrtc/sframe-transform","message":"encrypted frame","context":{"kid":9,"ctr":2,"byteLength":62,"codecOffset":10}}

[90mstdout[2m | apps/validator-daemon/src/canary/__tests__/verify-loop.test.ts[2m > [22m[2mREQ-CFA-043 — per-receiver Map + persisted per-relay DropAccumulator across >=2 rounds[2m > [22m[2ma SINGLE-receiver drop is NOT correlated (k=2 SECONDARY signal not met) even above budget
[22m[39m{"timestamp":"2026-06-20T06:10:09.484Z","level":"INFO","source":"frontend","module":"webrtc/sframe-transform","message":"encrypted frame","context":{"kid":9,"ctr":3,"byteLength":62,"codecOffset":10}}

[90mstdout[2m | apps/validator-daemon/src/canary/__tests__/verify-loop.test.ts[2m > [22m[2mREQ-CFA-043 — per-receiver Map + persisted per-relay DropAccumulator across >=2 rounds[2m > [22m[2ma SINGLE-receiver drop is NOT correlated (k=2 SECONDARY signal not met) even above budget
[22m[39m{"timestamp":"2026-06-20T06:10:09.484Z","level":"INFO","source":"frontend","module":"webrtc/sframe-transform","message":"encrypted frame","context":{"kid":9,"ctr":4,"byteLength":62,"codecOffset":10}}

[90mstdout[2m | apps/validator-daemon/src/canary/__tests__/verify-loop.test.ts[2m > [22m[2mREQ-CFA-043 — per-receiver Map + persisted per-relay DropAccumulator across >=2 rounds[2m > [22m[2ma SINGLE-receiver drop is NOT correlated (k=2 SECONDARY signal not met) even above budget
[22m[39m{"timestamp":"2026-06-20T06:10:09.485Z","level":"INFO","source":"frontend","module":"webrtc/sframe-transform","message":"encrypted frame","context":{"kid":9,"ctr":5,"byteLength":62,"codecOffset":10}}

[90mstdout[2m | apps/validator-daemon/src/canary/__tests__/verify-loop.test.ts[2m > [22m[2mREQ-CFA-043 — per-receiver Map + persisted per-relay DropAccumulator across >=2 rounds[2m > [22m[2ma SINGLE-receiver drop is NOT correlated (k=2 SECONDARY signal not met) even above budget
[22m[39m{"timestamp":"2026-06-20T06:10:09.485Z","level":"INFO","source":"frontend","module":"webrtc/sframe-transform","message":"encrypted frame","context":{"kid":9,"ctr":6,"byteLength":62,"codecOffset":10}}

[90mstdout[2m | apps/validator-daemon/src/canary/__tests__/verify-loop.test.ts[2m > [22m[2mREQ-CFA-043 — per-receiver Map + persisted per-relay DropAccumulator across >=2 rounds[2m > [22m[2ma SINGLE-receiver drop is NOT correlated (k=2 SECONDARY signal not met) even above budget
[22m[39m{"timestamp":"2026-06-20T06:10:09.485Z","level":"INFO","source":"frontend","module":"webrtc/sframe-transform","message":"encrypted frame","context":{"kid":9,"ctr":7,"byteLength":62,"codecOffset":10}}

{"level":30,"time":1781935809485,"pid":31940,"hostname":"Quang","name":"canary/verifier","canaryKid":9,"mediaPackets":8,"byteIdentical":8,"divergences":0,"msg":"canary forwarding verified"}
{"level":30,"time":1781935809485,"pid":31940,"hostname":"Quang","name":"canary/loss-classifier","relayMinerId":"relay-under-audit","promoted":0,"absorbed":1,"tampers":0,"cumulativeCrossed":false,"msg":"canary divergences classified (drop gate / tamper p=1)"}
{"level":30,"time":1781935809485,"pid":31940,"hostname":"Quang","name":"canary/verify-loop","round":2,"relayMinerId":"relay-under-audit","roomId":"verify-loop-room","perReceiver":2,"promoted":0,"absorbed":1,"stunLossBps":"0","msg":"canary verify round classified (hermetic half — synthetic capture, STUN read live)"}
[90mstdout[2m | apps/validator-daemon/src/canary/__tests__/verify-loop.test.ts[2m > [22m[2mREQ-CFA-043 — per-receiver Map + persisted per-relay DropAccumulator across >=2 rounds[2m > [22m[2ma SINGLE-receiver drop is NOT correlated (k=2 SECONDARY signal not met) even above budget
[22m[39m{"timestamp":"2026-06-20T06:10:09.486Z","level":"INFO","source":"frontend","module":"webrtc/sframe-transform","message":"encrypted frame","context":{"kid":9,"ctr":0,"byteLength":62,"codecOffset":10}}

[90mstdout[2m | apps/validator-daemon/src/canary/__tests__/verify-loop.test.ts[2m > [22m[2mREQ-CFA-043 — per-receiver Map + persisted per-relay DropAccumulator across >=2 rounds[2m > [22m[2ma SINGLE-receiver drop is NOT correlated (k=2 SECONDARY signal not met) even above budget
[22m[39m{"timestamp":"2026-06-20T06:10:09.486Z","level":"INFO","source":"frontend","module":"webrtc/sframe-transform","message":"encrypted frame","context":{"kid":9,"ctr":1,"byteLength":62,"codecOffset":10}}

[90mstdout[2m | apps/validator-daemon/src/canary/__tests__/verify-loop.test.ts[2m > [22m[2mREQ-CFA-043 — per-receiver Map + persisted per-relay DropAccumulator across >=2 rounds[2m > [22m[2ma SINGLE-receiver drop is NOT correlated (k=2 SECONDARY signal not met) even above budget
[22m[39m{"timestamp":"2026-06-20T06:10:09.486Z","level":"INFO","source":"frontend","module":"webrtc/sframe-transform","message":"encrypted frame","context":{"kid":9,"ctr":2,"byteLength":62,"codecOffset":10}}

[90mstdout[2m | apps/validator-daemon/src/canary/__tests__/verify-loop.test.ts[2m > [22m[2mREQ-CFA-043 — per-receiver Map + persisted per-relay DropAccumulator across >=2 rounds[2m > [22m[2ma SINGLE-receiver drop is NOT correlated (k=2 SECONDARY signal not met) even above budget
[22m[39m{"timestamp":"2026-06-20T06:10:09.486Z","level":"INFO","source":"frontend","module":"webrtc/sframe-transform","message":"encrypted frame","context":{"kid":9,"ctr":3,"byteLength":62,"codecOffset":10}}

[90mstdout[2m | apps/validator-daemon/src/canary/__tests__/verify-loop.test.ts[2m > [22m[2mREQ-CFA-043 — per-receiver Map + persisted per-relay DropAccumulator across >=2 rounds[2m > [22m[2ma SINGLE-receiver drop is NOT correlated (k=2 SECONDARY signal not met) even above budget
[22m[39m{"timestamp":"2026-06-20T06:10:09.487Z","level":"INFO","source":"frontend","module":"webrtc/sframe-transform","message":"encrypted frame","context":{"kid":9,"ctr":4,"byteLength":62,"codecOffset":10}}

[90mstdout[2m | apps/validator-daemon/src/canary/__tests__/verify-loop.test.ts[2m > [22m[2mREQ-CFA-043 — per-receiver Map + persisted per-relay DropAccumulator across >=2 rounds[2m > [22m[2ma SINGLE-receiver drop is NOT correlated (k=2 SECONDARY signal not met) even above budget
[22m[39m{"timestamp":"2026-06-20T06:10:09.487Z","level":"INFO","source":"frontend","module":"webrtc/sframe-transform","message":"encrypted frame","context":{"kid":9,"ctr":6,"byteLength":62,"codecOffset":10}}

[90mstdout[2m | apps/validator-daemon/src/canary/__tests__/verify-loop.test.ts[2m > [22m[2mREQ-CFA-043 — per-receiver Map + persisted per-relay DropAccumulator across >=2 rounds[2m > [22m[2ma SINGLE-receiver drop is NOT correlated (k=2 SECONDARY signal not met) even above budget
[22m[39m{"timestamp":"2026-06-20T06:10:09.487Z","level":"INFO","source":"frontend","module":"webrtc/sframe-transform","message":"encrypted frame","context":{"kid":9,"ctr":7,"byteLength":62,"codecOffset":10}}

[90mstdout[2m | apps/validator-daemon/src/canary/__tests__/verify-loop.test.ts[2m > [22m[2mREQ-CFA-043 — per-receiver Map + persisted per-relay DropAccumulator across >=2 rounds[2m > [22m[2ma SINGLE-receiver drop is NOT correlated (k=2 SECONDARY signal not met) even above budget
[22m[39m{"timestamp":"2026-06-20T06:10:09.488Z","level":"INFO","source":"frontend","module":"webrtc/sframe-transform","message":"encrypted frame","context":{"kid":9,"ctr":0,"byteLength":62,"codecOffset":10}}

[90mstdout[2m | apps/validator-daemon/src/canary/__tests__/verify-loop.test.ts[2m > [22m[2mREQ-CFA-043 — per-receiver Map + persisted per-relay DropAccumulator across >=2 rounds[2m > [22m[2ma SINGLE-receiver drop is NOT correlated (k=2 SECONDARY signal not met) even above budget
[22m[39m{"timestamp":"2026-06-20T06:10:09.488Z","level":"INFO","source":"frontend","module":"webrtc/sframe-transform","message":"encrypted frame","context":{"kid":9,"ctr":1,"byteLength":62,"codecOffset":10}}

[90mstdout[2m | apps/validator-daemon/src/canary/__tests__/verify-loop.test.ts[2m > [22m[2mREQ-CFA-043 — per-receiver Map + persisted per-relay DropAccumulator across >=2 rounds[2m > [22m[2ma SINGLE-receiver drop is NOT correlated (k=2 SECONDARY signal not met) even above budget
[22m[39m{"timestamp":"2026-06-20T06:10:09.488Z","level":"INFO","source":"frontend","module":"webrtc/sframe-transform","message":"encrypted frame","context":{"kid":9,"ctr":2,"byteLength":62,"codecOffset":10}}

[90mstdout[2m | apps/validator-daemon/src/canary/__tests__/verify-loop.test.ts[2m > [22m[2mREQ-CFA-043 — per-receiver Map + persisted per-relay DropAccumulator across >=2 rounds[2m > [22m[2ma SINGLE-receiver drop is NOT correlated (k=2 SECONDARY signal not met) even above budget
[22m[39m{"timestamp":"2026-06-20T06:10:09.489Z","level":"INFO","source":"frontend","module":"webrtc/sframe-transform","message":"encrypted frame","context":{"kid":9,"ctr":3,"byteLength":62,"codecOffset":10}}

[90mstdout[2m | apps/validator-daemon/src/canary/__tests__/verify-loop.test.ts[2m > [22m[2mREQ-CFA-043 — per-receiver Map + persisted per-relay DropAccumulator across >=2 rounds[2m > [22m[2ma SINGLE-receiver drop is NOT correlated (k=2 SECONDARY signal not met) even above budget
[22m[39m{"timestamp":"2026-06-20T06:10:09.489Z","level":"INFO","source":"frontend","module":"webrtc/sframe-transform","message":"encrypted frame","context":{"kid":9,"ctr":4,"byteLength":62,"codecOffset":10}}

[90mstdout[2m | apps/validator-daemon/src/canary/__tests__/verify-loop.test.ts[2m > [22m[2mREQ-CFA-043 — per-receiver Map + persisted per-relay DropAccumulator across >=2 rounds[2m > [22m[2ma SINGLE-receiver drop is NOT correlated (k=2 SECONDARY signal not met) even above budget
[22m[39m{"timestamp":"2026-06-20T06:10:09.489Z","level":"INFO","source":"frontend","module":"webrtc/sframe-transform","message":"encrypted frame","context":{"kid":9,"ctr":5,"byteLength":62,"codecOffset":10}}

[90mstdout[2m | apps/validator-daemon/src/canary/__tests__/verify-loop.test.ts[2m > [22m[2mREQ-CFA-043 — per-receiver Map + persisted per-relay DropAccumulator across >=2 rounds[2m > [22m[2ma SINGLE-receiver drop is NOT correlated (k=2 SECONDARY signal not met) even above budget
[22m[39m{"timestamp":"2026-06-20T06:10:09.490Z","level":"INFO","source":"frontend","module":"webrtc/sframe-transform","message":"encrypted frame","context":{"kid":9,"ctr":6,"byteLength":62,"codecOffset":10}}

[90mstdout[2m | apps/validator-daemon/src/canary/__tests__/verify-loop.test.ts[2m > [22m[2mREQ-CFA-043 — per-receiver Map + persisted per-relay DropAccumulator across >=2 rounds[2m > [22m[2ma SINGLE-receiver drop is NOT correlated (k=2 SECONDARY signal not met) even above budget
[22m[39m{"timestamp":"2026-06-20T06:10:09.490Z","level":"INFO","source":"frontend","module":"webrtc/sframe-transform","message":"encrypted frame","context":{"kid":9,"ctr":7,"byteLength":62,"codecOffset":10}}

[90mstdout[2m | apps/validator-daemon/src/canary/__tests__/verify-loop.test.ts[2m > [22m[2mREQ-CFA-043 — per-receiver Map + persisted per-relay DropAccumulator across >=2 rounds[2m > [22m[2ma SINGLE-receiver drop is NOT correlated (k=2 SECONDARY signal not met) even above budget
[22m[39m{"timestamp":"2026-06-20T06:10:09.490Z","level":"INFO","source":"frontend","module":"webrtc/sframe-transform","message":"encrypted frame","context":{"kid":9,"ctr":0,"byteLength":62,"codecOffset":10}}

[90mstdout[2m | apps/validator-daemon/src/canary/__tests__/verify-loop.test.ts[2m > [22m[2mREQ-CFA-043 — per-receiver Map + persisted per-relay DropAccumulator across >=2 rounds[2m > [22m[2ma SINGLE-receiver drop is NOT correlated (k=2 SECONDARY signal not met) even above budget
[22m[39m{"timestamp":"2026-06-20T06:10:09.491Z","level":"INFO","source":"frontend","module":"webrtc/sframe-transform","message":"encrypted frame","context":{"kid":9,"ctr":1,"byteLength":62,"codecOffset":10}}

[90mstdout[2m | apps/validator-daemon/src/canary/__tests__/verify-loop.test.ts[2m > [22m[2mREQ-CFA-043 — per-receiver Map + persisted per-relay DropAccumulator across >=2 rounds[2m > [22m[2ma SINGLE-receiver drop is NOT correlated (k=2 SECONDARY signal not met) even above budget
[22m[39m{"timestamp":"2026-06-20T06:10:09.491Z","level":"INFO","source":"frontend","module":"webrtc/sframe-transform","message":"encrypted frame","context":{"kid":9,"ctr":2,"byteLength":62,"codecOffset":10}}

[90mstdout[2m | apps/validator-daemon/src/canary/__tests__/verify-loop.test.ts[2m > [22m[2mREQ-CFA-043 — per-receiver Map + persisted per-relay DropAccumulator across >=2 rounds[2m > [22m[2ma SINGLE-receiver drop is NOT correlated (k=2 SECONDARY signal not met) even above budget
[22m[39m{"timestamp":"2026-06-20T06:10:09.491Z","level":"INFO","source":"frontend","module":"webrtc/sframe-transform","message":"encrypted frame","context":{"kid":9,"ctr":3,"byteLength":62,"codecOffset":10}}

[90mstdout[2m | apps/validator-daemon/src/canary/__tests__/verify-loop.test.ts[2m > [22m[2mREQ-CFA-043 — per-receiver Map + persisted per-relay DropAccumulator across >=2 rounds[2m > [22m[2ma SINGLE-receiver drop is NOT correlated (k=2 SECONDARY signal not met) even above budget
[22m[39m{"timestamp":"2026-06-20T06:10:09.492Z","level":"INFO","source":"frontend","module":"webrtc/sframe-transform","message":"encrypted frame","context":{"kid":9,"ctr":4,"byteLength":62,"codecOffset":10}}

[90mstdout[2m | apps/validator-daemon/src/canary/__tests__/verify-loop.test.ts[2m > [22m[2mREQ-CFA-043 — per-receiver Map + persisted per-relay DropAccumulator across >=2 rounds[2m > [22m[2ma SINGLE-receiver drop is NOT correlated (k=2 SECONDARY signal not met) even above budget
[22m[39m{"timestamp":"2026-06-20T06:10:09.492Z","level":"INFO","source":"frontend","module":"webrtc/sframe-transform","message":"encrypted frame","context":{"kid":9,"ctr":5,"byteLength":62,"codecOffset":10}}

[90mstdout[2m | apps/validator-daemon/src/canary/__tests__/verify-loop.test.ts[2m > [22m[2mREQ-CFA-043 — per-receiver Map + persisted per-relay DropAccumulator across >=2 rounds[2m > [22m[2ma SINGLE-receiver drop is NOT correlated (k=2 SECONDARY signal not met) even above budget
[22m[39m{"timestamp":"2026-06-20T06:10:09.492Z","level":"INFO","source":"frontend","module":"webrtc/sframe-transform","message":"encrypted frame","context":{"kid":9,"ctr":6,"byteLength":62,"codecOffset":10}}

[90mstdout[2m | apps/validator-daemon/src/canary/__tests__/verify-loop.test.ts[2m > [22m[2mREQ-CFA-043 — per-receiver Map + persisted per-relay DropAccumulator across >=2 rounds[2m > [22m[2ma SINGLE-receiver drop is NOT correlated (k=2 SECONDARY signal not met) even above budget
[22m[39m{"timestamp":"2026-06-20T06:10:09.493Z","level":"INFO","source":"frontend","module":"webrtc/sframe-transform","message":"encrypted frame","context":{"kid":9,"ctr":7,"byteLength":62,"codecOffset":10}}

{"level":30,"time":1781935809493,"pid":31940,"hostname":"Quang","name":"canary/verifier","canaryKid":9,"mediaPackets":7,"byteIdentical":7,"divergences":1,"msg":"canary forwarding verified"}
[90mstdout[2m | apps/validator-daemon/src/canary/__tests__/verify-loop.test.ts[2m > [22m[2mREQ-CFA-043 — per-receiver Map + persisted per-relay DropAccumulator across >=2 rounds[2m > [22m[2ma SINGLE-receiver drop is NOT correlated (k=2 SECONDARY signal not met) even above budget
[22m[39m{"timestamp":"2026-06-20T06:10:09.493Z","level":"INFO","source":"frontend","module":"webrtc/sframe-transform","message":"encrypted frame","context":{"kid":9,"ctr":0,"byteLength":62,"codecOffset":10}}

[90mstdout[2m | apps/validator-daemon/src/canary/__tests__/verify-loop.test.ts[2m > [22m[2mREQ-CFA-043 — per-receiver Map + persisted per-relay DropAccumulator across >=2 rounds[2m > [22m[2ma SINGLE-receiver drop is NOT correlated (k=2 SECONDARY signal not met) even above budget
[22m[39m{"timestamp":"2026-06-20T06:10:09.494Z","level":"INFO","source":"frontend","module":"webrtc/sframe-transform","message":"encrypted frame","context":{"kid":9,"ctr":1,"byteLength":62,"codecOffset":10}}

[90mstdout[2m | apps/validator-daemon/src/canary/__tests__/verify-loop.test.ts[2m > [22m[2mREQ-CFA-043 — per-receiver Map + persisted per-relay DropAccumulator across >=2 rounds[2m > [22m[2ma SINGLE-receiver drop is NOT correlated (k=2 SECONDARY signal not met) even above budget
[22m[39m{"timestamp":"2026-06-20T06:10:09.494Z","level":"INFO","source":"frontend","module":"webrtc/sframe-transform","message":"encrypted frame","context":{"kid":9,"ctr":2,"byteLength":62,"codecOffset":10}}

[90mstdout[2m | apps/validator-daemon/src/canary/__tests__/verify-loop.test.ts[2m > [22m[2mREQ-CFA-043 — per-receiver Map + persisted per-relay DropAccumulator across >=2 rounds[2m > [22m[2ma SINGLE-receiver drop is NOT correlated (k=2 SECONDARY signal not met) even above budget
[22m[39m{"timestamp":"2026-06-20T06:10:09.494Z","level":"INFO","source":"frontend","module":"webrtc/sframe-transform","message":"encrypted frame","context":{"kid":9,"ctr":3,"byteLength":62,"codecOffset":10}}

[90mstdout[2m | apps/validator-daemon/src/canary/__tests__/verify-loop.test.ts[2m > [22m[2mREQ-CFA-043 — per-receiver Map + persisted per-relay DropAccumulator across >=2 rounds[2m > [22m[2ma SINGLE-receiver drop is NOT correlated (k=2 SECONDARY signal not met) even above budget
[22m[39m{"timestamp":"2026-06-20T06:10:09.494Z","level":"INFO","source":"frontend","module":"webrtc/sframe-transform","message":"encrypted frame","context":{"kid":9,"ctr":4,"byteLength":62,"codecOffset":10}}

[90mstdout[2m | apps/validator-daemon/src/canary/__tests__/verify-loop.test.ts[2m > [22m[2mREQ-CFA-043 — per-receiver Map + persisted per-relay DropAccumulator across >=2 rounds[2m > [22m[2ma SINGLE-receiver drop is NOT correlated (k=2 SECONDARY signal not met) even above budget
[22m[39m{"timestamp":"2026-06-20T06:10:09.495Z","level":"INFO","source":"frontend","module":"webrtc/sframe-transform","message":"encrypted frame","context":{"kid":9,"ctr":5,"byteLength":62,"codecOffset":10}}

[90mstdout[2m | apps/validator-daemon/src/canary/__tests__/verify-loop.test.ts[2m > [22m[2mREQ-CFA-043 — per-receiver Map + persisted per-relay DropAccumulator across >=2 rounds[2m > [22m[2ma SINGLE-receiver drop is NOT correlated (k=2 SECONDARY signal not met) even above budget
[22m[39m{"timestamp":"2026-06-20T06:10:09.495Z","level":"INFO","source":"frontend","module":"webrtc/sframe-transform","message":"encrypted frame","context":{"kid":9,"ctr":6,"byteLength":62,"codecOffset":10}}

[90mstdout[2m | apps/validator-daemon/src/canary/__tests__/verify-loop.test.ts[2m > [22m[2mREQ-CFA-043 — per-receiver Map + persisted per-relay DropAccumulator across >=2 rounds[2m > [22m[2ma SINGLE-receiver drop is NOT correlated (k=2 SECONDARY signal not met) even above budget
[22m[39m{"timestamp":"2026-06-20T06:10:09.495Z","level":"INFO","source":"frontend","module":"webrtc/sframe-transform","message":"encrypted frame","context":{"kid":9,"ctr":7,"byteLength":62,"codecOffset":10}}

{"level":30,"time":1781935809496,"pid":31940,"hostname":"Quang","name":"canary/verifier","canaryKid":9,"mediaPackets":8,"byteIdentical":8,"divergences":0,"msg":"canary forwarding verified"}
{"level":30,"time":1781935809496,"pid":31940,"hostname":"Quang","name":"canary/loss-classifier","relayMinerId":"relay-under-audit","promoted":0,"absorbed":1,"tampers":0,"cumulativeCrossed":false,"msg":"canary divergences classified (drop gate / tamper p=1)"}
{"level":30,"time":1781935809496,"pid":31940,"hostname":"Quang","name":"canary/verify-loop","round":3,"relayMinerId":"relay-under-audit","roomId":"verify-loop-room","perReceiver":2,"promoted":0,"absorbed":1,"stunLossBps":"0","msg":"canary verify round classified (hermetic half — synthetic capture, STUN read live)"}
[90mstdout[2m | apps/validator-daemon/src/canary/__tests__/verify-loop.test.ts[2m > [22m[2mREQ-CFA-043 — per-receiver Map + persisted per-relay DropAccumulator across >=2 rounds[2m > [22m[2ma SINGLE-receiver drop is NOT correlated (k=2 SECONDARY signal not met) even above budget
[22m[39m{"timestamp":"2026-06-20T06:10:09.496Z","level":"INFO","source":"frontend","module":"webrtc/sframe-transform","message":"encrypted frame","context":{"kid":9,"ctr":0,"byteLength":62,"codecOffset":10}}

[90mstdout[2m | apps/validator-daemon/src/canary/__tests__/verify-loop.test.ts[2m > [22m[2mREQ-CFA-043 — per-receiver Map + persisted per-relay DropAccumulator across >=2 rounds[2m > [22m[2ma SINGLE-receiver drop is NOT correlated (k=2 SECONDARY signal not met) even above budget
[22m[39m{"timestamp":"2026-06-20T06:10:09.496Z","level":"INFO","source":"frontend","module":"webrtc/sframe-transform","message":"encrypted frame","context":{"kid":9,"ctr":1,"byteLength":62,"codecOffset":10}}

[90mstdout[2m | apps/validator-daemon/src/canary/__tests__/verify-loop.test.ts[2m > [22m[2mREQ-CFA-043 — per-receiver Map + persisted per-relay DropAccumulator across >=2 rounds[2m > [22m[2ma SINGLE-receiver drop is NOT correlated (k=2 SECONDARY signal not met) even above budget
[22m[39m{"timestamp":"2026-06-20T06:10:09.497Z","level":"INFO","source":"frontend","module":"webrtc/sframe-transform","message":"encrypted frame","context":{"kid":9,"ctr":2,"byteLength":62,"codecOffset":10}}

[90mstdout[2m | apps/validator-daemon/src/canary/__tests__/verify-loop.test.ts[2m > [22m[2mREQ-CFA-043 — per-receiver Map + persisted per-relay DropAccumulator across >=2 rounds[2m > [22m[2ma SINGLE-receiver drop is NOT correlated (k=2 SECONDARY signal not met) even above budget
[22m[39m{"timestamp":"2026-06-20T06:10:09.497Z","level":"INFO","source":"frontend","module":"webrtc/sframe-transform","message":"encrypted frame","context":{"kid":9,"ctr":3,"byteLength":62,"codecOffset":10}}

[90mstdout[2m | apps/validator-daemon/src/canary/__tests__/verify-loop.test.ts[2m > [22m[2mREQ-CFA-043 — per-receiver Map + persisted per-relay DropAccumulator across >=2 rounds[2m > [22m[2ma SINGLE-receiver drop is NOT correlated (k=2 SECONDARY signal not met) even above budget
[22m[39m{"timestamp":"2026-06-20T06:10:09.497Z","level":"INFO","source":"frontend","module":"webrtc/sframe-transform","message":"encrypted frame","context":{"kid":9,"ctr":4,"byteLength":62,"codecOffset":10}}

[90mstdout[2m | apps/validator-daemon/src/canary/__tests__/verify-loop.test.ts[2m > [22m[2mREQ-CFA-043 — per-receiver Map + persisted per-relay DropAccumulator across >=2 rounds[2m > [22m[2ma SINGLE-receiver drop is NOT correlated (k=2 SECONDARY signal not met) even above budget
[22m[39m{"timestamp":"2026-06-20T06:10:09.498Z","level":"INFO","source":"frontend","module":"webrtc/sframe-transform","message":"encrypted frame","context":{"kid":9,"ctr":6,"byteLength":62,"codecOffset":10}}

[90mstdout[2m | apps/validator-daemon/src/canary/__tests__/verify-loop.test.ts[2m > [22m[2mREQ-CFA-043 — per-receiver Map + persisted per-relay DropAccumulator across >=2 rounds[2m > [22m[2ma SINGLE-receiver drop is NOT correlated (k=2 SECONDARY signal not met) even above budget
[22m[39m{"timestamp":"2026-06-20T06:10:09.498Z","level":"INFO","source":"frontend","module":"webrtc/sframe-transform","message":"encrypted frame","context":{"kid":9,"ctr":7,"byteLength":62,"codecOffset":10}}

[90mstdout[2m | apps/validator-daemon/src/canary/__tests__/verify-loop.test.ts[2m > [22m[2mREQ-CFA-043 — per-receiver Map + persisted per-relay DropAccumulator across >=2 rounds[2m > [22m[2ma SINGLE-receiver drop is NOT correlated (k=2 SECONDARY signal not met) even above budget
[22m[39m{"timestamp":"2026-06-20T06:10:09.498Z","level":"INFO","source":"frontend","module":"webrtc/sframe-transform","message":"encrypted frame","context":{"kid":9,"ctr":0,"byteLength":62,"codecOffset":10}}

[90mstdout[2m | apps/validator-daemon/src/canary/__tests__/verify-loop.test.ts[2m > [22m[2mREQ-CFA-043 — per-receiver Map + persisted per-relay DropAccumulator across >=2 rounds[2m > [22m[2ma SINGLE-receiver drop is NOT correlated (k=2 SECONDARY signal not met) even above budget
[22m[39m{"timestamp":"2026-06-20T06:10:09.498Z","level":"INFO","source":"frontend","module":"webrtc/sframe-transform","message":"encrypted frame","context":{"kid":9,"ctr":1,"byteLength":62,"codecOffset":10}}

[90mstdout[2m | apps/validator-daemon/src/canary/__tests__/verify-loop.test.ts[2m > [22m[2mREQ-CFA-043 — per-receiver Map + persisted per-relay DropAccumulator across >=2 rounds[2m > [22m[2ma SINGLE-receiver drop is NOT correlated (k=2 SECONDARY signal not met) even above budget
[22m[39m{"timestamp":"2026-06-20T06:10:09.499Z","level":"INFO","source":"frontend","module":"webrtc/sframe-transform","message":"encrypted frame","context":{"kid":9,"ctr":2,"byteLength":62,"codecOffset":10}}

[90mstdout[2m | apps/validator-daemon/src/canary/__tests__/verify-loop.test.ts[2m > [22m[2mREQ-CFA-043 — per-receiver Map + persisted per-relay DropAccumulator across >=2 rounds[2m > [22m[2ma SINGLE-receiver drop is NOT correlated (k=2 SECONDARY signal not met) even above budget
[22m[39m{"timestamp":"2026-06-20T06:10:09.499Z","level":"INFO","source":"frontend","module":"webrtc/sframe-transform","message":"encrypted frame","context":{"kid":9,"ctr":3,"byteLength":62,"codecOffset":10}}

[90mstdout[2m | apps/validator-daemon/src/canary/__tests__/verify-loop.test.ts[2m > [22m[2mREQ-CFA-043 — per-receiver Map + persisted per-relay DropAccumulator across >=2 rounds[2m > [22m[2ma SINGLE-receiver drop is NOT correlated (k=2 SECONDARY signal not met) even above budget
[22m[39m{"timestamp":"2026-06-20T06:10:09.499Z","level":"INFO","source":"frontend","module":"webrtc/sframe-transform","message":"encrypted frame","context":{"kid":9,"ctr":4,"byteLength":62,"codecOffset":10}}

[90mstdout[2m | apps/validator-daemon/src/canary/__tests__/verify-loop.test.ts[2m > [22m[2mREQ-CFA-043 — per-receiver Map + persisted per-relay DropAccumulator across >=2 rounds[2m > [22m[2ma SINGLE-receiver drop is NOT correlated (k=2 SECONDARY signal not met) even above budget
[22m[39m{"timestamp":"2026-06-20T06:10:09.499Z","level":"INFO","source":"frontend","module":"webrtc/sframe-transform","message":"encrypted frame","context":{"kid":9,"ctr":5,"byteLength":62,"codecOffset":10}}

[90mstdout[2m | apps/validator-daemon/src/canary/__tests__/verify-loop.test.ts[2m > [22m[2mREQ-CFA-043 — per-receiver Map + persisted per-relay DropAccumulator across >=2 rounds[2m > [22m[2ma SINGLE-receiver drop is NOT correlated (k=2 SECONDARY signal not met) even above budget
[22m[39m{"timestamp":"2026-06-20T06:10:09.500Z","level":"INFO","source":"frontend","module":"webrtc/sframe-transform","message":"encrypted frame","context":{"kid":9,"ctr":6,"byteLength":62,"codecOffset":10}}

[90mstdout[2m | apps/validator-daemon/src/canary/__tests__/verify-loop.test.ts[2m > [22m[2mREQ-CFA-043 — per-receiver Map + persisted per-relay DropAccumulator across >=2 rounds[2m > [22m[2ma SINGLE-receiver drop is NOT correlated (k=2 SECONDARY signal not met) even above budget
[22m[39m{"timestamp":"2026-06-20T06:10:09.500Z","level":"INFO","source":"frontend","module":"webrtc/sframe-transform","message":"encrypted frame","context":{"kid":9,"ctr":7,"byteLength":62,"codecOffset":10}}

[90mstdout[2m | apps/validator-daemon/src/canary/__tests__/verify-loop.test.ts[2m > [22m[2mREQ-CFA-043 — per-receiver Map + persisted per-relay DropAccumulator across >=2 rounds[2m > [22m[2ma SINGLE-receiver drop is NOT correlated (k=2 SECONDARY signal not met) even above budget
[22m[39m{"timestamp":"2026-06-20T06:10:09.500Z","level":"INFO","source":"frontend","module":"webrtc/sframe-transform","message":"encrypted frame","context":{"kid":9,"ctr":0,"byteLength":62,"codecOffset":10}}

[90mstdout[2m | apps/validator-daemon/src/canary/__tests__/verify-loop.test.ts[2m > [22m[2mREQ-CFA-043 — per-receiver Map + persisted per-relay DropAccumulator across >=2 rounds[2m > [22m[2ma SINGLE-receiver drop is NOT correlated (k=2 SECONDARY signal not met) even above budget
[22m[39m{"timestamp":"2026-06-20T06:10:09.501Z","level":"INFO","source":"frontend","module":"webrtc/sframe-transform","message":"encrypted frame","context":{"kid":9,"ctr":1,"byteLength":62,"codecOffset":10}}

[90mstdout[2m | apps/validator-daemon/src/canary/__tests__/verify-loop.test.ts[2m > [22m[2mREQ-CFA-043 — per-receiver Map + persisted per-relay DropAccumulator across >=2 rounds[2m > [22m[2ma SINGLE-receiver drop is NOT correlated (k=2 SECONDARY signal not met) even above budget
[22m[39m{"timestamp":"2026-06-20T06:10:09.501Z","level":"INFO","source":"frontend","module":"webrtc/sframe-transform","message":"encrypted frame","context":{"kid":9,"ctr":2,"byteLength":62,"codecOffset":10}}

[90mstdout[2m | apps/validator-daemon/src/canary/__tests__/verify-loop.test.ts[2m > [22m[2mREQ-CFA-043 — per-receiver Map + persisted per-relay DropAccumulator across >=2 rounds[2m > [22m[2ma SINGLE-receiver drop is NOT correlated (k=2 SECONDARY signal not met) even above budget
[22m[39m{"timestamp":"2026-06-20T06:10:09.501Z","level":"INFO","source":"frontend","module":"webrtc/sframe-transform","message":"encrypted frame","context":{"kid":9,"ctr":3,"byteLength":62,"codecOffset":10}}

[90mstdout[2m | apps/validator-daemon/src/canary/__tests__/verify-loop.test.ts[2m > [22m[2mREQ-CFA-043 — per-receiver Map + persisted per-relay DropAccumulator across >=2 rounds[2m > [22m[2ma SINGLE-receiver drop is NOT correlated (k=2 SECONDARY signal not met) even above budget
[22m[39m{"timestamp":"2026-06-20T06:10:09.502Z","level":"INFO","source":"frontend","module":"webrtc/sframe-transform","message":"encrypted frame","context":{"kid":9,"ctr":4,"byteLength":62,"codecOffset":10}}

[90mstdout[2m | apps/validator-daemon/src/canary/__tests__/verify-loop.test.ts[2m > [22m[2mREQ-CFA-043 — per-receiver Map + persisted per-relay DropAccumulator across >=2 rounds[2m > [22m[2ma SINGLE-receiver drop is NOT correlated (k=2 SECONDARY signal not met) even above budget
[22m[39m{"timestamp":"2026-06-20T06:10:09.502Z","level":"INFO","source":"frontend","module":"webrtc/sframe-transform","message":"encrypted frame","context":{"kid":9,"ctr":5,"byteLength":62,"codecOffset":10}}

[90mstdout[2m | apps/validator-daemon/src/canary/__tests__/verify-loop.test.ts[2m > [22m[2mREQ-CFA-043 — per-receiver Map + persisted per-relay DropAccumulator across >=2 rounds[2m > [22m[2ma SINGLE-receiver drop is NOT correlated (k=2 SECONDARY signal not met) even above budget
[22m[39m{"timestamp":"2026-06-20T06:10:09.502Z","level":"INFO","source":"frontend","module":"webrtc/sframe-transform","message":"encrypted frame","context":{"kid":9,"ctr":6,"byteLength":62,"codecOffset":10}}

[90mstdout[2m | apps/validator-daemon/src/canary/__tests__/verify-loop.test.ts[2m > [22m[2mREQ-CFA-043 — per-receiver Map + persisted per-relay DropAccumulator across >=2 rounds[2m > [22m[2ma SINGLE-receiver drop is NOT correlated (k=2 SECONDARY signal not met) even above budget
[22m[39m{"timestamp":"2026-06-20T06:10:09.503Z","level":"INFO","source":"frontend","module":"webrtc/sframe-transform","message":"encrypted frame","context":{"kid":9,"ctr":7,"byteLength":62,"codecOffset":10}}

{"level":30,"time":1781935809503,"pid":31940,"hostname":"Quang","name":"canary/verifier","canaryKid":9,"mediaPackets":7,"byteIdentical":7,"divergences":1,"msg":"canary forwarding verified"}
[90mstdout[2m | apps/validator-daemon/src/canary/__tests__/verify-loop.test.ts[2m > [22m[2mREQ-CFA-043 — per-receiver Map + persisted per-relay DropAccumulator across >=2 rounds[2m > [22m[2ma SINGLE-receiver drop is NOT correlated (k=2 SECONDARY signal not met) even above budget
[22m[39m{"timestamp":"2026-06-20T06:10:09.503Z","level":"INFO","source":"frontend","module":"webrtc/sframe-transform","message":"encrypted frame","context":{"kid":9,"ctr":0,"byteLength":62,"codecOffset":10}}

[90mstdout[2m | apps/validator-daemon/src/canary/__tests__/verify-loop.test.ts[2m > [22m[2mREQ-CFA-043 — per-receiver Map + persisted per-relay DropAccumulator across >=2 rounds[2m > [22m[2ma SINGLE-receiver drop is NOT correlated (k=2 SECONDARY signal not met) even above budget
[22m[39m{"timestamp":"2026-06-20T06:10:09.503Z","level":"INFO","source":"frontend","module":"webrtc/sframe-transform","message":"encrypted frame","context":{"kid":9,"ctr":1,"byteLength":62,"codecOffset":10}}

[90mstdout[2m | apps/validator-daemon/src/canary/__tests__/verify-loop.test.ts[2m > [22m[2mREQ-CFA-043 — per-receiver Map + persisted per-relay DropAccumulator across >=2 rounds[2m > [22m[2ma SINGLE-receiver drop is NOT correlated (k=2 SECONDARY signal not met) even above budget
[22m[39m{"timestamp":"2026-06-20T06:10:09.503Z","level":"INFO","source":"frontend","module":"webrtc/sframe-transform","message":"encrypted frame","context":{"kid":9,"ctr":2,"byteLength":62,"codecOffset":10}}

[90mstdout[2m | apps/validator-daemon/src/canary/__tests__/verify-loop.test.ts[2m > [22m[2mREQ-CFA-043 — per-receiver Map + persisted per-relay DropAccumulator across >=2 rounds[2m > [22m[2ma SINGLE-receiver drop is NOT correlated (k=2 SECONDARY signal not met) even above budget
[22m[39m{"timestamp":"2026-06-20T06:10:09.504Z","level":"INFO","source":"frontend","module":"webrtc/sframe-transform","message":"encrypted frame","context":{"kid":9,"ctr":3,"byteLength":62,"codecOffset":10}}

[90mstdout[2m | apps/validator-daemon/src/canary/__tests__/verify-loop.test.ts[2m > [22m[2mREQ-CFA-043 — per-receiver Map + persisted per-relay DropAccumulator across >=2 rounds[2m > [22m[2ma SINGLE-receiver drop is NOT correlated (k=2 SECONDARY signal not met) even above budget
[22m[39m{"timestamp":"2026-06-20T06:10:09.504Z","level":"INFO","source":"frontend","module":"webrtc/sframe-transform","message":"encrypted frame","context":{"kid":9,"ctr":4,"byteLength":62,"codecOffset":10}}

[90mstdout[2m | apps/validator-daemon/src/canary/__tests__/verify-loop.test.ts[2m > [22m[2mREQ-CFA-043 — per-receiver Map + persisted per-relay DropAccumulator across >=2 rounds[2m > [22m[2ma SINGLE-receiver drop is NOT correlated (k=2 SECONDARY signal not met) even above budget
[22m[39m{"timestamp":"2026-06-20T06:10:09.504Z","level":"INFO","source":"frontend","module":"webrtc/sframe-transform","message":"encrypted frame","context":{"kid":9,"ctr":5,"byteLength":62,"codecOffset":10}}

[90mstdout[2m | apps/validator-daemon/src/canary/__tests__/verify-loop.test.ts[2m > [22m[2mREQ-CFA-043 — per-receiver Map + persisted per-relay DropAccumulator across >=2 rounds[2m > [22m[2ma SINGLE-receiver drop is NOT correlated (k=2 SECONDARY signal not met) even above budget
[22m[39m{"timestamp":"2026-06-20T06:10:09.504Z","level":"INFO","source":"frontend","module":"webrtc/sframe-transform","message":"encrypted frame","context":{"kid":9,"ctr":6,"byteLength":62,"codecOffset":10}}

[90mstdout[2m | apps/validator-daemon/src/canary/__tests__/verify-loop.test.ts[2m > [22m[2mREQ-CFA-043 — per-receiver Map + persisted per-relay DropAccumulator across >=2 rounds[2m > [22m[2ma SINGLE-receiver drop is NOT correlated (k=2 SECONDARY signal not met) even above budget
[22m[39m{"timestamp":"2026-06-20T06:10:09.505Z","level":"INFO","source":"frontend","module":"webrtc/sframe-transform","message":"encrypted frame","context":{"kid":9,"ctr":7,"byteLength":62,"codecOffset":10}}

{"level":30,"time":1781935809505,"pid":31940,"hostname":"Quang","name":"canary/verifier","canaryKid":9,"mediaPackets":8,"byteIdentical":8,"divergences":0,"msg":"canary forwarding verified"}
{"level":30,"time":1781935809505,"pid":31940,"hostname":"Quang","name":"canary/loss-classifier","relayMinerId":"relay-under-audit","promoted":0,"absorbed":1,"tampers":0,"cumulativeCrossed":true,"msg":"canary divergences classified (drop gate / tamper p=1)"}
{"level":30,"time":1781935809505,"pid":31940,"hostname":"Quang","name":"canary/verify-loop","round":4,"relayMinerId":"relay-under-audit","roomId":"verify-loop-room","perReceiver":2,"promoted":0,"absorbed":1,"stunLossBps":"0","msg":"canary verify round classified (hermetic half — synthetic capture, STUN read live)"}
[90mstdout[2m | apps/validator-daemon/src/canary/__tests__/verify-loop.test.ts[2m > [22m[2mREQ-CFA-043 — per-receiver Map + persisted per-relay DropAccumulator across >=2 rounds[2m > [22m[2ma SINGLE-receiver drop is NOT correlated (k=2 SECONDARY signal not met) even above budget
[22m[39m{"timestamp":"2026-06-20T06:10:09.505Z","level":"INFO","source":"frontend","module":"webrtc/sframe-transform","message":"encrypted frame","context":{"kid":9,"ctr":0,"byteLength":62,"codecOffset":10}}

[90mstdout[2m | apps/validator-daemon/src/canary/__tests__/verify-loop.test.ts[2m > [22m[2mREQ-CFA-043 — per-receiver Map + persisted per-relay DropAccumulator across >=2 rounds[2m > [22m[2ma SINGLE-receiver drop is NOT correlated (k=2 SECONDARY signal not met) even above budget
[22m[39m{"timestamp":"2026-06-20T06:10:09.506Z","level":"INFO","source":"frontend","module":"webrtc/sframe-transform","message":"encrypted frame","context":{"kid":9,"ctr":1,"byteLength":62,"codecOffset":10}}

[90mstdout[2m | apps/validator-daemon/src/canary/__tests__/verify-loop.test.ts[2m > [22m[2mREQ-CFA-043 — per-receiver Map + persisted per-relay DropAccumulator across >=2 rounds[2m > [22m[2ma SINGLE-receiver drop is NOT correlated (k=2 SECONDARY signal not met) even above budget
[22m[39m{"timestamp":"2026-06-20T06:10:09.506Z","level":"INFO","source":"frontend","module":"webrtc/sframe-transform","message":"encrypted frame","context":{"kid":9,"ctr":2,"byteLength":62,"codecOffset":10}}

[90mstdout[2m | apps/validator-daemon/src/canary/__tests__/verify-loop.test.ts[2m > [22m[2mREQ-CFA-043 — per-receiver Map + persisted per-relay DropAccumulator across >=2 rounds[2m > [22m[2ma SINGLE-receiver drop is NOT correlated (k=2 SECONDARY signal not met) even above budget
[22m[39m{"timestamp":"2026-06-20T06:10:09.506Z","level":"INFO","source":"frontend","module":"webrtc/sframe-transform","message":"encrypted frame","context":{"kid":9,"ctr":3,"byteLength":62,"codecOffset":10}}

[90mstdout[2m | apps/validator-daemon/src/canary/__tests__/verify-loop.test.ts[2m > [22m[2mREQ-CFA-043 — per-receiver Map + persisted per-relay DropAccumulator across >=2 rounds[2m > [22m[2ma SINGLE-receiver drop is NOT correlated (k=2 SECONDARY signal not met) even above budget
[22m[39m{"timestamp":"2026-06-20T06:10:09.507Z","level":"INFO","source":"frontend","module":"webrtc/sframe-transform","message":"encrypted frame","context":{"kid":9,"ctr":4,"byteLength":62,"codecOffset":10}}

[90mstdout[2m | apps/validator-daemon/src/canary/__tests__/verify-loop.test.ts[2m > [22m[2mREQ-CFA-043 — per-receiver Map + persisted per-relay DropAccumulator across >=2 rounds[2m > [22m[2ma SINGLE-receiver drop is NOT correlated (k=2 SECONDARY signal not met) even above budget
[22m[39m{"timestamp":"2026-06-20T06:10:09.507Z","level":"INFO","source":"frontend","module":"webrtc/sframe-transform","message":"encrypted frame","context":{"kid":9,"ctr":6,"byteLength":62,"codecOffset":10}}

[90mstdout[2m | apps/validator-daemon/src/canary/__tests__/verify-loop.test.ts[2m > [22m[2mREQ-CFA-043 — per-receiver Map + persisted per-relay DropAccumulator across >=2 rounds[2m > [22m[2ma SINGLE-receiver drop is NOT correlated (k=2 SECONDARY signal not met) even above budget
[22m[39m{"timestamp":"2026-06-20T06:10:09.508Z","level":"INFO","source":"frontend","module":"webrtc/sframe-transform","message":"encrypted frame","context":{"kid":9,"ctr":7,"byteLength":62,"codecOffset":10}}

[90mstdout[2m | apps/validator-daemon/src/canary/__tests__/verify-loop.test.ts[2m > [22m[2mREQ-CFA-043 — per-receiver Map + persisted per-relay DropAccumulator across >=2 rounds[2m > [22m[2ma SINGLE-receiver drop is NOT correlated (k=2 SECONDARY signal not met) even above budget
[22m[39m{"timestamp":"2026-06-20T06:10:09.508Z","level":"INFO","source":"frontend","module":"webrtc/sframe-transform","message":"encrypted frame","context":{"kid":9,"ctr":0,"byteLength":62,"codecOffset":10}}

[90mstdout[2m | apps/validator-daemon/src/canary/__tests__/verify-loop.test.ts[2m > [22m[2mREQ-CFA-043 — per-receiver Map + persisted per-relay DropAccumulator across >=2 rounds[2m > [22m[2ma SINGLE-receiver drop is NOT correlated (k=2 SECONDARY signal not met) even above budget
[22m[39m{"timestamp":"2026-06-20T06:10:09.508Z","level":"INFO","source":"frontend","module":"webrtc/sframe-transform","message":"encrypted frame","context":{"kid":9,"ctr":1,"byteLength":62,"codecOffset":10}}

[90mstdout[2m | apps/validator-daemon/src/canary/__tests__/verify-loop.test.ts[2m > [22m[2mREQ-CFA-043 — per-receiver Map + persisted per-relay DropAccumulator across >=2 rounds[2m > [22m[2ma SINGLE-receiver drop is NOT correlated (k=2 SECONDARY signal not met) even above budget
[22m[39m{"timestamp":"2026-06-20T06:10:09.508Z","level":"INFO","source":"frontend","module":"webrtc/sframe-transform","message":"encrypted frame","context":{"kid":9,"ctr":2,"byteLength":62,"codecOffset":10}}

[90mstdout[2m | apps/validator-daemon/src/canary/__tests__/verify-loop.test.ts[2m > [22m[2mREQ-CFA-043 — per-receiver Map + persisted per-relay DropAccumulator across >=2 rounds[2m > [22m[2ma SINGLE-receiver drop is NOT correlated (k=2 SECONDARY signal not met) even above budget
[22m[39m{"timestamp":"2026-06-20T06:10:09.509Z","level":"INFO","source":"frontend","module":"webrtc/sframe-transform","message":"encrypted frame","context":{"kid":9,"ctr":3,"byteLength":62,"codecOffset":10}}

[90mstdout[2m | apps/validator-daemon/src/canary/__tests__/verify-loop.test.ts[2m > [22m[2mREQ-CFA-043 — per-receiver Map + persisted per-relay DropAccumulator across >=2 rounds[2m > [22m[2ma SINGLE-receiver drop is NOT correlated (k=2 SECONDARY signal not met) even above budget
[22m[39m{"timestamp":"2026-06-20T06:10:09.509Z","level":"INFO","source":"frontend","module":"webrtc/sframe-transform","message":"encrypted frame","context":{"kid":9,"ctr":4,"byteLength":62,"codecOffset":10}}

[90mstdout[2m | apps/validator-daemon/src/canary/__tests__/verify-loop.test.ts[2m > [22m[2mREQ-CFA-043 — per-receiver Map + persisted per-relay DropAccumulator across >=2 rounds[2m > [22m[2ma SINGLE-receiver drop is NOT correlated (k=2 SECONDARY signal not met) even above budget
[22m[39m{"timestamp":"2026-06-20T06:10:09.509Z","level":"INFO","source":"frontend","module":"webrtc/sframe-transform","message":"encrypted frame","context":{"kid":9,"ctr":5,"byteLength":62,"codecOffset":10}}

[90mstdout[2m | apps/validator-daemon/src/canary/__tests__/verify-loop.test.ts[2m > [22m[2mREQ-CFA-043 — per-receiver Map + persisted per-relay DropAccumulator across >=2 rounds[2m > [22m[2ma SINGLE-receiver drop is NOT correlated (k=2 SECONDARY signal not met) even above budget
[22m[39m{"timestamp":"2026-06-20T06:10:09.510Z","level":"INFO","source":"frontend","module":"webrtc/sframe-transform","message":"encrypted frame","context":{"kid":9,"ctr":6,"byteLength":62,"codecOffset":10}}

[90mstdout[2m | apps/validator-daemon/src/canary/__tests__/verify-loop.test.ts[2m > [22m[2mREQ-CFA-043 — per-receiver Map + persisted per-relay DropAccumulator across >=2 rounds[2m > [22m[2ma SINGLE-receiver drop is NOT correlated (k=2 SECONDARY signal not met) even above budget
[22m[39m{"timestamp":"2026-06-20T06:10:09.510Z","level":"INFO","source":"frontend","module":"webrtc/sframe-transform","message":"encrypted frame","context":{"kid":9,"ctr":7,"byteLength":62,"codecOffset":10}}

[90mstdout[2m | apps/validator-daemon/src/canary/__tests__/verify-loop.test.ts[2m > [22m[2mREQ-CFA-043 — per-receiver Map + persisted per-relay DropAccumulator across >=2 rounds[2m > [22m[2ma SINGLE-receiver drop is NOT correlated (k=2 SECONDARY signal not met) even above budget
[22m[39m{"timestamp":"2026-06-20T06:10:09.510Z","level":"INFO","source":"frontend","module":"webrtc/sframe-transform","message":"encrypted frame","context":{"kid":9,"ctr":0,"byteLength":62,"codecOffset":10}}

[90mstdout[2m | apps/validator-daemon/src/canary/__tests__/verify-loop.test.ts[2m > [22m[2mREQ-CFA-043 — per-receiver Map + persisted per-relay DropAccumulator across >=2 rounds[2m > [22m[2ma SINGLE-receiver drop is NOT correlated (k=2 SECONDARY signal not met) even above budget
[22m[39m{"timestamp":"2026-06-20T06:10:09.511Z","level":"INFO","source":"frontend","module":"webrtc/sframe-transform","message":"encrypted frame","context":{"kid":9,"ctr":1,"byteLength":62,"codecOffset":10}}

[90mstdout[2m | apps/validator-daemon/src/canary/__tests__/verify-loop.test.ts[2m > [22m[2mREQ-CFA-043 — per-receiver Map + persisted per-relay DropAccumulator across >=2 rounds[2m > [22m[2ma SINGLE-receiver drop is NOT correlated (k=2 SECONDARY signal not met) even above budget
[22m[39m{"timestamp":"2026-06-20T06:10:09.511Z","level":"INFO","source":"frontend","module":"webrtc/sframe-transform","message":"encrypted frame","context":{"kid":9,"ctr":2,"byteLength":62,"codecOffset":10}}

[90mstdout[2m | apps/validator-daemon/src/canary/__tests__/verify-loop.test.ts[2m > [22m[2mREQ-CFA-043 — per-receiver Map + persisted per-relay DropAccumulator across >=2 rounds[2m > [22m[2ma SINGLE-receiver drop is NOT correlated (k=2 SECONDARY signal not met) even above budget
[22m[39m{"timestamp":"2026-06-20T06:10:09.511Z","level":"INFO","source":"frontend","module":"webrtc/sframe-transform","message":"encrypted frame","context":{"kid":9,"ctr":3,"byteLength":62,"codecOffset":10}}

[90mstdout[2m | apps/validator-daemon/src/canary/__tests__/verify-loop.test.ts[2m > [22m[2mREQ-CFA-043 — per-receiver Map + persisted per-relay DropAccumulator across >=2 rounds[2m > [22m[2ma SINGLE-receiver drop is NOT correlated (k=2 SECONDARY signal not met) even above budget
[22m[39m{"timestamp":"2026-06-20T06:10:09.511Z","level":"INFO","source":"frontend","module":"webrtc/sframe-transform","message":"encrypted frame","context":{"kid":9,"ctr":4,"byteLength":62,"codecOffset":10}}

[90mstdout[2m | apps/validator-daemon/src/canary/__tests__/verify-loop.test.ts[2m > [22m[2mREQ-CFA-043 — per-receiver Map + persisted per-relay DropAccumulator across >=2 rounds[2m > [22m[2ma SINGLE-receiver drop is NOT correlated (k=2 SECONDARY signal not met) even above budget
[22m[39m{"timestamp":"2026-06-20T06:10:09.512Z","level":"INFO","source":"frontend","module":"webrtc/sframe-transform","message":"encrypted frame","context":{"kid":9,"ctr":5,"byteLength":62,"codecOffset":10}}

[90mstdout[2m | apps/validator-daemon/src/canary/__tests__/verify-loop.test.ts[2m > [22m[2mREQ-CFA-043 — per-receiver Map + persisted per-relay DropAccumulator across >=2 rounds[2m > [22m[2ma SINGLE-receiver drop is NOT correlated (k=2 SECONDARY signal not met) even above budget
[22m[39m{"timestamp":"2026-06-20T06:10:09.512Z","level":"INFO","source":"frontend","module":"webrtc/sframe-transform","message":"encrypted frame","context":{"kid":9,"ctr":6,"byteLength":62,"codecOffset":10}}

[90mstdout[2m | apps/validator-daemon/src/canary/__tests__/verify-loop.test.ts[2m > [22m[2mREQ-CFA-043 — per-receiver Map + persisted per-relay DropAccumulator across >=2 rounds[2m > [22m[2ma SINGLE-receiver drop is NOT correlated (k=2 SECONDARY signal not met) even above budget
[22m[39m{"timestamp":"2026-06-20T06:10:09.512Z","level":"INFO","source":"frontend","module":"webrtc/sframe-transform","message":"encrypted frame","context":{"kid":9,"ctr":7,"byteLength":62,"codecOffset":10}}

{"level":30,"time":1781935809513,"pid":31940,"hostname":"Quang","name":"canary/verifier","canaryKid":9,"mediaPackets":7,"byteIdentical":7,"divergences":1,"msg":"canary forwarding verified"}
[90mstdout[2m | apps/validator-daemon/src/canary/__tests__/verify-loop.test.ts[2m > [22m[2mREQ-CFA-043 — per-receiver Map + persisted per-relay DropAccumulator across >=2 rounds[2m > [22m[2ma SINGLE-receiver drop is NOT correlated (k=2 SECONDARY signal not met) even above budget
[22m[39m{"timestamp":"2026-06-20T06:10:09.513Z","level":"INFO","source":"frontend","module":"webrtc/sframe-transform","message":"encrypted frame","context":{"kid":9,"ctr":0,"byteLength":62,"codecOffset":10}}

[90mstdout[2m | apps/validator-daemon/src/canary/__tests__/verify-loop.test.ts[2m > [22m[2mREQ-CFA-043 — per-receiver Map + persisted per-relay DropAccumulator across >=2 rounds[2m > [22m[2ma SINGLE-receiver drop is NOT correlated (k=2 SECONDARY signal not met) even above budget
[22m[39m{"timestamp":"2026-06-20T06:10:09.513Z","level":"INFO","source":"frontend","module":"webrtc/sframe-transform","message":"encrypted frame","context":{"kid":9,"ctr":1,"byteLength":62,"codecOffset":10}}

[90mstdout[2m | apps/validator-daemon/src/canary/__tests__/verify-loop.test.ts[2m > [22m[2mREQ-CFA-043 — per-receiver Map + persisted per-relay DropAccumulator across >=2 rounds[2m > [22m[2ma SINGLE-receiver drop is NOT correlated (k=2 SECONDARY signal not met) even above budget
[22m[39m{"timestamp":"2026-06-20T06:10:09.513Z","level":"INFO","source":"frontend","module":"webrtc/sframe-transform","message":"encrypted frame","context":{"kid":9,"ctr":2,"byteLength":62,"codecOffset":10}}

[90mstdout[2m | apps/validator-daemon/src/canary/__tests__/verify-loop.test.ts[2m > [22m[2mREQ-CFA-043 — per-receiver Map + persisted per-relay DropAccumulator across >=2 rounds[2m > [22m[2ma SINGLE-receiver drop is NOT correlated (k=2 SECONDARY signal not met) even above budget
[22m[39m{"timestamp":"2026-06-20T06:10:09.514Z","level":"INFO","source":"frontend","module":"webrtc/sframe-transform","message":"encrypted frame","context":{"kid":9,"ctr":3,"byteLength":62,"codecOffset":10}}

[90mstdout[2m | apps/validator-daemon/src/canary/__tests__/verify-loop.test.ts[2m > [22m[2mREQ-CFA-043 — per-receiver Map + persisted per-relay DropAccumulator across >=2 rounds[2m > [22m[2ma SINGLE-receiver drop is NOT correlated (k=2 SECONDARY signal not met) even above budget
[22m[39m{"timestamp":"2026-06-20T06:10:09.514Z","level":"INFO","source":"frontend","module":"webrtc/sframe-transform","message":"encrypted frame","context":{"kid":9,"ctr":4,"byteLength":62,"codecOffset":10}}

[90mstdout[2m | apps/validator-daemon/src/canary/__tests__/verify-loop.test.ts[2m > [22m[2mREQ-CFA-043 — per-receiver Map + persisted per-relay DropAccumulator across >=2 rounds[2m > [22m[2ma SINGLE-receiver drop is NOT correlated (k=2 SECONDARY signal not met) even above budget
[22m[39m{"timestamp":"2026-06-20T06:10:09.514Z","level":"INFO","source":"frontend","module":"webrtc/sframe-transform","message":"encrypted frame","context":{"kid":9,"ctr":5,"byteLength":62,"codecOffset":10}}

[90mstdout[2m | apps/validator-daemon/src/canary/__tests__/verify-loop.test.ts[2m > [22m[2mREQ-CFA-043 — per-receiver Map + persisted per-relay DropAccumulator across >=2 rounds[2m > [22m[2ma SINGLE-receiver drop is NOT correlated (k=2 SECONDARY signal not met) even above budget
[22m[39m{"timestamp":"2026-06-20T06:10:09.515Z","level":"INFO","source":"frontend","module":"webrtc/sframe-transform","message":"encrypted frame","context":{"kid":9,"ctr":6,"byteLength":62,"codecOffset":10}}

[90mstdout[2m | apps/validator-daemon/src/canary/__tests__/verify-loop.test.ts[2m > [22m[2mREQ-CFA-043 — per-receiver Map + persisted per-relay DropAccumulator across >=2 rounds[2m > [22m[2ma SINGLE-receiver drop is NOT correlated (k=2 SECONDARY signal not met) even above budget
[22m[39m{"timestamp":"2026-06-20T06:10:09.515Z","level":"INFO","source":"frontend","module":"webrtc/sframe-transform","message":"encrypted frame","context":{"kid":9,"ctr":7,"byteLength":62,"codecOffset":10}}

{"level":30,"time":1781935809515,"pid":31940,"hostname":"Quang","name":"canary/verifier","canaryKid":9,"mediaPackets":8,"byteIdentical":8,"divergences":0,"msg":"canary forwarding verified"}
{"level":30,"time":1781935809515,"pid":31940,"hostname":"Quang","name":"canary/loss-classifier","relayMinerId":"relay-under-audit","promoted":0,"absorbed":1,"tampers":0,"cumulativeCrossed":true,"msg":"canary divergences classified (drop gate / tamper p=1)"}
{"level":30,"time":1781935809515,"pid":31940,"hostname":"Quang","name":"canary/verify-loop","round":5,"relayMinerId":"relay-under-audit","roomId":"verify-loop-room","perReceiver":2,"promoted":0,"absorbed":1,"stunLossBps":"0","msg":"canary verify round classified (hermetic half — synthetic capture, STUN read live)"}
[90mstdout[2m | apps/validator-daemon/src/canary/__tests__/verify-loop.test.ts[2m > [22m[2mREQ-CFA-043 — per-receiver Map + persisted per-relay DropAccumulator across >=2 rounds[2m > [22m[2ma SINGLE-receiver drop is NOT correlated (k=2 SECONDARY signal not met) even above budget
[22m[39m{"timestamp":"2026-06-20T06:10:09.516Z","level":"INFO","source":"frontend","module":"webrtc/sframe-transform","message":"encrypted frame","context":{"kid":9,"ctr":0,"byteLength":62,"codecOffset":10}}

[90mstdout[2m | apps/validator-daemon/src/canary/__tests__/verify-loop.test.ts[2m > [22m[2mREQ-CFA-043 — per-receiver Map + persisted per-relay DropAccumulator across >=2 rounds[2m > [22m[2ma SINGLE-receiver drop is NOT correlated (k=2 SECONDARY signal not met) even above budget
[22m[39m{"timestamp":"2026-06-20T06:10:09.516Z","level":"INFO","source":"frontend","module":"webrtc/sframe-transform","message":"encrypted frame","context":{"kid":9,"ctr":1,"byteLength":62,"codecOffset":10}}

[90mstdout[2m | apps/validator-daemon/src/canary/__tests__/verify-loop.test.ts[2m > [22m[2mREQ-CFA-043 — per-receiver Map + persisted per-relay DropAccumulator across >=2 rounds[2m > [22m[2ma SINGLE-receiver drop is NOT correlated (k=2 SECONDARY signal not met) even above budget
[22m[39m{"timestamp":"2026-06-20T06:10:09.516Z","level":"INFO","source":"frontend","module":"webrtc/sframe-transform","message":"encrypted frame","context":{"kid":9,"ctr":2,"byteLength":62,"codecOffset":10}}

[90mstdout[2m | apps/validator-daemon/src/canary/__tests__/verify-loop.test.ts[2m > [22m[2mREQ-CFA-043 — per-receiver Map + persisted per-relay DropAccumulator across >=2 rounds[2m > [22m[2ma SINGLE-receiver drop is NOT correlated (k=2 SECONDARY signal not met) even above budget
[22m[39m{"timestamp":"2026-06-20T06:10:09.517Z","level":"INFO","source":"frontend","module":"webrtc/sframe-transform","message":"encrypted frame","context":{"kid":9,"ctr":3,"byteLength":62,"codecOffset":10}}

[90mstdout[2m | apps/validator-daemon/src/canary/__tests__/verify-loop.test.ts[2m > [22m[2mREQ-CFA-043 — per-receiver Map + persisted per-relay DropAccumulator across >=2 rounds[2m > [22m[2ma SINGLE-receiver drop is NOT correlated (k=2 SECONDARY signal not met) even above budget
[22m[39m{"timestamp":"2026-06-20T06:10:09.517Z","level":"INFO","source":"frontend","module":"webrtc/sframe-transform","message":"encrypted frame","context":{"kid":9,"ctr":4,"byteLength":62,"codecOffset":10}}

[90mstdout[2m | apps/validator-daemon/src/canary/__tests__/verify-loop.test.ts[2m > [22m[2mREQ-CFA-043 — per-receiver Map + persisted per-relay DropAccumulator across >=2 rounds[2m > [22m[2ma SINGLE-receiver drop is NOT correlated (k=2 SECONDARY signal not met) even above budget
[22m[39m{"timestamp":"2026-06-20T06:10:09.517Z","level":"INFO","source":"frontend","module":"webrtc/sframe-transform","message":"encrypted frame","context":{"kid":9,"ctr":6,"byteLength":62,"codecOffset":10}}

[90mstdout[2m | apps/validator-daemon/src/canary/__tests__/verify-loop.test.ts[2m > [22m[2mREQ-CFA-043 — per-receiver Map + persisted per-relay DropAccumulator across >=2 rounds[2m > [22m[2ma SINGLE-receiver drop is NOT correlated (k=2 SECONDARY signal not met) even above budget
[22m[39m{"timestamp":"2026-06-20T06:10:09.518Z","level":"INFO","source":"frontend","module":"webrtc/sframe-transform","message":"encrypted frame","context":{"kid":9,"ctr":7,"byteLength":62,"codecOffset":10}}

[90mstdout[2m | apps/validator-daemon/src/canary/__tests__/verify-loop.test.ts[2m > [22m[2mREQ-CFA-043 — per-receiver Map + persisted per-relay DropAccumulator across >=2 rounds[2m > [22m[2ma SINGLE-receiver drop is NOT correlated (k=2 SECONDARY signal not met) even above budget
[22m[39m{"timestamp":"2026-06-20T06:10:09.518Z","level":"INFO","source":"frontend","module":"webrtc/sframe-transform","message":"encrypted frame","context":{"kid":9,"ctr":0,"byteLength":62,"codecOffset":10}}

[90mstdout[2m | apps/validator-daemon/src/canary/__tests__/verify-loop.test.ts[2m > [22m[2mREQ-CFA-043 — per-receiver Map + persisted per-relay DropAccumulator across >=2 rounds[2m > [22m[2ma SINGLE-receiver drop is NOT correlated (k=2 SECONDARY signal not met) even above budget
[22m[39m{"timestamp":"2026-06-20T06:10:09.518Z","level":"INFO","source":"frontend","module":"webrtc/sframe-transform","message":"encrypted frame","context":{"kid":9,"ctr":1,"byteLength":62,"codecOffset":10}}

[90mstdout[2m | apps/validator-daemon/src/canary/__tests__/verify-loop.test.ts[2m > [22m[2mREQ-CFA-043 — per-receiver Map + persisted per-relay DropAccumulator across >=2 rounds[2m > [22m[2ma SINGLE-receiver drop is NOT correlated (k=2 SECONDARY signal not met) even above budget
[22m[39m{"timestamp":"2026-06-20T06:10:09.518Z","level":"INFO","source":"frontend","module":"webrtc/sframe-transform","message":"encrypted frame","context":{"kid":9,"ctr":2,"byteLength":62,"codecOffset":10}}

[90mstdout[2m | apps/validator-daemon/src/canary/__tests__/verify-loop.test.ts[2m > [22m[2mREQ-CFA-043 — per-receiver Map + persisted per-relay DropAccumulator across >=2 rounds[2m > [22m[2ma SINGLE-receiver drop is NOT correlated (k=2 SECONDARY signal not met) even above budget
[22m[39m{"timestamp":"2026-06-20T06:10:09.519Z","level":"INFO","source":"frontend","module":"webrtc/sframe-transform","message":"encrypted frame","context":{"kid":9,"ctr":3,"byteLength":62,"codecOffset":10}}

[90mstdout[2m | apps/validator-daemon/src/canary/__tests__/verify-loop.test.ts[2m > [22m[2mREQ-CFA-043 — per-receiver Map + persisted per-relay DropAccumulator across >=2 rounds[2m > [22m[2ma SINGLE-receiver drop is NOT correlated (k=2 SECONDARY signal not met) even above budget
[22m[39m{"timestamp":"2026-06-20T06:10:09.519Z","level":"INFO","source":"frontend","module":"webrtc/sframe-transform","message":"encrypted frame","context":{"kid":9,"ctr":4,"byteLength":62,"codecOffset":10}}

[90mstdout[2m | apps/validator-daemon/src/canary/__tests__/verify-loop.test.ts[2m > [22m[2mREQ-CFA-043 — per-receiver Map + persisted per-relay DropAccumulator across >=2 rounds[2m > [22m[2ma SINGLE-receiver drop is NOT correlated (k=2 SECONDARY signal not met) even above budget
[22m[39m{"timestamp":"2026-06-20T06:10:09.519Z","level":"INFO","source":"frontend","module":"webrtc/sframe-transform","message":"encrypted frame","context":{"kid":9,"ctr":5,"byteLength":62,"codecOffset":10}}

[90mstdout[2m | apps/validator-daemon/src/canary/__tests__/verify-loop.test.ts[2m > [22m[2mREQ-CFA-043 — per-receiver Map + persisted per-relay DropAccumulator across >=2 rounds[2m > [22m[2ma SINGLE-receiver drop is NOT correlated (k=2 SECONDARY signal not met) even above budget
[22m[39m{"timestamp":"2026-06-20T06:10:09.520Z","level":"INFO","source":"frontend","module":"webrtc/sframe-transform","message":"encrypted frame","context":{"kid":9,"ctr":6,"byteLength":62,"codecOffset":10}}

[90mstdout[2m | apps/validator-daemon/src/canary/__tests__/verify-loop.test.ts[2m > [22m[2mREQ-CFA-043 — per-receiver Map + persisted per-relay DropAccumulator across >=2 rounds[2m > [22m[2ma SINGLE-receiver drop is NOT correlated (k=2 SECONDARY signal not met) even above budget
[22m[39m{"timestamp":"2026-06-20T06:10:09.520Z","level":"INFO","source":"frontend","module":"webrtc/sframe-transform","message":"encrypted frame","context":{"kid":9,"ctr":7,"byteLength":62,"codecOffset":10}}

[90mstdout[2m | apps/validator-daemon/src/canary/__tests__/verify-loop.test.ts[2m > [22m[2mREQ-CFA-043 — per-receiver Map + persisted per-relay DropAccumulator across >=2 rounds[2m > [22m[2ma SINGLE-receiver drop is NOT correlated (k=2 SECONDARY signal not met) even above budget
[22m[39m{"timestamp":"2026-06-20T06:10:09.520Z","level":"INFO","source":"frontend","module":"webrtc/sframe-transform","message":"encrypted frame","context":{"kid":9,"ctr":0,"byteLength":62,"codecOffset":10}}

[90mstdout[2m | apps/validator-daemon/src/canary/__tests__/verify-loop.test.ts[2m > [22m[2mREQ-CFA-043 — per-receiver Map + persisted per-relay DropAccumulator across >=2 rounds[2m > [22m[2ma SINGLE-receiver drop is NOT correlated (k=2 SECONDARY signal not met) even above budget
[22m[39m{"timestamp":"2026-06-20T06:10:09.521Z","level":"INFO","source":"frontend","module":"webrtc/sframe-transform","message":"encrypted frame","context":{"kid":9,"ctr":1,"byteLength":62,"codecOffset":10}}

[90mstdout[2m | apps/validator-daemon/src/canary/__tests__/verify-loop.test.ts[2m > [22m[2mREQ-CFA-043 — per-receiver Map + persisted per-relay DropAccumulator across >=2 rounds[2m > [22m[2ma SINGLE-receiver drop is NOT correlated (k=2 SECONDARY signal not met) even above budget
[22m[39m{"timestamp":"2026-06-20T06:10:09.521Z","level":"INFO","source":"frontend","module":"webrtc/sframe-transform","message":"encrypted frame","context":{"kid":9,"ctr":2,"byteLength":62,"codecOffset":10}}

[90mstdout[2m | apps/validator-daemon/src/canary/__tests__/verify-loop.test.ts[2m > [22m[2mREQ-CFA-043 — per-receiver Map + persisted per-relay DropAccumulator across >=2 rounds[2m > [22m[2ma SINGLE-receiver drop is NOT correlated (k=2 SECONDARY signal not met) even above budget
[22m[39m{"timestamp":"2026-06-20T06:10:09.521Z","level":"INFO","source":"frontend","module":"webrtc/sframe-transform","message":"encrypted frame","context":{"kid":9,"ctr":3,"byteLength":62,"codecOffset":10}}

[90mstdout[2m | apps/validator-daemon/src/canary/__tests__/verify-loop.test.ts[2m > [22m[2mREQ-CFA-043 — per-receiver Map + persisted per-relay DropAccumulator across >=2 rounds[2m > [22m[2ma SINGLE-receiver drop is NOT correlated (k=2 SECONDARY signal not met) even above budget
[22m[39m{"timestamp":"2026-06-20T06:10:09.522Z","level":"INFO","source":"frontend","module":"webrtc/sframe-transform","message":"encrypted frame","context":{"kid":9,"ctr":4,"byteLength":62,"codecOffset":10}}

[90mstdout[2m | apps/validator-daemon/src/canary/__tests__/verify-loop.test.ts[2m > [22m[2mREQ-CFA-043 — per-receiver Map + persisted per-relay DropAccumulator across >=2 rounds[2m > [22m[2ma SINGLE-receiver drop is NOT correlated (k=2 SECONDARY signal not met) even above budget
[22m[39m{"timestamp":"2026-06-20T06:10:09.522Z","level":"INFO","source":"frontend","module":"webrtc/sframe-transform","message":"encrypted frame","context":{"kid":9,"ctr":5,"byteLength":62,"codecOffset":10}}

[90mstdout[2m | apps/validator-daemon/src/canary/__tests__/verify-loop.test.ts[2m > [22m[2mREQ-CFA-043 — per-receiver Map + persisted per-relay DropAccumulator across >=2 rounds[2m > [22m[2ma SINGLE-receiver drop is NOT correlated (k=2 SECONDARY signal not met) even above budget
[22m[39m{"timestamp":"2026-06-20T06:10:09.522Z","level":"INFO","source":"frontend","module":"webrtc/sframe-transform","message":"encrypted frame","context":{"kid":9,"ctr":6,"byteLength":62,"codecOffset":10}}

[90mstdout[2m | apps/validator-daemon/src/canary/__tests__/verify-loop.test.ts[2m > [22m[2mREQ-CFA-043 — per-receiver Map + persisted per-relay DropAccumulator across >=2 rounds[2m > [22m[2ma SINGLE-receiver drop is NOT correlated (k=2 SECONDARY signal not met) even above budget
[22m[39m{"timestamp":"2026-06-20T06:10:09.523Z","level":"INFO","source":"frontend","module":"webrtc/sframe-transform","message":"encrypted frame","context":{"kid":9,"ctr":7,"byteLength":62,"codecOffset":10}}

{"level":30,"time":1781935809523,"pid":31940,"hostname":"Quang","name":"canary/verifier","canaryKid":9,"mediaPackets":7,"byteIdentical":7,"divergences":1,"msg":"canary forwarding verified"}
[90mstdout[2m | apps/validator-daemon/src/canary/__tests__/verify-loop.test.ts[2m > [22m[2mREQ-CFA-043 — per-receiver Map + persisted per-relay DropAccumulator across >=2 rounds[2m > [22m[2ma SINGLE-receiver drop is NOT correlated (k=2 SECONDARY signal not met) even above budget
[22m[39m{"timestamp":"2026-06-20T06:10:09.523Z","level":"INFO","source":"frontend","module":"webrtc/sframe-transform","message":"encrypted frame","context":{"kid":9,"ctr":0,"byteLength":62,"codecOffset":10}}

[90mstdout[2m | apps/validator-daemon/src/canary/__tests__/verify-loop.test.ts[2m > [22m[2mREQ-CFA-043 — per-receiver Map + persisted per-relay DropAccumulator across >=2 rounds[2m > [22m[2ma SINGLE-receiver drop is NOT correlated (k=2 SECONDARY signal not met) even above budget
[22m[39m{"timestamp":"2026-06-20T06:10:09.524Z","level":"INFO","source":"frontend","module":"webrtc/sframe-transform","message":"encrypted frame","context":{"kid":9,"ctr":1,"byteLength":62,"codecOffset":10}}

[90mstdout[2m | apps/validator-daemon/src/canary/__tests__/verify-loop.test.ts[2m > [22m[2mREQ-CFA-043 — per-receiver Map + persisted per-relay DropAccumulator across >=2 rounds[2m > [22m[2ma SINGLE-receiver drop is NOT correlated (k=2 SECONDARY signal not met) even above budget
[22m[39m{"timestamp":"2026-06-20T06:10:09.524Z","level":"INFO","source":"frontend","module":"webrtc/sframe-transform","message":"encrypted frame","context":{"kid":9,"ctr":2,"byteLength":62,"codecOffset":10}}

[90mstdout[2m | apps/validator-daemon/src/canary/__tests__/verify-loop.test.ts[2m > [22m[2mREQ-CFA-043 — per-receiver Map + persisted per-relay DropAccumulator across >=2 rounds[2m > [22m[2ma SINGLE-receiver drop is NOT correlated (k=2 SECONDARY signal not met) even above budget
[22m[39m{"timestamp":"2026-06-20T06:10:09.524Z","level":"INFO","source":"frontend","module":"webrtc/sframe-transform","message":"encrypted frame","context":{"kid":9,"ctr":3,"byteLength":62,"codecOffset":10}}

[90mstdout[2m | apps/validator-daemon/src/canary/__tests__/verify-loop.test.ts[2m > [22m[2mREQ-CFA-043 — per-receiver Map + persisted per-relay DropAccumulator across >=2 rounds[2m > [22m[2ma SINGLE-receiver drop is NOT correlated (k=2 SECONDARY signal not met) even above budget
[22m[39m{"timestamp":"2026-06-20T06:10:09.525Z","level":"INFO","source":"frontend","module":"webrtc/sframe-transform","message":"encrypted frame","context":{"kid":9,"ctr":4,"byteLength":62,"codecOffset":10}}

[90mstdout[2m | apps/validator-daemon/src/canary/__tests__/verify-loop.test.ts[2m > [22m[2mREQ-CFA-043 — per-receiver Map + persisted per-relay DropAccumulator across >=2 rounds[2m > [22m[2ma SINGLE-receiver drop is NOT correlated (k=2 SECONDARY signal not met) even above budget
[22m[39m{"timestamp":"2026-06-20T06:10:09.525Z","level":"INFO","source":"frontend","module":"webrtc/sframe-transform","message":"encrypted frame","context":{"kid":9,"ctr":5,"byteLength":62,"codecOffset":10}}

[90mstdout[2m | apps/validator-daemon/src/canary/__tests__/verify-loop.test.ts[2m > [22m[2mREQ-CFA-043 — per-receiver Map + persisted per-relay DropAccumulator across >=2 rounds[2m > [22m[2ma SINGLE-receiver drop is NOT correlated (k=2 SECONDARY signal not met) even above budget
[22m[39m{"timestamp":"2026-06-20T06:10:09.526Z","level":"INFO","source":"frontend","module":"webrtc/sframe-transform","message":"encrypted frame","context":{"kid":9,"ctr":6,"byteLength":62,"codecOffset":10}}

[90mstdout[2m | apps/validator-daemon/src/canary/__tests__/verify-loop.test.ts[2m > [22m[2mREQ-CFA-043 — per-receiver Map + persisted per-relay DropAccumulator across >=2 rounds[2m > [22m[2ma SINGLE-receiver drop is NOT correlated (k=2 SECONDARY signal not met) even above budget
[22m[39m{"timestamp":"2026-06-20T06:10:09.526Z","level":"INFO","source":"frontend","module":"webrtc/sframe-transform","message":"encrypted frame","context":{"kid":9,"ctr":7,"byteLength":62,"codecOffset":10}}

{"level":30,"time":1781935809526,"pid":31940,"hostname":"Quang","name":"canary/verifier","canaryKid":9,"mediaPackets":8,"byteIdentical":8,"divergences":0,"msg":"canary forwarding verified"}
{"level":30,"time":1781935809526,"pid":31940,"hostname":"Quang","name":"canary/loss-classifier","relayMinerId":"relay-under-audit","promoted":0,"absorbed":1,"tampers":0,"cumulativeCrossed":true,"msg":"canary divergences classified (drop gate / tamper p=1)"}
{"level":30,"time":1781935809526,"pid":31940,"hostname":"Quang","name":"canary/verify-loop","round":6,"relayMinerId":"relay-under-audit","roomId":"verify-loop-room","perReceiver":2,"promoted":0,"absorbed":1,"stunLossBps":"0","msg":"canary verify round classified (hermetic half — synthetic capture, STUN read live)"}
{"level":30,"time":1781935809527,"pid":31940,"hostname":"Quang","name":"canary/verify-loop","intervalMs":1000000,"msg":"canary verify loop started (hermetic half)"}
{"level":50,"time":1781935809527,"pid":31940,"hostname":"Quang","name":"canary/verify-loop","err":{"type":"Error","message":"synthetic capture failure (first round)","stack":"Error: synthetic capture failure (first round)\n    at Object.capture (C:\\Thesis\\dvconf\\dvconf-daemons\\apps\\validator-daemon\\src\\canary\\__tests__\\verify-loop.test.ts:295:32)\n    at runCanaryVerifyRound (C:\\Thesis\\dvconf\\dvconf-daemons\\apps\\validator-daemon\\src\\canary\\verify-loop.ts:189:28)\n    at runOnce (C:\\Thesis\\dvconf\\dvconf-daemons\\apps\\validator-daemon\\src\\canary\\verify-loop.ts:292:25)\n    at tick (C:\\Thesis\\dvconf\\dvconf-daemons\\apps\\validator-daemon\\src\\canary\\verify-loop.ts:308:16)\n    at startCanaryVerifyLoop (C:\\Thesis\\dvconf\\dvconf-daemons\\apps\\validator-daemon\\src\\canary\\verify-loop.ts:314:3)\n    at C:\\Thesis\\dvconf\\dvconf-daemons\\apps\\validator-daemon\\src\\canary\\__tests__\\verify-loop.test.ts:323:20\n    at file:///C:/Thesis/dvconf/dvconf-daemons/node_modules/.pnpm/@vitest+runner@3.2.4/node_modules/@vitest/runner/dist/chunk-hooks.js:155:11\n    at file:///C:/Thesis/dvconf/dvconf-daemons/node_modules/.pnpm/@vitest+runner@3.2.4/node_modules/@vitest/runner/dist/chunk-hooks.js:752:26\n    at file:///C:/Thesis/dvconf/dvconf-daemons/node_modules/.pnpm/@vitest+runner@3.2.4/node_modules/@vitest/runner/dist/chunk-hooks.js:1897:20\n    at new Promise (<anonymous>)"},"round":0,"msg":"canary verify round failed (loop continues)"}
[90mstdout[2m | apps/validator-daemon/src/canary/__tests__/verify-loop.test.ts[2m > [22m[2mREQ-CFA-042 — startCanaryVerifyLoop survives a thrown round (crash-safe)[2m > [22m[2ma capture that throws on the FIRST round does NOT stop the next round from running
[22m[39m{"timestamp":"2026-06-20T06:10:09.532Z","level":"INFO","source":"frontend","module":"webrtc/sframe-transform","message":"encrypted frame","context":{"kid":9,"ctr":0,"byteLength":62,"codecOffset":10}}

[90mstdout[2m | apps/validator-daemon/src/canary/__tests__/verify-loop.test.ts[2m > [22m[2mREQ-CFA-042 — startCanaryVerifyLoop survives a thrown round (crash-safe)[2m > [22m[2ma capture that throws on the FIRST round does NOT stop the next round from running
[22m[39m{"timestamp":"2026-06-20T06:10:09.533Z","level":"INFO","source":"frontend","module":"webrtc/sframe-transform","message":"encrypted frame","context":{"kid":9,"ctr":1,"byteLength":62,"codecOffset":10}}

[90mstdout[2m | apps/validator-daemon/src/canary/__tests__/verify-loop.test.ts[2m > [22m[2mREQ-CFA-042 — startCanaryVerifyLoop survives a thrown round (crash-safe)[2m > [22m[2ma capture that throws on the FIRST round does NOT stop the next round from running
[22m[39m{"timestamp":"2026-06-20T06:10:09.533Z","level":"INFO","source":"frontend","module":"webrtc/sframe-transform","message":"encrypted frame","context":{"kid":9,"ctr":3,"byteLength":62,"codecOffset":10}}

[90mstdout[2m | apps/validator-daemon/src/canary/__tests__/verify-loop.test.ts[2m > [22m[2mREQ-CFA-042 — startCanaryVerifyLoop survives a thrown round (crash-safe)[2m > [22m[2ma capture that throws on the FIRST round does NOT stop the next round from running
[22m[39m{"timestamp":"2026-06-20T06:10:09.534Z","level":"INFO","source":"frontend","module":"webrtc/sframe-transform","message":"encrypted frame","context":{"kid":9,"ctr":0,"byteLength":62,"codecOffset":10}}

[90mstdout[2m | apps/validator-daemon/src/canary/__tests__/verify-loop.test.ts[2m > [22m[2mREQ-CFA-042 — startCanaryVerifyLoop survives a thrown round (crash-safe)[2m > [22m[2ma capture that throws on the FIRST round does NOT stop the next round from running
[22m[39m{"timestamp":"2026-06-20T06:10:09.534Z","level":"INFO","source":"frontend","module":"webrtc/sframe-transform","message":"encrypted frame","context":{"kid":9,"ctr":1,"byteLength":62,"codecOffset":10}}

[90mstdout[2m | apps/validator-daemon/src/canary/__tests__/verify-loop.test.ts[2m > [22m[2mREQ-CFA-042 — startCanaryVerifyLoop survives a thrown round (crash-safe)[2m > [22m[2ma capture that throws on the FIRST round does NOT stop the next round from running
[22m[39m{"timestamp":"2026-06-20T06:10:09.534Z","level":"INFO","source":"frontend","module":"webrtc/sframe-transform","message":"encrypted frame","context":{"kid":9,"ctr":2,"byteLength":62,"codecOffset":10}}

[90mstdout[2m | apps/validator-daemon/src/canary/__tests__/verify-loop.test.ts[2m > [22m[2mREQ-CFA-042 — startCanaryVerifyLoop survives a thrown round (crash-safe)[2m > [22m[2ma capture that throws on the FIRST round does NOT stop the next round from running
[22m[39m{"timestamp":"2026-06-20T06:10:09.535Z","level":"INFO","source":"frontend","module":"webrtc/sframe-transform","message":"encrypted frame","context":{"kid":9,"ctr":3,"byteLength":62,"codecOffset":10}}

{"level":30,"time":1781935809535,"pid":31940,"hostname":"Quang","name":"canary/verifier","canaryKid":9,"mediaPackets":3,"byteIdentical":3,"divergences":1,"msg":"canary forwarding verified"}
{"level":30,"time":1781935809535,"pid":31940,"hostname":"Quang","name":"canary/loss-classifier","relayMinerId":"relay-under-audit","promoted":0,"absorbed":1,"tampers":0,"cumulativeCrossed":false,"msg":"canary divergences classified (drop gate / tamper p=1)"}
{"level":30,"time":1781935809535,"pid":31940,"hostname":"Quang","name":"canary/verify-loop","round":1,"relayMinerId":"relay-under-audit","roomId":"verify-loop-room","perReceiver":1,"promoted":0,"absorbed":1,"stunLossBps":"0","msg":"canary verify round classified (hermetic half — synthetic capture, STUN read live)"}
[90mstdout[2m | apps/validator-daemon/src/canary/__tests__/verify-loop.test.ts[2m > [22m[2mREQ-CFA-042 — startCanaryVerifyLoop survives a thrown round (crash-safe)[2m > [22m[2ma capture that throws on the FIRST round does NOT stop the next round from running
[22m[39m{"timestamp":"2026-06-20T06:10:09.535Z","level":"INFO","source":"frontend","module":"webrtc/sframe-transform","message":"encrypted frame","context":{"kid":9,"ctr":0,"byteLength":62,"codecOffset":10}}

[90mstdout[2m | apps/validator-daemon/src/canary/__tests__/verify-loop.test.ts[2m > [22m[2mREQ-CFA-042 — startCanaryVerifyLoop survives a thrown round (crash-safe)[2m > [22m[2ma capture that throws on the FIRST round does NOT stop the next round from running
[22m[39m{"timestamp":"2026-06-20T06:10:09.536Z","level":"INFO","source":"frontend","module":"webrtc/sframe-transform","message":"encrypted frame","context":{"kid":9,"ctr":1,"byteLength":62,"codecOffset":10}}

[90mstdout[2m | apps/validator-daemon/src/canary/__tests__/verify-loop.test.ts[2m > [22m[2mREQ-CFA-042 — startCanaryVerifyLoop survives a thrown round (crash-safe)[2m > [22m[2ma capture that throws on the FIRST round does NOT stop the next round from running
[22m[39m{"timestamp":"2026-06-20T06:10:09.536Z","level":"INFO","source":"frontend","module":"webrtc/sframe-transform","message":"encrypted frame","context":{"kid":9,"ctr":3,"byteLength":62,"codecOffset":10}}

[90mstdout[2m | apps/validator-daemon/src/canary/__tests__/verify-loop.test.ts[2m > [22m[2mREQ-CFA-042 — startCanaryVerifyLoop survives a thrown round (crash-safe)[2m > [22m[2ma capture that throws on the FIRST round does NOT stop the next round from running
[22m[39m{"timestamp":"2026-06-20T06:10:09.536Z","level":"INFO","source":"frontend","module":"webrtc/sframe-transform","message":"encrypted frame","context":{"kid":9,"ctr":0,"byteLength":62,"codecOffset":10}}

[90mstdout[2m | apps/validator-daemon/src/canary/__tests__/verify-loop.test.ts[2m > [22m[2mREQ-CFA-042 — startCanaryVerifyLoop survives a thrown round (crash-safe)[2m > [22m[2ma capture that throws on the FIRST round does NOT stop the next round from running
[22m[39m{"timestamp":"2026-06-20T06:10:09.537Z","level":"INFO","source":"frontend","module":"webrtc/sframe-transform","message":"encrypted frame","context":{"kid":9,"ctr":1,"byteLength":62,"codecOffset":10}}

[90mstdout[2m | apps/validator-daemon/src/canary/__tests__/verify-loop.test.ts[2m > [22m[2mREQ-CFA-042 — startCanaryVerifyLoop survives a thrown round (crash-safe)[2m > [22m[2ma capture that throws on the FIRST round does NOT stop the next round from running
[22m[39m{"timestamp":"2026-06-20T06:10:09.537Z","level":"INFO","source":"frontend","module":"webrtc/sframe-transform","message":"encrypted frame","context":{"kid":9,"ctr":2,"byteLength":62,"codecOffset":10}}

[90mstdout[2m | apps/validator-daemon/src/canary/__tests__/verify-loop.test.ts[2m > [22m[2mREQ-CFA-042 — startCanaryVerifyLoop survives a thrown round (crash-safe)[2m > [22m[2ma capture that throws on the FIRST round does NOT stop the next round from running
[22m[39m{"timestamp":"2026-06-20T06:10:09.537Z","level":"INFO","source":"frontend","module":"webrtc/sframe-transform","message":"encrypted frame","context":{"kid":9,"ctr":3,"byteLength":62,"codecOffset":10}}

{"level":30,"time":1781935809537,"pid":31940,"hostname":"Quang","name":"canary/verifier","canaryKid":9,"mediaPackets":3,"byteIdentical":3,"divergences":1,"msg":"canary forwarding verified"}
{"level":30,"time":1781935809537,"pid":31940,"hostname":"Quang","name":"canary/loss-classifier","relayMinerId":"relay-under-audit","promoted":0,"absorbed":1,"tampers":0,"cumulativeCrossed":false,"msg":"canary divergences classified (drop gate / tamper p=1)"}
{"level":30,"time":1781935809537,"pid":31940,"hostname":"Quang","name":"canary/verify-loop","round":2,"relayMinerId":"relay-under-audit","roomId":"verify-loop-room","perReceiver":1,"promoted":0,"absorbed":1,"stunLossBps":"0","msg":"canary verify round classified (hermetic half — synthetic capture, STUN read live)"}
{"level":30,"time":1781935809538,"pid":31940,"hostname":"Quang","name":"canary/verify-loop","msg":"canary verify loop stopped"}
 [32m✓[39m apps/validator-daemon/src/canary/__tests__/verify-loop.test.ts [2m([22m[2m6 tests[22m[2m)[22m[33m 373[2mms[22m[39m

[2m Test Files [22m [1m[32m1 passed[39m[22m[90m (1)[39m
[2m      Tests [22m [1m[32m6 passed[39m[22m[90m (6)[39m
[2m   Start at [22m 13:10:07
[2m   Duration [22m 1.68s[2m (transform 181ms, setup 0ms, collect 808ms, tests 373ms, environment 0ms, prepare 209ms)[22m

