
[1m[46m RUN [49m[22m [36mv3.2.4 [39m[90mC:/Thesis/dvconf/dvconf-daemons[39m

[90mstdout[2m | apps/validator-daemon/src/canary/__tests__/mesh-byzantine.test.ts[2m > [22m[2mREQ-RMS-015 — isRelayFlaggedByCanary mirrors the classifier cumulative gate[2m > [22m[2mflags R (sustained drops) and not R2 (zero drops) after >= MIN_ROUNDS
[22m[39m{"timestamp":"2026-06-22T06:18:42.935Z","level":"INFO","source":"frontend","module":"webrtc/sframe-transform","message":"encrypted frame","context":{"kid":9,"ctr":0,"byteLength":62,"codecOffset":10}}

[90mstdout[2m | apps/validator-daemon/src/canary/__tests__/mesh-byzantine.test.ts[2m > [22m[2mREQ-RMS-015 — isRelayFlaggedByCanary mirrors the classifier cumulative gate[2m > [22m[2mflags R (sustained drops) and not R2 (zero drops) after >= MIN_ROUNDS
[22m[39m{"timestamp":"2026-06-22T06:18:42.938Z","level":"INFO","source":"frontend","module":"webrtc/sframe-transform","message":"encrypted frame","context":{"kid":9,"ctr":1,"byteLength":62,"codecOffset":10}}

[90mstdout[2m | apps/validator-daemon/src/canary/__tests__/mesh-byzantine.test.ts[2m > [22m[2mREQ-RMS-015 — isRelayFlaggedByCanary mirrors the classifier cumulative gate[2m > [22m[2mflags R (sustained drops) and not R2 (zero drops) after >= MIN_ROUNDS
[22m[39m{"timestamp":"2026-06-22T06:18:42.939Z","level":"INFO","source":"frontend","module":"webrtc/sframe-transform","message":"encrypted frame","context":{"kid":9,"ctr":2,"byteLength":62,"codecOffset":10}}

[90mstdout[2m | apps/validator-daemon/src/canary/__tests__/mesh-byzantine.test.ts[2m > [22m[2mREQ-RMS-015 — isRelayFlaggedByCanary mirrors the classifier cumulative gate[2m > [22m[2mflags R (sustained drops) and not R2 (zero drops) after >= MIN_ROUNDS
[22m[39m{"timestamp":"2026-06-22T06:18:42.940Z","level":"INFO","source":"frontend","module":"webrtc/sframe-transform","message":"encrypted frame","context":{"kid":9,"ctr":3,"byteLength":62,"codecOffset":10}}

[90mstdout[2m | apps/validator-daemon/src/canary/__tests__/mesh-byzantine.test.ts[2m > [22m[2mREQ-RMS-015 — isRelayFlaggedByCanary mirrors the classifier cumulative gate[2m > [22m[2mflags R (sustained drops) and not R2 (zero drops) after >= MIN_ROUNDS
[22m[39m{"timestamp":"2026-06-22T06:18:42.941Z","level":"INFO","source":"frontend","module":"webrtc/sframe-transform","message":"encrypted frame","context":{"kid":9,"ctr":4,"byteLength":62,"codecOffset":10}}

[90mstdout[2m | apps/validator-daemon/src/canary/__tests__/mesh-byzantine.test.ts[2m > [22m[2mREQ-RMS-015 — isRelayFlaggedByCanary mirrors the classifier cumulative gate[2m > [22m[2mflags R (sustained drops) and not R2 (zero drops) after >= MIN_ROUNDS
[22m[39m{"timestamp":"2026-06-22T06:18:42.941Z","level":"INFO","source":"frontend","module":"webrtc/sframe-transform","message":"encrypted frame","context":{"kid":9,"ctr":6,"byteLength":62,"codecOffset":10}}

[90mstdout[2m | apps/validator-daemon/src/canary/__tests__/mesh-byzantine.test.ts[2m > [22m[2mREQ-RMS-015 — isRelayFlaggedByCanary mirrors the classifier cumulative gate[2m > [22m[2mflags R (sustained drops) and not R2 (zero drops) after >= MIN_ROUNDS
[22m[39m{"timestamp":"2026-06-22T06:18:42.942Z","level":"INFO","source":"frontend","module":"webrtc/sframe-transform","message":"encrypted frame","context":{"kid":9,"ctr":7,"byteLength":62,"codecOffset":10}}

[90mstdout[2m | apps/validator-daemon/src/canary/__tests__/mesh-byzantine.test.ts[2m > [22m[2mREQ-RMS-015 — isRelayFlaggedByCanary mirrors the classifier cumulative gate[2m > [22m[2mflags R (sustained drops) and not R2 (zero drops) after >= MIN_ROUNDS
[22m[39m{"timestamp":"2026-06-22T06:18:42.943Z","level":"INFO","source":"frontend","module":"webrtc/sframe-transform","message":"encrypted frame","context":{"kid":9,"ctr":0,"byteLength":62,"codecOffset":10}}

[90mstdout[2m | apps/validator-daemon/src/canary/__tests__/mesh-byzantine.test.ts[2m > [22m[2mREQ-RMS-015 — isRelayFlaggedByCanary mirrors the classifier cumulative gate[2m > [22m[2mflags R (sustained drops) and not R2 (zero drops) after >= MIN_ROUNDS
[22m[39m{"timestamp":"2026-06-22T06:18:42.944Z","level":"INFO","source":"frontend","module":"webrtc/sframe-transform","message":"encrypted frame","context":{"kid":9,"ctr":1,"byteLength":62,"codecOffset":10}}

[90mstdout[2m | apps/validator-daemon/src/canary/__tests__/mesh-byzantine.test.ts[2m > [22m[2mREQ-RMS-015 — isRelayFlaggedByCanary mirrors the classifier cumulative gate[2m > [22m[2mflags R (sustained drops) and not R2 (zero drops) after >= MIN_ROUNDS
[22m[39m{"timestamp":"2026-06-22T06:18:42.945Z","level":"INFO","source":"frontend","module":"webrtc/sframe-transform","message":"encrypted frame","context":{"kid":9,"ctr":2,"byteLength":62,"codecOffset":10}}

[90mstdout[2m | apps/validator-daemon/src/canary/__tests__/mesh-byzantine.test.ts[2m > [22m[2mREQ-RMS-015 — isRelayFlaggedByCanary mirrors the classifier cumulative gate[2m > [22m[2mflags R (sustained drops) and not R2 (zero drops) after >= MIN_ROUNDS
[22m[39m{"timestamp":"2026-06-22T06:18:42.946Z","level":"INFO","source":"frontend","module":"webrtc/sframe-transform","message":"encrypted frame","context":{"kid":9,"ctr":3,"byteLength":62,"codecOffset":10}}

[90mstdout[2m | apps/validator-daemon/src/canary/__tests__/mesh-byzantine.test.ts[2m > [22m[2mREQ-RMS-015 — isRelayFlaggedByCanary mirrors the classifier cumulative gate[2m > [22m[2mflags R (sustained drops) and not R2 (zero drops) after >= MIN_ROUNDS
[22m[39m{"timestamp":"2026-06-22T06:18:42.946Z","level":"INFO","source":"frontend","module":"webrtc/sframe-transform","message":"encrypted frame","context":{"kid":9,"ctr":4,"byteLength":62,"codecOffset":10}}

[90mstdout[2m | apps/validator-daemon/src/canary/__tests__/mesh-byzantine.test.ts[2m > [22m[2mREQ-RMS-015 — isRelayFlaggedByCanary mirrors the classifier cumulative gate[2m > [22m[2mflags R (sustained drops) and not R2 (zero drops) after >= MIN_ROUNDS
[22m[39m{"timestamp":"2026-06-22T06:18:42.947Z","level":"INFO","source":"frontend","module":"webrtc/sframe-transform","message":"encrypted frame","context":{"kid":9,"ctr":5,"byteLength":62,"codecOffset":10}}

[90mstdout[2m | apps/validator-daemon/src/canary/__tests__/mesh-byzantine.test.ts[2m > [22m[2mREQ-RMS-015 — isRelayFlaggedByCanary mirrors the classifier cumulative gate[2m > [22m[2mflags R (sustained drops) and not R2 (zero drops) after >= MIN_ROUNDS
[22m[39m{"timestamp":"2026-06-22T06:18:42.947Z","level":"INFO","source":"frontend","module":"webrtc/sframe-transform","message":"encrypted frame","context":{"kid":9,"ctr":6,"byteLength":62,"codecOffset":10}}

[90mstdout[2m | apps/validator-daemon/src/canary/__tests__/mesh-byzantine.test.ts[2m > [22m[2mREQ-RMS-015 — isRelayFlaggedByCanary mirrors the classifier cumulative gate[2m > [22m[2mflags R (sustained drops) and not R2 (zero drops) after >= MIN_ROUNDS
[22m[39m{"timestamp":"2026-06-22T06:18:42.948Z","level":"INFO","source":"frontend","module":"webrtc/sframe-transform","message":"encrypted frame","context":{"kid":9,"ctr":7,"byteLength":62,"codecOffset":10}}

{"level":30,"time":1782109122949,"pid":26144,"hostname":"Quang","name":"canary/verifier","canaryKid":9,"mediaPackets":7,"byteIdentical":7,"divergences":1,"msg":"canary forwarding verified"}
[90mstdout[2m | apps/validator-daemon/src/canary/__tests__/mesh-byzantine.test.ts[2m > [22m[2mREQ-RMS-015 — isRelayFlaggedByCanary mirrors the classifier cumulative gate[2m > [22m[2mflags R (sustained drops) and not R2 (zero drops) after >= MIN_ROUNDS
[22m[39m{"timestamp":"2026-06-22T06:18:42.951Z","level":"INFO","source":"frontend","module":"webrtc/sframe-transform","message":"encrypted frame","context":{"kid":9,"ctr":0,"byteLength":62,"codecOffset":10}}

[90mstdout[2m | apps/validator-daemon/src/canary/__tests__/mesh-byzantine.test.ts[2m > [22m[2mREQ-RMS-015 — isRelayFlaggedByCanary mirrors the classifier cumulative gate[2m > [22m[2mflags R (sustained drops) and not R2 (zero drops) after >= MIN_ROUNDS
[22m[39m{"timestamp":"2026-06-22T06:18:42.951Z","level":"INFO","source":"frontend","module":"webrtc/sframe-transform","message":"encrypted frame","context":{"kid":9,"ctr":1,"byteLength":62,"codecOffset":10}}

[90mstdout[2m | apps/validator-daemon/src/canary/__tests__/mesh-byzantine.test.ts[2m > [22m[2mREQ-RMS-015 — isRelayFlaggedByCanary mirrors the classifier cumulative gate[2m > [22m[2mflags R (sustained drops) and not R2 (zero drops) after >= MIN_ROUNDS
[22m[39m{"timestamp":"2026-06-22T06:18:42.952Z","level":"INFO","source":"frontend","module":"webrtc/sframe-transform","message":"encrypted frame","context":{"kid":9,"ctr":2,"byteLength":62,"codecOffset":10}}

[90mstdout[2m | apps/validator-daemon/src/canary/__tests__/mesh-byzantine.test.ts[2m > [22m[2mREQ-RMS-015 — isRelayFlaggedByCanary mirrors the classifier cumulative gate[2m > [22m[2mflags R (sustained drops) and not R2 (zero drops) after >= MIN_ROUNDS
[22m[39m{"timestamp":"2026-06-22T06:18:42.953Z","level":"INFO","source":"frontend","module":"webrtc/sframe-transform","message":"encrypted frame","context":{"kid":9,"ctr":3,"byteLength":62,"codecOffset":10}}

[90mstdout[2m | apps/validator-daemon/src/canary/__tests__/mesh-byzantine.test.ts[2m > [22m[2mREQ-RMS-015 — isRelayFlaggedByCanary mirrors the classifier cumulative gate[2m > [22m[2mflags R (sustained drops) and not R2 (zero drops) after >= MIN_ROUNDS
[22m[39m{"timestamp":"2026-06-22T06:18:42.954Z","level":"INFO","source":"frontend","module":"webrtc/sframe-transform","message":"encrypted frame","context":{"kid":9,"ctr":4,"byteLength":62,"codecOffset":10}}

[90mstdout[2m | apps/validator-daemon/src/canary/__tests__/mesh-byzantine.test.ts[2m > [22m[2mREQ-RMS-015 — isRelayFlaggedByCanary mirrors the classifier cumulative gate[2m > [22m[2mflags R (sustained drops) and not R2 (zero drops) after >= MIN_ROUNDS
[22m[39m{"timestamp":"2026-06-22T06:18:42.954Z","level":"INFO","source":"frontend","module":"webrtc/sframe-transform","message":"encrypted frame","context":{"kid":9,"ctr":5,"byteLength":62,"codecOffset":10}}

[90mstdout[2m | apps/validator-daemon/src/canary/__tests__/mesh-byzantine.test.ts[2m > [22m[2mREQ-RMS-015 — isRelayFlaggedByCanary mirrors the classifier cumulative gate[2m > [22m[2mflags R (sustained drops) and not R2 (zero drops) after >= MIN_ROUNDS
[22m[39m{"timestamp":"2026-06-22T06:18:42.955Z","level":"INFO","source":"frontend","module":"webrtc/sframe-transform","message":"encrypted frame","context":{"kid":9,"ctr":6,"byteLength":62,"codecOffset":10}}

[90mstdout[2m | apps/validator-daemon/src/canary/__tests__/mesh-byzantine.test.ts[2m > [22m[2mREQ-RMS-015 — isRelayFlaggedByCanary mirrors the classifier cumulative gate[2m > [22m[2mflags R (sustained drops) and not R2 (zero drops) after >= MIN_ROUNDS
[22m[39m{"timestamp":"2026-06-22T06:18:42.955Z","level":"INFO","source":"frontend","module":"webrtc/sframe-transform","message":"encrypted frame","context":{"kid":9,"ctr":7,"byteLength":62,"codecOffset":10}}

{"level":30,"time":1782109122956,"pid":26144,"hostname":"Quang","name":"canary/verifier","canaryKid":9,"mediaPackets":7,"byteIdentical":7,"divergences":1,"msg":"canary forwarding verified"}
{"level":30,"time":1782109122956,"pid":26144,"hostname":"Quang","name":"canary/loss-classifier","relayMinerId":"relay-byzantine-R","promoted":0,"absorbed":1,"tampers":0,"cumulativeCrossed":false,"msg":"canary divergences classified (drop gate / tamper p=1)"}
{"level":30,"time":1782109122956,"pid":26144,"hostname":"Quang","name":"canary/verify-loop","round":0,"relayMinerId":"relay-byzantine-R","roomId":"mesh-room","perReceiver":2,"promoted":0,"absorbed":1,"stunLossBps":"0","msg":"canary verify round classified (hermetic half — synthetic capture, STUN read live)"}
[90mstdout[2m | apps/validator-daemon/src/canary/__tests__/mesh-byzantine.test.ts[2m > [22m[2mREQ-RMS-015 — isRelayFlaggedByCanary mirrors the classifier cumulative gate[2m > [22m[2mflags R (sustained drops) and not R2 (zero drops) after >= MIN_ROUNDS
[22m[39m{"timestamp":"2026-06-22T06:18:42.957Z","level":"INFO","source":"frontend","module":"webrtc/sframe-transform","message":"encrypted frame","context":{"kid":9,"ctr":0,"byteLength":62,"codecOffset":10}}

[90mstdout[2m | apps/validator-daemon/src/canary/__tests__/mesh-byzantine.test.ts[2m > [22m[2mREQ-RMS-015 — isRelayFlaggedByCanary mirrors the classifier cumulative gate[2m > [22m[2mflags R (sustained drops) and not R2 (zero drops) after >= MIN_ROUNDS
[22m[39m{"timestamp":"2026-06-22T06:18:42.957Z","level":"INFO","source":"frontend","module":"webrtc/sframe-transform","message":"encrypted frame","context":{"kid":9,"ctr":1,"byteLength":62,"codecOffset":10}}

[90mstdout[2m | apps/validator-daemon/src/canary/__tests__/mesh-byzantine.test.ts[2m > [22m[2mREQ-RMS-015 — isRelayFlaggedByCanary mirrors the classifier cumulative gate[2m > [22m[2mflags R (sustained drops) and not R2 (zero drops) after >= MIN_ROUNDS
[22m[39m{"timestamp":"2026-06-22T06:18:42.962Z","level":"INFO","source":"frontend","module":"webrtc/sframe-transform","message":"encrypted frame","context":{"kid":9,"ctr":2,"byteLength":62,"codecOffset":10}}

[90mstdout[2m | apps/validator-daemon/src/canary/__tests__/mesh-byzantine.test.ts[2m > [22m[2mREQ-RMS-015 — isRelayFlaggedByCanary mirrors the classifier cumulative gate[2m > [22m[2mflags R (sustained drops) and not R2 (zero drops) after >= MIN_ROUNDS
[22m[39m{"timestamp":"2026-06-22T06:18:42.962Z","level":"INFO","source":"frontend","module":"webrtc/sframe-transform","message":"encrypted frame","context":{"kid":9,"ctr":3,"byteLength":62,"codecOffset":10}}

[90mstdout[2m | apps/validator-daemon/src/canary/__tests__/mesh-byzantine.test.ts[2m > [22m[2mREQ-RMS-015 — isRelayFlaggedByCanary mirrors the classifier cumulative gate[2m > [22m[2mflags R (sustained drops) and not R2 (zero drops) after >= MIN_ROUNDS
[22m[39m{"timestamp":"2026-06-22T06:18:42.963Z","level":"INFO","source":"frontend","module":"webrtc/sframe-transform","message":"encrypted frame","context":{"kid":9,"ctr":4,"byteLength":62,"codecOffset":10}}

[90mstdout[2m | apps/validator-daemon/src/canary/__tests__/mesh-byzantine.test.ts[2m > [22m[2mREQ-RMS-015 — isRelayFlaggedByCanary mirrors the classifier cumulative gate[2m > [22m[2mflags R (sustained drops) and not R2 (zero drops) after >= MIN_ROUNDS
[22m[39m{"timestamp":"2026-06-22T06:18:42.963Z","level":"INFO","source":"frontend","module":"webrtc/sframe-transform","message":"encrypted frame","context":{"kid":9,"ctr":5,"byteLength":62,"codecOffset":10}}

[90mstdout[2m | apps/validator-daemon/src/canary/__tests__/mesh-byzantine.test.ts[2m > [22m[2mREQ-RMS-015 — isRelayFlaggedByCanary mirrors the classifier cumulative gate[2m > [22m[2mflags R (sustained drops) and not R2 (zero drops) after >= MIN_ROUNDS
[22m[39m{"timestamp":"2026-06-22T06:18:42.964Z","level":"INFO","source":"frontend","module":"webrtc/sframe-transform","message":"encrypted frame","context":{"kid":9,"ctr":6,"byteLength":62,"codecOffset":10}}

[90mstdout[2m | apps/validator-daemon/src/canary/__tests__/mesh-byzantine.test.ts[2m > [22m[2mREQ-RMS-015 — isRelayFlaggedByCanary mirrors the classifier cumulative gate[2m > [22m[2mflags R (sustained drops) and not R2 (zero drops) after >= MIN_ROUNDS
[22m[39m{"timestamp":"2026-06-22T06:18:42.964Z","level":"INFO","source":"frontend","module":"webrtc/sframe-transform","message":"encrypted frame","context":{"kid":9,"ctr":7,"byteLength":62,"codecOffset":10}}

[90mstdout[2m | apps/validator-daemon/src/canary/__tests__/mesh-byzantine.test.ts[2m > [22m[2mREQ-RMS-015 — isRelayFlaggedByCanary mirrors the classifier cumulative gate[2m > [22m[2mflags R (sustained drops) and not R2 (zero drops) after >= MIN_ROUNDS
[22m[39m{"timestamp":"2026-06-22T06:18:42.965Z","level":"INFO","source":"frontend","module":"webrtc/sframe-transform","message":"encrypted frame","context":{"kid":9,"ctr":0,"byteLength":62,"codecOffset":10}}

[90mstdout[2m | apps/validator-daemon/src/canary/__tests__/mesh-byzantine.test.ts[2m > [22m[2mREQ-RMS-015 — isRelayFlaggedByCanary mirrors the classifier cumulative gate[2m > [22m[2mflags R (sustained drops) and not R2 (zero drops) after >= MIN_ROUNDS
[22m[39m{"timestamp":"2026-06-22T06:18:42.965Z","level":"INFO","source":"frontend","module":"webrtc/sframe-transform","message":"encrypted frame","context":{"kid":9,"ctr":1,"byteLength":62,"codecOffset":10}}

[90mstdout[2m | apps/validator-daemon/src/canary/__tests__/mesh-byzantine.test.ts[2m > [22m[2mREQ-RMS-015 — isRelayFlaggedByCanary mirrors the classifier cumulative gate[2m > [22m[2mflags R (sustained drops) and not R2 (zero drops) after >= MIN_ROUNDS
[22m[39m{"timestamp":"2026-06-22T06:18:42.966Z","level":"INFO","source":"frontend","module":"webrtc/sframe-transform","message":"encrypted frame","context":{"kid":9,"ctr":2,"byteLength":62,"codecOffset":10}}

[90mstdout[2m | apps/validator-daemon/src/canary/__tests__/mesh-byzantine.test.ts[2m > [22m[2mREQ-RMS-015 — isRelayFlaggedByCanary mirrors the classifier cumulative gate[2m > [22m[2mflags R (sustained drops) and not R2 (zero drops) after >= MIN_ROUNDS
[22m[39m{"timestamp":"2026-06-22T06:18:42.966Z","level":"INFO","source":"frontend","module":"webrtc/sframe-transform","message":"encrypted frame","context":{"kid":9,"ctr":3,"byteLength":62,"codecOffset":10}}

[90mstdout[2m | apps/validator-daemon/src/canary/__tests__/mesh-byzantine.test.ts[2m > [22m[2mREQ-RMS-015 — isRelayFlaggedByCanary mirrors the classifier cumulative gate[2m > [22m[2mflags R (sustained drops) and not R2 (zero drops) after >= MIN_ROUNDS
[22m[39m{"timestamp":"2026-06-22T06:18:42.967Z","level":"INFO","source":"frontend","module":"webrtc/sframe-transform","message":"encrypted frame","context":{"kid":9,"ctr":4,"byteLength":62,"codecOffset":10}}

[90mstdout[2m | apps/validator-daemon/src/canary/__tests__/mesh-byzantine.test.ts[2m > [22m[2mREQ-RMS-015 — isRelayFlaggedByCanary mirrors the classifier cumulative gate[2m > [22m[2mflags R (sustained drops) and not R2 (zero drops) after >= MIN_ROUNDS
[22m[39m{"timestamp":"2026-06-22T06:18:42.967Z","level":"INFO","source":"frontend","module":"webrtc/sframe-transform","message":"encrypted frame","context":{"kid":9,"ctr":5,"byteLength":62,"codecOffset":10}}

[90mstdout[2m | apps/validator-daemon/src/canary/__tests__/mesh-byzantine.test.ts[2m > [22m[2mREQ-RMS-015 — isRelayFlaggedByCanary mirrors the classifier cumulative gate[2m > [22m[2mflags R (sustained drops) and not R2 (zero drops) after >= MIN_ROUNDS
[22m[39m{"timestamp":"2026-06-22T06:18:42.968Z","level":"INFO","source":"frontend","module":"webrtc/sframe-transform","message":"encrypted frame","context":{"kid":9,"ctr":6,"byteLength":62,"codecOffset":10}}

[90mstdout[2m | apps/validator-daemon/src/canary/__tests__/mesh-byzantine.test.ts[2m > [22m[2mREQ-RMS-015 — isRelayFlaggedByCanary mirrors the classifier cumulative gate[2m > [22m[2mflags R (sustained drops) and not R2 (zero drops) after >= MIN_ROUNDS
[22m[39m{"timestamp":"2026-06-22T06:18:42.968Z","level":"INFO","source":"frontend","module":"webrtc/sframe-transform","message":"encrypted frame","context":{"kid":9,"ctr":7,"byteLength":62,"codecOffset":10}}

{"level":30,"time":1782109122968,"pid":26144,"hostname":"Quang","name":"canary/verifier","canaryKid":9,"mediaPackets":8,"byteIdentical":8,"divergences":0,"msg":"canary forwarding verified"}
[90mstdout[2m | apps/validator-daemon/src/canary/__tests__/mesh-byzantine.test.ts[2m > [22m[2mREQ-RMS-015 — isRelayFlaggedByCanary mirrors the classifier cumulative gate[2m > [22m[2mflags R (sustained drops) and not R2 (zero drops) after >= MIN_ROUNDS
[22m[39m{"timestamp":"2026-06-22T06:18:42.969Z","level":"INFO","source":"frontend","module":"webrtc/sframe-transform","message":"encrypted frame","context":{"kid":9,"ctr":0,"byteLength":62,"codecOffset":10}}

[90mstdout[2m | apps/validator-daemon/src/canary/__tests__/mesh-byzantine.test.ts[2m > [22m[2mREQ-RMS-015 — isRelayFlaggedByCanary mirrors the classifier cumulative gate[2m > [22m[2mflags R (sustained drops) and not R2 (zero drops) after >= MIN_ROUNDS
[22m[39m{"timestamp":"2026-06-22T06:18:42.969Z","level":"INFO","source":"frontend","module":"webrtc/sframe-transform","message":"encrypted frame","context":{"kid":9,"ctr":1,"byteLength":62,"codecOffset":10}}

[90mstdout[2m | apps/validator-daemon/src/canary/__tests__/mesh-byzantine.test.ts[2m > [22m[2mREQ-RMS-015 — isRelayFlaggedByCanary mirrors the classifier cumulative gate[2m > [22m[2mflags R (sustained drops) and not R2 (zero drops) after >= MIN_ROUNDS
[22m[39m{"timestamp":"2026-06-22T06:18:42.969Z","level":"INFO","source":"frontend","module":"webrtc/sframe-transform","message":"encrypted frame","context":{"kid":9,"ctr":2,"byteLength":62,"codecOffset":10}}

[90mstdout[2m | apps/validator-daemon/src/canary/__tests__/mesh-byzantine.test.ts[2m > [22m[2mREQ-RMS-015 — isRelayFlaggedByCanary mirrors the classifier cumulative gate[2m > [22m[2mflags R (sustained drops) and not R2 (zero drops) after >= MIN_ROUNDS
[22m[39m{"timestamp":"2026-06-22T06:18:42.970Z","level":"INFO","source":"frontend","module":"webrtc/sframe-transform","message":"encrypted frame","context":{"kid":9,"ctr":3,"byteLength":62,"codecOffset":10}}

[90mstdout[2m | apps/validator-daemon/src/canary/__tests__/mesh-byzantine.test.ts[2m > [22m[2mREQ-RMS-015 — isRelayFlaggedByCanary mirrors the classifier cumulative gate[2m > [22m[2mflags R (sustained drops) and not R2 (zero drops) after >= MIN_ROUNDS
[22m[39m{"timestamp":"2026-06-22T06:18:42.970Z","level":"INFO","source":"frontend","module":"webrtc/sframe-transform","message":"encrypted frame","context":{"kid":9,"ctr":4,"byteLength":62,"codecOffset":10}}

[90mstdout[2m | apps/validator-daemon/src/canary/__tests__/mesh-byzantine.test.ts[2m > [22m[2mREQ-RMS-015 — isRelayFlaggedByCanary mirrors the classifier cumulative gate[2m > [22m[2mflags R (sustained drops) and not R2 (zero drops) after >= MIN_ROUNDS
[22m[39m{"timestamp":"2026-06-22T06:18:42.971Z","level":"INFO","source":"frontend","module":"webrtc/sframe-transform","message":"encrypted frame","context":{"kid":9,"ctr":5,"byteLength":62,"codecOffset":10}}

[90mstdout[2m | apps/validator-daemon/src/canary/__tests__/mesh-byzantine.test.ts[2m > [22m[2mREQ-RMS-015 — isRelayFlaggedByCanary mirrors the classifier cumulative gate[2m > [22m[2mflags R (sustained drops) and not R2 (zero drops) after >= MIN_ROUNDS
[22m[39m{"timestamp":"2026-06-22T06:18:42.971Z","level":"INFO","source":"frontend","module":"webrtc/sframe-transform","message":"encrypted frame","context":{"kid":9,"ctr":6,"byteLength":62,"codecOffset":10}}

[90mstdout[2m | apps/validator-daemon/src/canary/__tests__/mesh-byzantine.test.ts[2m > [22m[2mREQ-RMS-015 — isRelayFlaggedByCanary mirrors the classifier cumulative gate[2m > [22m[2mflags R (sustained drops) and not R2 (zero drops) after >= MIN_ROUNDS
[22m[39m{"timestamp":"2026-06-22T06:18:42.972Z","level":"INFO","source":"frontend","module":"webrtc/sframe-transform","message":"encrypted frame","context":{"kid":9,"ctr":7,"byteLength":62,"codecOffset":10}}

{"level":30,"time":1782109122972,"pid":26144,"hostname":"Quang","name":"canary/verifier","canaryKid":9,"mediaPackets":8,"byteIdentical":8,"divergences":0,"msg":"canary forwarding verified"}
{"level":30,"time":1782109122972,"pid":26144,"hostname":"Quang","name":"canary/loss-classifier","relayMinerId":"relay-honest-R2","promoted":0,"absorbed":0,"tampers":0,"cumulativeCrossed":false,"msg":"canary divergences classified (drop gate / tamper p=1)"}
{"level":30,"time":1782109122972,"pid":26144,"hostname":"Quang","name":"canary/verify-loop","round":0,"relayMinerId":"relay-honest-R2","roomId":"mesh-room","perReceiver":2,"promoted":0,"absorbed":0,"stunLossBps":"0","msg":"canary verify round classified (hermetic half — synthetic capture, STUN read live)"}
[90mstdout[2m | apps/validator-daemon/src/canary/__tests__/mesh-byzantine.test.ts[2m > [22m[2mREQ-RMS-015 — isRelayFlaggedByCanary mirrors the classifier cumulative gate[2m > [22m[2mflags R (sustained drops) and not R2 (zero drops) after >= MIN_ROUNDS
[22m[39m{"timestamp":"2026-06-22T06:18:42.973Z","level":"INFO","source":"frontend","module":"webrtc/sframe-transform","message":"encrypted frame","context":{"kid":9,"ctr":0,"byteLength":62,"codecOffset":10}}

[90mstdout[2m | apps/validator-daemon/src/canary/__tests__/mesh-byzantine.test.ts[2m > [22m[2mREQ-RMS-015 — isRelayFlaggedByCanary mirrors the classifier cumulative gate[2m > [22m[2mflags R (sustained drops) and not R2 (zero drops) after >= MIN_ROUNDS
[22m[39m{"timestamp":"2026-06-22T06:18:42.973Z","level":"INFO","source":"frontend","module":"webrtc/sframe-transform","message":"encrypted frame","context":{"kid":9,"ctr":1,"byteLength":62,"codecOffset":10}}

[90mstdout[2m | apps/validator-daemon/src/canary/__tests__/mesh-byzantine.test.ts[2m > [22m[2mREQ-RMS-015 — isRelayFlaggedByCanary mirrors the classifier cumulative gate[2m > [22m[2mflags R (sustained drops) and not R2 (zero drops) after >= MIN_ROUNDS
[22m[39m{"timestamp":"2026-06-22T06:18:42.974Z","level":"INFO","source":"frontend","module":"webrtc/sframe-transform","message":"encrypted frame","context":{"kid":9,"ctr":2,"byteLength":62,"codecOffset":10}}

[90mstdout[2m | apps/validator-daemon/src/canary/__tests__/mesh-byzantine.test.ts[2m > [22m[2mREQ-RMS-015 — isRelayFlaggedByCanary mirrors the classifier cumulative gate[2m > [22m[2mflags R (sustained drops) and not R2 (zero drops) after >= MIN_ROUNDS
[22m[39m{"timestamp":"2026-06-22T06:18:42.974Z","level":"INFO","source":"frontend","module":"webrtc/sframe-transform","message":"encrypted frame","context":{"kid":9,"ctr":3,"byteLength":62,"codecOffset":10}}

[90mstdout[2m | apps/validator-daemon/src/canary/__tests__/mesh-byzantine.test.ts[2m > [22m[2mREQ-RMS-015 — isRelayFlaggedByCanary mirrors the classifier cumulative gate[2m > [22m[2mflags R (sustained drops) and not R2 (zero drops) after >= MIN_ROUNDS
[22m[39m{"timestamp":"2026-06-22T06:18:42.974Z","level":"INFO","source":"frontend","module":"webrtc/sframe-transform","message":"encrypted frame","context":{"kid":9,"ctr":4,"byteLength":62,"codecOffset":10}}

[90mstdout[2m | apps/validator-daemon/src/canary/__tests__/mesh-byzantine.test.ts[2m > [22m[2mREQ-RMS-015 — isRelayFlaggedByCanary mirrors the classifier cumulative gate[2m > [22m[2mflags R (sustained drops) and not R2 (zero drops) after >= MIN_ROUNDS
[22m[39m{"timestamp":"2026-06-22T06:18:42.975Z","level":"INFO","source":"frontend","module":"webrtc/sframe-transform","message":"encrypted frame","context":{"kid":9,"ctr":6,"byteLength":62,"codecOffset":10}}

[90mstdout[2m | apps/validator-daemon/src/canary/__tests__/mesh-byzantine.test.ts[2m > [22m[2mREQ-RMS-015 — isRelayFlaggedByCanary mirrors the classifier cumulative gate[2m > [22m[2mflags R (sustained drops) and not R2 (zero drops) after >= MIN_ROUNDS
[22m[39m{"timestamp":"2026-06-22T06:18:42.975Z","level":"INFO","source":"frontend","module":"webrtc/sframe-transform","message":"encrypted frame","context":{"kid":9,"ctr":7,"byteLength":62,"codecOffset":10}}

[90mstdout[2m | apps/validator-daemon/src/canary/__tests__/mesh-byzantine.test.ts[2m > [22m[2mREQ-RMS-015 — isRelayFlaggedByCanary mirrors the classifier cumulative gate[2m > [22m[2mflags R (sustained drops) and not R2 (zero drops) after >= MIN_ROUNDS
[22m[39m{"timestamp":"2026-06-22T06:18:42.976Z","level":"INFO","source":"frontend","module":"webrtc/sframe-transform","message":"encrypted frame","context":{"kid":9,"ctr":0,"byteLength":62,"codecOffset":10}}

[90mstdout[2m | apps/validator-daemon/src/canary/__tests__/mesh-byzantine.test.ts[2m > [22m[2mREQ-RMS-015 — isRelayFlaggedByCanary mirrors the classifier cumulative gate[2m > [22m[2mflags R (sustained drops) and not R2 (zero drops) after >= MIN_ROUNDS
[22m[39m{"timestamp":"2026-06-22T06:18:42.976Z","level":"INFO","source":"frontend","module":"webrtc/sframe-transform","message":"encrypted frame","context":{"kid":9,"ctr":1,"byteLength":62,"codecOffset":10}}

[90mstdout[2m | apps/validator-daemon/src/canary/__tests__/mesh-byzantine.test.ts[2m > [22m[2mREQ-RMS-015 — isRelayFlaggedByCanary mirrors the classifier cumulative gate[2m > [22m[2mflags R (sustained drops) and not R2 (zero drops) after >= MIN_ROUNDS
[22m[39m{"timestamp":"2026-06-22T06:18:42.976Z","level":"INFO","source":"frontend","module":"webrtc/sframe-transform","message":"encrypted frame","context":{"kid":9,"ctr":2,"byteLength":62,"codecOffset":10}}

[90mstdout[2m | apps/validator-daemon/src/canary/__tests__/mesh-byzantine.test.ts[2m > [22m[2mREQ-RMS-015 — isRelayFlaggedByCanary mirrors the classifier cumulative gate[2m > [22m[2mflags R (sustained drops) and not R2 (zero drops) after >= MIN_ROUNDS
[22m[39m{"timestamp":"2026-06-22T06:18:42.977Z","level":"INFO","source":"frontend","module":"webrtc/sframe-transform","message":"encrypted frame","context":{"kid":9,"ctr":3,"byteLength":62,"codecOffset":10}}

[90mstdout[2m | apps/validator-daemon/src/canary/__tests__/mesh-byzantine.test.ts[2m > [22m[2mREQ-RMS-015 — isRelayFlaggedByCanary mirrors the classifier cumulative gate[2m > [22m[2mflags R (sustained drops) and not R2 (zero drops) after >= MIN_ROUNDS
[22m[39m{"timestamp":"2026-06-22T06:18:42.977Z","level":"INFO","source":"frontend","module":"webrtc/sframe-transform","message":"encrypted frame","context":{"kid":9,"ctr":4,"byteLength":62,"codecOffset":10}}

[90mstdout[2m | apps/validator-daemon/src/canary/__tests__/mesh-byzantine.test.ts[2m > [22m[2mREQ-RMS-015 — isRelayFlaggedByCanary mirrors the classifier cumulative gate[2m > [22m[2mflags R (sustained drops) and not R2 (zero drops) after >= MIN_ROUNDS
[22m[39m{"timestamp":"2026-06-22T06:18:42.978Z","level":"INFO","source":"frontend","module":"webrtc/sframe-transform","message":"encrypted frame","context":{"kid":9,"ctr":5,"byteLength":62,"codecOffset":10}}

[90mstdout[2m | apps/validator-daemon/src/canary/__tests__/mesh-byzantine.test.ts[2m > [22m[2mREQ-RMS-015 — isRelayFlaggedByCanary mirrors the classifier cumulative gate[2m > [22m[2mflags R (sustained drops) and not R2 (zero drops) after >= MIN_ROUNDS
[22m[39m{"timestamp":"2026-06-22T06:18:42.978Z","level":"INFO","source":"frontend","module":"webrtc/sframe-transform","message":"encrypted frame","context":{"kid":9,"ctr":6,"byteLength":62,"codecOffset":10}}

[90mstdout[2m | apps/validator-daemon/src/canary/__tests__/mesh-byzantine.test.ts[2m > [22m[2mREQ-RMS-015 — isRelayFlaggedByCanary mirrors the classifier cumulative gate[2m > [22m[2mflags R (sustained drops) and not R2 (zero drops) after >= MIN_ROUNDS
[22m[39m{"timestamp":"2026-06-22T06:18:42.978Z","level":"INFO","source":"frontend","module":"webrtc/sframe-transform","message":"encrypted frame","context":{"kid":9,"ctr":7,"byteLength":62,"codecOffset":10}}

{"level":30,"time":1782109122979,"pid":26144,"hostname":"Quang","name":"canary/verifier","canaryKid":9,"mediaPackets":7,"byteIdentical":7,"divergences":1,"msg":"canary forwarding verified"}
[90mstdout[2m | apps/validator-daemon/src/canary/__tests__/mesh-byzantine.test.ts[2m > [22m[2mREQ-RMS-015 — isRelayFlaggedByCanary mirrors the classifier cumulative gate[2m > [22m[2mflags R (sustained drops) and not R2 (zero drops) after >= MIN_ROUNDS
[22m[39m{"timestamp":"2026-06-22T06:18:42.979Z","level":"INFO","source":"frontend","module":"webrtc/sframe-transform","message":"encrypted frame","context":{"kid":9,"ctr":0,"byteLength":62,"codecOffset":10}}

[90mstdout[2m | apps/validator-daemon/src/canary/__tests__/mesh-byzantine.test.ts[2m > [22m[2mREQ-RMS-015 — isRelayFlaggedByCanary mirrors the classifier cumulative gate[2m > [22m[2mflags R (sustained drops) and not R2 (zero drops) after >= MIN_ROUNDS
[22m[39m{"timestamp":"2026-06-22T06:18:42.980Z","level":"INFO","source":"frontend","module":"webrtc/sframe-transform","message":"encrypted frame","context":{"kid":9,"ctr":1,"byteLength":62,"codecOffset":10}}

[90mstdout[2m | apps/validator-daemon/src/canary/__tests__/mesh-byzantine.test.ts[2m > [22m[2mREQ-RMS-015 — isRelayFlaggedByCanary mirrors the classifier cumulative gate[2m > [22m[2mflags R (sustained drops) and not R2 (zero drops) after >= MIN_ROUNDS
[22m[39m{"timestamp":"2026-06-22T06:18:42.980Z","level":"INFO","source":"frontend","module":"webrtc/sframe-transform","message":"encrypted frame","context":{"kid":9,"ctr":2,"byteLength":62,"codecOffset":10}}

[90mstdout[2m | apps/validator-daemon/src/canary/__tests__/mesh-byzantine.test.ts[2m > [22m[2mREQ-RMS-015 — isRelayFlaggedByCanary mirrors the classifier cumulative gate[2m > [22m[2mflags R (sustained drops) and not R2 (zero drops) after >= MIN_ROUNDS
[22m[39m{"timestamp":"2026-06-22T06:18:42.981Z","level":"INFO","source":"frontend","module":"webrtc/sframe-transform","message":"encrypted frame","context":{"kid":9,"ctr":3,"byteLength":62,"codecOffset":10}}

[90mstdout[2m | apps/validator-daemon/src/canary/__tests__/mesh-byzantine.test.ts[2m > [22m[2mREQ-RMS-015 — isRelayFlaggedByCanary mirrors the classifier cumulative gate[2m > [22m[2mflags R (sustained drops) and not R2 (zero drops) after >= MIN_ROUNDS
[22m[39m{"timestamp":"2026-06-22T06:18:42.981Z","level":"INFO","source":"frontend","module":"webrtc/sframe-transform","message":"encrypted frame","context":{"kid":9,"ctr":4,"byteLength":62,"codecOffset":10}}

[90mstdout[2m | apps/validator-daemon/src/canary/__tests__/mesh-byzantine.test.ts[2m > [22m[2mREQ-RMS-015 — isRelayFlaggedByCanary mirrors the classifier cumulative gate[2m > [22m[2mflags R (sustained drops) and not R2 (zero drops) after >= MIN_ROUNDS
[22m[39m{"timestamp":"2026-06-22T06:18:42.982Z","level":"INFO","source":"frontend","module":"webrtc/sframe-transform","message":"encrypted frame","context":{"kid":9,"ctr":5,"byteLength":62,"codecOffset":10}}

[90mstdout[2m | apps/validator-daemon/src/canary/__tests__/mesh-byzantine.test.ts[2m > [22m[2mREQ-RMS-015 — isRelayFlaggedByCanary mirrors the classifier cumulative gate[2m > [22m[2mflags R (sustained drops) and not R2 (zero drops) after >= MIN_ROUNDS
[22m[39m{"timestamp":"2026-06-22T06:18:42.982Z","level":"INFO","source":"frontend","module":"webrtc/sframe-transform","message":"encrypted frame","context":{"kid":9,"ctr":6,"byteLength":62,"codecOffset":10}}

[90mstdout[2m | apps/validator-daemon/src/canary/__tests__/mesh-byzantine.test.ts[2m > [22m[2mREQ-RMS-015 — isRelayFlaggedByCanary mirrors the classifier cumulative gate[2m > [22m[2mflags R (sustained drops) and not R2 (zero drops) after >= MIN_ROUNDS
[22m[39m{"timestamp":"2026-06-22T06:18:42.983Z","level":"INFO","source":"frontend","module":"webrtc/sframe-transform","message":"encrypted frame","context":{"kid":9,"ctr":7,"byteLength":62,"codecOffset":10}}

{"level":30,"time":1782109122983,"pid":26144,"hostname":"Quang","name":"canary/verifier","canaryKid":9,"mediaPackets":7,"byteIdentical":7,"divergences":1,"msg":"canary forwarding verified"}
{"level":30,"time":1782109122983,"pid":26144,"hostname":"Quang","name":"canary/loss-classifier","relayMinerId":"relay-byzantine-R","promoted":0,"absorbed":1,"tampers":0,"cumulativeCrossed":false,"msg":"canary divergences classified (drop gate / tamper p=1)"}
{"level":30,"time":1782109122983,"pid":26144,"hostname":"Quang","name":"canary/verify-loop","round":1,"relayMinerId":"relay-byzantine-R","roomId":"mesh-room","perReceiver":2,"promoted":0,"absorbed":1,"stunLossBps":"0","msg":"canary verify round classified (hermetic half — synthetic capture, STUN read live)"}
[90mstdout[2m | apps/validator-daemon/src/canary/__tests__/mesh-byzantine.test.ts[2m > [22m[2mREQ-RMS-015 — isRelayFlaggedByCanary mirrors the classifier cumulative gate[2m > [22m[2mflags R (sustained drops) and not R2 (zero drops) after >= MIN_ROUNDS
[22m[39m{"timestamp":"2026-06-22T06:18:42.983Z","level":"INFO","source":"frontend","module":"webrtc/sframe-transform","message":"encrypted frame","context":{"kid":9,"ctr":0,"byteLength":62,"codecOffset":10}}

[90mstdout[2m | apps/validator-daemon/src/canary/__tests__/mesh-byzantine.test.ts[2m > [22m[2mREQ-RMS-015 — isRelayFlaggedByCanary mirrors the classifier cumulative gate[2m > [22m[2mflags R (sustained drops) and not R2 (zero drops) after >= MIN_ROUNDS
[22m[39m{"timestamp":"2026-06-22T06:18:42.984Z","level":"INFO","source":"frontend","module":"webrtc/sframe-transform","message":"encrypted frame","context":{"kid":9,"ctr":1,"byteLength":62,"codecOffset":10}}

[90mstdout[2m | apps/validator-daemon/src/canary/__tests__/mesh-byzantine.test.ts[2m > [22m[2mREQ-RMS-015 — isRelayFlaggedByCanary mirrors the classifier cumulative gate[2m > [22m[2mflags R (sustained drops) and not R2 (zero drops) after >= MIN_ROUNDS
[22m[39m{"timestamp":"2026-06-22T06:18:42.984Z","level":"INFO","source":"frontend","module":"webrtc/sframe-transform","message":"encrypted frame","context":{"kid":9,"ctr":2,"byteLength":62,"codecOffset":10}}

[90mstdout[2m | apps/validator-daemon/src/canary/__tests__/mesh-byzantine.test.ts[2m > [22m[2mREQ-RMS-015 — isRelayFlaggedByCanary mirrors the classifier cumulative gate[2m > [22m[2mflags R (sustained drops) and not R2 (zero drops) after >= MIN_ROUNDS
[22m[39m{"timestamp":"2026-06-22T06:18:42.985Z","level":"INFO","source":"frontend","module":"webrtc/sframe-transform","message":"encrypted frame","context":{"kid":9,"ctr":3,"byteLength":62,"codecOffset":10}}

[90mstdout[2m | apps/validator-daemon/src/canary/__tests__/mesh-byzantine.test.ts[2m > [22m[2mREQ-RMS-015 — isRelayFlaggedByCanary mirrors the classifier cumulative gate[2m > [22m[2mflags R (sustained drops) and not R2 (zero drops) after >= MIN_ROUNDS
[22m[39m{"timestamp":"2026-06-22T06:18:42.985Z","level":"INFO","source":"frontend","module":"webrtc/sframe-transform","message":"encrypted frame","context":{"kid":9,"ctr":4,"byteLength":62,"codecOffset":10}}

[90mstdout[2m | apps/validator-daemon/src/canary/__tests__/mesh-byzantine.test.ts[2m > [22m[2mREQ-RMS-015 — isRelayFlaggedByCanary mirrors the classifier cumulative gate[2m > [22m[2mflags R (sustained drops) and not R2 (zero drops) after >= MIN_ROUNDS
[22m[39m{"timestamp":"2026-06-22T06:18:42.986Z","level":"INFO","source":"frontend","module":"webrtc/sframe-transform","message":"encrypted frame","context":{"kid":9,"ctr":5,"byteLength":62,"codecOffset":10}}

[90mstdout[2m | apps/validator-daemon/src/canary/__tests__/mesh-byzantine.test.ts[2m > [22m[2mREQ-RMS-015 — isRelayFlaggedByCanary mirrors the classifier cumulative gate[2m > [22m[2mflags R (sustained drops) and not R2 (zero drops) after >= MIN_ROUNDS
[22m[39m{"timestamp":"2026-06-22T06:18:42.986Z","level":"INFO","source":"frontend","module":"webrtc/sframe-transform","message":"encrypted frame","context":{"kid":9,"ctr":6,"byteLength":62,"codecOffset":10}}

[90mstdout[2m | apps/validator-daemon/src/canary/__tests__/mesh-byzantine.test.ts[2m > [22m[2mREQ-RMS-015 — isRelayFlaggedByCanary mirrors the classifier cumulative gate[2m > [22m[2mflags R (sustained drops) and not R2 (zero drops) after >= MIN_ROUNDS
[22m[39m{"timestamp":"2026-06-22T06:18:42.986Z","level":"INFO","source":"frontend","module":"webrtc/sframe-transform","message":"encrypted frame","context":{"kid":9,"ctr":7,"byteLength":62,"codecOffset":10}}

[90mstdout[2m | apps/validator-daemon/src/canary/__tests__/mesh-byzantine.test.ts[2m > [22m[2mREQ-RMS-015 — isRelayFlaggedByCanary mirrors the classifier cumulative gate[2m > [22m[2mflags R (sustained drops) and not R2 (zero drops) after >= MIN_ROUNDS
[22m[39m{"timestamp":"2026-06-22T06:18:42.987Z","level":"INFO","source":"frontend","module":"webrtc/sframe-transform","message":"encrypted frame","context":{"kid":9,"ctr":0,"byteLength":62,"codecOffset":10}}

[90mstdout[2m | apps/validator-daemon/src/canary/__tests__/mesh-byzantine.test.ts[2m > [22m[2mREQ-RMS-015 — isRelayFlaggedByCanary mirrors the classifier cumulative gate[2m > [22m[2mflags R (sustained drops) and not R2 (zero drops) after >= MIN_ROUNDS
[22m[39m{"timestamp":"2026-06-22T06:18:42.987Z","level":"INFO","source":"frontend","module":"webrtc/sframe-transform","message":"encrypted frame","context":{"kid":9,"ctr":1,"byteLength":62,"codecOffset":10}}

[90mstdout[2m | apps/validator-daemon/src/canary/__tests__/mesh-byzantine.test.ts[2m > [22m[2mREQ-RMS-015 — isRelayFlaggedByCanary mirrors the classifier cumulative gate[2m > [22m[2mflags R (sustained drops) and not R2 (zero drops) after >= MIN_ROUNDS
[22m[39m{"timestamp":"2026-06-22T06:18:42.988Z","level":"INFO","source":"frontend","module":"webrtc/sframe-transform","message":"encrypted frame","context":{"kid":9,"ctr":2,"byteLength":62,"codecOffset":10}}

[90mstdout[2m | apps/validator-daemon/src/canary/__tests__/mesh-byzantine.test.ts[2m > [22m[2mREQ-RMS-015 — isRelayFlaggedByCanary mirrors the classifier cumulative gate[2m > [22m[2mflags R (sustained drops) and not R2 (zero drops) after >= MIN_ROUNDS
[22m[39m{"timestamp":"2026-06-22T06:18:42.988Z","level":"INFO","source":"frontend","module":"webrtc/sframe-transform","message":"encrypted frame","context":{"kid":9,"ctr":3,"byteLength":62,"codecOffset":10}}

[90mstdout[2m | apps/validator-daemon/src/canary/__tests__/mesh-byzantine.test.ts[2m > [22m[2mREQ-RMS-015 — isRelayFlaggedByCanary mirrors the classifier cumulative gate[2m > [22m[2mflags R (sustained drops) and not R2 (zero drops) after >= MIN_ROUNDS
[22m[39m{"timestamp":"2026-06-22T06:18:42.989Z","level":"INFO","source":"frontend","module":"webrtc/sframe-transform","message":"encrypted frame","context":{"kid":9,"ctr":4,"byteLength":62,"codecOffset":10}}

[90mstdout[2m | apps/validator-daemon/src/canary/__tests__/mesh-byzantine.test.ts[2m > [22m[2mREQ-RMS-015 — isRelayFlaggedByCanary mirrors the classifier cumulative gate[2m > [22m[2mflags R (sustained drops) and not R2 (zero drops) after >= MIN_ROUNDS
[22m[39m{"timestamp":"2026-06-22T06:18:42.990Z","level":"INFO","source":"frontend","module":"webrtc/sframe-transform","message":"encrypted frame","context":{"kid":9,"ctr":5,"byteLength":62,"codecOffset":10}}

[90mstdout[2m | apps/validator-daemon/src/canary/__tests__/mesh-byzantine.test.ts[2m > [22m[2mREQ-RMS-015 — isRelayFlaggedByCanary mirrors the classifier cumulative gate[2m > [22m[2mflags R (sustained drops) and not R2 (zero drops) after >= MIN_ROUNDS
[22m[39m{"timestamp":"2026-06-22T06:18:42.990Z","level":"INFO","source":"frontend","module":"webrtc/sframe-transform","message":"encrypted frame","context":{"kid":9,"ctr":6,"byteLength":62,"codecOffset":10}}

[90mstdout[2m | apps/validator-daemon/src/canary/__tests__/mesh-byzantine.test.ts[2m > [22m[2mREQ-RMS-015 — isRelayFlaggedByCanary mirrors the classifier cumulative gate[2m > [22m[2mflags R (sustained drops) and not R2 (zero drops) after >= MIN_ROUNDS
[22m[39m{"timestamp":"2026-06-22T06:18:42.990Z","level":"INFO","source":"frontend","module":"webrtc/sframe-transform","message":"encrypted frame","context":{"kid":9,"ctr":7,"byteLength":62,"codecOffset":10}}

{"level":30,"time":1782109122990,"pid":26144,"hostname":"Quang","name":"canary/verifier","canaryKid":9,"mediaPackets":8,"byteIdentical":8,"divergences":0,"msg":"canary forwarding verified"}
[90mstdout[2m | apps/validator-daemon/src/canary/__tests__/mesh-byzantine.test.ts[2m > [22m[2mREQ-RMS-015 — isRelayFlaggedByCanary mirrors the classifier cumulative gate[2m > [22m[2mflags R (sustained drops) and not R2 (zero drops) after >= MIN_ROUNDS
[22m[39m{"timestamp":"2026-06-22T06:18:42.991Z","level":"INFO","source":"frontend","module":"webrtc/sframe-transform","message":"encrypted frame","context":{"kid":9,"ctr":0,"byteLength":62,"codecOffset":10}}

[90mstdout[2m | apps/validator-daemon/src/canary/__tests__/mesh-byzantine.test.ts[2m > [22m[2mREQ-RMS-015 — isRelayFlaggedByCanary mirrors the classifier cumulative gate[2m > [22m[2mflags R (sustained drops) and not R2 (zero drops) after >= MIN_ROUNDS
[22m[39m{"timestamp":"2026-06-22T06:18:42.991Z","level":"INFO","source":"frontend","module":"webrtc/sframe-transform","message":"encrypted frame","context":{"kid":9,"ctr":1,"byteLength":62,"codecOffset":10}}

[90mstdout[2m | apps/validator-daemon/src/canary/__tests__/mesh-byzantine.test.ts[2m > [22m[2mREQ-RMS-015 — isRelayFlaggedByCanary mirrors the classifier cumulative gate[2m > [22m[2mflags R (sustained drops) and not R2 (zero drops) after >= MIN_ROUNDS
[22m[39m{"timestamp":"2026-06-22T06:18:42.992Z","level":"INFO","source":"frontend","module":"webrtc/sframe-transform","message":"encrypted frame","context":{"kid":9,"ctr":2,"byteLength":62,"codecOffset":10}}

[90mstdout[2m | apps/validator-daemon/src/canary/__tests__/mesh-byzantine.test.ts[2m > [22m[2mREQ-RMS-015 — isRelayFlaggedByCanary mirrors the classifier cumulative gate[2m > [22m[2mflags R (sustained drops) and not R2 (zero drops) after >= MIN_ROUNDS
[22m[39m{"timestamp":"2026-06-22T06:18:42.992Z","level":"INFO","source":"frontend","module":"webrtc/sframe-transform","message":"encrypted frame","context":{"kid":9,"ctr":3,"byteLength":62,"codecOffset":10}}

[90mstdout[2m | apps/validator-daemon/src/canary/__tests__/mesh-byzantine.test.ts[2m > [22m[2mREQ-RMS-015 — isRelayFlaggedByCanary mirrors the classifier cumulative gate[2m > [22m[2mflags R (sustained drops) and not R2 (zero drops) after >= MIN_ROUNDS
[22m[39m{"timestamp":"2026-06-22T06:18:42.993Z","level":"INFO","source":"frontend","module":"webrtc/sframe-transform","message":"encrypted frame","context":{"kid":9,"ctr":4,"byteLength":62,"codecOffset":10}}

[90mstdout[2m | apps/validator-daemon/src/canary/__tests__/mesh-byzantine.test.ts[2m > [22m[2mREQ-RMS-015 — isRelayFlaggedByCanary mirrors the classifier cumulative gate[2m > [22m[2mflags R (sustained drops) and not R2 (zero drops) after >= MIN_ROUNDS
[22m[39m{"timestamp":"2026-06-22T06:18:42.993Z","level":"INFO","source":"frontend","module":"webrtc/sframe-transform","message":"encrypted frame","context":{"kid":9,"ctr":5,"byteLength":62,"codecOffset":10}}

[90mstdout[2m | apps/validator-daemon/src/canary/__tests__/mesh-byzantine.test.ts[2m > [22m[2mREQ-RMS-015 — isRelayFlaggedByCanary mirrors the classifier cumulative gate[2m > [22m[2mflags R (sustained drops) and not R2 (zero drops) after >= MIN_ROUNDS
[22m[39m{"timestamp":"2026-06-22T06:18:42.994Z","level":"INFO","source":"frontend","module":"webrtc/sframe-transform","message":"encrypted frame","context":{"kid":9,"ctr":6,"byteLength":62,"codecOffset":10}}

[90mstdout[2m | apps/validator-daemon/src/canary/__tests__/mesh-byzantine.test.ts[2m > [22m[2mREQ-RMS-015 — isRelayFlaggedByCanary mirrors the classifier cumulative gate[2m > [22m[2mflags R (sustained drops) and not R2 (zero drops) after >= MIN_ROUNDS
[22m[39m{"timestamp":"2026-06-22T06:18:42.994Z","level":"INFO","source":"frontend","module":"webrtc/sframe-transform","message":"encrypted frame","context":{"kid":9,"ctr":7,"byteLength":62,"codecOffset":10}}

{"level":30,"time":1782109122994,"pid":26144,"hostname":"Quang","name":"canary/verifier","canaryKid":9,"mediaPackets":8,"byteIdentical":8,"divergences":0,"msg":"canary forwarding verified"}
{"level":30,"time":1782109122994,"pid":26144,"hostname":"Quang","name":"canary/loss-classifier","relayMinerId":"relay-honest-R2","promoted":0,"absorbed":0,"tampers":0,"cumulativeCrossed":false,"msg":"canary divergences classified (drop gate / tamper p=1)"}
{"level":30,"time":1782109122994,"pid":26144,"hostname":"Quang","name":"canary/verify-loop","round":1,"relayMinerId":"relay-honest-R2","roomId":"mesh-room","perReceiver":2,"promoted":0,"absorbed":0,"stunLossBps":"0","msg":"canary verify round classified (hermetic half — synthetic capture, STUN read live)"}
[90mstdout[2m | apps/validator-daemon/src/canary/__tests__/mesh-byzantine.test.ts[2m > [22m[2mREQ-RMS-015 — isRelayFlaggedByCanary mirrors the classifier cumulative gate[2m > [22m[2mflags R (sustained drops) and not R2 (zero drops) after >= MIN_ROUNDS
[22m[39m{"timestamp":"2026-06-22T06:18:42.995Z","level":"INFO","source":"frontend","module":"webrtc/sframe-transform","message":"encrypted frame","context":{"kid":9,"ctr":0,"byteLength":62,"codecOffset":10}}

[90mstdout[2m | apps/validator-daemon/src/canary/__tests__/mesh-byzantine.test.ts[2m > [22m[2mREQ-RMS-015 — isRelayFlaggedByCanary mirrors the classifier cumulative gate[2m > [22m[2mflags R (sustained drops) and not R2 (zero drops) after >= MIN_ROUNDS
[22m[39m{"timestamp":"2026-06-22T06:18:42.995Z","level":"INFO","source":"frontend","module":"webrtc/sframe-transform","message":"encrypted frame","context":{"kid":9,"ctr":1,"byteLength":62,"codecOffset":10}}

[90mstdout[2m | apps/validator-daemon/src/canary/__tests__/mesh-byzantine.test.ts[2m > [22m[2mREQ-RMS-015 — isRelayFlaggedByCanary mirrors the classifier cumulative gate[2m > [22m[2mflags R (sustained drops) and not R2 (zero drops) after >= MIN_ROUNDS
[22m[39m{"timestamp":"2026-06-22T06:18:42.996Z","level":"INFO","source":"frontend","module":"webrtc/sframe-transform","message":"encrypted frame","context":{"kid":9,"ctr":2,"byteLength":62,"codecOffset":10}}

[90mstdout[2m | apps/validator-daemon/src/canary/__tests__/mesh-byzantine.test.ts[2m > [22m[2mREQ-RMS-015 — isRelayFlaggedByCanary mirrors the classifier cumulative gate[2m > [22m[2mflags R (sustained drops) and not R2 (zero drops) after >= MIN_ROUNDS
[22m[39m{"timestamp":"2026-06-22T06:18:42.997Z","level":"INFO","source":"frontend","module":"webrtc/sframe-transform","message":"encrypted frame","context":{"kid":9,"ctr":3,"byteLength":62,"codecOffset":10}}

[90mstdout[2m | apps/validator-daemon/src/canary/__tests__/mesh-byzantine.test.ts[2m > [22m[2mREQ-RMS-015 — isRelayFlaggedByCanary mirrors the classifier cumulative gate[2m > [22m[2mflags R (sustained drops) and not R2 (zero drops) after >= MIN_ROUNDS
[22m[39m{"timestamp":"2026-06-22T06:18:42.997Z","level":"INFO","source":"frontend","module":"webrtc/sframe-transform","message":"encrypted frame","context":{"kid":9,"ctr":4,"byteLength":62,"codecOffset":10}}

[90mstdout[2m | apps/validator-daemon/src/canary/__tests__/mesh-byzantine.test.ts[2m > [22m[2mREQ-RMS-015 — isRelayFlaggedByCanary mirrors the classifier cumulative gate[2m > [22m[2mflags R (sustained drops) and not R2 (zero drops) after >= MIN_ROUNDS
[22m[39m{"timestamp":"2026-06-22T06:18:42.998Z","level":"INFO","source":"frontend","module":"webrtc/sframe-transform","message":"encrypted frame","context":{"kid":9,"ctr":6,"byteLength":62,"codecOffset":10}}

[90mstdout[2m | apps/validator-daemon/src/canary/__tests__/mesh-byzantine.test.ts[2m > [22m[2mREQ-RMS-015 — isRelayFlaggedByCanary mirrors the classifier cumulative gate[2m > [22m[2mflags R (sustained drops) and not R2 (zero drops) after >= MIN_ROUNDS
[22m[39m{"timestamp":"2026-06-22T06:18:42.998Z","level":"INFO","source":"frontend","module":"webrtc/sframe-transform","message":"encrypted frame","context":{"kid":9,"ctr":7,"byteLength":62,"codecOffset":10}}

[90mstdout[2m | apps/validator-daemon/src/canary/__tests__/mesh-byzantine.test.ts[2m > [22m[2mREQ-RMS-015 — isRelayFlaggedByCanary mirrors the classifier cumulative gate[2m > [22m[2mflags R (sustained drops) and not R2 (zero drops) after >= MIN_ROUNDS
[22m[39m{"timestamp":"2026-06-22T06:18:42.998Z","level":"INFO","source":"frontend","module":"webrtc/sframe-transform","message":"encrypted frame","context":{"kid":9,"ctr":0,"byteLength":62,"codecOffset":10}}

[90mstdout[2m | apps/validator-daemon/src/canary/__tests__/mesh-byzantine.test.ts[2m > [22m[2mREQ-RMS-015 — isRelayFlaggedByCanary mirrors the classifier cumulative gate[2m > [22m[2mflags R (sustained drops) and not R2 (zero drops) after >= MIN_ROUNDS
[22m[39m{"timestamp":"2026-06-22T06:18:42.999Z","level":"INFO","source":"frontend","module":"webrtc/sframe-transform","message":"encrypted frame","context":{"kid":9,"ctr":1,"byteLength":62,"codecOffset":10}}

[90mstdout[2m | apps/validator-daemon/src/canary/__tests__/mesh-byzantine.test.ts[2m > [22m[2mREQ-RMS-015 — isRelayFlaggedByCanary mirrors the classifier cumulative gate[2m > [22m[2mflags R (sustained drops) and not R2 (zero drops) after >= MIN_ROUNDS
[22m[39m{"timestamp":"2026-06-22T06:18:42.999Z","level":"INFO","source":"frontend","module":"webrtc/sframe-transform","message":"encrypted frame","context":{"kid":9,"ctr":2,"byteLength":62,"codecOffset":10}}

[90mstdout[2m | apps/validator-daemon/src/canary/__tests__/mesh-byzantine.test.ts[2m > [22m[2mREQ-RMS-015 — isRelayFlaggedByCanary mirrors the classifier cumulative gate[2m > [22m[2mflags R (sustained drops) and not R2 (zero drops) after >= MIN_ROUNDS
[22m[39m{"timestamp":"2026-06-22T06:18:43.000Z","level":"INFO","source":"frontend","module":"webrtc/sframe-transform","message":"encrypted frame","context":{"kid":9,"ctr":3,"byteLength":62,"codecOffset":10}}

[90mstdout[2m | apps/validator-daemon/src/canary/__tests__/mesh-byzantine.test.ts[2m > [22m[2mREQ-RMS-015 — isRelayFlaggedByCanary mirrors the classifier cumulative gate[2m > [22m[2mflags R (sustained drops) and not R2 (zero drops) after >= MIN_ROUNDS
[22m[39m{"timestamp":"2026-06-22T06:18:43.000Z","level":"INFO","source":"frontend","module":"webrtc/sframe-transform","message":"encrypted frame","context":{"kid":9,"ctr":4,"byteLength":62,"codecOffset":10}}

[90mstdout[2m | apps/validator-daemon/src/canary/__tests__/mesh-byzantine.test.ts[2m > [22m[2mREQ-RMS-015 — isRelayFlaggedByCanary mirrors the classifier cumulative gate[2m > [22m[2mflags R (sustained drops) and not R2 (zero drops) after >= MIN_ROUNDS
[22m[39m{"timestamp":"2026-06-22T06:18:43.000Z","level":"INFO","source":"frontend","module":"webrtc/sframe-transform","message":"encrypted frame","context":{"kid":9,"ctr":5,"byteLength":62,"codecOffset":10}}

[90mstdout[2m | apps/validator-daemon/src/canary/__tests__/mesh-byzantine.test.ts[2m > [22m[2mREQ-RMS-015 — isRelayFlaggedByCanary mirrors the classifier cumulative gate[2m > [22m[2mflags R (sustained drops) and not R2 (zero drops) after >= MIN_ROUNDS
[22m[39m{"timestamp":"2026-06-22T06:18:43.001Z","level":"INFO","source":"frontend","module":"webrtc/sframe-transform","message":"encrypted frame","context":{"kid":9,"ctr":6,"byteLength":62,"codecOffset":10}}

[90mstdout[2m | apps/validator-daemon/src/canary/__tests__/mesh-byzantine.test.ts[2m > [22m[2mREQ-RMS-015 — isRelayFlaggedByCanary mirrors the classifier cumulative gate[2m > [22m[2mflags R (sustained drops) and not R2 (zero drops) after >= MIN_ROUNDS
[22m[39m{"timestamp":"2026-06-22T06:18:43.001Z","level":"INFO","source":"frontend","module":"webrtc/sframe-transform","message":"encrypted frame","context":{"kid":9,"ctr":7,"byteLength":62,"codecOffset":10}}

{"level":30,"time":1782109123001,"pid":26144,"hostname":"Quang","name":"canary/verifier","canaryKid":9,"mediaPackets":7,"byteIdentical":7,"divergences":1,"msg":"canary forwarding verified"}
[90mstdout[2m | apps/validator-daemon/src/canary/__tests__/mesh-byzantine.test.ts[2m > [22m[2mREQ-RMS-015 — isRelayFlaggedByCanary mirrors the classifier cumulative gate[2m > [22m[2mflags R (sustained drops) and not R2 (zero drops) after >= MIN_ROUNDS
[22m[39m{"timestamp":"2026-06-22T06:18:43.001Z","level":"INFO","source":"frontend","module":"webrtc/sframe-transform","message":"encrypted frame","context":{"kid":9,"ctr":0,"byteLength":62,"codecOffset":10}}

[90mstdout[2m | apps/validator-daemon/src/canary/__tests__/mesh-byzantine.test.ts[2m > [22m[2mREQ-RMS-015 — isRelayFlaggedByCanary mirrors the classifier cumulative gate[2m > [22m[2mflags R (sustained drops) and not R2 (zero drops) after >= MIN_ROUNDS
[22m[39m{"timestamp":"2026-06-22T06:18:43.002Z","level":"INFO","source":"frontend","module":"webrtc/sframe-transform","message":"encrypted frame","context":{"kid":9,"ctr":1,"byteLength":62,"codecOffset":10}}

[90mstdout[2m | apps/validator-daemon/src/canary/__tests__/mesh-byzantine.test.ts[2m > [22m[2mREQ-RMS-015 — isRelayFlaggedByCanary mirrors the classifier cumulative gate[2m > [22m[2mflags R (sustained drops) and not R2 (zero drops) after >= MIN_ROUNDS
[22m[39m{"timestamp":"2026-06-22T06:18:43.002Z","level":"INFO","source":"frontend","module":"webrtc/sframe-transform","message":"encrypted frame","context":{"kid":9,"ctr":2,"byteLength":62,"codecOffset":10}}

[90mstdout[2m | apps/validator-daemon/src/canary/__tests__/mesh-byzantine.test.ts[2m > [22m[2mREQ-RMS-015 — isRelayFlaggedByCanary mirrors the classifier cumulative gate[2m > [22m[2mflags R (sustained drops) and not R2 (zero drops) after >= MIN_ROUNDS
[22m[39m{"timestamp":"2026-06-22T06:18:43.003Z","level":"INFO","source":"frontend","module":"webrtc/sframe-transform","message":"encrypted frame","context":{"kid":9,"ctr":3,"byteLength":62,"codecOffset":10}}

[90mstdout[2m | apps/validator-daemon/src/canary/__tests__/mesh-byzantine.test.ts[2m > [22m[2mREQ-RMS-015 — isRelayFlaggedByCanary mirrors the classifier cumulative gate[2m > [22m[2mflags R (sustained drops) and not R2 (zero drops) after >= MIN_ROUNDS
[22m[39m{"timestamp":"2026-06-22T06:18:43.003Z","level":"INFO","source":"frontend","module":"webrtc/sframe-transform","message":"encrypted frame","context":{"kid":9,"ctr":4,"byteLength":62,"codecOffset":10}}

[90mstdout[2m | apps/validator-daemon/src/canary/__tests__/mesh-byzantine.test.ts[2m > [22m[2mREQ-RMS-015 — isRelayFlaggedByCanary mirrors the classifier cumulative gate[2m > [22m[2mflags R (sustained drops) and not R2 (zero drops) after >= MIN_ROUNDS
[22m[39m{"timestamp":"2026-06-22T06:18:43.004Z","level":"INFO","source":"frontend","module":"webrtc/sframe-transform","message":"encrypted frame","context":{"kid":9,"ctr":5,"byteLength":62,"codecOffset":10}}

[90mstdout[2m | apps/validator-daemon/src/canary/__tests__/mesh-byzantine.test.ts[2m > [22m[2mREQ-RMS-015 — isRelayFlaggedByCanary mirrors the classifier cumulative gate[2m > [22m[2mflags R (sustained drops) and not R2 (zero drops) after >= MIN_ROUNDS
[22m[39m{"timestamp":"2026-06-22T06:18:43.004Z","level":"INFO","source":"frontend","module":"webrtc/sframe-transform","message":"encrypted frame","context":{"kid":9,"ctr":6,"byteLength":62,"codecOffset":10}}

[90mstdout[2m | apps/validator-daemon/src/canary/__tests__/mesh-byzantine.test.ts[2m > [22m[2mREQ-RMS-015 — isRelayFlaggedByCanary mirrors the classifier cumulative gate[2m > [22m[2mflags R (sustained drops) and not R2 (zero drops) after >= MIN_ROUNDS
[22m[39m{"timestamp":"2026-06-22T06:18:43.005Z","level":"INFO","source":"frontend","module":"webrtc/sframe-transform","message":"encrypted frame","context":{"kid":9,"ctr":7,"byteLength":62,"codecOffset":10}}

{"level":30,"time":1782109123005,"pid":26144,"hostname":"Quang","name":"canary/verifier","canaryKid":9,"mediaPackets":7,"byteIdentical":7,"divergences":1,"msg":"canary forwarding verified"}
{"level":30,"time":1782109123005,"pid":26144,"hostname":"Quang","name":"canary/loss-classifier","relayMinerId":"relay-byzantine-R","promoted":0,"absorbed":1,"tampers":0,"cumulativeCrossed":false,"msg":"canary divergences classified (drop gate / tamper p=1)"}
{"level":30,"time":1782109123005,"pid":26144,"hostname":"Quang","name":"canary/verify-loop","round":2,"relayMinerId":"relay-byzantine-R","roomId":"mesh-room","perReceiver":2,"promoted":0,"absorbed":1,"stunLossBps":"0","msg":"canary verify round classified (hermetic half — synthetic capture, STUN read live)"}
[90mstdout[2m | apps/validator-daemon/src/canary/__tests__/mesh-byzantine.test.ts[2m > [22m[2mREQ-RMS-015 — isRelayFlaggedByCanary mirrors the classifier cumulative gate[2m > [22m[2mflags R (sustained drops) and not R2 (zero drops) after >= MIN_ROUNDS
[22m[39m{"timestamp":"2026-06-22T06:18:43.006Z","level":"INFO","source":"frontend","module":"webrtc/sframe-transform","message":"encrypted frame","context":{"kid":9,"ctr":0,"byteLength":62,"codecOffset":10}}

[90mstdout[2m | apps/validator-daemon/src/canary/__tests__/mesh-byzantine.test.ts[2m > [22m[2mREQ-RMS-015 — isRelayFlaggedByCanary mirrors the classifier cumulative gate[2m > [22m[2mflags R (sustained drops) and not R2 (zero drops) after >= MIN_ROUNDS
[22m[39m{"timestamp":"2026-06-22T06:18:43.006Z","level":"INFO","source":"frontend","module":"webrtc/sframe-transform","message":"encrypted frame","context":{"kid":9,"ctr":1,"byteLength":62,"codecOffset":10}}

[90mstdout[2m | apps/validator-daemon/src/canary/__tests__/mesh-byzantine.test.ts[2m > [22m[2mREQ-RMS-015 — isRelayFlaggedByCanary mirrors the classifier cumulative gate[2m > [22m[2mflags R (sustained drops) and not R2 (zero drops) after >= MIN_ROUNDS
[22m[39m{"timestamp":"2026-06-22T06:18:43.007Z","level":"INFO","source":"frontend","module":"webrtc/sframe-transform","message":"encrypted frame","context":{"kid":9,"ctr":2,"byteLength":62,"codecOffset":10}}

[90mstdout[2m | apps/validator-daemon/src/canary/__tests__/mesh-byzantine.test.ts[2m > [22m[2mREQ-RMS-015 — isRelayFlaggedByCanary mirrors the classifier cumulative gate[2m > [22m[2mflags R (sustained drops) and not R2 (zero drops) after >= MIN_ROUNDS
[22m[39m{"timestamp":"2026-06-22T06:18:43.007Z","level":"INFO","source":"frontend","module":"webrtc/sframe-transform","message":"encrypted frame","context":{"kid":9,"ctr":3,"byteLength":62,"codecOffset":10}}

[90mstdout[2m | apps/validator-daemon/src/canary/__tests__/mesh-byzantine.test.ts[2m > [22m[2mREQ-RMS-015 — isRelayFlaggedByCanary mirrors the classifier cumulative gate[2m > [22m[2mflags R (sustained drops) and not R2 (zero drops) after >= MIN_ROUNDS
[22m[39m{"timestamp":"2026-06-22T06:18:43.008Z","level":"INFO","source":"frontend","module":"webrtc/sframe-transform","message":"encrypted frame","context":{"kid":9,"ctr":4,"byteLength":62,"codecOffset":10}}

[90mstdout[2m | apps/validator-daemon/src/canary/__tests__/mesh-byzantine.test.ts[2m > [22m[2mREQ-RMS-015 — isRelayFlaggedByCanary mirrors the classifier cumulative gate[2m > [22m[2mflags R (sustained drops) and not R2 (zero drops) after >= MIN_ROUNDS
[22m[39m{"timestamp":"2026-06-22T06:18:43.009Z","level":"INFO","source":"frontend","module":"webrtc/sframe-transform","message":"encrypted frame","context":{"kid":9,"ctr":5,"byteLength":62,"codecOffset":10}}

[90mstdout[2m | apps/validator-daemon/src/canary/__tests__/mesh-byzantine.test.ts[2m > [22m[2mREQ-RMS-015 — isRelayFlaggedByCanary mirrors the classifier cumulative gate[2m > [22m[2mflags R (sustained drops) and not R2 (zero drops) after >= MIN_ROUNDS
[22m[39m{"timestamp":"2026-06-22T06:18:43.009Z","level":"INFO","source":"frontend","module":"webrtc/sframe-transform","message":"encrypted frame","context":{"kid":9,"ctr":6,"byteLength":62,"codecOffset":10}}

[90mstdout[2m | apps/validator-daemon/src/canary/__tests__/mesh-byzantine.test.ts[2m > [22m[2mREQ-RMS-015 — isRelayFlaggedByCanary mirrors the classifier cumulative gate[2m > [22m[2mflags R (sustained drops) and not R2 (zero drops) after >= MIN_ROUNDS
[22m[39m{"timestamp":"2026-06-22T06:18:43.010Z","level":"INFO","source":"frontend","module":"webrtc/sframe-transform","message":"encrypted frame","context":{"kid":9,"ctr":7,"byteLength":62,"codecOffset":10}}

[90mstdout[2m | apps/validator-daemon/src/canary/__tests__/mesh-byzantine.test.ts[2m > [22m[2mREQ-RMS-015 — isRelayFlaggedByCanary mirrors the classifier cumulative gate[2m > [22m[2mflags R (sustained drops) and not R2 (zero drops) after >= MIN_ROUNDS
[22m[39m{"timestamp":"2026-06-22T06:18:43.010Z","level":"INFO","source":"frontend","module":"webrtc/sframe-transform","message":"encrypted frame","context":{"kid":9,"ctr":0,"byteLength":62,"codecOffset":10}}

[90mstdout[2m | apps/validator-daemon/src/canary/__tests__/mesh-byzantine.test.ts[2m > [22m[2mREQ-RMS-015 — isRelayFlaggedByCanary mirrors the classifier cumulative gate[2m > [22m[2mflags R (sustained drops) and not R2 (zero drops) after >= MIN_ROUNDS
[22m[39m{"timestamp":"2026-06-22T06:18:43.011Z","level":"INFO","source":"frontend","module":"webrtc/sframe-transform","message":"encrypted frame","context":{"kid":9,"ctr":1,"byteLength":62,"codecOffset":10}}

[90mstdout[2m | apps/validator-daemon/src/canary/__tests__/mesh-byzantine.test.ts[2m > [22m[2mREQ-RMS-015 — isRelayFlaggedByCanary mirrors the classifier cumulative gate[2m > [22m[2mflags R (sustained drops) and not R2 (zero drops) after >= MIN_ROUNDS
[22m[39m{"timestamp":"2026-06-22T06:18:43.011Z","level":"INFO","source":"frontend","module":"webrtc/sframe-transform","message":"encrypted frame","context":{"kid":9,"ctr":2,"byteLength":62,"codecOffset":10}}

[90mstdout[2m | apps/validator-daemon/src/canary/__tests__/mesh-byzantine.test.ts[2m > [22m[2mREQ-RMS-015 — isRelayFlaggedByCanary mirrors the classifier cumulative gate[2m > [22m[2mflags R (sustained drops) and not R2 (zero drops) after >= MIN_ROUNDS
[22m[39m{"timestamp":"2026-06-22T06:18:43.012Z","level":"INFO","source":"frontend","module":"webrtc/sframe-transform","message":"encrypted frame","context":{"kid":9,"ctr":3,"byteLength":62,"codecOffset":10}}

[90mstdout[2m | apps/validator-daemon/src/canary/__tests__/mesh-byzantine.test.ts[2m > [22m[2mREQ-RMS-015 — isRelayFlaggedByCanary mirrors the classifier cumulative gate[2m > [22m[2mflags R (sustained drops) and not R2 (zero drops) after >= MIN_ROUNDS
[22m[39m{"timestamp":"2026-06-22T06:18:43.012Z","level":"INFO","source":"frontend","module":"webrtc/sframe-transform","message":"encrypted frame","context":{"kid":9,"ctr":4,"byteLength":62,"codecOffset":10}}

[90mstdout[2m | apps/validator-daemon/src/canary/__tests__/mesh-byzantine.test.ts[2m > [22m[2mREQ-RMS-015 — isRelayFlaggedByCanary mirrors the classifier cumulative gate[2m > [22m[2mflags R (sustained drops) and not R2 (zero drops) after >= MIN_ROUNDS
[22m[39m{"timestamp":"2026-06-22T06:18:43.013Z","level":"INFO","source":"frontend","module":"webrtc/sframe-transform","message":"encrypted frame","context":{"kid":9,"ctr":5,"byteLength":62,"codecOffset":10}}

[90mstdout[2m | apps/validator-daemon/src/canary/__tests__/mesh-byzantine.test.ts[2m > [22m[2mREQ-RMS-015 — isRelayFlaggedByCanary mirrors the classifier cumulative gate[2m > [22m[2mflags R (sustained drops) and not R2 (zero drops) after >= MIN_ROUNDS
[22m[39m{"timestamp":"2026-06-22T06:18:43.013Z","level":"INFO","source":"frontend","module":"webrtc/sframe-transform","message":"encrypted frame","context":{"kid":9,"ctr":6,"byteLength":62,"codecOffset":10}}

[90mstdout[2m | apps/validator-daemon/src/canary/__tests__/mesh-byzantine.test.ts[2m > [22m[2mREQ-RMS-015 — isRelayFlaggedByCanary mirrors the classifier cumulative gate[2m > [22m[2mflags R (sustained drops) and not R2 (zero drops) after >= MIN_ROUNDS
[22m[39m{"timestamp":"2026-06-22T06:18:43.014Z","level":"INFO","source":"frontend","module":"webrtc/sframe-transform","message":"encrypted frame","context":{"kid":9,"ctr":7,"byteLength":62,"codecOffset":10}}

{"level":30,"time":1782109123014,"pid":26144,"hostname":"Quang","name":"canary/verifier","canaryKid":9,"mediaPackets":8,"byteIdentical":8,"divergences":0,"msg":"canary forwarding verified"}
[90mstdout[2m | apps/validator-daemon/src/canary/__tests__/mesh-byzantine.test.ts[2m > [22m[2mREQ-RMS-015 — isRelayFlaggedByCanary mirrors the classifier cumulative gate[2m > [22m[2mflags R (sustained drops) and not R2 (zero drops) after >= MIN_ROUNDS
[22m[39m{"timestamp":"2026-06-22T06:18:43.014Z","level":"INFO","source":"frontend","module":"webrtc/sframe-transform","message":"encrypted frame","context":{"kid":9,"ctr":0,"byteLength":62,"codecOffset":10}}

[90mstdout[2m | apps/validator-daemon/src/canary/__tests__/mesh-byzantine.test.ts[2m > [22m[2mREQ-RMS-015 — isRelayFlaggedByCanary mirrors the classifier cumulative gate[2m > [22m[2mflags R (sustained drops) and not R2 (zero drops) after >= MIN_ROUNDS
[22m[39m{"timestamp":"2026-06-22T06:18:43.015Z","level":"INFO","source":"frontend","module":"webrtc/sframe-transform","message":"encrypted frame","context":{"kid":9,"ctr":1,"byteLength":62,"codecOffset":10}}

[90mstdout[2m | apps/validator-daemon/src/canary/__tests__/mesh-byzantine.test.ts[2m > [22m[2mREQ-RMS-015 — isRelayFlaggedByCanary mirrors the classifier cumulative gate[2m > [22m[2mflags R (sustained drops) and not R2 (zero drops) after >= MIN_ROUNDS
[22m[39m{"timestamp":"2026-06-22T06:18:43.015Z","level":"INFO","source":"frontend","module":"webrtc/sframe-transform","message":"encrypted frame","context":{"kid":9,"ctr":2,"byteLength":62,"codecOffset":10}}

[90mstdout[2m | apps/validator-daemon/src/canary/__tests__/mesh-byzantine.test.ts[2m > [22m[2mREQ-RMS-015 — isRelayFlaggedByCanary mirrors the classifier cumulative gate[2m > [22m[2mflags R (sustained drops) and not R2 (zero drops) after >= MIN_ROUNDS
[22m[39m{"timestamp":"2026-06-22T06:18:43.016Z","level":"INFO","source":"frontend","module":"webrtc/sframe-transform","message":"encrypted frame","context":{"kid":9,"ctr":3,"byteLength":62,"codecOffset":10}}

[90mstdout[2m | apps/validator-daemon/src/canary/__tests__/mesh-byzantine.test.ts[2m > [22m[2mREQ-RMS-015 — isRelayFlaggedByCanary mirrors the classifier cumulative gate[2m > [22m[2mflags R (sustained drops) and not R2 (zero drops) after >= MIN_ROUNDS
[22m[39m{"timestamp":"2026-06-22T06:18:43.016Z","level":"INFO","source":"frontend","module":"webrtc/sframe-transform","message":"encrypted frame","context":{"kid":9,"ctr":4,"byteLength":62,"codecOffset":10}}

[90mstdout[2m | apps/validator-daemon/src/canary/__tests__/mesh-byzantine.test.ts[2m > [22m[2mREQ-RMS-015 — isRelayFlaggedByCanary mirrors the classifier cumulative gate[2m > [22m[2mflags R (sustained drops) and not R2 (zero drops) after >= MIN_ROUNDS
[22m[39m{"timestamp":"2026-06-22T06:18:43.017Z","level":"INFO","source":"frontend","module":"webrtc/sframe-transform","message":"encrypted frame","context":{"kid":9,"ctr":5,"byteLength":62,"codecOffset":10}}

[90mstdout[2m | apps/validator-daemon/src/canary/__tests__/mesh-byzantine.test.ts[2m > [22m[2mREQ-RMS-015 — isRelayFlaggedByCanary mirrors the classifier cumulative gate[2m > [22m[2mflags R (sustained drops) and not R2 (zero drops) after >= MIN_ROUNDS
[22m[39m{"timestamp":"2026-06-22T06:18:43.017Z","level":"INFO","source":"frontend","module":"webrtc/sframe-transform","message":"encrypted frame","context":{"kid":9,"ctr":6,"byteLength":62,"codecOffset":10}}

[90mstdout[2m | apps/validator-daemon/src/canary/__tests__/mesh-byzantine.test.ts[2m > [22m[2mREQ-RMS-015 — isRelayFlaggedByCanary mirrors the classifier cumulative gate[2m > [22m[2mflags R (sustained drops) and not R2 (zero drops) after >= MIN_ROUNDS
[22m[39m{"timestamp":"2026-06-22T06:18:43.018Z","level":"INFO","source":"frontend","module":"webrtc/sframe-transform","message":"encrypted frame","context":{"kid":9,"ctr":7,"byteLength":62,"codecOffset":10}}

{"level":30,"time":1782109123018,"pid":26144,"hostname":"Quang","name":"canary/verifier","canaryKid":9,"mediaPackets":8,"byteIdentical":8,"divergences":0,"msg":"canary forwarding verified"}
{"level":30,"time":1782109123018,"pid":26144,"hostname":"Quang","name":"canary/loss-classifier","relayMinerId":"relay-honest-R2","promoted":0,"absorbed":0,"tampers":0,"cumulativeCrossed":false,"msg":"canary divergences classified (drop gate / tamper p=1)"}
{"level":30,"time":1782109123018,"pid":26144,"hostname":"Quang","name":"canary/verify-loop","round":2,"relayMinerId":"relay-honest-R2","roomId":"mesh-room","perReceiver":2,"promoted":0,"absorbed":0,"stunLossBps":"0","msg":"canary verify round classified (hermetic half — synthetic capture, STUN read live)"}
[90mstdout[2m | apps/validator-daemon/src/canary/__tests__/mesh-byzantine.test.ts[2m > [22m[2mREQ-RMS-015 — isRelayFlaggedByCanary mirrors the classifier cumulative gate[2m > [22m[2mflags R (sustained drops) and not R2 (zero drops) after >= MIN_ROUNDS
[22m[39m{"timestamp":"2026-06-22T06:18:43.019Z","level":"INFO","source":"frontend","module":"webrtc/sframe-transform","message":"encrypted frame","context":{"kid":9,"ctr":0,"byteLength":62,"codecOffset":10}}

[90mstdout[2m | apps/validator-daemon/src/canary/__tests__/mesh-byzantine.test.ts[2m > [22m[2mREQ-RMS-015 — isRelayFlaggedByCanary mirrors the classifier cumulative gate[2m > [22m[2mflags R (sustained drops) and not R2 (zero drops) after >= MIN_ROUNDS
[22m[39m{"timestamp":"2026-06-22T06:18:43.019Z","level":"INFO","source":"frontend","module":"webrtc/sframe-transform","message":"encrypted frame","context":{"kid":9,"ctr":1,"byteLength":62,"codecOffset":10}}

[90mstdout[2m | apps/validator-daemon/src/canary/__tests__/mesh-byzantine.test.ts[2m > [22m[2mREQ-RMS-015 — isRelayFlaggedByCanary mirrors the classifier cumulative gate[2m > [22m[2mflags R (sustained drops) and not R2 (zero drops) after >= MIN_ROUNDS
[22m[39m{"timestamp":"2026-06-22T06:18:43.019Z","level":"INFO","source":"frontend","module":"webrtc/sframe-transform","message":"encrypted frame","context":{"kid":9,"ctr":2,"byteLength":62,"codecOffset":10}}

[90mstdout[2m | apps/validator-daemon/src/canary/__tests__/mesh-byzantine.test.ts[2m > [22m[2mREQ-RMS-015 — isRelayFlaggedByCanary mirrors the classifier cumulative gate[2m > [22m[2mflags R (sustained drops) and not R2 (zero drops) after >= MIN_ROUNDS
[22m[39m{"timestamp":"2026-06-22T06:18:43.020Z","level":"INFO","source":"frontend","module":"webrtc/sframe-transform","message":"encrypted frame","context":{"kid":9,"ctr":3,"byteLength":62,"codecOffset":10}}

[90mstdout[2m | apps/validator-daemon/src/canary/__tests__/mesh-byzantine.test.ts[2m > [22m[2mREQ-RMS-015 — isRelayFlaggedByCanary mirrors the classifier cumulative gate[2m > [22m[2mflags R (sustained drops) and not R2 (zero drops) after >= MIN_ROUNDS
[22m[39m{"timestamp":"2026-06-22T06:18:43.020Z","level":"INFO","source":"frontend","module":"webrtc/sframe-transform","message":"encrypted frame","context":{"kid":9,"ctr":4,"byteLength":62,"codecOffset":10}}

[90mstdout[2m | apps/validator-daemon/src/canary/__tests__/mesh-byzantine.test.ts[2m > [22m[2mREQ-RMS-015 — isRelayFlaggedByCanary mirrors the classifier cumulative gate[2m > [22m[2mflags R (sustained drops) and not R2 (zero drops) after >= MIN_ROUNDS
[22m[39m{"timestamp":"2026-06-22T06:18:43.021Z","level":"INFO","source":"frontend","module":"webrtc/sframe-transform","message":"encrypted frame","context":{"kid":9,"ctr":6,"byteLength":62,"codecOffset":10}}

[90mstdout[2m | apps/validator-daemon/src/canary/__tests__/mesh-byzantine.test.ts[2m > [22m[2mREQ-RMS-015 — isRelayFlaggedByCanary mirrors the classifier cumulative gate[2m > [22m[2mflags R (sustained drops) and not R2 (zero drops) after >= MIN_ROUNDS
[22m[39m{"timestamp":"2026-06-22T06:18:43.021Z","level":"INFO","source":"frontend","module":"webrtc/sframe-transform","message":"encrypted frame","context":{"kid":9,"ctr":7,"byteLength":62,"codecOffset":10}}

[90mstdout[2m | apps/validator-daemon/src/canary/__tests__/mesh-byzantine.test.ts[2m > [22m[2mREQ-RMS-015 — isRelayFlaggedByCanary mirrors the classifier cumulative gate[2m > [22m[2mflags R (sustained drops) and not R2 (zero drops) after >= MIN_ROUNDS
[22m[39m{"timestamp":"2026-06-22T06:18:43.022Z","level":"INFO","source":"frontend","module":"webrtc/sframe-transform","message":"encrypted frame","context":{"kid":9,"ctr":0,"byteLength":62,"codecOffset":10}}

[90mstdout[2m | apps/validator-daemon/src/canary/__tests__/mesh-byzantine.test.ts[2m > [22m[2mREQ-RMS-015 — isRelayFlaggedByCanary mirrors the classifier cumulative gate[2m > [22m[2mflags R (sustained drops) and not R2 (zero drops) after >= MIN_ROUNDS
[22m[39m{"timestamp":"2026-06-22T06:18:43.022Z","level":"INFO","source":"frontend","module":"webrtc/sframe-transform","message":"encrypted frame","context":{"kid":9,"ctr":1,"byteLength":62,"codecOffset":10}}

[90mstdout[2m | apps/validator-daemon/src/canary/__tests__/mesh-byzantine.test.ts[2m > [22m[2mREQ-RMS-015 — isRelayFlaggedByCanary mirrors the classifier cumulative gate[2m > [22m[2mflags R (sustained drops) and not R2 (zero drops) after >= MIN_ROUNDS
[22m[39m{"timestamp":"2026-06-22T06:18:43.022Z","level":"INFO","source":"frontend","module":"webrtc/sframe-transform","message":"encrypted frame","context":{"kid":9,"ctr":2,"byteLength":62,"codecOffset":10}}

[90mstdout[2m | apps/validator-daemon/src/canary/__tests__/mesh-byzantine.test.ts[2m > [22m[2mREQ-RMS-015 — isRelayFlaggedByCanary mirrors the classifier cumulative gate[2m > [22m[2mflags R (sustained drops) and not R2 (zero drops) after >= MIN_ROUNDS
[22m[39m{"timestamp":"2026-06-22T06:18:43.023Z","level":"INFO","source":"frontend","module":"webrtc/sframe-transform","message":"encrypted frame","context":{"kid":9,"ctr":3,"byteLength":62,"codecOffset":10}}

[90mstdout[2m | apps/validator-daemon/src/canary/__tests__/mesh-byzantine.test.ts[2m > [22m[2mREQ-RMS-015 — isRelayFlaggedByCanary mirrors the classifier cumulative gate[2m > [22m[2mflags R (sustained drops) and not R2 (zero drops) after >= MIN_ROUNDS
[22m[39m{"timestamp":"2026-06-22T06:18:43.023Z","level":"INFO","source":"frontend","module":"webrtc/sframe-transform","message":"encrypted frame","context":{"kid":9,"ctr":4,"byteLength":62,"codecOffset":10}}

[90mstdout[2m | apps/validator-daemon/src/canary/__tests__/mesh-byzantine.test.ts[2m > [22m[2mREQ-RMS-015 — isRelayFlaggedByCanary mirrors the classifier cumulative gate[2m > [22m[2mflags R (sustained drops) and not R2 (zero drops) after >= MIN_ROUNDS
[22m[39m{"timestamp":"2026-06-22T06:18:43.024Z","level":"INFO","source":"frontend","module":"webrtc/sframe-transform","message":"encrypted frame","context":{"kid":9,"ctr":5,"byteLength":62,"codecOffset":10}}

[90mstdout[2m | apps/validator-daemon/src/canary/__tests__/mesh-byzantine.test.ts[2m > [22m[2mREQ-RMS-015 — isRelayFlaggedByCanary mirrors the classifier cumulative gate[2m > [22m[2mflags R (sustained drops) and not R2 (zero drops) after >= MIN_ROUNDS
[22m[39m{"timestamp":"2026-06-22T06:18:43.024Z","level":"INFO","source":"frontend","module":"webrtc/sframe-transform","message":"encrypted frame","context":{"kid":9,"ctr":6,"byteLength":62,"codecOffset":10}}

[90mstdout[2m | apps/validator-daemon/src/canary/__tests__/mesh-byzantine.test.ts[2m > [22m[2mREQ-RMS-015 — isRelayFlaggedByCanary mirrors the classifier cumulative gate[2m > [22m[2mflags R (sustained drops) and not R2 (zero drops) after >= MIN_ROUNDS
[22m[39m{"timestamp":"2026-06-22T06:18:43.024Z","level":"INFO","source":"frontend","module":"webrtc/sframe-transform","message":"encrypted frame","context":{"kid":9,"ctr":7,"byteLength":62,"codecOffset":10}}

{"level":30,"time":1782109123025,"pid":26144,"hostname":"Quang","name":"canary/verifier","canaryKid":9,"mediaPackets":7,"byteIdentical":7,"divergences":1,"msg":"canary forwarding verified"}
[90mstdout[2m | apps/validator-daemon/src/canary/__tests__/mesh-byzantine.test.ts[2m > [22m[2mREQ-RMS-015 — isRelayFlaggedByCanary mirrors the classifier cumulative gate[2m > [22m[2mflags R (sustained drops) and not R2 (zero drops) after >= MIN_ROUNDS
[22m[39m{"timestamp":"2026-06-22T06:18:43.025Z","level":"INFO","source":"frontend","module":"webrtc/sframe-transform","message":"encrypted frame","context":{"kid":9,"ctr":0,"byteLength":62,"codecOffset":10}}

[90mstdout[2m | apps/validator-daemon/src/canary/__tests__/mesh-byzantine.test.ts[2m > [22m[2mREQ-RMS-015 — isRelayFlaggedByCanary mirrors the classifier cumulative gate[2m > [22m[2mflags R (sustained drops) and not R2 (zero drops) after >= MIN_ROUNDS
[22m[39m{"timestamp":"2026-06-22T06:18:43.026Z","level":"INFO","source":"frontend","module":"webrtc/sframe-transform","message":"encrypted frame","context":{"kid":9,"ctr":1,"byteLength":62,"codecOffset":10}}

[90mstdout[2m | apps/validator-daemon/src/canary/__tests__/mesh-byzantine.test.ts[2m > [22m[2mREQ-RMS-015 — isRelayFlaggedByCanary mirrors the classifier cumulative gate[2m > [22m[2mflags R (sustained drops) and not R2 (zero drops) after >= MIN_ROUNDS
[22m[39m{"timestamp":"2026-06-22T06:18:43.026Z","level":"INFO","source":"frontend","module":"webrtc/sframe-transform","message":"encrypted frame","context":{"kid":9,"ctr":2,"byteLength":62,"codecOffset":10}}

[90mstdout[2m | apps/validator-daemon/src/canary/__tests__/mesh-byzantine.test.ts[2m > [22m[2mREQ-RMS-015 — isRelayFlaggedByCanary mirrors the classifier cumulative gate[2m > [22m[2mflags R (sustained drops) and not R2 (zero drops) after >= MIN_ROUNDS
[22m[39m{"timestamp":"2026-06-22T06:18:43.026Z","level":"INFO","source":"frontend","module":"webrtc/sframe-transform","message":"encrypted frame","context":{"kid":9,"ctr":3,"byteLength":62,"codecOffset":10}}

[90mstdout[2m | apps/validator-daemon/src/canary/__tests__/mesh-byzantine.test.ts[2m > [22m[2mREQ-RMS-015 — isRelayFlaggedByCanary mirrors the classifier cumulative gate[2m > [22m[2mflags R (sustained drops) and not R2 (zero drops) after >= MIN_ROUNDS
[22m[39m{"timestamp":"2026-06-22T06:18:43.027Z","level":"INFO","source":"frontend","module":"webrtc/sframe-transform","message":"encrypted frame","context":{"kid":9,"ctr":4,"byteLength":62,"codecOffset":10}}

[90mstdout[2m | apps/validator-daemon/src/canary/__tests__/mesh-byzantine.test.ts[2m > [22m[2mREQ-RMS-015 — isRelayFlaggedByCanary mirrors the classifier cumulative gate[2m > [22m[2mflags R (sustained drops) and not R2 (zero drops) after >= MIN_ROUNDS
[22m[39m{"timestamp":"2026-06-22T06:18:43.027Z","level":"INFO","source":"frontend","module":"webrtc/sframe-transform","message":"encrypted frame","context":{"kid":9,"ctr":5,"byteLength":62,"codecOffset":10}}

[90mstdout[2m | apps/validator-daemon/src/canary/__tests__/mesh-byzantine.test.ts[2m > [22m[2mREQ-RMS-015 — isRelayFlaggedByCanary mirrors the classifier cumulative gate[2m > [22m[2mflags R (sustained drops) and not R2 (zero drops) after >= MIN_ROUNDS
[22m[39m{"timestamp":"2026-06-22T06:18:43.028Z","level":"INFO","source":"frontend","module":"webrtc/sframe-transform","message":"encrypted frame","context":{"kid":9,"ctr":6,"byteLength":62,"codecOffset":10}}

[90mstdout[2m | apps/validator-daemon/src/canary/__tests__/mesh-byzantine.test.ts[2m > [22m[2mREQ-RMS-015 — isRelayFlaggedByCanary mirrors the classifier cumulative gate[2m > [22m[2mflags R (sustained drops) and not R2 (zero drops) after >= MIN_ROUNDS
[22m[39m{"timestamp":"2026-06-22T06:18:43.028Z","level":"INFO","source":"frontend","module":"webrtc/sframe-transform","message":"encrypted frame","context":{"kid":9,"ctr":7,"byteLength":62,"codecOffset":10}}

{"level":30,"time":1782109123028,"pid":26144,"hostname":"Quang","name":"canary/verifier","canaryKid":9,"mediaPackets":7,"byteIdentical":7,"divergences":1,"msg":"canary forwarding verified"}
{"level":30,"time":1782109123028,"pid":26144,"hostname":"Quang","name":"canary/loss-classifier","relayMinerId":"relay-byzantine-R","promoted":0,"absorbed":1,"tampers":0,"cumulativeCrossed":false,"msg":"canary divergences classified (drop gate / tamper p=1)"}
{"level":30,"time":1782109123029,"pid":26144,"hostname":"Quang","name":"canary/verify-loop","round":3,"relayMinerId":"relay-byzantine-R","roomId":"mesh-room","perReceiver":2,"promoted":0,"absorbed":1,"stunLossBps":"0","msg":"canary verify round classified (hermetic half — synthetic capture, STUN read live)"}
[90mstdout[2m | apps/validator-daemon/src/canary/__tests__/mesh-byzantine.test.ts[2m > [22m[2mREQ-RMS-015 — isRelayFlaggedByCanary mirrors the classifier cumulative gate[2m > [22m[2mflags R (sustained drops) and not R2 (zero drops) after >= MIN_ROUNDS
[22m[39m{"timestamp":"2026-06-22T06:18:43.029Z","level":"INFO","source":"frontend","module":"webrtc/sframe-transform","message":"encrypted frame","context":{"kid":9,"ctr":0,"byteLength":62,"codecOffset":10}}

[90mstdout[2m | apps/validator-daemon/src/canary/__tests__/mesh-byzantine.test.ts[2m > [22m[2mREQ-RMS-015 — isRelayFlaggedByCanary mirrors the classifier cumulative gate[2m > [22m[2mflags R (sustained drops) and not R2 (zero drops) after >= MIN_ROUNDS
[22m[39m{"timestamp":"2026-06-22T06:18:43.029Z","level":"INFO","source":"frontend","module":"webrtc/sframe-transform","message":"encrypted frame","context":{"kid":9,"ctr":1,"byteLength":62,"codecOffset":10}}

[90mstdout[2m | apps/validator-daemon/src/canary/__tests__/mesh-byzantine.test.ts[2m > [22m[2mREQ-RMS-015 — isRelayFlaggedByCanary mirrors the classifier cumulative gate[2m > [22m[2mflags R (sustained drops) and not R2 (zero drops) after >= MIN_ROUNDS
[22m[39m{"timestamp":"2026-06-22T06:18:43.030Z","level":"INFO","source":"frontend","module":"webrtc/sframe-transform","message":"encrypted frame","context":{"kid":9,"ctr":2,"byteLength":62,"codecOffset":10}}

[90mstdout[2m | apps/validator-daemon/src/canary/__tests__/mesh-byzantine.test.ts[2m > [22m[2mREQ-RMS-015 — isRelayFlaggedByCanary mirrors the classifier cumulative gate[2m > [22m[2mflags R (sustained drops) and not R2 (zero drops) after >= MIN_ROUNDS
[22m[39m{"timestamp":"2026-06-22T06:18:43.030Z","level":"INFO","source":"frontend","module":"webrtc/sframe-transform","message":"encrypted frame","context":{"kid":9,"ctr":3,"byteLength":62,"codecOffset":10}}

[90mstdout[2m | apps/validator-daemon/src/canary/__tests__/mesh-byzantine.test.ts[2m > [22m[2mREQ-RMS-015 — isRelayFlaggedByCanary mirrors the classifier cumulative gate[2m > [22m[2mflags R (sustained drops) and not R2 (zero drops) after >= MIN_ROUNDS
[22m[39m{"timestamp":"2026-06-22T06:18:43.031Z","level":"INFO","source":"frontend","module":"webrtc/sframe-transform","message":"encrypted frame","context":{"kid":9,"ctr":4,"byteLength":62,"codecOffset":10}}

[90mstdout[2m | apps/validator-daemon/src/canary/__tests__/mesh-byzantine.test.ts[2m > [22m[2mREQ-RMS-015 — isRelayFlaggedByCanary mirrors the classifier cumulative gate[2m > [22m[2mflags R (sustained drops) and not R2 (zero drops) after >= MIN_ROUNDS
[22m[39m{"timestamp":"2026-06-22T06:18:43.031Z","level":"INFO","source":"frontend","module":"webrtc/sframe-transform","message":"encrypted frame","context":{"kid":9,"ctr":5,"byteLength":62,"codecOffset":10}}

[90mstdout[2m | apps/validator-daemon/src/canary/__tests__/mesh-byzantine.test.ts[2m > [22m[2mREQ-RMS-015 — isRelayFlaggedByCanary mirrors the classifier cumulative gate[2m > [22m[2mflags R (sustained drops) and not R2 (zero drops) after >= MIN_ROUNDS
[22m[39m{"timestamp":"2026-06-22T06:18:43.032Z","level":"INFO","source":"frontend","module":"webrtc/sframe-transform","message":"encrypted frame","context":{"kid":9,"ctr":6,"byteLength":62,"codecOffset":10}}

[90mstdout[2m | apps/validator-daemon/src/canary/__tests__/mesh-byzantine.test.ts[2m > [22m[2mREQ-RMS-015 — isRelayFlaggedByCanary mirrors the classifier cumulative gate[2m > [22m[2mflags R (sustained drops) and not R2 (zero drops) after >= MIN_ROUNDS
[22m[39m{"timestamp":"2026-06-22T06:18:43.032Z","level":"INFO","source":"frontend","module":"webrtc/sframe-transform","message":"encrypted frame","context":{"kid":9,"ctr":7,"byteLength":62,"codecOffset":10}}

[90mstdout[2m | apps/validator-daemon/src/canary/__tests__/mesh-byzantine.test.ts[2m > [22m[2mREQ-RMS-015 — isRelayFlaggedByCanary mirrors the classifier cumulative gate[2m > [22m[2mflags R (sustained drops) and not R2 (zero drops) after >= MIN_ROUNDS
[22m[39m{"timestamp":"2026-06-22T06:18:43.032Z","level":"INFO","source":"frontend","module":"webrtc/sframe-transform","message":"encrypted frame","context":{"kid":9,"ctr":0,"byteLength":62,"codecOffset":10}}

[90mstdout[2m | apps/validator-daemon/src/canary/__tests__/mesh-byzantine.test.ts[2m > [22m[2mREQ-RMS-015 — isRelayFlaggedByCanary mirrors the classifier cumulative gate[2m > [22m[2mflags R (sustained drops) and not R2 (zero drops) after >= MIN_ROUNDS
[22m[39m{"timestamp":"2026-06-22T06:18:43.033Z","level":"INFO","source":"frontend","module":"webrtc/sframe-transform","message":"encrypted frame","context":{"kid":9,"ctr":1,"byteLength":62,"codecOffset":10}}

[90mstdout[2m | apps/validator-daemon/src/canary/__tests__/mesh-byzantine.test.ts[2m > [22m[2mREQ-RMS-015 — isRelayFlaggedByCanary mirrors the classifier cumulative gate[2m > [22m[2mflags R (sustained drops) and not R2 (zero drops) after >= MIN_ROUNDS
[22m[39m{"timestamp":"2026-06-22T06:18:43.033Z","level":"INFO","source":"frontend","module":"webrtc/sframe-transform","message":"encrypted frame","context":{"kid":9,"ctr":2,"byteLength":62,"codecOffset":10}}

[90mstdout[2m | apps/validator-daemon/src/canary/__tests__/mesh-byzantine.test.ts[2m > [22m[2mREQ-RMS-015 — isRelayFlaggedByCanary mirrors the classifier cumulative gate[2m > [22m[2mflags R (sustained drops) and not R2 (zero drops) after >= MIN_ROUNDS
[22m[39m{"timestamp":"2026-06-22T06:18:43.034Z","level":"INFO","source":"frontend","module":"webrtc/sframe-transform","message":"encrypted frame","context":{"kid":9,"ctr":3,"byteLength":62,"codecOffset":10}}

[90mstdout[2m | apps/validator-daemon/src/canary/__tests__/mesh-byzantine.test.ts[2m > [22m[2mREQ-RMS-015 — isRelayFlaggedByCanary mirrors the classifier cumulative gate[2m > [22m[2mflags R (sustained drops) and not R2 (zero drops) after >= MIN_ROUNDS
[22m[39m{"timestamp":"2026-06-22T06:18:43.034Z","level":"INFO","source":"frontend","module":"webrtc/sframe-transform","message":"encrypted frame","context":{"kid":9,"ctr":4,"byteLength":62,"codecOffset":10}}

[90mstdout[2m | apps/validator-daemon/src/canary/__tests__/mesh-byzantine.test.ts[2m > [22m[2mREQ-RMS-015 — isRelayFlaggedByCanary mirrors the classifier cumulative gate[2m > [22m[2mflags R (sustained drops) and not R2 (zero drops) after >= MIN_ROUNDS
[22m[39m{"timestamp":"2026-06-22T06:18:43.034Z","level":"INFO","source":"frontend","module":"webrtc/sframe-transform","message":"encrypted frame","context":{"kid":9,"ctr":5,"byteLength":62,"codecOffset":10}}

[90mstdout[2m | apps/validator-daemon/src/canary/__tests__/mesh-byzantine.test.ts[2m > [22m[2mREQ-RMS-015 — isRelayFlaggedByCanary mirrors the classifier cumulative gate[2m > [22m[2mflags R (sustained drops) and not R2 (zero drops) after >= MIN_ROUNDS
[22m[39m{"timestamp":"2026-06-22T06:18:43.035Z","level":"INFO","source":"frontend","module":"webrtc/sframe-transform","message":"encrypted frame","context":{"kid":9,"ctr":6,"byteLength":62,"codecOffset":10}}

[90mstdout[2m | apps/validator-daemon/src/canary/__tests__/mesh-byzantine.test.ts[2m > [22m[2mREQ-RMS-015 — isRelayFlaggedByCanary mirrors the classifier cumulative gate[2m > [22m[2mflags R (sustained drops) and not R2 (zero drops) after >= MIN_ROUNDS
[22m[39m{"timestamp":"2026-06-22T06:18:43.035Z","level":"INFO","source":"frontend","module":"webrtc/sframe-transform","message":"encrypted frame","context":{"kid":9,"ctr":7,"byteLength":62,"codecOffset":10}}

{"level":30,"time":1782109123036,"pid":26144,"hostname":"Quang","name":"canary/verifier","canaryKid":9,"mediaPackets":8,"byteIdentical":8,"divergences":0,"msg":"canary forwarding verified"}
[90mstdout[2m | apps/validator-daemon/src/canary/__tests__/mesh-byzantine.test.ts[2m > [22m[2mREQ-RMS-015 — isRelayFlaggedByCanary mirrors the classifier cumulative gate[2m > [22m[2mflags R (sustained drops) and not R2 (zero drops) after >= MIN_ROUNDS
[22m[39m{"timestamp":"2026-06-22T06:18:43.036Z","level":"INFO","source":"frontend","module":"webrtc/sframe-transform","message":"encrypted frame","context":{"kid":9,"ctr":0,"byteLength":62,"codecOffset":10}}

[90mstdout[2m | apps/validator-daemon/src/canary/__tests__/mesh-byzantine.test.ts[2m > [22m[2mREQ-RMS-015 — isRelayFlaggedByCanary mirrors the classifier cumulative gate[2m > [22m[2mflags R (sustained drops) and not R2 (zero drops) after >= MIN_ROUNDS
[22m[39m{"timestamp":"2026-06-22T06:18:43.036Z","level":"INFO","source":"frontend","module":"webrtc/sframe-transform","message":"encrypted frame","context":{"kid":9,"ctr":1,"byteLength":62,"codecOffset":10}}

[90mstdout[2m | apps/validator-daemon/src/canary/__tests__/mesh-byzantine.test.ts[2m > [22m[2mREQ-RMS-015 — isRelayFlaggedByCanary mirrors the classifier cumulative gate[2m > [22m[2mflags R (sustained drops) and not R2 (zero drops) after >= MIN_ROUNDS
[22m[39m{"timestamp":"2026-06-22T06:18:43.037Z","level":"INFO","source":"frontend","module":"webrtc/sframe-transform","message":"encrypted frame","context":{"kid":9,"ctr":2,"byteLength":62,"codecOffset":10}}

[90mstdout[2m | apps/validator-daemon/src/canary/__tests__/mesh-byzantine.test.ts[2m > [22m[2mREQ-RMS-015 — isRelayFlaggedByCanary mirrors the classifier cumulative gate[2m > [22m[2mflags R (sustained drops) and not R2 (zero drops) after >= MIN_ROUNDS
[22m[39m{"timestamp":"2026-06-22T06:18:43.037Z","level":"INFO","source":"frontend","module":"webrtc/sframe-transform","message":"encrypted frame","context":{"kid":9,"ctr":3,"byteLength":62,"codecOffset":10}}

[90mstdout[2m | apps/validator-daemon/src/canary/__tests__/mesh-byzantine.test.ts[2m > [22m[2mREQ-RMS-015 — isRelayFlaggedByCanary mirrors the classifier cumulative gate[2m > [22m[2mflags R (sustained drops) and not R2 (zero drops) after >= MIN_ROUNDS
[22m[39m{"timestamp":"2026-06-22T06:18:43.038Z","level":"INFO","source":"frontend","module":"webrtc/sframe-transform","message":"encrypted frame","context":{"kid":9,"ctr":4,"byteLength":62,"codecOffset":10}}

[90mstdout[2m | apps/validator-daemon/src/canary/__tests__/mesh-byzantine.test.ts[2m > [22m[2mREQ-RMS-015 — isRelayFlaggedByCanary mirrors the classifier cumulative gate[2m > [22m[2mflags R (sustained drops) and not R2 (zero drops) after >= MIN_ROUNDS
[22m[39m{"timestamp":"2026-06-22T06:18:43.038Z","level":"INFO","source":"frontend","module":"webrtc/sframe-transform","message":"encrypted frame","context":{"kid":9,"ctr":5,"byteLength":62,"codecOffset":10}}

[90mstdout[2m | apps/validator-daemon/src/canary/__tests__/mesh-byzantine.test.ts[2m > [22m[2mREQ-RMS-015 — isRelayFlaggedByCanary mirrors the classifier cumulative gate[2m > [22m[2mflags R (sustained drops) and not R2 (zero drops) after >= MIN_ROUNDS
[22m[39m{"timestamp":"2026-06-22T06:18:43.039Z","level":"INFO","source":"frontend","module":"webrtc/sframe-transform","message":"encrypted frame","context":{"kid":9,"ctr":6,"byteLength":62,"codecOffset":10}}

[90mstdout[2m | apps/validator-daemon/src/canary/__tests__/mesh-byzantine.test.ts[2m > [22m[2mREQ-RMS-015 — isRelayFlaggedByCanary mirrors the classifier cumulative gate[2m > [22m[2mflags R (sustained drops) and not R2 (zero drops) after >= MIN_ROUNDS
[22m[39m{"timestamp":"2026-06-22T06:18:43.039Z","level":"INFO","source":"frontend","module":"webrtc/sframe-transform","message":"encrypted frame","context":{"kid":9,"ctr":7,"byteLength":62,"codecOffset":10}}

{"level":30,"time":1782109123039,"pid":26144,"hostname":"Quang","name":"canary/verifier","canaryKid":9,"mediaPackets":8,"byteIdentical":8,"divergences":0,"msg":"canary forwarding verified"}
{"level":30,"time":1782109123040,"pid":26144,"hostname":"Quang","name":"canary/loss-classifier","relayMinerId":"relay-honest-R2","promoted":0,"absorbed":0,"tampers":0,"cumulativeCrossed":false,"msg":"canary divergences classified (drop gate / tamper p=1)"}
{"level":30,"time":1782109123040,"pid":26144,"hostname":"Quang","name":"canary/verify-loop","round":3,"relayMinerId":"relay-honest-R2","roomId":"mesh-room","perReceiver":2,"promoted":0,"absorbed":0,"stunLossBps":"0","msg":"canary verify round classified (hermetic half — synthetic capture, STUN read live)"}
[90mstdout[2m | apps/validator-daemon/src/canary/__tests__/mesh-byzantine.test.ts[2m > [22m[2mREQ-RMS-015 — isRelayFlaggedByCanary mirrors the classifier cumulative gate[2m > [22m[2mflags R (sustained drops) and not R2 (zero drops) after >= MIN_ROUNDS
[22m[39m{"timestamp":"2026-06-22T06:18:43.040Z","level":"INFO","source":"frontend","module":"webrtc/sframe-transform","message":"encrypted frame","context":{"kid":9,"ctr":0,"byteLength":62,"codecOffset":10}}

[90mstdout[2m | apps/validator-daemon/src/canary/__tests__/mesh-byzantine.test.ts[2m > [22m[2mREQ-RMS-015 — isRelayFlaggedByCanary mirrors the classifier cumulative gate[2m > [22m[2mflags R (sustained drops) and not R2 (zero drops) after >= MIN_ROUNDS
[22m[39m{"timestamp":"2026-06-22T06:18:43.041Z","level":"INFO","source":"frontend","module":"webrtc/sframe-transform","message":"encrypted frame","context":{"kid":9,"ctr":1,"byteLength":62,"codecOffset":10}}

[90mstdout[2m | apps/validator-daemon/src/canary/__tests__/mesh-byzantine.test.ts[2m > [22m[2mREQ-RMS-015 — isRelayFlaggedByCanary mirrors the classifier cumulative gate[2m > [22m[2mflags R (sustained drops) and not R2 (zero drops) after >= MIN_ROUNDS
[22m[39m{"timestamp":"2026-06-22T06:18:43.041Z","level":"INFO","source":"frontend","module":"webrtc/sframe-transform","message":"encrypted frame","context":{"kid":9,"ctr":2,"byteLength":62,"codecOffset":10}}

[90mstdout[2m | apps/validator-daemon/src/canary/__tests__/mesh-byzantine.test.ts[2m > [22m[2mREQ-RMS-015 — isRelayFlaggedByCanary mirrors the classifier cumulative gate[2m > [22m[2mflags R (sustained drops) and not R2 (zero drops) after >= MIN_ROUNDS
[22m[39m{"timestamp":"2026-06-22T06:18:43.042Z","level":"INFO","source":"frontend","module":"webrtc/sframe-transform","message":"encrypted frame","context":{"kid":9,"ctr":3,"byteLength":62,"codecOffset":10}}

[90mstdout[2m | apps/validator-daemon/src/canary/__tests__/mesh-byzantine.test.ts[2m > [22m[2mREQ-RMS-015 — isRelayFlaggedByCanary mirrors the classifier cumulative gate[2m > [22m[2mflags R (sustained drops) and not R2 (zero drops) after >= MIN_ROUNDS
[22m[39m{"timestamp":"2026-06-22T06:18:43.042Z","level":"INFO","source":"frontend","module":"webrtc/sframe-transform","message":"encrypted frame","context":{"kid":9,"ctr":4,"byteLength":62,"codecOffset":10}}

[90mstdout[2m | apps/validator-daemon/src/canary/__tests__/mesh-byzantine.test.ts[2m > [22m[2mREQ-RMS-015 — isRelayFlaggedByCanary mirrors the classifier cumulative gate[2m > [22m[2mflags R (sustained drops) and not R2 (zero drops) after >= MIN_ROUNDS
[22m[39m{"timestamp":"2026-06-22T06:18:43.043Z","level":"INFO","source":"frontend","module":"webrtc/sframe-transform","message":"encrypted frame","context":{"kid":9,"ctr":6,"byteLength":62,"codecOffset":10}}

[90mstdout[2m | apps/validator-daemon/src/canary/__tests__/mesh-byzantine.test.ts[2m > [22m[2mREQ-RMS-015 — isRelayFlaggedByCanary mirrors the classifier cumulative gate[2m > [22m[2mflags R (sustained drops) and not R2 (zero drops) after >= MIN_ROUNDS
[22m[39m{"timestamp":"2026-06-22T06:18:43.043Z","level":"INFO","source":"frontend","module":"webrtc/sframe-transform","message":"encrypted frame","context":{"kid":9,"ctr":7,"byteLength":62,"codecOffset":10}}

[90mstdout[2m | apps/validator-daemon/src/canary/__tests__/mesh-byzantine.test.ts[2m > [22m[2mREQ-RMS-015 — isRelayFlaggedByCanary mirrors the classifier cumulative gate[2m > [22m[2mflags R (sustained drops) and not R2 (zero drops) after >= MIN_ROUNDS
[22m[39m{"timestamp":"2026-06-22T06:18:43.043Z","level":"INFO","source":"frontend","module":"webrtc/sframe-transform","message":"encrypted frame","context":{"kid":9,"ctr":0,"byteLength":62,"codecOffset":10}}

[90mstdout[2m | apps/validator-daemon/src/canary/__tests__/mesh-byzantine.test.ts[2m > [22m[2mREQ-RMS-015 — isRelayFlaggedByCanary mirrors the classifier cumulative gate[2m > [22m[2mflags R (sustained drops) and not R2 (zero drops) after >= MIN_ROUNDS
[22m[39m{"timestamp":"2026-06-22T06:18:43.044Z","level":"INFO","source":"frontend","module":"webrtc/sframe-transform","message":"encrypted frame","context":{"kid":9,"ctr":1,"byteLength":62,"codecOffset":10}}

[90mstdout[2m | apps/validator-daemon/src/canary/__tests__/mesh-byzantine.test.ts[2m > [22m[2mREQ-RMS-015 — isRelayFlaggedByCanary mirrors the classifier cumulative gate[2m > [22m[2mflags R (sustained drops) and not R2 (zero drops) after >= MIN_ROUNDS
[22m[39m{"timestamp":"2026-06-22T06:18:43.044Z","level":"INFO","source":"frontend","module":"webrtc/sframe-transform","message":"encrypted frame","context":{"kid":9,"ctr":2,"byteLength":62,"codecOffset":10}}

[90mstdout[2m | apps/validator-daemon/src/canary/__tests__/mesh-byzantine.test.ts[2m > [22m[2mREQ-RMS-015 — isRelayFlaggedByCanary mirrors the classifier cumulative gate[2m > [22m[2mflags R (sustained drops) and not R2 (zero drops) after >= MIN_ROUNDS
[22m[39m{"timestamp":"2026-06-22T06:18:43.045Z","level":"INFO","source":"frontend","module":"webrtc/sframe-transform","message":"encrypted frame","context":{"kid":9,"ctr":3,"byteLength":62,"codecOffset":10}}

[90mstdout[2m | apps/validator-daemon/src/canary/__tests__/mesh-byzantine.test.ts[2m > [22m[2mREQ-RMS-015 — isRelayFlaggedByCanary mirrors the classifier cumulative gate[2m > [22m[2mflags R (sustained drops) and not R2 (zero drops) after >= MIN_ROUNDS
[22m[39m{"timestamp":"2026-06-22T06:18:43.045Z","level":"INFO","source":"frontend","module":"webrtc/sframe-transform","message":"encrypted frame","context":{"kid":9,"ctr":4,"byteLength":62,"codecOffset":10}}

[90mstdout[2m | apps/validator-daemon/src/canary/__tests__/mesh-byzantine.test.ts[2m > [22m[2mREQ-RMS-015 — isRelayFlaggedByCanary mirrors the classifier cumulative gate[2m > [22m[2mflags R (sustained drops) and not R2 (zero drops) after >= MIN_ROUNDS
[22m[39m{"timestamp":"2026-06-22T06:18:43.046Z","level":"INFO","source":"frontend","module":"webrtc/sframe-transform","message":"encrypted frame","context":{"kid":9,"ctr":5,"byteLength":62,"codecOffset":10}}

[90mstdout[2m | apps/validator-daemon/src/canary/__tests__/mesh-byzantine.test.ts[2m > [22m[2mREQ-RMS-015 — isRelayFlaggedByCanary mirrors the classifier cumulative gate[2m > [22m[2mflags R (sustained drops) and not R2 (zero drops) after >= MIN_ROUNDS
[22m[39m{"timestamp":"2026-06-22T06:18:43.046Z","level":"INFO","source":"frontend","module":"webrtc/sframe-transform","message":"encrypted frame","context":{"kid":9,"ctr":6,"byteLength":62,"codecOffset":10}}

[90mstdout[2m | apps/validator-daemon/src/canary/__tests__/mesh-byzantine.test.ts[2m > [22m[2mREQ-RMS-015 — isRelayFlaggedByCanary mirrors the classifier cumulative gate[2m > [22m[2mflags R (sustained drops) and not R2 (zero drops) after >= MIN_ROUNDS
[22m[39m{"timestamp":"2026-06-22T06:18:43.047Z","level":"INFO","source":"frontend","module":"webrtc/sframe-transform","message":"encrypted frame","context":{"kid":9,"ctr":7,"byteLength":62,"codecOffset":10}}

{"level":30,"time":1782109123047,"pid":26144,"hostname":"Quang","name":"canary/verifier","canaryKid":9,"mediaPackets":7,"byteIdentical":7,"divergences":1,"msg":"canary forwarding verified"}
[90mstdout[2m | apps/validator-daemon/src/canary/__tests__/mesh-byzantine.test.ts[2m > [22m[2mREQ-RMS-015 — isRelayFlaggedByCanary mirrors the classifier cumulative gate[2m > [22m[2mflags R (sustained drops) and not R2 (zero drops) after >= MIN_ROUNDS
[22m[39m{"timestamp":"2026-06-22T06:18:43.047Z","level":"INFO","source":"frontend","module":"webrtc/sframe-transform","message":"encrypted frame","context":{"kid":9,"ctr":0,"byteLength":62,"codecOffset":10}}

[90mstdout[2m | apps/validator-daemon/src/canary/__tests__/mesh-byzantine.test.ts[2m > [22m[2mREQ-RMS-015 — isRelayFlaggedByCanary mirrors the classifier cumulative gate[2m > [22m[2mflags R (sustained drops) and not R2 (zero drops) after >= MIN_ROUNDS
[22m[39m{"timestamp":"2026-06-22T06:18:43.048Z","level":"INFO","source":"frontend","module":"webrtc/sframe-transform","message":"encrypted frame","context":{"kid":9,"ctr":1,"byteLength":62,"codecOffset":10}}

[90mstdout[2m | apps/validator-daemon/src/canary/__tests__/mesh-byzantine.test.ts[2m > [22m[2mREQ-RMS-015 — isRelayFlaggedByCanary mirrors the classifier cumulative gate[2m > [22m[2mflags R (sustained drops) and not R2 (zero drops) after >= MIN_ROUNDS
[22m[39m{"timestamp":"2026-06-22T06:18:43.048Z","level":"INFO","source":"frontend","module":"webrtc/sframe-transform","message":"encrypted frame","context":{"kid":9,"ctr":2,"byteLength":62,"codecOffset":10}}

[90mstdout[2m | apps/validator-daemon/src/canary/__tests__/mesh-byzantine.test.ts[2m > [22m[2mREQ-RMS-015 — isRelayFlaggedByCanary mirrors the classifier cumulative gate[2m > [22m[2mflags R (sustained drops) and not R2 (zero drops) after >= MIN_ROUNDS
[22m[39m{"timestamp":"2026-06-22T06:18:43.049Z","level":"INFO","source":"frontend","module":"webrtc/sframe-transform","message":"encrypted frame","context":{"kid":9,"ctr":3,"byteLength":62,"codecOffset":10}}

[90mstdout[2m | apps/validator-daemon/src/canary/__tests__/mesh-byzantine.test.ts[2m > [22m[2mREQ-RMS-015 — isRelayFlaggedByCanary mirrors the classifier cumulative gate[2m > [22m[2mflags R (sustained drops) and not R2 (zero drops) after >= MIN_ROUNDS
[22m[39m{"timestamp":"2026-06-22T06:18:43.049Z","level":"INFO","source":"frontend","module":"webrtc/sframe-transform","message":"encrypted frame","context":{"kid":9,"ctr":4,"byteLength":62,"codecOffset":10}}

[90mstdout[2m | apps/validator-daemon/src/canary/__tests__/mesh-byzantine.test.ts[2m > [22m[2mREQ-RMS-015 — isRelayFlaggedByCanary mirrors the classifier cumulative gate[2m > [22m[2mflags R (sustained drops) and not R2 (zero drops) after >= MIN_ROUNDS
[22m[39m{"timestamp":"2026-06-22T06:18:43.049Z","level":"INFO","source":"frontend","module":"webrtc/sframe-transform","message":"encrypted frame","context":{"kid":9,"ctr":5,"byteLength":62,"codecOffset":10}}

[90mstdout[2m | apps/validator-daemon/src/canary/__tests__/mesh-byzantine.test.ts[2m > [22m[2mREQ-RMS-015 — isRelayFlaggedByCanary mirrors the classifier cumulative gate[2m > [22m[2mflags R (sustained drops) and not R2 (zero drops) after >= MIN_ROUNDS
[22m[39m{"timestamp":"2026-06-22T06:18:43.050Z","level":"INFO","source":"frontend","module":"webrtc/sframe-transform","message":"encrypted frame","context":{"kid":9,"ctr":6,"byteLength":62,"codecOffset":10}}

[90mstdout[2m | apps/validator-daemon/src/canary/__tests__/mesh-byzantine.test.ts[2m > [22m[2mREQ-RMS-015 — isRelayFlaggedByCanary mirrors the classifier cumulative gate[2m > [22m[2mflags R (sustained drops) and not R2 (zero drops) after >= MIN_ROUNDS
[22m[39m{"timestamp":"2026-06-22T06:18:43.050Z","level":"INFO","source":"frontend","module":"webrtc/sframe-transform","message":"encrypted frame","context":{"kid":9,"ctr":7,"byteLength":62,"codecOffset":10}}

{"level":30,"time":1782109123050,"pid":26144,"hostname":"Quang","name":"canary/verifier","canaryKid":9,"mediaPackets":7,"byteIdentical":7,"divergences":1,"msg":"canary forwarding verified"}
{"level":30,"time":1782109123050,"pid":26144,"hostname":"Quang","name":"canary/loss-classifier","relayMinerId":"relay-byzantine-R","promoted":1,"absorbed":0,"tampers":0,"cumulativeCrossed":true,"msg":"canary divergences classified (drop gate / tamper p=1)"}
{"level":30,"time":1782109123054,"pid":26144,"hostname":"Quang","name":"canary/verify-loop","round":4,"relayMinerId":"relay-byzantine-R","roomId":"mesh-room","perReceiver":2,"promoted":1,"absorbed":0,"stunLossBps":"0","msg":"canary verify round classified (hermetic half — synthetic capture, STUN read live)"}
[90mstdout[2m | apps/validator-daemon/src/canary/__tests__/mesh-byzantine.test.ts[2m > [22m[2mREQ-RMS-015 — isRelayFlaggedByCanary mirrors the classifier cumulative gate[2m > [22m[2mflags R (sustained drops) and not R2 (zero drops) after >= MIN_ROUNDS
[22m[39m{"timestamp":"2026-06-22T06:18:43.054Z","level":"INFO","source":"frontend","module":"webrtc/sframe-transform","message":"encrypted frame","context":{"kid":9,"ctr":0,"byteLength":62,"codecOffset":10}}

[90mstdout[2m | apps/validator-daemon/src/canary/__tests__/mesh-byzantine.test.ts[2m > [22m[2mREQ-RMS-015 — isRelayFlaggedByCanary mirrors the classifier cumulative gate[2m > [22m[2mflags R (sustained drops) and not R2 (zero drops) after >= MIN_ROUNDS
[22m[39m{"timestamp":"2026-06-22T06:18:43.055Z","level":"INFO","source":"frontend","module":"webrtc/sframe-transform","message":"encrypted frame","context":{"kid":9,"ctr":1,"byteLength":62,"codecOffset":10}}

[90mstdout[2m | apps/validator-daemon/src/canary/__tests__/mesh-byzantine.test.ts[2m > [22m[2mREQ-RMS-015 — isRelayFlaggedByCanary mirrors the classifier cumulative gate[2m > [22m[2mflags R (sustained drops) and not R2 (zero drops) after >= MIN_ROUNDS
[22m[39m{"timestamp":"2026-06-22T06:18:43.055Z","level":"INFO","source":"frontend","module":"webrtc/sframe-transform","message":"encrypted frame","context":{"kid":9,"ctr":2,"byteLength":62,"codecOffset":10}}

[90mstdout[2m | apps/validator-daemon/src/canary/__tests__/mesh-byzantine.test.ts[2m > [22m[2mREQ-RMS-015 — isRelayFlaggedByCanary mirrors the classifier cumulative gate[2m > [22m[2mflags R (sustained drops) and not R2 (zero drops) after >= MIN_ROUNDS
[22m[39m{"timestamp":"2026-06-22T06:18:43.056Z","level":"INFO","source":"frontend","module":"webrtc/sframe-transform","message":"encrypted frame","context":{"kid":9,"ctr":3,"byteLength":62,"codecOffset":10}}

[90mstdout[2m | apps/validator-daemon/src/canary/__tests__/mesh-byzantine.test.ts[2m > [22m[2mREQ-RMS-015 — isRelayFlaggedByCanary mirrors the classifier cumulative gate[2m > [22m[2mflags R (sustained drops) and not R2 (zero drops) after >= MIN_ROUNDS
[22m[39m{"timestamp":"2026-06-22T06:18:43.056Z","level":"INFO","source":"frontend","module":"webrtc/sframe-transform","message":"encrypted frame","context":{"kid":9,"ctr":4,"byteLength":62,"codecOffset":10}}

[90mstdout[2m | apps/validator-daemon/src/canary/__tests__/mesh-byzantine.test.ts[2m > [22m[2mREQ-RMS-015 — isRelayFlaggedByCanary mirrors the classifier cumulative gate[2m > [22m[2mflags R (sustained drops) and not R2 (zero drops) after >= MIN_ROUNDS
[22m[39m{"timestamp":"2026-06-22T06:18:43.056Z","level":"INFO","source":"frontend","module":"webrtc/sframe-transform","message":"encrypted frame","context":{"kid":9,"ctr":5,"byteLength":62,"codecOffset":10}}

[90mstdout[2m | apps/validator-daemon/src/canary/__tests__/mesh-byzantine.test.ts[2m > [22m[2mREQ-RMS-015 — isRelayFlaggedByCanary mirrors the classifier cumulative gate[2m > [22m[2mflags R (sustained drops) and not R2 (zero drops) after >= MIN_ROUNDS
[22m[39m{"timestamp":"2026-06-22T06:18:43.057Z","level":"INFO","source":"frontend","module":"webrtc/sframe-transform","message":"encrypted frame","context":{"kid":9,"ctr":6,"byteLength":62,"codecOffset":10}}

[90mstdout[2m | apps/validator-daemon/src/canary/__tests__/mesh-byzantine.test.ts[2m > [22m[2mREQ-RMS-015 — isRelayFlaggedByCanary mirrors the classifier cumulative gate[2m > [22m[2mflags R (sustained drops) and not R2 (zero drops) after >= MIN_ROUNDS
[22m[39m{"timestamp":"2026-06-22T06:18:43.057Z","level":"INFO","source":"frontend","module":"webrtc/sframe-transform","message":"encrypted frame","context":{"kid":9,"ctr":7,"byteLength":62,"codecOffset":10}}

[90mstdout[2m | apps/validator-daemon/src/canary/__tests__/mesh-byzantine.test.ts[2m > [22m[2mREQ-RMS-015 — isRelayFlaggedByCanary mirrors the classifier cumulative gate[2m > [22m[2mflags R (sustained drops) and not R2 (zero drops) after >= MIN_ROUNDS
[22m[39m{"timestamp":"2026-06-22T06:18:43.057Z","level":"INFO","source":"frontend","module":"webrtc/sframe-transform","message":"encrypted frame","context":{"kid":9,"ctr":0,"byteLength":62,"codecOffset":10}}

[90mstdout[2m | apps/validator-daemon/src/canary/__tests__/mesh-byzantine.test.ts[2m > [22m[2mREQ-RMS-015 — isRelayFlaggedByCanary mirrors the classifier cumulative gate[2m > [22m[2mflags R (sustained drops) and not R2 (zero drops) after >= MIN_ROUNDS
[22m[39m{"timestamp":"2026-06-22T06:18:43.058Z","level":"INFO","source":"frontend","module":"webrtc/sframe-transform","message":"encrypted frame","context":{"kid":9,"ctr":1,"byteLength":62,"codecOffset":10}}

[90mstdout[2m | apps/validator-daemon/src/canary/__tests__/mesh-byzantine.test.ts[2m > [22m[2mREQ-RMS-015 — isRelayFlaggedByCanary mirrors the classifier cumulative gate[2m > [22m[2mflags R (sustained drops) and not R2 (zero drops) after >= MIN_ROUNDS
[22m[39m{"timestamp":"2026-06-22T06:18:43.060Z","level":"INFO","source":"frontend","module":"webrtc/sframe-transform","message":"encrypted frame","context":{"kid":9,"ctr":2,"byteLength":62,"codecOffset":10}}

[90mstdout[2m | apps/validator-daemon/src/canary/__tests__/mesh-byzantine.test.ts[2m > [22m[2mREQ-RMS-015 — isRelayFlaggedByCanary mirrors the classifier cumulative gate[2m > [22m[2mflags R (sustained drops) and not R2 (zero drops) after >= MIN_ROUNDS
[22m[39m{"timestamp":"2026-06-22T06:18:43.060Z","level":"INFO","source":"frontend","module":"webrtc/sframe-transform","message":"encrypted frame","context":{"kid":9,"ctr":3,"byteLength":62,"codecOffset":10}}

[90mstdout[2m | apps/validator-daemon/src/canary/__tests__/mesh-byzantine.test.ts[2m > [22m[2mREQ-RMS-015 — isRelayFlaggedByCanary mirrors the classifier cumulative gate[2m > [22m[2mflags R (sustained drops) and not R2 (zero drops) after >= MIN_ROUNDS
[22m[39m{"timestamp":"2026-06-22T06:18:43.061Z","level":"INFO","source":"frontend","module":"webrtc/sframe-transform","message":"encrypted frame","context":{"kid":9,"ctr":4,"byteLength":62,"codecOffset":10}}

[90mstdout[2m | apps/validator-daemon/src/canary/__tests__/mesh-byzantine.test.ts[2m > [22m[2mREQ-RMS-015 — isRelayFlaggedByCanary mirrors the classifier cumulative gate[2m > [22m[2mflags R (sustained drops) and not R2 (zero drops) after >= MIN_ROUNDS
[22m[39m{"timestamp":"2026-06-22T06:18:43.061Z","level":"INFO","source":"frontend","module":"webrtc/sframe-transform","message":"encrypted frame","context":{"kid":9,"ctr":5,"byteLength":62,"codecOffset":10}}

[90mstdout[2m | apps/validator-daemon/src/canary/__tests__/mesh-byzantine.test.ts[2m > [22m[2mREQ-RMS-015 — isRelayFlaggedByCanary mirrors the classifier cumulative gate[2m > [22m[2mflags R (sustained drops) and not R2 (zero drops) after >= MIN_ROUNDS
[22m[39m{"timestamp":"2026-06-22T06:18:43.062Z","level":"INFO","source":"frontend","module":"webrtc/sframe-transform","message":"encrypted frame","context":{"kid":9,"ctr":6,"byteLength":62,"codecOffset":10}}

[90mstdout[2m | apps/validator-daemon/src/canary/__tests__/mesh-byzantine.test.ts[2m > [22m[2mREQ-RMS-015 — isRelayFlaggedByCanary mirrors the classifier cumulative gate[2m > [22m[2mflags R (sustained drops) and not R2 (zero drops) after >= MIN_ROUNDS
[22m[39m{"timestamp":"2026-06-22T06:18:43.062Z","level":"INFO","source":"frontend","module":"webrtc/sframe-transform","message":"encrypted frame","context":{"kid":9,"ctr":7,"byteLength":62,"codecOffset":10}}

{"level":30,"time":1782109123062,"pid":26144,"hostname":"Quang","name":"canary/verifier","canaryKid":9,"mediaPackets":8,"byteIdentical":8,"divergences":0,"msg":"canary forwarding verified"}
[90mstdout[2m | apps/validator-daemon/src/canary/__tests__/mesh-byzantine.test.ts[2m > [22m[2mREQ-RMS-015 — isRelayFlaggedByCanary mirrors the classifier cumulative gate[2m > [22m[2mflags R (sustained drops) and not R2 (zero drops) after >= MIN_ROUNDS
[22m[39m{"timestamp":"2026-06-22T06:18:43.063Z","level":"INFO","source":"frontend","module":"webrtc/sframe-transform","message":"encrypted frame","context":{"kid":9,"ctr":0,"byteLength":62,"codecOffset":10}}

[90mstdout[2m | apps/validator-daemon/src/canary/__tests__/mesh-byzantine.test.ts[2m > [22m[2mREQ-RMS-015 — isRelayFlaggedByCanary mirrors the classifier cumulative gate[2m > [22m[2mflags R (sustained drops) and not R2 (zero drops) after >= MIN_ROUNDS
[22m[39m{"timestamp":"2026-06-22T06:18:43.063Z","level":"INFO","source":"frontend","module":"webrtc/sframe-transform","message":"encrypted frame","context":{"kid":9,"ctr":1,"byteLength":62,"codecOffset":10}}

[90mstdout[2m | apps/validator-daemon/src/canary/__tests__/mesh-byzantine.test.ts[2m > [22m[2mREQ-RMS-015 — isRelayFlaggedByCanary mirrors the classifier cumulative gate[2m > [22m[2mflags R (sustained drops) and not R2 (zero drops) after >= MIN_ROUNDS
[22m[39m{"timestamp":"2026-06-22T06:18:43.063Z","level":"INFO","source":"frontend","module":"webrtc/sframe-transform","message":"encrypted frame","context":{"kid":9,"ctr":2,"byteLength":62,"codecOffset":10}}

[90mstdout[2m | apps/validator-daemon/src/canary/__tests__/mesh-byzantine.test.ts[2m > [22m[2mREQ-RMS-015 — isRelayFlaggedByCanary mirrors the classifier cumulative gate[2m > [22m[2mflags R (sustained drops) and not R2 (zero drops) after >= MIN_ROUNDS
[22m[39m{"timestamp":"2026-06-22T06:18:43.064Z","level":"INFO","source":"frontend","module":"webrtc/sframe-transform","message":"encrypted frame","context":{"kid":9,"ctr":3,"byteLength":62,"codecOffset":10}}

[90mstdout[2m | apps/validator-daemon/src/canary/__tests__/mesh-byzantine.test.ts[2m > [22m[2mREQ-RMS-015 — isRelayFlaggedByCanary mirrors the classifier cumulative gate[2m > [22m[2mflags R (sustained drops) and not R2 (zero drops) after >= MIN_ROUNDS
[22m[39m{"timestamp":"2026-06-22T06:18:43.064Z","level":"INFO","source":"frontend","module":"webrtc/sframe-transform","message":"encrypted frame","context":{"kid":9,"ctr":4,"byteLength":62,"codecOffset":10}}

[90mstdout[2m | apps/validator-daemon/src/canary/__tests__/mesh-byzantine.test.ts[2m > [22m[2mREQ-RMS-015 — isRelayFlaggedByCanary mirrors the classifier cumulative gate[2m > [22m[2mflags R (sustained drops) and not R2 (zero drops) after >= MIN_ROUNDS
[22m[39m{"timestamp":"2026-06-22T06:18:43.064Z","level":"INFO","source":"frontend","module":"webrtc/sframe-transform","message":"encrypted frame","context":{"kid":9,"ctr":5,"byteLength":62,"codecOffset":10}}

[90mstdout[2m | apps/validator-daemon/src/canary/__tests__/mesh-byzantine.test.ts[2m > [22m[2mREQ-RMS-015 — isRelayFlaggedByCanary mirrors the classifier cumulative gate[2m > [22m[2mflags R (sustained drops) and not R2 (zero drops) after >= MIN_ROUNDS
[22m[39m{"timestamp":"2026-06-22T06:18:43.065Z","level":"INFO","source":"frontend","module":"webrtc/sframe-transform","message":"encrypted frame","context":{"kid":9,"ctr":6,"byteLength":62,"codecOffset":10}}

[90mstdout[2m | apps/validator-daemon/src/canary/__tests__/mesh-byzantine.test.ts[2m > [22m[2mREQ-RMS-015 — isRelayFlaggedByCanary mirrors the classifier cumulative gate[2m > [22m[2mflags R (sustained drops) and not R2 (zero drops) after >= MIN_ROUNDS
[22m[39m{"timestamp":"2026-06-22T06:18:43.065Z","level":"INFO","source":"frontend","module":"webrtc/sframe-transform","message":"encrypted frame","context":{"kid":9,"ctr":7,"byteLength":62,"codecOffset":10}}

{"level":30,"time":1782109123065,"pid":26144,"hostname":"Quang","name":"canary/verifier","canaryKid":9,"mediaPackets":8,"byteIdentical":8,"divergences":0,"msg":"canary forwarding verified"}
{"level":30,"time":1782109123065,"pid":26144,"hostname":"Quang","name":"canary/loss-classifier","relayMinerId":"relay-honest-R2","promoted":0,"absorbed":0,"tampers":0,"cumulativeCrossed":false,"msg":"canary divergences classified (drop gate / tamper p=1)"}
{"level":30,"time":1782109123065,"pid":26144,"hostname":"Quang","name":"canary/verify-loop","round":4,"relayMinerId":"relay-honest-R2","roomId":"mesh-room","perReceiver":2,"promoted":0,"absorbed":0,"stunLossBps":"0","msg":"canary verify round classified (hermetic half — synthetic capture, STUN read live)"}
[90mstdout[2m | apps/validator-daemon/src/canary/__tests__/mesh-byzantine.test.ts[2m > [22m[2mREQ-RMS-015 — isRelayFlaggedByCanary mirrors the classifier cumulative gate[2m > [22m[2mflags R (sustained drops) and not R2 (zero drops) after >= MIN_ROUNDS
[22m[39m{"timestamp":"2026-06-22T06:18:43.069Z","level":"INFO","source":"frontend","module":"webrtc/sframe-transform","message":"encrypted frame","context":{"kid":9,"ctr":0,"byteLength":62,"codecOffset":10}}

[90mstdout[2m | apps/validator-daemon/src/canary/__tests__/mesh-byzantine.test.ts[2m > [22m[2mREQ-RMS-015 — isRelayFlaggedByCanary mirrors the classifier cumulative gate[2m > [22m[2mflags R (sustained drops) and not R2 (zero drops) after >= MIN_ROUNDS
[22m[39m{"timestamp":"2026-06-22T06:18:43.070Z","level":"INFO","source":"frontend","module":"webrtc/sframe-transform","message":"encrypted frame","context":{"kid":9,"ctr":1,"byteLength":62,"codecOffset":10}}

[90mstdout[2m | apps/validator-daemon/src/canary/__tests__/mesh-byzantine.test.ts[2m > [22m[2mREQ-RMS-015 — isRelayFlaggedByCanary mirrors the classifier cumulative gate[2m > [22m[2mflags R (sustained drops) and not R2 (zero drops) after >= MIN_ROUNDS
[22m[39m{"timestamp":"2026-06-22T06:18:43.070Z","level":"INFO","source":"frontend","module":"webrtc/sframe-transform","message":"encrypted frame","context":{"kid":9,"ctr":2,"byteLength":62,"codecOffset":10}}

[90mstdout[2m | apps/validator-daemon/src/canary/__tests__/mesh-byzantine.test.ts[2m > [22m[2mREQ-RMS-015 — isRelayFlaggedByCanary mirrors the classifier cumulative gate[2m > [22m[2mflags R (sustained drops) and not R2 (zero drops) after >= MIN_ROUNDS
[22m[39m{"timestamp":"2026-06-22T06:18:43.070Z","level":"INFO","source":"frontend","module":"webrtc/sframe-transform","message":"encrypted frame","context":{"kid":9,"ctr":3,"byteLength":62,"codecOffset":10}}

[90mstdout[2m | apps/validator-daemon/src/canary/__tests__/mesh-byzantine.test.ts[2m > [22m[2mREQ-RMS-015 — isRelayFlaggedByCanary mirrors the classifier cumulative gate[2m > [22m[2mflags R (sustained drops) and not R2 (zero drops) after >= MIN_ROUNDS
[22m[39m{"timestamp":"2026-06-22T06:18:43.071Z","level":"INFO","source":"frontend","module":"webrtc/sframe-transform","message":"encrypted frame","context":{"kid":9,"ctr":4,"byteLength":62,"codecOffset":10}}

[90mstdout[2m | apps/validator-daemon/src/canary/__tests__/mesh-byzantine.test.ts[2m > [22m[2mREQ-RMS-015 — isRelayFlaggedByCanary mirrors the classifier cumulative gate[2m > [22m[2mflags R (sustained drops) and not R2 (zero drops) after >= MIN_ROUNDS
[22m[39m{"timestamp":"2026-06-22T06:18:43.071Z","level":"INFO","source":"frontend","module":"webrtc/sframe-transform","message":"encrypted frame","context":{"kid":9,"ctr":6,"byteLength":62,"codecOffset":10}}

[90mstdout[2m | apps/validator-daemon/src/canary/__tests__/mesh-byzantine.test.ts[2m > [22m[2mREQ-RMS-015 — isRelayFlaggedByCanary mirrors the classifier cumulative gate[2m > [22m[2mflags R (sustained drops) and not R2 (zero drops) after >= MIN_ROUNDS
[22m[39m{"timestamp":"2026-06-22T06:18:43.072Z","level":"INFO","source":"frontend","module":"webrtc/sframe-transform","message":"encrypted frame","context":{"kid":9,"ctr":7,"byteLength":62,"codecOffset":10}}

[90mstdout[2m | apps/validator-daemon/src/canary/__tests__/mesh-byzantine.test.ts[2m > [22m[2mREQ-RMS-015 — isRelayFlaggedByCanary mirrors the classifier cumulative gate[2m > [22m[2mflags R (sustained drops) and not R2 (zero drops) after >= MIN_ROUNDS
[22m[39m{"timestamp":"2026-06-22T06:18:43.072Z","level":"INFO","source":"frontend","module":"webrtc/sframe-transform","message":"encrypted frame","context":{"kid":9,"ctr":0,"byteLength":62,"codecOffset":10}}

[90mstdout[2m | apps/validator-daemon/src/canary/__tests__/mesh-byzantine.test.ts[2m > [22m[2mREQ-RMS-015 — isRelayFlaggedByCanary mirrors the classifier cumulative gate[2m > [22m[2mflags R (sustained drops) and not R2 (zero drops) after >= MIN_ROUNDS
[22m[39m{"timestamp":"2026-06-22T06:18:43.073Z","level":"INFO","source":"frontend","module":"webrtc/sframe-transform","message":"encrypted frame","context":{"kid":9,"ctr":1,"byteLength":62,"codecOffset":10}}

[90mstdout[2m | apps/validator-daemon/src/canary/__tests__/mesh-byzantine.test.ts[2m > [22m[2mREQ-RMS-015 — isRelayFlaggedByCanary mirrors the classifier cumulative gate[2m > [22m[2mflags R (sustained drops) and not R2 (zero drops) after >= MIN_ROUNDS
[22m[39m{"timestamp":"2026-06-22T06:18:43.073Z","level":"INFO","source":"frontend","module":"webrtc/sframe-transform","message":"encrypted frame","context":{"kid":9,"ctr":2,"byteLength":62,"codecOffset":10}}

[90mstdout[2m | apps/validator-daemon/src/canary/__tests__/mesh-byzantine.test.ts[2m > [22m[2mREQ-RMS-015 — isRelayFlaggedByCanary mirrors the classifier cumulative gate[2m > [22m[2mflags R (sustained drops) and not R2 (zero drops) after >= MIN_ROUNDS
[22m[39m{"timestamp":"2026-06-22T06:18:43.073Z","level":"INFO","source":"frontend","module":"webrtc/sframe-transform","message":"encrypted frame","context":{"kid":9,"ctr":3,"byteLength":62,"codecOffset":10}}

[90mstdout[2m | apps/validator-daemon/src/canary/__tests__/mesh-byzantine.test.ts[2m > [22m[2mREQ-RMS-015 — isRelayFlaggedByCanary mirrors the classifier cumulative gate[2m > [22m[2mflags R (sustained drops) and not R2 (zero drops) after >= MIN_ROUNDS
[22m[39m{"timestamp":"2026-06-22T06:18:43.074Z","level":"INFO","source":"frontend","module":"webrtc/sframe-transform","message":"encrypted frame","context":{"kid":9,"ctr":4,"byteLength":62,"codecOffset":10}}

[90mstdout[2m | apps/validator-daemon/src/canary/__tests__/mesh-byzantine.test.ts[2m > [22m[2mREQ-RMS-015 — isRelayFlaggedByCanary mirrors the classifier cumulative gate[2m > [22m[2mflags R (sustained drops) and not R2 (zero drops) after >= MIN_ROUNDS
[22m[39m{"timestamp":"2026-06-22T06:18:43.074Z","level":"INFO","source":"frontend","module":"webrtc/sframe-transform","message":"encrypted frame","context":{"kid":9,"ctr":5,"byteLength":62,"codecOffset":10}}

[90mstdout[2m | apps/validator-daemon/src/canary/__tests__/mesh-byzantine.test.ts[2m > [22m[2mREQ-RMS-015 — isRelayFlaggedByCanary mirrors the classifier cumulative gate[2m > [22m[2mflags R (sustained drops) and not R2 (zero drops) after >= MIN_ROUNDS
[22m[39m{"timestamp":"2026-06-22T06:18:43.075Z","level":"INFO","source":"frontend","module":"webrtc/sframe-transform","message":"encrypted frame","context":{"kid":9,"ctr":6,"byteLength":62,"codecOffset":10}}

[90mstdout[2m | apps/validator-daemon/src/canary/__tests__/mesh-byzantine.test.ts[2m > [22m[2mREQ-RMS-015 — isRelayFlaggedByCanary mirrors the classifier cumulative gate[2m > [22m[2mflags R (sustained drops) and not R2 (zero drops) after >= MIN_ROUNDS
[22m[39m{"timestamp":"2026-06-22T06:18:43.075Z","level":"INFO","source":"frontend","module":"webrtc/sframe-transform","message":"encrypted frame","context":{"kid":9,"ctr":7,"byteLength":62,"codecOffset":10}}

{"level":30,"time":1782109123075,"pid":26144,"hostname":"Quang","name":"canary/verifier","canaryKid":9,"mediaPackets":7,"byteIdentical":7,"divergences":1,"msg":"canary forwarding verified"}
[90mstdout[2m | apps/validator-daemon/src/canary/__tests__/mesh-byzantine.test.ts[2m > [22m[2mREQ-RMS-015 — isRelayFlaggedByCanary mirrors the classifier cumulative gate[2m > [22m[2mflags R (sustained drops) and not R2 (zero drops) after >= MIN_ROUNDS
[22m[39m{"timestamp":"2026-06-22T06:18:43.076Z","level":"INFO","source":"frontend","module":"webrtc/sframe-transform","message":"encrypted frame","context":{"kid":9,"ctr":0,"byteLength":62,"codecOffset":10}}

[90mstdout[2m | apps/validator-daemon/src/canary/__tests__/mesh-byzantine.test.ts[2m > [22m[2mREQ-RMS-015 — isRelayFlaggedByCanary mirrors the classifier cumulative gate[2m > [22m[2mflags R (sustained drops) and not R2 (zero drops) after >= MIN_ROUNDS
[22m[39m{"timestamp":"2026-06-22T06:18:43.076Z","level":"INFO","source":"frontend","module":"webrtc/sframe-transform","message":"encrypted frame","context":{"kid":9,"ctr":1,"byteLength":62,"codecOffset":10}}

[90mstdout[2m | apps/validator-daemon/src/canary/__tests__/mesh-byzantine.test.ts[2m > [22m[2mREQ-RMS-015 — isRelayFlaggedByCanary mirrors the classifier cumulative gate[2m > [22m[2mflags R (sustained drops) and not R2 (zero drops) after >= MIN_ROUNDS
[22m[39m{"timestamp":"2026-06-22T06:18:43.076Z","level":"INFO","source":"frontend","module":"webrtc/sframe-transform","message":"encrypted frame","context":{"kid":9,"ctr":2,"byteLength":62,"codecOffset":10}}

[90mstdout[2m | apps/validator-daemon/src/canary/__tests__/mesh-byzantine.test.ts[2m > [22m[2mREQ-RMS-015 — isRelayFlaggedByCanary mirrors the classifier cumulative gate[2m > [22m[2mflags R (sustained drops) and not R2 (zero drops) after >= MIN_ROUNDS
[22m[39m{"timestamp":"2026-06-22T06:18:43.077Z","level":"INFO","source":"frontend","module":"webrtc/sframe-transform","message":"encrypted frame","context":{"kid":9,"ctr":3,"byteLength":62,"codecOffset":10}}

[90mstdout[2m | apps/validator-daemon/src/canary/__tests__/mesh-byzantine.test.ts[2m > [22m[2mREQ-RMS-015 — isRelayFlaggedByCanary mirrors the classifier cumulative gate[2m > [22m[2mflags R (sustained drops) and not R2 (zero drops) after >= MIN_ROUNDS
[22m[39m{"timestamp":"2026-06-22T06:18:43.077Z","level":"INFO","source":"frontend","module":"webrtc/sframe-transform","message":"encrypted frame","context":{"kid":9,"ctr":4,"byteLength":62,"codecOffset":10}}

[90mstdout[2m | apps/validator-daemon/src/canary/__tests__/mesh-byzantine.test.ts[2m > [22m[2mREQ-RMS-015 — isRelayFlaggedByCanary mirrors the classifier cumulative gate[2m > [22m[2mflags R (sustained drops) and not R2 (zero drops) after >= MIN_ROUNDS
[22m[39m{"timestamp":"2026-06-22T06:18:43.078Z","level":"INFO","source":"frontend","module":"webrtc/sframe-transform","message":"encrypted frame","context":{"kid":9,"ctr":5,"byteLength":62,"codecOffset":10}}

[90mstdout[2m | apps/validator-daemon/src/canary/__tests__/mesh-byzantine.test.ts[2m > [22m[2mREQ-RMS-015 — isRelayFlaggedByCanary mirrors the classifier cumulative gate[2m > [22m[2mflags R (sustained drops) and not R2 (zero drops) after >= MIN_ROUNDS
[22m[39m{"timestamp":"2026-06-22T06:18:43.078Z","level":"INFO","source":"frontend","module":"webrtc/sframe-transform","message":"encrypted frame","context":{"kid":9,"ctr":6,"byteLength":62,"codecOffset":10}}

[90mstdout[2m | apps/validator-daemon/src/canary/__tests__/mesh-byzantine.test.ts[2m > [22m[2mREQ-RMS-015 — isRelayFlaggedByCanary mirrors the classifier cumulative gate[2m > [22m[2mflags R (sustained drops) and not R2 (zero drops) after >= MIN_ROUNDS
[22m[39m{"timestamp":"2026-06-22T06:18:43.079Z","level":"INFO","source":"frontend","module":"webrtc/sframe-transform","message":"encrypted frame","context":{"kid":9,"ctr":7,"byteLength":62,"codecOffset":10}}

{"level":30,"time":1782109123079,"pid":26144,"hostname":"Quang","name":"canary/verifier","canaryKid":9,"mediaPackets":7,"byteIdentical":7,"divergences":1,"msg":"canary forwarding verified"}
{"level":30,"time":1782109123079,"pid":26144,"hostname":"Quang","name":"canary/loss-classifier","relayMinerId":"relay-byzantine-R","promoted":1,"absorbed":0,"tampers":0,"cumulativeCrossed":true,"msg":"canary divergences classified (drop gate / tamper p=1)"}
{"level":30,"time":1782109123081,"pid":26144,"hostname":"Quang","name":"canary/verify-loop","round":5,"relayMinerId":"relay-byzantine-R","roomId":"mesh-room","perReceiver":2,"promoted":1,"absorbed":0,"stunLossBps":"0","msg":"canary verify round classified (hermetic half — synthetic capture, STUN read live)"}
[90mstdout[2m | apps/validator-daemon/src/canary/__tests__/mesh-byzantine.test.ts[2m > [22m[2mREQ-RMS-015 — isRelayFlaggedByCanary mirrors the classifier cumulative gate[2m > [22m[2mflags R (sustained drops) and not R2 (zero drops) after >= MIN_ROUNDS
[22m[39m{"timestamp":"2026-06-22T06:18:43.081Z","level":"INFO","source":"frontend","module":"webrtc/sframe-transform","message":"encrypted frame","context":{"kid":9,"ctr":0,"byteLength":62,"codecOffset":10}}

[90mstdout[2m | apps/validator-daemon/src/canary/__tests__/mesh-byzantine.test.ts[2m > [22m[2mREQ-RMS-015 — isRelayFlaggedByCanary mirrors the classifier cumulative gate[2m > [22m[2mflags R (sustained drops) and not R2 (zero drops) after >= MIN_ROUNDS
[22m[39m{"timestamp":"2026-06-22T06:18:43.082Z","level":"INFO","source":"frontend","module":"webrtc/sframe-transform","message":"encrypted frame","context":{"kid":9,"ctr":1,"byteLength":62,"codecOffset":10}}

[90mstdout[2m | apps/validator-daemon/src/canary/__tests__/mesh-byzantine.test.ts[2m > [22m[2mREQ-RMS-015 — isRelayFlaggedByCanary mirrors the classifier cumulative gate[2m > [22m[2mflags R (sustained drops) and not R2 (zero drops) after >= MIN_ROUNDS
[22m[39m{"timestamp":"2026-06-22T06:18:43.082Z","level":"INFO","source":"frontend","module":"webrtc/sframe-transform","message":"encrypted frame","context":{"kid":9,"ctr":2,"byteLength":62,"codecOffset":10}}

[90mstdout[2m | apps/validator-daemon/src/canary/__tests__/mesh-byzantine.test.ts[2m > [22m[2mREQ-RMS-015 — isRelayFlaggedByCanary mirrors the classifier cumulative gate[2m > [22m[2mflags R (sustained drops) and not R2 (zero drops) after >= MIN_ROUNDS
[22m[39m{"timestamp":"2026-06-22T06:18:43.083Z","level":"INFO","source":"frontend","module":"webrtc/sframe-transform","message":"encrypted frame","context":{"kid":9,"ctr":3,"byteLength":62,"codecOffset":10}}

[90mstdout[2m | apps/validator-daemon/src/canary/__tests__/mesh-byzantine.test.ts[2m > [22m[2mREQ-RMS-015 — isRelayFlaggedByCanary mirrors the classifier cumulative gate[2m > [22m[2mflags R (sustained drops) and not R2 (zero drops) after >= MIN_ROUNDS
[22m[39m{"timestamp":"2026-06-22T06:18:43.083Z","level":"INFO","source":"frontend","module":"webrtc/sframe-transform","message":"encrypted frame","context":{"kid":9,"ctr":4,"byteLength":62,"codecOffset":10}}

[90mstdout[2m | apps/validator-daemon/src/canary/__tests__/mesh-byzantine.test.ts[2m > [22m[2mREQ-RMS-015 — isRelayFlaggedByCanary mirrors the classifier cumulative gate[2m > [22m[2mflags R (sustained drops) and not R2 (zero drops) after >= MIN_ROUNDS
[22m[39m{"timestamp":"2026-06-22T06:18:43.084Z","level":"INFO","source":"frontend","module":"webrtc/sframe-transform","message":"encrypted frame","context":{"kid":9,"ctr":5,"byteLength":62,"codecOffset":10}}

[90mstdout[2m | apps/validator-daemon/src/canary/__tests__/mesh-byzantine.test.ts[2m > [22m[2mREQ-RMS-015 — isRelayFlaggedByCanary mirrors the classifier cumulative gate[2m > [22m[2mflags R (sustained drops) and not R2 (zero drops) after >= MIN_ROUNDS
[22m[39m{"timestamp":"2026-06-22T06:18:43.085Z","level":"INFO","source":"frontend","module":"webrtc/sframe-transform","message":"encrypted frame","context":{"kid":9,"ctr":6,"byteLength":62,"codecOffset":10}}

[90mstdout[2m | apps/validator-daemon/src/canary/__tests__/mesh-byzantine.test.ts[2m > [22m[2mREQ-RMS-015 — isRelayFlaggedByCanary mirrors the classifier cumulative gate[2m > [22m[2mflags R (sustained drops) and not R2 (zero drops) after >= MIN_ROUNDS
[22m[39m{"timestamp":"2026-06-22T06:18:43.085Z","level":"INFO","source":"frontend","module":"webrtc/sframe-transform","message":"encrypted frame","context":{"kid":9,"ctr":7,"byteLength":62,"codecOffset":10}}

[90mstdout[2m | apps/validator-daemon/src/canary/__tests__/mesh-byzantine.test.ts[2m > [22m[2mREQ-RMS-015 — isRelayFlaggedByCanary mirrors the classifier cumulative gate[2m > [22m[2mflags R (sustained drops) and not R2 (zero drops) after >= MIN_ROUNDS
[22m[39m{"timestamp":"2026-06-22T06:18:43.086Z","level":"INFO","source":"frontend","module":"webrtc/sframe-transform","message":"encrypted frame","context":{"kid":9,"ctr":0,"byteLength":62,"codecOffset":10}}

[90mstdout[2m | apps/validator-daemon/src/canary/__tests__/mesh-byzantine.test.ts[2m > [22m[2mREQ-RMS-015 — isRelayFlaggedByCanary mirrors the classifier cumulative gate[2m > [22m[2mflags R (sustained drops) and not R2 (zero drops) after >= MIN_ROUNDS
[22m[39m{"timestamp":"2026-06-22T06:18:43.086Z","level":"INFO","source":"frontend","module":"webrtc/sframe-transform","message":"encrypted frame","context":{"kid":9,"ctr":1,"byteLength":62,"codecOffset":10}}

[90mstdout[2m | apps/validator-daemon/src/canary/__tests__/mesh-byzantine.test.ts[2m > [22m[2mREQ-RMS-015 — isRelayFlaggedByCanary mirrors the classifier cumulative gate[2m > [22m[2mflags R (sustained drops) and not R2 (zero drops) after >= MIN_ROUNDS
[22m[39m{"timestamp":"2026-06-22T06:18:43.087Z","level":"INFO","source":"frontend","module":"webrtc/sframe-transform","message":"encrypted frame","context":{"kid":9,"ctr":2,"byteLength":62,"codecOffset":10}}

[90mstdout[2m | apps/validator-daemon/src/canary/__tests__/mesh-byzantine.test.ts[2m > [22m[2mREQ-RMS-015 — isRelayFlaggedByCanary mirrors the classifier cumulative gate[2m > [22m[2mflags R (sustained drops) and not R2 (zero drops) after >= MIN_ROUNDS
[22m[39m{"timestamp":"2026-06-22T06:18:43.087Z","level":"INFO","source":"frontend","module":"webrtc/sframe-transform","message":"encrypted frame","context":{"kid":9,"ctr":3,"byteLength":62,"codecOffset":10}}

[90mstdout[2m | apps/validator-daemon/src/canary/__tests__/mesh-byzantine.test.ts[2m > [22m[2mREQ-RMS-015 — isRelayFlaggedByCanary mirrors the classifier cumulative gate[2m > [22m[2mflags R (sustained drops) and not R2 (zero drops) after >= MIN_ROUNDS
[22m[39m{"timestamp":"2026-06-22T06:18:43.088Z","level":"INFO","source":"frontend","module":"webrtc/sframe-transform","message":"encrypted frame","context":{"kid":9,"ctr":4,"byteLength":62,"codecOffset":10}}

[90mstdout[2m | apps/validator-daemon/src/canary/__tests__/mesh-byzantine.test.ts[2m > [22m[2mREQ-RMS-015 — isRelayFlaggedByCanary mirrors the classifier cumulative gate[2m > [22m[2mflags R (sustained drops) and not R2 (zero drops) after >= MIN_ROUNDS
[22m[39m{"timestamp":"2026-06-22T06:18:43.088Z","level":"INFO","source":"frontend","module":"webrtc/sframe-transform","message":"encrypted frame","context":{"kid":9,"ctr":5,"byteLength":62,"codecOffset":10}}

[90mstdout[2m | apps/validator-daemon/src/canary/__tests__/mesh-byzantine.test.ts[2m > [22m[2mREQ-RMS-015 — isRelayFlaggedByCanary mirrors the classifier cumulative gate[2m > [22m[2mflags R (sustained drops) and not R2 (zero drops) after >= MIN_ROUNDS
[22m[39m{"timestamp":"2026-06-22T06:18:43.089Z","level":"INFO","source":"frontend","module":"webrtc/sframe-transform","message":"encrypted frame","context":{"kid":9,"ctr":6,"byteLength":62,"codecOffset":10}}

[90mstdout[2m | apps/validator-daemon/src/canary/__tests__/mesh-byzantine.test.ts[2m > [22m[2mREQ-RMS-015 — isRelayFlaggedByCanary mirrors the classifier cumulative gate[2m > [22m[2mflags R (sustained drops) and not R2 (zero drops) after >= MIN_ROUNDS
[22m[39m{"timestamp":"2026-06-22T06:18:43.090Z","level":"INFO","source":"frontend","module":"webrtc/sframe-transform","message":"encrypted frame","context":{"kid":9,"ctr":7,"byteLength":62,"codecOffset":10}}

{"level":30,"time":1782109123090,"pid":26144,"hostname":"Quang","name":"canary/verifier","canaryKid":9,"mediaPackets":8,"byteIdentical":8,"divergences":0,"msg":"canary forwarding verified"}
[90mstdout[2m | apps/validator-daemon/src/canary/__tests__/mesh-byzantine.test.ts[2m > [22m[2mREQ-RMS-015 — isRelayFlaggedByCanary mirrors the classifier cumulative gate[2m > [22m[2mflags R (sustained drops) and not R2 (zero drops) after >= MIN_ROUNDS
[22m[39m{"timestamp":"2026-06-22T06:18:43.091Z","level":"INFO","source":"frontend","module":"webrtc/sframe-transform","message":"encrypted frame","context":{"kid":9,"ctr":0,"byteLength":62,"codecOffset":10}}

[90mstdout[2m | apps/validator-daemon/src/canary/__tests__/mesh-byzantine.test.ts[2m > [22m[2mREQ-RMS-015 — isRelayFlaggedByCanary mirrors the classifier cumulative gate[2m > [22m[2mflags R (sustained drops) and not R2 (zero drops) after >= MIN_ROUNDS
[22m[39m{"timestamp":"2026-06-22T06:18:43.091Z","level":"INFO","source":"frontend","module":"webrtc/sframe-transform","message":"encrypted frame","context":{"kid":9,"ctr":1,"byteLength":62,"codecOffset":10}}

[90mstdout[2m | apps/validator-daemon/src/canary/__tests__/mesh-byzantine.test.ts[2m > [22m[2mREQ-RMS-015 — isRelayFlaggedByCanary mirrors the classifier cumulative gate[2m > [22m[2mflags R (sustained drops) and not R2 (zero drops) after >= MIN_ROUNDS
[22m[39m{"timestamp":"2026-06-22T06:18:43.092Z","level":"INFO","source":"frontend","module":"webrtc/sframe-transform","message":"encrypted frame","context":{"kid":9,"ctr":2,"byteLength":62,"codecOffset":10}}

[90mstdout[2m | apps/validator-daemon/src/canary/__tests__/mesh-byzantine.test.ts[2m > [22m[2mREQ-RMS-015 — isRelayFlaggedByCanary mirrors the classifier cumulative gate[2m > [22m[2mflags R (sustained drops) and not R2 (zero drops) after >= MIN_ROUNDS
[22m[39m{"timestamp":"2026-06-22T06:18:43.092Z","level":"INFO","source":"frontend","module":"webrtc/sframe-transform","message":"encrypted frame","context":{"kid":9,"ctr":3,"byteLength":62,"codecOffset":10}}

[90mstdout[2m | apps/validator-daemon/src/canary/__tests__/mesh-byzantine.test.ts[2m > [22m[2mREQ-RMS-015 — isRelayFlaggedByCanary mirrors the classifier cumulative gate[2m > [22m[2mflags R (sustained drops) and not R2 (zero drops) after >= MIN_ROUNDS
[22m[39m{"timestamp":"2026-06-22T06:18:43.093Z","level":"INFO","source":"frontend","module":"webrtc/sframe-transform","message":"encrypted frame","context":{"kid":9,"ctr":4,"byteLength":62,"codecOffset":10}}

[90mstdout[2m | apps/validator-daemon/src/canary/__tests__/mesh-byzantine.test.ts[2m > [22m[2mREQ-RMS-015 — isRelayFlaggedByCanary mirrors the classifier cumulative gate[2m > [22m[2mflags R (sustained drops) and not R2 (zero drops) after >= MIN_ROUNDS
[22m[39m{"timestamp":"2026-06-22T06:18:43.094Z","level":"INFO","source":"frontend","module":"webrtc/sframe-transform","message":"encrypted frame","context":{"kid":9,"ctr":5,"byteLength":62,"codecOffset":10}}

[90mstdout[2m | apps/validator-daemon/src/canary/__tests__/mesh-byzantine.test.ts[2m > [22m[2mREQ-RMS-015 — isRelayFlaggedByCanary mirrors the classifier cumulative gate[2m > [22m[2mflags R (sustained drops) and not R2 (zero drops) after >= MIN_ROUNDS
[22m[39m{"timestamp":"2026-06-22T06:18:43.094Z","level":"INFO","source":"frontend","module":"webrtc/sframe-transform","message":"encrypted frame","context":{"kid":9,"ctr":6,"byteLength":62,"codecOffset":10}}

[90mstdout[2m | apps/validator-daemon/src/canary/__tests__/mesh-byzantine.test.ts[2m > [22m[2mREQ-RMS-015 — isRelayFlaggedByCanary mirrors the classifier cumulative gate[2m > [22m[2mflags R (sustained drops) and not R2 (zero drops) after >= MIN_ROUNDS
[22m[39m{"timestamp":"2026-06-22T06:18:43.095Z","level":"INFO","source":"frontend","module":"webrtc/sframe-transform","message":"encrypted frame","context":{"kid":9,"ctr":7,"byteLength":62,"codecOffset":10}}

{"level":30,"time":1782109123095,"pid":26144,"hostname":"Quang","name":"canary/verifier","canaryKid":9,"mediaPackets":8,"byteIdentical":8,"divergences":0,"msg":"canary forwarding verified"}
{"level":30,"time":1782109123095,"pid":26144,"hostname":"Quang","name":"canary/loss-classifier","relayMinerId":"relay-honest-R2","promoted":0,"absorbed":0,"tampers":0,"cumulativeCrossed":false,"msg":"canary divergences classified (drop gate / tamper p=1)"}
{"level":30,"time":1782109123095,"pid":26144,"hostname":"Quang","name":"canary/verify-loop","round":5,"relayMinerId":"relay-honest-R2","roomId":"mesh-room","perReceiver":2,"promoted":0,"absorbed":0,"stunLossBps":"0","msg":"canary verify round classified (hermetic half — synthetic capture, STUN read live)"}
[90mstdout[2m | apps/validator-daemon/src/canary/__tests__/mesh-byzantine.test.ts[2m > [22m[2mREQ-RMS-015 — isRelayFlaggedByCanary mirrors the classifier cumulative gate[2m > [22m[2mflags R (sustained drops) and not R2 (zero drops) after >= MIN_ROUNDS
[22m[39m{"timestamp":"2026-06-22T06:18:43.097Z","level":"INFO","source":"frontend","module":"webrtc/sframe-transform","message":"encrypted frame","context":{"kid":9,"ctr":0,"byteLength":62,"codecOffset":10}}

[90mstdout[2m | apps/validator-daemon/src/canary/__tests__/mesh-byzantine.test.ts[2m > [22m[2mREQ-RMS-015 — isRelayFlaggedByCanary mirrors the classifier cumulative gate[2m > [22m[2mflags R (sustained drops) and not R2 (zero drops) after >= MIN_ROUNDS
[22m[39m{"timestamp":"2026-06-22T06:18:43.098Z","level":"INFO","source":"frontend","module":"webrtc/sframe-transform","message":"encrypted frame","context":{"kid":9,"ctr":1,"byteLength":62,"codecOffset":10}}

[90mstdout[2m | apps/validator-daemon/src/canary/__tests__/mesh-byzantine.test.ts[2m > [22m[2mREQ-RMS-015 — isRelayFlaggedByCanary mirrors the classifier cumulative gate[2m > [22m[2mflags R (sustained drops) and not R2 (zero drops) after >= MIN_ROUNDS
[22m[39m{"timestamp":"2026-06-22T06:18:43.098Z","level":"INFO","source":"frontend","module":"webrtc/sframe-transform","message":"encrypted frame","context":{"kid":9,"ctr":2,"byteLength":62,"codecOffset":10}}

[90mstdout[2m | apps/validator-daemon/src/canary/__tests__/mesh-byzantine.test.ts[2m > [22m[2mREQ-RMS-015 — isRelayFlaggedByCanary mirrors the classifier cumulative gate[2m > [22m[2mflags R (sustained drops) and not R2 (zero drops) after >= MIN_ROUNDS
[22m[39m{"timestamp":"2026-06-22T06:18:43.099Z","level":"INFO","source":"frontend","module":"webrtc/sframe-transform","message":"encrypted frame","context":{"kid":9,"ctr":3,"byteLength":62,"codecOffset":10}}

[90mstdout[2m | apps/validator-daemon/src/canary/__tests__/mesh-byzantine.test.ts[2m > [22m[2mREQ-RMS-015 — isRelayFlaggedByCanary mirrors the classifier cumulative gate[2m > [22m[2mflags R (sustained drops) and not R2 (zero drops) after >= MIN_ROUNDS
[22m[39m{"timestamp":"2026-06-22T06:18:43.099Z","level":"INFO","source":"frontend","module":"webrtc/sframe-transform","message":"encrypted frame","context":{"kid":9,"ctr":4,"byteLength":62,"codecOffset":10}}

[90mstdout[2m | apps/validator-daemon/src/canary/__tests__/mesh-byzantine.test.ts[2m > [22m[2mREQ-RMS-015 — isRelayFlaggedByCanary mirrors the classifier cumulative gate[2m > [22m[2mflags R (sustained drops) and not R2 (zero drops) after >= MIN_ROUNDS
[22m[39m{"timestamp":"2026-06-22T06:18:43.100Z","level":"INFO","source":"frontend","module":"webrtc/sframe-transform","message":"encrypted frame","context":{"kid":9,"ctr":6,"byteLength":62,"codecOffset":10}}

[90mstdout[2m | apps/validator-daemon/src/canary/__tests__/mesh-byzantine.test.ts[2m > [22m[2mREQ-RMS-015 — isRelayFlaggedByCanary mirrors the classifier cumulative gate[2m > [22m[2mflags R (sustained drops) and not R2 (zero drops) after >= MIN_ROUNDS
[22m[39m{"timestamp":"2026-06-22T06:18:43.100Z","level":"INFO","source":"frontend","module":"webrtc/sframe-transform","message":"encrypted frame","context":{"kid":9,"ctr":7,"byteLength":62,"codecOffset":10}}

[90mstdout[2m | apps/validator-daemon/src/canary/__tests__/mesh-byzantine.test.ts[2m > [22m[2mREQ-RMS-015 — isRelayFlaggedByCanary mirrors the classifier cumulative gate[2m > [22m[2mflags R (sustained drops) and not R2 (zero drops) after >= MIN_ROUNDS
[22m[39m{"timestamp":"2026-06-22T06:18:43.101Z","level":"INFO","source":"frontend","module":"webrtc/sframe-transform","message":"encrypted frame","context":{"kid":9,"ctr":0,"byteLength":62,"codecOffset":10}}

[90mstdout[2m | apps/validator-daemon/src/canary/__tests__/mesh-byzantine.test.ts[2m > [22m[2mREQ-RMS-015 — isRelayFlaggedByCanary mirrors the classifier cumulative gate[2m > [22m[2mflags R (sustained drops) and not R2 (zero drops) after >= MIN_ROUNDS
[22m[39m{"timestamp":"2026-06-22T06:18:43.101Z","level":"INFO","source":"frontend","module":"webrtc/sframe-transform","message":"encrypted frame","context":{"kid":9,"ctr":1,"byteLength":62,"codecOffset":10}}

[90mstdout[2m | apps/validator-daemon/src/canary/__tests__/mesh-byzantine.test.ts[2m > [22m[2mREQ-RMS-015 — isRelayFlaggedByCanary mirrors the classifier cumulative gate[2m > [22m[2mflags R (sustained drops) and not R2 (zero drops) after >= MIN_ROUNDS
[22m[39m{"timestamp":"2026-06-22T06:18:43.102Z","level":"INFO","source":"frontend","module":"webrtc/sframe-transform","message":"encrypted frame","context":{"kid":9,"ctr":2,"byteLength":62,"codecOffset":10}}

[90mstdout[2m | apps/validator-daemon/src/canary/__tests__/mesh-byzantine.test.ts[2m > [22m[2mREQ-RMS-015 — isRelayFlaggedByCanary mirrors the classifier cumulative gate[2m > [22m[2mflags R (sustained drops) and not R2 (zero drops) after >= MIN_ROUNDS
[22m[39m{"timestamp":"2026-06-22T06:18:43.102Z","level":"INFO","source":"frontend","module":"webrtc/sframe-transform","message":"encrypted frame","context":{"kid":9,"ctr":3,"byteLength":62,"codecOffset":10}}

[90mstdout[2m | apps/validator-daemon/src/canary/__tests__/mesh-byzantine.test.ts[2m > [22m[2mREQ-RMS-015 — isRelayFlaggedByCanary mirrors the classifier cumulative gate[2m > [22m[2mflags R (sustained drops) and not R2 (zero drops) after >= MIN_ROUNDS
[22m[39m{"timestamp":"2026-06-22T06:18:43.103Z","level":"INFO","source":"frontend","module":"webrtc/sframe-transform","message":"encrypted frame","context":{"kid":9,"ctr":4,"byteLength":62,"codecOffset":10}}

[90mstdout[2m | apps/validator-daemon/src/canary/__tests__/mesh-byzantine.test.ts[2m > [22m[2mREQ-RMS-015 — isRelayFlaggedByCanary mirrors the classifier cumulative gate[2m > [22m[2mflags R (sustained drops) and not R2 (zero drops) after >= MIN_ROUNDS
[22m[39m{"timestamp":"2026-06-22T06:18:43.103Z","level":"INFO","source":"frontend","module":"webrtc/sframe-transform","message":"encrypted frame","context":{"kid":9,"ctr":5,"byteLength":62,"codecOffset":10}}

[90mstdout[2m | apps/validator-daemon/src/canary/__tests__/mesh-byzantine.test.ts[2m > [22m[2mREQ-RMS-015 — isRelayFlaggedByCanary mirrors the classifier cumulative gate[2m > [22m[2mflags R (sustained drops) and not R2 (zero drops) after >= MIN_ROUNDS
[22m[39m{"timestamp":"2026-06-22T06:18:43.104Z","level":"INFO","source":"frontend","module":"webrtc/sframe-transform","message":"encrypted frame","context":{"kid":9,"ctr":6,"byteLength":62,"codecOffset":10}}

[90mstdout[2m | apps/validator-daemon/src/canary/__tests__/mesh-byzantine.test.ts[2m > [22m[2mREQ-RMS-015 — isRelayFlaggedByCanary mirrors the classifier cumulative gate[2m > [22m[2mflags R (sustained drops) and not R2 (zero drops) after >= MIN_ROUNDS
[22m[39m{"timestamp":"2026-06-22T06:18:43.104Z","level":"INFO","source":"frontend","module":"webrtc/sframe-transform","message":"encrypted frame","context":{"kid":9,"ctr":7,"byteLength":62,"codecOffset":10}}

{"level":30,"time":1782109123104,"pid":26144,"hostname":"Quang","name":"canary/verifier","canaryKid":9,"mediaPackets":7,"byteIdentical":7,"divergences":1,"msg":"canary forwarding verified"}
[90mstdout[2m | apps/validator-daemon/src/canary/__tests__/mesh-byzantine.test.ts[2m > [22m[2mREQ-RMS-015 — isRelayFlaggedByCanary mirrors the classifier cumulative gate[2m > [22m[2mflags R (sustained drops) and not R2 (zero drops) after >= MIN_ROUNDS
[22m[39m{"timestamp":"2026-06-22T06:18:43.105Z","level":"INFO","source":"frontend","module":"webrtc/sframe-transform","message":"encrypted frame","context":{"kid":9,"ctr":0,"byteLength":62,"codecOffset":10}}

[90mstdout[2m | apps/validator-daemon/src/canary/__tests__/mesh-byzantine.test.ts[2m > [22m[2mREQ-RMS-015 — isRelayFlaggedByCanary mirrors the classifier cumulative gate[2m > [22m[2mflags R (sustained drops) and not R2 (zero drops) after >= MIN_ROUNDS
[22m[39m{"timestamp":"2026-06-22T06:18:43.105Z","level":"INFO","source":"frontend","module":"webrtc/sframe-transform","message":"encrypted frame","context":{"kid":9,"ctr":1,"byteLength":62,"codecOffset":10}}

[90mstdout[2m | apps/validator-daemon/src/canary/__tests__/mesh-byzantine.test.ts[2m > [22m[2mREQ-RMS-015 — isRelayFlaggedByCanary mirrors the classifier cumulative gate[2m > [22m[2mflags R (sustained drops) and not R2 (zero drops) after >= MIN_ROUNDS
[22m[39m{"timestamp":"2026-06-22T06:18:43.106Z","level":"INFO","source":"frontend","module":"webrtc/sframe-transform","message":"encrypted frame","context":{"kid":9,"ctr":2,"byteLength":62,"codecOffset":10}}

[90mstdout[2m | apps/validator-daemon/src/canary/__tests__/mesh-byzantine.test.ts[2m > [22m[2mREQ-RMS-015 — isRelayFlaggedByCanary mirrors the classifier cumulative gate[2m > [22m[2mflags R (sustained drops) and not R2 (zero drops) after >= MIN_ROUNDS
[22m[39m{"timestamp":"2026-06-22T06:18:43.107Z","level":"INFO","source":"frontend","module":"webrtc/sframe-transform","message":"encrypted frame","context":{"kid":9,"ctr":3,"byteLength":62,"codecOffset":10}}

[90mstdout[2m | apps/validator-daemon/src/canary/__tests__/mesh-byzantine.test.ts[2m > [22m[2mREQ-RMS-015 — isRelayFlaggedByCanary mirrors the classifier cumulative gate[2m > [22m[2mflags R (sustained drops) and not R2 (zero drops) after >= MIN_ROUNDS
[22m[39m{"timestamp":"2026-06-22T06:18:43.107Z","level":"INFO","source":"frontend","module":"webrtc/sframe-transform","message":"encrypted frame","context":{"kid":9,"ctr":4,"byteLength":62,"codecOffset":10}}

[90mstdout[2m | apps/validator-daemon/src/canary/__tests__/mesh-byzantine.test.ts[2m > [22m[2mREQ-RMS-015 — isRelayFlaggedByCanary mirrors the classifier cumulative gate[2m > [22m[2mflags R (sustained drops) and not R2 (zero drops) after >= MIN_ROUNDS
[22m[39m{"timestamp":"2026-06-22T06:18:43.107Z","level":"INFO","source":"frontend","module":"webrtc/sframe-transform","message":"encrypted frame","context":{"kid":9,"ctr":5,"byteLength":62,"codecOffset":10}}

[90mstdout[2m | apps/validator-daemon/src/canary/__tests__/mesh-byzantine.test.ts[2m > [22m[2mREQ-RMS-015 — isRelayFlaggedByCanary mirrors the classifier cumulative gate[2m > [22m[2mflags R (sustained drops) and not R2 (zero drops) after >= MIN_ROUNDS
[22m[39m{"timestamp":"2026-06-22T06:18:43.108Z","level":"INFO","source":"frontend","module":"webrtc/sframe-transform","message":"encrypted frame","context":{"kid":9,"ctr":6,"byteLength":62,"codecOffset":10}}

[90mstdout[2m | apps/validator-daemon/src/canary/__tests__/mesh-byzantine.test.ts[2m > [22m[2mREQ-RMS-015 — isRelayFlaggedByCanary mirrors the classifier cumulative gate[2m > [22m[2mflags R (sustained drops) and not R2 (zero drops) after >= MIN_ROUNDS
[22m[39m{"timestamp":"2026-06-22T06:18:43.108Z","level":"INFO","source":"frontend","module":"webrtc/sframe-transform","message":"encrypted frame","context":{"kid":9,"ctr":7,"byteLength":62,"codecOffset":10}}

{"level":30,"time":1782109123109,"pid":26144,"hostname":"Quang","name":"canary/verifier","canaryKid":9,"mediaPackets":7,"byteIdentical":7,"divergences":1,"msg":"canary forwarding verified"}
{"level":30,"time":1782109123109,"pid":26144,"hostname":"Quang","name":"canary/loss-classifier","relayMinerId":"relay-byzantine-R","promoted":1,"absorbed":0,"tampers":0,"cumulativeCrossed":true,"msg":"canary divergences classified (drop gate / tamper p=1)"}
{"level":30,"time":1782109123110,"pid":26144,"hostname":"Quang","name":"canary/verify-loop","round":6,"relayMinerId":"relay-byzantine-R","roomId":"mesh-room","perReceiver":2,"promoted":1,"absorbed":0,"stunLossBps":"0","msg":"canary verify round classified (hermetic half — synthetic capture, STUN read live)"}
[90mstdout[2m | apps/validator-daemon/src/canary/__tests__/mesh-byzantine.test.ts[2m > [22m[2mREQ-RMS-015 — isRelayFlaggedByCanary mirrors the classifier cumulative gate[2m > [22m[2mflags R (sustained drops) and not R2 (zero drops) after >= MIN_ROUNDS
[22m[39m{"timestamp":"2026-06-22T06:18:43.111Z","level":"INFO","source":"frontend","module":"webrtc/sframe-transform","message":"encrypted frame","context":{"kid":9,"ctr":0,"byteLength":62,"codecOffset":10}}

[90mstdout[2m | apps/validator-daemon/src/canary/__tests__/mesh-byzantine.test.ts[2m > [22m[2mREQ-RMS-015 — isRelayFlaggedByCanary mirrors the classifier cumulative gate[2m > [22m[2mflags R (sustained drops) and not R2 (zero drops) after >= MIN_ROUNDS
[22m[39m{"timestamp":"2026-06-22T06:18:43.112Z","level":"INFO","source":"frontend","module":"webrtc/sframe-transform","message":"encrypted frame","context":{"kid":9,"ctr":1,"byteLength":62,"codecOffset":10}}

[90mstdout[2m | apps/validator-daemon/src/canary/__tests__/mesh-byzantine.test.ts[2m > [22m[2mREQ-RMS-015 — isRelayFlaggedByCanary mirrors the classifier cumulative gate[2m > [22m[2mflags R (sustained drops) and not R2 (zero drops) after >= MIN_ROUNDS
[22m[39m{"timestamp":"2026-06-22T06:18:43.112Z","level":"INFO","source":"frontend","module":"webrtc/sframe-transform","message":"encrypted frame","context":{"kid":9,"ctr":2,"byteLength":62,"codecOffset":10}}

[90mstdout[2m | apps/validator-daemon/src/canary/__tests__/mesh-byzantine.test.ts[2m > [22m[2mREQ-RMS-015 — isRelayFlaggedByCanary mirrors the classifier cumulative gate[2m > [22m[2mflags R (sustained drops) and not R2 (zero drops) after >= MIN_ROUNDS
[22m[39m{"timestamp":"2026-06-22T06:18:43.113Z","level":"INFO","source":"frontend","module":"webrtc/sframe-transform","message":"encrypted frame","context":{"kid":9,"ctr":3,"byteLength":62,"codecOffset":10}}

[90mstdout[2m | apps/validator-daemon/src/canary/__tests__/mesh-byzantine.test.ts[2m > [22m[2mREQ-RMS-015 — isRelayFlaggedByCanary mirrors the classifier cumulative gate[2m > [22m[2mflags R (sustained drops) and not R2 (zero drops) after >= MIN_ROUNDS
[22m[39m{"timestamp":"2026-06-22T06:18:43.113Z","level":"INFO","source":"frontend","module":"webrtc/sframe-transform","message":"encrypted frame","context":{"kid":9,"ctr":4,"byteLength":62,"codecOffset":10}}

[90mstdout[2m | apps/validator-daemon/src/canary/__tests__/mesh-byzantine.test.ts[2m > [22m[2mREQ-RMS-015 — isRelayFlaggedByCanary mirrors the classifier cumulative gate[2m > [22m[2mflags R (sustained drops) and not R2 (zero drops) after >= MIN_ROUNDS
[22m[39m{"timestamp":"2026-06-22T06:18:43.114Z","level":"INFO","source":"frontend","module":"webrtc/sframe-transform","message":"encrypted frame","context":{"kid":9,"ctr":5,"byteLength":62,"codecOffset":10}}

[90mstdout[2m | apps/validator-daemon/src/canary/__tests__/mesh-byzantine.test.ts[2m > [22m[2mREQ-RMS-015 — isRelayFlaggedByCanary mirrors the classifier cumulative gate[2m > [22m[2mflags R (sustained drops) and not R2 (zero drops) after >= MIN_ROUNDS
[22m[39m{"timestamp":"2026-06-22T06:18:43.114Z","level":"INFO","source":"frontend","module":"webrtc/sframe-transform","message":"encrypted frame","context":{"kid":9,"ctr":6,"byteLength":62,"codecOffset":10}}

[90mstdout[2m | apps/validator-daemon/src/canary/__tests__/mesh-byzantine.test.ts[2m > [22m[2mREQ-RMS-015 — isRelayFlaggedByCanary mirrors the classifier cumulative gate[2m > [22m[2mflags R (sustained drops) and not R2 (zero drops) after >= MIN_ROUNDS
[22m[39m{"timestamp":"2026-06-22T06:18:43.114Z","level":"INFO","source":"frontend","module":"webrtc/sframe-transform","message":"encrypted frame","context":{"kid":9,"ctr":7,"byteLength":62,"codecOffset":10}}

[90mstdout[2m | apps/validator-daemon/src/canary/__tests__/mesh-byzantine.test.ts[2m > [22m[2mREQ-RMS-015 — isRelayFlaggedByCanary mirrors the classifier cumulative gate[2m > [22m[2mflags R (sustained drops) and not R2 (zero drops) after >= MIN_ROUNDS
[22m[39m{"timestamp":"2026-06-22T06:18:43.115Z","level":"INFO","source":"frontend","module":"webrtc/sframe-transform","message":"encrypted frame","context":{"kid":9,"ctr":0,"byteLength":62,"codecOffset":10}}

[90mstdout[2m | apps/validator-daemon/src/canary/__tests__/mesh-byzantine.test.ts[2m > [22m[2mREQ-RMS-015 — isRelayFlaggedByCanary mirrors the classifier cumulative gate[2m > [22m[2mflags R (sustained drops) and not R2 (zero drops) after >= MIN_ROUNDS
[22m[39m{"timestamp":"2026-06-22T06:18:43.115Z","level":"INFO","source":"frontend","module":"webrtc/sframe-transform","message":"encrypted frame","context":{"kid":9,"ctr":1,"byteLength":62,"codecOffset":10}}

[90mstdout[2m | apps/validator-daemon/src/canary/__tests__/mesh-byzantine.test.ts[2m > [22m[2mREQ-RMS-015 — isRelayFlaggedByCanary mirrors the classifier cumulative gate[2m > [22m[2mflags R (sustained drops) and not R2 (zero drops) after >= MIN_ROUNDS
[22m[39m{"timestamp":"2026-06-22T06:18:43.116Z","level":"INFO","source":"frontend","module":"webrtc/sframe-transform","message":"encrypted frame","context":{"kid":9,"ctr":2,"byteLength":62,"codecOffset":10}}

[90mstdout[2m | apps/validator-daemon/src/canary/__tests__/mesh-byzantine.test.ts[2m > [22m[2mREQ-RMS-015 — isRelayFlaggedByCanary mirrors the classifier cumulative gate[2m > [22m[2mflags R (sustained drops) and not R2 (zero drops) after >= MIN_ROUNDS
[22m[39m{"timestamp":"2026-06-22T06:18:43.117Z","level":"INFO","source":"frontend","module":"webrtc/sframe-transform","message":"encrypted frame","context":{"kid":9,"ctr":3,"byteLength":62,"codecOffset":10}}

[90mstdout[2m | apps/validator-daemon/src/canary/__tests__/mesh-byzantine.test.ts[2m > [22m[2mREQ-RMS-015 — isRelayFlaggedByCanary mirrors the classifier cumulative gate[2m > [22m[2mflags R (sustained drops) and not R2 (zero drops) after >= MIN_ROUNDS
[22m[39m{"timestamp":"2026-06-22T06:18:43.117Z","level":"INFO","source":"frontend","module":"webrtc/sframe-transform","message":"encrypted frame","context":{"kid":9,"ctr":4,"byteLength":62,"codecOffset":10}}

[90mstdout[2m | apps/validator-daemon/src/canary/__tests__/mesh-byzantine.test.ts[2m > [22m[2mREQ-RMS-015 — isRelayFlaggedByCanary mirrors the classifier cumulative gate[2m > [22m[2mflags R (sustained drops) and not R2 (zero drops) after >= MIN_ROUNDS
[22m[39m{"timestamp":"2026-06-22T06:18:43.117Z","level":"INFO","source":"frontend","module":"webrtc/sframe-transform","message":"encrypted frame","context":{"kid":9,"ctr":5,"byteLength":62,"codecOffset":10}}

[90mstdout[2m | apps/validator-daemon/src/canary/__tests__/mesh-byzantine.test.ts[2m > [22m[2mREQ-RMS-015 — isRelayFlaggedByCanary mirrors the classifier cumulative gate[2m > [22m[2mflags R (sustained drops) and not R2 (zero drops) after >= MIN_ROUNDS
[22m[39m{"timestamp":"2026-06-22T06:18:43.118Z","level":"INFO","source":"frontend","module":"webrtc/sframe-transform","message":"encrypted frame","context":{"kid":9,"ctr":6,"byteLength":62,"codecOffset":10}}

[90mstdout[2m | apps/validator-daemon/src/canary/__tests__/mesh-byzantine.test.ts[2m > [22m[2mREQ-RMS-015 — isRelayFlaggedByCanary mirrors the classifier cumulative gate[2m > [22m[2mflags R (sustained drops) and not R2 (zero drops) after >= MIN_ROUNDS
[22m[39m{"timestamp":"2026-06-22T06:18:43.118Z","level":"INFO","source":"frontend","module":"webrtc/sframe-transform","message":"encrypted frame","context":{"kid":9,"ctr":7,"byteLength":62,"codecOffset":10}}

{"level":30,"time":1782109123118,"pid":26144,"hostname":"Quang","name":"canary/verifier","canaryKid":9,"mediaPackets":8,"byteIdentical":8,"divergences":0,"msg":"canary forwarding verified"}
[90mstdout[2m | apps/validator-daemon/src/canary/__tests__/mesh-byzantine.test.ts[2m > [22m[2mREQ-RMS-015 — isRelayFlaggedByCanary mirrors the classifier cumulative gate[2m > [22m[2mflags R (sustained drops) and not R2 (zero drops) after >= MIN_ROUNDS
[22m[39m{"timestamp":"2026-06-22T06:18:43.119Z","level":"INFO","source":"frontend","module":"webrtc/sframe-transform","message":"encrypted frame","context":{"kid":9,"ctr":0,"byteLength":62,"codecOffset":10}}

[90mstdout[2m | apps/validator-daemon/src/canary/__tests__/mesh-byzantine.test.ts[2m > [22m[2mREQ-RMS-015 — isRelayFlaggedByCanary mirrors the classifier cumulative gate[2m > [22m[2mflags R (sustained drops) and not R2 (zero drops) after >= MIN_ROUNDS
[22m[39m{"timestamp":"2026-06-22T06:18:43.119Z","level":"INFO","source":"frontend","module":"webrtc/sframe-transform","message":"encrypted frame","context":{"kid":9,"ctr":1,"byteLength":62,"codecOffset":10}}

[90mstdout[2m | apps/validator-daemon/src/canary/__tests__/mesh-byzantine.test.ts[2m > [22m[2mREQ-RMS-015 — isRelayFlaggedByCanary mirrors the classifier cumulative gate[2m > [22m[2mflags R (sustained drops) and not R2 (zero drops) after >= MIN_ROUNDS
[22m[39m{"timestamp":"2026-06-22T06:18:43.120Z","level":"INFO","source":"frontend","module":"webrtc/sframe-transform","message":"encrypted frame","context":{"kid":9,"ctr":2,"byteLength":62,"codecOffset":10}}

[90mstdout[2m | apps/validator-daemon/src/canary/__tests__/mesh-byzantine.test.ts[2m > [22m[2mREQ-RMS-015 — isRelayFlaggedByCanary mirrors the classifier cumulative gate[2m > [22m[2mflags R (sustained drops) and not R2 (zero drops) after >= MIN_ROUNDS
[22m[39m{"timestamp":"2026-06-22T06:18:43.120Z","level":"INFO","source":"frontend","module":"webrtc/sframe-transform","message":"encrypted frame","context":{"kid":9,"ctr":3,"byteLength":62,"codecOffset":10}}

[90mstdout[2m | apps/validator-daemon/src/canary/__tests__/mesh-byzantine.test.ts[2m > [22m[2mREQ-RMS-015 — isRelayFlaggedByCanary mirrors the classifier cumulative gate[2m > [22m[2mflags R (sustained drops) and not R2 (zero drops) after >= MIN_ROUNDS
[22m[39m{"timestamp":"2026-06-22T06:18:43.121Z","level":"INFO","source":"frontend","module":"webrtc/sframe-transform","message":"encrypted frame","context":{"kid":9,"ctr":4,"byteLength":62,"codecOffset":10}}

[90mstdout[2m | apps/validator-daemon/src/canary/__tests__/mesh-byzantine.test.ts[2m > [22m[2mREQ-RMS-015 — isRelayFlaggedByCanary mirrors the classifier cumulative gate[2m > [22m[2mflags R (sustained drops) and not R2 (zero drops) after >= MIN_ROUNDS
[22m[39m{"timestamp":"2026-06-22T06:18:43.122Z","level":"INFO","source":"frontend","module":"webrtc/sframe-transform","message":"encrypted frame","context":{"kid":9,"ctr":5,"byteLength":62,"codecOffset":10}}

[90mstdout[2m | apps/validator-daemon/src/canary/__tests__/mesh-byzantine.test.ts[2m > [22m[2mREQ-RMS-015 — isRelayFlaggedByCanary mirrors the classifier cumulative gate[2m > [22m[2mflags R (sustained drops) and not R2 (zero drops) after >= MIN_ROUNDS
[22m[39m{"timestamp":"2026-06-22T06:18:43.123Z","level":"INFO","source":"frontend","module":"webrtc/sframe-transform","message":"encrypted frame","context":{"kid":9,"ctr":6,"byteLength":62,"codecOffset":10}}

[90mstdout[2m | apps/validator-daemon/src/canary/__tests__/mesh-byzantine.test.ts[2m > [22m[2mREQ-RMS-015 — isRelayFlaggedByCanary mirrors the classifier cumulative gate[2m > [22m[2mflags R (sustained drops) and not R2 (zero drops) after >= MIN_ROUNDS
[22m[39m{"timestamp":"2026-06-22T06:18:43.124Z","level":"INFO","source":"frontend","module":"webrtc/sframe-transform","message":"encrypted frame","context":{"kid":9,"ctr":7,"byteLength":62,"codecOffset":10}}

{"level":30,"time":1782109123124,"pid":26144,"hostname":"Quang","name":"canary/verifier","canaryKid":9,"mediaPackets":8,"byteIdentical":8,"divergences":0,"msg":"canary forwarding verified"}
{"level":30,"time":1782109123124,"pid":26144,"hostname":"Quang","name":"canary/loss-classifier","relayMinerId":"relay-honest-R2","promoted":0,"absorbed":0,"tampers":0,"cumulativeCrossed":false,"msg":"canary divergences classified (drop gate / tamper p=1)"}
{"level":30,"time":1782109123124,"pid":26144,"hostname":"Quang","name":"canary/verify-loop","round":6,"relayMinerId":"relay-honest-R2","roomId":"mesh-room","perReceiver":2,"promoted":0,"absorbed":0,"stunLossBps":"0","msg":"canary verify round classified (hermetic half — synthetic capture, STUN read live)"}
[90mstdout[2m | apps/validator-daemon/src/canary/__tests__/mesh-byzantine.test.ts[2m > [22m[2mREQ-RMS-015 — isRelayFlaggedByCanary mirrors the classifier cumulative gate[2m > [22m[2mdoes NOT flag before MIN_ROUNDS of history (one unlucky round must not slash)
[22m[39m{"timestamp":"2026-06-22T06:18:43.136Z","level":"INFO","source":"frontend","module":"webrtc/sframe-transform","message":"encrypted frame","context":{"kid":9,"ctr":0,"byteLength":62,"codecOffset":10}}

[90mstdout[2m | apps/validator-daemon/src/canary/__tests__/mesh-byzantine.test.ts[2m > [22m[2mREQ-RMS-015 — isRelayFlaggedByCanary mirrors the classifier cumulative gate[2m > [22m[2mdoes NOT flag before MIN_ROUNDS of history (one unlucky round must not slash)
[22m[39m{"timestamp":"2026-06-22T06:18:43.137Z","level":"INFO","source":"frontend","module":"webrtc/sframe-transform","message":"encrypted frame","context":{"kid":9,"ctr":1,"byteLength":62,"codecOffset":10}}

[90mstdout[2m | apps/validator-daemon/src/canary/__tests__/mesh-byzantine.test.ts[2m > [22m[2mREQ-RMS-015 — isRelayFlaggedByCanary mirrors the classifier cumulative gate[2m > [22m[2mdoes NOT flag before MIN_ROUNDS of history (one unlucky round must not slash)
[22m[39m{"timestamp":"2026-06-22T06:18:43.137Z","level":"INFO","source":"frontend","module":"webrtc/sframe-transform","message":"encrypted frame","context":{"kid":9,"ctr":2,"byteLength":62,"codecOffset":10}}

[90mstdout[2m | apps/validator-daemon/src/canary/__tests__/mesh-byzantine.test.ts[2m > [22m[2mREQ-RMS-015 — isRelayFlaggedByCanary mirrors the classifier cumulative gate[2m > [22m[2mdoes NOT flag before MIN_ROUNDS of history (one unlucky round must not slash)
[22m[39m{"timestamp":"2026-06-22T06:18:43.138Z","level":"INFO","source":"frontend","module":"webrtc/sframe-transform","message":"encrypted frame","context":{"kid":9,"ctr":3,"byteLength":62,"codecOffset":10}}

[90mstdout[2m | apps/validator-daemon/src/canary/__tests__/mesh-byzantine.test.ts[2m > [22m[2mREQ-RMS-015 — isRelayFlaggedByCanary mirrors the classifier cumulative gate[2m > [22m[2mdoes NOT flag before MIN_ROUNDS of history (one unlucky round must not slash)
[22m[39m{"timestamp":"2026-06-22T06:18:43.138Z","level":"INFO","source":"frontend","module":"webrtc/sframe-transform","message":"encrypted frame","context":{"kid":9,"ctr":4,"byteLength":62,"codecOffset":10}}

[90mstdout[2m | apps/validator-daemon/src/canary/__tests__/mesh-byzantine.test.ts[2m > [22m[2mREQ-RMS-015 — isRelayFlaggedByCanary mirrors the classifier cumulative gate[2m > [22m[2mdoes NOT flag before MIN_ROUNDS of history (one unlucky round must not slash)
[22m[39m{"timestamp":"2026-06-22T06:18:43.138Z","level":"INFO","source":"frontend","module":"webrtc/sframe-transform","message":"encrypted frame","context":{"kid":9,"ctr":6,"byteLength":62,"codecOffset":10}}

[90mstdout[2m | apps/validator-daemon/src/canary/__tests__/mesh-byzantine.test.ts[2m > [22m[2mREQ-RMS-015 — isRelayFlaggedByCanary mirrors the classifier cumulative gate[2m > [22m[2mdoes NOT flag before MIN_ROUNDS of history (one unlucky round must not slash)
[22m[39m{"timestamp":"2026-06-22T06:18:43.139Z","level":"INFO","source":"frontend","module":"webrtc/sframe-transform","message":"encrypted frame","context":{"kid":9,"ctr":7,"byteLength":62,"codecOffset":10}}

[90mstdout[2m | apps/validator-daemon/src/canary/__tests__/mesh-byzantine.test.ts[2m > [22m[2mREQ-RMS-015 — isRelayFlaggedByCanary mirrors the classifier cumulative gate[2m > [22m[2mdoes NOT flag before MIN_ROUNDS of history (one unlucky round must not slash)
[22m[39m{"timestamp":"2026-06-22T06:18:43.140Z","level":"INFO","source":"frontend","module":"webrtc/sframe-transform","message":"encrypted frame","context":{"kid":9,"ctr":0,"byteLength":62,"codecOffset":10}}

[90mstdout[2m | apps/validator-daemon/src/canary/__tests__/mesh-byzantine.test.ts[2m > [22m[2mREQ-RMS-015 — isRelayFlaggedByCanary mirrors the classifier cumulative gate[2m > [22m[2mdoes NOT flag before MIN_ROUNDS of history (one unlucky round must not slash)
[22m[39m{"timestamp":"2026-06-22T06:18:43.141Z","level":"INFO","source":"frontend","module":"webrtc/sframe-transform","message":"encrypted frame","context":{"kid":9,"ctr":1,"byteLength":62,"codecOffset":10}}

[90mstdout[2m | apps/validator-daemon/src/canary/__tests__/mesh-byzantine.test.ts[2m > [22m[2mREQ-RMS-015 — isRelayFlaggedByCanary mirrors the classifier cumulative gate[2m > [22m[2mdoes NOT flag before MIN_ROUNDS of history (one unlucky round must not slash)
[22m[39m{"timestamp":"2026-06-22T06:18:43.142Z","level":"INFO","source":"frontend","module":"webrtc/sframe-transform","message":"encrypted frame","context":{"kid":9,"ctr":2,"byteLength":62,"codecOffset":10}}

[90mstdout[2m | apps/validator-daemon/src/canary/__tests__/mesh-byzantine.test.ts[2m > [22m[2mREQ-RMS-015 — isRelayFlaggedByCanary mirrors the classifier cumulative gate[2m > [22m[2mdoes NOT flag before MIN_ROUNDS of history (one unlucky round must not slash)
[22m[39m{"timestamp":"2026-06-22T06:18:43.143Z","level":"INFO","source":"frontend","module":"webrtc/sframe-transform","message":"encrypted frame","context":{"kid":9,"ctr":3,"byteLength":62,"codecOffset":10}}

[90mstdout[2m | apps/validator-daemon/src/canary/__tests__/mesh-byzantine.test.ts[2m > [22m[2mREQ-RMS-015 — isRelayFlaggedByCanary mirrors the classifier cumulative gate[2m > [22m[2mdoes NOT flag before MIN_ROUNDS of history (one unlucky round must not slash)
[22m[39m{"timestamp":"2026-06-22T06:18:43.143Z","level":"INFO","source":"frontend","module":"webrtc/sframe-transform","message":"encrypted frame","context":{"kid":9,"ctr":4,"byteLength":62,"codecOffset":10}}

[90mstdout[2m | apps/validator-daemon/src/canary/__tests__/mesh-byzantine.test.ts[2m > [22m[2mREQ-RMS-015 — isRelayFlaggedByCanary mirrors the classifier cumulative gate[2m > [22m[2mdoes NOT flag before MIN_ROUNDS of history (one unlucky round must not slash)
[22m[39m{"timestamp":"2026-06-22T06:18:43.144Z","level":"INFO","source":"frontend","module":"webrtc/sframe-transform","message":"encrypted frame","context":{"kid":9,"ctr":5,"byteLength":62,"codecOffset":10}}

[90mstdout[2m | apps/validator-daemon/src/canary/__tests__/mesh-byzantine.test.ts[2m > [22m[2mREQ-RMS-015 — isRelayFlaggedByCanary mirrors the classifier cumulative gate[2m > [22m[2mdoes NOT flag before MIN_ROUNDS of history (one unlucky round must not slash)
[22m[39m{"timestamp":"2026-06-22T06:18:43.144Z","level":"INFO","source":"frontend","module":"webrtc/sframe-transform","message":"encrypted frame","context":{"kid":9,"ctr":6,"byteLength":62,"codecOffset":10}}

[90mstdout[2m | apps/validator-daemon/src/canary/__tests__/mesh-byzantine.test.ts[2m > [22m[2mREQ-RMS-015 — isRelayFlaggedByCanary mirrors the classifier cumulative gate[2m > [22m[2mdoes NOT flag before MIN_ROUNDS of history (one unlucky round must not slash)
[22m[39m{"timestamp":"2026-06-22T06:18:43.145Z","level":"INFO","source":"frontend","module":"webrtc/sframe-transform","message":"encrypted frame","context":{"kid":9,"ctr":7,"byteLength":62,"codecOffset":10}}

{"level":30,"time":1782109123145,"pid":26144,"hostname":"Quang","name":"canary/verifier","canaryKid":9,"mediaPackets":7,"byteIdentical":7,"divergences":1,"msg":"canary forwarding verified"}
[90mstdout[2m | apps/validator-daemon/src/canary/__tests__/mesh-byzantine.test.ts[2m > [22m[2mREQ-RMS-015 — isRelayFlaggedByCanary mirrors the classifier cumulative gate[2m > [22m[2mdoes NOT flag before MIN_ROUNDS of history (one unlucky round must not slash)
[22m[39m{"timestamp":"2026-06-22T06:18:43.146Z","level":"INFO","source":"frontend","module":"webrtc/sframe-transform","message":"encrypted frame","context":{"kid":9,"ctr":0,"byteLength":62,"codecOffset":10}}

[90mstdout[2m | apps/validator-daemon/src/canary/__tests__/mesh-byzantine.test.ts[2m > [22m[2mREQ-RMS-015 — isRelayFlaggedByCanary mirrors the classifier cumulative gate[2m > [22m[2mdoes NOT flag before MIN_ROUNDS of history (one unlucky round must not slash)
[22m[39m{"timestamp":"2026-06-22T06:18:43.147Z","level":"INFO","source":"frontend","module":"webrtc/sframe-transform","message":"encrypted frame","context":{"kid":9,"ctr":1,"byteLength":62,"codecOffset":10}}

[90mstdout[2m | apps/validator-daemon/src/canary/__tests__/mesh-byzantine.test.ts[2m > [22m[2mREQ-RMS-015 — isRelayFlaggedByCanary mirrors the classifier cumulative gate[2m > [22m[2mdoes NOT flag before MIN_ROUNDS of history (one unlucky round must not slash)
[22m[39m{"timestamp":"2026-06-22T06:18:43.147Z","level":"INFO","source":"frontend","module":"webrtc/sframe-transform","message":"encrypted frame","context":{"kid":9,"ctr":2,"byteLength":62,"codecOffset":10}}

[90mstdout[2m | apps/validator-daemon/src/canary/__tests__/mesh-byzantine.test.ts[2m > [22m[2mREQ-RMS-015 — isRelayFlaggedByCanary mirrors the classifier cumulative gate[2m > [22m[2mdoes NOT flag before MIN_ROUNDS of history (one unlucky round must not slash)
[22m[39m{"timestamp":"2026-06-22T06:18:43.148Z","level":"INFO","source":"frontend","module":"webrtc/sframe-transform","message":"encrypted frame","context":{"kid":9,"ctr":3,"byteLength":62,"codecOffset":10}}

[90mstdout[2m | apps/validator-daemon/src/canary/__tests__/mesh-byzantine.test.ts[2m > [22m[2mREQ-RMS-015 — isRelayFlaggedByCanary mirrors the classifier cumulative gate[2m > [22m[2mdoes NOT flag before MIN_ROUNDS of history (one unlucky round must not slash)
[22m[39m{"timestamp":"2026-06-22T06:18:43.148Z","level":"INFO","source":"frontend","module":"webrtc/sframe-transform","message":"encrypted frame","context":{"kid":9,"ctr":4,"byteLength":62,"codecOffset":10}}

[90mstdout[2m | apps/validator-daemon/src/canary/__tests__/mesh-byzantine.test.ts[2m > [22m[2mREQ-RMS-015 — isRelayFlaggedByCanary mirrors the classifier cumulative gate[2m > [22m[2mdoes NOT flag before MIN_ROUNDS of history (one unlucky round must not slash)
[22m[39m{"timestamp":"2026-06-22T06:18:43.149Z","level":"INFO","source":"frontend","module":"webrtc/sframe-transform","message":"encrypted frame","context":{"kid":9,"ctr":5,"byteLength":62,"codecOffset":10}}

[90mstdout[2m | apps/validator-daemon/src/canary/__tests__/mesh-byzantine.test.ts[2m > [22m[2mREQ-RMS-015 — isRelayFlaggedByCanary mirrors the classifier cumulative gate[2m > [22m[2mdoes NOT flag before MIN_ROUNDS of history (one unlucky round must not slash)
[22m[39m{"timestamp":"2026-06-22T06:18:43.149Z","level":"INFO","source":"frontend","module":"webrtc/sframe-transform","message":"encrypted frame","context":{"kid":9,"ctr":6,"byteLength":62,"codecOffset":10}}

[90mstdout[2m | apps/validator-daemon/src/canary/__tests__/mesh-byzantine.test.ts[2m > [22m[2mREQ-RMS-015 — isRelayFlaggedByCanary mirrors the classifier cumulative gate[2m > [22m[2mdoes NOT flag before MIN_ROUNDS of history (one unlucky round must not slash)
[22m[39m{"timestamp":"2026-06-22T06:18:43.149Z","level":"INFO","source":"frontend","module":"webrtc/sframe-transform","message":"encrypted frame","context":{"kid":9,"ctr":7,"byteLength":62,"codecOffset":10}}

{"level":30,"time":1782109123150,"pid":26144,"hostname":"Quang","name":"canary/verifier","canaryKid":9,"mediaPackets":7,"byteIdentical":7,"divergences":1,"msg":"canary forwarding verified"}
{"level":30,"time":1782109123150,"pid":26144,"hostname":"Quang","name":"canary/loss-classifier","relayMinerId":"relay-byzantine-R","promoted":0,"absorbed":1,"tampers":0,"cumulativeCrossed":false,"msg":"canary divergences classified (drop gate / tamper p=1)"}
{"level":30,"time":1782109123150,"pid":26144,"hostname":"Quang","name":"canary/verify-loop","round":0,"relayMinerId":"relay-byzantine-R","roomId":"mesh-room","perReceiver":2,"promoted":0,"absorbed":1,"stunLossBps":"0","msg":"canary verify round classified (hermetic half — synthetic capture, STUN read live)"}
[90mstdout[2m | apps/validator-daemon/src/canary/__tests__/mesh-byzantine.test.ts[2m > [22m[2mREQ-RMS-015 — isRelayFlaggedByCanary mirrors the classifier cumulative gate[2m > [22m[2mdoes NOT flag before MIN_ROUNDS of history (one unlucky round must not slash)
[22m[39m{"timestamp":"2026-06-22T06:18:43.150Z","level":"INFO","source":"frontend","module":"webrtc/sframe-transform","message":"encrypted frame","context":{"kid":9,"ctr":0,"byteLength":62,"codecOffset":10}}

[90mstdout[2m | apps/validator-daemon/src/canary/__tests__/mesh-byzantine.test.ts[2m > [22m[2mREQ-RMS-015 — isRelayFlaggedByCanary mirrors the classifier cumulative gate[2m > [22m[2mdoes NOT flag before MIN_ROUNDS of history (one unlucky round must not slash)
[22m[39m{"timestamp":"2026-06-22T06:18:43.151Z","level":"INFO","source":"frontend","module":"webrtc/sframe-transform","message":"encrypted frame","context":{"kid":9,"ctr":1,"byteLength":62,"codecOffset":10}}

[90mstdout[2m | apps/validator-daemon/src/canary/__tests__/mesh-byzantine.test.ts[2m > [22m[2mREQ-RMS-015 — isRelayFlaggedByCanary mirrors the classifier cumulative gate[2m > [22m[2mdoes NOT flag before MIN_ROUNDS of history (one unlucky round must not slash)
[22m[39m{"timestamp":"2026-06-22T06:18:43.151Z","level":"INFO","source":"frontend","module":"webrtc/sframe-transform","message":"encrypted frame","context":{"kid":9,"ctr":2,"byteLength":62,"codecOffset":10}}

[90mstdout[2m | apps/validator-daemon/src/canary/__tests__/mesh-byzantine.test.ts[2m > [22m[2mREQ-RMS-015 — isRelayFlaggedByCanary mirrors the classifier cumulative gate[2m > [22m[2mdoes NOT flag before MIN_ROUNDS of history (one unlucky round must not slash)
[22m[39m{"timestamp":"2026-06-22T06:18:43.152Z","level":"INFO","source":"frontend","module":"webrtc/sframe-transform","message":"encrypted frame","context":{"kid":9,"ctr":3,"byteLength":62,"codecOffset":10}}

[90mstdout[2m | apps/validator-daemon/src/canary/__tests__/mesh-byzantine.test.ts[2m > [22m[2mREQ-RMS-015 — isRelayFlaggedByCanary mirrors the classifier cumulative gate[2m > [22m[2mdoes NOT flag before MIN_ROUNDS of history (one unlucky round must not slash)
[22m[39m{"timestamp":"2026-06-22T06:18:43.152Z","level":"INFO","source":"frontend","module":"webrtc/sframe-transform","message":"encrypted frame","context":{"kid":9,"ctr":4,"byteLength":62,"codecOffset":10}}

[90mstdout[2m | apps/validator-daemon/src/canary/__tests__/mesh-byzantine.test.ts[2m > [22m[2mREQ-RMS-015 — isRelayFlaggedByCanary mirrors the classifier cumulative gate[2m > [22m[2mdoes NOT flag before MIN_ROUNDS of history (one unlucky round must not slash)
[22m[39m{"timestamp":"2026-06-22T06:18:43.152Z","level":"INFO","source":"frontend","module":"webrtc/sframe-transform","message":"encrypted frame","context":{"kid":9,"ctr":5,"byteLength":62,"codecOffset":10}}

[90mstdout[2m | apps/validator-daemon/src/canary/__tests__/mesh-byzantine.test.ts[2m > [22m[2mREQ-RMS-015 — isRelayFlaggedByCanary mirrors the classifier cumulative gate[2m > [22m[2mdoes NOT flag before MIN_ROUNDS of history (one unlucky round must not slash)
[22m[39m{"timestamp":"2026-06-22T06:18:43.153Z","level":"INFO","source":"frontend","module":"webrtc/sframe-transform","message":"encrypted frame","context":{"kid":9,"ctr":6,"byteLength":62,"codecOffset":10}}

[90mstdout[2m | apps/validator-daemon/src/canary/__tests__/mesh-byzantine.test.ts[2m > [22m[2mREQ-RMS-015 — isRelayFlaggedByCanary mirrors the classifier cumulative gate[2m > [22m[2mdoes NOT flag before MIN_ROUNDS of history (one unlucky round must not slash)
[22m[39m{"timestamp":"2026-06-22T06:18:43.153Z","level":"INFO","source":"frontend","module":"webrtc/sframe-transform","message":"encrypted frame","context":{"kid":9,"ctr":7,"byteLength":62,"codecOffset":10}}

[90mstdout[2m | apps/validator-daemon/src/canary/__tests__/mesh-byzantine.test.ts[2m > [22m[2mREQ-RMS-015 — isRelayFlaggedByCanary mirrors the classifier cumulative gate[2m > [22m[2mdoes NOT flag before MIN_ROUNDS of history (one unlucky round must not slash)
[22m[39m{"timestamp":"2026-06-22T06:18:43.154Z","level":"INFO","source":"frontend","module":"webrtc/sframe-transform","message":"encrypted frame","context":{"kid":9,"ctr":0,"byteLength":62,"codecOffset":10}}

[90mstdout[2m | apps/validator-daemon/src/canary/__tests__/mesh-byzantine.test.ts[2m > [22m[2mREQ-RMS-015 — isRelayFlaggedByCanary mirrors the classifier cumulative gate[2m > [22m[2mdoes NOT flag before MIN_ROUNDS of history (one unlucky round must not slash)
[22m[39m{"timestamp":"2026-06-22T06:18:43.154Z","level":"INFO","source":"frontend","module":"webrtc/sframe-transform","message":"encrypted frame","context":{"kid":9,"ctr":1,"byteLength":62,"codecOffset":10}}

[90mstdout[2m | apps/validator-daemon/src/canary/__tests__/mesh-byzantine.test.ts[2m > [22m[2mREQ-RMS-015 — isRelayFlaggedByCanary mirrors the classifier cumulative gate[2m > [22m[2mdoes NOT flag before MIN_ROUNDS of history (one unlucky round must not slash)
[22m[39m{"timestamp":"2026-06-22T06:18:43.155Z","level":"INFO","source":"frontend","module":"webrtc/sframe-transform","message":"encrypted frame","context":{"kid":9,"ctr":2,"byteLength":62,"codecOffset":10}}

[90mstdout[2m | apps/validator-daemon/src/canary/__tests__/mesh-byzantine.test.ts[2m > [22m[2mREQ-RMS-015 — isRelayFlaggedByCanary mirrors the classifier cumulative gate[2m > [22m[2mdoes NOT flag before MIN_ROUNDS of history (one unlucky round must not slash)
[22m[39m{"timestamp":"2026-06-22T06:18:43.155Z","level":"INFO","source":"frontend","module":"webrtc/sframe-transform","message":"encrypted frame","context":{"kid":9,"ctr":3,"byteLength":62,"codecOffset":10}}

[90mstdout[2m | apps/validator-daemon/src/canary/__tests__/mesh-byzantine.test.ts[2m > [22m[2mREQ-RMS-015 — isRelayFlaggedByCanary mirrors the classifier cumulative gate[2m > [22m[2mdoes NOT flag before MIN_ROUNDS of history (one unlucky round must not slash)
[22m[39m{"timestamp":"2026-06-22T06:18:43.155Z","level":"INFO","source":"frontend","module":"webrtc/sframe-transform","message":"encrypted frame","context":{"kid":9,"ctr":4,"byteLength":62,"codecOffset":10}}

[90mstdout[2m | apps/validator-daemon/src/canary/__tests__/mesh-byzantine.test.ts[2m > [22m[2mREQ-RMS-015 — isRelayFlaggedByCanary mirrors the classifier cumulative gate[2m > [22m[2mdoes NOT flag before MIN_ROUNDS of history (one unlucky round must not slash)
[22m[39m{"timestamp":"2026-06-22T06:18:43.156Z","level":"INFO","source":"frontend","module":"webrtc/sframe-transform","message":"encrypted frame","context":{"kid":9,"ctr":5,"byteLength":62,"codecOffset":10}}

[90mstdout[2m | apps/validator-daemon/src/canary/__tests__/mesh-byzantine.test.ts[2m > [22m[2mREQ-RMS-015 — isRelayFlaggedByCanary mirrors the classifier cumulative gate[2m > [22m[2mdoes NOT flag before MIN_ROUNDS of history (one unlucky round must not slash)
[22m[39m{"timestamp":"2026-06-22T06:18:43.156Z","level":"INFO","source":"frontend","module":"webrtc/sframe-transform","message":"encrypted frame","context":{"kid":9,"ctr":6,"byteLength":62,"codecOffset":10}}

[90mstdout[2m | apps/validator-daemon/src/canary/__tests__/mesh-byzantine.test.ts[2m > [22m[2mREQ-RMS-015 — isRelayFlaggedByCanary mirrors the classifier cumulative gate[2m > [22m[2mdoes NOT flag before MIN_ROUNDS of history (one unlucky round must not slash)
[22m[39m{"timestamp":"2026-06-22T06:18:43.156Z","level":"INFO","source":"frontend","module":"webrtc/sframe-transform","message":"encrypted frame","context":{"kid":9,"ctr":7,"byteLength":62,"codecOffset":10}}

{"level":30,"time":1782109123156,"pid":26144,"hostname":"Quang","name":"canary/verifier","canaryKid":9,"mediaPackets":8,"byteIdentical":8,"divergences":0,"msg":"canary forwarding verified"}
[90mstdout[2m | apps/validator-daemon/src/canary/__tests__/mesh-byzantine.test.ts[2m > [22m[2mREQ-RMS-015 — isRelayFlaggedByCanary mirrors the classifier cumulative gate[2m > [22m[2mdoes NOT flag before MIN_ROUNDS of history (one unlucky round must not slash)
[22m[39m{"timestamp":"2026-06-22T06:18:43.157Z","level":"INFO","source":"frontend","module":"webrtc/sframe-transform","message":"encrypted frame","context":{"kid":9,"ctr":0,"byteLength":62,"codecOffset":10}}

[90mstdout[2m | apps/validator-daemon/src/canary/__tests__/mesh-byzantine.test.ts[2m > [22m[2mREQ-RMS-015 — isRelayFlaggedByCanary mirrors the classifier cumulative gate[2m > [22m[2mdoes NOT flag before MIN_ROUNDS of history (one unlucky round must not slash)
[22m[39m{"timestamp":"2026-06-22T06:18:43.157Z","level":"INFO","source":"frontend","module":"webrtc/sframe-transform","message":"encrypted frame","context":{"kid":9,"ctr":1,"byteLength":62,"codecOffset":10}}

[90mstdout[2m | apps/validator-daemon/src/canary/__tests__/mesh-byzantine.test.ts[2m > [22m[2mREQ-RMS-015 — isRelayFlaggedByCanary mirrors the classifier cumulative gate[2m > [22m[2mdoes NOT flag before MIN_ROUNDS of history (one unlucky round must not slash)
[22m[39m{"timestamp":"2026-06-22T06:18:43.158Z","level":"INFO","source":"frontend","module":"webrtc/sframe-transform","message":"encrypted frame","context":{"kid":9,"ctr":2,"byteLength":62,"codecOffset":10}}

[90mstdout[2m | apps/validator-daemon/src/canary/__tests__/mesh-byzantine.test.ts[2m > [22m[2mREQ-RMS-015 — isRelayFlaggedByCanary mirrors the classifier cumulative gate[2m > [22m[2mdoes NOT flag before MIN_ROUNDS of history (one unlucky round must not slash)
[22m[39m{"timestamp":"2026-06-22T06:18:43.158Z","level":"INFO","source":"frontend","module":"webrtc/sframe-transform","message":"encrypted frame","context":{"kid":9,"ctr":3,"byteLength":62,"codecOffset":10}}

[90mstdout[2m | apps/validator-daemon/src/canary/__tests__/mesh-byzantine.test.ts[2m > [22m[2mREQ-RMS-015 — isRelayFlaggedByCanary mirrors the classifier cumulative gate[2m > [22m[2mdoes NOT flag before MIN_ROUNDS of history (one unlucky round must not slash)
[22m[39m{"timestamp":"2026-06-22T06:18:43.158Z","level":"INFO","source":"frontend","module":"webrtc/sframe-transform","message":"encrypted frame","context":{"kid":9,"ctr":4,"byteLength":62,"codecOffset":10}}

[90mstdout[2m | apps/validator-daemon/src/canary/__tests__/mesh-byzantine.test.ts[2m > [22m[2mREQ-RMS-015 — isRelayFlaggedByCanary mirrors the classifier cumulative gate[2m > [22m[2mdoes NOT flag before MIN_ROUNDS of history (one unlucky round must not slash)
[22m[39m{"timestamp":"2026-06-22T06:18:43.159Z","level":"INFO","source":"frontend","module":"webrtc/sframe-transform","message":"encrypted frame","context":{"kid":9,"ctr":5,"byteLength":62,"codecOffset":10}}

[90mstdout[2m | apps/validator-daemon/src/canary/__tests__/mesh-byzantine.test.ts[2m > [22m[2mREQ-RMS-015 — isRelayFlaggedByCanary mirrors the classifier cumulative gate[2m > [22m[2mdoes NOT flag before MIN_ROUNDS of history (one unlucky round must not slash)
[22m[39m{"timestamp":"2026-06-22T06:18:43.159Z","level":"INFO","source":"frontend","module":"webrtc/sframe-transform","message":"encrypted frame","context":{"kid":9,"ctr":6,"byteLength":62,"codecOffset":10}}

[90mstdout[2m | apps/validator-daemon/src/canary/__tests__/mesh-byzantine.test.ts[2m > [22m[2mREQ-RMS-015 — isRelayFlaggedByCanary mirrors the classifier cumulative gate[2m > [22m[2mdoes NOT flag before MIN_ROUNDS of history (one unlucky round must not slash)
[22m[39m{"timestamp":"2026-06-22T06:18:43.159Z","level":"INFO","source":"frontend","module":"webrtc/sframe-transform","message":"encrypted frame","context":{"kid":9,"ctr":7,"byteLength":62,"codecOffset":10}}

{"level":30,"time":1782109123160,"pid":26144,"hostname":"Quang","name":"canary/verifier","canaryKid":9,"mediaPackets":8,"byteIdentical":8,"divergences":0,"msg":"canary forwarding verified"}
{"level":30,"time":1782109123160,"pid":26144,"hostname":"Quang","name":"canary/loss-classifier","relayMinerId":"relay-honest-R2","promoted":0,"absorbed":0,"tampers":0,"cumulativeCrossed":false,"msg":"canary divergences classified (drop gate / tamper p=1)"}
{"level":30,"time":1782109123160,"pid":26144,"hostname":"Quang","name":"canary/verify-loop","round":0,"relayMinerId":"relay-honest-R2","roomId":"mesh-room","perReceiver":2,"promoted":0,"absorbed":0,"stunLossBps":"0","msg":"canary verify round classified (hermetic half — synthetic capture, STUN read live)"}
 [31m❯[39m apps/validator-daemon/src/canary/__tests__/mesh-byzantine.test.ts [2m([22m[2m5 tests[22m[2m | [22m[31m2 failed[39m[2m | [22m[33m3 skipped[39m[2m)[22m[33m 308[2mms[22m[39m
   [2m[90m↓[39m[22m REQ-RMS-017 — Byzantine under-server attributed to R via the SHIPPED canary pipeline[2m > [22mR (overclaim->under-serve) is slashed pinned to its miner_id; honest R2 is never slashed
   [2m[90m↓[39m[22m REQ-RMS-017 — Byzantine under-server attributed to R via the SHIPPED canary pipeline[2m > [22mthe per-relay accumulator isolates R from R2 (R2 has zero drops, never crosses the bound)
   [2m[90m↓[39m[22m REQ-RMS-017 — Byzantine under-server attributed to R via the SHIPPED canary pipeline[2m > [22mNEGATIVE control — an all-honest mesh (R also forwards everything) produces NO slash
[31m   [31m×[31m REQ-RMS-015 — isRelayFlaggedByCanary mirrors the classifier cumulative gate[2m > [22mflags R (sustained drops) and not R2 (zero drops) after >= MIN_ROUNDS[39m[32m 280[2mms[22m[39m
[31m     → (0 , isRelayFlaggedByCanary) is not a function[39m
[31m   [31m×[31m REQ-RMS-015 — isRelayFlaggedByCanary mirrors the classifier cumulative gate[2m > [22mdoes NOT flag before MIN_ROUNDS of history (one unlucky round must not slash)[39m[32m 26[2mms[22m[39m
[31m     → (0 , isRelayFlaggedByCanary) is not a function[39m

[31m⎯⎯⎯⎯⎯⎯⎯[39m[1m[41m Failed Tests 2 [49m[22m[31m⎯⎯⎯⎯⎯⎯⎯[39m

[41m[1m FAIL [22m[49m apps/validator-daemon/src/canary/__tests__/mesh-byzantine.test.ts[2m > [22mREQ-RMS-015 — isRelayFlaggedByCanary mirrors the classifier cumulative gate[2m > [22mflags R (sustained drops) and not R2 (zero drops) after >= MIN_ROUNDS
[31m[1mTypeError[22m: (0 , isRelayFlaggedByCanary) is not a function[39m
[36m [2m❯[22m apps/validator-daemon/src/canary/__tests__/mesh-byzantine.test.ts:[2m135:12[22m[39m
    [90m133| [39m    [35mlet[39m acc [33m=[39m undefined[33m;[39m
    [90m134| [39m    for (let r = 0; r < 7; r++) { const res = await runCanaryVerifyRou…
    [90m135| [39m    expect(isRelayFlaggedByCanary(acc!, RELAY_R, 0n, MIN_ROUNDS_FOR_CU…
    [90m   | [39m           [31m^[39m
    [90m136| [39m    expect(isRelayFlaggedByCanary(acc!, RELAY_R2, 0n, MIN_ROUNDS_FOR_C…
    [90m137| [39m  }[33m,[39m [34m30_000[39m)[33m;[39m

[31m[2m⎯⎯⎯⎯⎯⎯⎯⎯⎯⎯⎯⎯⎯⎯⎯⎯⎯⎯⎯⎯⎯⎯⎯⎯[1/2]⎯[22m[39m

[41m[1m FAIL [22m[49m apps/validator-daemon/src/canary/__tests__/mesh-byzantine.test.ts[2m > [22mREQ-RMS-015 — isRelayFlaggedByCanary mirrors the classifier cumulative gate[2m > [22mdoes NOT flag before MIN_ROUNDS of history (one unlucky round must not slash)
[31m[1mTypeError[22m: (0 , isRelayFlaggedByCanary) is not a function[39m
[36m [2m❯[22m apps/validator-daemon/src/canary/__tests__/mesh-byzantine.test.ts:[2m142:12[22m[39m
    [90m140| [39m    [35mconst[39m deps [33m=[39m [34mmakeMeshDeps[39m(board[33m,[39m [][33m,[39m [35mnew[39m [33mEd25519Keypair[39m())[33m;[39m
    [90m141| [39m    [35mconst[39m res [33m=[39m [35mawait[39m [34mrunCanaryVerifyRound[39m(deps[33m,[39m undefined[33m,[39m [34m0[39m)[33m;[39m
    [90m142| [39m    expect(isRelayFlaggedByCanary(res.accumulator, RELAY_R, 0n, MIN_RO…
    [90m   | [39m           [31m^[39m
    [90m143| [39m  }[33m,[39m [34m30_000[39m)[33m;[39m
    [90m144| [39m})[33m;[39m

[31m[2m⎯⎯⎯⎯⎯⎯⎯⎯⎯⎯⎯⎯⎯⎯⎯⎯⎯⎯⎯⎯⎯⎯⎯⎯[2/2]⎯[22m[39m


[2m Test Files [22m [1m[31m1 failed[39m[22m[90m (1)[39m
[2m      Tests [22m [1m[31m2 failed[39m[22m[2m | [22m[33m3 skipped[39m[90m (5)[39m
[2m   Start at [22m 13:18:40
[2m   Duration [22m 2.44s[2m (transform 300ms, setup 0ms, collect 1.55s, tests 308ms, environment 0ms, prepare 239ms)[22m


[1m[46m RUN [49m[22m [36mv3.2.4 [39m[90mC:/Thesis/dvconf/dvconf-daemons[39m

 [31m❯[39m apps/cp-daemon/src/__tests__/admission-capacity.test.ts [2m([22m[2m16 tests[22m[2m | [22m[31m6 failed[39m[2m)[22m[32m 14[2mms[22m[39m
   [32m✓[39m REQ-RMS-003 estimateRoomLoad — L_r = V_active * min(9, P_active) + audio_term[2m > [22msmall room (preset V_active=6, P_active=2) -> 6*2 + audio[32m 1[2mms[22m[39m
   [32m✓[39m REQ-RMS-003 estimateRoomLoad — L_r = V_active * min(9, P_active) + audio_term[2m > [22mcaps P_active at the page size of 9[32m 0[2mms[22m[39m
   [32m✓[39m REQ-RMS-003 estimateRoomLoad — L_r = V_active * min(9, P_active) + audio_term[2m > [22mwebinar (few publishers, many viewers)[32m 0[2mms[22m[39m
   [32m✓[39m REQ-RMS-003 estimateRoomLoad — L_r = V_active * min(9, P_active) + audio_term[2m > [22mmcu mode collapses video fan-out (1 composited stream) but keeps audio_term[32m 0[2mms[22m[39m
   [32m✓[39m REQ-RMS-002 selectPlacementRelay — i* = argmin (l_i + L_r)/C_worker s.t. <= C_worker, RTT tie-break[2m > [22mrejects relays that would exceed the capacity ceiling[32m 1[2mms[22m[39m
   [32m✓[39m REQ-RMS-002 selectPlacementRelay — i* = argmin (l_i + L_r)/C_worker s.t. <= C_worker, RTT tie-break[2m > [22mpicks argmin ratio; ties broken by lower RTT (geo)[32m 0[2mms[22m[39m
   [32m✓[39m REQ-RMS-002 selectPlacementRelay — i* = argmin (l_i + L_r)/C_worker s.t. <= C_worker, RTT tie-break[2m > [22mreturns null when every relay would exceed C_worker (defer)[32m 0[2mms[22m[39m
   [32m✓[39m REQ-RMS-018 poolHealthGate — admit only if >= K_r healthy (fresh heartbeat + canary-healthy)[2m > [22mcounts a relay healthy iff heartbeat < STALE(7) AND canary success-rate ok[32m 0[2mms[22m[39m
   [32m✓[39m REQ-RMS-013 poolSize — M = ceil(sum L_r / C_relay)*(1+redundancy)+byzantine_margin[2m > [22mderives the demo M for R~20-30 rooms x ~270 paths[32m 0[2mms[22m[39m
   [32m✓[39m REQ-RMS-013 poolSize — M = ceil(sum L_r / C_relay)*(1+redundancy)+byzantine_margin[2m > [22ma tiny load floors at >= min_relay so a demo M=5 is justified, not arbitrary[32m 0[2mms[22m[39m
[31m   [31m×[31m REQ-RMS-015 — excludeFlaggedRelays[2m > [22mdrops a flagged relay from the candidate set, keeps the rest in order[39m[32m 5[2mms[22m[39m
[31m     → (0 , excludeFlaggedRelays) is not a function[39m
[31m   [31m×[31m REQ-RMS-015 — excludeFlaggedRelays[2m > [22mreturns the full set when nothing is flagged[39m[32m 1[2mms[22m[39m
[31m     → (0 , excludeFlaggedRelays) is not a function[39m
[31m   [31m×[31m REQ-RMS-015 — excludeFlaggedRelays[2m > [22mnever mutates the input array (admission-local, no side effects)[39m[32m 0[2mms[22m[39m
[31m     → (0 , excludeFlaggedRelays) is not a function[39m
[31m   [31m×[31m REQ-RMS-015 — selectTopRelays (pure top-kr helper; NOT wired into EscrowCreated — see BLOCKER-2)[2m > [22mtakes the top-kr ranked relay ids (default kr=2 = MIN_RELAY at the demo floor)[39m[32m 0[2mms[22m[39m
[31m     → (0 , selectTopRelays) is not a function[39m
[31m   [31m×[31m REQ-RMS-015 — selectTopRelays (pure top-kr helper; NOT wired into EscrowCreated — see BLOCKER-2)[2m > [22malways returns >=1 id when relays exist (matches the shipped max(1, ...))[39m[32m 0[2mms[22m[39m
[31m     → (0 , selectTopRelays) is not a function[39m
[31m   [31m×[31m REQ-RMS-015 — selectTopRelays (pure top-kr helper; NOT wired into EscrowCreated — see BLOCKER-2)[2m > [22ma flagged relay excluded UPSTREAM never appears in the selected top-relay set (exclude->select pipeline)[39m[32m 0[2mms[22m[39m
[31m     → (0 , excludeFlaggedRelays) is not a function[39m

[31m⎯⎯⎯⎯⎯⎯⎯[39m[1m[41m Failed Tests 6 [49m[22m[31m⎯⎯⎯⎯⎯⎯⎯[39m

[41m[1m FAIL [22m[49m apps/cp-daemon/src/__tests__/admission-capacity.test.ts[2m > [22mREQ-RMS-015 — excludeFlaggedRelays[2m > [22mdrops a flagged relay from the candidate set, keeps the rest in order
[31m[1mTypeError[22m: (0 , excludeFlaggedRelays) is not a function[39m
[36m [2m❯[22m apps/cp-daemon/src/__tests__/admission-capacity.test.ts:[2m85:17[22m[39m
    [90m 83| [39m    [35mconst[39m [35mset[39m [33m=[39m [[34mcand[39m([32m'R1'[39m)[33m,[39m [34mcand[39m([32m'R-byz'[39m)[33m,[39m [34mcand[39m([32m'R2'[39m)][33m;[39m
    [90m 84| [39m    [35mconst[39m isFlagged [33m=[39m (id[33m:[39m string)[33m:[39m boolean [33m=>[39m id [33m===[39m [32m'R-byz'[39m[33m;[39m
    [90m 85| [39m    [35mconst[39m out [33m=[39m [34mexcludeFlaggedRelays[39m([35mset[39m[33m,[39m isFlagged)[33m;[39m
    [90m   | [39m                [31m^[39m
    [90m 86| [39m    [34mexpect[39m(out[33m.[39m[34mmap[39m((c) [33m=>[39m c[33m.[39mminerId))[33m.[39m[34mtoEqual[39m([[32m'R1'[39m[33m,[39m [32m'R2'[39m])[33m;[39m
    [90m 87| [39m  })[33m;[39m

[31m[2m⎯⎯⎯⎯⎯⎯⎯⎯⎯⎯⎯⎯⎯⎯⎯⎯⎯⎯⎯⎯⎯⎯⎯⎯[1/6]⎯[22m[39m

[41m[1m FAIL [22m[49m apps/cp-daemon/src/__tests__/admission-capacity.test.ts[2m > [22mREQ-RMS-015 — excludeFlaggedRelays[2m > [22mreturns the full set when nothing is flagged
[31m[1mTypeError[22m: (0 , excludeFlaggedRelays) is not a function[39m
[36m [2m❯[22m apps/cp-daemon/src/__tests__/admission-capacity.test.ts:[2m91:12[22m[39m
    [90m 89| [39m  [34mit[39m([32m'returns the full set when nothing is flagged'[39m[33m,[39m () [33m=>[39m {
    [90m 90| [39m    [35mconst[39m [35mset[39m [33m=[39m [[34mcand[39m([32m'R1'[39m)[33m,[39m [34mcand[39m([32m'R2'[39m)][33m;[39m
    [90m 91| [39m    expect(excludeFlaggedRelays(set, () => false).map((c) => c.minerId…
    [90m   | [39m           [31m^[39m
    [90m 92| [39m  })[33m;[39m
    [90m 93| [39m

[31m[2m⎯⎯⎯⎯⎯⎯⎯⎯⎯⎯⎯⎯⎯⎯⎯⎯⎯⎯⎯⎯⎯⎯⎯⎯[2/6]⎯[22m[39m

[41m[1m FAIL [22m[49m apps/cp-daemon/src/__tests__/admission-capacity.test.ts[2m > [22mREQ-RMS-015 — excludeFlaggedRelays[2m > [22mnever mutates the input array (admission-local, no side effects)
[31m[1mTypeError[22m: (0 , excludeFlaggedRelays) is not a function[39m
[36m [2m❯[22m apps/cp-daemon/src/__tests__/admission-capacity.test.ts:[2m97:5[22m[39m
    [90m 95| [39m    [35mconst[39m [35mset[39m [33m=[39m [[34mcand[39m([32m'R1'[39m)[33m,[39m [34mcand[39m([32m'R-byz'[39m)][33m;[39m
    [90m 96| [39m    [35mconst[39m copy [33m=[39m [[33m...[39m[35mset[39m][33m;[39m
    [90m 97| [39m    [34mexcludeFlaggedRelays[39m([35mset[39m[33m,[39m (id) [33m=>[39m id [33m===[39m [32m'R-byz'[39m)[33m;[39m
    [90m   | [39m    [31m^[39m
    [90m 98| [39m    expect(set.map((c) => c.minerId)).toEqual(copy.map((c) => c.minerI…
    [90m 99| [39m  })[33m;[39m

[31m[2m⎯⎯⎯⎯⎯⎯⎯⎯⎯⎯⎯⎯⎯⎯⎯⎯⎯⎯⎯⎯⎯⎯⎯⎯[3/6]⎯[22m[39m

[41m[1m FAIL [22m[49m apps/cp-daemon/src/__tests__/admission-capacity.test.ts[2m > [22mREQ-RMS-015 — selectTopRelays (pure top-kr helper; NOT wired into EscrowCreated — see BLOCKER-2)[2m > [22mtakes the top-kr ranked relay ids (default kr=2 = MIN_RELAY at the demo floor)
[31m[1mTypeError[22m: (0 , selectTopRelays) is not a function[39m
[36m [2m❯[22m apps/cp-daemon/src/__tests__/admission-capacity.test.ts:[2m105:12[22m[39m
    [90m103| [39m  it('takes the top-kr ranked relay ids (default kr=2 = MIN_RELAY at t…
    [90m104| [39m    [35mconst[39m ranked [33m=[39m [[34mcand[39m([32m'R1'[39m)[33m,[39m [34mcand[39m([32m'R2'[39m)[33m,[39m [34mcand[39m([32m'R3'[39m)][33m;[39m
    [90m105| [39m    [34mexpect[39m([34mselectTopRelays[39m(ranked))[33m.[39m[34mtoEqual[39m([[32m'R1'[39m[33m,[39m [32m'R2'[39m])[33m;[39m
    [90m   | [39m           [31m^[39m
    [90m106| [39m    [34mexpect[39m([34mselectTopRelays[39m(ranked[33m,[39m [34m3[39m))[33m.[39m[34mtoEqual[39m([[32m'R1'[39m[33m,[39m [32m'R2'[39m[33m,[39m [32m'R3'[39m])[33m;[39m
    [90m107| [39m  })[33m;[39m

[31m[2m⎯⎯⎯⎯⎯⎯⎯⎯⎯⎯⎯⎯⎯⎯⎯⎯⎯⎯⎯⎯⎯⎯⎯⎯[4/6]⎯[22m[39m

[41m[1m FAIL [22m[49m apps/cp-daemon/src/__tests__/admission-capacity.test.ts[2m > [22mREQ-RMS-015 — selectTopRelays (pure top-kr helper; NOT wired into EscrowCreated — see BLOCKER-2)[2m > [22malways returns >=1 id when relays exist (matches the shipped max(1, ...))
[31m[1mTypeError[22m: (0 , selectTopRelays) is not a function[39m
[36m [2m❯[22m apps/cp-daemon/src/__tests__/admission-capacity.test.ts:[2m110:12[22m[39m
    [90m108| [39m
    [90m109| [39m  it('always returns >=1 id when relays exist (matches the shipped max…
    [90m110| [39m    [34mexpect[39m([34mselectTopRelays[39m([[34mcand[39m([32m'only'[39m)][33m,[39m [34m2[39m))[33m.[39m[34mtoEqual[39m([[32m'only'[39m])[33m;[39m
    [90m   | [39m           [31m^[39m
    [90m111| [39m  })[33m;[39m
    [90m112| [39m

[31m[2m⎯⎯⎯⎯⎯⎯⎯⎯⎯⎯⎯⎯⎯⎯⎯⎯⎯⎯⎯⎯⎯⎯⎯⎯[5/6]⎯[22m[39m

[41m[1m FAIL [22m[49m apps/cp-daemon/src/__tests__/admission-capacity.test.ts[2m > [22mREQ-RMS-015 — selectTopRelays (pure top-kr helper; NOT wired into EscrowCreated — see BLOCKER-2)[2m > [22ma flagged relay excluded UPSTREAM never appears in the selected top-relay set (exclude->select pipeline)
[31m[1mTypeError[22m: (0 , excludeFlaggedRelays) is not a function[39m
[36m [2m❯[22m apps/cp-daemon/src/__tests__/admission-capacity.test.ts:[2m115:22[22m[39m
    [90m113| [39m  it('a flagged relay excluded UPSTREAM never appears in the selected …
    [90m114| [39m    [35mconst[39m ranked [33m=[39m [[34mcand[39m([32m'R1'[39m)[33m,[39m [34mcand[39m([32m'R-byz'[39m)[33m,[39m [34mcand[39m([32m'R2'[39m)][33m;[39m
    [90m115| [39m    const eligible = excludeFlaggedRelays(ranked, (id) => id === 'R-by…
    [90m   | [39m                     [31m^[39m
    [90m116| [39m    [35mconst[39m selected [33m=[39m [34mselectTopRelays[39m(eligible[33m,[39m [34m2[39m)[33m;[39m
    [90m117| [39m    expect(selected).not.toContain('R-byz'); // observes the REAL prod…

[31m[2m⎯⎯⎯⎯⎯⎯⎯⎯⎯⎯⎯⎯⎯⎯⎯⎯⎯⎯⎯⎯⎯⎯⎯⎯[6/6]⎯[22m[39m


[2m Test Files [22m [1m[31m1 failed[39m[22m[90m (1)[39m
[2m      Tests [22m [1m[31m6 failed[39m[22m[2m | [22m[1m[32m10 passed[39m[22m[90m (16)[39m
[2m   Start at [22m 13:25:59
[2m   Duration [22m 548ms[2m (transform 66ms, setup 0ms, collect 64ms, tests 14ms, environment 0ms, prepare 184ms)[22m

