
[1m[46m RUN [49m[22m [36mv3.2.4 [39m[90mC:/Thesis/dvconf/dvconf-daemons[39m

 [32m✓[39m apps/validator-daemon/src/__tests__/heartbeat.test.ts [2m([22m[2m3 tests[22m[2m)[22m[32m 21[2mms[22m[39m
 [32m✓[39m apps/validator-daemon/src/__tests__/latency-probe.test.ts [2m([22m[2m6 tests[22m[2m)[22m[32m 23[2mms[22m[39m
{"level":30,"time":1781936526513,"pid":17572,"hostname":"Quang","name":"canary/loss-classifier","relayMinerId":"relay-under-audit","promoted":1,"absorbed":0,"tampers":1,"cumulativeCrossed":false,"msg":"canary divergences classified (drop gate / tamper p=1)"}
{"level":30,"time":1781936526524,"pid":11992,"hostname":"Quang","name":"canary/cell","round":0,"scopes":2,"cells":2,"covered":2,"msg":"canary cell round assigned"}
{"level":30,"time":1781936526531,"pid":11992,"hostname":"Quang","name":"canary/cell","round":0,"scopes":2,"cells":2,"covered":2,"msg":"canary cell round assigned"}
 [32m✓[39m apps/validator-daemon/src/canary/__tests__/cell-salt.test.ts [2m([22m[2m5 tests[22m[2m)[22m[32m 45[2mms[22m[39m
 [32m✓[39m apps/validator-daemon/src/canary/__tests__/cell.test.ts [2m([22m[2m9 tests[22m[2m)[22m[32m 46[2mms[22m[39m
{"level":30,"time":1781936526536,"pid":11992,"hostname":"Quang","name":"canary/cell","round":0,"scopes":1,"cells":1,"covered":1,"msg":"canary cell round assigned"}
{"level":30,"time":1781936526525,"pid":11992,"hostname":"Quang","name":"canary/cell","intervalMs":1000000,"msg":"canary cell loop started"}
{"level":30,"time":1781936526525,"pid":11992,"hostname":"Quang","name":"canary/cell","msg":"canary cell loop stopped"}
{"level":30,"time":1781936526531,"pid":11992,"hostname":"Quang","name":"canary/cell","intervalMs":1000000,"msg":"canary cell loop started"}
{"level":30,"time":1781936526531,"pid":11992,"hostname":"Quang","name":"canary/cell","msg":"canary cell loop stopped"}
{"level":30,"time":1781936526536,"pid":11992,"hostname":"Quang","name":"canary/cell","intervalMs":1000000,"msg":"canary cell loop started"}
{"level":30,"time":1781936526536,"pid":11992,"hostname":"Quang","name":"canary/cell","msg":"canary cell loop stopped"}
{"level":30,"time":1781936526519,"pid":17572,"hostname":"Quang","name":"canary/loss-classifier","relayMinerId":"relay-under-audit","promoted":1,"absorbed":1,"tampers":1,"cumulativeCrossed":false,"msg":"canary divergences classified (drop gate / tamper p=1)"}
{"level":30,"time":1781936526520,"pid":17572,"hostname":"Quang","name":"canary/loss-classifier","relayMinerId":"relay-under-audit","promoted":0,"absorbed":1,"tampers":0,"cumulativeCrossed":false,"msg":"canary divergences classified (drop gate / tamper p=1)"}
{"level":30,"time":1781936526521,"pid":17572,"hostname":"Quang","name":"canary/loss-classifier","relayMinerId":"relay-under-audit","promoted":0,"absorbed":1,"tampers":0,"cumulativeCrossed":false,"msg":"canary divergences classified (drop gate / tamper p=1)"}
{"level":30,"time":1781936526522,"pid":17572,"hostname":"Quang","name":"canary/loss-classifier","relayMinerId":"relay-under-audit","promoted":1,"absorbed":0,"tampers":0,"cumulativeCrossed":true,"msg":"canary divergences classified (drop gate / tamper p=1)"}
{"level":30,"time":1781936526523,"pid":17572,"hostname":"Quang","name":"canary/loss-classifier","relayMinerId":"relay-under-audit","promoted":0,"absorbed":1,"tampers":0,"cumulativeCrossed":true,"msg":"canary divergences classified (drop gate / tamper p=1)"}
{"level":30,"time":1781936526524,"pid":17572,"hostname":"Quang","name":"canary/loss-classifier","relayMinerId":"relay-under-audit","promoted":0,"absorbed":1,"tampers":0,"cumulativeCrossed":false,"msg":"canary divergences classified (drop gate / tamper p=1)"}
{"level":30,"time":1781936526525,"pid":17572,"hostname":"Quang","name":"canary/loss-classifier","relayMinerId":"relay-under-audit","promoted":1,"absorbed":0,"tampers":1,"cumulativeCrossed":true,"msg":"canary divergences classified (drop gate / tamper p=1)"}
{"level":30,"time":1781936526526,"pid":17572,"hostname":"Quang","name":"canary/loss-classifier","relayMinerId":"relay-X","promoted":1,"absorbed":0,"tampers":0,"cumulativeCrossed":true,"msg":"canary divergences classified (drop gate / tamper p=1)"}
{"level":30,"time":1781936526526,"pid":17572,"hostname":"Quang","name":"canary/loss-classifier","relayMinerId":"relay-Y","promoted":0,"absorbed":1,"tampers":0,"cumulativeCrossed":false,"msg":"canary divergences classified (drop gate / tamper p=1)"}
{"level":30,"time":1781936526527,"pid":17572,"hostname":"Quang","name":"canary/loss-classifier","relayMinerId":"relay-under-audit","promoted":0,"absorbed":1,"tampers":0,"cumulativeCrossed":false,"msg":"canary divergences classified (drop gate / tamper p=1)"}
{"level":30,"time":1781936526527,"pid":17572,"hostname":"Quang","name":"canary/loss-classifier","relayMinerId":"relay-under-audit","promoted":0,"absorbed":1,"tampers":0,"cumulativeCrossed":false,"msg":"canary divergences classified (drop gate / tamper p=1)"}
{"level":30,"time":1781936526527,"pid":17572,"hostname":"Quang","name":"canary/loss-classifier","relayMinerId":"relay-under-audit","promoted":0,"absorbed":1,"tampers":0,"cumulativeCrossed":false,"msg":"canary divergences classified (drop gate / tamper p=1)"}
{"level":30,"time":1781936526527,"pid":17572,"hostname":"Quang","name":"canary/loss-classifier","relayMinerId":"relay-under-audit","promoted":0,"absorbed":1,"tampers":0,"cumulativeCrossed":false,"msg":"canary divergences classified (drop gate / tamper p=1)"}
{"level":30,"time":1781936526527,"pid":17572,"hostname":"Quang","name":"canary/loss-classifier","relayMinerId":"relay-under-audit","promoted":1,"absorbed":0,"tampers":0,"cumulativeCrossed":true,"msg":"canary divergences classified (drop gate / tamper p=1)"}
{"level":30,"time":1781936526527,"pid":17572,"hostname":"Quang","name":"canary/loss-classifier","relayMinerId":"relay-under-audit","promoted":1,"absorbed":0,"tampers":0,"cumulativeCrossed":true,"msg":"canary divergences classified (drop gate / tamper p=1)"}
{"level":30,"time":1781936526528,"pid":17572,"hostname":"Quang","name":"canary/loss-classifier","relayMinerId":"relay-under-audit","promoted":1,"absorbed":0,"tampers":0,"cumulativeCrossed":true,"msg":"canary divergences classified (drop gate / tamper p=1)"}
{"level":30,"time":1781936526528,"pid":17572,"hostname":"Quang","name":"canary/loss-classifier","relayMinerId":"relay-under-audit","promoted":1,"absorbed":0,"tampers":0,"cumulativeCrossed":true,"msg":"canary divergences classified (drop gate / tamper p=1)"}
{"level":30,"time":1781936526528,"pid":17572,"hostname":"Quang","name":"canary/loss-classifier","relayMinerId":"relay-under-audit","promoted":1,"absorbed":0,"tampers":0,"cumulativeCrossed":true,"msg":"canary divergences classified (drop gate / tamper p=1)"}
{"level":30,"time":1781936526528,"pid":17572,"hostname":"Quang","name":"canary/loss-classifier","relayMinerId":"relay-under-audit","promoted":1,"absorbed":0,"tampers":0,"cumulativeCrossed":true,"msg":"canary divergences classified (drop gate / tamper p=1)"}
{"level":30,"time":1781936526528,"pid":17572,"hostname":"Quang","name":"canary/loss-classifier","relayMinerId":"relay-under-audit","promoted":1,"absorbed":0,"tampers":0,"cumulativeCrossed":true,"msg":"canary divergences classified (drop gate / tamper p=1)"}
{"level":30,"time":1781936526528,"pid":17572,"hostname":"Quang","name":"canary/loss-classifier","relayMinerId":"relay-under-audit","promoted":1,"absorbed":0,"tampers":0,"cumulativeCrossed":true,"msg":"canary divergences classified (drop gate / tamper p=1)"}
{"level":30,"time":1781936526528,"pid":17572,"hostname":"Quang","name":"canary/loss-classifier","relayMinerId":"relay-under-audit","promoted":1,"absorbed":0,"tampers":0,"cumulativeCrossed":true,"msg":"canary divergences classified (drop gate / tamper p=1)"}
{"level":30,"time":1781936526528,"pid":17572,"hostname":"Quang","name":"canary/loss-classifier","relayMinerId":"relay-under-audit","promoted":1,"absorbed":0,"tampers":0,"cumulativeCrossed":true,"msg":"canary divergences classified (drop gate / tamper p=1)"}
{"level":30,"time":1781936526528,"pid":17572,"hostname":"Quang","name":"canary/loss-classifier","relayMinerId":"relay-under-audit","promoted":1,"absorbed":0,"tampers":0,"cumulativeCrossed":true,"msg":"canary divergences classified (drop gate / tamper p=1)"}
{"level":30,"time":1781936526528,"pid":17572,"hostname":"Quang","name":"canary/loss-classifier","relayMinerId":"relay-under-audit","promoted":1,"absorbed":0,"tampers":0,"cumulativeCrossed":true,"msg":"canary divergences classified (drop gate / tamper p=1)"}
{"level":30,"time":1781936526528,"pid":17572,"hostname":"Quang","name":"canary/loss-classifier","relayMinerId":"relay-under-audit","promoted":1,"absorbed":0,"tampers":0,"cumulativeCrossed":true,"msg":"canary divergences classified (drop gate / tamper p=1)"}
{"level":30,"time":1781936526528,"pid":17572,"hostname":"Quang","name":"canary/loss-classifier","relayMinerId":"relay-under-audit","promoted":1,"absorbed":0,"tampers":0,"cumulativeCrossed":true,"msg":"canary divergences classified (drop gate / tamper p=1)"}
{"level":30,"time":1781936526528,"pid":17572,"hostname":"Quang","name":"canary/loss-classifier","relayMinerId":"relay-under-audit","promoted":1,"absorbed":0,"tampers":0,"cumulativeCrossed":true,"msg":"canary divergences classified (drop gate / tamper p=1)"}
{"level":30,"time":1781936526528,"pid":17572,"hostname":"Quang","name":"canary/loss-classifier","relayMinerId":"relay-under-audit","promoted":1,"absorbed":0,"tampers":0,"cumulativeCrossed":true,"msg":"canary divergences classified (drop gate / tamper p=1)"}
{"level":30,"time":1781936526528,"pid":17572,"hostname":"Quang","name":"canary/loss-classifier","relayMinerId":"relay-under-audit","promoted":1,"absorbed":0,"tampers":0,"cumulativeCrossed":true,"msg":"canary divergences classified (drop gate / tamper p=1)"}
{"level":30,"time":1781936526528,"pid":17572,"hostname":"Quang","name":"canary/loss-classifier","relayMinerId":"relay-under-audit","promoted":1,"absorbed":0,"tampers":0,"cumulativeCrossed":true,"msg":"canary divergences classified (drop gate / tamper p=1)"}
{"level":30,"time":1781936526528,"pid":17572,"hostname":"Quang","name":"canary/loss-classifier","relayMinerId":"relay-under-audit","promoted":1,"absorbed":0,"tampers":0,"cumulativeCrossed":true,"msg":"canary divergences classified (drop gate / tamper p=1)"}
{"level":30,"time":1781936526528,"pid":17572,"hostname":"Quang","name":"canary/loss-classifier","relayMinerId":"relay-under-audit","promoted":1,"absorbed":0,"tampers":0,"cumulativeCrossed":true,"msg":"canary divergences classified (drop gate / tamper p=1)"}
{"level":30,"time":1781936526528,"pid":17572,"hostname":"Quang","name":"canary/loss-classifier","relayMinerId":"relay-under-audit","promoted":1,"absorbed":0,"tampers":0,"cumulativeCrossed":true,"msg":"canary divergences classified (drop gate / tamper p=1)"}
{"level":30,"time":1781936526528,"pid":17572,"hostname":"Quang","name":"canary/loss-classifier","relayMinerId":"relay-under-audit","promoted":1,"absorbed":0,"tampers":0,"cumulativeCrossed":true,"msg":"canary divergences classified (drop gate / tamper p=1)"}
{"level":30,"time":1781936526528,"pid":17572,"hostname":"Quang","name":"canary/loss-classifier","relayMinerId":"relay-under-audit","promoted":1,"absorbed":0,"tampers":0,"cumulativeCrossed":true,"msg":"canary divergences classified (drop gate / tamper p=1)"}
{"level":30,"time":1781936526528,"pid":17572,"hostname":"Quang","name":"canary/loss-classifier","relayMinerId":"relay-under-audit","promoted":1,"absorbed":0,"tampers":0,"cumulativeCrossed":true,"msg":"canary divergences classified (drop gate / tamper p=1)"}
{"level":30,"time":1781936526528,"pid":17572,"hostname":"Quang","name":"canary/loss-classifier","relayMinerId":"relay-under-audit","promoted":1,"absorbed":0,"tampers":0,"cumulativeCrossed":true,"msg":"canary divergences classified (drop gate / tamper p=1)"}
{"level":30,"time":1781936526528,"pid":17572,"hostname":"Quang","name":"canary/loss-classifier","relayMinerId":"relay-under-audit","promoted":1,"absorbed":0,"tampers":0,"cumulativeCrossed":true,"msg":"canary divergences classified (drop gate / tamper p=1)"}
{"level":30,"time":1781936526528,"pid":17572,"hostname":"Quang","name":"canary/loss-classifier","relayMinerId":"relay-under-audit","promoted":1,"absorbed":0,"tampers":0,"cumulativeCrossed":true,"msg":"canary divergences classified (drop gate / tamper p=1)"}
{"level":30,"time":1781936526528,"pid":17572,"hostname":"Quang","name":"canary/loss-classifier","relayMinerId":"relay-under-audit","promoted":1,"absorbed":0,"tampers":0,"cumulativeCrossed":true,"msg":"canary divergences classified (drop gate / tamper p=1)"}
{"level":30,"time":1781936526528,"pid":17572,"hostname":"Quang","name":"canary/loss-classifier","relayMinerId":"relay-under-audit","promoted":1,"absorbed":0,"tampers":0,"cumulativeCrossed":true,"msg":"canary divergences classified (drop gate / tamper p=1)"}
{"level":30,"time":1781936526528,"pid":17572,"hostname":"Quang","name":"canary/loss-classifier","relayMinerId":"relay-under-audit","promoted":1,"absorbed":0,"tampers":0,"cumulativeCrossed":true,"msg":"canary divergences classified (drop gate / tamper p=1)"}
{"level":30,"time":1781936526529,"pid":17572,"hostname":"Quang","name":"canary/loss-classifier","relayMinerId":"relay-under-audit","promoted":1,"absorbed":0,"tampers":0,"cumulativeCrossed":true,"msg":"canary divergences classified (drop gate / tamper p=1)"}
{"level":30,"time":1781936526529,"pid":17572,"hostname":"Quang","name":"canary/loss-classifier","relayMinerId":"relay-under-audit","promoted":1,"absorbed":0,"tampers":0,"cumulativeCrossed":true,"msg":"canary divergences classified (drop gate / tamper p=1)"}
{"level":30,"time":1781936526529,"pid":17572,"hostname":"Quang","name":"canary/loss-classifier","relayMinerId":"relay-under-audit","promoted":1,"absorbed":0,"tampers":0,"cumulativeCrossed":true,"msg":"canary divergences classified (drop gate / tamper p=1)"}
{"level":30,"time":1781936526529,"pid":17572,"hostname":"Quang","name":"canary/loss-classifier","relayMinerId":"relay-under-audit","promoted":1,"absorbed":0,"tampers":0,"cumulativeCrossed":true,"msg":"canary divergences classified (drop gate / tamper p=1)"}
{"level":30,"time":1781936526529,"pid":17572,"hostname":"Quang","name":"canary/loss-classifier","relayMinerId":"relay-under-audit","promoted":1,"absorbed":0,"tampers":0,"cumulativeCrossed":true,"msg":"canary divergences classified (drop gate / tamper p=1)"}
{"level":30,"time":1781936526529,"pid":17572,"hostname":"Quang","name":"canary/loss-classifier","relayMinerId":"relay-under-audit","promoted":1,"absorbed":0,"tampers":0,"cumulativeCrossed":true,"msg":"canary divergences classified (drop gate / tamper p=1)"}
{"level":30,"time":1781936526529,"pid":17572,"hostname":"Quang","name":"canary/loss-classifier","relayMinerId":"relay-under-audit","promoted":0,"absorbed":1,"tampers":0,"cumulativeCrossed":false,"msg":"canary divergences classified (drop gate / tamper p=1)"}
{"level":30,"time":1781936526529,"pid":17572,"hostname":"Quang","name":"canary/loss-classifier","relayMinerId":"relay-under-audit","promoted":0,"absorbed":1,"tampers":0,"cumulativeCrossed":false,"msg":"canary divergences classified (drop gate / tamper p=1)"}
{"level":30,"time":1781936526529,"pid":17572,"hostname":"Quang","name":"canary/loss-classifier","relayMinerId":"relay-under-audit","promoted":0,"absorbed":1,"tampers":0,"cumulativeCrossed":false,"msg":"canary divergences classified (drop gate / tamper p=1)"}
{"level":30,"time":1781936526529,"pid":17572,"hostname":"Quang","name":"canary/loss-classifier","relayMinerId":"relay-under-audit","promoted":0,"absorbed":1,"tampers":0,"cumulativeCrossed":false,"msg":"canary divergences classified (drop gate / tamper p=1)"}
{"level":30,"time":1781936526529,"pid":17572,"hostname":"Quang","name":"canary/loss-classifier","relayMinerId":"relay-under-audit","promoted":0,"absorbed":1,"tampers":0,"cumulativeCrossed":false,"msg":"canary divergences classified (drop gate / tamper p=1)"}
{"level":30,"time":1781936526529,"pid":17572,"hostname":"Quang","name":"canary/loss-classifier","relayMinerId":"relay-under-audit","promoted":0,"absorbed":1,"tampers":0,"cumulativeCrossed":false,"msg":"canary divergences classified (drop gate / tamper p=1)"}
{"level":30,"time":1781936526529,"pid":17572,"hostname":"Quang","name":"canary/loss-classifier","relayMinerId":"relay-under-audit","promoted":0,"absorbed":1,"tampers":0,"cumulativeCrossed":false,"msg":"canary divergences classified (drop gate / tamper p=1)"}
{"level":30,"time":1781936526529,"pid":17572,"hostname":"Quang","name":"canary/loss-classifier","relayMinerId":"relay-under-audit","promoted":0,"absorbed":1,"tampers":0,"cumulativeCrossed":false,"msg":"canary divergences classified (drop gate / tamper p=1)"}
{"level":30,"time":1781936526529,"pid":17572,"hostname":"Quang","name":"canary/loss-classifier","relayMinerId":"relay-under-audit","promoted":0,"absorbed":1,"tampers":0,"cumulativeCrossed":false,"msg":"canary divergences classified (drop gate / tamper p=1)"}
{"level":30,"time":1781936526529,"pid":17572,"hostname":"Quang","name":"canary/loss-classifier","relayMinerId":"relay-under-audit","promoted":0,"absorbed":1,"tampers":0,"cumulativeCrossed":false,"msg":"canary divergences classified (drop gate / tamper p=1)"}
{"level":30,"time":1781936526529,"pid":17572,"hostname":"Quang","name":"canary/loss-classifier","relayMinerId":"relay-under-audit","promoted":0,"absorbed":1,"tampers":0,"cumulativeCrossed":false,"msg":"canary divergences classified (drop gate / tamper p=1)"}
{"level":30,"time":1781936526530,"pid":17572,"hostname":"Quang","name":"canary/loss-classifier","relayMinerId":"relay-under-audit","promoted":0,"absorbed":1,"tampers":0,"cumulativeCrossed":false,"msg":"canary divergences classified (drop gate / tamper p=1)"}
{"level":30,"time":1781936526530,"pid":17572,"hostname":"Quang","name":"canary/loss-classifier","relayMinerId":"relay-under-audit","promoted":0,"absorbed":1,"tampers":0,"cumulativeCrossed":false,"msg":"canary divergences classified (drop gate / tamper p=1)"}
{"level":30,"time":1781936526530,"pid":17572,"hostname":"Quang","name":"canary/loss-classifier","relayMinerId":"relay-under-audit","promoted":0,"absorbed":1,"tampers":0,"cumulativeCrossed":false,"msg":"canary divergences classified (drop gate / tamper p=1)"}
{"level":30,"time":1781936526530,"pid":17572,"hostname":"Quang","name":"canary/loss-classifier","relayMinerId":"relay-under-audit","promoted":0,"absorbed":1,"tampers":0,"cumulativeCrossed":false,"msg":"canary divergences classified (drop gate / tamper p=1)"}
{"level":30,"time":1781936526530,"pid":17572,"hostname":"Quang","name":"canary/loss-classifier","relayMinerId":"relay-under-audit","promoted":0,"absorbed":1,"tampers":0,"cumulativeCrossed":false,"msg":"canary divergences classified (drop gate / tamper p=1)"}
{"level":30,"time":1781936526530,"pid":17572,"hostname":"Quang","name":"canary/loss-classifier","relayMinerId":"relay-under-audit","promoted":0,"absorbed":1,"tampers":0,"cumulativeCrossed":false,"msg":"canary divergences classified (drop gate / tamper p=1)"}
{"level":30,"time":1781936526530,"pid":17572,"hostname":"Quang","name":"canary/loss-classifier","relayMinerId":"relay-under-audit","promoted":0,"absorbed":1,"tampers":0,"cumulativeCrossed":false,"msg":"canary divergences classified (drop gate / tamper p=1)"}
{"level":30,"time":1781936526530,"pid":17572,"hostname":"Quang","name":"canary/loss-classifier","relayMinerId":"relay-under-audit","promoted":0,"absorbed":1,"tampers":0,"cumulativeCrossed":false,"msg":"canary divergences classified (drop gate / tamper p=1)"}
{"level":30,"time":1781936526530,"pid":17572,"hostname":"Quang","name":"canary/loss-classifier","relayMinerId":"relay-under-audit","promoted":0,"absorbed":1,"tampers":0,"cumulativeCrossed":false,"msg":"canary divergences classified (drop gate / tamper p=1)"}
{"level":30,"time":1781936526530,"pid":17572,"hostname":"Quang","name":"canary/loss-classifier","relayMinerId":"relay-under-audit","promoted":0,"absorbed":1,"tampers":0,"cumulativeCrossed":false,"msg":"canary divergences classified (drop gate / tamper p=1)"}
{"level":30,"time":1781936526530,"pid":17572,"hostname":"Quang","name":"canary/loss-classifier","relayMinerId":"relay-under-audit","promoted":0,"absorbed":1,"tampers":0,"cumulativeCrossed":false,"msg":"canary divergences classified (drop gate / tamper p=1)"}
{"level":30,"time":1781936526530,"pid":17572,"hostname":"Quang","name":"canary/loss-classifier","relayMinerId":"relay-under-audit","promoted":0,"absorbed":1,"tampers":0,"cumulativeCrossed":false,"msg":"canary divergences classified (drop gate / tamper p=1)"}
{"level":30,"time":1781936526530,"pid":17572,"hostname":"Quang","name":"canary/loss-classifier","relayMinerId":"relay-under-audit","promoted":0,"absorbed":1,"tampers":0,"cumulativeCrossed":false,"msg":"canary divergences classified (drop gate / tamper p=1)"}
{"level":30,"time":1781936526530,"pid":17572,"hostname":"Quang","name":"canary/loss-classifier","relayMinerId":"relay-under-audit","promoted":0,"absorbed":1,"tampers":0,"cumulativeCrossed":false,"msg":"canary divergences classified (drop gate / tamper p=1)"}
{"level":30,"time":1781936526530,"pid":17572,"hostname":"Quang","name":"canary/loss-classifier","relayMinerId":"relay-under-audit","promoted":0,"absorbed":1,"tampers":0,"cumulativeCrossed":false,"msg":"canary divergences classified (drop gate / tamper p=1)"}
{"level":30,"time":1781936526530,"pid":17572,"hostname":"Quang","name":"canary/loss-classifier","relayMinerId":"relay-under-audit","promoted":0,"absorbed":1,"tampers":0,"cumulativeCrossed":false,"msg":"canary divergences classified (drop gate / tamper p=1)"}
{"level":30,"time":1781936526530,"pid":17572,"hostname":"Quang","name":"canary/loss-classifier","relayMinerId":"relay-under-audit","promoted":0,"absorbed":1,"tampers":0,"cumulativeCrossed":false,"msg":"canary divergences classified (drop gate / tamper p=1)"}
{"level":30,"time":1781936526530,"pid":17572,"hostname":"Quang","name":"canary/loss-classifier","relayMinerId":"relay-under-audit","promoted":0,"absorbed":1,"tampers":0,"cumulativeCrossed":false,"msg":"canary divergences classified (drop gate / tamper p=1)"}
{"level":30,"time":1781936526530,"pid":17572,"hostname":"Quang","name":"canary/loss-classifier","relayMinerId":"relay-under-audit","promoted":0,"absorbed":1,"tampers":0,"cumulativeCrossed":false,"msg":"canary divergences classified (drop gate / tamper p=1)"}
{"level":30,"time":1781936526530,"pid":17572,"hostname":"Quang","name":"canary/loss-classifier","relayMinerId":"relay-under-audit","promoted":0,"absorbed":1,"tampers":0,"cumulativeCrossed":false,"msg":"canary divergences classified (drop gate / tamper p=1)"}
{"level":30,"time":1781936526530,"pid":17572,"hostname":"Quang","name":"canary/loss-classifier","relayMinerId":"relay-under-audit","promoted":0,"absorbed":1,"tampers":0,"cumulativeCrossed":false,"msg":"canary divergences classified (drop gate / tamper p=1)"}
{"level":30,"time":1781936526530,"pid":17572,"hostname":"Quang","name":"canary/loss-classifier","relayMinerId":"relay-under-audit","promoted":0,"absorbed":1,"tampers":0,"cumulativeCrossed":false,"msg":"canary divergences classified (drop gate / tamper p=1)"}
{"level":30,"time":1781936526530,"pid":17572,"hostname":"Quang","name":"canary/loss-classifier","relayMinerId":"relay-under-audit","promoted":0,"absorbed":1,"tampers":0,"cumulativeCrossed":false,"msg":"canary divergences classified (drop gate / tamper p=1)"}
{"level":30,"time":1781936526530,"pid":17572,"hostname":"Quang","name":"canary/loss-classifier","relayMinerId":"relay-under-audit","promoted":0,"absorbed":1,"tampers":0,"cumulativeCrossed":false,"msg":"canary divergences classified (drop gate / tamper p=1)"}
{"level":30,"time":1781936526530,"pid":17572,"hostname":"Quang","name":"canary/loss-classifier","relayMinerId":"relay-under-audit","promoted":0,"absorbed":1,"tampers":0,"cumulativeCrossed":false,"msg":"canary divergences classified (drop gate / tamper p=1)"}
{"level":30,"time":1781936526530,"pid":17572,"hostname":"Quang","name":"canary/loss-classifier","relayMinerId":"relay-under-audit","promoted":0,"absorbed":1,"tampers":0,"cumulativeCrossed":false,"msg":"canary divergences classified (drop gate / tamper p=1)"}
{"level":30,"time":1781936526530,"pid":17572,"hostname":"Quang","name":"canary/loss-classifier","relayMinerId":"relay-under-audit","promoted":0,"absorbed":1,"tampers":0,"cumulativeCrossed":false,"msg":"canary divergences classified (drop gate / tamper p=1)"}
{"level":30,"time":1781936526530,"pid":17572,"hostname":"Quang","name":"canary/loss-classifier","relayMinerId":"relay-under-audit","promoted":0,"absorbed":1,"tampers":0,"cumulativeCrossed":false,"msg":"canary divergences classified (drop gate / tamper p=1)"}
{"level":30,"time":1781936526530,"pid":17572,"hostname":"Quang","name":"canary/loss-classifier","relayMinerId":"relay-under-audit","promoted":0,"absorbed":1,"tampers":0,"cumulativeCrossed":false,"msg":"canary divergences classified (drop gate / tamper p=1)"}
{"level":30,"time":1781936526530,"pid":17572,"hostname":"Quang","name":"canary/loss-classifier","relayMinerId":"relay-under-audit","promoted":0,"absorbed":1,"tampers":0,"cumulativeCrossed":false,"msg":"canary divergences classified (drop gate / tamper p=1)"}
{"level":30,"time":1781936526530,"pid":17572,"hostname":"Quang","name":"canary/loss-classifier","relayMinerId":"relay-under-audit","promoted":0,"absorbed":1,"tampers":0,"cumulativeCrossed":false,"msg":"canary divergences classified (drop gate / tamper p=1)"}
{"level":30,"time":1781936526530,"pid":17572,"hostname":"Quang","name":"canary/loss-classifier","relayMinerId":"relay-under-audit","promoted":0,"absorbed":1,"tampers":0,"cumulativeCrossed":false,"msg":"canary divergences classified (drop gate / tamper p=1)"}
{"level":30,"time":1781936526530,"pid":17572,"hostname":"Quang","name":"canary/loss-classifier","relayMinerId":"relay-under-audit","promoted":0,"absorbed":1,"tampers":0,"cumulativeCrossed":false,"msg":"canary divergences classified (drop gate / tamper p=1)"}
{"level":30,"time":1781936526530,"pid":17572,"hostname":"Quang","name":"canary/loss-classifier","relayMinerId":"relay-under-audit","promoted":0,"absorbed":1,"tampers":0,"cumulativeCrossed":false,"msg":"canary divergences classified (drop gate / tamper p=1)"}
{"level":30,"time":1781936526530,"pid":17572,"hostname":"Quang","name":"canary/loss-classifier","relayMinerId":"relay-under-audit","promoted":0,"absorbed":1,"tampers":0,"cumulativeCrossed":false,"msg":"canary divergences classified (drop gate / tamper p=1)"}
{"level":30,"time":1781936526530,"pid":17572,"hostname":"Quang","name":"canary/loss-classifier","relayMinerId":"relay-under-audit","promoted":0,"absorbed":1,"tampers":0,"cumulativeCrossed":false,"msg":"canary divergences classified (drop gate / tamper p=1)"}
{"level":30,"time":1781936526530,"pid":17572,"hostname":"Quang","name":"canary/loss-classifier","relayMinerId":"relay-under-audit","promoted":0,"absorbed":1,"tampers":0,"cumulativeCrossed":false,"msg":"canary divergences classified (drop gate / tamper p=1)"}
{"level":30,"time":1781936526530,"pid":17572,"hostname":"Quang","name":"canary/loss-classifier","relayMinerId":"relay-under-audit","promoted":0,"absorbed":1,"tampers":0,"cumulativeCrossed":false,"msg":"canary divergences classified (drop gate / tamper p=1)"}
{"level":30,"time":1781936526530,"pid":17572,"hostname":"Quang","name":"canary/loss-classifier","relayMinerId":"relay-under-audit","promoted":0,"absorbed":1,"tampers":0,"cumulativeCrossed":false,"msg":"canary divergences classified (drop gate / tamper p=1)"}
{"level":30,"time":1781936526530,"pid":17572,"hostname":"Quang","name":"canary/loss-classifier","relayMinerId":"relay-under-audit","promoted":0,"absorbed":1,"tampers":0,"cumulativeCrossed":false,"msg":"canary divergences classified (drop gate / tamper p=1)"}
{"level":30,"time":1781936526530,"pid":17572,"hostname":"Quang","name":"canary/loss-classifier","relayMinerId":"relay-under-audit","promoted":0,"absorbed":1,"tampers":0,"cumulativeCrossed":false,"msg":"canary divergences classified (drop gate / tamper p=1)"}
{"level":30,"time":1781936526531,"pid":17572,"hostname":"Quang","name":"canary/loss-classifier","relayMinerId":"relay-under-audit","promoted":0,"absorbed":1,"tampers":0,"cumulativeCrossed":false,"msg":"canary divergences classified (drop gate / tamper p=1)"}
{"level":30,"time":1781936526531,"pid":17572,"hostname":"Quang","name":"canary/loss-classifier","relayMinerId":"relay-under-audit","promoted":0,"absorbed":1,"tampers":0,"cumulativeCrossed":false,"msg":"canary divergences classified (drop gate / tamper p=1)"}
{"level":30,"time":1781936526531,"pid":17572,"hostname":"Quang","name":"canary/loss-classifier","relayMinerId":"relay-under-audit","promoted":0,"absorbed":1,"tampers":0,"cumulativeCrossed":false,"msg":"canary divergences classified (drop gate / tamper p=1)"}
{"level":30,"time":1781936526531,"pid":17572,"hostname":"Quang","name":"canary/loss-classifier","relayMinerId":"relay-under-audit","promoted":0,"absorbed":1,"tampers":0,"cumulativeCrossed":false,"msg":"canary divergences classified (drop gate / tamper p=1)"}
{"level":30,"time":1781936526531,"pid":17572,"hostname":"Quang","name":"canary/loss-classifier","relayMinerId":"relay-under-audit","promoted":0,"absorbed":1,"tampers":0,"cumulativeCrossed":false,"msg":"canary divergences classified (drop gate / tamper p=1)"}
{"level":30,"time":1781936526531,"pid":17572,"hostname":"Quang","name":"canary/loss-classifier","relayMinerId":"relay-under-audit","promoted":0,"absorbed":1,"tampers":0,"cumulativeCrossed":false,"msg":"canary divergences classified (drop gate / tamper p=1)"}
{"level":30,"time":1781936526531,"pid":17572,"hostname":"Quang","name":"canary/loss-classifier","relayMinerId":"relay-under-audit","promoted":0,"absorbed":1,"tampers":0,"cumulativeCrossed":false,"msg":"canary divergences classified (drop gate / tamper p=1)"}
{"level":30,"time":1781936526531,"pid":17572,"hostname":"Quang","name":"canary/loss-classifier","relayMinerId":"relay-under-audit","promoted":0,"absorbed":1,"tampers":0,"cumulativeCrossed":false,"msg":"canary divergences classified (drop gate / tamper p=1)"}
{"level":30,"time":1781936526531,"pid":17572,"hostname":"Quang","name":"canary/loss-classifier","relayMinerId":"relay-under-audit","promoted":0,"absorbed":1,"tampers":0,"cumulativeCrossed":false,"msg":"canary divergences classified (drop gate / tamper p=1)"}
{"level":30,"time":1781936526531,"pid":17572,"hostname":"Quang","name":"canary/loss-classifier","relayMinerId":"relay-under-audit","promoted":0,"absorbed":1,"tampers":0,"cumulativeCrossed":false,"msg":"canary divergences classified (drop gate / tamper p=1)"}
{"level":30,"time":1781936526531,"pid":17572,"hostname":"Quang","name":"canary/loss-classifier","relayMinerId":"relay-under-audit","promoted":0,"absorbed":1,"tampers":0,"cumulativeCrossed":false,"msg":"canary divergences classified (drop gate / tamper p=1)"}
{"level":30,"time":1781936526531,"pid":17572,"hostname":"Quang","name":"canary/loss-classifier","relayMinerId":"relay-under-audit","promoted":0,"absorbed":1,"tampers":0,"cumulativeCrossed":false,"msg":"canary divergences classified (drop gate / tamper p=1)"}
{"level":30,"time":1781936526531,"pid":17572,"hostname":"Quang","name":"canary/loss-classifier","relayMinerId":"relay-under-audit","promoted":0,"absorbed":1,"tampers":0,"cumulativeCrossed":false,"msg":"canary divergences classified (drop gate / tamper p=1)"}
{"level":30,"time":1781936526531,"pid":17572,"hostname":"Quang","name":"canary/loss-classifier","relayMinerId":"relay-under-audit","promoted":0,"absorbed":1,"tampers":0,"cumulativeCrossed":false,"msg":"canary divergences classified (drop gate / tamper p=1)"}
{"level":30,"time":1781936526531,"pid":17572,"hostname":"Quang","name":"canary/loss-classifier","relayMinerId":"relay-under-audit","promoted":0,"absorbed":1,"tampers":0,"cumulativeCrossed":false,"msg":"canary divergences classified (drop gate / tamper p=1)"}
{"level":30,"time":1781936526531,"pid":17572,"hostname":"Quang","name":"canary/loss-classifier","relayMinerId":"relay-under-audit","promoted":0,"absorbed":1,"tampers":0,"cumulativeCrossed":false,"msg":"canary divergences classified (drop gate / tamper p=1)"}
{"level":30,"time":1781936526531,"pid":17572,"hostname":"Quang","name":"canary/loss-classifier","relayMinerId":"relay-under-audit","promoted":0,"absorbed":1,"tampers":0,"cumulativeCrossed":false,"msg":"canary divergences classified (drop gate / tamper p=1)"}
{"level":30,"time":1781936526531,"pid":17572,"hostname":"Quang","name":"canary/loss-classifier","relayMinerId":"relay-under-audit","promoted":0,"absorbed":1,"tampers":0,"cumulativeCrossed":false,"msg":"canary divergences classified (drop gate / tamper p=1)"}
{"level":30,"time":1781936526531,"pid":17572,"hostname":"Quang","name":"canary/loss-classifier","relayMinerId":"relay-under-audit","promoted":0,"absorbed":1,"tampers":0,"cumulativeCrossed":false,"msg":"canary divergences classified (drop gate / tamper p=1)"}
{"level":30,"time":1781936526531,"pid":17572,"hostname":"Quang","name":"canary/loss-classifier","relayMinerId":"relay-under-audit","promoted":0,"absorbed":1,"tampers":0,"cumulativeCrossed":false,"msg":"canary divergences classified (drop gate / tamper p=1)"}
{"level":30,"time":1781936526531,"pid":17572,"hostname":"Quang","name":"canary/loss-classifier","relayMinerId":"relay-under-audit","promoted":0,"absorbed":1,"tampers":0,"cumulativeCrossed":false,"msg":"canary divergences classified (drop gate / tamper p=1)"}
{"level":30,"time":1781936526531,"pid":17572,"hostname":"Quang","name":"canary/loss-classifier","relayMinerId":"relay-under-audit","promoted":0,"absorbed":1,"tampers":0,"cumulativeCrossed":false,"msg":"canary divergences classified (drop gate / tamper p=1)"}
{"level":30,"time":1781936526531,"pid":17572,"hostname":"Quang","name":"canary/loss-classifier","relayMinerId":"relay-under-audit","promoted":0,"absorbed":1,"tampers":0,"cumulativeCrossed":false,"msg":"canary divergences classified (drop gate / tamper p=1)"}
{"level":30,"time":1781936526531,"pid":17572,"hostname":"Quang","name":"canary/loss-classifier","relayMinerId":"relay-under-audit","promoted":0,"absorbed":1,"tampers":0,"cumulativeCrossed":false,"msg":"canary divergences classified (drop gate / tamper p=1)"}
{"level":30,"time":1781936526531,"pid":17572,"hostname":"Quang","name":"canary/loss-classifier","relayMinerId":"relay-under-audit","promoted":0,"absorbed":1,"tampers":0,"cumulativeCrossed":false,"msg":"canary divergences classified (drop gate / tamper p=1)"}
{"level":30,"time":1781936526531,"pid":17572,"hostname":"Quang","name":"canary/loss-classifier","relayMinerId":"relay-under-audit","promoted":0,"absorbed":1,"tampers":0,"cumulativeCrossed":false,"msg":"canary divergences classified (drop gate / tamper p=1)"}
{"level":30,"time":1781936526531,"pid":17572,"hostname":"Quang","name":"canary/loss-classifier","relayMinerId":"relay-under-audit","promoted":0,"absorbed":1,"tampers":0,"cumulativeCrossed":false,"msg":"canary divergences classified (drop gate / tamper p=1)"}
{"level":30,"time":1781936526531,"pid":17572,"hostname":"Quang","name":"canary/loss-classifier","relayMinerId":"relay-under-audit","promoted":0,"absorbed":1,"tampers":0,"cumulativeCrossed":false,"msg":"canary divergences classified (drop gate / tamper p=1)"}
{"level":30,"time":1781936526531,"pid":17572,"hostname":"Quang","name":"canary/loss-classifier","relayMinerId":"relay-under-audit","promoted":0,"absorbed":1,"tampers":0,"cumulativeCrossed":false,"msg":"canary divergences classified (drop gate / tamper p=1)"}
{"level":30,"time":1781936526531,"pid":17572,"hostname":"Quang","name":"canary/loss-classifier","relayMinerId":"relay-under-audit","promoted":0,"absorbed":1,"tampers":0,"cumulativeCrossed":false,"msg":"canary divergences classified (drop gate / tamper p=1)"}
{"level":30,"time":1781936526531,"pid":17572,"hostname":"Quang","name":"canary/loss-classifier","relayMinerId":"relay-under-audit","promoted":0,"absorbed":1,"tampers":0,"cumulativeCrossed":false,"msg":"canary divergences classified (drop gate / tamper p=1)"}
{"level":30,"time":1781936526531,"pid":17572,"hostname":"Quang","name":"canary/loss-classifier","relayMinerId":"relay-under-audit","promoted":0,"absorbed":1,"tampers":0,"cumulativeCrossed":false,"msg":"canary divergences classified (drop gate / tamper p=1)"}
{"level":30,"time":1781936526531,"pid":17572,"hostname":"Quang","name":"canary/loss-classifier","relayMinerId":"relay-under-audit","promoted":0,"absorbed":1,"tampers":0,"cumulativeCrossed":false,"msg":"canary divergences classified (drop gate / tamper p=1)"}
{"level":30,"time":1781936526531,"pid":17572,"hostname":"Quang","name":"canary/loss-classifier","relayMinerId":"relay-under-audit","promoted":0,"absorbed":1,"tampers":0,"cumulativeCrossed":false,"msg":"canary divergences classified (drop gate / tamper p=1)"}
{"level":30,"time":1781936526531,"pid":17572,"hostname":"Quang","name":"canary/loss-classifier","relayMinerId":"relay-under-audit","promoted":0,"absorbed":1,"tampers":0,"cumulativeCrossed":false,"msg":"canary divergences classified (drop gate / tamper p=1)"}
{"level":30,"time":1781936526531,"pid":17572,"hostname":"Quang","name":"canary/loss-classifier","relayMinerId":"relay-under-audit","promoted":0,"absorbed":1,"tampers":0,"cumulativeCrossed":false,"msg":"canary divergences classified (drop gate / tamper p=1)"}
{"level":30,"time":1781936526531,"pid":17572,"hostname":"Quang","name":"canary/loss-classifier","relayMinerId":"relay-under-audit","promoted":0,"absorbed":1,"tampers":0,"cumulativeCrossed":false,"msg":"canary divergences classified (drop gate / tamper p=1)"}
{"level":30,"time":1781936526531,"pid":17572,"hostname":"Quang","name":"canary/loss-classifier","relayMinerId":"relay-under-audit","promoted":0,"absorbed":1,"tampers":0,"cumulativeCrossed":false,"msg":"canary divergences classified (drop gate / tamper p=1)"}
{"level":30,"time":1781936526531,"pid":17572,"hostname":"Quang","name":"canary/loss-classifier","relayMinerId":"relay-under-audit","promoted":0,"absorbed":1,"tampers":0,"cumulativeCrossed":false,"msg":"canary divergences classified (drop gate / tamper p=1)"}
{"level":30,"time":1781936526531,"pid":17572,"hostname":"Quang","name":"canary/loss-classifier","relayMinerId":"relay-under-audit","promoted":0,"absorbed":1,"tampers":0,"cumulativeCrossed":false,"msg":"canary divergences classified (drop gate / tamper p=1)"}
{"level":30,"time":1781936526531,"pid":17572,"hostname":"Quang","name":"canary/loss-classifier","relayMinerId":"relay-under-audit","promoted":0,"absorbed":1,"tampers":0,"cumulativeCrossed":false,"msg":"canary divergences classified (drop gate / tamper p=1)"}
{"level":30,"time":1781936526531,"pid":17572,"hostname":"Quang","name":"canary/loss-classifier","relayMinerId":"relay-under-audit","promoted":0,"absorbed":1,"tampers":0,"cumulativeCrossed":false,"msg":"canary divergences classified (drop gate / tamper p=1)"}
{"level":30,"time":1781936526531,"pid":17572,"hostname":"Quang","name":"canary/loss-classifier","relayMinerId":"relay-under-audit","promoted":0,"absorbed":1,"tampers":0,"cumulativeCrossed":false,"msg":"canary divergences classified (drop gate / tamper p=1)"}
{"level":30,"time":1781936526531,"pid":17572,"hostname":"Quang","name":"canary/loss-classifier","relayMinerId":"relay-under-audit","promoted":0,"absorbed":1,"tampers":0,"cumulativeCrossed":false,"msg":"canary divergences classified (drop gate / tamper p=1)"}
{"level":30,"time":1781936526531,"pid":17572,"hostname":"Quang","name":"canary/loss-classifier","relayMinerId":"relay-under-audit","promoted":0,"absorbed":1,"tampers":0,"cumulativeCrossed":false,"msg":"canary divergences classified (drop gate / tamper p=1)"}
{"level":30,"time":1781936526531,"pid":17572,"hostname":"Quang","name":"canary/loss-classifier","relayMinerId":"relay-under-audit","promoted":0,"absorbed":1,"tampers":0,"cumulativeCrossed":false,"msg":"canary divergences classified (drop gate / tamper p=1)"}
{"level":30,"time":1781936526531,"pid":17572,"hostname":"Quang","name":"canary/loss-classifier","relayMinerId":"relay-under-audit","promoted":0,"absorbed":1,"tampers":0,"cumulativeCrossed":false,"msg":"canary divergences classified (drop gate / tamper p=1)"}
{"level":30,"time":1781936526531,"pid":17572,"hostname":"Quang","name":"canary/loss-classifier","relayMinerId":"relay-under-audit","promoted":0,"absorbed":1,"tampers":0,"cumulativeCrossed":false,"msg":"canary divergences classified (drop gate / tamper p=1)"}
{"level":30,"time":1781936526532,"pid":17572,"hostname":"Quang","name":"canary/loss-classifier","relayMinerId":"relay-under-audit","promoted":0,"absorbed":1,"tampers":0,"cumulativeCrossed":false,"msg":"canary divergences classified (drop gate / tamper p=1)"}
{"level":30,"time":1781936526532,"pid":17572,"hostname":"Quang","name":"canary/loss-classifier","relayMinerId":"relay-under-audit","promoted":0,"absorbed":1,"tampers":0,"cumulativeCrossed":false,"msg":"canary divergences classified (drop gate / tamper p=1)"}
{"level":30,"time":1781936526532,"pid":17572,"hostname":"Quang","name":"canary/loss-classifier","relayMinerId":"relay-under-audit","promoted":0,"absorbed":1,"tampers":0,"cumulativeCrossed":false,"msg":"canary divergences classified (drop gate / tamper p=1)"}
{"level":30,"time":1781936526532,"pid":17572,"hostname":"Quang","name":"canary/loss-classifier","relayMinerId":"relay-under-audit","promoted":0,"absorbed":1,"tampers":0,"cumulativeCrossed":false,"msg":"canary divergences classified (drop gate / tamper p=1)"}
{"level":30,"time":1781936526532,"pid":17572,"hostname":"Quang","name":"canary/loss-classifier","relayMinerId":"relay-under-audit","promoted":0,"absorbed":1,"tampers":0,"cumulativeCrossed":false,"msg":"canary divergences classified (drop gate / tamper p=1)"}
{"level":30,"time":1781936526532,"pid":17572,"hostname":"Quang","name":"canary/loss-classifier","relayMinerId":"relay-under-audit","promoted":0,"absorbed":1,"tampers":0,"cumulativeCrossed":false,"msg":"canary divergences classified (drop gate / tamper p=1)"}
{"level":30,"time":1781936526532,"pid":17572,"hostname":"Quang","name":"canary/loss-classifier","relayMinerId":"relay-under-audit","promoted":0,"absorbed":1,"tampers":0,"cumulativeCrossed":false,"msg":"canary divergences classified (drop gate / tamper p=1)"}
{"level":30,"time":1781936526532,"pid":17572,"hostname":"Quang","name":"canary/loss-classifier","relayMinerId":"relay-under-audit","promoted":0,"absorbed":1,"tampers":0,"cumulativeCrossed":false,"msg":"canary divergences classified (drop gate / tamper p=1)"}
{"level":30,"time":1781936526532,"pid":17572,"hostname":"Quang","name":"canary/loss-classifier","relayMinerId":"relay-under-audit","promoted":0,"absorbed":1,"tampers":0,"cumulativeCrossed":false,"msg":"canary divergences classified (drop gate / tamper p=1)"}
{"level":30,"time":1781936526532,"pid":17572,"hostname":"Quang","name":"canary/loss-classifier","relayMinerId":"relay-under-audit","promoted":0,"absorbed":1,"tampers":0,"cumulativeCrossed":false,"msg":"canary divergences classified (drop gate / tamper p=1)"}
{"level":30,"time":1781936526532,"pid":17572,"hostname":"Quang","name":"canary/loss-classifier","relayMinerId":"relay-under-audit","promoted":0,"absorbed":1,"tampers":0,"cumulativeCrossed":false,"msg":"canary divergences classified (drop gate / tamper p=1)"}
{"level":30,"time":1781936526532,"pid":17572,"hostname":"Quang","name":"canary/loss-classifier","relayMinerId":"relay-under-audit","promoted":0,"absorbed":1,"tampers":0,"cumulativeCrossed":false,"msg":"canary divergences classified (drop gate / tamper p=1)"}
{"level":30,"time":1781936526532,"pid":17572,"hostname":"Quang","name":"canary/loss-classifier","relayMinerId":"relay-under-audit","promoted":0,"absorbed":1,"tampers":0,"cumulativeCrossed":false,"msg":"canary divergences classified (drop gate / tamper p=1)"}
{"level":30,"time":1781936526532,"pid":17572,"hostname":"Quang","name":"canary/loss-classifier","relayMinerId":"relay-under-audit","promoted":0,"absorbed":1,"tampers":0,"cumulativeCrossed":false,"msg":"canary divergences classified (drop gate / tamper p=1)"}
{"level":30,"time":1781936526532,"pid":17572,"hostname":"Quang","name":"canary/loss-classifier","relayMinerId":"relay-under-audit","promoted":0,"absorbed":1,"tampers":0,"cumulativeCrossed":false,"msg":"canary divergences classified (drop gate / tamper p=1)"}
{"level":30,"time":1781936526532,"pid":17572,"hostname":"Quang","name":"canary/loss-classifier","relayMinerId":"relay-under-audit","promoted":0,"absorbed":1,"tampers":0,"cumulativeCrossed":false,"msg":"canary divergences classified (drop gate / tamper p=1)"}
{"level":30,"time":1781936526532,"pid":17572,"hostname":"Quang","name":"canary/loss-classifier","relayMinerId":"relay-under-audit","promoted":0,"absorbed":1,"tampers":0,"cumulativeCrossed":false,"msg":"canary divergences classified (drop gate / tamper p=1)"}
{"level":30,"time":1781936526533,"pid":17572,"hostname":"Quang","name":"canary/loss-classifier","relayMinerId":"relay-under-audit","promoted":0,"absorbed":1,"tampers":0,"cumulativeCrossed":false,"msg":"canary divergences classified (drop gate / tamper p=1)"}
{"level":30,"time":1781936526533,"pid":17572,"hostname":"Quang","name":"canary/loss-classifier","relayMinerId":"relay-under-audit","promoted":0,"absorbed":1,"tampers":0,"cumulativeCrossed":false,"msg":"canary divergences classified (drop gate / tamper p=1)"}
{"level":30,"time":1781936526533,"pid":17572,"hostname":"Quang","name":"canary/loss-classifier","relayMinerId":"relay-under-audit","promoted":0,"absorbed":1,"tampers":0,"cumulativeCrossed":false,"msg":"canary divergences classified (drop gate / tamper p=1)"}
{"level":30,"time":1781936526533,"pid":17572,"hostname":"Quang","name":"canary/loss-classifier","relayMinerId":"relay-under-audit","promoted":0,"absorbed":1,"tampers":0,"cumulativeCrossed":false,"msg":"canary divergences classified (drop gate / tamper p=1)"}
{"level":30,"time":1781936526533,"pid":17572,"hostname":"Quang","name":"canary/loss-classifier","relayMinerId":"relay-under-audit","promoted":0,"absorbed":1,"tampers":0,"cumulativeCrossed":false,"msg":"canary divergences classified (drop gate / tamper p=1)"}
{"level":30,"time":1781936526533,"pid":17572,"hostname":"Quang","name":"canary/loss-classifier","relayMinerId":"relay-under-audit","promoted":0,"absorbed":1,"tampers":0,"cumulativeCrossed":false,"msg":"canary divergences classified (drop gate / tamper p=1)"}
{"level":30,"time":1781936526533,"pid":17572,"hostname":"Quang","name":"canary/loss-classifier","relayMinerId":"relay-under-audit","promoted":0,"absorbed":1,"tampers":0,"cumulativeCrossed":false,"msg":"canary divergences classified (drop gate / tamper p=1)"}
{"level":30,"time":1781936526533,"pid":17572,"hostname":"Quang","name":"canary/loss-classifier","relayMinerId":"relay-under-audit","promoted":0,"absorbed":1,"tampers":0,"cumulativeCrossed":false,"msg":"canary divergences classified (drop gate / tamper p=1)"}
{"level":30,"time":1781936526533,"pid":17572,"hostname":"Quang","name":"canary/loss-classifier","relayMinerId":"relay-under-audit","promoted":0,"absorbed":1,"tampers":0,"cumulativeCrossed":false,"msg":"canary divergences classified (drop gate / tamper p=1)"}
{"level":30,"time":1781936526533,"pid":17572,"hostname":"Quang","name":"canary/loss-classifier","relayMinerId":"relay-under-audit","promoted":0,"absorbed":1,"tampers":0,"cumulativeCrossed":false,"msg":"canary divergences classified (drop gate / tamper p=1)"}
{"level":30,"time":1781936526533,"pid":17572,"hostname":"Quang","name":"canary/loss-classifier","relayMinerId":"relay-under-audit","promoted":0,"absorbed":1,"tampers":0,"cumulativeCrossed":false,"msg":"canary divergences classified (drop gate / tamper p=1)"}
{"level":30,"time":1781936526533,"pid":17572,"hostname":"Quang","name":"canary/loss-classifier","relayMinerId":"relay-under-audit","promoted":0,"absorbed":1,"tampers":0,"cumulativeCrossed":false,"msg":"canary divergences classified (drop gate / tamper p=1)"}
{"level":30,"time":1781936526533,"pid":17572,"hostname":"Quang","name":"canary/loss-classifier","relayMinerId":"relay-under-audit","promoted":0,"absorbed":1,"tampers":0,"cumulativeCrossed":false,"msg":"canary divergences classified (drop gate / tamper p=1)"}
{"level":30,"time":1781936526533,"pid":17572,"hostname":"Quang","name":"canary/loss-classifier","relayMinerId":"relay-under-audit","promoted":0,"absorbed":1,"tampers":0,"cumulativeCrossed":false,"msg":"canary divergences classified (drop gate / tamper p=1)"}
{"level":30,"time":1781936526533,"pid":17572,"hostname":"Quang","name":"canary/loss-classifier","relayMinerId":"relay-under-audit","promoted":0,"absorbed":1,"tampers":0,"cumulativeCrossed":false,"msg":"canary divergences classified (drop gate / tamper p=1)"}
{"level":30,"time":1781936526533,"pid":17572,"hostname":"Quang","name":"canary/loss-classifier","relayMinerId":"relay-under-audit","promoted":0,"absorbed":1,"tampers":0,"cumulativeCrossed":false,"msg":"canary divergences classified (drop gate / tamper p=1)"}
{"level":30,"time":1781936526533,"pid":17572,"hostname":"Quang","name":"canary/loss-classifier","relayMinerId":"relay-under-audit","promoted":0,"absorbed":1,"tampers":0,"cumulativeCrossed":false,"msg":"canary divergences classified (drop gate / tamper p=1)"}
{"level":30,"time":1781936526533,"pid":17572,"hostname":"Quang","name":"canary/loss-classifier","relayMinerId":"relay-under-audit","promoted":0,"absorbed":1,"tampers":0,"cumulativeCrossed":false,"msg":"canary divergences classified (drop gate / tamper p=1)"}
{"level":30,"time":1781936526533,"pid":17572,"hostname":"Quang","name":"canary/loss-classifier","relayMinerId":"relay-under-audit","promoted":0,"absorbed":1,"tampers":0,"cumulativeCrossed":false,"msg":"canary divergences classified (drop gate / tamper p=1)"}
{"level":30,"time":1781936526533,"pid":17572,"hostname":"Quang","name":"canary/loss-classifier","relayMinerId":"relay-under-audit","promoted":0,"absorbed":1,"tampers":0,"cumulativeCrossed":false,"msg":"canary divergences classified (drop gate / tamper p=1)"}
{"level":30,"time":1781936526533,"pid":17572,"hostname":"Quang","name":"canary/loss-classifier","relayMinerId":"relay-under-audit","promoted":0,"absorbed":1,"tampers":0,"cumulativeCrossed":false,"msg":"canary divergences classified (drop gate / tamper p=1)"}
{"level":30,"time":1781936526533,"pid":17572,"hostname":"Quang","name":"canary/loss-classifier","relayMinerId":"relay-under-audit","promoted":0,"absorbed":1,"tampers":0,"cumulativeCrossed":false,"msg":"canary divergences classified (drop gate / tamper p=1)"}
{"level":30,"time":1781936526533,"pid":17572,"hostname":"Quang","name":"canary/loss-classifier","relayMinerId":"relay-under-audit","promoted":0,"absorbed":1,"tampers":0,"cumulativeCrossed":false,"msg":"canary divergences classified (drop gate / tamper p=1)"}
{"level":30,"time":1781936526533,"pid":17572,"hostname":"Quang","name":"canary/loss-classifier","relayMinerId":"relay-under-audit","promoted":0,"absorbed":1,"tampers":0,"cumulativeCrossed":false,"msg":"canary divergences classified (drop gate / tamper p=1)"}
{"level":30,"time":1781936526533,"pid":17572,"hostname":"Quang","name":"canary/loss-classifier","relayMinerId":"relay-under-audit","promoted":0,"absorbed":1,"tampers":0,"cumulativeCrossed":false,"msg":"canary divergences classified (drop gate / tamper p=1)"}
{"level":30,"time":1781936526533,"pid":17572,"hostname":"Quang","name":"canary/loss-classifier","relayMinerId":"relay-under-audit","promoted":0,"absorbed":1,"tampers":0,"cumulativeCrossed":false,"msg":"canary divergences classified (drop gate / tamper p=1)"}
{"level":30,"time":1781936526533,"pid":17572,"hostname":"Quang","name":"canary/loss-classifier","relayMinerId":"relay-under-audit","promoted":0,"absorbed":1,"tampers":0,"cumulativeCrossed":false,"msg":"canary divergences classified (drop gate / tamper p=1)"}
{"level":30,"time":1781936526533,"pid":17572,"hostname":"Quang","name":"canary/loss-classifier","relayMinerId":"relay-under-audit","promoted":0,"absorbed":1,"tampers":0,"cumulativeCrossed":false,"msg":"canary divergences classified (drop gate / tamper p=1)"}
{"level":30,"time":1781936526533,"pid":17572,"hostname":"Quang","name":"canary/loss-classifier","relayMinerId":"relay-under-audit","promoted":0,"absorbed":1,"tampers":0,"cumulativeCrossed":false,"msg":"canary divergences classified (drop gate / tamper p=1)"}
{"level":30,"time":1781936526533,"pid":17572,"hostname":"Quang","name":"canary/loss-classifier","relayMinerId":"relay-under-audit","promoted":0,"absorbed":1,"tampers":0,"cumulativeCrossed":false,"msg":"canary divergences classified (drop gate / tamper p=1)"}
{"level":30,"time":1781936526533,"pid":17572,"hostname":"Quang","name":"canary/loss-classifier","relayMinerId":"relay-under-audit","promoted":0,"absorbed":1,"tampers":0,"cumulativeCrossed":false,"msg":"canary divergences classified (drop gate / tamper p=1)"}
{"level":30,"time":1781936526533,"pid":17572,"hostname":"Quang","name":"canary/loss-classifier","relayMinerId":"relay-under-audit","promoted":0,"absorbed":1,"tampers":0,"cumulativeCrossed":false,"msg":"canary divergences classified (drop gate / tamper p=1)"}
{"level":30,"time":1781936526533,"pid":17572,"hostname":"Quang","name":"canary/loss-classifier","relayMinerId":"relay-under-audit","promoted":0,"absorbed":1,"tampers":0,"cumulativeCrossed":false,"msg":"canary divergences classified (drop gate / tamper p=1)"}
{"level":30,"time":1781936526533,"pid":17572,"hostname":"Quang","name":"canary/loss-classifier","relayMinerId":"relay-under-audit","promoted":0,"absorbed":1,"tampers":0,"cumulativeCrossed":false,"msg":"canary divergences classified (drop gate / tamper p=1)"}
{"level":30,"time":1781936526533,"pid":17572,"hostname":"Quang","name":"canary/loss-classifier","relayMinerId":"relay-under-audit","promoted":0,"absorbed":1,"tampers":0,"cumulativeCrossed":false,"msg":"canary divergences classified (drop gate / tamper p=1)"}
{"level":30,"time":1781936526533,"pid":17572,"hostname":"Quang","name":"canary/loss-classifier","relayMinerId":"relay-under-audit","promoted":0,"absorbed":1,"tampers":0,"cumulativeCrossed":false,"msg":"canary divergences classified (drop gate / tamper p=1)"}
{"level":30,"time":1781936526533,"pid":17572,"hostname":"Quang","name":"canary/loss-classifier","relayMinerId":"relay-under-audit","promoted":0,"absorbed":1,"tampers":0,"cumulativeCrossed":false,"msg":"canary divergences classified (drop gate / tamper p=1)"}
{"level":30,"time":1781936526533,"pid":17572,"hostname":"Quang","name":"canary/loss-classifier","relayMinerId":"relay-under-audit","promoted":0,"absorbed":1,"tampers":0,"cumulativeCrossed":false,"msg":"canary divergences classified (drop gate / tamper p=1)"}
{"level":30,"time":1781936526533,"pid":17572,"hostname":"Quang","name":"canary/loss-classifier","relayMinerId":"relay-under-audit","promoted":0,"absorbed":1,"tampers":0,"cumulativeCrossed":false,"msg":"canary divergences classified (drop gate / tamper p=1)"}
{"level":30,"time":1781936526533,"pid":17572,"hostname":"Quang","name":"canary/loss-classifier","relayMinerId":"relay-under-audit","promoted":0,"absorbed":1,"tampers":0,"cumulativeCrossed":false,"msg":"canary divergences classified (drop gate / tamper p=1)"}
{"level":30,"time":1781936526533,"pid":17572,"hostname":"Quang","name":"canary/loss-classifier","relayMinerId":"relay-under-audit","promoted":0,"absorbed":1,"tampers":0,"cumulativeCrossed":false,"msg":"canary divergences classified (drop gate / tamper p=1)"}
{"level":30,"time":1781936526533,"pid":17572,"hostname":"Quang","name":"canary/loss-classifier","relayMinerId":"relay-under-audit","promoted":0,"absorbed":1,"tampers":0,"cumulativeCrossed":false,"msg":"canary divergences classified (drop gate / tamper p=1)"}
{"level":30,"time":1781936526533,"pid":17572,"hostname":"Quang","name":"canary/loss-classifier","relayMinerId":"relay-under-audit","promoted":0,"absorbed":1,"tampers":0,"cumulativeCrossed":false,"msg":"canary divergences classified (drop gate / tamper p=1)"}
{"level":30,"time":1781936526533,"pid":17572,"hostname":"Quang","name":"canary/loss-classifier","relayMinerId":"relay-under-audit","promoted":0,"absorbed":1,"tampers":0,"cumulativeCrossed":false,"msg":"canary divergences classified (drop gate / tamper p=1)"}
{"level":30,"time":1781936526533,"pid":17572,"hostname":"Quang","name":"canary/loss-classifier","relayMinerId":"relay-under-audit","promoted":0,"absorbed":1,"tampers":0,"cumulativeCrossed":false,"msg":"canary divergences classified (drop gate / tamper p=1)"}
{"level":30,"time":1781936526533,"pid":17572,"hostname":"Quang","name":"canary/loss-classifier","relayMinerId":"relay-under-audit","promoted":0,"absorbed":1,"tampers":0,"cumulativeCrossed":false,"msg":"canary divergences classified (drop gate / tamper p=1)"}
{"level":30,"time":1781936526533,"pid":17572,"hostname":"Quang","name":"canary/loss-classifier","relayMinerId":"relay-under-audit","promoted":0,"absorbed":1,"tampers":0,"cumulativeCrossed":false,"msg":"canary divergences classified (drop gate / tamper p=1)"}
{"level":30,"time":1781936526533,"pid":17572,"hostname":"Quang","name":"canary/loss-classifier","relayMinerId":"relay-under-audit","promoted":0,"absorbed":1,"tampers":0,"cumulativeCrossed":false,"msg":"canary divergences classified (drop gate / tamper p=1)"}
{"level":30,"time":1781936526533,"pid":17572,"hostname":"Quang","name":"canary/loss-classifier","relayMinerId":"relay-under-audit","promoted":0,"absorbed":1,"tampers":0,"cumulativeCrossed":false,"msg":"canary divergences classified (drop gate / tamper p=1)"}
{"level":30,"time":1781936526533,"pid":17572,"hostname":"Quang","name":"canary/loss-classifier","relayMinerId":"relay-under-audit","promoted":0,"absorbed":1,"tampers":0,"cumulativeCrossed":false,"msg":"canary divergences classified (drop gate / tamper p=1)"}
{"level":30,"time":1781936526533,"pid":17572,"hostname":"Quang","name":"canary/loss-classifier","relayMinerId":"relay-under-audit","promoted":0,"absorbed":1,"tampers":0,"cumulativeCrossed":false,"msg":"canary divergences classified (drop gate / tamper p=1)"}
{"level":30,"time":1781936526533,"pid":17572,"hostname":"Quang","name":"canary/loss-classifier","relayMinerId":"relay-under-audit","promoted":0,"absorbed":1,"tampers":0,"cumulativeCrossed":false,"msg":"canary divergences classified (drop gate / tamper p=1)"}
{"level":30,"time":1781936526533,"pid":17572,"hostname":"Quang","name":"canary/loss-classifier","relayMinerId":"relay-under-audit","promoted":0,"absorbed":1,"tampers":0,"cumulativeCrossed":false,"msg":"canary divergences classified (drop gate / tamper p=1)"}
{"level":30,"time":1781936526533,"pid":17572,"hostname":"Quang","name":"canary/loss-classifier","relayMinerId":"relay-under-audit","promoted":0,"absorbed":1,"tampers":0,"cumulativeCrossed":false,"msg":"canary divergences classified (drop gate / tamper p=1)"}
{"level":30,"time":1781936526533,"pid":17572,"hostname":"Quang","name":"canary/loss-classifier","relayMinerId":"relay-under-audit","promoted":0,"absorbed":1,"tampers":0,"cumulativeCrossed":false,"msg":"canary divergences classified (drop gate / tamper p=1)"}
{"level":30,"time":1781936526533,"pid":17572,"hostname":"Quang","name":"canary/loss-classifier","relayMinerId":"relay-under-audit","promoted":0,"absorbed":1,"tampers":0,"cumulativeCrossed":false,"msg":"canary divergences classified (drop gate / tamper p=1)"}
{"level":30,"time":1781936526533,"pid":17572,"hostname":"Quang","name":"canary/loss-classifier","relayMinerId":"relay-under-audit","promoted":0,"absorbed":1,"tampers":0,"cumulativeCrossed":false,"msg":"canary divergences classified (drop gate / tamper p=1)"}
{"level":30,"time":1781936526534,"pid":17572,"hostname":"Quang","name":"canary/loss-classifier","relayMinerId":"relay-under-audit","promoted":0,"absorbed":1,"tampers":0,"cumulativeCrossed":false,"msg":"canary divergences classified (drop gate / tamper p=1)"}
{"level":30,"time":1781936526534,"pid":17572,"hostname":"Quang","name":"canary/loss-classifier","relayMinerId":"relay-under-audit","promoted":0,"absorbed":1,"tampers":0,"cumulativeCrossed":false,"msg":"canary divergences classified (drop gate / tamper p=1)"}
{"level":30,"time":1781936526534,"pid":17572,"hostname":"Quang","name":"canary/loss-classifier","relayMinerId":"relay-under-audit","promoted":0,"absorbed":1,"tampers":0,"cumulativeCrossed":false,"msg":"canary divergences classified (drop gate / tamper p=1)"}
{"level":30,"time":1781936526534,"pid":17572,"hostname":"Quang","name":"canary/loss-classifier","relayMinerId":"relay-under-audit","promoted":0,"absorbed":1,"tampers":0,"cumulativeCrossed":false,"msg":"canary divergences classified (drop gate / tamper p=1)"}
{"level":30,"time":1781936526534,"pid":17572,"hostname":"Quang","name":"canary/loss-classifier","relayMinerId":"relay-under-audit","promoted":0,"absorbed":1,"tampers":0,"cumulativeCrossed":false,"msg":"canary divergences classified (drop gate / tamper p=1)"}
{"level":30,"time":1781936526534,"pid":17572,"hostname":"Quang","name":"canary/loss-classifier","relayMinerId":"relay-under-audit","promoted":0,"absorbed":1,"tampers":0,"cumulativeCrossed":false,"msg":"canary divergences classified (drop gate / tamper p=1)"}
{"level":30,"time":1781936526534,"pid":17572,"hostname":"Quang","name":"canary/loss-classifier","relayMinerId":"relay-under-audit","promoted":0,"absorbed":1,"tampers":0,"cumulativeCrossed":false,"msg":"canary divergences classified (drop gate / tamper p=1)"}
{"level":30,"time":1781936526534,"pid":17572,"hostname":"Quang","name":"canary/loss-classifier","relayMinerId":"relay-under-audit","promoted":0,"absorbed":1,"tampers":0,"cumulativeCrossed":false,"msg":"canary divergences classified (drop gate / tamper p=1)"}
{"level":30,"time":1781936526534,"pid":17572,"hostname":"Quang","name":"canary/loss-classifier","relayMinerId":"relay-under-audit","promoted":0,"absorbed":1,"tampers":0,"cumulativeCrossed":false,"msg":"canary divergences classified (drop gate / tamper p=1)"}
{"level":30,"time":1781936526534,"pid":17572,"hostname":"Quang","name":"canary/loss-classifier","relayMinerId":"relay-under-audit","promoted":0,"absorbed":1,"tampers":0,"cumulativeCrossed":false,"msg":"canary divergences classified (drop gate / tamper p=1)"}
{"level":30,"time":1781936526534,"pid":17572,"hostname":"Quang","name":"canary/loss-classifier","relayMinerId":"relay-under-audit","promoted":0,"absorbed":1,"tampers":0,"cumulativeCrossed":false,"msg":"canary divergences classified (drop gate / tamper p=1)"}
{"level":30,"time":1781936526534,"pid":17572,"hostname":"Quang","name":"canary/loss-classifier","relayMinerId":"relay-under-audit","promoted":0,"absorbed":1,"tampers":0,"cumulativeCrossed":false,"msg":"canary divergences classified (drop gate / tamper p=1)"}
{"level":30,"time":1781936526534,"pid":17572,"hostname":"Quang","name":"canary/loss-classifier","relayMinerId":"relay-under-audit","promoted":0,"absorbed":1,"tampers":0,"cumulativeCrossed":false,"msg":"canary divergences classified (drop gate / tamper p=1)"}
{"level":30,"time":1781936526534,"pid":17572,"hostname":"Quang","name":"canary/loss-classifier","relayMinerId":"relay-under-audit","promoted":0,"absorbed":1,"tampers":0,"cumulativeCrossed":false,"msg":"canary divergences classified (drop gate / tamper p=1)"}
{"level":30,"time":1781936526534,"pid":17572,"hostname":"Quang","name":"canary/loss-classifier","relayMinerId":"relay-under-audit","promoted":0,"absorbed":1,"tampers":0,"cumulativeCrossed":false,"msg":"canary divergences classified (drop gate / tamper p=1)"}
{"level":30,"time":1781936526534,"pid":17572,"hostname":"Quang","name":"canary/loss-classifier","relayMinerId":"relay-under-audit","promoted":0,"absorbed":1,"tampers":0,"cumulativeCrossed":false,"msg":"canary divergences classified (drop gate / tamper p=1)"}
{"level":30,"time":1781936526534,"pid":17572,"hostname":"Quang","name":"canary/loss-classifier","relayMinerId":"relay-under-audit","promoted":0,"absorbed":1,"tampers":0,"cumulativeCrossed":false,"msg":"canary divergences classified (drop gate / tamper p=1)"}
{"level":30,"time":1781936526534,"pid":17572,"hostname":"Quang","name":"canary/loss-classifier","relayMinerId":"relay-under-audit","promoted":0,"absorbed":1,"tampers":0,"cumulativeCrossed":false,"msg":"canary divergences classified (drop gate / tamper p=1)"}
{"level":30,"time":1781936526534,"pid":17572,"hostname":"Quang","name":"canary/loss-classifier","relayMinerId":"relay-under-audit","promoted":0,"absorbed":1,"tampers":0,"cumulativeCrossed":false,"msg":"canary divergences classified (drop gate / tamper p=1)"}
{"level":30,"time":1781936526534,"pid":17572,"hostname":"Quang","name":"canary/loss-classifier","relayMinerId":"relay-under-audit","promoted":0,"absorbed":1,"tampers":0,"cumulativeCrossed":false,"msg":"canary divergences classified (drop gate / tamper p=1)"}
{"level":30,"time":1781936526534,"pid":17572,"hostname":"Quang","name":"canary/loss-classifier","relayMinerId":"relay-under-audit","promoted":0,"absorbed":1,"tampers":0,"cumulativeCrossed":false,"msg":"canary divergences classified (drop gate / tamper p=1)"}
{"level":30,"time":1781936526534,"pid":17572,"hostname":"Quang","name":"canary/loss-classifier","relayMinerId":"relay-under-audit","promoted":0,"absorbed":1,"tampers":0,"cumulativeCrossed":false,"msg":"canary divergences classified (drop gate / tamper p=1)"}
{"level":30,"time":1781936526534,"pid":17572,"hostname":"Quang","name":"canary/loss-classifier","relayMinerId":"relay-under-audit","promoted":0,"absorbed":1,"tampers":0,"cumulativeCrossed":false,"msg":"canary divergences classified (drop gate / tamper p=1)"}
{"level":30,"time":1781936526534,"pid":17572,"hostname":"Quang","name":"canary/loss-classifier","relayMinerId":"relay-under-audit","promoted":0,"absorbed":1,"tampers":0,"cumulativeCrossed":false,"msg":"canary divergences classified (drop gate / tamper p=1)"}
{"level":30,"time":1781936526534,"pid":17572,"hostname":"Quang","name":"canary/loss-classifier","relayMinerId":"relay-under-audit","promoted":0,"absorbed":1,"tampers":0,"cumulativeCrossed":false,"msg":"canary divergences classified (drop gate / tamper p=1)"}
{"level":30,"time":1781936526534,"pid":17572,"hostname":"Quang","name":"canary/loss-classifier","relayMinerId":"relay-under-audit","promoted":0,"absorbed":1,"tampers":0,"cumulativeCrossed":false,"msg":"canary divergences classified (drop gate / tamper p=1)"}
{"level":30,"time":1781936526535,"pid":17572,"hostname":"Quang","name":"canary/loss-classifier","relayMinerId":"relay-under-audit","promoted":1,"absorbed":0,"tampers":1,"cumulativeCrossed":false,"msg":"canary divergences classified (drop gate / tamper p=1)"}
 [32m✓[39m apps/validator-daemon/src/canary/__tests__/loss-classifier.test.ts [2m([22m[2m13 tests[22m[2m)[22m[32m 26[2mms[22m[39m
 [32m✓[39m apps/validator-daemon/src/canary/__tests__/relay-scoped-cell-loop.test.ts [2m([22m[2m3 tests[22m[2m)[22m[32m 49[2mms[22m[39m
{"level":40,"time":1781936526563,"pid":37964,"hostname":"Quang","name":"test/validator-discovery","target":"0x0000000000000000000000000000000000000000000000000000000000000099::validator_registry::get_active_validators","err":"MoveAbort(...)","msg":"validator discovery devInspect error — falling back to self-only"}
{"level":30,"time":1781936526569,"pid":1396,"hostname":"Quang","name":"validator:probe","roomId":"0xroom","bytesForwarded":"0","uniquePeers":"0","msg":"Relay metrics fetched for room=0xroom: bytes=0, peers=0"}
{"level":30,"time":1781936526574,"pid":17964,"hostname":"Quang","name":"validator:probe","roomId":"0xroom","bytesForwarded":"0","uniquePeers":"0","msg":"Relay metrics fetched for room=0xroom: bytes=0, peers=0"}
{"level":40,"time":1781936526564,"pid":37964,"hostname":"Quang","name":"test/validator-discovery","target":"0x0000000000000000000000000000000000000000000000000000000000000099::validator_registry::get_active_validators","msg":"validator discovery devInspect returned no values — falling back to self-only"}
{"level":40,"time":1781936526565,"pid":37964,"hostname":"Quang","name":"test/validator-discovery","target":"0x0000000000000000000000000000000000000000000000000000000000000099::validator_registry::get_active_validators","err":{"type":"Error","message":"RPC unreachable","stack":"Error: RPC unreachable\n    at Object.devInspectTransactionBlock (C:\\Thesis\\dvconf\\dvconf-daemons\\apps\\validator-daemon\\src\\canary\\__tests__\\validator-discovery.test.ts:78:13)\n    at discoverActiveValidatorMinerIds (C:\\Thesis\\dvconf\\dvconf-daemons\\apps\\validator-daemon\\src\\canary\\validator-discovery.ts:82:29)\n    at C:\\Thesis\\dvconf\\dvconf-daemons\\apps\\validator-daemon\\src\\canary\\__tests__\\validator-discovery.test.ts:130:23\n    at file:///C:/Thesis/dvconf/dvconf-daemons/node_modules/.pnpm/@vitest+runner@3.2.4/node_modules/@vitest/runner/dist/chunk-hooks.js:155:11\n    at file:///C:/Thesis/dvconf/dvconf-daemons/node_modules/.pnpm/@vitest+runner@3.2.4/node_modules/@vitest/runner/dist/chunk-hooks.js:752:26\n    at file:///C:/Thesis/dvconf/dvconf-daemons/node_modules/.pnpm/@vitest+runner@3.2.4/node_modules/@vitest/runner/dist/chunk-hooks.js:1897:20\n    at new Promise (<anonymous>)\n    at runWithTimeout (file:///C:/Thesis/dvconf/dvconf-daemons/node_modules/.pnpm/@vitest+runner@3.2.4/node_modules/@vitest/runner/dist/chunk-hooks.js:1863:10)\n    at runTest (file:///C:/Thesis/dvconf/dvconf-daemons/node_modules/.pnpm/@vitest+runner@3.2.4/node_modules/@vitest/runner/dist/chunk-hooks.js:1574:12)\n    at processTicksAndRejections (node:internal/process/task_queues:95:5)"},"msg":"validator discovery failed — falling back to self-only"}
 [32m✓[39m apps/validator-daemon/src/canary/__tests__/validator-discovery.test.ts [2m([22m[2m7 tests[22m[2m)[22m[32m 30[2mms[22m[39m
 [32m✓[39m apps/validator-daemon/src/__tests__/trace-e2e.test.ts [2m([22m[2m1 test[22m[2m)[22m[32m 37[2mms[22m[39m
 [32m✓[39m apps/validator-daemon/src/__tests__/probe-trace.test.ts [2m([22m[2m2 tests[22m[2m)[22m[32m 45[2mms[22m[39m
{"level":30,"time":1781936526651,"pid":8764,"hostname":"Quang","name":"canary/proof","roomId":"0x1111111111111111111111111111111111111111111111111111111111111111","relayMinerId":"0x2222222222222222222222222222222222222222222222222222222222222222","canaryId":7,"frameSeq":42,"drop":false,"attesters":2,"msg":"canary proof-of-divergence built (Wallet-B only)"}
{"level":30,"time":1781936526667,"pid":8764,"hostname":"Quang","name":"canary/proof","roomId":"0x1111111111111111111111111111111111111111111111111111111111111111","relayMinerId":"0x2222222222222222222222222222222222222222222222222222222222222222","canaryId":7,"frameSeq":42,"drop":false,"attesters":2,"msg":"canary proof-of-divergence built (Wallet-B only)"}
 [32m✓[39m apps/validator-daemon/src/__tests__/session-proof.test.ts [2m([22m[2m9 tests[22m[2m)[22m[32m 215[2mms[22m[39m
{"level":30,"time":1781936526693,"pid":8764,"hostname":"Quang","name":"canary/proof","roomId":"0x1111111111111111111111111111111111111111111111111111111111111111","relayMinerId":"0x2222222222222222222222222222222222222222222222222222222222222222","canaryId":7,"frameSeq":42,"drop":false,"attesters":2,"msg":"canary proof-of-divergence built (Wallet-B only)"}
{"level":30,"time":1781936526701,"pid":8764,"hostname":"Quang","name":"canary/proof","roomId":"0x1111111111111111111111111111111111111111111111111111111111111111","relayMinerId":"0x2222222222222222222222222222222222222222222222222222222222222222","canaryId":7,"frameSeq":42,"drop":false,"attesters":2,"msg":"canary proof-of-divergence built (Wallet-B only)"}
{"level":30,"time":1781936526715,"pid":8764,"hostname":"Quang","name":"canary/proof","roomId":"0x1111111111111111111111111111111111111111111111111111111111111111","relayMinerId":"0x2222222222222222222222222222222222222222222222222222222222222222","canaryId":7,"frameSeq":42,"drop":true,"attesters":2,"msg":"canary proof-of-divergence built (Wallet-B only)"}
 [32m✓[39m apps/validator-daemon/src/__tests__/auto-register.test.ts [2m([22m[2m9 tests[22m[2m)[22m[32m 236[2mms[22m[39m
 [32m✓[39m apps/validator-daemon/src/canary/__tests__/validator-pool.test.ts [2m([22m[2m13 tests[22m[2m)[22m[32m 65[2mms[22m[39m
{"level":30,"time":1781936526768,"pid":8764,"hostname":"Quang","name":"canary/proof","roomId":"0x1111111111111111111111111111111111111111111111111111111111111111","relayMinerId":"0x2222222222222222222222222222222222222222222222222222222222222222","canaryId":7,"frameSeq":42,"drop":false,"attesters":2,"msg":"canary proof-of-divergence built (Wallet-B only)"}
{"level":30,"time":1781936526779,"pid":8764,"hostname":"Quang","name":"canary/proof","roomId":"0x1111111111111111111111111111111111111111111111111111111111111111","relayMinerId":"0x2222222222222222222222222222222222222222222222222222222222222222","canaryId":7,"frameSeq":42,"drop":true,"attesters":2,"msg":"canary proof-of-divergence built (Wallet-B only)"}
 [32m✓[39m apps/validator-daemon/src/canary/__tests__/proof.test.ts [2m([22m[2m12 tests[22m[2m)[22m[32m 293[2mms[22m[39m
[90mstdout[2m | apps/validator-daemon/src/canary/__tests__/keying.test.ts[2m > [22m[2mREQ-CFA-001 deriveCanaryKey — PathC salt-mix equivalence[2m > [22m[2m(a) deriveCanaryKey returns an AES-GCM CryptoKey usable by encryptFrame
[22m[39m{"timestamp":"2026-06-20T06:22:07.223Z","level":"INFO","source":"frontend","module":"webrtc/sframe-transform","message":"encrypted frame","context":{"kid":42,"ctr":0,"byteLength":69,"codecOffset":10}}

 [32m✓[39m apps/validator-daemon/src/canary/__tests__/keying.test.ts [2m([22m[2m6 tests[22m[2m)[22m[32m 46[2mms[22m[39m
[90mstdout[2m | apps/validator-daemon/src/canary/__tests__/publisher.test.ts[2m > [22m[2mREQ-CFA-002 CanaryPublisher.produce — DRY byte-equality with the verifier[2m > [22m[2m(a) produced frames EQUAL the verifier-recomputed expected set (DRY, no re-implementation)
[22m[39m{"timestamp":"2026-06-20T06:22:07.370Z","level":"INFO","source":"frontend","module":"webrtc/sframe-transform","message":"encrypted frame","context":{"kid":7,"ctr":0,"byteLength":62,"codecOffset":10}}

[90mstdout[2m | apps/validator-daemon/src/canary/__tests__/publisher.test.ts[2m > [22m[2mREQ-CFA-002 CanaryPublisher.produce — DRY byte-equality with the verifier[2m > [22m[2m(a) produced frames EQUAL the verifier-recomputed expected set (DRY, no re-implementation)
[22m[39m{"timestamp":"2026-06-20T06:22:07.373Z","level":"INFO","source":"frontend","module":"webrtc/sframe-transform","message":"encrypted frame","context":{"kid":7,"ctr":1,"byteLength":62,"codecOffset":10}}

[90mstdout[2m | apps/validator-daemon/src/canary/__tests__/publisher.test.ts[2m > [22m[2mREQ-CFA-002 CanaryPublisher.produce — DRY byte-equality with the verifier[2m > [22m[2m(a) produced frames EQUAL the verifier-recomputed expected set (DRY, no re-implementation)
[22m[39m{"timestamp":"2026-06-20T06:22:07.375Z","level":"INFO","source":"frontend","module":"webrtc/sframe-transform","message":"encrypted frame","context":{"kid":7,"ctr":2,"byteLength":62,"codecOffset":10}}

[90mstdout[2m | apps/validator-daemon/src/canary/__tests__/publisher.test.ts[2m > [22m[2mREQ-CFA-002 CanaryPublisher.produce — DRY byte-equality with the verifier[2m > [22m[2m(a) produced frames EQUAL the verifier-recomputed expected set (DRY, no re-implementation)
[22m[39m{"timestamp":"2026-06-20T06:22:07.376Z","level":"INFO","source":"frontend","module":"webrtc/sframe-transform","message":"encrypted frame","context":{"kid":7,"ctr":3,"byteLength":62,"codecOffset":10}}

[90mstdout[2m | apps/validator-daemon/src/canary/__tests__/publisher.test.ts[2m > [22m[2mREQ-CFA-002 CanaryPublisher.produce — DRY byte-equality with the verifier[2m > [22m[2m(a) produced frames EQUAL the verifier-recomputed expected set (DRY, no re-implementation)
[22m[39m{"timestamp":"2026-06-20T06:22:07.378Z","level":"INFO","source":"frontend","module":"webrtc/sframe-transform","message":"encrypted frame","context":{"kid":7,"ctr":4,"byteLength":62,"codecOffset":10}}

[90mstdout[2m | apps/validator-daemon/src/canary/__tests__/publisher.test.ts[2m > [22m[2mREQ-CFA-002 CanaryPublisher.produce — DRY byte-equality with the verifier[2m > [22m[2m(a) produced frames EQUAL the verifier-recomputed expected set (DRY, no re-implementation)
[22m[39m{"timestamp":"2026-06-20T06:22:07.379Z","level":"INFO","source":"frontend","module":"webrtc/sframe-transform","message":"encrypted frame","context":{"kid":7,"ctr":5,"byteLength":62,"codecOffset":10}}

[90mstdout[2m | apps/validator-daemon/src/canary/__tests__/publisher.test.ts[2m > [22m[2mREQ-CFA-002 CanaryPublisher.produce — DRY byte-equality with the verifier[2m > [22m[2m(a) produced frames EQUAL the verifier-recomputed expected set (DRY, no re-implementation)
[22m[39m{"timestamp":"2026-06-20T06:22:07.382Z","level":"INFO","source":"frontend","module":"webrtc/sframe-transform","message":"encrypted frame","context":{"kid":7,"ctr":0,"byteLength":62,"codecOffset":10}}

[90mstdout[2m | apps/validator-daemon/src/canary/__tests__/verify-loop.test.ts[2m > [22m[2mREQ-CFA-042 — state.relayStunLossBps is READ as the classifier stunPacketLossBps arg[2m > [22m[2ma HIGH STUN prior ABSORBS a drop that a ZERO STUN prior PROMOTES (same accumulator history)
[22m[39m{"timestamp":"2026-06-20T06:22:07.379Z","level":"INFO","source":"frontend","module":"webrtc/sframe-transform","message":"encrypted frame","context":{"kid":9,"ctr":0,"byteLength":62,"codecOffset":10}}

[90mstdout[2m | apps/validator-daemon/src/canary/__tests__/publisher.test.ts[2m > [22m[2mREQ-CFA-002 CanaryPublisher.produce — DRY byte-equality with the verifier[2m > [22m[2m(a) produced frames EQUAL the verifier-recomputed expected set (DRY, no re-implementation)
[22m[39m{"timestamp":"2026-06-20T06:22:07.383Z","level":"INFO","source":"frontend","module":"webrtc/sframe-transform","message":"encrypted frame","context":{"kid":7,"ctr":1,"byteLength":62,"codecOffset":10}}

[90mstdout[2m | apps/validator-daemon/src/canary/__tests__/verify-loop.test.ts[2m > [22m[2mREQ-CFA-042 — state.relayStunLossBps is READ as the classifier stunPacketLossBps arg[2m > [22m[2ma HIGH STUN prior ABSORBS a drop that a ZERO STUN prior PROMOTES (same accumulator history)
[22m[39m{"timestamp":"2026-06-20T06:22:07.384Z","level":"INFO","source":"frontend","module":"webrtc/sframe-transform","message":"encrypted frame","context":{"kid":9,"ctr":1,"byteLength":62,"codecOffset":10}}

[90mstdout[2m | apps/validator-daemon/src/canary/__tests__/verify-loop.test.ts[2m > [22m[2mREQ-CFA-042 — state.relayStunLossBps is READ as the classifier stunPacketLossBps arg[2m > [22m[2ma HIGH STUN prior ABSORBS a drop that a ZERO STUN prior PROMOTES (same accumulator history)
[22m[39m{"timestamp":"2026-06-20T06:22:07.386Z","level":"INFO","source":"frontend","module":"webrtc/sframe-transform","message":"encrypted frame","context":{"kid":9,"ctr":2,"byteLength":62,"codecOffset":10}}

[90mstdout[2m | apps/validator-daemon/src/canary/__tests__/publisher.test.ts[2m > [22m[2mREQ-CFA-002 CanaryPublisher.produce — DRY byte-equality with the verifier[2m > [22m[2m(a) produced frames EQUAL the verifier-recomputed expected set (DRY, no re-implementation)
[22m[39m{"timestamp":"2026-06-20T06:22:07.385Z","level":"INFO","source":"frontend","module":"webrtc/sframe-transform","message":"encrypted frame","context":{"kid":7,"ctr":2,"byteLength":62,"codecOffset":10}}

[90mstdout[2m | apps/validator-daemon/src/canary/__tests__/verify-loop.test.ts[2m > [22m[2mREQ-CFA-042 — state.relayStunLossBps is READ as the classifier stunPacketLossBps arg[2m > [22m[2ma HIGH STUN prior ABSORBS a drop that a ZERO STUN prior PROMOTES (same accumulator history)
[22m[39m{"timestamp":"2026-06-20T06:22:07.388Z","level":"INFO","source":"frontend","module":"webrtc/sframe-transform","message":"encrypted frame","context":{"kid":9,"ctr":3,"byteLength":62,"codecOffset":10}}

[90mstdout[2m | apps/validator-daemon/src/canary/__tests__/publisher.test.ts[2m > [22m[2mREQ-CFA-002 CanaryPublisher.produce — DRY byte-equality with the verifier[2m > [22m[2m(a) produced frames EQUAL the verifier-recomputed expected set (DRY, no re-implementation)
[22m[39m{"timestamp":"2026-06-20T06:22:07.388Z","level":"INFO","source":"frontend","module":"webrtc/sframe-transform","message":"encrypted frame","context":{"kid":7,"ctr":3,"byteLength":62,"codecOffset":10}}

[90mstdout[2m | apps/validator-daemon/src/canary/__tests__/publisher.test.ts[2m > [22m[2mREQ-CFA-002 CanaryPublisher.produce — DRY byte-equality with the verifier[2m > [22m[2m(a) produced frames EQUAL the verifier-recomputed expected set (DRY, no re-implementation)
[22m[39m{"timestamp":"2026-06-20T06:22:07.390Z","level":"INFO","source":"frontend","module":"webrtc/sframe-transform","message":"encrypted frame","context":{"kid":7,"ctr":4,"byteLength":62,"codecOffset":10}}

[90mstdout[2m | apps/validator-daemon/src/canary/__tests__/verify-loop.test.ts[2m > [22m[2mREQ-CFA-042 — state.relayStunLossBps is READ as the classifier stunPacketLossBps arg[2m > [22m[2ma HIGH STUN prior ABSORBS a drop that a ZERO STUN prior PROMOTES (same accumulator history)
[22m[39m{"timestamp":"2026-06-20T06:22:07.391Z","level":"INFO","source":"frontend","module":"webrtc/sframe-transform","message":"encrypted frame","context":{"kid":9,"ctr":4,"byteLength":62,"codecOffset":10}}

[90mstdout[2m | apps/validator-daemon/src/canary/__tests__/publisher.test.ts[2m > [22m[2mREQ-CFA-002 CanaryPublisher.produce — DRY byte-equality with the verifier[2m > [22m[2m(a) produced frames EQUAL the verifier-recomputed expected set (DRY, no re-implementation)
[22m[39m{"timestamp":"2026-06-20T06:22:07.392Z","level":"INFO","source":"frontend","module":"webrtc/sframe-transform","message":"encrypted frame","context":{"kid":7,"ctr":5,"byteLength":62,"codecOffset":10}}

[90mstdout[2m | apps/validator-daemon/src/canary/__tests__/verify-loop.test.ts[2m > [22m[2mREQ-CFA-042 — state.relayStunLossBps is READ as the classifier stunPacketLossBps arg[2m > [22m[2ma HIGH STUN prior ABSORBS a drop that a ZERO STUN prior PROMOTES (same accumulator history)
[22m[39m{"timestamp":"2026-06-20T06:22:07.393Z","level":"INFO","source":"frontend","module":"webrtc/sframe-transform","message":"encrypted frame","context":{"kid":9,"ctr":6,"byteLength":62,"codecOffset":10}}

[90mstdout[2m | apps/validator-daemon/src/canary/__tests__/verify-loop.test.ts[2m > [22m[2mREQ-CFA-042 — state.relayStunLossBps is READ as the classifier stunPacketLossBps arg[2m > [22m[2ma HIGH STUN prior ABSORBS a drop that a ZERO STUN prior PROMOTES (same accumulator history)
[22m[39m{"timestamp":"2026-06-20T06:22:07.395Z","level":"INFO","source":"frontend","module":"webrtc/sframe-transform","message":"encrypted frame","context":{"kid":9,"ctr":7,"byteLength":62,"codecOffset":10}}

[90mstdout[2m | apps/validator-daemon/src/canary/__tests__/publisher.test.ts[2m > [22m[2mREQ-CFA-002 CanaryPublisher.produce — DRY byte-equality with the verifier[2m > [22m[2m(a) every produced frame carries the real partial-SFrame layout (config 0x01 trailer, fixed length, kid+ctr)
[22m[39m{"timestamp":"2026-06-20T06:22:07.396Z","level":"INFO","source":"frontend","module":"webrtc/sframe-transform","message":"encrypted frame","context":{"kid":7,"ctr":0,"byteLength":62,"codecOffset":10}}

[90mstdout[2m | apps/validator-daemon/src/canary/__tests__/publisher.test.ts[2m > [22m[2mREQ-CFA-002 CanaryPublisher.produce — DRY byte-equality with the verifier[2m > [22m[2m(a) every produced frame carries the real partial-SFrame layout (config 0x01 trailer, fixed length, kid+ctr)
[22m[39m{"timestamp":"2026-06-20T06:22:07.397Z","level":"INFO","source":"frontend","module":"webrtc/sframe-transform","message":"encrypted frame","context":{"kid":7,"ctr":1,"byteLength":62,"codecOffset":10}}

[90mstdout[2m | apps/validator-daemon/src/canary/__tests__/verify-loop.test.ts[2m > [22m[2mREQ-CFA-042 — state.relayStunLossBps is READ as the classifier stunPacketLossBps arg[2m > [22m[2ma HIGH STUN prior ABSORBS a drop that a ZERO STUN prior PROMOTES (same accumulator history)
[22m[39m{"timestamp":"2026-06-20T06:22:07.398Z","level":"INFO","source":"frontend","module":"webrtc/sframe-transform","message":"encrypted frame","context":{"kid":9,"ctr":0,"byteLength":62,"codecOffset":10}}

[90mstdout[2m | apps/validator-daemon/src/canary/__tests__/publisher.test.ts[2m > [22m[2mREQ-CFA-002 CanaryPublisher.produce — DRY byte-equality with the verifier[2m > [22m[2m(a) every produced frame carries the real partial-SFrame layout (config 0x01 trailer, fixed length, kid+ctr)
[22m[39m{"timestamp":"2026-06-20T06:22:07.399Z","level":"INFO","source":"frontend","module":"webrtc/sframe-transform","message":"encrypted frame","context":{"kid":7,"ctr":2,"byteLength":62,"codecOffset":10}}

[90mstdout[2m | apps/validator-daemon/src/canary/__tests__/verify-loop.test.ts[2m > [22m[2mREQ-CFA-042 — state.relayStunLossBps is READ as the classifier stunPacketLossBps arg[2m > [22m[2ma HIGH STUN prior ABSORBS a drop that a ZERO STUN prior PROMOTES (same accumulator history)
[22m[39m{"timestamp":"2026-06-20T06:22:07.400Z","level":"INFO","source":"frontend","module":"webrtc/sframe-transform","message":"encrypted frame","context":{"kid":9,"ctr":1,"byteLength":62,"codecOffset":10}}

[90mstdout[2m | apps/validator-daemon/src/canary/__tests__/publisher.test.ts[2m > [22m[2mREQ-CFA-002 CanaryPublisher.produce — DRY byte-equality with the verifier[2m > [22m[2m(a) every produced frame carries the real partial-SFrame layout (config 0x01 trailer, fixed length, kid+ctr)
[22m[39m{"timestamp":"2026-06-20T06:22:07.400Z","level":"INFO","source":"frontend","module":"webrtc/sframe-transform","message":"encrypted frame","context":{"kid":7,"ctr":3,"byteLength":62,"codecOffset":10}}

[90mstdout[2m | apps/validator-daemon/src/canary/__tests__/publisher.test.ts[2m > [22m[2mREQ-CFA-002 CanaryPublisher.produce — DRY byte-equality with the verifier[2m > [22m[2m(a) every produced frame carries the real partial-SFrame layout (config 0x01 trailer, fixed length, kid+ctr)
[22m[39m{"timestamp":"2026-06-20T06:22:07.402Z","level":"INFO","source":"frontend","module":"webrtc/sframe-transform","message":"encrypted frame","context":{"kid":7,"ctr":4,"byteLength":62,"codecOffset":10}}

[90mstdout[2m | apps/validator-daemon/src/canary/__tests__/verify-loop.test.ts[2m > [22m[2mREQ-CFA-042 — state.relayStunLossBps is READ as the classifier stunPacketLossBps arg[2m > [22m[2ma HIGH STUN prior ABSORBS a drop that a ZERO STUN prior PROMOTES (same accumulator history)
[22m[39m{"timestamp":"2026-06-20T06:22:07.402Z","level":"INFO","source":"frontend","module":"webrtc/sframe-transform","message":"encrypted frame","context":{"kid":9,"ctr":2,"byteLength":62,"codecOffset":10}}

[90mstdout[2m | apps/validator-daemon/src/canary/__tests__/publisher.test.ts[2m > [22m[2mREQ-CFA-002 CanaryPublisher.produce — DRY byte-equality with the verifier[2m > [22m[2m(a) every produced frame carries the real partial-SFrame layout (config 0x01 trailer, fixed length, kid+ctr)
[22m[39m{"timestamp":"2026-06-20T06:22:07.403Z","level":"INFO","source":"frontend","module":"webrtc/sframe-transform","message":"encrypted frame","context":{"kid":7,"ctr":5,"byteLength":62,"codecOffset":10}}

[90mstdout[2m | apps/validator-daemon/src/canary/__tests__/verify-loop.test.ts[2m > [22m[2mREQ-CFA-042 — state.relayStunLossBps is READ as the classifier stunPacketLossBps arg[2m > [22m[2ma HIGH STUN prior ABSORBS a drop that a ZERO STUN prior PROMOTES (same accumulator history)
[22m[39m{"timestamp":"2026-06-20T06:22:07.404Z","level":"INFO","source":"frontend","module":"webrtc/sframe-transform","message":"encrypted frame","context":{"kid":9,"ctr":3,"byteLength":62,"codecOffset":10}}

[90mstdout[2m | apps/validator-daemon/src/canary/__tests__/verify-loop.test.ts[2m > [22m[2mREQ-CFA-042 — state.relayStunLossBps is READ as the classifier stunPacketLossBps arg[2m > [22m[2ma HIGH STUN prior ABSORBS a drop that a ZERO STUN prior PROMOTES (same accumulator history)
[22m[39m{"timestamp":"2026-06-20T06:22:07.406Z","level":"INFO","source":"frontend","module":"webrtc/sframe-transform","message":"encrypted frame","context":{"kid":9,"ctr":4,"byteLength":62,"codecOffset":10}}

[90mstdout[2m | apps/validator-daemon/src/canary/__tests__/verify-loop.test.ts[2m > [22m[2mREQ-CFA-042 — state.relayStunLossBps is READ as the classifier stunPacketLossBps arg[2m > [22m[2ma HIGH STUN prior ABSORBS a drop that a ZERO STUN prior PROMOTES (same accumulator history)
[22m[39m{"timestamp":"2026-06-20T06:22:07.407Z","level":"INFO","source":"frontend","module":"webrtc/sframe-transform","message":"encrypted frame","context":{"kid":9,"ctr":5,"byteLength":62,"codecOffset":10}}

[90mstdout[2m | apps/validator-daemon/src/canary/__tests__/publisher.test.ts[2m > [22m[2mREQ-CFA-002 CanaryPublisher.produce — DRY byte-equality with the verifier[2m > [22m[2m(a) SELF-FORWARD: publisher output fed to verifyForwardedCanary ⇒ byteIdentical==mediaPackets, 0 divergences
[22m[39m{"timestamp":"2026-06-20T06:22:07.407Z","level":"INFO","source":"frontend","module":"webrtc/sframe-transform","message":"encrypted frame","context":{"kid":7,"ctr":0,"byteLength":62,"codecOffset":10}}

[90mstdout[2m | apps/validator-daemon/src/canary/__tests__/publisher.test.ts[2m > [22m[2mREQ-CFA-002 CanaryPublisher.produce — DRY byte-equality with the verifier[2m > [22m[2m(a) SELF-FORWARD: publisher output fed to verifyForwardedCanary ⇒ byteIdentical==mediaPackets, 0 divergences
[22m[39m{"timestamp":"2026-06-20T06:22:07.408Z","level":"INFO","source":"frontend","module":"webrtc/sframe-transform","message":"encrypted frame","context":{"kid":7,"ctr":1,"byteLength":62,"codecOffset":10}}

[90mstdout[2m | apps/validator-daemon/src/canary/__tests__/verify-loop.test.ts[2m > [22m[2mREQ-CFA-042 — state.relayStunLossBps is READ as the classifier stunPacketLossBps arg[2m > [22m[2ma HIGH STUN prior ABSORBS a drop that a ZERO STUN prior PROMOTES (same accumulator history)
[22m[39m{"timestamp":"2026-06-20T06:22:07.408Z","level":"INFO","source":"frontend","module":"webrtc/sframe-transform","message":"encrypted frame","context":{"kid":9,"ctr":6,"byteLength":62,"codecOffset":10}}

[90mstdout[2m | apps/validator-daemon/src/canary/__tests__/verify-loop.test.ts[2m > [22m[2mREQ-CFA-042 — state.relayStunLossBps is READ as the classifier stunPacketLossBps arg[2m > [22m[2ma HIGH STUN prior ABSORBS a drop that a ZERO STUN prior PROMOTES (same accumulator history)
[22m[39m{"timestamp":"2026-06-20T06:22:07.409Z","level":"INFO","source":"frontend","module":"webrtc/sframe-transform","message":"encrypted frame","context":{"kid":9,"ctr":7,"byteLength":62,"codecOffset":10}}

[90mstdout[2m | apps/validator-daemon/src/canary/__tests__/publisher.test.ts[2m > [22m[2mREQ-CFA-002 CanaryPublisher.produce — DRY byte-equality with the verifier[2m > [22m[2m(a) SELF-FORWARD: publisher output fed to verifyForwardedCanary ⇒ byteIdentical==mediaPackets, 0 divergences
[22m[39m{"timestamp":"2026-06-20T06:22:07.409Z","level":"INFO","source":"frontend","module":"webrtc/sframe-transform","message":"encrypted frame","context":{"kid":7,"ctr":2,"byteLength":62,"codecOffset":10}}

[90mstdout[2m | apps/validator-daemon/src/canary/__tests__/publisher.test.ts[2m > [22m[2mREQ-CFA-002 CanaryPublisher.produce — DRY byte-equality with the verifier[2m > [22m[2m(a) SELF-FORWARD: publisher output fed to verifyForwardedCanary ⇒ byteIdentical==mediaPackets, 0 divergences
[22m[39m{"timestamp":"2026-06-20T06:22:07.410Z","level":"INFO","source":"frontend","module":"webrtc/sframe-transform","message":"encrypted frame","context":{"kid":7,"ctr":3,"byteLength":62,"codecOffset":10}}

{"level":30,"time":1781936527411,"pid":3780,"hostname":"Quang","name":"canary/verifier","canaryKid":9,"mediaPackets":7,"byteIdentical":7,"divergences":1,"msg":"canary forwarding verified"}
[90mstdout[2m | apps/validator-daemon/src/canary/__tests__/publisher.test.ts[2m > [22m[2mREQ-CFA-002 CanaryPublisher.produce — DRY byte-equality with the verifier[2m > [22m[2m(a) SELF-FORWARD: publisher output fed to verifyForwardedCanary ⇒ byteIdentical==mediaPackets, 0 divergences
[22m[39m{"timestamp":"2026-06-20T06:22:07.412Z","level":"INFO","source":"frontend","module":"webrtc/sframe-transform","message":"encrypted frame","context":{"kid":7,"ctr":4,"byteLength":62,"codecOffset":10}}

[90mstdout[2m | apps/validator-daemon/src/canary/__tests__/verify-loop.test.ts[2m > [22m[2mREQ-CFA-042 — state.relayStunLossBps is READ as the classifier stunPacketLossBps arg[2m > [22m[2ma HIGH STUN prior ABSORBS a drop that a ZERO STUN prior PROMOTES (same accumulator history)
[22m[39m{"timestamp":"2026-06-20T06:22:07.414Z","level":"INFO","source":"frontend","module":"webrtc/sframe-transform","message":"encrypted frame","context":{"kid":9,"ctr":0,"byteLength":62,"codecOffset":10}}

[90mstdout[2m | apps/validator-daemon/src/canary/__tests__/publisher.test.ts[2m > [22m[2mREQ-CFA-002 CanaryPublisher.produce — DRY byte-equality with the verifier[2m > [22m[2m(a) SELF-FORWARD: publisher output fed to verifyForwardedCanary ⇒ byteIdentical==mediaPackets, 0 divergences
[22m[39m{"timestamp":"2026-06-20T06:22:07.414Z","level":"INFO","source":"frontend","module":"webrtc/sframe-transform","message":"encrypted frame","context":{"kid":7,"ctr":5,"byteLength":62,"codecOffset":10}}

[90mstdout[2m | apps/validator-daemon/src/canary/__tests__/verify-loop.test.ts[2m > [22m[2mREQ-CFA-042 — state.relayStunLossBps is READ as the classifier stunPacketLossBps arg[2m > [22m[2ma HIGH STUN prior ABSORBS a drop that a ZERO STUN prior PROMOTES (same accumulator history)
[22m[39m{"timestamp":"2026-06-20T06:22:07.415Z","level":"INFO","source":"frontend","module":"webrtc/sframe-transform","message":"encrypted frame","context":{"kid":9,"ctr":1,"byteLength":62,"codecOffset":10}}

[90mstdout[2m | apps/validator-daemon/src/canary/__tests__/publisher.test.ts[2m > [22m[2mREQ-CFA-002 CanaryPublisher.produce — DRY byte-equality with the verifier[2m > [22m[2m(a) SELF-FORWARD: publisher output fed to verifyForwardedCanary ⇒ byteIdentical==mediaPackets, 0 divergences
[22m[39m{"timestamp":"2026-06-20T06:22:07.416Z","level":"INFO","source":"frontend","module":"webrtc/sframe-transform","message":"encrypted frame","context":{"kid":7,"ctr":0,"byteLength":62,"codecOffset":10}}

[90mstdout[2m | apps/validator-daemon/src/canary/__tests__/verify-loop.test.ts[2m > [22m[2mREQ-CFA-042 — state.relayStunLossBps is READ as the classifier stunPacketLossBps arg[2m > [22m[2ma HIGH STUN prior ABSORBS a drop that a ZERO STUN prior PROMOTES (same accumulator history)
[22m[39m{"timestamp":"2026-06-20T06:22:07.417Z","level":"INFO","source":"frontend","module":"webrtc/sframe-transform","message":"encrypted frame","context":{"kid":9,"ctr":2,"byteLength":62,"codecOffset":10}}

[90mstdout[2m | apps/validator-daemon/src/canary/__tests__/verify-loop.test.ts[2m > [22m[2mREQ-CFA-042 — state.relayStunLossBps is READ as the classifier stunPacketLossBps arg[2m > [22m[2ma HIGH STUN prior ABSORBS a drop that a ZERO STUN prior PROMOTES (same accumulator history)
[22m[39m{"timestamp":"2026-06-20T06:22:07.418Z","level":"INFO","source":"frontend","module":"webrtc/sframe-transform","message":"encrypted frame","context":{"kid":9,"ctr":3,"byteLength":62,"codecOffset":10}}

 [32m✓[39m apps/validator-daemon/src/canary/__tests__/room-scope-staleness.test.ts [2m([22m[2m4 tests[22m[2m)[22m[32m 8[2mms[22m[39m
[90mstdout[2m | apps/validator-daemon/src/canary/__tests__/publisher.test.ts[2m > [22m[2mREQ-CFA-002 CanaryPublisher.produce — DRY byte-equality with the verifier[2m > [22m[2m(a) SELF-FORWARD: publisher output fed to verifyForwardedCanary ⇒ byteIdentical==mediaPackets, 0 divergences
[22m[39m{"timestamp":"2026-06-20T06:22:07.418Z","level":"INFO","source":"frontend","module":"webrtc/sframe-transform","message":"encrypted frame","context":{"kid":7,"ctr":1,"byteLength":62,"codecOffset":10}}

[90mstdout[2m | apps/validator-daemon/src/canary/__tests__/publisher.test.ts[2m > [22m[2mREQ-CFA-002 CanaryPublisher.produce — DRY byte-equality with the verifier[2m > [22m[2m(a) SELF-FORWARD: publisher output fed to verifyForwardedCanary ⇒ byteIdentical==mediaPackets, 0 divergences
[22m[39m{"timestamp":"2026-06-20T06:22:07.419Z","level":"INFO","source":"frontend","module":"webrtc/sframe-transform","message":"encrypted frame","context":{"kid":7,"ctr":2,"byteLength":62,"codecOffset":10}}

[90mstdout[2m | apps/validator-daemon/src/canary/__tests__/verify-loop.test.ts[2m > [22m[2mREQ-CFA-042 — state.relayStunLossBps is READ as the classifier stunPacketLossBps arg[2m > [22m[2ma HIGH STUN prior ABSORBS a drop that a ZERO STUN prior PROMOTES (same accumulator history)
[22m[39m{"timestamp":"2026-06-20T06:22:07.419Z","level":"INFO","source":"frontend","module":"webrtc/sframe-transform","message":"encrypted frame","context":{"kid":9,"ctr":4,"byteLength":62,"codecOffset":10}}

[90mstdout[2m | apps/validator-daemon/src/canary/__tests__/publisher.test.ts[2m > [22m[2mREQ-CFA-002 CanaryPublisher.produce — DRY byte-equality with the verifier[2m > [22m[2m(a) SELF-FORWARD: publisher output fed to verifyForwardedCanary ⇒ byteIdentical==mediaPackets, 0 divergences
[22m[39m{"timestamp":"2026-06-20T06:22:07.420Z","level":"INFO","source":"frontend","module":"webrtc/sframe-transform","message":"encrypted frame","context":{"kid":7,"ctr":3,"byteLength":62,"codecOffset":10}}

[90mstdout[2m | apps/validator-daemon/src/canary/__tests__/verify-loop.test.ts[2m > [22m[2mREQ-CFA-042 — state.relayStunLossBps is READ as the classifier stunPacketLossBps arg[2m > [22m[2ma HIGH STUN prior ABSORBS a drop that a ZERO STUN prior PROMOTES (same accumulator history)
[22m[39m{"timestamp":"2026-06-20T06:22:07.421Z","level":"INFO","source":"frontend","module":"webrtc/sframe-transform","message":"encrypted frame","context":{"kid":9,"ctr":5,"byteLength":62,"codecOffset":10}}

[90mstdout[2m | apps/validator-daemon/src/canary/__tests__/publisher.test.ts[2m > [22m[2mREQ-CFA-002 CanaryPublisher.produce — DRY byte-equality with the verifier[2m > [22m[2m(a) SELF-FORWARD: publisher output fed to verifyForwardedCanary ⇒ byteIdentical==mediaPackets, 0 divergences
[22m[39m{"timestamp":"2026-06-20T06:22:07.422Z","level":"INFO","source":"frontend","module":"webrtc/sframe-transform","message":"encrypted frame","context":{"kid":7,"ctr":4,"byteLength":62,"codecOffset":10}}

[90mstdout[2m | apps/validator-daemon/src/canary/__tests__/verify-loop.test.ts[2m > [22m[2mREQ-CFA-042 — state.relayStunLossBps is READ as the classifier stunPacketLossBps arg[2m > [22m[2ma HIGH STUN prior ABSORBS a drop that a ZERO STUN prior PROMOTES (same accumulator history)
[22m[39m{"timestamp":"2026-06-20T06:22:07.422Z","level":"INFO","source":"frontend","module":"webrtc/sframe-transform","message":"encrypted frame","context":{"kid":9,"ctr":6,"byteLength":62,"codecOffset":10}}

[90mstdout[2m | apps/validator-daemon/src/canary/__tests__/publisher.test.ts[2m > [22m[2mREQ-CFA-002 CanaryPublisher.produce — DRY byte-equality with the verifier[2m > [22m[2m(a) SELF-FORWARD: publisher output fed to verifyForwardedCanary ⇒ byteIdentical==mediaPackets, 0 divergences
[22m[39m{"timestamp":"2026-06-20T06:22:07.423Z","level":"INFO","source":"frontend","module":"webrtc/sframe-transform","message":"encrypted frame","context":{"kid":7,"ctr":5,"byteLength":62,"codecOffset":10}}

[90mstdout[2m | apps/validator-daemon/src/canary/__tests__/verify-loop.test.ts[2m > [22m[2mREQ-CFA-042 — state.relayStunLossBps is READ as the classifier stunPacketLossBps arg[2m > [22m[2ma HIGH STUN prior ABSORBS a drop that a ZERO STUN prior PROMOTES (same accumulator history)
[22m[39m{"timestamp":"2026-06-20T06:22:07.424Z","level":"INFO","source":"frontend","module":"webrtc/sframe-transform","message":"encrypted frame","context":{"kid":9,"ctr":7,"byteLength":62,"codecOffset":10}}

{"level":30,"time":1781936527424,"pid":3780,"hostname":"Quang","name":"canary/verifier","canaryKid":9,"mediaPackets":7,"byteIdentical":7,"divergences":1,"msg":"canary forwarding verified"}
{"level":30,"time":1781936527425,"pid":3780,"hostname":"Quang","name":"canary/loss-classifier","relayMinerId":"relay-under-audit","promoted":0,"absorbed":1,"tampers":0,"cumulativeCrossed":false,"msg":"canary divergences classified (drop gate / tamper p=1)"}
{"level":30,"time":1781936527425,"pid":3780,"hostname":"Quang","name":"canary/verify-loop","round":0,"relayMinerId":"relay-under-audit","roomId":"verify-loop-room","perReceiver":2,"promoted":0,"absorbed":1,"stunLossBps":"0","msg":"canary verify round classified (hermetic half — synthetic capture, STUN read live)"}
{"level":30,"time":1781936527425,"pid":29372,"hostname":"Quang","name":"canary/verifier","canaryKid":7,"mediaPackets":6,"byteIdentical":6,"divergences":0,"msg":"canary forwarding verified"}
[90mstdout[2m | apps/validator-daemon/src/canary/__tests__/verify-loop.test.ts[2m > [22m[2mREQ-CFA-042 — state.relayStunLossBps is READ as the classifier stunPacketLossBps arg[2m > [22m[2ma HIGH STUN prior ABSORBS a drop that a ZERO STUN prior PROMOTES (same accumulator history)
[22m[39m{"timestamp":"2026-06-20T06:22:07.428Z","level":"INFO","source":"frontend","module":"webrtc/sframe-transform","message":"encrypted frame","context":{"kid":9,"ctr":0,"byteLength":62,"codecOffset":10}}

[90mstdout[2m | apps/validator-daemon/src/canary/__tests__/publisher.test.ts[2m > [22m[2mREQ-CFA-002 CanaryPublisher.publish — covert no-password join + media-plane emission[2m > [22m[2m(b) joins via the NO-PASSWORD path (no roster broadcast) and emits every produced frame
[22m[39m{"timestamp":"2026-06-20T06:22:07.431Z","level":"INFO","source":"frontend","module":"webrtc/sframe-transform","message":"encrypted frame","context":{"kid":7,"ctr":0,"byteLength":62,"codecOffset":10}}

[90mstdout[2m | apps/validator-daemon/src/canary/__tests__/publisher.test.ts[2m > [22m[2mREQ-CFA-002 CanaryPublisher.publish — covert no-password join + media-plane emission[2m > [22m[2m(b) joins via the NO-PASSWORD path (no roster broadcast) and emits every produced frame
[22m[39m{"timestamp":"2026-06-20T06:22:07.432Z","level":"INFO","source":"frontend","module":"webrtc/sframe-transform","message":"encrypted frame","context":{"kid":7,"ctr":1,"byteLength":62,"codecOffset":10}}

[90mstdout[2m | apps/validator-daemon/src/canary/__tests__/verify-loop.test.ts[2m > [22m[2mREQ-CFA-042 — state.relayStunLossBps is READ as the classifier stunPacketLossBps arg[2m > [22m[2ma HIGH STUN prior ABSORBS a drop that a ZERO STUN prior PROMOTES (same accumulator history)
[22m[39m{"timestamp":"2026-06-20T06:22:07.432Z","level":"INFO","source":"frontend","module":"webrtc/sframe-transform","message":"encrypted frame","context":{"kid":9,"ctr":1,"byteLength":62,"codecOffset":10}}

[90mstdout[2m | apps/validator-daemon/src/canary/__tests__/verify-loop.test.ts[2m > [22m[2mREQ-CFA-042 — state.relayStunLossBps is READ as the classifier stunPacketLossBps arg[2m > [22m[2ma HIGH STUN prior ABSORBS a drop that a ZERO STUN prior PROMOTES (same accumulator history)
[22m[39m{"timestamp":"2026-06-20T06:22:07.436Z","level":"INFO","source":"frontend","module":"webrtc/sframe-transform","message":"encrypted frame","context":{"kid":9,"ctr":2,"byteLength":62,"codecOffset":10}}

[90mstdout[2m | apps/validator-daemon/src/canary/__tests__/publisher.test.ts[2m > [22m[2mREQ-CFA-002 CanaryPublisher.publish — covert no-password join + media-plane emission[2m > [22m[2m(b) joins via the NO-PASSWORD path (no roster broadcast) and emits every produced frame
[22m[39m{"timestamp":"2026-06-20T06:22:07.436Z","level":"INFO","source":"frontend","module":"webrtc/sframe-transform","message":"encrypted frame","context":{"kid":7,"ctr":2,"byteLength":62,"codecOffset":10}}

[90mstdout[2m | apps/validator-daemon/src/canary/__tests__/verify-loop.test.ts[2m > [22m[2mREQ-CFA-042 — state.relayStunLossBps is READ as the classifier stunPacketLossBps arg[2m > [22m[2ma HIGH STUN prior ABSORBS a drop that a ZERO STUN prior PROMOTES (same accumulator history)
[22m[39m{"timestamp":"2026-06-20T06:22:07.437Z","level":"INFO","source":"frontend","module":"webrtc/sframe-transform","message":"encrypted frame","context":{"kid":9,"ctr":3,"byteLength":62,"codecOffset":10}}

[90mstdout[2m | apps/validator-daemon/src/canary/__tests__/publisher.test.ts[2m > [22m[2mREQ-CFA-002 CanaryPublisher.publish — covert no-password join + media-plane emission[2m > [22m[2m(b) joins via the NO-PASSWORD path (no roster broadcast) and emits every produced frame
[22m[39m{"timestamp":"2026-06-20T06:22:07.453Z","level":"INFO","source":"frontend","module":"webrtc/sframe-transform","message":"encrypted frame","context":{"kid":7,"ctr":3,"byteLength":62,"codecOffset":10}}

[90mstdout[2m | apps/validator-daemon/src/canary/__tests__/verify-loop.test.ts[2m > [22m[2mREQ-CFA-042 — state.relayStunLossBps is READ as the classifier stunPacketLossBps arg[2m > [22m[2ma HIGH STUN prior ABSORBS a drop that a ZERO STUN prior PROMOTES (same accumulator history)
[22m[39m{"timestamp":"2026-06-20T06:22:07.457Z","level":"INFO","source":"frontend","module":"webrtc/sframe-transform","message":"encrypted frame","context":{"kid":9,"ctr":4,"byteLength":62,"codecOffset":10}}

[90mstdout[2m | apps/validator-daemon/src/canary/__tests__/publisher.test.ts[2m > [22m[2mREQ-CFA-002 CanaryPublisher.publish — covert no-password join + media-plane emission[2m > [22m[2m(b) joins via the NO-PASSWORD path (no roster broadcast) and emits every produced frame
[22m[39m{"timestamp":"2026-06-20T06:22:07.458Z","level":"INFO","source":"frontend","module":"webrtc/sframe-transform","message":"encrypted frame","context":{"kid":7,"ctr":4,"byteLength":62,"codecOffset":10}}

[90mstdout[2m | apps/validator-daemon/src/canary/__tests__/publisher.test.ts[2m > [22m[2mREQ-CFA-002 CanaryPublisher.publish — covert no-password join + media-plane emission[2m > [22m[2m(b) joins via the NO-PASSWORD path (no roster broadcast) and emits every produced frame
[22m[39m{"timestamp":"2026-06-20T06:22:07.460Z","level":"INFO","source":"frontend","module":"webrtc/sframe-transform","message":"encrypted frame","context":{"kid":7,"ctr":5,"byteLength":62,"codecOffset":10}}

[90mstdout[2m | apps/validator-daemon/src/canary/__tests__/verify-loop.test.ts[2m > [22m[2mREQ-CFA-042 — state.relayStunLossBps is READ as the classifier stunPacketLossBps arg[2m > [22m[2ma HIGH STUN prior ABSORBS a drop that a ZERO STUN prior PROMOTES (same accumulator history)
[22m[39m{"timestamp":"2026-06-20T06:22:07.460Z","level":"INFO","source":"frontend","module":"webrtc/sframe-transform","message":"encrypted frame","context":{"kid":9,"ctr":6,"byteLength":62,"codecOffset":10}}

{"level":30,"time":1781936527460,"pid":29372,"hostname":"Quang","name":"canary/publisher","relayHomeId":"relay-home-7","canaryKid":7,"frames":6,"msg":"covert canary stream published (no-password join, no roster broadcast)"}
[90mstdout[2m | apps/validator-daemon/src/canary/__tests__/verify-loop.test.ts[2m > [22m[2mREQ-CFA-042 — state.relayStunLossBps is READ as the classifier stunPacketLossBps arg[2m > [22m[2ma HIGH STUN prior ABSORBS a drop that a ZERO STUN prior PROMOTES (same accumulator history)
[22m[39m{"timestamp":"2026-06-20T06:22:07.462Z","level":"INFO","source":"frontend","module":"webrtc/sframe-transform","message":"encrypted frame","context":{"kid":9,"ctr":7,"byteLength":62,"codecOffset":10}}

[90mstdout[2m | apps/validator-daemon/src/canary/__tests__/publisher.test.ts[2m > [22m[2mREQ-CFA-002 CanaryPublisher.publish — covert no-password join + media-plane emission[2m > [22m[2m(b) the emitted frames verify clean against the verifier (publish ≡ produce on the wire)
[22m[39m{"timestamp":"2026-06-20T06:22:07.464Z","level":"INFO","source":"frontend","module":"webrtc/sframe-transform","message":"encrypted frame","context":{"kid":7,"ctr":0,"byteLength":62,"codecOffset":10}}

[90mstdout[2m | apps/validator-daemon/src/canary/__tests__/verify-loop.test.ts[2m > [22m[2mREQ-CFA-042 — state.relayStunLossBps is READ as the classifier stunPacketLossBps arg[2m > [22m[2ma HIGH STUN prior ABSORBS a drop that a ZERO STUN prior PROMOTES (same accumulator history)
[22m[39m{"timestamp":"2026-06-20T06:22:07.466Z","level":"INFO","source":"frontend","module":"webrtc/sframe-transform","message":"encrypted frame","context":{"kid":9,"ctr":0,"byteLength":62,"codecOffset":10}}

[90mstdout[2m | apps/validator-daemon/src/canary/__tests__/publisher.test.ts[2m > [22m[2mREQ-CFA-002 CanaryPublisher.publish — covert no-password join + media-plane emission[2m > [22m[2m(b) the emitted frames verify clean against the verifier (publish ≡ produce on the wire)
[22m[39m{"timestamp":"2026-06-20T06:22:07.474Z","level":"INFO","source":"frontend","module":"webrtc/sframe-transform","message":"encrypted frame","context":{"kid":7,"ctr":1,"byteLength":62,"codecOffset":10}}

[90mstdout[2m | apps/validator-daemon/src/canary/__tests__/verify-loop.test.ts[2m > [22m[2mREQ-CFA-042 — state.relayStunLossBps is READ as the classifier stunPacketLossBps arg[2m > [22m[2ma HIGH STUN prior ABSORBS a drop that a ZERO STUN prior PROMOTES (same accumulator history)
[22m[39m{"timestamp":"2026-06-20T06:22:07.479Z","level":"INFO","source":"frontend","module":"webrtc/sframe-transform","message":"encrypted frame","context":{"kid":9,"ctr":1,"byteLength":62,"codecOffset":10}}

[90mstdout[2m | apps/validator-daemon/src/canary/__tests__/publisher.test.ts[2m > [22m[2mREQ-CFA-002 CanaryPublisher.publish — covert no-password join + media-plane emission[2m > [22m[2m(b) the emitted frames verify clean against the verifier (publish ≡ produce on the wire)
[22m[39m{"timestamp":"2026-06-20T06:22:07.481Z","level":"INFO","source":"frontend","module":"webrtc/sframe-transform","message":"encrypted frame","context":{"kid":7,"ctr":2,"byteLength":62,"codecOffset":10}}

[90mstdout[2m | apps/validator-daemon/src/canary/__tests__/verify-loop.test.ts[2m > [22m[2mREQ-CFA-042 — state.relayStunLossBps is READ as the classifier stunPacketLossBps arg[2m > [22m[2ma HIGH STUN prior ABSORBS a drop that a ZERO STUN prior PROMOTES (same accumulator history)
[22m[39m{"timestamp":"2026-06-20T06:22:07.481Z","level":"INFO","source":"frontend","module":"webrtc/sframe-transform","message":"encrypted frame","context":{"kid":9,"ctr":2,"byteLength":62,"codecOffset":10}}

[90mstdout[2m | apps/validator-daemon/src/canary/__tests__/publisher.test.ts[2m > [22m[2mREQ-CFA-002 CanaryPublisher.publish — covert no-password join + media-plane emission[2m > [22m[2m(b) the emitted frames verify clean against the verifier (publish ≡ produce on the wire)
[22m[39m{"timestamp":"2026-06-20T06:22:07.482Z","level":"INFO","source":"frontend","module":"webrtc/sframe-transform","message":"encrypted frame","context":{"kid":7,"ctr":3,"byteLength":62,"codecOffset":10}}

[90mstdout[2m | apps/validator-daemon/src/canary/__tests__/verify-loop.test.ts[2m > [22m[2mREQ-CFA-042 — state.relayStunLossBps is READ as the classifier stunPacketLossBps arg[2m > [22m[2ma HIGH STUN prior ABSORBS a drop that a ZERO STUN prior PROMOTES (same accumulator history)
[22m[39m{"timestamp":"2026-06-20T06:22:07.482Z","level":"INFO","source":"frontend","module":"webrtc/sframe-transform","message":"encrypted frame","context":{"kid":9,"ctr":3,"byteLength":62,"codecOffset":10}}

[90mstdout[2m | apps/validator-daemon/src/canary/__tests__/publisher.test.ts[2m > [22m[2mREQ-CFA-002 CanaryPublisher.publish — covert no-password join + media-plane emission[2m > [22m[2m(b) the emitted frames verify clean against the verifier (publish ≡ produce on the wire)
[22m[39m{"timestamp":"2026-06-20T06:22:07.483Z","level":"INFO","source":"frontend","module":"webrtc/sframe-transform","message":"encrypted frame","context":{"kid":7,"ctr":4,"byteLength":62,"codecOffset":10}}

[90mstdout[2m | apps/validator-daemon/src/canary/__tests__/verify-loop.test.ts[2m > [22m[2mREQ-CFA-042 — state.relayStunLossBps is READ as the classifier stunPacketLossBps arg[2m > [22m[2ma HIGH STUN prior ABSORBS a drop that a ZERO STUN prior PROMOTES (same accumulator history)
[22m[39m{"timestamp":"2026-06-20T06:22:07.484Z","level":"INFO","source":"frontend","module":"webrtc/sframe-transform","message":"encrypted frame","context":{"kid":9,"ctr":4,"byteLength":62,"codecOffset":10}}

[90mstdout[2m | apps/validator-daemon/src/canary/__tests__/publisher.test.ts[2m > [22m[2mREQ-CFA-002 CanaryPublisher.publish — covert no-password join + media-plane emission[2m > [22m[2m(b) the emitted frames verify clean against the verifier (publish ≡ produce on the wire)
[22m[39m{"timestamp":"2026-06-20T06:22:07.485Z","level":"INFO","source":"frontend","module":"webrtc/sframe-transform","message":"encrypted frame","context":{"kid":7,"ctr":5,"byteLength":62,"codecOffset":10}}

[90mstdout[2m | apps/validator-daemon/src/canary/__tests__/verify-loop.test.ts[2m > [22m[2mREQ-CFA-042 — state.relayStunLossBps is READ as the classifier stunPacketLossBps arg[2m > [22m[2ma HIGH STUN prior ABSORBS a drop that a ZERO STUN prior PROMOTES (same accumulator history)
[22m[39m{"timestamp":"2026-06-20T06:22:07.485Z","level":"INFO","source":"frontend","module":"webrtc/sframe-transform","message":"encrypted frame","context":{"kid":9,"ctr":5,"byteLength":62,"codecOffset":10}}

{"level":30,"time":1781936527485,"pid":29372,"hostname":"Quang","name":"canary/publisher","relayHomeId":"relay-home-7","canaryKid":7,"frames":6,"msg":"covert canary stream published (no-password join, no roster broadcast)"}
[90mstdout[2m | apps/validator-daemon/src/canary/__tests__/publisher.test.ts[2m > [22m[2mREQ-CFA-002 CanaryPublisher.publish — covert no-password join + media-plane emission[2m > [22m[2m(b) the emitted frames verify clean against the verifier (publish ≡ produce on the wire)
[22m[39m{"timestamp":"2026-06-20T06:22:07.487Z","level":"INFO","source":"frontend","module":"webrtc/sframe-transform","message":"encrypted frame","context":{"kid":7,"ctr":0,"byteLength":62,"codecOffset":10}}

[90mstdout[2m | apps/validator-daemon/src/canary/__tests__/verify-loop.test.ts[2m > [22m[2mREQ-CFA-042 — state.relayStunLossBps is READ as the classifier stunPacketLossBps arg[2m > [22m[2ma HIGH STUN prior ABSORBS a drop that a ZERO STUN prior PROMOTES (same accumulator history)
[22m[39m{"timestamp":"2026-06-20T06:22:07.488Z","level":"INFO","source":"frontend","module":"webrtc/sframe-transform","message":"encrypted frame","context":{"kid":9,"ctr":6,"byteLength":62,"codecOffset":10}}

[90mstdout[2m | apps/validator-daemon/src/canary/__tests__/verify-loop.test.ts[2m > [22m[2mREQ-CFA-042 — state.relayStunLossBps is READ as the classifier stunPacketLossBps arg[2m > [22m[2ma HIGH STUN prior ABSORBS a drop that a ZERO STUN prior PROMOTES (same accumulator history)
[22m[39m{"timestamp":"2026-06-20T06:22:07.491Z","level":"INFO","source":"frontend","module":"webrtc/sframe-transform","message":"encrypted frame","context":{"kid":9,"ctr":7,"byteLength":62,"codecOffset":10}}

{"level":30,"time":1781936527492,"pid":3780,"hostname":"Quang","name":"canary/verifier","canaryKid":9,"mediaPackets":7,"byteIdentical":7,"divergences":1,"msg":"canary forwarding verified"}
[90mstdout[2m | apps/validator-daemon/src/canary/__tests__/publisher.test.ts[2m > [22m[2mREQ-CFA-002 CanaryPublisher.publish — covert no-password join + media-plane emission[2m > [22m[2m(b) the emitted frames verify clean against the verifier (publish ≡ produce on the wire)
[22m[39m{"timestamp":"2026-06-20T06:22:07.493Z","level":"INFO","source":"frontend","module":"webrtc/sframe-transform","message":"encrypted frame","context":{"kid":7,"ctr":1,"byteLength":62,"codecOffset":10}}

[90mstdout[2m | apps/validator-daemon/src/canary/__tests__/verify-loop.test.ts[2m > [22m[2mREQ-CFA-042 — state.relayStunLossBps is READ as the classifier stunPacketLossBps arg[2m > [22m[2ma HIGH STUN prior ABSORBS a drop that a ZERO STUN prior PROMOTES (same accumulator history)
[22m[39m{"timestamp":"2026-06-20T06:22:07.499Z","level":"INFO","source":"frontend","module":"webrtc/sframe-transform","message":"encrypted frame","context":{"kid":9,"ctr":0,"byteLength":62,"codecOffset":10}}

[90mstdout[2m | apps/validator-daemon/src/canary/__tests__/publisher.test.ts[2m > [22m[2mREQ-CFA-002 CanaryPublisher.publish — covert no-password join + media-plane emission[2m > [22m[2m(b) the emitted frames verify clean against the verifier (publish ≡ produce on the wire)
[22m[39m{"timestamp":"2026-06-20T06:22:07.500Z","level":"INFO","source":"frontend","module":"webrtc/sframe-transform","message":"encrypted frame","context":{"kid":7,"ctr":2,"byteLength":62,"codecOffset":10}}

[90mstdout[2m | apps/validator-daemon/src/canary/__tests__/verify-loop.test.ts[2m > [22m[2mREQ-CFA-042 — state.relayStunLossBps is READ as the classifier stunPacketLossBps arg[2m > [22m[2ma HIGH STUN prior ABSORBS a drop that a ZERO STUN prior PROMOTES (same accumulator history)
[22m[39m{"timestamp":"2026-06-20T06:22:07.503Z","level":"INFO","source":"frontend","module":"webrtc/sframe-transform","message":"encrypted frame","context":{"kid":9,"ctr":1,"byteLength":62,"codecOffset":10}}

[90mstdout[2m | apps/validator-daemon/src/canary/__tests__/publisher.test.ts[2m > [22m[2mREQ-CFA-002 CanaryPublisher.publish — covert no-password join + media-plane emission[2m > [22m[2m(b) the emitted frames verify clean against the verifier (publish ≡ produce on the wire)
[22m[39m{"timestamp":"2026-06-20T06:22:07.503Z","level":"INFO","source":"frontend","module":"webrtc/sframe-transform","message":"encrypted frame","context":{"kid":7,"ctr":3,"byteLength":62,"codecOffset":10}}

[90mstdout[2m | apps/validator-daemon/src/canary/__tests__/publisher.test.ts[2m > [22m[2mREQ-CFA-002 CanaryPublisher.publish — covert no-password join + media-plane emission[2m > [22m[2m(b) the emitted frames verify clean against the verifier (publish ≡ produce on the wire)
[22m[39m{"timestamp":"2026-06-20T06:22:07.505Z","level":"INFO","source":"frontend","module":"webrtc/sframe-transform","message":"encrypted frame","context":{"kid":7,"ctr":4,"byteLength":62,"codecOffset":10}}

[90mstdout[2m | apps/validator-daemon/src/canary/__tests__/verify-loop.test.ts[2m > [22m[2mREQ-CFA-042 — state.relayStunLossBps is READ as the classifier stunPacketLossBps arg[2m > [22m[2ma HIGH STUN prior ABSORBS a drop that a ZERO STUN prior PROMOTES (same accumulator history)
[22m[39m{"timestamp":"2026-06-20T06:22:07.506Z","level":"INFO","source":"frontend","module":"webrtc/sframe-transform","message":"encrypted frame","context":{"kid":9,"ctr":2,"byteLength":62,"codecOffset":10}}

[90mstdout[2m | apps/validator-daemon/src/canary/__tests__/publisher.test.ts[2m > [22m[2mREQ-CFA-002 CanaryPublisher.publish — covert no-password join + media-plane emission[2m > [22m[2m(b) the emitted frames verify clean against the verifier (publish ≡ produce on the wire)
[22m[39m{"timestamp":"2026-06-20T06:22:07.507Z","level":"INFO","source":"frontend","module":"webrtc/sframe-transform","message":"encrypted frame","context":{"kid":7,"ctr":5,"byteLength":62,"codecOffset":10}}

[90mstdout[2m | apps/validator-daemon/src/canary/__tests__/verify-loop.test.ts[2m > [22m[2mREQ-CFA-042 — state.relayStunLossBps is READ as the classifier stunPacketLossBps arg[2m > [22m[2ma HIGH STUN prior ABSORBS a drop that a ZERO STUN prior PROMOTES (same accumulator history)
[22m[39m{"timestamp":"2026-06-20T06:22:07.508Z","level":"INFO","source":"frontend","module":"webrtc/sframe-transform","message":"encrypted frame","context":{"kid":9,"ctr":3,"byteLength":62,"codecOffset":10}}

{"level":30,"time":1781936527508,"pid":29372,"hostname":"Quang","name":"canary/verifier","canaryKid":7,"mediaPackets":6,"byteIdentical":6,"divergences":0,"msg":"canary forwarding verified"}
[90mstdout[2m | apps/validator-daemon/src/canary/__tests__/verify-loop.test.ts[2m > [22m[2mREQ-CFA-042 — state.relayStunLossBps is READ as the classifier stunPacketLossBps arg[2m > [22m[2ma HIGH STUN prior ABSORBS a drop that a ZERO STUN prior PROMOTES (same accumulator history)
[22m[39m{"timestamp":"2026-06-20T06:22:07.510Z","level":"INFO","source":"frontend","module":"webrtc/sframe-transform","message":"encrypted frame","context":{"kid":9,"ctr":4,"byteLength":62,"codecOffset":10}}

 [32m✓[39m apps/validator-daemon/src/canary/__tests__/publisher.test.ts [2m([22m[2m5 tests[22m[2m)[22m[32m 146[2mms[22m[39m
[90mstdout[2m | apps/validator-daemon/src/canary/__tests__/verify-loop.test.ts[2m > [22m[2mREQ-CFA-042 — state.relayStunLossBps is READ as the classifier stunPacketLossBps arg[2m > [22m[2ma HIGH STUN prior ABSORBS a drop that a ZERO STUN prior PROMOTES (same accumulator history)
[22m[39m{"timestamp":"2026-06-20T06:22:07.512Z","level":"INFO","source":"frontend","module":"webrtc/sframe-transform","message":"encrypted frame","context":{"kid":9,"ctr":5,"byteLength":62,"codecOffset":10}}

[90mstdout[2m | apps/validator-daemon/src/canary/__tests__/verify-loop.test.ts[2m > [22m[2mREQ-CFA-042 — state.relayStunLossBps is READ as the classifier stunPacketLossBps arg[2m > [22m[2ma HIGH STUN prior ABSORBS a drop that a ZERO STUN prior PROMOTES (same accumulator history)
[22m[39m{"timestamp":"2026-06-20T06:22:07.515Z","level":"INFO","source":"frontend","module":"webrtc/sframe-transform","message":"encrypted frame","context":{"kid":9,"ctr":6,"byteLength":62,"codecOffset":10}}

[90mstdout[2m | apps/validator-daemon/src/canary/__tests__/verify-loop.test.ts[2m > [22m[2mREQ-CFA-042 — state.relayStunLossBps is READ as the classifier stunPacketLossBps arg[2m > [22m[2ma HIGH STUN prior ABSORBS a drop that a ZERO STUN prior PROMOTES (same accumulator history)
[22m[39m{"timestamp":"2026-06-20T06:22:07.526Z","level":"INFO","source":"frontend","module":"webrtc/sframe-transform","message":"encrypted frame","context":{"kid":9,"ctr":7,"byteLength":62,"codecOffset":10}}

{"level":30,"time":1781936527527,"pid":3780,"hostname":"Quang","name":"canary/verifier","canaryKid":9,"mediaPackets":7,"byteIdentical":7,"divergences":1,"msg":"canary forwarding verified"}
{"level":30,"time":1781936527527,"pid":3780,"hostname":"Quang","name":"canary/loss-classifier","relayMinerId":"relay-under-audit","promoted":0,"absorbed":1,"tampers":0,"cumulativeCrossed":false,"msg":"canary divergences classified (drop gate / tamper p=1)"}
{"level":30,"time":1781936527527,"pid":3780,"hostname":"Quang","name":"canary/verify-loop","round":0,"relayMinerId":"relay-under-audit","roomId":"verify-loop-room","perReceiver":2,"promoted":0,"absorbed":1,"stunLossBps":"5000","msg":"canary verify round classified (hermetic half — synthetic capture, STUN read live)"}
[90mstdout[2m | apps/validator-daemon/src/canary/__tests__/verify-loop.test.ts[2m > [22m[2mREQ-CFA-042 — state.relayStunLossBps is READ as the classifier stunPacketLossBps arg[2m > [22m[2ma HIGH STUN prior ABSORBS a drop that a ZERO STUN prior PROMOTES (same accumulator history)
[22m[39m{"timestamp":"2026-06-20T06:22:07.529Z","level":"INFO","source":"frontend","module":"webrtc/sframe-transform","message":"encrypted frame","context":{"kid":9,"ctr":0,"byteLength":62,"codecOffset":10}}

[90mstdout[2m | apps/validator-daemon/src/canary/__tests__/verify-loop.test.ts[2m > [22m[2mREQ-CFA-042 — state.relayStunLossBps is READ as the classifier stunPacketLossBps arg[2m > [22m[2ma HIGH STUN prior ABSORBS a drop that a ZERO STUN prior PROMOTES (same accumulator history)
[22m[39m{"timestamp":"2026-06-20T06:22:07.532Z","level":"INFO","source":"frontend","module":"webrtc/sframe-transform","message":"encrypted frame","context":{"kid":9,"ctr":1,"byteLength":62,"codecOffset":10}}

[90mstdout[2m | apps/validator-daemon/src/canary/__tests__/verify-loop.test.ts[2m > [22m[2mREQ-CFA-042 — state.relayStunLossBps is READ as the classifier stunPacketLossBps arg[2m > [22m[2ma HIGH STUN prior ABSORBS a drop that a ZERO STUN prior PROMOTES (same accumulator history)
[22m[39m{"timestamp":"2026-06-20T06:22:07.535Z","level":"INFO","source":"frontend","module":"webrtc/sframe-transform","message":"encrypted frame","context":{"kid":9,"ctr":2,"byteLength":62,"codecOffset":10}}

[90mstdout[2m | apps/validator-daemon/src/canary/__tests__/verify-loop.test.ts[2m > [22m[2mREQ-CFA-042 — state.relayStunLossBps is READ as the classifier stunPacketLossBps arg[2m > [22m[2ma HIGH STUN prior ABSORBS a drop that a ZERO STUN prior PROMOTES (same accumulator history)
[22m[39m{"timestamp":"2026-06-20T06:22:07.538Z","level":"INFO","source":"frontend","module":"webrtc/sframe-transform","message":"encrypted frame","context":{"kid":9,"ctr":3,"byteLength":62,"codecOffset":10}}

[90mstdout[2m | apps/validator-daemon/src/canary/__tests__/verify-loop.test.ts[2m > [22m[2mREQ-CFA-042 — state.relayStunLossBps is READ as the classifier stunPacketLossBps arg[2m > [22m[2ma HIGH STUN prior ABSORBS a drop that a ZERO STUN prior PROMOTES (same accumulator history)
[22m[39m{"timestamp":"2026-06-20T06:22:07.540Z","level":"INFO","source":"frontend","module":"webrtc/sframe-transform","message":"encrypted frame","context":{"kid":9,"ctr":4,"byteLength":62,"codecOffset":10}}

[90mstdout[2m | apps/validator-daemon/src/canary/__tests__/verify-loop.test.ts[2m > [22m[2mREQ-CFA-042 — state.relayStunLossBps is READ as the classifier stunPacketLossBps arg[2m > [22m[2ma HIGH STUN prior ABSORBS a drop that a ZERO STUN prior PROMOTES (same accumulator history)
[22m[39m{"timestamp":"2026-06-20T06:22:07.542Z","level":"INFO","source":"frontend","module":"webrtc/sframe-transform","message":"encrypted frame","context":{"kid":9,"ctr":6,"byteLength":62,"codecOffset":10}}

[90mstdout[2m | apps/validator-daemon/src/canary/__tests__/verify-loop.test.ts[2m > [22m[2mREQ-CFA-042 — state.relayStunLossBps is READ as the classifier stunPacketLossBps arg[2m > [22m[2ma HIGH STUN prior ABSORBS a drop that a ZERO STUN prior PROMOTES (same accumulator history)
[22m[39m{"timestamp":"2026-06-20T06:22:07.544Z","level":"INFO","source":"frontend","module":"webrtc/sframe-transform","message":"encrypted frame","context":{"kid":9,"ctr":7,"byteLength":62,"codecOffset":10}}

[90mstdout[2m | apps/validator-daemon/src/canary/__tests__/verify-loop.test.ts[2m > [22m[2mREQ-CFA-042 — state.relayStunLossBps is READ as the classifier stunPacketLossBps arg[2m > [22m[2ma HIGH STUN prior ABSORBS a drop that a ZERO STUN prior PROMOTES (same accumulator history)
[22m[39m{"timestamp":"2026-06-20T06:22:07.545Z","level":"INFO","source":"frontend","module":"webrtc/sframe-transform","message":"encrypted frame","context":{"kid":9,"ctr":0,"byteLength":62,"codecOffset":10}}

[90mstdout[2m | apps/validator-daemon/src/canary/__tests__/verify-loop.test.ts[2m > [22m[2mREQ-CFA-042 — state.relayStunLossBps is READ as the classifier stunPacketLossBps arg[2m > [22m[2ma HIGH STUN prior ABSORBS a drop that a ZERO STUN prior PROMOTES (same accumulator history)
[22m[39m{"timestamp":"2026-06-20T06:22:07.546Z","level":"INFO","source":"frontend","module":"webrtc/sframe-transform","message":"encrypted frame","context":{"kid":9,"ctr":1,"byteLength":62,"codecOffset":10}}

[90mstdout[2m | apps/validator-daemon/src/canary/__tests__/verify-loop.test.ts[2m > [22m[2mREQ-CFA-042 — state.relayStunLossBps is READ as the classifier stunPacketLossBps arg[2m > [22m[2ma HIGH STUN prior ABSORBS a drop that a ZERO STUN prior PROMOTES (same accumulator history)
[22m[39m{"timestamp":"2026-06-20T06:22:07.547Z","level":"INFO","source":"frontend","module":"webrtc/sframe-transform","message":"encrypted frame","context":{"kid":9,"ctr":2,"byteLength":62,"codecOffset":10}}

[90mstdout[2m | apps/validator-daemon/src/canary/__tests__/verify-loop.test.ts[2m > [22m[2mREQ-CFA-042 — state.relayStunLossBps is READ as the classifier stunPacketLossBps arg[2m > [22m[2ma HIGH STUN prior ABSORBS a drop that a ZERO STUN prior PROMOTES (same accumulator history)
[22m[39m{"timestamp":"2026-06-20T06:22:07.548Z","level":"INFO","source":"frontend","module":"webrtc/sframe-transform","message":"encrypted frame","context":{"kid":9,"ctr":3,"byteLength":62,"codecOffset":10}}

[90mstdout[2m | apps/validator-daemon/src/canary/__tests__/verify-loop.test.ts[2m > [22m[2mREQ-CFA-042 — state.relayStunLossBps is READ as the classifier stunPacketLossBps arg[2m > [22m[2ma HIGH STUN prior ABSORBS a drop that a ZERO STUN prior PROMOTES (same accumulator history)
[22m[39m{"timestamp":"2026-06-20T06:22:07.550Z","level":"INFO","source":"frontend","module":"webrtc/sframe-transform","message":"encrypted frame","context":{"kid":9,"ctr":4,"byteLength":62,"codecOffset":10}}

[90mstdout[2m | apps/validator-daemon/src/canary/__tests__/verify-loop.test.ts[2m > [22m[2mREQ-CFA-042 — state.relayStunLossBps is READ as the classifier stunPacketLossBps arg[2m > [22m[2ma HIGH STUN prior ABSORBS a drop that a ZERO STUN prior PROMOTES (same accumulator history)
[22m[39m{"timestamp":"2026-06-20T06:22:07.551Z","level":"INFO","source":"frontend","module":"webrtc/sframe-transform","message":"encrypted frame","context":{"kid":9,"ctr":5,"byteLength":62,"codecOffset":10}}

[90mstdout[2m | apps/validator-daemon/src/canary/__tests__/verify-loop.test.ts[2m > [22m[2mREQ-CFA-042 — state.relayStunLossBps is READ as the classifier stunPacketLossBps arg[2m > [22m[2ma HIGH STUN prior ABSORBS a drop that a ZERO STUN prior PROMOTES (same accumulator history)
[22m[39m{"timestamp":"2026-06-20T06:22:07.553Z","level":"INFO","source":"frontend","module":"webrtc/sframe-transform","message":"encrypted frame","context":{"kid":9,"ctr":6,"byteLength":62,"codecOffset":10}}

[90mstdout[2m | apps/validator-daemon/src/canary/__tests__/verify-loop.test.ts[2m > [22m[2mREQ-CFA-042 — state.relayStunLossBps is READ as the classifier stunPacketLossBps arg[2m > [22m[2ma HIGH STUN prior ABSORBS a drop that a ZERO STUN prior PROMOTES (same accumulator history)
[22m[39m{"timestamp":"2026-06-20T06:22:07.556Z","level":"INFO","source":"frontend","module":"webrtc/sframe-transform","message":"encrypted frame","context":{"kid":9,"ctr":7,"byteLength":62,"codecOffset":10}}

{"level":30,"time":1781936527559,"pid":3780,"hostname":"Quang","name":"canary/verifier","canaryKid":9,"mediaPackets":7,"byteIdentical":7,"divergences":1,"msg":"canary forwarding verified"}
[90mstdout[2m | apps/validator-daemon/src/canary/__tests__/verify-loop.test.ts[2m > [22m[2mREQ-CFA-042 — state.relayStunLossBps is READ as the classifier stunPacketLossBps arg[2m > [22m[2ma HIGH STUN prior ABSORBS a drop that a ZERO STUN prior PROMOTES (same accumulator history)
[22m[39m{"timestamp":"2026-06-20T06:22:07.560Z","level":"INFO","source":"frontend","module":"webrtc/sframe-transform","message":"encrypted frame","context":{"kid":9,"ctr":0,"byteLength":62,"codecOffset":10}}

[90mstdout[2m | apps/validator-daemon/src/canary/__tests__/verify-loop.test.ts[2m > [22m[2mREQ-CFA-042 — state.relayStunLossBps is READ as the classifier stunPacketLossBps arg[2m > [22m[2ma HIGH STUN prior ABSORBS a drop that a ZERO STUN prior PROMOTES (same accumulator history)
[22m[39m{"timestamp":"2026-06-20T06:22:07.561Z","level":"INFO","source":"frontend","module":"webrtc/sframe-transform","message":"encrypted frame","context":{"kid":9,"ctr":1,"byteLength":62,"codecOffset":10}}

[90mstdout[2m | apps/validator-daemon/src/canary/__tests__/verify-loop.test.ts[2m > [22m[2mREQ-CFA-042 — state.relayStunLossBps is READ as the classifier stunPacketLossBps arg[2m > [22m[2ma HIGH STUN prior ABSORBS a drop that a ZERO STUN prior PROMOTES (same accumulator history)
[22m[39m{"timestamp":"2026-06-20T06:22:07.562Z","level":"INFO","source":"frontend","module":"webrtc/sframe-transform","message":"encrypted frame","context":{"kid":9,"ctr":2,"byteLength":62,"codecOffset":10}}

[90mstdout[2m | apps/validator-daemon/src/canary/__tests__/verify-loop.test.ts[2m > [22m[2mREQ-CFA-042 — state.relayStunLossBps is READ as the classifier stunPacketLossBps arg[2m > [22m[2ma HIGH STUN prior ABSORBS a drop that a ZERO STUN prior PROMOTES (same accumulator history)
[22m[39m{"timestamp":"2026-06-20T06:22:07.563Z","level":"INFO","source":"frontend","module":"webrtc/sframe-transform","message":"encrypted frame","context":{"kid":9,"ctr":3,"byteLength":62,"codecOffset":10}}

[90mstdout[2m | apps/validator-daemon/src/canary/__tests__/verify-loop.test.ts[2m > [22m[2mREQ-CFA-042 — state.relayStunLossBps is READ as the classifier stunPacketLossBps arg[2m > [22m[2ma HIGH STUN prior ABSORBS a drop that a ZERO STUN prior PROMOTES (same accumulator history)
[22m[39m{"timestamp":"2026-06-20T06:22:07.564Z","level":"INFO","source":"frontend","module":"webrtc/sframe-transform","message":"encrypted frame","context":{"kid":9,"ctr":4,"byteLength":62,"codecOffset":10}}

[90mstdout[2m | apps/validator-daemon/src/canary/__tests__/verify-loop.test.ts[2m > [22m[2mREQ-CFA-042 — state.relayStunLossBps is READ as the classifier stunPacketLossBps arg[2m > [22m[2ma HIGH STUN prior ABSORBS a drop that a ZERO STUN prior PROMOTES (same accumulator history)
[22m[39m{"timestamp":"2026-06-20T06:22:07.566Z","level":"INFO","source":"frontend","module":"webrtc/sframe-transform","message":"encrypted frame","context":{"kid":9,"ctr":5,"byteLength":62,"codecOffset":10}}

[90mstdout[2m | apps/validator-daemon/src/canary/__tests__/verify-loop.test.ts[2m > [22m[2mREQ-CFA-042 — state.relayStunLossBps is READ as the classifier stunPacketLossBps arg[2m > [22m[2ma HIGH STUN prior ABSORBS a drop that a ZERO STUN prior PROMOTES (same accumulator history)
[22m[39m{"timestamp":"2026-06-20T06:22:07.568Z","level":"INFO","source":"frontend","module":"webrtc/sframe-transform","message":"encrypted frame","context":{"kid":9,"ctr":6,"byteLength":62,"codecOffset":10}}

[90mstdout[2m | apps/validator-daemon/src/canary/__tests__/verify-loop.test.ts[2m > [22m[2mREQ-CFA-042 — state.relayStunLossBps is READ as the classifier stunPacketLossBps arg[2m > [22m[2ma HIGH STUN prior ABSORBS a drop that a ZERO STUN prior PROMOTES (same accumulator history)
[22m[39m{"timestamp":"2026-06-20T06:22:07.569Z","level":"INFO","source":"frontend","module":"webrtc/sframe-transform","message":"encrypted frame","context":{"kid":9,"ctr":7,"byteLength":62,"codecOffset":10}}

{"level":30,"time":1781936527570,"pid":3780,"hostname":"Quang","name":"canary/verifier","canaryKid":9,"mediaPackets":7,"byteIdentical":7,"divergences":1,"msg":"canary forwarding verified"}
{"level":30,"time":1781936527570,"pid":3780,"hostname":"Quang","name":"canary/loss-classifier","relayMinerId":"relay-under-audit","promoted":0,"absorbed":1,"tampers":0,"cumulativeCrossed":false,"msg":"canary divergences classified (drop gate / tamper p=1)"}
{"level":30,"time":1781936527570,"pid":3780,"hostname":"Quang","name":"canary/verify-loop","round":1,"relayMinerId":"relay-under-audit","roomId":"verify-loop-room","perReceiver":2,"promoted":0,"absorbed":1,"stunLossBps":"0","msg":"canary verify round classified (hermetic half — synthetic capture, STUN read live)"}
[90mstdout[2m | apps/validator-daemon/src/canary/__tests__/verify-loop.test.ts[2m > [22m[2mREQ-CFA-042 — state.relayStunLossBps is READ as the classifier stunPacketLossBps arg[2m > [22m[2ma HIGH STUN prior ABSORBS a drop that a ZERO STUN prior PROMOTES (same accumulator history)
[22m[39m{"timestamp":"2026-06-20T06:22:07.572Z","level":"INFO","source":"frontend","module":"webrtc/sframe-transform","message":"encrypted frame","context":{"kid":9,"ctr":0,"byteLength":62,"codecOffset":10}}

[90mstdout[2m | apps/validator-daemon/src/canary/__tests__/verify-loop.test.ts[2m > [22m[2mREQ-CFA-042 — state.relayStunLossBps is READ as the classifier stunPacketLossBps arg[2m > [22m[2ma HIGH STUN prior ABSORBS a drop that a ZERO STUN prior PROMOTES (same accumulator history)
[22m[39m{"timestamp":"2026-06-20T06:22:07.573Z","level":"INFO","source":"frontend","module":"webrtc/sframe-transform","message":"encrypted frame","context":{"kid":9,"ctr":1,"byteLength":62,"codecOffset":10}}

[90mstdout[2m | apps/validator-daemon/src/canary/__tests__/verify-loop.test.ts[2m > [22m[2mREQ-CFA-042 — state.relayStunLossBps is READ as the classifier stunPacketLossBps arg[2m > [22m[2ma HIGH STUN prior ABSORBS a drop that a ZERO STUN prior PROMOTES (same accumulator history)
[22m[39m{"timestamp":"2026-06-20T06:22:07.574Z","level":"INFO","source":"frontend","module":"webrtc/sframe-transform","message":"encrypted frame","context":{"kid":9,"ctr":2,"byteLength":62,"codecOffset":10}}

[90mstdout[2m | apps/validator-daemon/src/canary/__tests__/verify-loop.test.ts[2m > [22m[2mREQ-CFA-042 — state.relayStunLossBps is READ as the classifier stunPacketLossBps arg[2m > [22m[2ma HIGH STUN prior ABSORBS a drop that a ZERO STUN prior PROMOTES (same accumulator history)
[22m[39m{"timestamp":"2026-06-20T06:22:07.576Z","level":"INFO","source":"frontend","module":"webrtc/sframe-transform","message":"encrypted frame","context":{"kid":9,"ctr":3,"byteLength":62,"codecOffset":10}}

[90mstdout[2m | apps/validator-daemon/src/canary/__tests__/verify-loop.test.ts[2m > [22m[2mREQ-CFA-042 — state.relayStunLossBps is READ as the classifier stunPacketLossBps arg[2m > [22m[2ma HIGH STUN prior ABSORBS a drop that a ZERO STUN prior PROMOTES (same accumulator history)
[22m[39m{"timestamp":"2026-06-20T06:22:07.577Z","level":"INFO","source":"frontend","module":"webrtc/sframe-transform","message":"encrypted frame","context":{"kid":9,"ctr":4,"byteLength":62,"codecOffset":10}}

[90mstdout[2m | apps/validator-daemon/src/canary/__tests__/verify-loop.test.ts[2m > [22m[2mREQ-CFA-042 — state.relayStunLossBps is READ as the classifier stunPacketLossBps arg[2m > [22m[2ma HIGH STUN prior ABSORBS a drop that a ZERO STUN prior PROMOTES (same accumulator history)
[22m[39m{"timestamp":"2026-06-20T06:22:07.578Z","level":"INFO","source":"frontend","module":"webrtc/sframe-transform","message":"encrypted frame","context":{"kid":9,"ctr":6,"byteLength":62,"codecOffset":10}}

[90mstdout[2m | apps/validator-daemon/src/canary/__tests__/verify-loop.test.ts[2m > [22m[2mREQ-CFA-042 — state.relayStunLossBps is READ as the classifier stunPacketLossBps arg[2m > [22m[2ma HIGH STUN prior ABSORBS a drop that a ZERO STUN prior PROMOTES (same accumulator history)
[22m[39m{"timestamp":"2026-06-20T06:22:07.579Z","level":"INFO","source":"frontend","module":"webrtc/sframe-transform","message":"encrypted frame","context":{"kid":9,"ctr":7,"byteLength":62,"codecOffset":10}}

[90mstdout[2m | apps/validator-daemon/src/canary/__tests__/verify-loop.test.ts[2m > [22m[2mREQ-CFA-042 — state.relayStunLossBps is READ as the classifier stunPacketLossBps arg[2m > [22m[2ma HIGH STUN prior ABSORBS a drop that a ZERO STUN prior PROMOTES (same accumulator history)
[22m[39m{"timestamp":"2026-06-20T06:22:07.580Z","level":"INFO","source":"frontend","module":"webrtc/sframe-transform","message":"encrypted frame","context":{"kid":9,"ctr":0,"byteLength":62,"codecOffset":10}}

[90mstdout[2m | apps/validator-daemon/src/canary/__tests__/verify-loop.test.ts[2m > [22m[2mREQ-CFA-042 — state.relayStunLossBps is READ as the classifier stunPacketLossBps arg[2m > [22m[2ma HIGH STUN prior ABSORBS a drop that a ZERO STUN prior PROMOTES (same accumulator history)
[22m[39m{"timestamp":"2026-06-20T06:22:07.583Z","level":"INFO","source":"frontend","module":"webrtc/sframe-transform","message":"encrypted frame","context":{"kid":9,"ctr":1,"byteLength":62,"codecOffset":10}}

[90mstdout[2m | apps/validator-daemon/src/canary/__tests__/verify-loop.test.ts[2m > [22m[2mREQ-CFA-042 — state.relayStunLossBps is READ as the classifier stunPacketLossBps arg[2m > [22m[2ma HIGH STUN prior ABSORBS a drop that a ZERO STUN prior PROMOTES (same accumulator history)
[22m[39m{"timestamp":"2026-06-20T06:22:07.584Z","level":"INFO","source":"frontend","module":"webrtc/sframe-transform","message":"encrypted frame","context":{"kid":9,"ctr":2,"byteLength":62,"codecOffset":10}}

[90mstdout[2m | apps/validator-daemon/src/canary/__tests__/verify-loop.test.ts[2m > [22m[2mREQ-CFA-042 — state.relayStunLossBps is READ as the classifier stunPacketLossBps arg[2m > [22m[2ma HIGH STUN prior ABSORBS a drop that a ZERO STUN prior PROMOTES (same accumulator history)
[22m[39m{"timestamp":"2026-06-20T06:22:07.586Z","level":"INFO","source":"frontend","module":"webrtc/sframe-transform","message":"encrypted frame","context":{"kid":9,"ctr":3,"byteLength":62,"codecOffset":10}}

[90mstdout[2m | apps/validator-daemon/src/canary/__tests__/verify-loop.test.ts[2m > [22m[2mREQ-CFA-042 — state.relayStunLossBps is READ as the classifier stunPacketLossBps arg[2m > [22m[2ma HIGH STUN prior ABSORBS a drop that a ZERO STUN prior PROMOTES (same accumulator history)
[22m[39m{"timestamp":"2026-06-20T06:22:07.591Z","level":"INFO","source":"frontend","module":"webrtc/sframe-transform","message":"encrypted frame","context":{"kid":9,"ctr":4,"byteLength":62,"codecOffset":10}}

[90mstdout[2m | apps/validator-daemon/src/canary/__tests__/verify-loop.test.ts[2m > [22m[2mREQ-CFA-042 — state.relayStunLossBps is READ as the classifier stunPacketLossBps arg[2m > [22m[2ma HIGH STUN prior ABSORBS a drop that a ZERO STUN prior PROMOTES (same accumulator history)
[22m[39m{"timestamp":"2026-06-20T06:22:07.593Z","level":"INFO","source":"frontend","module":"webrtc/sframe-transform","message":"encrypted frame","context":{"kid":9,"ctr":5,"byteLength":62,"codecOffset":10}}

[90mstdout[2m | apps/validator-daemon/src/canary/__tests__/verify-loop.test.ts[2m > [22m[2mREQ-CFA-042 — state.relayStunLossBps is READ as the classifier stunPacketLossBps arg[2m > [22m[2ma HIGH STUN prior ABSORBS a drop that a ZERO STUN prior PROMOTES (same accumulator history)
[22m[39m{"timestamp":"2026-06-20T06:22:07.595Z","level":"INFO","source":"frontend","module":"webrtc/sframe-transform","message":"encrypted frame","context":{"kid":9,"ctr":6,"byteLength":62,"codecOffset":10}}

[90mstdout[2m | apps/validator-daemon/src/canary/__tests__/verify-loop.test.ts[2m > [22m[2mREQ-CFA-042 — state.relayStunLossBps is READ as the classifier stunPacketLossBps arg[2m > [22m[2ma HIGH STUN prior ABSORBS a drop that a ZERO STUN prior PROMOTES (same accumulator history)
[22m[39m{"timestamp":"2026-06-20T06:22:07.596Z","level":"INFO","source":"frontend","module":"webrtc/sframe-transform","message":"encrypted frame","context":{"kid":9,"ctr":7,"byteLength":62,"codecOffset":10}}

{"level":30,"time":1781936527597,"pid":3780,"hostname":"Quang","name":"canary/verifier","canaryKid":9,"mediaPackets":7,"byteIdentical":7,"divergences":1,"msg":"canary forwarding verified"}
[90mstdout[2m | apps/validator-daemon/src/canary/__tests__/verify-loop.test.ts[2m > [22m[2mREQ-CFA-042 — state.relayStunLossBps is READ as the classifier stunPacketLossBps arg[2m > [22m[2ma HIGH STUN prior ABSORBS a drop that a ZERO STUN prior PROMOTES (same accumulator history)
[22m[39m{"timestamp":"2026-06-20T06:22:07.598Z","level":"INFO","source":"frontend","module":"webrtc/sframe-transform","message":"encrypted frame","context":{"kid":9,"ctr":0,"byteLength":62,"codecOffset":10}}

[90mstdout[2m | apps/validator-daemon/src/canary/__tests__/verify-loop.test.ts[2m > [22m[2mREQ-CFA-042 — state.relayStunLossBps is READ as the classifier stunPacketLossBps arg[2m > [22m[2ma HIGH STUN prior ABSORBS a drop that a ZERO STUN prior PROMOTES (same accumulator history)
[22m[39m{"timestamp":"2026-06-20T06:22:07.599Z","level":"INFO","source":"frontend","module":"webrtc/sframe-transform","message":"encrypted frame","context":{"kid":9,"ctr":1,"byteLength":62,"codecOffset":10}}

[90mstdout[2m | apps/validator-daemon/src/canary/__tests__/verify-loop.test.ts[2m > [22m[2mREQ-CFA-042 — state.relayStunLossBps is READ as the classifier stunPacketLossBps arg[2m > [22m[2ma HIGH STUN prior ABSORBS a drop that a ZERO STUN prior PROMOTES (same accumulator history)
[22m[39m{"timestamp":"2026-06-20T06:22:07.601Z","level":"INFO","source":"frontend","module":"webrtc/sframe-transform","message":"encrypted frame","context":{"kid":9,"ctr":2,"byteLength":62,"codecOffset":10}}

[90mstdout[2m | apps/validator-daemon/src/canary/__tests__/verify-loop.test.ts[2m > [22m[2mREQ-CFA-042 — state.relayStunLossBps is READ as the classifier stunPacketLossBps arg[2m > [22m[2ma HIGH STUN prior ABSORBS a drop that a ZERO STUN prior PROMOTES (same accumulator history)
[22m[39m{"timestamp":"2026-06-20T06:22:07.603Z","level":"INFO","source":"frontend","module":"webrtc/sframe-transform","message":"encrypted frame","context":{"kid":9,"ctr":3,"byteLength":62,"codecOffset":10}}

[90mstdout[2m | apps/validator-daemon/src/canary/__tests__/verify-loop.test.ts[2m > [22m[2mREQ-CFA-042 — state.relayStunLossBps is READ as the classifier stunPacketLossBps arg[2m > [22m[2ma HIGH STUN prior ABSORBS a drop that a ZERO STUN prior PROMOTES (same accumulator history)
[22m[39m{"timestamp":"2026-06-20T06:22:07.605Z","level":"INFO","source":"frontend","module":"webrtc/sframe-transform","message":"encrypted frame","context":{"kid":9,"ctr":4,"byteLength":62,"codecOffset":10}}

[90mstdout[2m | apps/validator-daemon/src/canary/__tests__/verify-loop.test.ts[2m > [22m[2mREQ-CFA-042 — state.relayStunLossBps is READ as the classifier stunPacketLossBps arg[2m > [22m[2ma HIGH STUN prior ABSORBS a drop that a ZERO STUN prior PROMOTES (same accumulator history)
[22m[39m{"timestamp":"2026-06-20T06:22:07.606Z","level":"INFO","source":"frontend","module":"webrtc/sframe-transform","message":"encrypted frame","context":{"kid":9,"ctr":5,"byteLength":62,"codecOffset":10}}

[90mstdout[2m | apps/validator-daemon/src/canary/__tests__/verify-loop.test.ts[2m > [22m[2mREQ-CFA-042 — state.relayStunLossBps is READ as the classifier stunPacketLossBps arg[2m > [22m[2ma HIGH STUN prior ABSORBS a drop that a ZERO STUN prior PROMOTES (same accumulator history)
[22m[39m{"timestamp":"2026-06-20T06:22:07.607Z","level":"INFO","source":"frontend","module":"webrtc/sframe-transform","message":"encrypted frame","context":{"kid":9,"ctr":6,"byteLength":62,"codecOffset":10}}

[90mstdout[2m | apps/validator-daemon/src/canary/__tests__/verify-loop.test.ts[2m > [22m[2mREQ-CFA-042 — state.relayStunLossBps is READ as the classifier stunPacketLossBps arg[2m > [22m[2ma HIGH STUN prior ABSORBS a drop that a ZERO STUN prior PROMOTES (same accumulator history)
[22m[39m{"timestamp":"2026-06-20T06:22:07.609Z","level":"INFO","source":"frontend","module":"webrtc/sframe-transform","message":"encrypted frame","context":{"kid":9,"ctr":7,"byteLength":62,"codecOffset":10}}

{"level":30,"time":1781936527610,"pid":3780,"hostname":"Quang","name":"canary/verifier","canaryKid":9,"mediaPackets":7,"byteIdentical":7,"divergences":1,"msg":"canary forwarding verified"}
{"level":30,"time":1781936527610,"pid":3780,"hostname":"Quang","name":"canary/loss-classifier","relayMinerId":"relay-under-audit","promoted":0,"absorbed":1,"tampers":0,"cumulativeCrossed":false,"msg":"canary divergences classified (drop gate / tamper p=1)"}
{"level":30,"time":1781936527610,"pid":3780,"hostname":"Quang","name":"canary/verify-loop","round":1,"relayMinerId":"relay-under-audit","roomId":"verify-loop-room","perReceiver":2,"promoted":0,"absorbed":1,"stunLossBps":"5000","msg":"canary verify round classified (hermetic half — synthetic capture, STUN read live)"}
[90mstdout[2m | apps/validator-daemon/src/canary/__tests__/verify-loop.test.ts[2m > [22m[2mREQ-CFA-042 — state.relayStunLossBps is READ as the classifier stunPacketLossBps arg[2m > [22m[2ma HIGH STUN prior ABSORBS a drop that a ZERO STUN prior PROMOTES (same accumulator history)
[22m[39m{"timestamp":"2026-06-20T06:22:07.612Z","level":"INFO","source":"frontend","module":"webrtc/sframe-transform","message":"encrypted frame","context":{"kid":9,"ctr":0,"byteLength":62,"codecOffset":10}}

[90mstdout[2m | apps/validator-daemon/src/canary/__tests__/verify-loop.test.ts[2m > [22m[2mREQ-CFA-042 — state.relayStunLossBps is READ as the classifier stunPacketLossBps arg[2m > [22m[2ma HIGH STUN prior ABSORBS a drop that a ZERO STUN prior PROMOTES (same accumulator history)
[22m[39m{"timestamp":"2026-06-20T06:22:07.613Z","level":"INFO","source":"frontend","module":"webrtc/sframe-transform","message":"encrypted frame","context":{"kid":9,"ctr":1,"byteLength":62,"codecOffset":10}}

[90mstdout[2m | apps/validator-daemon/src/canary/__tests__/verify-loop.test.ts[2m > [22m[2mREQ-CFA-042 — state.relayStunLossBps is READ as the classifier stunPacketLossBps arg[2m > [22m[2ma HIGH STUN prior ABSORBS a drop that a ZERO STUN prior PROMOTES (same accumulator history)
[22m[39m{"timestamp":"2026-06-20T06:22:07.614Z","level":"INFO","source":"frontend","module":"webrtc/sframe-transform","message":"encrypted frame","context":{"kid":9,"ctr":2,"byteLength":62,"codecOffset":10}}

[90mstdout[2m | apps/validator-daemon/src/canary/__tests__/verify-loop.test.ts[2m > [22m[2mREQ-CFA-042 — state.relayStunLossBps is READ as the classifier stunPacketLossBps arg[2m > [22m[2ma HIGH STUN prior ABSORBS a drop that a ZERO STUN prior PROMOTES (same accumulator history)
[22m[39m{"timestamp":"2026-06-20T06:22:07.615Z","level":"INFO","source":"frontend","module":"webrtc/sframe-transform","message":"encrypted frame","context":{"kid":9,"ctr":3,"byteLength":62,"codecOffset":10}}

[90mstdout[2m | apps/validator-daemon/src/canary/__tests__/verify-loop.test.ts[2m > [22m[2mREQ-CFA-042 — state.relayStunLossBps is READ as the classifier stunPacketLossBps arg[2m > [22m[2ma HIGH STUN prior ABSORBS a drop that a ZERO STUN prior PROMOTES (same accumulator history)
[22m[39m{"timestamp":"2026-06-20T06:22:07.616Z","level":"INFO","source":"frontend","module":"webrtc/sframe-transform","message":"encrypted frame","context":{"kid":9,"ctr":4,"byteLength":62,"codecOffset":10}}

[90mstdout[2m | apps/validator-daemon/src/canary/__tests__/verify-loop.test.ts[2m > [22m[2mREQ-CFA-042 — state.relayStunLossBps is READ as the classifier stunPacketLossBps arg[2m > [22m[2ma HIGH STUN prior ABSORBS a drop that a ZERO STUN prior PROMOTES (same accumulator history)
[22m[39m{"timestamp":"2026-06-20T06:22:07.623Z","level":"INFO","source":"frontend","module":"webrtc/sframe-transform","message":"encrypted frame","context":{"kid":9,"ctr":6,"byteLength":62,"codecOffset":10}}

[90mstdout[2m | apps/validator-daemon/src/canary/__tests__/verify-loop.test.ts[2m > [22m[2mREQ-CFA-042 — state.relayStunLossBps is READ as the classifier stunPacketLossBps arg[2m > [22m[2ma HIGH STUN prior ABSORBS a drop that a ZERO STUN prior PROMOTES (same accumulator history)
[22m[39m{"timestamp":"2026-06-20T06:22:07.630Z","level":"INFO","source":"frontend","module":"webrtc/sframe-transform","message":"encrypted frame","context":{"kid":9,"ctr":7,"byteLength":62,"codecOffset":10}}

[90mstdout[2m | apps/validator-daemon/src/canary/__tests__/verify-loop.test.ts[2m > [22m[2mREQ-CFA-042 — state.relayStunLossBps is READ as the classifier stunPacketLossBps arg[2m > [22m[2ma HIGH STUN prior ABSORBS a drop that a ZERO STUN prior PROMOTES (same accumulator history)
[22m[39m{"timestamp":"2026-06-20T06:22:07.632Z","level":"INFO","source":"frontend","module":"webrtc/sframe-transform","message":"encrypted frame","context":{"kid":9,"ctr":0,"byteLength":62,"codecOffset":10}}

[90mstdout[2m | apps/validator-daemon/src/canary/__tests__/verify-loop.test.ts[2m > [22m[2mREQ-CFA-042 — state.relayStunLossBps is READ as the classifier stunPacketLossBps arg[2m > [22m[2ma HIGH STUN prior ABSORBS a drop that a ZERO STUN prior PROMOTES (same accumulator history)
[22m[39m{"timestamp":"2026-06-20T06:22:07.634Z","level":"INFO","source":"frontend","module":"webrtc/sframe-transform","message":"encrypted frame","context":{"kid":9,"ctr":1,"byteLength":62,"codecOffset":10}}

[90mstdout[2m | apps/validator-daemon/src/canary/__tests__/verify-loop.test.ts[2m > [22m[2mREQ-CFA-042 — state.relayStunLossBps is READ as the classifier stunPacketLossBps arg[2m > [22m[2ma HIGH STUN prior ABSORBS a drop that a ZERO STUN prior PROMOTES (same accumulator history)
[22m[39m{"timestamp":"2026-06-20T06:22:07.637Z","level":"INFO","source":"frontend","module":"webrtc/sframe-transform","message":"encrypted frame","context":{"kid":9,"ctr":2,"byteLength":62,"codecOffset":10}}

[90mstdout[2m | apps/validator-daemon/src/canary/__tests__/verify-loop.test.ts[2m > [22m[2mREQ-CFA-042 — state.relayStunLossBps is READ as the classifier stunPacketLossBps arg[2m > [22m[2ma HIGH STUN prior ABSORBS a drop that a ZERO STUN prior PROMOTES (same accumulator history)
[22m[39m{"timestamp":"2026-06-20T06:22:07.639Z","level":"INFO","source":"frontend","module":"webrtc/sframe-transform","message":"encrypted frame","context":{"kid":9,"ctr":3,"byteLength":62,"codecOffset":10}}

[90mstdout[2m | apps/validator-daemon/src/canary/__tests__/verify-loop.test.ts[2m > [22m[2mREQ-CFA-042 — state.relayStunLossBps is READ as the classifier stunPacketLossBps arg[2m > [22m[2ma HIGH STUN prior ABSORBS a drop that a ZERO STUN prior PROMOTES (same accumulator history)
[22m[39m{"timestamp":"2026-06-20T06:22:07.652Z","level":"INFO","source":"frontend","module":"webrtc/sframe-transform","message":"encrypted frame","context":{"kid":9,"ctr":4,"byteLength":62,"codecOffset":10}}

[90mstdout[2m | apps/validator-daemon/src/canary/__tests__/verify-loop.test.ts[2m > [22m[2mREQ-CFA-042 — state.relayStunLossBps is READ as the classifier stunPacketLossBps arg[2m > [22m[2ma HIGH STUN prior ABSORBS a drop that a ZERO STUN prior PROMOTES (same accumulator history)
[22m[39m{"timestamp":"2026-06-20T06:22:07.653Z","level":"INFO","source":"frontend","module":"webrtc/sframe-transform","message":"encrypted frame","context":{"kid":9,"ctr":5,"byteLength":62,"codecOffset":10}}

[90mstdout[2m | apps/validator-daemon/src/canary/__tests__/verify-loop.test.ts[2m > [22m[2mREQ-CFA-042 — state.relayStunLossBps is READ as the classifier stunPacketLossBps arg[2m > [22m[2ma HIGH STUN prior ABSORBS a drop that a ZERO STUN prior PROMOTES (same accumulator history)
[22m[39m{"timestamp":"2026-06-20T06:22:07.655Z","level":"INFO","source":"frontend","module":"webrtc/sframe-transform","message":"encrypted frame","context":{"kid":9,"ctr":6,"byteLength":62,"codecOffset":10}}

[90mstdout[2m | apps/validator-daemon/src/canary/__tests__/verify-loop.test.ts[2m > [22m[2mREQ-CFA-042 — state.relayStunLossBps is READ as the classifier stunPacketLossBps arg[2m > [22m[2ma HIGH STUN prior ABSORBS a drop that a ZERO STUN prior PROMOTES (same accumulator history)
[22m[39m{"timestamp":"2026-06-20T06:22:07.656Z","level":"INFO","source":"frontend","module":"webrtc/sframe-transform","message":"encrypted frame","context":{"kid":9,"ctr":7,"byteLength":62,"codecOffset":10}}

{"level":30,"time":1781936527656,"pid":3780,"hostname":"Quang","name":"canary/verifier","canaryKid":9,"mediaPackets":7,"byteIdentical":7,"divergences":1,"msg":"canary forwarding verified"}
[90mstdout[2m | apps/validator-daemon/src/canary/__tests__/verify-loop.test.ts[2m > [22m[2mREQ-CFA-042 — state.relayStunLossBps is READ as the classifier stunPacketLossBps arg[2m > [22m[2ma HIGH STUN prior ABSORBS a drop that a ZERO STUN prior PROMOTES (same accumulator history)
[22m[39m{"timestamp":"2026-06-20T06:22:07.657Z","level":"INFO","source":"frontend","module":"webrtc/sframe-transform","message":"encrypted frame","context":{"kid":9,"ctr":0,"byteLength":62,"codecOffset":10}}

[90mstdout[2m | apps/validator-daemon/src/canary/__tests__/verify-loop.test.ts[2m > [22m[2mREQ-CFA-042 — state.relayStunLossBps is READ as the classifier stunPacketLossBps arg[2m > [22m[2ma HIGH STUN prior ABSORBS a drop that a ZERO STUN prior PROMOTES (same accumulator history)
[22m[39m{"timestamp":"2026-06-20T06:22:07.658Z","level":"INFO","source":"frontend","module":"webrtc/sframe-transform","message":"encrypted frame","context":{"kid":9,"ctr":1,"byteLength":62,"codecOffset":10}}

[90mstdout[2m | apps/validator-daemon/src/canary/__tests__/verify-loop.test.ts[2m > [22m[2mREQ-CFA-042 — state.relayStunLossBps is READ as the classifier stunPacketLossBps arg[2m > [22m[2ma HIGH STUN prior ABSORBS a drop that a ZERO STUN prior PROMOTES (same accumulator history)
[22m[39m{"timestamp":"2026-06-20T06:22:07.660Z","level":"INFO","source":"frontend","module":"webrtc/sframe-transform","message":"encrypted frame","context":{"kid":9,"ctr":2,"byteLength":62,"codecOffset":10}}

[90mstdout[2m | apps/validator-daemon/src/canary/__tests__/verify-loop.test.ts[2m > [22m[2mREQ-CFA-042 — state.relayStunLossBps is READ as the classifier stunPacketLossBps arg[2m > [22m[2ma HIGH STUN prior ABSORBS a drop that a ZERO STUN prior PROMOTES (same accumulator history)
[22m[39m{"timestamp":"2026-06-20T06:22:07.662Z","level":"INFO","source":"frontend","module":"webrtc/sframe-transform","message":"encrypted frame","context":{"kid":9,"ctr":3,"byteLength":62,"codecOffset":10}}

[90mstdout[2m | apps/validator-daemon/src/canary/__tests__/verify-loop.test.ts[2m > [22m[2mREQ-CFA-042 — state.relayStunLossBps is READ as the classifier stunPacketLossBps arg[2m > [22m[2ma HIGH STUN prior ABSORBS a drop that a ZERO STUN prior PROMOTES (same accumulator history)
[22m[39m{"timestamp":"2026-06-20T06:22:07.663Z","level":"INFO","source":"frontend","module":"webrtc/sframe-transform","message":"encrypted frame","context":{"kid":9,"ctr":4,"byteLength":62,"codecOffset":10}}

[90mstdout[2m | apps/validator-daemon/src/canary/__tests__/verify-loop.test.ts[2m > [22m[2mREQ-CFA-042 — state.relayStunLossBps is READ as the classifier stunPacketLossBps arg[2m > [22m[2ma HIGH STUN prior ABSORBS a drop that a ZERO STUN prior PROMOTES (same accumulator history)
[22m[39m{"timestamp":"2026-06-20T06:22:07.665Z","level":"INFO","source":"frontend","module":"webrtc/sframe-transform","message":"encrypted frame","context":{"kid":9,"ctr":5,"byteLength":62,"codecOffset":10}}

[90mstdout[2m | apps/validator-daemon/src/canary/__tests__/verify-loop.test.ts[2m > [22m[2mREQ-CFA-042 — state.relayStunLossBps is READ as the classifier stunPacketLossBps arg[2m > [22m[2ma HIGH STUN prior ABSORBS a drop that a ZERO STUN prior PROMOTES (same accumulator history)
[22m[39m{"timestamp":"2026-06-20T06:22:07.666Z","level":"INFO","source":"frontend","module":"webrtc/sframe-transform","message":"encrypted frame","context":{"kid":9,"ctr":6,"byteLength":62,"codecOffset":10}}

[90mstdout[2m | apps/validator-daemon/src/canary/__tests__/verify-loop.test.ts[2m > [22m[2mREQ-CFA-042 — state.relayStunLossBps is READ as the classifier stunPacketLossBps arg[2m > [22m[2ma HIGH STUN prior ABSORBS a drop that a ZERO STUN prior PROMOTES (same accumulator history)
[22m[39m{"timestamp":"2026-06-20T06:22:07.667Z","level":"INFO","source":"frontend","module":"webrtc/sframe-transform","message":"encrypted frame","context":{"kid":9,"ctr":7,"byteLength":62,"codecOffset":10}}

{"level":30,"time":1781936527667,"pid":3780,"hostname":"Quang","name":"canary/verifier","canaryKid":9,"mediaPackets":7,"byteIdentical":7,"divergences":1,"msg":"canary forwarding verified"}
{"level":30,"time":1781936527667,"pid":3780,"hostname":"Quang","name":"canary/loss-classifier","relayMinerId":"relay-under-audit","promoted":0,"absorbed":1,"tampers":0,"cumulativeCrossed":false,"msg":"canary divergences classified (drop gate / tamper p=1)"}
{"level":30,"time":1781936527668,"pid":3780,"hostname":"Quang","name":"canary/verify-loop","round":2,"relayMinerId":"relay-under-audit","roomId":"verify-loop-room","perReceiver":2,"promoted":0,"absorbed":1,"stunLossBps":"0","msg":"canary verify round classified (hermetic half — synthetic capture, STUN read live)"}
[90mstdout[2m | apps/validator-daemon/src/canary/__tests__/verify-loop.test.ts[2m > [22m[2mREQ-CFA-042 — state.relayStunLossBps is READ as the classifier stunPacketLossBps arg[2m > [22m[2ma HIGH STUN prior ABSORBS a drop that a ZERO STUN prior PROMOTES (same accumulator history)
[22m[39m{"timestamp":"2026-06-20T06:22:07.670Z","level":"INFO","source":"frontend","module":"webrtc/sframe-transform","message":"encrypted frame","context":{"kid":9,"ctr":0,"byteLength":62,"codecOffset":10}}

[90mstdout[2m | apps/validator-daemon/src/canary/__tests__/verify-loop.test.ts[2m > [22m[2mREQ-CFA-042 — state.relayStunLossBps is READ as the classifier stunPacketLossBps arg[2m > [22m[2ma HIGH STUN prior ABSORBS a drop that a ZERO STUN prior PROMOTES (same accumulator history)
[22m[39m{"timestamp":"2026-06-20T06:22:07.677Z","level":"INFO","source":"frontend","module":"webrtc/sframe-transform","message":"encrypted frame","context":{"kid":9,"ctr":1,"byteLength":62,"codecOffset":10}}

[90mstdout[2m | apps/validator-daemon/src/canary/__tests__/verify-loop.test.ts[2m > [22m[2mREQ-CFA-042 — state.relayStunLossBps is READ as the classifier stunPacketLossBps arg[2m > [22m[2ma HIGH STUN prior ABSORBS a drop that a ZERO STUN prior PROMOTES (same accumulator history)
[22m[39m{"timestamp":"2026-06-20T06:22:07.678Z","level":"INFO","source":"frontend","module":"webrtc/sframe-transform","message":"encrypted frame","context":{"kid":9,"ctr":2,"byteLength":62,"codecOffset":10}}

[90mstdout[2m | apps/validator-daemon/src/canary/__tests__/verify-loop.test.ts[2m > [22m[2mREQ-CFA-042 — state.relayStunLossBps is READ as the classifier stunPacketLossBps arg[2m > [22m[2ma HIGH STUN prior ABSORBS a drop that a ZERO STUN prior PROMOTES (same accumulator history)
[22m[39m{"timestamp":"2026-06-20T06:22:07.680Z","level":"INFO","source":"frontend","module":"webrtc/sframe-transform","message":"encrypted frame","context":{"kid":9,"ctr":3,"byteLength":62,"codecOffset":10}}

[90mstdout[2m | apps/validator-daemon/src/canary/__tests__/verify-loop.test.ts[2m > [22m[2mREQ-CFA-042 — state.relayStunLossBps is READ as the classifier stunPacketLossBps arg[2m > [22m[2ma HIGH STUN prior ABSORBS a drop that a ZERO STUN prior PROMOTES (same accumulator history)
[22m[39m{"timestamp":"2026-06-20T06:22:07.681Z","level":"INFO","source":"frontend","module":"webrtc/sframe-transform","message":"encrypted frame","context":{"kid":9,"ctr":4,"byteLength":62,"codecOffset":10}}

[90mstdout[2m | apps/validator-daemon/src/canary/__tests__/verify-loop.test.ts[2m > [22m[2mREQ-CFA-042 — state.relayStunLossBps is READ as the classifier stunPacketLossBps arg[2m > [22m[2ma HIGH STUN prior ABSORBS a drop that a ZERO STUN prior PROMOTES (same accumulator history)
[22m[39m{"timestamp":"2026-06-20T06:22:07.682Z","level":"INFO","source":"frontend","module":"webrtc/sframe-transform","message":"encrypted frame","context":{"kid":9,"ctr":6,"byteLength":62,"codecOffset":10}}

[90mstdout[2m | apps/validator-daemon/src/canary/__tests__/verify-loop.test.ts[2m > [22m[2mREQ-CFA-042 — state.relayStunLossBps is READ as the classifier stunPacketLossBps arg[2m > [22m[2ma HIGH STUN prior ABSORBS a drop that a ZERO STUN prior PROMOTES (same accumulator history)
[22m[39m{"timestamp":"2026-06-20T06:22:07.683Z","level":"INFO","source":"frontend","module":"webrtc/sframe-transform","message":"encrypted frame","context":{"kid":9,"ctr":7,"byteLength":62,"codecOffset":10}}

[90mstdout[2m | apps/validator-daemon/src/canary/__tests__/verify-loop.test.ts[2m > [22m[2mREQ-CFA-042 — state.relayStunLossBps is READ as the classifier stunPacketLossBps arg[2m > [22m[2ma HIGH STUN prior ABSORBS a drop that a ZERO STUN prior PROMOTES (same accumulator history)
[22m[39m{"timestamp":"2026-06-20T06:22:07.686Z","level":"INFO","source":"frontend","module":"webrtc/sframe-transform","message":"encrypted frame","context":{"kid":9,"ctr":0,"byteLength":62,"codecOffset":10}}

[90mstdout[2m | apps/validator-daemon/src/canary/__tests__/verify-loop.test.ts[2m > [22m[2mREQ-CFA-042 — state.relayStunLossBps is READ as the classifier stunPacketLossBps arg[2m > [22m[2ma HIGH STUN prior ABSORBS a drop that a ZERO STUN prior PROMOTES (same accumulator history)
[22m[39m{"timestamp":"2026-06-20T06:22:07.692Z","level":"INFO","source":"frontend","module":"webrtc/sframe-transform","message":"encrypted frame","context":{"kid":9,"ctr":1,"byteLength":62,"codecOffset":10}}

[90mstdout[2m | apps/validator-daemon/src/canary/__tests__/verify-loop.test.ts[2m > [22m[2mREQ-CFA-042 — state.relayStunLossBps is READ as the classifier stunPacketLossBps arg[2m > [22m[2ma HIGH STUN prior ABSORBS a drop that a ZERO STUN prior PROMOTES (same accumulator history)
[22m[39m{"timestamp":"2026-06-20T06:22:07.694Z","level":"INFO","source":"frontend","module":"webrtc/sframe-transform","message":"encrypted frame","context":{"kid":9,"ctr":2,"byteLength":62,"codecOffset":10}}

[90mstdout[2m | apps/validator-daemon/src/canary/__tests__/verify-loop.test.ts[2m > [22m[2mREQ-CFA-042 — state.relayStunLossBps is READ as the classifier stunPacketLossBps arg[2m > [22m[2ma HIGH STUN prior ABSORBS a drop that a ZERO STUN prior PROMOTES (same accumulator history)
[22m[39m{"timestamp":"2026-06-20T06:22:07.696Z","level":"INFO","source":"frontend","module":"webrtc/sframe-transform","message":"encrypted frame","context":{"kid":9,"ctr":3,"byteLength":62,"codecOffset":10}}

[90mstdout[2m | apps/validator-daemon/src/canary/__tests__/verify-loop.test.ts[2m > [22m[2mREQ-CFA-042 — state.relayStunLossBps is READ as the classifier stunPacketLossBps arg[2m > [22m[2ma HIGH STUN prior ABSORBS a drop that a ZERO STUN prior PROMOTES (same accumulator history)
[22m[39m{"timestamp":"2026-06-20T06:22:07.699Z","level":"INFO","source":"frontend","module":"webrtc/sframe-transform","message":"encrypted frame","context":{"kid":9,"ctr":4,"byteLength":62,"codecOffset":10}}

[90mstdout[2m | apps/validator-daemon/src/canary/__tests__/verify-loop.test.ts[2m > [22m[2mREQ-CFA-042 — state.relayStunLossBps is READ as the classifier stunPacketLossBps arg[2m > [22m[2ma HIGH STUN prior ABSORBS a drop that a ZERO STUN prior PROMOTES (same accumulator history)
[22m[39m{"timestamp":"2026-06-20T06:22:07.700Z","level":"INFO","source":"frontend","module":"webrtc/sframe-transform","message":"encrypted frame","context":{"kid":9,"ctr":5,"byteLength":62,"codecOffset":10}}

[90mstdout[2m | apps/validator-daemon/src/canary/__tests__/verify-loop.test.ts[2m > [22m[2mREQ-CFA-042 — state.relayStunLossBps is READ as the classifier stunPacketLossBps arg[2m > [22m[2ma HIGH STUN prior ABSORBS a drop that a ZERO STUN prior PROMOTES (same accumulator history)
[22m[39m{"timestamp":"2026-06-20T06:22:07.702Z","level":"INFO","source":"frontend","module":"webrtc/sframe-transform","message":"encrypted frame","context":{"kid":9,"ctr":6,"byteLength":62,"codecOffset":10}}

[90mstdout[2m | apps/validator-daemon/src/canary/__tests__/verify-loop.test.ts[2m > [22m[2mREQ-CFA-042 — state.relayStunLossBps is READ as the classifier stunPacketLossBps arg[2m > [22m[2ma HIGH STUN prior ABSORBS a drop that a ZERO STUN prior PROMOTES (same accumulator history)
[22m[39m{"timestamp":"2026-06-20T06:22:07.705Z","level":"INFO","source":"frontend","module":"webrtc/sframe-transform","message":"encrypted frame","context":{"kid":9,"ctr":7,"byteLength":62,"codecOffset":10}}

{"level":30,"time":1781936527706,"pid":3780,"hostname":"Quang","name":"canary/verifier","canaryKid":9,"mediaPackets":7,"byteIdentical":7,"divergences":1,"msg":"canary forwarding verified"}
[90mstdout[2m | apps/validator-daemon/src/canary/__tests__/verify-loop.test.ts[2m > [22m[2mREQ-CFA-042 — state.relayStunLossBps is READ as the classifier stunPacketLossBps arg[2m > [22m[2ma HIGH STUN prior ABSORBS a drop that a ZERO STUN prior PROMOTES (same accumulator history)
[22m[39m{"timestamp":"2026-06-20T06:22:07.707Z","level":"INFO","source":"frontend","module":"webrtc/sframe-transform","message":"encrypted frame","context":{"kid":9,"ctr":0,"byteLength":62,"codecOffset":10}}

[90mstdout[2m | apps/validator-daemon/src/canary/__tests__/verify-loop.test.ts[2m > [22m[2mREQ-CFA-042 — state.relayStunLossBps is READ as the classifier stunPacketLossBps arg[2m > [22m[2ma HIGH STUN prior ABSORBS a drop that a ZERO STUN prior PROMOTES (same accumulator history)
[22m[39m{"timestamp":"2026-06-20T06:22:07.708Z","level":"INFO","source":"frontend","module":"webrtc/sframe-transform","message":"encrypted frame","context":{"kid":9,"ctr":1,"byteLength":62,"codecOffset":10}}

[90mstdout[2m | apps/validator-daemon/src/canary/__tests__/verify-loop.test.ts[2m > [22m[2mREQ-CFA-042 — state.relayStunLossBps is READ as the classifier stunPacketLossBps arg[2m > [22m[2ma HIGH STUN prior ABSORBS a drop that a ZERO STUN prior PROMOTES (same accumulator history)
[22m[39m{"timestamp":"2026-06-20T06:22:07.709Z","level":"INFO","source":"frontend","module":"webrtc/sframe-transform","message":"encrypted frame","context":{"kid":9,"ctr":2,"byteLength":62,"codecOffset":10}}

[90mstdout[2m | apps/validator-daemon/src/canary/__tests__/verify-loop.test.ts[2m > [22m[2mREQ-CFA-042 — state.relayStunLossBps is READ as the classifier stunPacketLossBps arg[2m > [22m[2ma HIGH STUN prior ABSORBS a drop that a ZERO STUN prior PROMOTES (same accumulator history)
[22m[39m{"timestamp":"2026-06-20T06:22:07.710Z","level":"INFO","source":"frontend","module":"webrtc/sframe-transform","message":"encrypted frame","context":{"kid":9,"ctr":3,"byteLength":62,"codecOffset":10}}

[90mstdout[2m | apps/validator-daemon/src/canary/__tests__/verify-loop.test.ts[2m > [22m[2mREQ-CFA-042 — state.relayStunLossBps is READ as the classifier stunPacketLossBps arg[2m > [22m[2ma HIGH STUN prior ABSORBS a drop that a ZERO STUN prior PROMOTES (same accumulator history)
[22m[39m{"timestamp":"2026-06-20T06:22:07.711Z","level":"INFO","source":"frontend","module":"webrtc/sframe-transform","message":"encrypted frame","context":{"kid":9,"ctr":4,"byteLength":62,"codecOffset":10}}

[90mstdout[2m | apps/validator-daemon/src/canary/__tests__/verify-loop.test.ts[2m > [22m[2mREQ-CFA-042 — state.relayStunLossBps is READ as the classifier stunPacketLossBps arg[2m > [22m[2ma HIGH STUN prior ABSORBS a drop that a ZERO STUN prior PROMOTES (same accumulator history)
[22m[39m{"timestamp":"2026-06-20T06:22:07.713Z","level":"INFO","source":"frontend","module":"webrtc/sframe-transform","message":"encrypted frame","context":{"kid":9,"ctr":5,"byteLength":62,"codecOffset":10}}

[90mstdout[2m | apps/validator-daemon/src/canary/__tests__/verify-loop.test.ts[2m > [22m[2mREQ-CFA-042 — state.relayStunLossBps is READ as the classifier stunPacketLossBps arg[2m > [22m[2ma HIGH STUN prior ABSORBS a drop that a ZERO STUN prior PROMOTES (same accumulator history)
[22m[39m{"timestamp":"2026-06-20T06:22:07.717Z","level":"INFO","source":"frontend","module":"webrtc/sframe-transform","message":"encrypted frame","context":{"kid":9,"ctr":6,"byteLength":62,"codecOffset":10}}

[90mstdout[2m | apps/validator-daemon/src/canary/__tests__/verify-loop.test.ts[2m > [22m[2mREQ-CFA-042 — state.relayStunLossBps is READ as the classifier stunPacketLossBps arg[2m > [22m[2ma HIGH STUN prior ABSORBS a drop that a ZERO STUN prior PROMOTES (same accumulator history)
[22m[39m{"timestamp":"2026-06-20T06:22:07.720Z","level":"INFO","source":"frontend","module":"webrtc/sframe-transform","message":"encrypted frame","context":{"kid":9,"ctr":7,"byteLength":62,"codecOffset":10}}

{"level":30,"time":1781936527720,"pid":3780,"hostname":"Quang","name":"canary/verifier","canaryKid":9,"mediaPackets":7,"byteIdentical":7,"divergences":1,"msg":"canary forwarding verified"}
{"level":30,"time":1781936527721,"pid":3780,"hostname":"Quang","name":"canary/loss-classifier","relayMinerId":"relay-under-audit","promoted":0,"absorbed":1,"tampers":0,"cumulativeCrossed":false,"msg":"canary divergences classified (drop gate / tamper p=1)"}
{"level":30,"time":1781936527721,"pid":3780,"hostname":"Quang","name":"canary/verify-loop","round":2,"relayMinerId":"relay-under-audit","roomId":"verify-loop-room","perReceiver":2,"promoted":0,"absorbed":1,"stunLossBps":"5000","msg":"canary verify round classified (hermetic half — synthetic capture, STUN read live)"}
[90mstdout[2m | apps/validator-daemon/src/canary/__tests__/verify-loop.test.ts[2m > [22m[2mREQ-CFA-042 — state.relayStunLossBps is READ as the classifier stunPacketLossBps arg[2m > [22m[2ma HIGH STUN prior ABSORBS a drop that a ZERO STUN prior PROMOTES (same accumulator history)
[22m[39m{"timestamp":"2026-06-20T06:22:07.722Z","level":"INFO","source":"frontend","module":"webrtc/sframe-transform","message":"encrypted frame","context":{"kid":9,"ctr":0,"byteLength":62,"codecOffset":10}}

[90mstdout[2m | apps/validator-daemon/src/canary/__tests__/verify-loop.test.ts[2m > [22m[2mREQ-CFA-042 — state.relayStunLossBps is READ as the classifier stunPacketLossBps arg[2m > [22m[2ma HIGH STUN prior ABSORBS a drop that a ZERO STUN prior PROMOTES (same accumulator history)
[22m[39m{"timestamp":"2026-06-20T06:22:07.724Z","level":"INFO","source":"frontend","module":"webrtc/sframe-transform","message":"encrypted frame","context":{"kid":9,"ctr":1,"byteLength":62,"codecOffset":10}}

[90mstdout[2m | apps/validator-daemon/src/canary/__tests__/verify-loop.test.ts[2m > [22m[2mREQ-CFA-042 — state.relayStunLossBps is READ as the classifier stunPacketLossBps arg[2m > [22m[2ma HIGH STUN prior ABSORBS a drop that a ZERO STUN prior PROMOTES (same accumulator history)
[22m[39m{"timestamp":"2026-06-20T06:22:07.726Z","level":"INFO","source":"frontend","module":"webrtc/sframe-transform","message":"encrypted frame","context":{"kid":9,"ctr":2,"byteLength":62,"codecOffset":10}}

[90mstdout[2m | apps/validator-daemon/src/canary/__tests__/verify-loop.test.ts[2m > [22m[2mREQ-CFA-042 — state.relayStunLossBps is READ as the classifier stunPacketLossBps arg[2m > [22m[2ma HIGH STUN prior ABSORBS a drop that a ZERO STUN prior PROMOTES (same accumulator history)
[22m[39m{"timestamp":"2026-06-20T06:22:07.733Z","level":"INFO","source":"frontend","module":"webrtc/sframe-transform","message":"encrypted frame","context":{"kid":9,"ctr":3,"byteLength":62,"codecOffset":10}}

[90mstdout[2m | apps/validator-daemon/src/canary/__tests__/verify-loop.test.ts[2m > [22m[2mREQ-CFA-042 — state.relayStunLossBps is READ as the classifier stunPacketLossBps arg[2m > [22m[2ma HIGH STUN prior ABSORBS a drop that a ZERO STUN prior PROMOTES (same accumulator history)
[22m[39m{"timestamp":"2026-06-20T06:22:07.735Z","level":"INFO","source":"frontend","module":"webrtc/sframe-transform","message":"encrypted frame","context":{"kid":9,"ctr":4,"byteLength":62,"codecOffset":10}}

[90mstdout[2m | apps/validator-daemon/src/canary/__tests__/verify-loop.test.ts[2m > [22m[2mREQ-CFA-042 — state.relayStunLossBps is READ as the classifier stunPacketLossBps arg[2m > [22m[2ma HIGH STUN prior ABSORBS a drop that a ZERO STUN prior PROMOTES (same accumulator history)
[22m[39m{"timestamp":"2026-06-20T06:22:07.741Z","level":"INFO","source":"frontend","module":"webrtc/sframe-transform","message":"encrypted frame","context":{"kid":9,"ctr":6,"byteLength":62,"codecOffset":10}}

[90mstdout[2m | apps/validator-daemon/src/canary/__tests__/verify-loop.test.ts[2m > [22m[2mREQ-CFA-042 — state.relayStunLossBps is READ as the classifier stunPacketLossBps arg[2m > [22m[2ma HIGH STUN prior ABSORBS a drop that a ZERO STUN prior PROMOTES (same accumulator history)
[22m[39m{"timestamp":"2026-06-20T06:22:07.743Z","level":"INFO","source":"frontend","module":"webrtc/sframe-transform","message":"encrypted frame","context":{"kid":9,"ctr":7,"byteLength":62,"codecOffset":10}}

[90mstdout[2m | apps/validator-daemon/src/canary/__tests__/verify-loop.test.ts[2m > [22m[2mREQ-CFA-042 — state.relayStunLossBps is READ as the classifier stunPacketLossBps arg[2m > [22m[2ma HIGH STUN prior ABSORBS a drop that a ZERO STUN prior PROMOTES (same accumulator history)
[22m[39m{"timestamp":"2026-06-20T06:22:07.751Z","level":"INFO","source":"frontend","module":"webrtc/sframe-transform","message":"encrypted frame","context":{"kid":9,"ctr":0,"byteLength":62,"codecOffset":10}}

[90mstdout[2m | apps/validator-daemon/src/canary/__tests__/verify-loop.test.ts[2m > [22m[2mREQ-CFA-042 — state.relayStunLossBps is READ as the classifier stunPacketLossBps arg[2m > [22m[2ma HIGH STUN prior ABSORBS a drop that a ZERO STUN prior PROMOTES (same accumulator history)
[22m[39m{"timestamp":"2026-06-20T06:22:07.757Z","level":"INFO","source":"frontend","module":"webrtc/sframe-transform","message":"encrypted frame","context":{"kid":9,"ctr":1,"byteLength":62,"codecOffset":10}}

[90mstdout[2m | apps/validator-daemon/src/canary/__tests__/verify-loop.test.ts[2m > [22m[2mREQ-CFA-042 — state.relayStunLossBps is READ as the classifier stunPacketLossBps arg[2m > [22m[2ma HIGH STUN prior ABSORBS a drop that a ZERO STUN prior PROMOTES (same accumulator history)
[22m[39m{"timestamp":"2026-06-20T06:22:07.759Z","level":"INFO","source":"frontend","module":"webrtc/sframe-transform","message":"encrypted frame","context":{"kid":9,"ctr":2,"byteLength":62,"codecOffset":10}}

[90mstdout[2m | apps/validator-daemon/src/canary/__tests__/verify-loop.test.ts[2m > [22m[2mREQ-CFA-042 — state.relayStunLossBps is READ as the classifier stunPacketLossBps arg[2m > [22m[2ma HIGH STUN prior ABSORBS a drop that a ZERO STUN prior PROMOTES (same accumulator history)
[22m[39m{"timestamp":"2026-06-20T06:22:07.762Z","level":"INFO","source":"frontend","module":"webrtc/sframe-transform","message":"encrypted frame","context":{"kid":9,"ctr":3,"byteLength":62,"codecOffset":10}}

[90mstdout[2m | apps/validator-daemon/src/canary/__tests__/verify-loop.test.ts[2m > [22m[2mREQ-CFA-042 — state.relayStunLossBps is READ as the classifier stunPacketLossBps arg[2m > [22m[2ma HIGH STUN prior ABSORBS a drop that a ZERO STUN prior PROMOTES (same accumulator history)
[22m[39m{"timestamp":"2026-06-20T06:22:07.763Z","level":"INFO","source":"frontend","module":"webrtc/sframe-transform","message":"encrypted frame","context":{"kid":9,"ctr":4,"byteLength":62,"codecOffset":10}}

[90mstdout[2m | apps/validator-daemon/src/canary/__tests__/verify-loop.test.ts[2m > [22m[2mREQ-CFA-042 — state.relayStunLossBps is READ as the classifier stunPacketLossBps arg[2m > [22m[2ma HIGH STUN prior ABSORBS a drop that a ZERO STUN prior PROMOTES (same accumulator history)
[22m[39m{"timestamp":"2026-06-20T06:22:07.765Z","level":"INFO","source":"frontend","module":"webrtc/sframe-transform","message":"encrypted frame","context":{"kid":9,"ctr":5,"byteLength":62,"codecOffset":10}}

[90mstdout[2m | apps/validator-daemon/src/canary/__tests__/verify-loop.test.ts[2m > [22m[2mREQ-CFA-042 — state.relayStunLossBps is READ as the classifier stunPacketLossBps arg[2m > [22m[2ma HIGH STUN prior ABSORBS a drop that a ZERO STUN prior PROMOTES (same accumulator history)
[22m[39m{"timestamp":"2026-06-20T06:22:07.767Z","level":"INFO","source":"frontend","module":"webrtc/sframe-transform","message":"encrypted frame","context":{"kid":9,"ctr":6,"byteLength":62,"codecOffset":10}}

[90mstdout[2m | apps/validator-daemon/src/canary/__tests__/verify-loop.test.ts[2m > [22m[2mREQ-CFA-042 — state.relayStunLossBps is READ as the classifier stunPacketLossBps arg[2m > [22m[2ma HIGH STUN prior ABSORBS a drop that a ZERO STUN prior PROMOTES (same accumulator history)
[22m[39m{"timestamp":"2026-06-20T06:22:07.768Z","level":"INFO","source":"frontend","module":"webrtc/sframe-transform","message":"encrypted frame","context":{"kid":9,"ctr":7,"byteLength":62,"codecOffset":10}}

{"level":30,"time":1781936527769,"pid":3780,"hostname":"Quang","name":"canary/verifier","canaryKid":9,"mediaPackets":7,"byteIdentical":7,"divergences":1,"msg":"canary forwarding verified"}
[90mstdout[2m | apps/validator-daemon/src/canary/__tests__/verify-loop.test.ts[2m > [22m[2mREQ-CFA-042 — state.relayStunLossBps is READ as the classifier stunPacketLossBps arg[2m > [22m[2ma HIGH STUN prior ABSORBS a drop that a ZERO STUN prior PROMOTES (same accumulator history)
[22m[39m{"timestamp":"2026-06-20T06:22:07.771Z","level":"INFO","source":"frontend","module":"webrtc/sframe-transform","message":"encrypted frame","context":{"kid":9,"ctr":0,"byteLength":62,"codecOffset":10}}

[90mstdout[2m | apps/validator-daemon/src/canary/__tests__/verify-loop.test.ts[2m > [22m[2mREQ-CFA-042 — state.relayStunLossBps is READ as the classifier stunPacketLossBps arg[2m > [22m[2ma HIGH STUN prior ABSORBS a drop that a ZERO STUN prior PROMOTES (same accumulator history)
[22m[39m{"timestamp":"2026-06-20T06:22:07.773Z","level":"INFO","source":"frontend","module":"webrtc/sframe-transform","message":"encrypted frame","context":{"kid":9,"ctr":1,"byteLength":62,"codecOffset":10}}

[90mstdout[2m | apps/validator-daemon/src/canary/__tests__/verify-loop.test.ts[2m > [22m[2mREQ-CFA-042 — state.relayStunLossBps is READ as the classifier stunPacketLossBps arg[2m > [22m[2ma HIGH STUN prior ABSORBS a drop that a ZERO STUN prior PROMOTES (same accumulator history)
[22m[39m{"timestamp":"2026-06-20T06:22:07.776Z","level":"INFO","source":"frontend","module":"webrtc/sframe-transform","message":"encrypted frame","context":{"kid":9,"ctr":2,"byteLength":62,"codecOffset":10}}

[90mstdout[2m | apps/validator-daemon/src/canary/__tests__/verify-loop.test.ts[2m > [22m[2mREQ-CFA-042 — state.relayStunLossBps is READ as the classifier stunPacketLossBps arg[2m > [22m[2ma HIGH STUN prior ABSORBS a drop that a ZERO STUN prior PROMOTES (same accumulator history)
[22m[39m{"timestamp":"2026-06-20T06:22:07.777Z","level":"INFO","source":"frontend","module":"webrtc/sframe-transform","message":"encrypted frame","context":{"kid":9,"ctr":3,"byteLength":62,"codecOffset":10}}

[90mstdout[2m | apps/validator-daemon/src/canary/__tests__/verify-loop.test.ts[2m > [22m[2mREQ-CFA-042 — state.relayStunLossBps is READ as the classifier stunPacketLossBps arg[2m > [22m[2ma HIGH STUN prior ABSORBS a drop that a ZERO STUN prior PROMOTES (same accumulator history)
[22m[39m{"timestamp":"2026-06-20T06:22:07.779Z","level":"INFO","source":"frontend","module":"webrtc/sframe-transform","message":"encrypted frame","context":{"kid":9,"ctr":4,"byteLength":62,"codecOffset":10}}

[90mstdout[2m | apps/validator-daemon/src/canary/__tests__/verify-loop.test.ts[2m > [22m[2mREQ-CFA-042 — state.relayStunLossBps is READ as the classifier stunPacketLossBps arg[2m > [22m[2ma HIGH STUN prior ABSORBS a drop that a ZERO STUN prior PROMOTES (same accumulator history)
[22m[39m{"timestamp":"2026-06-20T06:22:07.782Z","level":"INFO","source":"frontend","module":"webrtc/sframe-transform","message":"encrypted frame","context":{"kid":9,"ctr":5,"byteLength":62,"codecOffset":10}}

[90mstdout[2m | apps/validator-daemon/src/canary/__tests__/verify-loop.test.ts[2m > [22m[2mREQ-CFA-042 — state.relayStunLossBps is READ as the classifier stunPacketLossBps arg[2m > [22m[2ma HIGH STUN prior ABSORBS a drop that a ZERO STUN prior PROMOTES (same accumulator history)
[22m[39m{"timestamp":"2026-06-20T06:22:07.783Z","level":"INFO","source":"frontend","module":"webrtc/sframe-transform","message":"encrypted frame","context":{"kid":9,"ctr":6,"byteLength":62,"codecOffset":10}}

[90mstdout[2m | apps/validator-daemon/src/canary/__tests__/verify-loop.test.ts[2m > [22m[2mREQ-CFA-042 — state.relayStunLossBps is READ as the classifier stunPacketLossBps arg[2m > [22m[2ma HIGH STUN prior ABSORBS a drop that a ZERO STUN prior PROMOTES (same accumulator history)
[22m[39m{"timestamp":"2026-06-20T06:22:07.786Z","level":"INFO","source":"frontend","module":"webrtc/sframe-transform","message":"encrypted frame","context":{"kid":9,"ctr":7,"byteLength":62,"codecOffset":10}}

{"level":30,"time":1781936527786,"pid":3780,"hostname":"Quang","name":"canary/verifier","canaryKid":9,"mediaPackets":7,"byteIdentical":7,"divergences":1,"msg":"canary forwarding verified"}
{"level":30,"time":1781936527787,"pid":3780,"hostname":"Quang","name":"canary/loss-classifier","relayMinerId":"relay-under-audit","promoted":0,"absorbed":1,"tampers":0,"cumulativeCrossed":false,"msg":"canary divergences classified (drop gate / tamper p=1)"}
{"level":30,"time":1781936527787,"pid":3780,"hostname":"Quang","name":"canary/verify-loop","round":3,"relayMinerId":"relay-under-audit","roomId":"verify-loop-room","perReceiver":2,"promoted":0,"absorbed":1,"stunLossBps":"0","msg":"canary verify round classified (hermetic half — synthetic capture, STUN read live)"}
[90mstdout[2m | apps/validator-daemon/src/canary/__tests__/verify-loop.test.ts[2m > [22m[2mREQ-CFA-042 — state.relayStunLossBps is READ as the classifier stunPacketLossBps arg[2m > [22m[2ma HIGH STUN prior ABSORBS a drop that a ZERO STUN prior PROMOTES (same accumulator history)
[22m[39m{"timestamp":"2026-06-20T06:22:07.788Z","level":"INFO","source":"frontend","module":"webrtc/sframe-transform","message":"encrypted frame","context":{"kid":9,"ctr":0,"byteLength":62,"codecOffset":10}}

[90mstdout[2m | apps/validator-daemon/src/canary/__tests__/verify-loop.test.ts[2m > [22m[2mREQ-CFA-042 — state.relayStunLossBps is READ as the classifier stunPacketLossBps arg[2m > [22m[2ma HIGH STUN prior ABSORBS a drop that a ZERO STUN prior PROMOTES (same accumulator history)
[22m[39m{"timestamp":"2026-06-20T06:22:07.789Z","level":"INFO","source":"frontend","module":"webrtc/sframe-transform","message":"encrypted frame","context":{"kid":9,"ctr":1,"byteLength":62,"codecOffset":10}}

[90mstdout[2m | apps/validator-daemon/src/canary/__tests__/verify-loop.test.ts[2m > [22m[2mREQ-CFA-042 — state.relayStunLossBps is READ as the classifier stunPacketLossBps arg[2m > [22m[2ma HIGH STUN prior ABSORBS a drop that a ZERO STUN prior PROMOTES (same accumulator history)
[22m[39m{"timestamp":"2026-06-20T06:22:07.790Z","level":"INFO","source":"frontend","module":"webrtc/sframe-transform","message":"encrypted frame","context":{"kid":9,"ctr":2,"byteLength":62,"codecOffset":10}}

[90mstdout[2m | apps/validator-daemon/src/canary/__tests__/verify-loop.test.ts[2m > [22m[2mREQ-CFA-042 — state.relayStunLossBps is READ as the classifier stunPacketLossBps arg[2m > [22m[2ma HIGH STUN prior ABSORBS a drop that a ZERO STUN prior PROMOTES (same accumulator history)
[22m[39m{"timestamp":"2026-06-20T06:22:07.791Z","level":"INFO","source":"frontend","module":"webrtc/sframe-transform","message":"encrypted frame","context":{"kid":9,"ctr":3,"byteLength":62,"codecOffset":10}}

[90mstdout[2m | apps/validator-daemon/src/canary/__tests__/verify-loop.test.ts[2m > [22m[2mREQ-CFA-042 — state.relayStunLossBps is READ as the classifier stunPacketLossBps arg[2m > [22m[2ma HIGH STUN prior ABSORBS a drop that a ZERO STUN prior PROMOTES (same accumulator history)
[22m[39m{"timestamp":"2026-06-20T06:22:07.792Z","level":"INFO","source":"frontend","module":"webrtc/sframe-transform","message":"encrypted frame","context":{"kid":9,"ctr":4,"byteLength":62,"codecOffset":10}}

[90mstdout[2m | apps/validator-daemon/src/canary/__tests__/verify-loop.test.ts[2m > [22m[2mREQ-CFA-042 — state.relayStunLossBps is READ as the classifier stunPacketLossBps arg[2m > [22m[2ma HIGH STUN prior ABSORBS a drop that a ZERO STUN prior PROMOTES (same accumulator history)
[22m[39m{"timestamp":"2026-06-20T06:22:07.794Z","level":"INFO","source":"frontend","module":"webrtc/sframe-transform","message":"encrypted frame","context":{"kid":9,"ctr":6,"byteLength":62,"codecOffset":10}}

[90mstdout[2m | apps/validator-daemon/src/canary/__tests__/verify-loop.test.ts[2m > [22m[2mREQ-CFA-042 — state.relayStunLossBps is READ as the classifier stunPacketLossBps arg[2m > [22m[2ma HIGH STUN prior ABSORBS a drop that a ZERO STUN prior PROMOTES (same accumulator history)
[22m[39m{"timestamp":"2026-06-20T06:22:07.795Z","level":"INFO","source":"frontend","module":"webrtc/sframe-transform","message":"encrypted frame","context":{"kid":9,"ctr":7,"byteLength":62,"codecOffset":10}}

[90mstdout[2m | apps/validator-daemon/src/canary/__tests__/verify-loop.test.ts[2m > [22m[2mREQ-CFA-042 — state.relayStunLossBps is READ as the classifier stunPacketLossBps arg[2m > [22m[2ma HIGH STUN prior ABSORBS a drop that a ZERO STUN prior PROMOTES (same accumulator history)
[22m[39m{"timestamp":"2026-06-20T06:22:07.797Z","level":"INFO","source":"frontend","module":"webrtc/sframe-transform","message":"encrypted frame","context":{"kid":9,"ctr":0,"byteLength":62,"codecOffset":10}}

[90mstdout[2m | apps/validator-daemon/src/canary/__tests__/verify-loop.test.ts[2m > [22m[2mREQ-CFA-042 — state.relayStunLossBps is READ as the classifier stunPacketLossBps arg[2m > [22m[2ma HIGH STUN prior ABSORBS a drop that a ZERO STUN prior PROMOTES (same accumulator history)
[22m[39m{"timestamp":"2026-06-20T06:22:07.798Z","level":"INFO","source":"frontend","module":"webrtc/sframe-transform","message":"encrypted frame","context":{"kid":9,"ctr":1,"byteLength":62,"codecOffset":10}}

[90mstdout[2m | apps/validator-daemon/src/canary/__tests__/verify-loop.test.ts[2m > [22m[2mREQ-CFA-042 — state.relayStunLossBps is READ as the classifier stunPacketLossBps arg[2m > [22m[2ma HIGH STUN prior ABSORBS a drop that a ZERO STUN prior PROMOTES (same accumulator history)
[22m[39m{"timestamp":"2026-06-20T06:22:07.800Z","level":"INFO","source":"frontend","module":"webrtc/sframe-transform","message":"encrypted frame","context":{"kid":9,"ctr":2,"byteLength":62,"codecOffset":10}}

[90mstdout[2m | apps/validator-daemon/src/canary/__tests__/verify-loop.test.ts[2m > [22m[2mREQ-CFA-042 — state.relayStunLossBps is READ as the classifier stunPacketLossBps arg[2m > [22m[2ma HIGH STUN prior ABSORBS a drop that a ZERO STUN prior PROMOTES (same accumulator history)
[22m[39m{"timestamp":"2026-06-20T06:22:07.802Z","level":"INFO","source":"frontend","module":"webrtc/sframe-transform","message":"encrypted frame","context":{"kid":9,"ctr":3,"byteLength":62,"codecOffset":10}}

[90mstdout[2m | apps/validator-daemon/src/canary/__tests__/verify-loop.test.ts[2m > [22m[2mREQ-CFA-042 — state.relayStunLossBps is READ as the classifier stunPacketLossBps arg[2m > [22m[2ma HIGH STUN prior ABSORBS a drop that a ZERO STUN prior PROMOTES (same accumulator history)
[22m[39m{"timestamp":"2026-06-20T06:22:07.804Z","level":"INFO","source":"frontend","module":"webrtc/sframe-transform","message":"encrypted frame","context":{"kid":9,"ctr":4,"byteLength":62,"codecOffset":10}}

[90mstdout[2m | apps/validator-daemon/src/canary/__tests__/verify-loop.test.ts[2m > [22m[2mREQ-CFA-042 — state.relayStunLossBps is READ as the classifier stunPacketLossBps arg[2m > [22m[2ma HIGH STUN prior ABSORBS a drop that a ZERO STUN prior PROMOTES (same accumulator history)
[22m[39m{"timestamp":"2026-06-20T06:22:07.805Z","level":"INFO","source":"frontend","module":"webrtc/sframe-transform","message":"encrypted frame","context":{"kid":9,"ctr":5,"byteLength":62,"codecOffset":10}}

[90mstdout[2m | apps/validator-daemon/src/canary/__tests__/verify-loop.test.ts[2m > [22m[2mREQ-CFA-042 — state.relayStunLossBps is READ as the classifier stunPacketLossBps arg[2m > [22m[2ma HIGH STUN prior ABSORBS a drop that a ZERO STUN prior PROMOTES (same accumulator history)
[22m[39m{"timestamp":"2026-06-20T06:22:07.807Z","level":"INFO","source":"frontend","module":"webrtc/sframe-transform","message":"encrypted frame","context":{"kid":9,"ctr":6,"byteLength":62,"codecOffset":10}}

[90mstdout[2m | apps/validator-daemon/src/canary/__tests__/verify-loop.test.ts[2m > [22m[2mREQ-CFA-042 — state.relayStunLossBps is READ as the classifier stunPacketLossBps arg[2m > [22m[2ma HIGH STUN prior ABSORBS a drop that a ZERO STUN prior PROMOTES (same accumulator history)
[22m[39m{"timestamp":"2026-06-20T06:22:07.808Z","level":"INFO","source":"frontend","module":"webrtc/sframe-transform","message":"encrypted frame","context":{"kid":9,"ctr":7,"byteLength":62,"codecOffset":10}}

{"level":30,"time":1781936527809,"pid":3780,"hostname":"Quang","name":"canary/verifier","canaryKid":9,"mediaPackets":7,"byteIdentical":7,"divergences":1,"msg":"canary forwarding verified"}
[90mstdout[2m | apps/validator-daemon/src/canary/__tests__/verify-loop.test.ts[2m > [22m[2mREQ-CFA-042 — state.relayStunLossBps is READ as the classifier stunPacketLossBps arg[2m > [22m[2ma HIGH STUN prior ABSORBS a drop that a ZERO STUN prior PROMOTES (same accumulator history)
[22m[39m{"timestamp":"2026-06-20T06:22:07.810Z","level":"INFO","source":"frontend","module":"webrtc/sframe-transform","message":"encrypted frame","context":{"kid":9,"ctr":0,"byteLength":62,"codecOffset":10}}

[90mstdout[2m | apps/validator-daemon/src/canary/__tests__/verify-loop.test.ts[2m > [22m[2mREQ-CFA-042 — state.relayStunLossBps is READ as the classifier stunPacketLossBps arg[2m > [22m[2ma HIGH STUN prior ABSORBS a drop that a ZERO STUN prior PROMOTES (same accumulator history)
[22m[39m{"timestamp":"2026-06-20T06:22:07.811Z","level":"INFO","source":"frontend","module":"webrtc/sframe-transform","message":"encrypted frame","context":{"kid":9,"ctr":1,"byteLength":62,"codecOffset":10}}

[90mstdout[2m | apps/validator-daemon/src/canary/__tests__/verify-loop.test.ts[2m > [22m[2mREQ-CFA-042 — state.relayStunLossBps is READ as the classifier stunPacketLossBps arg[2m > [22m[2ma HIGH STUN prior ABSORBS a drop that a ZERO STUN prior PROMOTES (same accumulator history)
[22m[39m{"timestamp":"2026-06-20T06:22:07.812Z","level":"INFO","source":"frontend","module":"webrtc/sframe-transform","message":"encrypted frame","context":{"kid":9,"ctr":2,"byteLength":62,"codecOffset":10}}

[90mstdout[2m | apps/validator-daemon/src/canary/__tests__/verify-loop.test.ts[2m > [22m[2mREQ-CFA-042 — state.relayStunLossBps is READ as the classifier stunPacketLossBps arg[2m > [22m[2ma HIGH STUN prior ABSORBS a drop that a ZERO STUN prior PROMOTES (same accumulator history)
[22m[39m{"timestamp":"2026-06-20T06:22:07.813Z","level":"INFO","source":"frontend","module":"webrtc/sframe-transform","message":"encrypted frame","context":{"kid":9,"ctr":3,"byteLength":62,"codecOffset":10}}

[90mstdout[2m | apps/validator-daemon/src/canary/__tests__/verify-loop.test.ts[2m > [22m[2mREQ-CFA-042 — state.relayStunLossBps is READ as the classifier stunPacketLossBps arg[2m > [22m[2ma HIGH STUN prior ABSORBS a drop that a ZERO STUN prior PROMOTES (same accumulator history)
[22m[39m{"timestamp":"2026-06-20T06:22:07.816Z","level":"INFO","source":"frontend","module":"webrtc/sframe-transform","message":"encrypted frame","context":{"kid":9,"ctr":4,"byteLength":62,"codecOffset":10}}

[90mstdout[2m | apps/validator-daemon/src/canary/__tests__/verify-loop.test.ts[2m > [22m[2mREQ-CFA-042 — state.relayStunLossBps is READ as the classifier stunPacketLossBps arg[2m > [22m[2ma HIGH STUN prior ABSORBS a drop that a ZERO STUN prior PROMOTES (same accumulator history)
[22m[39m{"timestamp":"2026-06-20T06:22:07.817Z","level":"INFO","source":"frontend","module":"webrtc/sframe-transform","message":"encrypted frame","context":{"kid":9,"ctr":5,"byteLength":62,"codecOffset":10}}

[90mstdout[2m | apps/validator-daemon/src/canary/__tests__/verify-loop.test.ts[2m > [22m[2mREQ-CFA-042 — state.relayStunLossBps is READ as the classifier stunPacketLossBps arg[2m > [22m[2ma HIGH STUN prior ABSORBS a drop that a ZERO STUN prior PROMOTES (same accumulator history)
[22m[39m{"timestamp":"2026-06-20T06:22:07.818Z","level":"INFO","source":"frontend","module":"webrtc/sframe-transform","message":"encrypted frame","context":{"kid":9,"ctr":6,"byteLength":62,"codecOffset":10}}

[90mstdout[2m | apps/validator-daemon/src/canary/__tests__/verify-loop.test.ts[2m > [22m[2mREQ-CFA-042 — state.relayStunLossBps is READ as the classifier stunPacketLossBps arg[2m > [22m[2ma HIGH STUN prior ABSORBS a drop that a ZERO STUN prior PROMOTES (same accumulator history)
[22m[39m{"timestamp":"2026-06-20T06:22:07.819Z","level":"INFO","source":"frontend","module":"webrtc/sframe-transform","message":"encrypted frame","context":{"kid":9,"ctr":7,"byteLength":62,"codecOffset":10}}

{"level":30,"time":1781936527820,"pid":3780,"hostname":"Quang","name":"canary/verifier","canaryKid":9,"mediaPackets":7,"byteIdentical":7,"divergences":1,"msg":"canary forwarding verified"}
{"level":30,"time":1781936527820,"pid":3780,"hostname":"Quang","name":"canary/loss-classifier","relayMinerId":"relay-under-audit","promoted":0,"absorbed":1,"tampers":0,"cumulativeCrossed":false,"msg":"canary divergences classified (drop gate / tamper p=1)"}
{"level":30,"time":1781936527820,"pid":3780,"hostname":"Quang","name":"canary/verify-loop","round":3,"relayMinerId":"relay-under-audit","roomId":"verify-loop-room","perReceiver":2,"promoted":0,"absorbed":1,"stunLossBps":"5000","msg":"canary verify round classified (hermetic half — synthetic capture, STUN read live)"}
[90mstdout[2m | apps/validator-daemon/src/canary/__tests__/verify-loop.test.ts[2m > [22m[2mREQ-CFA-042 — state.relayStunLossBps is READ as the classifier stunPacketLossBps arg[2m > [22m[2ma HIGH STUN prior ABSORBS a drop that a ZERO STUN prior PROMOTES (same accumulator history)
[22m[39m{"timestamp":"2026-06-20T06:22:07.822Z","level":"INFO","source":"frontend","module":"webrtc/sframe-transform","message":"encrypted frame","context":{"kid":9,"ctr":0,"byteLength":62,"codecOffset":10}}

[90mstdout[2m | apps/validator-daemon/src/canary/__tests__/verify-loop.test.ts[2m > [22m[2mREQ-CFA-042 — state.relayStunLossBps is READ as the classifier stunPacketLossBps arg[2m > [22m[2ma HIGH STUN prior ABSORBS a drop that a ZERO STUN prior PROMOTES (same accumulator history)
[22m[39m{"timestamp":"2026-06-20T06:22:07.823Z","level":"INFO","source":"frontend","module":"webrtc/sframe-transform","message":"encrypted frame","context":{"kid":9,"ctr":1,"byteLength":62,"codecOffset":10}}

[90mstdout[2m | apps/validator-daemon/src/canary/__tests__/verify-loop.test.ts[2m > [22m[2mREQ-CFA-042 — state.relayStunLossBps is READ as the classifier stunPacketLossBps arg[2m > [22m[2ma HIGH STUN prior ABSORBS a drop that a ZERO STUN prior PROMOTES (same accumulator history)
[22m[39m{"timestamp":"2026-06-20T06:22:07.824Z","level":"INFO","source":"frontend","module":"webrtc/sframe-transform","message":"encrypted frame","context":{"kid":9,"ctr":2,"byteLength":62,"codecOffset":10}}

[90mstdout[2m | apps/validator-daemon/src/canary/__tests__/verify-loop.test.ts[2m > [22m[2mREQ-CFA-042 — state.relayStunLossBps is READ as the classifier stunPacketLossBps arg[2m > [22m[2ma HIGH STUN prior ABSORBS a drop that a ZERO STUN prior PROMOTES (same accumulator history)
[22m[39m{"timestamp":"2026-06-20T06:22:07.825Z","level":"INFO","source":"frontend","module":"webrtc/sframe-transform","message":"encrypted frame","context":{"kid":9,"ctr":3,"byteLength":62,"codecOffset":10}}

[90mstdout[2m | apps/validator-daemon/src/canary/__tests__/verify-loop.test.ts[2m > [22m[2mREQ-CFA-042 — state.relayStunLossBps is READ as the classifier stunPacketLossBps arg[2m > [22m[2ma HIGH STUN prior ABSORBS a drop that a ZERO STUN prior PROMOTES (same accumulator history)
[22m[39m{"timestamp":"2026-06-20T06:22:07.826Z","level":"INFO","source":"frontend","module":"webrtc/sframe-transform","message":"encrypted frame","context":{"kid":9,"ctr":4,"byteLength":62,"codecOffset":10}}

[90mstdout[2m | apps/validator-daemon/src/canary/__tests__/verify-loop.test.ts[2m > [22m[2mREQ-CFA-042 — state.relayStunLossBps is READ as the classifier stunPacketLossBps arg[2m > [22m[2ma HIGH STUN prior ABSORBS a drop that a ZERO STUN prior PROMOTES (same accumulator history)
[22m[39m{"timestamp":"2026-06-20T06:22:07.828Z","level":"INFO","source":"frontend","module":"webrtc/sframe-transform","message":"encrypted frame","context":{"kid":9,"ctr":6,"byteLength":62,"codecOffset":10}}

[90mstdout[2m | apps/validator-daemon/src/canary/__tests__/verify-loop.test.ts[2m > [22m[2mREQ-CFA-042 — state.relayStunLossBps is READ as the classifier stunPacketLossBps arg[2m > [22m[2ma HIGH STUN prior ABSORBS a drop that a ZERO STUN prior PROMOTES (same accumulator history)
[22m[39m{"timestamp":"2026-06-20T06:22:07.829Z","level":"INFO","source":"frontend","module":"webrtc/sframe-transform","message":"encrypted frame","context":{"kid":9,"ctr":7,"byteLength":62,"codecOffset":10}}

[90mstdout[2m | apps/validator-daemon/src/canary/__tests__/verify-loop.test.ts[2m > [22m[2mREQ-CFA-042 — state.relayStunLossBps is READ as the classifier stunPacketLossBps arg[2m > [22m[2ma HIGH STUN prior ABSORBS a drop that a ZERO STUN prior PROMOTES (same accumulator history)
[22m[39m{"timestamp":"2026-06-20T06:22:07.830Z","level":"INFO","source":"frontend","module":"webrtc/sframe-transform","message":"encrypted frame","context":{"kid":9,"ctr":0,"byteLength":62,"codecOffset":10}}

[90mstdout[2m | apps/validator-daemon/src/canary/__tests__/verify-loop.test.ts[2m > [22m[2mREQ-CFA-042 — state.relayStunLossBps is READ as the classifier stunPacketLossBps arg[2m > [22m[2ma HIGH STUN prior ABSORBS a drop that a ZERO STUN prior PROMOTES (same accumulator history)
[22m[39m{"timestamp":"2026-06-20T06:22:07.831Z","level":"INFO","source":"frontend","module":"webrtc/sframe-transform","message":"encrypted frame","context":{"kid":9,"ctr":1,"byteLength":62,"codecOffset":10}}

[90mstdout[2m | apps/validator-daemon/src/canary/__tests__/verify-loop.test.ts[2m > [22m[2mREQ-CFA-042 — state.relayStunLossBps is READ as the classifier stunPacketLossBps arg[2m > [22m[2ma HIGH STUN prior ABSORBS a drop that a ZERO STUN prior PROMOTES (same accumulator history)
[22m[39m{"timestamp":"2026-06-20T06:22:07.832Z","level":"INFO","source":"frontend","module":"webrtc/sframe-transform","message":"encrypted frame","context":{"kid":9,"ctr":2,"byteLength":62,"codecOffset":10}}

[90mstdout[2m | apps/validator-daemon/src/canary/__tests__/verify-loop.test.ts[2m > [22m[2mREQ-CFA-042 — state.relayStunLossBps is READ as the classifier stunPacketLossBps arg[2m > [22m[2ma HIGH STUN prior ABSORBS a drop that a ZERO STUN prior PROMOTES (same accumulator history)
[22m[39m{"timestamp":"2026-06-20T06:22:07.833Z","level":"INFO","source":"frontend","module":"webrtc/sframe-transform","message":"encrypted frame","context":{"kid":9,"ctr":3,"byteLength":62,"codecOffset":10}}

[90mstdout[2m | apps/validator-daemon/src/canary/__tests__/verify-loop.test.ts[2m > [22m[2mREQ-CFA-042 — state.relayStunLossBps is READ as the classifier stunPacketLossBps arg[2m > [22m[2ma HIGH STUN prior ABSORBS a drop that a ZERO STUN prior PROMOTES (same accumulator history)
[22m[39m{"timestamp":"2026-06-20T06:22:07.835Z","level":"INFO","source":"frontend","module":"webrtc/sframe-transform","message":"encrypted frame","context":{"kid":9,"ctr":4,"byteLength":62,"codecOffset":10}}

[90mstdout[2m | apps/validator-daemon/src/canary/__tests__/verify-loop.test.ts[2m > [22m[2mREQ-CFA-042 — state.relayStunLossBps is READ as the classifier stunPacketLossBps arg[2m > [22m[2ma HIGH STUN prior ABSORBS a drop that a ZERO STUN prior PROMOTES (same accumulator history)
[22m[39m{"timestamp":"2026-06-20T06:22:07.837Z","level":"INFO","source":"frontend","module":"webrtc/sframe-transform","message":"encrypted frame","context":{"kid":9,"ctr":5,"byteLength":62,"codecOffset":10}}

[90mstdout[2m | apps/validator-daemon/src/canary/__tests__/verify-loop.test.ts[2m > [22m[2mREQ-CFA-042 — state.relayStunLossBps is READ as the classifier stunPacketLossBps arg[2m > [22m[2ma HIGH STUN prior ABSORBS a drop that a ZERO STUN prior PROMOTES (same accumulator history)
[22m[39m{"timestamp":"2026-06-20T06:22:07.838Z","level":"INFO","source":"frontend","module":"webrtc/sframe-transform","message":"encrypted frame","context":{"kid":9,"ctr":6,"byteLength":62,"codecOffset":10}}

[90mstdout[2m | apps/validator-daemon/src/canary/__tests__/verify-loop.test.ts[2m > [22m[2mREQ-CFA-042 — state.relayStunLossBps is READ as the classifier stunPacketLossBps arg[2m > [22m[2ma HIGH STUN prior ABSORBS a drop that a ZERO STUN prior PROMOTES (same accumulator history)
[22m[39m{"timestamp":"2026-06-20T06:22:07.839Z","level":"INFO","source":"frontend","module":"webrtc/sframe-transform","message":"encrypted frame","context":{"kid":9,"ctr":7,"byteLength":62,"codecOffset":10}}

{"level":30,"time":1781936527840,"pid":3780,"hostname":"Quang","name":"canary/verifier","canaryKid":9,"mediaPackets":7,"byteIdentical":7,"divergences":1,"msg":"canary forwarding verified"}
[90mstdout[2m | apps/validator-daemon/src/canary/__tests__/verify-loop.test.ts[2m > [22m[2mREQ-CFA-042 — state.relayStunLossBps is READ as the classifier stunPacketLossBps arg[2m > [22m[2ma HIGH STUN prior ABSORBS a drop that a ZERO STUN prior PROMOTES (same accumulator history)
[22m[39m{"timestamp":"2026-06-20T06:22:07.842Z","level":"INFO","source":"frontend","module":"webrtc/sframe-transform","message":"encrypted frame","context":{"kid":9,"ctr":0,"byteLength":62,"codecOffset":10}}

[90mstdout[2m | apps/validator-daemon/src/canary/__tests__/verify-loop.test.ts[2m > [22m[2mREQ-CFA-042 — state.relayStunLossBps is READ as the classifier stunPacketLossBps arg[2m > [22m[2ma HIGH STUN prior ABSORBS a drop that a ZERO STUN prior PROMOTES (same accumulator history)
[22m[39m{"timestamp":"2026-06-20T06:22:07.844Z","level":"INFO","source":"frontend","module":"webrtc/sframe-transform","message":"encrypted frame","context":{"kid":9,"ctr":1,"byteLength":62,"codecOffset":10}}

[90mstdout[2m | apps/validator-daemon/src/canary/__tests__/verify-loop.test.ts[2m > [22m[2mREQ-CFA-042 — state.relayStunLossBps is READ as the classifier stunPacketLossBps arg[2m > [22m[2ma HIGH STUN prior ABSORBS a drop that a ZERO STUN prior PROMOTES (same accumulator history)
[22m[39m{"timestamp":"2026-06-20T06:22:07.845Z","level":"INFO","source":"frontend","module":"webrtc/sframe-transform","message":"encrypted frame","context":{"kid":9,"ctr":2,"byteLength":62,"codecOffset":10}}

[90mstdout[2m | apps/validator-daemon/src/canary/__tests__/verify-loop.test.ts[2m > [22m[2mREQ-CFA-042 — state.relayStunLossBps is READ as the classifier stunPacketLossBps arg[2m > [22m[2ma HIGH STUN prior ABSORBS a drop that a ZERO STUN prior PROMOTES (same accumulator history)
[22m[39m{"timestamp":"2026-06-20T06:22:07.846Z","level":"INFO","source":"frontend","module":"webrtc/sframe-transform","message":"encrypted frame","context":{"kid":9,"ctr":3,"byteLength":62,"codecOffset":10}}

[90mstdout[2m | apps/validator-daemon/src/canary/__tests__/verify-loop.test.ts[2m > [22m[2mREQ-CFA-042 — state.relayStunLossBps is READ as the classifier stunPacketLossBps arg[2m > [22m[2ma HIGH STUN prior ABSORBS a drop that a ZERO STUN prior PROMOTES (same accumulator history)
[22m[39m{"timestamp":"2026-06-20T06:22:07.847Z","level":"INFO","source":"frontend","module":"webrtc/sframe-transform","message":"encrypted frame","context":{"kid":9,"ctr":4,"byteLength":62,"codecOffset":10}}

[90mstdout[2m | apps/validator-daemon/src/canary/__tests__/verify-loop.test.ts[2m > [22m[2mREQ-CFA-042 — state.relayStunLossBps is READ as the classifier stunPacketLossBps arg[2m > [22m[2ma HIGH STUN prior ABSORBS a drop that a ZERO STUN prior PROMOTES (same accumulator history)
[22m[39m{"timestamp":"2026-06-20T06:22:07.848Z","level":"INFO","source":"frontend","module":"webrtc/sframe-transform","message":"encrypted frame","context":{"kid":9,"ctr":5,"byteLength":62,"codecOffset":10}}

[90mstdout[2m | apps/validator-daemon/src/canary/__tests__/verify-loop.test.ts[2m > [22m[2mREQ-CFA-042 — state.relayStunLossBps is READ as the classifier stunPacketLossBps arg[2m > [22m[2ma HIGH STUN prior ABSORBS a drop that a ZERO STUN prior PROMOTES (same accumulator history)
[22m[39m{"timestamp":"2026-06-20T06:22:07.849Z","level":"INFO","source":"frontend","module":"webrtc/sframe-transform","message":"encrypted frame","context":{"kid":9,"ctr":6,"byteLength":62,"codecOffset":10}}

[90mstdout[2m | apps/validator-daemon/src/canary/__tests__/verify-loop.test.ts[2m > [22m[2mREQ-CFA-042 — state.relayStunLossBps is READ as the classifier stunPacketLossBps arg[2m > [22m[2ma HIGH STUN prior ABSORBS a drop that a ZERO STUN prior PROMOTES (same accumulator history)
[22m[39m{"timestamp":"2026-06-20T06:22:07.850Z","level":"INFO","source":"frontend","module":"webrtc/sframe-transform","message":"encrypted frame","context":{"kid":9,"ctr":7,"byteLength":62,"codecOffset":10}}

{"level":30,"time":1781936527851,"pid":3780,"hostname":"Quang","name":"canary/verifier","canaryKid":9,"mediaPackets":7,"byteIdentical":7,"divergences":1,"msg":"canary forwarding verified"}
{"level":30,"time":1781936527851,"pid":3780,"hostname":"Quang","name":"canary/loss-classifier","relayMinerId":"relay-under-audit","promoted":1,"absorbed":0,"tampers":0,"cumulativeCrossed":true,"msg":"canary divergences classified (drop gate / tamper p=1)"}
{"level":30,"time":1781936527996,"pid":3780,"hostname":"Quang","name":"canary/proof","roomId":"verify-loop-room","relayMinerId":"relay-under-audit","canaryId":9,"frameSeq":5,"drop":true,"attesters":2,"msg":"canary proof-of-divergence built (Wallet-B only)"}
{"level":30,"time":1781936527997,"pid":3780,"hostname":"Quang","name":"canary/verify-loop","round":4,"relayMinerId":"relay-under-audit","roomId":"verify-loop-room","perReceiver":2,"promoted":1,"absorbed":0,"stunLossBps":"0","msg":"canary verify round classified (hermetic half — synthetic capture, STUN read live)"}
[90mstdout[2m | apps/validator-daemon/src/canary/__tests__/verify-loop.test.ts[2m > [22m[2mREQ-CFA-042 — state.relayStunLossBps is READ as the classifier stunPacketLossBps arg[2m > [22m[2ma HIGH STUN prior ABSORBS a drop that a ZERO STUN prior PROMOTES (same accumulator history)
[22m[39m{"timestamp":"2026-06-20T06:22:08.004Z","level":"INFO","source":"frontend","module":"webrtc/sframe-transform","message":"encrypted frame","context":{"kid":9,"ctr":0,"byteLength":62,"codecOffset":10}}

[90mstdout[2m | apps/validator-daemon/src/canary/__tests__/verify-loop.test.ts[2m > [22m[2mREQ-CFA-042 — state.relayStunLossBps is READ as the classifier stunPacketLossBps arg[2m > [22m[2ma HIGH STUN prior ABSORBS a drop that a ZERO STUN prior PROMOTES (same accumulator history)
[22m[39m{"timestamp":"2026-06-20T06:22:08.006Z","level":"INFO","source":"frontend","module":"webrtc/sframe-transform","message":"encrypted frame","context":{"kid":9,"ctr":1,"byteLength":62,"codecOffset":10}}

[90mstdout[2m | apps/validator-daemon/src/canary/__tests__/verify-loop.test.ts[2m > [22m[2mREQ-CFA-042 — state.relayStunLossBps is READ as the classifier stunPacketLossBps arg[2m > [22m[2ma HIGH STUN prior ABSORBS a drop that a ZERO STUN prior PROMOTES (same accumulator history)
[22m[39m{"timestamp":"2026-06-20T06:22:08.006Z","level":"INFO","source":"frontend","module":"webrtc/sframe-transform","message":"encrypted frame","context":{"kid":9,"ctr":2,"byteLength":62,"codecOffset":10}}

[90mstdout[2m | apps/validator-daemon/src/canary/__tests__/verify-loop.test.ts[2m > [22m[2mREQ-CFA-042 — state.relayStunLossBps is READ as the classifier stunPacketLossBps arg[2m > [22m[2ma HIGH STUN prior ABSORBS a drop that a ZERO STUN prior PROMOTES (same accumulator history)
[22m[39m{"timestamp":"2026-06-20T06:22:08.007Z","level":"INFO","source":"frontend","module":"webrtc/sframe-transform","message":"encrypted frame","context":{"kid":9,"ctr":3,"byteLength":62,"codecOffset":10}}

[90mstdout[2m | apps/validator-daemon/src/canary/__tests__/verify-loop.test.ts[2m > [22m[2mREQ-CFA-042 — state.relayStunLossBps is READ as the classifier stunPacketLossBps arg[2m > [22m[2ma HIGH STUN prior ABSORBS a drop that a ZERO STUN prior PROMOTES (same accumulator history)
[22m[39m{"timestamp":"2026-06-20T06:22:08.009Z","level":"INFO","source":"frontend","module":"webrtc/sframe-transform","message":"encrypted frame","context":{"kid":9,"ctr":4,"byteLength":62,"codecOffset":10}}

[90mstdout[2m | apps/validator-daemon/src/canary/__tests__/verify-loop.test.ts[2m > [22m[2mREQ-CFA-042 — state.relayStunLossBps is READ as the classifier stunPacketLossBps arg[2m > [22m[2ma HIGH STUN prior ABSORBS a drop that a ZERO STUN prior PROMOTES (same accumulator history)
[22m[39m{"timestamp":"2026-06-20T06:22:08.010Z","level":"INFO","source":"frontend","module":"webrtc/sframe-transform","message":"encrypted frame","context":{"kid":9,"ctr":6,"byteLength":62,"codecOffset":10}}

[90mstdout[2m | apps/validator-daemon/src/canary/__tests__/verify-loop.test.ts[2m > [22m[2mREQ-CFA-042 — state.relayStunLossBps is READ as the classifier stunPacketLossBps arg[2m > [22m[2ma HIGH STUN prior ABSORBS a drop that a ZERO STUN prior PROMOTES (same accumulator history)
[22m[39m{"timestamp":"2026-06-20T06:22:08.011Z","level":"INFO","source":"frontend","module":"webrtc/sframe-transform","message":"encrypted frame","context":{"kid":9,"ctr":7,"byteLength":62,"codecOffset":10}}

[90mstdout[2m | apps/validator-daemon/src/canary/__tests__/verify-loop.test.ts[2m > [22m[2mREQ-CFA-042 — state.relayStunLossBps is READ as the classifier stunPacketLossBps arg[2m > [22m[2ma HIGH STUN prior ABSORBS a drop that a ZERO STUN prior PROMOTES (same accumulator history)
[22m[39m{"timestamp":"2026-06-20T06:22:08.012Z","level":"INFO","source":"frontend","module":"webrtc/sframe-transform","message":"encrypted frame","context":{"kid":9,"ctr":0,"byteLength":62,"codecOffset":10}}

[90mstdout[2m | apps/validator-daemon/src/canary/__tests__/verify-loop.test.ts[2m > [22m[2mREQ-CFA-042 — state.relayStunLossBps is READ as the classifier stunPacketLossBps arg[2m > [22m[2ma HIGH STUN prior ABSORBS a drop that a ZERO STUN prior PROMOTES (same accumulator history)
[22m[39m{"timestamp":"2026-06-20T06:22:08.013Z","level":"INFO","source":"frontend","module":"webrtc/sframe-transform","message":"encrypted frame","context":{"kid":9,"ctr":1,"byteLength":62,"codecOffset":10}}

[90mstdout[2m | apps/validator-daemon/src/canary/__tests__/verify-loop.test.ts[2m > [22m[2mREQ-CFA-042 — state.relayStunLossBps is READ as the classifier stunPacketLossBps arg[2m > [22m[2ma HIGH STUN prior ABSORBS a drop that a ZERO STUN prior PROMOTES (same accumulator history)
[22m[39m{"timestamp":"2026-06-20T06:22:08.014Z","level":"INFO","source":"frontend","module":"webrtc/sframe-transform","message":"encrypted frame","context":{"kid":9,"ctr":2,"byteLength":62,"codecOffset":10}}

[90mstdout[2m | apps/validator-daemon/src/canary/__tests__/verify-loop.test.ts[2m > [22m[2mREQ-CFA-042 — state.relayStunLossBps is READ as the classifier stunPacketLossBps arg[2m > [22m[2ma HIGH STUN prior ABSORBS a drop that a ZERO STUN prior PROMOTES (same accumulator history)
[22m[39m{"timestamp":"2026-06-20T06:22:08.015Z","level":"INFO","source":"frontend","module":"webrtc/sframe-transform","message":"encrypted frame","context":{"kid":9,"ctr":3,"byteLength":62,"codecOffset":10}}

[90mstdout[2m | apps/validator-daemon/src/canary/__tests__/verify-loop.test.ts[2m > [22m[2mREQ-CFA-042 — state.relayStunLossBps is READ as the classifier stunPacketLossBps arg[2m > [22m[2ma HIGH STUN prior ABSORBS a drop that a ZERO STUN prior PROMOTES (same accumulator history)
[22m[39m{"timestamp":"2026-06-20T06:22:08.016Z","level":"INFO","source":"frontend","module":"webrtc/sframe-transform","message":"encrypted frame","context":{"kid":9,"ctr":4,"byteLength":62,"codecOffset":10}}

[90mstdout[2m | apps/validator-daemon/src/canary/__tests__/verify-loop.test.ts[2m > [22m[2mREQ-CFA-042 — state.relayStunLossBps is READ as the classifier stunPacketLossBps arg[2m > [22m[2ma HIGH STUN prior ABSORBS a drop that a ZERO STUN prior PROMOTES (same accumulator history)
[22m[39m{"timestamp":"2026-06-20T06:22:08.017Z","level":"INFO","source":"frontend","module":"webrtc/sframe-transform","message":"encrypted frame","context":{"kid":9,"ctr":5,"byteLength":62,"codecOffset":10}}

[90mstdout[2m | apps/validator-daemon/src/canary/__tests__/verify-loop.test.ts[2m > [22m[2mREQ-CFA-042 — state.relayStunLossBps is READ as the classifier stunPacketLossBps arg[2m > [22m[2ma HIGH STUN prior ABSORBS a drop that a ZERO STUN prior PROMOTES (same accumulator history)
[22m[39m{"timestamp":"2026-06-20T06:22:08.018Z","level":"INFO","source":"frontend","module":"webrtc/sframe-transform","message":"encrypted frame","context":{"kid":9,"ctr":6,"byteLength":62,"codecOffset":10}}

[90mstdout[2m | apps/validator-daemon/src/canary/__tests__/verify-loop.test.ts[2m > [22m[2mREQ-CFA-042 — state.relayStunLossBps is READ as the classifier stunPacketLossBps arg[2m > [22m[2ma HIGH STUN prior ABSORBS a drop that a ZERO STUN prior PROMOTES (same accumulator history)
[22m[39m{"timestamp":"2026-06-20T06:22:08.019Z","level":"INFO","source":"frontend","module":"webrtc/sframe-transform","message":"encrypted frame","context":{"kid":9,"ctr":7,"byteLength":62,"codecOffset":10}}

{"level":30,"time":1781936528020,"pid":3780,"hostname":"Quang","name":"canary/verifier","canaryKid":9,"mediaPackets":7,"byteIdentical":7,"divergences":1,"msg":"canary forwarding verified"}
[90mstdout[2m | apps/validator-daemon/src/canary/__tests__/verify-loop.test.ts[2m > [22m[2mREQ-CFA-042 — state.relayStunLossBps is READ as the classifier stunPacketLossBps arg[2m > [22m[2ma HIGH STUN prior ABSORBS a drop that a ZERO STUN prior PROMOTES (same accumulator history)
[22m[39m{"timestamp":"2026-06-20T06:22:08.021Z","level":"INFO","source":"frontend","module":"webrtc/sframe-transform","message":"encrypted frame","context":{"kid":9,"ctr":0,"byteLength":62,"codecOffset":10}}

[90mstdout[2m | apps/validator-daemon/src/canary/__tests__/verify-loop.test.ts[2m > [22m[2mREQ-CFA-042 — state.relayStunLossBps is READ as the classifier stunPacketLossBps arg[2m > [22m[2ma HIGH STUN prior ABSORBS a drop that a ZERO STUN prior PROMOTES (same accumulator history)
[22m[39m{"timestamp":"2026-06-20T06:22:08.023Z","level":"INFO","source":"frontend","module":"webrtc/sframe-transform","message":"encrypted frame","context":{"kid":9,"ctr":1,"byteLength":62,"codecOffset":10}}

[90mstdout[2m | apps/validator-daemon/src/canary/__tests__/verify-loop.test.ts[2m > [22m[2mREQ-CFA-042 — state.relayStunLossBps is READ as the classifier stunPacketLossBps arg[2m > [22m[2ma HIGH STUN prior ABSORBS a drop that a ZERO STUN prior PROMOTES (same accumulator history)
[22m[39m{"timestamp":"2026-06-20T06:22:08.025Z","level":"INFO","source":"frontend","module":"webrtc/sframe-transform","message":"encrypted frame","context":{"kid":9,"ctr":2,"byteLength":62,"codecOffset":10}}

[90mstdout[2m | apps/validator-daemon/src/canary/__tests__/verify-loop.test.ts[2m > [22m[2mREQ-CFA-042 — state.relayStunLossBps is READ as the classifier stunPacketLossBps arg[2m > [22m[2ma HIGH STUN prior ABSORBS a drop that a ZERO STUN prior PROMOTES (same accumulator history)
[22m[39m{"timestamp":"2026-06-20T06:22:08.027Z","level":"INFO","source":"frontend","module":"webrtc/sframe-transform","message":"encrypted frame","context":{"kid":9,"ctr":3,"byteLength":62,"codecOffset":10}}

[90mstdout[2m | apps/validator-daemon/src/canary/__tests__/verify-loop.test.ts[2m > [22m[2mREQ-CFA-042 — state.relayStunLossBps is READ as the classifier stunPacketLossBps arg[2m > [22m[2ma HIGH STUN prior ABSORBS a drop that a ZERO STUN prior PROMOTES (same accumulator history)
[22m[39m{"timestamp":"2026-06-20T06:22:08.029Z","level":"INFO","source":"frontend","module":"webrtc/sframe-transform","message":"encrypted frame","context":{"kid":9,"ctr":4,"byteLength":62,"codecOffset":10}}

[90mstdout[2m | apps/validator-daemon/src/canary/__tests__/verify-loop.test.ts[2m > [22m[2mREQ-CFA-042 — state.relayStunLossBps is READ as the classifier stunPacketLossBps arg[2m > [22m[2ma HIGH STUN prior ABSORBS a drop that a ZERO STUN prior PROMOTES (same accumulator history)
[22m[39m{"timestamp":"2026-06-20T06:22:08.030Z","level":"INFO","source":"frontend","module":"webrtc/sframe-transform","message":"encrypted frame","context":{"kid":9,"ctr":5,"byteLength":62,"codecOffset":10}}

[90mstdout[2m | apps/validator-daemon/src/canary/__tests__/verify-loop.test.ts[2m > [22m[2mREQ-CFA-042 — state.relayStunLossBps is READ as the classifier stunPacketLossBps arg[2m > [22m[2ma HIGH STUN prior ABSORBS a drop that a ZERO STUN prior PROMOTES (same accumulator history)
[22m[39m{"timestamp":"2026-06-20T06:22:08.031Z","level":"INFO","source":"frontend","module":"webrtc/sframe-transform","message":"encrypted frame","context":{"kid":9,"ctr":6,"byteLength":62,"codecOffset":10}}

[90mstdout[2m | apps/validator-daemon/src/canary/__tests__/verify-loop.test.ts[2m > [22m[2mREQ-CFA-042 — state.relayStunLossBps is READ as the classifier stunPacketLossBps arg[2m > [22m[2ma HIGH STUN prior ABSORBS a drop that a ZERO STUN prior PROMOTES (same accumulator history)
[22m[39m{"timestamp":"2026-06-20T06:22:08.034Z","level":"INFO","source":"frontend","module":"webrtc/sframe-transform","message":"encrypted frame","context":{"kid":9,"ctr":7,"byteLength":62,"codecOffset":10}}

{"level":30,"time":1781936528034,"pid":3780,"hostname":"Quang","name":"canary/verifier","canaryKid":9,"mediaPackets":7,"byteIdentical":7,"divergences":1,"msg":"canary forwarding verified"}
{"level":30,"time":1781936528035,"pid":3780,"hostname":"Quang","name":"canary/loss-classifier","relayMinerId":"relay-under-audit","promoted":0,"absorbed":1,"tampers":0,"cumulativeCrossed":false,"msg":"canary divergences classified (drop gate / tamper p=1)"}
{"level":30,"time":1781936528035,"pid":3780,"hostname":"Quang","name":"canary/verify-loop","round":4,"relayMinerId":"relay-under-audit","roomId":"verify-loop-room","perReceiver":2,"promoted":0,"absorbed":1,"stunLossBps":"5000","msg":"canary verify round classified (hermetic half — synthetic capture, STUN read live)"}
[90mstdout[2m | apps/validator-daemon/src/canary/__tests__/verify-loop.test.ts[2m > [22m[2mREQ-CFA-042 — state.relayStunLossBps is READ as the classifier stunPacketLossBps arg[2m > [22m[2ma HIGH STUN prior ABSORBS a drop that a ZERO STUN prior PROMOTES (same accumulator history)
[22m[39m{"timestamp":"2026-06-20T06:22:08.036Z","level":"INFO","source":"frontend","module":"webrtc/sframe-transform","message":"encrypted frame","context":{"kid":9,"ctr":0,"byteLength":62,"codecOffset":10}}

[90mstdout[2m | apps/validator-daemon/src/canary/__tests__/verify-loop.test.ts[2m > [22m[2mREQ-CFA-042 — state.relayStunLossBps is READ as the classifier stunPacketLossBps arg[2m > [22m[2ma HIGH STUN prior ABSORBS a drop that a ZERO STUN prior PROMOTES (same accumulator history)
[22m[39m{"timestamp":"2026-06-20T06:22:08.040Z","level":"INFO","source":"frontend","module":"webrtc/sframe-transform","message":"encrypted frame","context":{"kid":9,"ctr":1,"byteLength":62,"codecOffset":10}}

[90mstdout[2m | apps/validator-daemon/src/canary/__tests__/verify-loop.test.ts[2m > [22m[2mREQ-CFA-042 — state.relayStunLossBps is READ as the classifier stunPacketLossBps arg[2m > [22m[2ma HIGH STUN prior ABSORBS a drop that a ZERO STUN prior PROMOTES (same accumulator history)
[22m[39m{"timestamp":"2026-06-20T06:22:08.042Z","level":"INFO","source":"frontend","module":"webrtc/sframe-transform","message":"encrypted frame","context":{"kid":9,"ctr":2,"byteLength":62,"codecOffset":10}}

[90mstdout[2m | apps/validator-daemon/src/canary/__tests__/verify-loop.test.ts[2m > [22m[2mREQ-CFA-042 — state.relayStunLossBps is READ as the classifier stunPacketLossBps arg[2m > [22m[2ma HIGH STUN prior ABSORBS a drop that a ZERO STUN prior PROMOTES (same accumulator history)
[22m[39m{"timestamp":"2026-06-20T06:22:08.043Z","level":"INFO","source":"frontend","module":"webrtc/sframe-transform","message":"encrypted frame","context":{"kid":9,"ctr":3,"byteLength":62,"codecOffset":10}}

[90mstdout[2m | apps/validator-daemon/src/canary/__tests__/verify-loop.test.ts[2m > [22m[2mREQ-CFA-042 — state.relayStunLossBps is READ as the classifier stunPacketLossBps arg[2m > [22m[2ma HIGH STUN prior ABSORBS a drop that a ZERO STUN prior PROMOTES (same accumulator history)
[22m[39m{"timestamp":"2026-06-20T06:22:08.044Z","level":"INFO","source":"frontend","module":"webrtc/sframe-transform","message":"encrypted frame","context":{"kid":9,"ctr":4,"byteLength":62,"codecOffset":10}}

[90mstdout[2m | apps/validator-daemon/src/canary/__tests__/verify-loop.test.ts[2m > [22m[2mREQ-CFA-042 — state.relayStunLossBps is READ as the classifier stunPacketLossBps arg[2m > [22m[2ma HIGH STUN prior ABSORBS a drop that a ZERO STUN prior PROMOTES (same accumulator history)
[22m[39m{"timestamp":"2026-06-20T06:22:08.045Z","level":"INFO","source":"frontend","module":"webrtc/sframe-transform","message":"encrypted frame","context":{"kid":9,"ctr":6,"byteLength":62,"codecOffset":10}}

[90mstdout[2m | apps/validator-daemon/src/canary/__tests__/verify-loop.test.ts[2m > [22m[2mREQ-CFA-042 — state.relayStunLossBps is READ as the classifier stunPacketLossBps arg[2m > [22m[2ma HIGH STUN prior ABSORBS a drop that a ZERO STUN prior PROMOTES (same accumulator history)
[22m[39m{"timestamp":"2026-06-20T06:22:08.046Z","level":"INFO","source":"frontend","module":"webrtc/sframe-transform","message":"encrypted frame","context":{"kid":9,"ctr":7,"byteLength":62,"codecOffset":10}}

[90mstdout[2m | apps/validator-daemon/src/canary/__tests__/verify-loop.test.ts[2m > [22m[2mREQ-CFA-042 — state.relayStunLossBps is READ as the classifier stunPacketLossBps arg[2m > [22m[2ma HIGH STUN prior ABSORBS a drop that a ZERO STUN prior PROMOTES (same accumulator history)
[22m[39m{"timestamp":"2026-06-20T06:22:08.048Z","level":"INFO","source":"frontend","module":"webrtc/sframe-transform","message":"encrypted frame","context":{"kid":9,"ctr":0,"byteLength":62,"codecOffset":10}}

[90mstdout[2m | apps/validator-daemon/src/canary/__tests__/verify-loop.test.ts[2m > [22m[2mREQ-CFA-042 — state.relayStunLossBps is READ as the classifier stunPacketLossBps arg[2m > [22m[2ma HIGH STUN prior ABSORBS a drop that a ZERO STUN prior PROMOTES (same accumulator history)
[22m[39m{"timestamp":"2026-06-20T06:22:08.049Z","level":"INFO","source":"frontend","module":"webrtc/sframe-transform","message":"encrypted frame","context":{"kid":9,"ctr":1,"byteLength":62,"codecOffset":10}}

[90mstdout[2m | apps/validator-daemon/src/canary/__tests__/verify-loop.test.ts[2m > [22m[2mREQ-CFA-042 — state.relayStunLossBps is READ as the classifier stunPacketLossBps arg[2m > [22m[2ma HIGH STUN prior ABSORBS a drop that a ZERO STUN prior PROMOTES (same accumulator history)
[22m[39m{"timestamp":"2026-06-20T06:22:08.050Z","level":"INFO","source":"frontend","module":"webrtc/sframe-transform","message":"encrypted frame","context":{"kid":9,"ctr":2,"byteLength":62,"codecOffset":10}}

[90mstdout[2m | apps/validator-daemon/src/canary/__tests__/verify-loop.test.ts[2m > [22m[2mREQ-CFA-042 — state.relayStunLossBps is READ as the classifier stunPacketLossBps arg[2m > [22m[2ma HIGH STUN prior ABSORBS a drop that a ZERO STUN prior PROMOTES (same accumulator history)
[22m[39m{"timestamp":"2026-06-20T06:22:08.051Z","level":"INFO","source":"frontend","module":"webrtc/sframe-transform","message":"encrypted frame","context":{"kid":9,"ctr":3,"byteLength":62,"codecOffset":10}}

[90mstdout[2m | apps/validator-daemon/src/canary/__tests__/verify-loop.test.ts[2m > [22m[2mREQ-CFA-042 — state.relayStunLossBps is READ as the classifier stunPacketLossBps arg[2m > [22m[2ma HIGH STUN prior ABSORBS a drop that a ZERO STUN prior PROMOTES (same accumulator history)
[22m[39m{"timestamp":"2026-06-20T06:22:08.052Z","level":"INFO","source":"frontend","module":"webrtc/sframe-transform","message":"encrypted frame","context":{"kid":9,"ctr":4,"byteLength":62,"codecOffset":10}}

[90mstdout[2m | apps/validator-daemon/src/canary/__tests__/verify-loop.test.ts[2m > [22m[2mREQ-CFA-042 — state.relayStunLossBps is READ as the classifier stunPacketLossBps arg[2m > [22m[2ma HIGH STUN prior ABSORBS a drop that a ZERO STUN prior PROMOTES (same accumulator history)
[22m[39m{"timestamp":"2026-06-20T06:22:08.053Z","level":"INFO","source":"frontend","module":"webrtc/sframe-transform","message":"encrypted frame","context":{"kid":9,"ctr":5,"byteLength":62,"codecOffset":10}}

[90mstdout[2m | apps/validator-daemon/src/canary/__tests__/verify-loop.test.ts[2m > [22m[2mREQ-CFA-042 — state.relayStunLossBps is READ as the classifier stunPacketLossBps arg[2m > [22m[2ma HIGH STUN prior ABSORBS a drop that a ZERO STUN prior PROMOTES (same accumulator history)
[22m[39m{"timestamp":"2026-06-20T06:22:08.054Z","level":"INFO","source":"frontend","module":"webrtc/sframe-transform","message":"encrypted frame","context":{"kid":9,"ctr":6,"byteLength":62,"codecOffset":10}}

[90mstdout[2m | apps/validator-daemon/src/canary/__tests__/verify-loop.test.ts[2m > [22m[2mREQ-CFA-042 — state.relayStunLossBps is READ as the classifier stunPacketLossBps arg[2m > [22m[2ma HIGH STUN prior ABSORBS a drop that a ZERO STUN prior PROMOTES (same accumulator history)
[22m[39m{"timestamp":"2026-06-20T06:22:08.055Z","level":"INFO","source":"frontend","module":"webrtc/sframe-transform","message":"encrypted frame","context":{"kid":9,"ctr":7,"byteLength":62,"codecOffset":10}}

{"level":30,"time":1781936528055,"pid":3780,"hostname":"Quang","name":"canary/verifier","canaryKid":9,"mediaPackets":7,"byteIdentical":7,"divergences":1,"msg":"canary forwarding verified"}
[90mstdout[2m | apps/validator-daemon/src/canary/__tests__/verify-loop.test.ts[2m > [22m[2mREQ-CFA-042 — state.relayStunLossBps is READ as the classifier stunPacketLossBps arg[2m > [22m[2ma HIGH STUN prior ABSORBS a drop that a ZERO STUN prior PROMOTES (same accumulator history)
[22m[39m{"timestamp":"2026-06-20T06:22:08.056Z","level":"INFO","source":"frontend","module":"webrtc/sframe-transform","message":"encrypted frame","context":{"kid":9,"ctr":0,"byteLength":62,"codecOffset":10}}

[90mstdout[2m | apps/validator-daemon/src/canary/__tests__/verify-loop.test.ts[2m > [22m[2mREQ-CFA-042 — state.relayStunLossBps is READ as the classifier stunPacketLossBps arg[2m > [22m[2ma HIGH STUN prior ABSORBS a drop that a ZERO STUN prior PROMOTES (same accumulator history)
[22m[39m{"timestamp":"2026-06-20T06:22:08.057Z","level":"INFO","source":"frontend","module":"webrtc/sframe-transform","message":"encrypted frame","context":{"kid":9,"ctr":1,"byteLength":62,"codecOffset":10}}

[90mstdout[2m | apps/validator-daemon/src/canary/__tests__/verify-loop.test.ts[2m > [22m[2mREQ-CFA-042 — state.relayStunLossBps is READ as the classifier stunPacketLossBps arg[2m > [22m[2ma HIGH STUN prior ABSORBS a drop that a ZERO STUN prior PROMOTES (same accumulator history)
[22m[39m{"timestamp":"2026-06-20T06:22:08.058Z","level":"INFO","source":"frontend","module":"webrtc/sframe-transform","message":"encrypted frame","context":{"kid":9,"ctr":2,"byteLength":62,"codecOffset":10}}

[90mstdout[2m | apps/validator-daemon/src/canary/__tests__/verify-loop.test.ts[2m > [22m[2mREQ-CFA-042 — state.relayStunLossBps is READ as the classifier stunPacketLossBps arg[2m > [22m[2ma HIGH STUN prior ABSORBS a drop that a ZERO STUN prior PROMOTES (same accumulator history)
[22m[39m{"timestamp":"2026-06-20T06:22:08.059Z","level":"INFO","source":"frontend","module":"webrtc/sframe-transform","message":"encrypted frame","context":{"kid":9,"ctr":3,"byteLength":62,"codecOffset":10}}

[90mstdout[2m | apps/validator-daemon/src/canary/__tests__/verify-loop.test.ts[2m > [22m[2mREQ-CFA-042 — state.relayStunLossBps is READ as the classifier stunPacketLossBps arg[2m > [22m[2ma HIGH STUN prior ABSORBS a drop that a ZERO STUN prior PROMOTES (same accumulator history)
[22m[39m{"timestamp":"2026-06-20T06:22:08.061Z","level":"INFO","source":"frontend","module":"webrtc/sframe-transform","message":"encrypted frame","context":{"kid":9,"ctr":4,"byteLength":62,"codecOffset":10}}

[90mstdout[2m | apps/validator-daemon/src/canary/__tests__/verify-loop.test.ts[2m > [22m[2mREQ-CFA-042 — state.relayStunLossBps is READ as the classifier stunPacketLossBps arg[2m > [22m[2ma HIGH STUN prior ABSORBS a drop that a ZERO STUN prior PROMOTES (same accumulator history)
[22m[39m{"timestamp":"2026-06-20T06:22:08.062Z","level":"INFO","source":"frontend","module":"webrtc/sframe-transform","message":"encrypted frame","context":{"kid":9,"ctr":5,"byteLength":62,"codecOffset":10}}

[90mstdout[2m | apps/validator-daemon/src/canary/__tests__/verify-loop.test.ts[2m > [22m[2mREQ-CFA-042 — state.relayStunLossBps is READ as the classifier stunPacketLossBps arg[2m > [22m[2ma HIGH STUN prior ABSORBS a drop that a ZERO STUN prior PROMOTES (same accumulator history)
[22m[39m{"timestamp":"2026-06-20T06:22:08.063Z","level":"INFO","source":"frontend","module":"webrtc/sframe-transform","message":"encrypted frame","context":{"kid":9,"ctr":6,"byteLength":62,"codecOffset":10}}

[90mstdout[2m | apps/validator-daemon/src/canary/__tests__/verify-loop.test.ts[2m > [22m[2mREQ-CFA-042 — state.relayStunLossBps is READ as the classifier stunPacketLossBps arg[2m > [22m[2ma HIGH STUN prior ABSORBS a drop that a ZERO STUN prior PROMOTES (same accumulator history)
[22m[39m{"timestamp":"2026-06-20T06:22:08.064Z","level":"INFO","source":"frontend","module":"webrtc/sframe-transform","message":"encrypted frame","context":{"kid":9,"ctr":7,"byteLength":62,"codecOffset":10}}

{"level":30,"time":1781936528064,"pid":3780,"hostname":"Quang","name":"canary/verifier","canaryKid":9,"mediaPackets":7,"byteIdentical":7,"divergences":1,"msg":"canary forwarding verified"}
{"level":30,"time":1781936528064,"pid":3780,"hostname":"Quang","name":"canary/loss-classifier","relayMinerId":"relay-under-audit","promoted":1,"absorbed":0,"tampers":0,"cumulativeCrossed":true,"msg":"canary divergences classified (drop gate / tamper p=1)"}
{"level":30,"time":1781936528075,"pid":3780,"hostname":"Quang","name":"canary/proof","roomId":"verify-loop-room","relayMinerId":"relay-under-audit","canaryId":9,"frameSeq":5,"drop":true,"attesters":2,"msg":"canary proof-of-divergence built (Wallet-B only)"}
{"level":30,"time":1781936528075,"pid":3780,"hostname":"Quang","name":"canary/verify-loop","round":5,"relayMinerId":"relay-under-audit","roomId":"verify-loop-room","perReceiver":2,"promoted":1,"absorbed":0,"stunLossBps":"0","msg":"canary verify round classified (hermetic half — synthetic capture, STUN read live)"}
[90mstdout[2m | apps/validator-daemon/src/canary/__tests__/verify-loop.test.ts[2m > [22m[2mREQ-CFA-042 — state.relayStunLossBps is READ as the classifier stunPacketLossBps arg[2m > [22m[2ma HIGH STUN prior ABSORBS a drop that a ZERO STUN prior PROMOTES (same accumulator history)
[22m[39m{"timestamp":"2026-06-20T06:22:08.076Z","level":"INFO","source":"frontend","module":"webrtc/sframe-transform","message":"encrypted frame","context":{"kid":9,"ctr":0,"byteLength":62,"codecOffset":10}}

[90mstdout[2m | apps/validator-daemon/src/canary/__tests__/verify-loop.test.ts[2m > [22m[2mREQ-CFA-042 — state.relayStunLossBps is READ as the classifier stunPacketLossBps arg[2m > [22m[2ma HIGH STUN prior ABSORBS a drop that a ZERO STUN prior PROMOTES (same accumulator history)
[22m[39m{"timestamp":"2026-06-20T06:22:08.078Z","level":"INFO","source":"frontend","module":"webrtc/sframe-transform","message":"encrypted frame","context":{"kid":9,"ctr":1,"byteLength":62,"codecOffset":10}}

[90mstdout[2m | apps/validator-daemon/src/canary/__tests__/verify-loop.test.ts[2m > [22m[2mREQ-CFA-042 — state.relayStunLossBps is READ as the classifier stunPacketLossBps arg[2m > [22m[2ma HIGH STUN prior ABSORBS a drop that a ZERO STUN prior PROMOTES (same accumulator history)
[22m[39m{"timestamp":"2026-06-20T06:22:08.079Z","level":"INFO","source":"frontend","module":"webrtc/sframe-transform","message":"encrypted frame","context":{"kid":9,"ctr":2,"byteLength":62,"codecOffset":10}}

[90mstdout[2m | apps/validator-daemon/src/canary/__tests__/verify-loop.test.ts[2m > [22m[2mREQ-CFA-042 — state.relayStunLossBps is READ as the classifier stunPacketLossBps arg[2m > [22m[2ma HIGH STUN prior ABSORBS a drop that a ZERO STUN prior PROMOTES (same accumulator history)
[22m[39m{"timestamp":"2026-06-20T06:22:08.080Z","level":"INFO","source":"frontend","module":"webrtc/sframe-transform","message":"encrypted frame","context":{"kid":9,"ctr":3,"byteLength":62,"codecOffset":10}}

[90mstdout[2m | apps/validator-daemon/src/canary/__tests__/verify-loop.test.ts[2m > [22m[2mREQ-CFA-042 — state.relayStunLossBps is READ as the classifier stunPacketLossBps arg[2m > [22m[2ma HIGH STUN prior ABSORBS a drop that a ZERO STUN prior PROMOTES (same accumulator history)
[22m[39m{"timestamp":"2026-06-20T06:22:08.081Z","level":"INFO","source":"frontend","module":"webrtc/sframe-transform","message":"encrypted frame","context":{"kid":9,"ctr":4,"byteLength":62,"codecOffset":10}}

[90mstdout[2m | apps/validator-daemon/src/canary/__tests__/verify-loop.test.ts[2m > [22m[2mREQ-CFA-042 — state.relayStunLossBps is READ as the classifier stunPacketLossBps arg[2m > [22m[2ma HIGH STUN prior ABSORBS a drop that a ZERO STUN prior PROMOTES (same accumulator history)
[22m[39m{"timestamp":"2026-06-20T06:22:08.082Z","level":"INFO","source":"frontend","module":"webrtc/sframe-transform","message":"encrypted frame","context":{"kid":9,"ctr":6,"byteLength":62,"codecOffset":10}}

[90mstdout[2m | apps/validator-daemon/src/canary/__tests__/verify-loop.test.ts[2m > [22m[2mREQ-CFA-042 — state.relayStunLossBps is READ as the classifier stunPacketLossBps arg[2m > [22m[2ma HIGH STUN prior ABSORBS a drop that a ZERO STUN prior PROMOTES (same accumulator history)
[22m[39m{"timestamp":"2026-06-20T06:22:08.083Z","level":"INFO","source":"frontend","module":"webrtc/sframe-transform","message":"encrypted frame","context":{"kid":9,"ctr":7,"byteLength":62,"codecOffset":10}}

[90mstdout[2m | apps/validator-daemon/src/canary/__tests__/verify-loop.test.ts[2m > [22m[2mREQ-CFA-042 — state.relayStunLossBps is READ as the classifier stunPacketLossBps arg[2m > [22m[2ma HIGH STUN prior ABSORBS a drop that a ZERO STUN prior PROMOTES (same accumulator history)
[22m[39m{"timestamp":"2026-06-20T06:22:08.085Z","level":"INFO","source":"frontend","module":"webrtc/sframe-transform","message":"encrypted frame","context":{"kid":9,"ctr":0,"byteLength":62,"codecOffset":10}}

[90mstdout[2m | apps/validator-daemon/src/canary/__tests__/verify-loop.test.ts[2m > [22m[2mREQ-CFA-042 — state.relayStunLossBps is READ as the classifier stunPacketLossBps arg[2m > [22m[2ma HIGH STUN prior ABSORBS a drop that a ZERO STUN prior PROMOTES (same accumulator history)
[22m[39m{"timestamp":"2026-06-20T06:22:08.086Z","level":"INFO","source":"frontend","module":"webrtc/sframe-transform","message":"encrypted frame","context":{"kid":9,"ctr":1,"byteLength":62,"codecOffset":10}}

[90mstdout[2m | apps/validator-daemon/src/canary/__tests__/verify-loop.test.ts[2m > [22m[2mREQ-CFA-042 — state.relayStunLossBps is READ as the classifier stunPacketLossBps arg[2m > [22m[2ma HIGH STUN prior ABSORBS a drop that a ZERO STUN prior PROMOTES (same accumulator history)
[22m[39m{"timestamp":"2026-06-20T06:22:08.087Z","level":"INFO","source":"frontend","module":"webrtc/sframe-transform","message":"encrypted frame","context":{"kid":9,"ctr":2,"byteLength":62,"codecOffset":10}}

[90mstdout[2m | apps/validator-daemon/src/canary/__tests__/verify-loop.test.ts[2m > [22m[2mREQ-CFA-042 — state.relayStunLossBps is READ as the classifier stunPacketLossBps arg[2m > [22m[2ma HIGH STUN prior ABSORBS a drop that a ZERO STUN prior PROMOTES (same accumulator history)
[22m[39m{"timestamp":"2026-06-20T06:22:08.089Z","level":"INFO","source":"frontend","module":"webrtc/sframe-transform","message":"encrypted frame","context":{"kid":9,"ctr":3,"byteLength":62,"codecOffset":10}}

[90mstdout[2m | apps/validator-daemon/src/canary/__tests__/verify-loop.test.ts[2m > [22m[2mREQ-CFA-042 — state.relayStunLossBps is READ as the classifier stunPacketLossBps arg[2m > [22m[2ma HIGH STUN prior ABSORBS a drop that a ZERO STUN prior PROMOTES (same accumulator history)
[22m[39m{"timestamp":"2026-06-20T06:22:08.090Z","level":"INFO","source":"frontend","module":"webrtc/sframe-transform","message":"encrypted frame","context":{"kid":9,"ctr":4,"byteLength":62,"codecOffset":10}}

[90mstdout[2m | apps/validator-daemon/src/canary/__tests__/verify-loop.test.ts[2m > [22m[2mREQ-CFA-042 — state.relayStunLossBps is READ as the classifier stunPacketLossBps arg[2m > [22m[2ma HIGH STUN prior ABSORBS a drop that a ZERO STUN prior PROMOTES (same accumulator history)
[22m[39m{"timestamp":"2026-06-20T06:22:08.092Z","level":"INFO","source":"frontend","module":"webrtc/sframe-transform","message":"encrypted frame","context":{"kid":9,"ctr":5,"byteLength":62,"codecOffset":10}}

[90mstdout[2m | apps/validator-daemon/src/canary/__tests__/verify-loop.test.ts[2m > [22m[2mREQ-CFA-042 — state.relayStunLossBps is READ as the classifier stunPacketLossBps arg[2m > [22m[2ma HIGH STUN prior ABSORBS a drop that a ZERO STUN prior PROMOTES (same accumulator history)
[22m[39m{"timestamp":"2026-06-20T06:22:08.093Z","level":"INFO","source":"frontend","module":"webrtc/sframe-transform","message":"encrypted frame","context":{"kid":9,"ctr":6,"byteLength":62,"codecOffset":10}}

[90mstdout[2m | apps/validator-daemon/src/canary/__tests__/verify-loop.test.ts[2m > [22m[2mREQ-CFA-042 — state.relayStunLossBps is READ as the classifier stunPacketLossBps arg[2m > [22m[2ma HIGH STUN prior ABSORBS a drop that a ZERO STUN prior PROMOTES (same accumulator history)
[22m[39m{"timestamp":"2026-06-20T06:22:08.095Z","level":"INFO","source":"frontend","module":"webrtc/sframe-transform","message":"encrypted frame","context":{"kid":9,"ctr":7,"byteLength":62,"codecOffset":10}}

{"level":30,"time":1781936528096,"pid":3780,"hostname":"Quang","name":"canary/verifier","canaryKid":9,"mediaPackets":7,"byteIdentical":7,"divergences":1,"msg":"canary forwarding verified"}
[90mstdout[2m | apps/validator-daemon/src/canary/__tests__/verify-loop.test.ts[2m > [22m[2mREQ-CFA-042 — state.relayStunLossBps is READ as the classifier stunPacketLossBps arg[2m > [22m[2ma HIGH STUN prior ABSORBS a drop that a ZERO STUN prior PROMOTES (same accumulator history)
[22m[39m{"timestamp":"2026-06-20T06:22:08.097Z","level":"INFO","source":"frontend","module":"webrtc/sframe-transform","message":"encrypted frame","context":{"kid":9,"ctr":0,"byteLength":62,"codecOffset":10}}

[90mstdout[2m | apps/validator-daemon/src/canary/__tests__/verify-loop.test.ts[2m > [22m[2mREQ-CFA-042 — state.relayStunLossBps is READ as the classifier stunPacketLossBps arg[2m > [22m[2ma HIGH STUN prior ABSORBS a drop that a ZERO STUN prior PROMOTES (same accumulator history)
[22m[39m{"timestamp":"2026-06-20T06:22:08.098Z","level":"INFO","source":"frontend","module":"webrtc/sframe-transform","message":"encrypted frame","context":{"kid":9,"ctr":1,"byteLength":62,"codecOffset":10}}

[90mstdout[2m | apps/validator-daemon/src/canary/__tests__/verify-loop.test.ts[2m > [22m[2mREQ-CFA-042 — state.relayStunLossBps is READ as the classifier stunPacketLossBps arg[2m > [22m[2ma HIGH STUN prior ABSORBS a drop that a ZERO STUN prior PROMOTES (same accumulator history)
[22m[39m{"timestamp":"2026-06-20T06:22:08.099Z","level":"INFO","source":"frontend","module":"webrtc/sframe-transform","message":"encrypted frame","context":{"kid":9,"ctr":2,"byteLength":62,"codecOffset":10}}

[90mstdout[2m | apps/validator-daemon/src/canary/__tests__/verify-loop.test.ts[2m > [22m[2mREQ-CFA-042 — state.relayStunLossBps is READ as the classifier stunPacketLossBps arg[2m > [22m[2ma HIGH STUN prior ABSORBS a drop that a ZERO STUN prior PROMOTES (same accumulator history)
[22m[39m{"timestamp":"2026-06-20T06:22:08.101Z","level":"INFO","source":"frontend","module":"webrtc/sframe-transform","message":"encrypted frame","context":{"kid":9,"ctr":3,"byteLength":62,"codecOffset":10}}

[90mstdout[2m | apps/validator-daemon/src/canary/__tests__/verify-loop.test.ts[2m > [22m[2mREQ-CFA-042 — state.relayStunLossBps is READ as the classifier stunPacketLossBps arg[2m > [22m[2ma HIGH STUN prior ABSORBS a drop that a ZERO STUN prior PROMOTES (same accumulator history)
[22m[39m{"timestamp":"2026-06-20T06:22:08.102Z","level":"INFO","source":"frontend","module":"webrtc/sframe-transform","message":"encrypted frame","context":{"kid":9,"ctr":4,"byteLength":62,"codecOffset":10}}

[90mstdout[2m | apps/validator-daemon/src/canary/__tests__/verify-loop.test.ts[2m > [22m[2mREQ-CFA-042 — state.relayStunLossBps is READ as the classifier stunPacketLossBps arg[2m > [22m[2ma HIGH STUN prior ABSORBS a drop that a ZERO STUN prior PROMOTES (same accumulator history)
[22m[39m{"timestamp":"2026-06-20T06:22:08.103Z","level":"INFO","source":"frontend","module":"webrtc/sframe-transform","message":"encrypted frame","context":{"kid":9,"ctr":5,"byteLength":62,"codecOffset":10}}

[90mstdout[2m | apps/validator-daemon/src/canary/__tests__/verify-loop.test.ts[2m > [22m[2mREQ-CFA-042 — state.relayStunLossBps is READ as the classifier stunPacketLossBps arg[2m > [22m[2ma HIGH STUN prior ABSORBS a drop that a ZERO STUN prior PROMOTES (same accumulator history)
[22m[39m{"timestamp":"2026-06-20T06:22:08.104Z","level":"INFO","source":"frontend","module":"webrtc/sframe-transform","message":"encrypted frame","context":{"kid":9,"ctr":6,"byteLength":62,"codecOffset":10}}

[90mstdout[2m | apps/validator-daemon/src/canary/__tests__/verify-loop.test.ts[2m > [22m[2mREQ-CFA-042 — state.relayStunLossBps is READ as the classifier stunPacketLossBps arg[2m > [22m[2ma HIGH STUN prior ABSORBS a drop that a ZERO STUN prior PROMOTES (same accumulator history)
[22m[39m{"timestamp":"2026-06-20T06:22:08.105Z","level":"INFO","source":"frontend","module":"webrtc/sframe-transform","message":"encrypted frame","context":{"kid":9,"ctr":7,"byteLength":62,"codecOffset":10}}

{"level":30,"time":1781936528105,"pid":3780,"hostname":"Quang","name":"canary/verifier","canaryKid":9,"mediaPackets":7,"byteIdentical":7,"divergences":1,"msg":"canary forwarding verified"}
{"level":30,"time":1781936528106,"pid":3780,"hostname":"Quang","name":"canary/loss-classifier","relayMinerId":"relay-under-audit","promoted":0,"absorbed":1,"tampers":0,"cumulativeCrossed":false,"msg":"canary divergences classified (drop gate / tamper p=1)"}
{"level":30,"time":1781936528106,"pid":3780,"hostname":"Quang","name":"canary/verify-loop","round":5,"relayMinerId":"relay-under-audit","roomId":"verify-loop-room","perReceiver":2,"promoted":0,"absorbed":1,"stunLossBps":"5000","msg":"canary verify round classified (hermetic half — synthetic capture, STUN read live)"}
[90mstdout[2m | apps/validator-daemon/src/canary/__tests__/verify-loop.test.ts[2m > [22m[2mREQ-CFA-042 — state.relayStunLossBps is READ as the classifier stunPacketLossBps arg[2m > [22m[2ma HIGH STUN prior ABSORBS a drop that a ZERO STUN prior PROMOTES (same accumulator history)
[22m[39m{"timestamp":"2026-06-20T06:22:08.107Z","level":"INFO","source":"frontend","module":"webrtc/sframe-transform","message":"encrypted frame","context":{"kid":9,"ctr":0,"byteLength":62,"codecOffset":10}}

[90mstdout[2m | apps/validator-daemon/src/canary/__tests__/verify-loop.test.ts[2m > [22m[2mREQ-CFA-042 — state.relayStunLossBps is READ as the classifier stunPacketLossBps arg[2m > [22m[2ma HIGH STUN prior ABSORBS a drop that a ZERO STUN prior PROMOTES (same accumulator history)
[22m[39m{"timestamp":"2026-06-20T06:22:08.108Z","level":"INFO","source":"frontend","module":"webrtc/sframe-transform","message":"encrypted frame","context":{"kid":9,"ctr":1,"byteLength":62,"codecOffset":10}}

[90mstdout[2m | apps/validator-daemon/src/canary/__tests__/verify-loop.test.ts[2m > [22m[2mREQ-CFA-042 — state.relayStunLossBps is READ as the classifier stunPacketLossBps arg[2m > [22m[2ma HIGH STUN prior ABSORBS a drop that a ZERO STUN prior PROMOTES (same accumulator history)
[22m[39m{"timestamp":"2026-06-20T06:22:08.109Z","level":"INFO","source":"frontend","module":"webrtc/sframe-transform","message":"encrypted frame","context":{"kid":9,"ctr":2,"byteLength":62,"codecOffset":10}}

[90mstdout[2m | apps/validator-daemon/src/canary/__tests__/verify-loop.test.ts[2m > [22m[2mREQ-CFA-042 — state.relayStunLossBps is READ as the classifier stunPacketLossBps arg[2m > [22m[2ma HIGH STUN prior ABSORBS a drop that a ZERO STUN prior PROMOTES (same accumulator history)
[22m[39m{"timestamp":"2026-06-20T06:22:08.110Z","level":"INFO","source":"frontend","module":"webrtc/sframe-transform","message":"encrypted frame","context":{"kid":9,"ctr":3,"byteLength":62,"codecOffset":10}}

[90mstdout[2m | apps/validator-daemon/src/canary/__tests__/verify-loop.test.ts[2m > [22m[2mREQ-CFA-042 — state.relayStunLossBps is READ as the classifier stunPacketLossBps arg[2m > [22m[2ma HIGH STUN prior ABSORBS a drop that a ZERO STUN prior PROMOTES (same accumulator history)
[22m[39m{"timestamp":"2026-06-20T06:22:08.111Z","level":"INFO","source":"frontend","module":"webrtc/sframe-transform","message":"encrypted frame","context":{"kid":9,"ctr":4,"byteLength":62,"codecOffset":10}}

[90mstdout[2m | apps/validator-daemon/src/canary/__tests__/verify-loop.test.ts[2m > [22m[2mREQ-CFA-042 — state.relayStunLossBps is READ as the classifier stunPacketLossBps arg[2m > [22m[2ma HIGH STUN prior ABSORBS a drop that a ZERO STUN prior PROMOTES (same accumulator history)
[22m[39m{"timestamp":"2026-06-20T06:22:08.112Z","level":"INFO","source":"frontend","module":"webrtc/sframe-transform","message":"encrypted frame","context":{"kid":9,"ctr":6,"byteLength":62,"codecOffset":10}}

[90mstdout[2m | apps/validator-daemon/src/canary/__tests__/verify-loop.test.ts[2m > [22m[2mREQ-CFA-042 — state.relayStunLossBps is READ as the classifier stunPacketLossBps arg[2m > [22m[2ma HIGH STUN prior ABSORBS a drop that a ZERO STUN prior PROMOTES (same accumulator history)
[22m[39m{"timestamp":"2026-06-20T06:22:08.113Z","level":"INFO","source":"frontend","module":"webrtc/sframe-transform","message":"encrypted frame","context":{"kid":9,"ctr":7,"byteLength":62,"codecOffset":10}}

[90mstdout[2m | apps/validator-daemon/src/canary/__tests__/verify-loop.test.ts[2m > [22m[2mREQ-CFA-042 — state.relayStunLossBps is READ as the classifier stunPacketLossBps arg[2m > [22m[2ma HIGH STUN prior ABSORBS a drop that a ZERO STUN prior PROMOTES (same accumulator history)
[22m[39m{"timestamp":"2026-06-20T06:22:08.115Z","level":"INFO","source":"frontend","module":"webrtc/sframe-transform","message":"encrypted frame","context":{"kid":9,"ctr":0,"byteLength":62,"codecOffset":10}}

[90mstdout[2m | apps/validator-daemon/src/canary/__tests__/verify-loop.test.ts[2m > [22m[2mREQ-CFA-042 — state.relayStunLossBps is READ as the classifier stunPacketLossBps arg[2m > [22m[2ma HIGH STUN prior ABSORBS a drop that a ZERO STUN prior PROMOTES (same accumulator history)
[22m[39m{"timestamp":"2026-06-20T06:22:08.116Z","level":"INFO","source":"frontend","module":"webrtc/sframe-transform","message":"encrypted frame","context":{"kid":9,"ctr":1,"byteLength":62,"codecOffset":10}}

[90mstdout[2m | apps/validator-daemon/src/canary/__tests__/verify-loop.test.ts[2m > [22m[2mREQ-CFA-042 — state.relayStunLossBps is READ as the classifier stunPacketLossBps arg[2m > [22m[2ma HIGH STUN prior ABSORBS a drop that a ZERO STUN prior PROMOTES (same accumulator history)
[22m[39m{"timestamp":"2026-06-20T06:22:08.117Z","level":"INFO","source":"frontend","module":"webrtc/sframe-transform","message":"encrypted frame","context":{"kid":9,"ctr":2,"byteLength":62,"codecOffset":10}}

[90mstdout[2m | apps/validator-daemon/src/canary/__tests__/verify-loop.test.ts[2m > [22m[2mREQ-CFA-042 — state.relayStunLossBps is READ as the classifier stunPacketLossBps arg[2m > [22m[2ma HIGH STUN prior ABSORBS a drop that a ZERO STUN prior PROMOTES (same accumulator history)
[22m[39m{"timestamp":"2026-06-20T06:22:08.118Z","level":"INFO","source":"frontend","module":"webrtc/sframe-transform","message":"encrypted frame","context":{"kid":9,"ctr":3,"byteLength":62,"codecOffset":10}}

[90mstdout[2m | apps/validator-daemon/src/canary/__tests__/verify-loop.test.ts[2m > [22m[2mREQ-CFA-042 — state.relayStunLossBps is READ as the classifier stunPacketLossBps arg[2m > [22m[2ma HIGH STUN prior ABSORBS a drop that a ZERO STUN prior PROMOTES (same accumulator history)
[22m[39m{"timestamp":"2026-06-20T06:22:08.119Z","level":"INFO","source":"frontend","module":"webrtc/sframe-transform","message":"encrypted frame","context":{"kid":9,"ctr":4,"byteLength":62,"codecOffset":10}}

[90mstdout[2m | apps/validator-daemon/src/canary/__tests__/verify-loop.test.ts[2m > [22m[2mREQ-CFA-042 — state.relayStunLossBps is READ as the classifier stunPacketLossBps arg[2m > [22m[2ma HIGH STUN prior ABSORBS a drop that a ZERO STUN prior PROMOTES (same accumulator history)
[22m[39m{"timestamp":"2026-06-20T06:22:08.120Z","level":"INFO","source":"frontend","module":"webrtc/sframe-transform","message":"encrypted frame","context":{"kid":9,"ctr":5,"byteLength":62,"codecOffset":10}}

[90mstdout[2m | apps/validator-daemon/src/canary/__tests__/verify-loop.test.ts[2m > [22m[2mREQ-CFA-042 — state.relayStunLossBps is READ as the classifier stunPacketLossBps arg[2m > [22m[2ma HIGH STUN prior ABSORBS a drop that a ZERO STUN prior PROMOTES (same accumulator history)
[22m[39m{"timestamp":"2026-06-20T06:22:08.121Z","level":"INFO","source":"frontend","module":"webrtc/sframe-transform","message":"encrypted frame","context":{"kid":9,"ctr":6,"byteLength":62,"codecOffset":10}}

[90mstdout[2m | apps/validator-daemon/src/canary/__tests__/verify-loop.test.ts[2m > [22m[2mREQ-CFA-042 — state.relayStunLossBps is READ as the classifier stunPacketLossBps arg[2m > [22m[2ma HIGH STUN prior ABSORBS a drop that a ZERO STUN prior PROMOTES (same accumulator history)
[22m[39m{"timestamp":"2026-06-20T06:22:08.122Z","level":"INFO","source":"frontend","module":"webrtc/sframe-transform","message":"encrypted frame","context":{"kid":9,"ctr":7,"byteLength":62,"codecOffset":10}}

{"level":30,"time":1781936528122,"pid":3780,"hostname":"Quang","name":"canary/verifier","canaryKid":9,"mediaPackets":7,"byteIdentical":7,"divergences":1,"msg":"canary forwarding verified"}
[90mstdout[2m | apps/validator-daemon/src/canary/__tests__/verify-loop.test.ts[2m > [22m[2mREQ-CFA-042 — state.relayStunLossBps is READ as the classifier stunPacketLossBps arg[2m > [22m[2ma HIGH STUN prior ABSORBS a drop that a ZERO STUN prior PROMOTES (same accumulator history)
[22m[39m{"timestamp":"2026-06-20T06:22:08.123Z","level":"INFO","source":"frontend","module":"webrtc/sframe-transform","message":"encrypted frame","context":{"kid":9,"ctr":0,"byteLength":62,"codecOffset":10}}

[90mstdout[2m | apps/validator-daemon/src/canary/__tests__/verify-loop.test.ts[2m > [22m[2mREQ-CFA-042 — state.relayStunLossBps is READ as the classifier stunPacketLossBps arg[2m > [22m[2ma HIGH STUN prior ABSORBS a drop that a ZERO STUN prior PROMOTES (same accumulator history)
[22m[39m{"timestamp":"2026-06-20T06:22:08.124Z","level":"INFO","source":"frontend","module":"webrtc/sframe-transform","message":"encrypted frame","context":{"kid":9,"ctr":1,"byteLength":62,"codecOffset":10}}

[90mstdout[2m | apps/validator-daemon/src/canary/__tests__/verify-loop.test.ts[2m > [22m[2mREQ-CFA-042 — state.relayStunLossBps is READ as the classifier stunPacketLossBps arg[2m > [22m[2ma HIGH STUN prior ABSORBS a drop that a ZERO STUN prior PROMOTES (same accumulator history)
[22m[39m{"timestamp":"2026-06-20T06:22:08.125Z","level":"INFO","source":"frontend","module":"webrtc/sframe-transform","message":"encrypted frame","context":{"kid":9,"ctr":2,"byteLength":62,"codecOffset":10}}

[90mstdout[2m | apps/validator-daemon/src/canary/__tests__/verify-loop.test.ts[2m > [22m[2mREQ-CFA-042 — state.relayStunLossBps is READ as the classifier stunPacketLossBps arg[2m > [22m[2ma HIGH STUN prior ABSORBS a drop that a ZERO STUN prior PROMOTES (same accumulator history)
[22m[39m{"timestamp":"2026-06-20T06:22:08.126Z","level":"INFO","source":"frontend","module":"webrtc/sframe-transform","message":"encrypted frame","context":{"kid":9,"ctr":3,"byteLength":62,"codecOffset":10}}

[90mstdout[2m | apps/validator-daemon/src/canary/__tests__/verify-loop.test.ts[2m > [22m[2mREQ-CFA-042 — state.relayStunLossBps is READ as the classifier stunPacketLossBps arg[2m > [22m[2ma HIGH STUN prior ABSORBS a drop that a ZERO STUN prior PROMOTES (same accumulator history)
[22m[39m{"timestamp":"2026-06-20T06:22:08.126Z","level":"INFO","source":"frontend","module":"webrtc/sframe-transform","message":"encrypted frame","context":{"kid":9,"ctr":4,"byteLength":62,"codecOffset":10}}

[90mstdout[2m | apps/validator-daemon/src/canary/__tests__/verify-loop.test.ts[2m > [22m[2mREQ-CFA-042 — state.relayStunLossBps is READ as the classifier stunPacketLossBps arg[2m > [22m[2ma HIGH STUN prior ABSORBS a drop that a ZERO STUN prior PROMOTES (same accumulator history)
[22m[39m{"timestamp":"2026-06-20T06:22:08.127Z","level":"INFO","source":"frontend","module":"webrtc/sframe-transform","message":"encrypted frame","context":{"kid":9,"ctr":5,"byteLength":62,"codecOffset":10}}

[90mstdout[2m | apps/validator-daemon/src/canary/__tests__/verify-loop.test.ts[2m > [22m[2mREQ-CFA-042 — state.relayStunLossBps is READ as the classifier stunPacketLossBps arg[2m > [22m[2ma HIGH STUN prior ABSORBS a drop that a ZERO STUN prior PROMOTES (same accumulator history)
[22m[39m{"timestamp":"2026-06-20T06:22:08.128Z","level":"INFO","source":"frontend","module":"webrtc/sframe-transform","message":"encrypted frame","context":{"kid":9,"ctr":6,"byteLength":62,"codecOffset":10}}

[90mstdout[2m | apps/validator-daemon/src/canary/__tests__/verify-loop.test.ts[2m > [22m[2mREQ-CFA-042 — state.relayStunLossBps is READ as the classifier stunPacketLossBps arg[2m > [22m[2ma HIGH STUN prior ABSORBS a drop that a ZERO STUN prior PROMOTES (same accumulator history)
[22m[39m{"timestamp":"2026-06-20T06:22:08.129Z","level":"INFO","source":"frontend","module":"webrtc/sframe-transform","message":"encrypted frame","context":{"kid":9,"ctr":7,"byteLength":62,"codecOffset":10}}

{"level":30,"time":1781936528130,"pid":3780,"hostname":"Quang","name":"canary/verifier","canaryKid":9,"mediaPackets":7,"byteIdentical":7,"divergences":1,"msg":"canary forwarding verified"}
{"level":30,"time":1781936528130,"pid":3780,"hostname":"Quang","name":"canary/loss-classifier","relayMinerId":"relay-under-audit","promoted":1,"absorbed":0,"tampers":0,"cumulativeCrossed":true,"msg":"canary divergences classified (drop gate / tamper p=1)"}
{"level":30,"time":1781936528135,"pid":3780,"hostname":"Quang","name":"canary/proof","roomId":"verify-loop-room","relayMinerId":"relay-under-audit","canaryId":9,"frameSeq":5,"drop":true,"attesters":2,"msg":"canary proof-of-divergence built (Wallet-B only)"}
{"level":30,"time":1781936528136,"pid":3780,"hostname":"Quang","name":"canary/verify-loop","round":6,"relayMinerId":"relay-under-audit","roomId":"verify-loop-room","perReceiver":2,"promoted":1,"absorbed":0,"stunLossBps":"0","msg":"canary verify round classified (hermetic half — synthetic capture, STUN read live)"}
[90mstdout[2m | apps/validator-daemon/src/canary/__tests__/verify-loop.test.ts[2m > [22m[2mREQ-CFA-042 — state.relayStunLossBps is READ as the classifier stunPacketLossBps arg[2m > [22m[2ma HIGH STUN prior ABSORBS a drop that a ZERO STUN prior PROMOTES (same accumulator history)
[22m[39m{"timestamp":"2026-06-20T06:22:08.137Z","level":"INFO","source":"frontend","module":"webrtc/sframe-transform","message":"encrypted frame","context":{"kid":9,"ctr":0,"byteLength":62,"codecOffset":10}}

[90mstdout[2m | apps/validator-daemon/src/canary/__tests__/verify-loop.test.ts[2m > [22m[2mREQ-CFA-042 — state.relayStunLossBps is READ as the classifier stunPacketLossBps arg[2m > [22m[2ma HIGH STUN prior ABSORBS a drop that a ZERO STUN prior PROMOTES (same accumulator history)
[22m[39m{"timestamp":"2026-06-20T06:22:08.138Z","level":"INFO","source":"frontend","module":"webrtc/sframe-transform","message":"encrypted frame","context":{"kid":9,"ctr":1,"byteLength":62,"codecOffset":10}}

[90mstdout[2m | apps/validator-daemon/src/canary/__tests__/verify-loop.test.ts[2m > [22m[2mREQ-CFA-042 — state.relayStunLossBps is READ as the classifier stunPacketLossBps arg[2m > [22m[2ma HIGH STUN prior ABSORBS a drop that a ZERO STUN prior PROMOTES (same accumulator history)
[22m[39m{"timestamp":"2026-06-20T06:22:08.139Z","level":"INFO","source":"frontend","module":"webrtc/sframe-transform","message":"encrypted frame","context":{"kid":9,"ctr":2,"byteLength":62,"codecOffset":10}}

[90mstdout[2m | apps/validator-daemon/src/canary/__tests__/verify-loop.test.ts[2m > [22m[2mREQ-CFA-042 — state.relayStunLossBps is READ as the classifier stunPacketLossBps arg[2m > [22m[2ma HIGH STUN prior ABSORBS a drop that a ZERO STUN prior PROMOTES (same accumulator history)
[22m[39m{"timestamp":"2026-06-20T06:22:08.141Z","level":"INFO","source":"frontend","module":"webrtc/sframe-transform","message":"encrypted frame","context":{"kid":9,"ctr":3,"byteLength":62,"codecOffset":10}}

[90mstdout[2m | apps/validator-daemon/src/canary/__tests__/verify-loop.test.ts[2m > [22m[2mREQ-CFA-042 — state.relayStunLossBps is READ as the classifier stunPacketLossBps arg[2m > [22m[2ma HIGH STUN prior ABSORBS a drop that a ZERO STUN prior PROMOTES (same accumulator history)
[22m[39m{"timestamp":"2026-06-20T06:22:08.141Z","level":"INFO","source":"frontend","module":"webrtc/sframe-transform","message":"encrypted frame","context":{"kid":9,"ctr":4,"byteLength":62,"codecOffset":10}}

[90mstdout[2m | apps/validator-daemon/src/canary/__tests__/verify-loop.test.ts[2m > [22m[2mREQ-CFA-042 — state.relayStunLossBps is READ as the classifier stunPacketLossBps arg[2m > [22m[2ma HIGH STUN prior ABSORBS a drop that a ZERO STUN prior PROMOTES (same accumulator history)
[22m[39m{"timestamp":"2026-06-20T06:22:08.142Z","level":"INFO","source":"frontend","module":"webrtc/sframe-transform","message":"encrypted frame","context":{"kid":9,"ctr":6,"byteLength":62,"codecOffset":10}}

[90mstdout[2m | apps/validator-daemon/src/canary/__tests__/verify-loop.test.ts[2m > [22m[2mREQ-CFA-042 — state.relayStunLossBps is READ as the classifier stunPacketLossBps arg[2m > [22m[2ma HIGH STUN prior ABSORBS a drop that a ZERO STUN prior PROMOTES (same accumulator history)
[22m[39m{"timestamp":"2026-06-20T06:22:08.143Z","level":"INFO","source":"frontend","module":"webrtc/sframe-transform","message":"encrypted frame","context":{"kid":9,"ctr":7,"byteLength":62,"codecOffset":10}}

[90mstdout[2m | apps/validator-daemon/src/canary/__tests__/verify-loop.test.ts[2m > [22m[2mREQ-CFA-042 — state.relayStunLossBps is READ as the classifier stunPacketLossBps arg[2m > [22m[2ma HIGH STUN prior ABSORBS a drop that a ZERO STUN prior PROMOTES (same accumulator history)
[22m[39m{"timestamp":"2026-06-20T06:22:08.144Z","level":"INFO","source":"frontend","module":"webrtc/sframe-transform","message":"encrypted frame","context":{"kid":9,"ctr":0,"byteLength":62,"codecOffset":10}}

[90mstdout[2m | apps/validator-daemon/src/canary/__tests__/verify-loop.test.ts[2m > [22m[2mREQ-CFA-042 — state.relayStunLossBps is READ as the classifier stunPacketLossBps arg[2m > [22m[2ma HIGH STUN prior ABSORBS a drop that a ZERO STUN prior PROMOTES (same accumulator history)
[22m[39m{"timestamp":"2026-06-20T06:22:08.145Z","level":"INFO","source":"frontend","module":"webrtc/sframe-transform","message":"encrypted frame","context":{"kid":9,"ctr":1,"byteLength":62,"codecOffset":10}}

[90mstdout[2m | apps/validator-daemon/src/canary/__tests__/verify-loop.test.ts[2m > [22m[2mREQ-CFA-042 — state.relayStunLossBps is READ as the classifier stunPacketLossBps arg[2m > [22m[2ma HIGH STUN prior ABSORBS a drop that a ZERO STUN prior PROMOTES (same accumulator history)
[22m[39m{"timestamp":"2026-06-20T06:22:08.146Z","level":"INFO","source":"frontend","module":"webrtc/sframe-transform","message":"encrypted frame","context":{"kid":9,"ctr":2,"byteLength":62,"codecOffset":10}}

[90mstdout[2m | apps/validator-daemon/src/canary/__tests__/verify-loop.test.ts[2m > [22m[2mREQ-CFA-042 — state.relayStunLossBps is READ as the classifier stunPacketLossBps arg[2m > [22m[2ma HIGH STUN prior ABSORBS a drop that a ZERO STUN prior PROMOTES (same accumulator history)
[22m[39m{"timestamp":"2026-06-20T06:22:08.147Z","level":"INFO","source":"frontend","module":"webrtc/sframe-transform","message":"encrypted frame","context":{"kid":9,"ctr":3,"byteLength":62,"codecOffset":10}}

[90mstdout[2m | apps/validator-daemon/src/canary/__tests__/verify-loop.test.ts[2m > [22m[2mREQ-CFA-042 — state.relayStunLossBps is READ as the classifier stunPacketLossBps arg[2m > [22m[2ma HIGH STUN prior ABSORBS a drop that a ZERO STUN prior PROMOTES (same accumulator history)
[22m[39m{"timestamp":"2026-06-20T06:22:08.148Z","level":"INFO","source":"frontend","module":"webrtc/sframe-transform","message":"encrypted frame","context":{"kid":9,"ctr":4,"byteLength":62,"codecOffset":10}}

[90mstdout[2m | apps/validator-daemon/src/canary/__tests__/verify-loop.test.ts[2m > [22m[2mREQ-CFA-042 — state.relayStunLossBps is READ as the classifier stunPacketLossBps arg[2m > [22m[2ma HIGH STUN prior ABSORBS a drop that a ZERO STUN prior PROMOTES (same accumulator history)
[22m[39m{"timestamp":"2026-06-20T06:22:08.149Z","level":"INFO","source":"frontend","module":"webrtc/sframe-transform","message":"encrypted frame","context":{"kid":9,"ctr":5,"byteLength":62,"codecOffset":10}}

[90mstdout[2m | apps/validator-daemon/src/canary/__tests__/verify-loop.test.ts[2m > [22m[2mREQ-CFA-042 — state.relayStunLossBps is READ as the classifier stunPacketLossBps arg[2m > [22m[2ma HIGH STUN prior ABSORBS a drop that a ZERO STUN prior PROMOTES (same accumulator history)
[22m[39m{"timestamp":"2026-06-20T06:22:08.150Z","level":"INFO","source":"frontend","module":"webrtc/sframe-transform","message":"encrypted frame","context":{"kid":9,"ctr":6,"byteLength":62,"codecOffset":10}}

[90mstdout[2m | apps/validator-daemon/src/canary/__tests__/verify-loop.test.ts[2m > [22m[2mREQ-CFA-042 — state.relayStunLossBps is READ as the classifier stunPacketLossBps arg[2m > [22m[2ma HIGH STUN prior ABSORBS a drop that a ZERO STUN prior PROMOTES (same accumulator history)
[22m[39m{"timestamp":"2026-06-20T06:22:08.151Z","level":"INFO","source":"frontend","module":"webrtc/sframe-transform","message":"encrypted frame","context":{"kid":9,"ctr":7,"byteLength":62,"codecOffset":10}}

{"level":30,"time":1781936528151,"pid":3780,"hostname":"Quang","name":"canary/verifier","canaryKid":9,"mediaPackets":7,"byteIdentical":7,"divergences":1,"msg":"canary forwarding verified"}
[90mstdout[2m | apps/validator-daemon/src/canary/__tests__/verify-loop.test.ts[2m > [22m[2mREQ-CFA-042 — state.relayStunLossBps is READ as the classifier stunPacketLossBps arg[2m > [22m[2ma HIGH STUN prior ABSORBS a drop that a ZERO STUN prior PROMOTES (same accumulator history)
[22m[39m{"timestamp":"2026-06-20T06:22:08.153Z","level":"INFO","source":"frontend","module":"webrtc/sframe-transform","message":"encrypted frame","context":{"kid":9,"ctr":0,"byteLength":62,"codecOffset":10}}

[90mstdout[2m | apps/validator-daemon/src/canary/__tests__/verify-loop.test.ts[2m > [22m[2mREQ-CFA-042 — state.relayStunLossBps is READ as the classifier stunPacketLossBps arg[2m > [22m[2ma HIGH STUN prior ABSORBS a drop that a ZERO STUN prior PROMOTES (same accumulator history)
[22m[39m{"timestamp":"2026-06-20T06:22:08.154Z","level":"INFO","source":"frontend","module":"webrtc/sframe-transform","message":"encrypted frame","context":{"kid":9,"ctr":1,"byteLength":62,"codecOffset":10}}

[90mstdout[2m | apps/validator-daemon/src/canary/__tests__/verify-loop.test.ts[2m > [22m[2mREQ-CFA-042 — state.relayStunLossBps is READ as the classifier stunPacketLossBps arg[2m > [22m[2ma HIGH STUN prior ABSORBS a drop that a ZERO STUN prior PROMOTES (same accumulator history)
[22m[39m{"timestamp":"2026-06-20T06:22:08.155Z","level":"INFO","source":"frontend","module":"webrtc/sframe-transform","message":"encrypted frame","context":{"kid":9,"ctr":2,"byteLength":62,"codecOffset":10}}

[90mstdout[2m | apps/validator-daemon/src/canary/__tests__/verify-loop.test.ts[2m > [22m[2mREQ-CFA-042 — state.relayStunLossBps is READ as the classifier stunPacketLossBps arg[2m > [22m[2ma HIGH STUN prior ABSORBS a drop that a ZERO STUN prior PROMOTES (same accumulator history)
[22m[39m{"timestamp":"2026-06-20T06:22:08.156Z","level":"INFO","source":"frontend","module":"webrtc/sframe-transform","message":"encrypted frame","context":{"kid":9,"ctr":3,"byteLength":62,"codecOffset":10}}

[90mstdout[2m | apps/validator-daemon/src/canary/__tests__/verify-loop.test.ts[2m > [22m[2mREQ-CFA-042 — state.relayStunLossBps is READ as the classifier stunPacketLossBps arg[2m > [22m[2ma HIGH STUN prior ABSORBS a drop that a ZERO STUN prior PROMOTES (same accumulator history)
[22m[39m{"timestamp":"2026-06-20T06:22:08.157Z","level":"INFO","source":"frontend","module":"webrtc/sframe-transform","message":"encrypted frame","context":{"kid":9,"ctr":4,"byteLength":62,"codecOffset":10}}

[90mstdout[2m | apps/validator-daemon/src/canary/__tests__/verify-loop.test.ts[2m > [22m[2mREQ-CFA-042 — state.relayStunLossBps is READ as the classifier stunPacketLossBps arg[2m > [22m[2ma HIGH STUN prior ABSORBS a drop that a ZERO STUN prior PROMOTES (same accumulator history)
[22m[39m{"timestamp":"2026-06-20T06:22:08.158Z","level":"INFO","source":"frontend","module":"webrtc/sframe-transform","message":"encrypted frame","context":{"kid":9,"ctr":5,"byteLength":62,"codecOffset":10}}

[90mstdout[2m | apps/validator-daemon/src/canary/__tests__/verify-loop.test.ts[2m > [22m[2mREQ-CFA-042 — state.relayStunLossBps is READ as the classifier stunPacketLossBps arg[2m > [22m[2ma HIGH STUN prior ABSORBS a drop that a ZERO STUN prior PROMOTES (same accumulator history)
[22m[39m{"timestamp":"2026-06-20T06:22:08.158Z","level":"INFO","source":"frontend","module":"webrtc/sframe-transform","message":"encrypted frame","context":{"kid":9,"ctr":6,"byteLength":62,"codecOffset":10}}

[90mstdout[2m | apps/validator-daemon/src/canary/__tests__/verify-loop.test.ts[2m > [22m[2mREQ-CFA-042 — state.relayStunLossBps is READ as the classifier stunPacketLossBps arg[2m > [22m[2ma HIGH STUN prior ABSORBS a drop that a ZERO STUN prior PROMOTES (same accumulator history)
[22m[39m{"timestamp":"2026-06-20T06:22:08.159Z","level":"INFO","source":"frontend","module":"webrtc/sframe-transform","message":"encrypted frame","context":{"kid":9,"ctr":7,"byteLength":62,"codecOffset":10}}

 [32m✓[39m apps/validator-daemon/src/__tests__/health-monitor-wiring.test.ts [2m([22m[2m1 test[22m[2m)[22m[32m 145[2mms[22m[39m
{"level":30,"time":1781936528160,"pid":3780,"hostname":"Quang","name":"canary/verifier","canaryKid":9,"mediaPackets":7,"byteIdentical":7,"divergences":1,"msg":"canary forwarding verified"}
{"level":30,"time":1781936528160,"pid":3780,"hostname":"Quang","name":"canary/loss-classifier","relayMinerId":"relay-under-audit","promoted":0,"absorbed":1,"tampers":0,"cumulativeCrossed":false,"msg":"canary divergences classified (drop gate / tamper p=1)"}
{"level":30,"time":1781936528160,"pid":3780,"hostname":"Quang","name":"canary/verify-loop","round":6,"relayMinerId":"relay-under-audit","roomId":"verify-loop-room","perReceiver":2,"promoted":0,"absorbed":1,"stunLossBps":"5000","msg":"canary verify round classified (hermetic half — synthetic capture, STUN read live)"}
[90mstdout[2m | apps/validator-daemon/src/canary/__tests__/verify-loop.test.ts[2m > [22m[2mREQ-CFA-042 — state.relayStunLossBps is READ as the classifier stunPacketLossBps arg[2m > [22m[2mthe submitted proof carries the audited relay + the diverged frameSeq + >=2 attesters
[22m[39m{"timestamp":"2026-06-20T06:22:08.164Z","level":"INFO","source":"frontend","module":"webrtc/sframe-transform","message":"encrypted frame","context":{"kid":9,"ctr":0,"byteLength":62,"codecOffset":10}}

[90mstdout[2m | apps/validator-daemon/src/canary/__tests__/verify-loop.test.ts[2m > [22m[2mREQ-CFA-042 — state.relayStunLossBps is READ as the classifier stunPacketLossBps arg[2m > [22m[2mthe submitted proof carries the audited relay + the diverged frameSeq + >=2 attesters
[22m[39m{"timestamp":"2026-06-20T06:22:08.165Z","level":"INFO","source":"frontend","module":"webrtc/sframe-transform","message":"encrypted frame","context":{"kid":9,"ctr":1,"byteLength":62,"codecOffset":10}}

[90mstdout[2m | apps/validator-daemon/src/canary/__tests__/verify-loop.test.ts[2m > [22m[2mREQ-CFA-042 — state.relayStunLossBps is READ as the classifier stunPacketLossBps arg[2m > [22m[2mthe submitted proof carries the audited relay + the diverged frameSeq + >=2 attesters
[22m[39m{"timestamp":"2026-06-20T06:22:08.166Z","level":"INFO","source":"frontend","module":"webrtc/sframe-transform","message":"encrypted frame","context":{"kid":9,"ctr":2,"byteLength":62,"codecOffset":10}}

[90mstdout[2m | apps/validator-daemon/src/canary/__tests__/verify-loop.test.ts[2m > [22m[2mREQ-CFA-042 — state.relayStunLossBps is READ as the classifier stunPacketLossBps arg[2m > [22m[2mthe submitted proof carries the audited relay + the diverged frameSeq + >=2 attesters
[22m[39m{"timestamp":"2026-06-20T06:22:08.167Z","level":"INFO","source":"frontend","module":"webrtc/sframe-transform","message":"encrypted frame","context":{"kid":9,"ctr":3,"byteLength":62,"codecOffset":10}}

[90mstdout[2m | apps/validator-daemon/src/canary/__tests__/verify-loop.test.ts[2m > [22m[2mREQ-CFA-042 — state.relayStunLossBps is READ as the classifier stunPacketLossBps arg[2m > [22m[2mthe submitted proof carries the audited relay + the diverged frameSeq + >=2 attesters
[22m[39m{"timestamp":"2026-06-20T06:22:08.168Z","level":"INFO","source":"frontend","module":"webrtc/sframe-transform","message":"encrypted frame","context":{"kid":9,"ctr":4,"byteLength":62,"codecOffset":10}}

[90mstdout[2m | apps/validator-daemon/src/canary/__tests__/verify-loop.test.ts[2m > [22m[2mREQ-CFA-042 — state.relayStunLossBps is READ as the classifier stunPacketLossBps arg[2m > [22m[2mthe submitted proof carries the audited relay + the diverged frameSeq + >=2 attesters
[22m[39m{"timestamp":"2026-06-20T06:22:08.169Z","level":"INFO","source":"frontend","module":"webrtc/sframe-transform","message":"encrypted frame","context":{"kid":9,"ctr":6,"byteLength":62,"codecOffset":10}}

[90mstdout[2m | apps/validator-daemon/src/canary/__tests__/verify-loop.test.ts[2m > [22m[2mREQ-CFA-042 — state.relayStunLossBps is READ as the classifier stunPacketLossBps arg[2m > [22m[2mthe submitted proof carries the audited relay + the diverged frameSeq + >=2 attesters
[22m[39m{"timestamp":"2026-06-20T06:22:08.170Z","level":"INFO","source":"frontend","module":"webrtc/sframe-transform","message":"encrypted frame","context":{"kid":9,"ctr":7,"byteLength":62,"codecOffset":10}}

[90mstdout[2m | apps/validator-daemon/src/canary/__tests__/verify-loop.test.ts[2m > [22m[2mREQ-CFA-042 — state.relayStunLossBps is READ as the classifier stunPacketLossBps arg[2m > [22m[2mthe submitted proof carries the audited relay + the diverged frameSeq + >=2 attesters
[22m[39m{"timestamp":"2026-06-20T06:22:08.171Z","level":"INFO","source":"frontend","module":"webrtc/sframe-transform","message":"encrypted frame","context":{"kid":9,"ctr":0,"byteLength":62,"codecOffset":10}}

[90mstdout[2m | apps/validator-daemon/src/canary/__tests__/verify-loop.test.ts[2m > [22m[2mREQ-CFA-042 — state.relayStunLossBps is READ as the classifier stunPacketLossBps arg[2m > [22m[2mthe submitted proof carries the audited relay + the diverged frameSeq + >=2 attesters
[22m[39m{"timestamp":"2026-06-20T06:22:08.172Z","level":"INFO","source":"frontend","module":"webrtc/sframe-transform","message":"encrypted frame","context":{"kid":9,"ctr":1,"byteLength":62,"codecOffset":10}}

[90mstdout[2m | apps/validator-daemon/src/canary/__tests__/verify-loop.test.ts[2m > [22m[2mREQ-CFA-042 — state.relayStunLossBps is READ as the classifier stunPacketLossBps arg[2m > [22m[2mthe submitted proof carries the audited relay + the diverged frameSeq + >=2 attesters
[22m[39m{"timestamp":"2026-06-20T06:22:08.173Z","level":"INFO","source":"frontend","module":"webrtc/sframe-transform","message":"encrypted frame","context":{"kid":9,"ctr":2,"byteLength":62,"codecOffset":10}}

[90mstdout[2m | apps/validator-daemon/src/canary/__tests__/verify-loop.test.ts[2m > [22m[2mREQ-CFA-042 — state.relayStunLossBps is READ as the classifier stunPacketLossBps arg[2m > [22m[2mthe submitted proof carries the audited relay + the diverged frameSeq + >=2 attesters
[22m[39m{"timestamp":"2026-06-20T06:22:08.174Z","level":"INFO","source":"frontend","module":"webrtc/sframe-transform","message":"encrypted frame","context":{"kid":9,"ctr":3,"byteLength":62,"codecOffset":10}}

[90mstdout[2m | apps/validator-daemon/src/canary/__tests__/verify-loop.test.ts[2m > [22m[2mREQ-CFA-042 — state.relayStunLossBps is READ as the classifier stunPacketLossBps arg[2m > [22m[2mthe submitted proof carries the audited relay + the diverged frameSeq + >=2 attesters
[22m[39m{"timestamp":"2026-06-20T06:22:08.175Z","level":"INFO","source":"frontend","module":"webrtc/sframe-transform","message":"encrypted frame","context":{"kid":9,"ctr":4,"byteLength":62,"codecOffset":10}}

[90mstdout[2m | apps/validator-daemon/src/canary/__tests__/verify-loop.test.ts[2m > [22m[2mREQ-CFA-042 — state.relayStunLossBps is READ as the classifier stunPacketLossBps arg[2m > [22m[2mthe submitted proof carries the audited relay + the diverged frameSeq + >=2 attesters
[22m[39m{"timestamp":"2026-06-20T06:22:08.176Z","level":"INFO","source":"frontend","module":"webrtc/sframe-transform","message":"encrypted frame","context":{"kid":9,"ctr":5,"byteLength":62,"codecOffset":10}}

[90mstdout[2m | apps/validator-daemon/src/canary/__tests__/verify-loop.test.ts[2m > [22m[2mREQ-CFA-042 — state.relayStunLossBps is READ as the classifier stunPacketLossBps arg[2m > [22m[2mthe submitted proof carries the audited relay + the diverged frameSeq + >=2 attesters
[22m[39m{"timestamp":"2026-06-20T06:22:08.177Z","level":"INFO","source":"frontend","module":"webrtc/sframe-transform","message":"encrypted frame","context":{"kid":9,"ctr":6,"byteLength":62,"codecOffset":10}}

[90mstdout[2m | apps/validator-daemon/src/canary/__tests__/verify-loop.test.ts[2m > [22m[2mREQ-CFA-042 — state.relayStunLossBps is READ as the classifier stunPacketLossBps arg[2m > [22m[2mthe submitted proof carries the audited relay + the diverged frameSeq + >=2 attesters
[22m[39m{"timestamp":"2026-06-20T06:22:08.177Z","level":"INFO","source":"frontend","module":"webrtc/sframe-transform","message":"encrypted frame","context":{"kid":9,"ctr":7,"byteLength":62,"codecOffset":10}}

[90mstdout[2m | apps/validator-daemon/src/canary/__tests__/verify-loop.test.ts[2m > [22m[2mREQ-CFA-042 — state.relayStunLossBps is READ as the classifier stunPacketLossBps arg[2m > [22m[2mthe submitted proof carries the audited relay + the diverged frameSeq + >=2 attesters
[22m[39m{"timestamp":"2026-06-20T06:22:08.178Z","level":"INFO","source":"frontend","module":"webrtc/sframe-transform","message":"encrypted frame","context":{"kid":9,"ctr":0,"byteLength":62,"codecOffset":10}}

[90mstdout[2m | apps/validator-daemon/src/canary/__tests__/verify-loop.test.ts[2m > [22m[2mREQ-CFA-042 — state.relayStunLossBps is READ as the classifier stunPacketLossBps arg[2m > [22m[2mthe submitted proof carries the audited relay + the diverged frameSeq + >=2 attesters
[22m[39m{"timestamp":"2026-06-20T06:22:08.178Z","level":"INFO","source":"frontend","module":"webrtc/sframe-transform","message":"encrypted frame","context":{"kid":9,"ctr":1,"byteLength":62,"codecOffset":10}}

[90mstdout[2m | apps/validator-daemon/src/canary/__tests__/verify-loop.test.ts[2m > [22m[2mREQ-CFA-042 — state.relayStunLossBps is READ as the classifier stunPacketLossBps arg[2m > [22m[2mthe submitted proof carries the audited relay + the diverged frameSeq + >=2 attesters
[22m[39m{"timestamp":"2026-06-20T06:22:08.179Z","level":"INFO","source":"frontend","module":"webrtc/sframe-transform","message":"encrypted frame","context":{"kid":9,"ctr":2,"byteLength":62,"codecOffset":10}}

[90mstdout[2m | apps/validator-daemon/src/canary/__tests__/verify-loop.test.ts[2m > [22m[2mREQ-CFA-042 — state.relayStunLossBps is READ as the classifier stunPacketLossBps arg[2m > [22m[2mthe submitted proof carries the audited relay + the diverged frameSeq + >=2 attesters
[22m[39m{"timestamp":"2026-06-20T06:22:08.180Z","level":"INFO","source":"frontend","module":"webrtc/sframe-transform","message":"encrypted frame","context":{"kid":9,"ctr":3,"byteLength":62,"codecOffset":10}}

[90mstdout[2m | apps/validator-daemon/src/canary/__tests__/verify-loop.test.ts[2m > [22m[2mREQ-CFA-042 — state.relayStunLossBps is READ as the classifier stunPacketLossBps arg[2m > [22m[2mthe submitted proof carries the audited relay + the diverged frameSeq + >=2 attesters
[22m[39m{"timestamp":"2026-06-20T06:22:08.181Z","level":"INFO","source":"frontend","module":"webrtc/sframe-transform","message":"encrypted frame","context":{"kid":9,"ctr":4,"byteLength":62,"codecOffset":10}}

[90mstdout[2m | apps/validator-daemon/src/canary/__tests__/verify-loop.test.ts[2m > [22m[2mREQ-CFA-042 — state.relayStunLossBps is READ as the classifier stunPacketLossBps arg[2m > [22m[2mthe submitted proof carries the audited relay + the diverged frameSeq + >=2 attesters
[22m[39m{"timestamp":"2026-06-20T06:22:08.181Z","level":"INFO","source":"frontend","module":"webrtc/sframe-transform","message":"encrypted frame","context":{"kid":9,"ctr":5,"byteLength":62,"codecOffset":10}}

[90mstdout[2m | apps/validator-daemon/src/canary/__tests__/verify-loop.test.ts[2m > [22m[2mREQ-CFA-042 — state.relayStunLossBps is READ as the classifier stunPacketLossBps arg[2m > [22m[2mthe submitted proof carries the audited relay + the diverged frameSeq + >=2 attesters
[22m[39m{"timestamp":"2026-06-20T06:22:08.182Z","level":"INFO","source":"frontend","module":"webrtc/sframe-transform","message":"encrypted frame","context":{"kid":9,"ctr":6,"byteLength":62,"codecOffset":10}}

[90mstdout[2m | apps/validator-daemon/src/canary/__tests__/verify-loop.test.ts[2m > [22m[2mREQ-CFA-042 — state.relayStunLossBps is READ as the classifier stunPacketLossBps arg[2m > [22m[2mthe submitted proof carries the audited relay + the diverged frameSeq + >=2 attesters
[22m[39m{"timestamp":"2026-06-20T06:22:08.183Z","level":"INFO","source":"frontend","module":"webrtc/sframe-transform","message":"encrypted frame","context":{"kid":9,"ctr":7,"byteLength":62,"codecOffset":10}}

{"level":30,"time":1781936528177,"pid":3780,"hostname":"Quang","name":"canary/verifier","canaryKid":9,"mediaPackets":7,"byteIdentical":7,"divergences":1,"msg":"canary forwarding verified"}
{"level":30,"time":1781936528183,"pid":3780,"hostname":"Quang","name":"canary/verifier","canaryKid":9,"mediaPackets":7,"byteIdentical":7,"divergences":1,"msg":"canary forwarding verified"}
{"level":30,"time":1781936528184,"pid":3780,"hostname":"Quang","name":"canary/loss-classifier","relayMinerId":"relay-under-audit","promoted":0,"absorbed":1,"tampers":0,"cumulativeCrossed":false,"msg":"canary divergences classified (drop gate / tamper p=1)"}
{"level":30,"time":1781936528184,"pid":3780,"hostname":"Quang","name":"canary/verify-loop","round":0,"relayMinerId":"relay-under-audit","roomId":"verify-loop-room","perReceiver":2,"promoted":0,"absorbed":1,"stunLossBps":"0","msg":"canary verify round classified (hermetic half — synthetic capture, STUN read live)"}
[90mstdout[2m | apps/validator-daemon/src/canary/__tests__/verify-loop.test.ts[2m > [22m[2mREQ-CFA-042 — state.relayStunLossBps is READ as the classifier stunPacketLossBps arg[2m > [22m[2mthe submitted proof carries the audited relay + the diverged frameSeq + >=2 attesters
[22m[39m{"timestamp":"2026-06-20T06:22:08.185Z","level":"INFO","source":"frontend","module":"webrtc/sframe-transform","message":"encrypted frame","context":{"kid":9,"ctr":0,"byteLength":62,"codecOffset":10}}

[90mstdout[2m | apps/validator-daemon/src/canary/__tests__/verify-loop.test.ts[2m > [22m[2mREQ-CFA-042 — state.relayStunLossBps is READ as the classifier stunPacketLossBps arg[2m > [22m[2mthe submitted proof carries the audited relay + the diverged frameSeq + >=2 attesters
[22m[39m{"timestamp":"2026-06-20T06:22:08.187Z","level":"INFO","source":"frontend","module":"webrtc/sframe-transform","message":"encrypted frame","context":{"kid":9,"ctr":1,"byteLength":62,"codecOffset":10}}

[90mstdout[2m | apps/validator-daemon/src/canary/__tests__/verify-loop.test.ts[2m > [22m[2mREQ-CFA-042 — state.relayStunLossBps is READ as the classifier stunPacketLossBps arg[2m > [22m[2mthe submitted proof carries the audited relay + the diverged frameSeq + >=2 attesters
[22m[39m{"timestamp":"2026-06-20T06:22:08.193Z","level":"INFO","source":"frontend","module":"webrtc/sframe-transform","message":"encrypted frame","context":{"kid":9,"ctr":2,"byteLength":62,"codecOffset":10}}

[90mstdout[2m | apps/validator-daemon/src/canary/__tests__/verify-loop.test.ts[2m > [22m[2mREQ-CFA-042 — state.relayStunLossBps is READ as the classifier stunPacketLossBps arg[2m > [22m[2mthe submitted proof carries the audited relay + the diverged frameSeq + >=2 attesters
[22m[39m{"timestamp":"2026-06-20T06:22:08.195Z","level":"INFO","source":"frontend","module":"webrtc/sframe-transform","message":"encrypted frame","context":{"kid":9,"ctr":3,"byteLength":62,"codecOffset":10}}

[90mstdout[2m | apps/validator-daemon/src/canary/__tests__/verify-loop.test.ts[2m > [22m[2mREQ-CFA-042 — state.relayStunLossBps is READ as the classifier stunPacketLossBps arg[2m > [22m[2mthe submitted proof carries the audited relay + the diverged frameSeq + >=2 attesters
[22m[39m{"timestamp":"2026-06-20T06:22:08.196Z","level":"INFO","source":"frontend","module":"webrtc/sframe-transform","message":"encrypted frame","context":{"kid":9,"ctr":4,"byteLength":62,"codecOffset":10}}

[90mstdout[2m | apps/validator-daemon/src/canary/__tests__/verify-loop.test.ts[2m > [22m[2mREQ-CFA-042 — state.relayStunLossBps is READ as the classifier stunPacketLossBps arg[2m > [22m[2mthe submitted proof carries the audited relay + the diverged frameSeq + >=2 attesters
[22m[39m{"timestamp":"2026-06-20T06:22:08.198Z","level":"INFO","source":"frontend","module":"webrtc/sframe-transform","message":"encrypted frame","context":{"kid":9,"ctr":6,"byteLength":62,"codecOffset":10}}

[90mstdout[2m | apps/validator-daemon/src/canary/__tests__/verify-loop.test.ts[2m > [22m[2mREQ-CFA-042 — state.relayStunLossBps is READ as the classifier stunPacketLossBps arg[2m > [22m[2mthe submitted proof carries the audited relay + the diverged frameSeq + >=2 attesters
[22m[39m{"timestamp":"2026-06-20T06:22:08.202Z","level":"INFO","source":"frontend","module":"webrtc/sframe-transform","message":"encrypted frame","context":{"kid":9,"ctr":7,"byteLength":62,"codecOffset":10}}

[90mstdout[2m | apps/validator-daemon/src/canary/__tests__/verify-loop.test.ts[2m > [22m[2mREQ-CFA-042 — state.relayStunLossBps is READ as the classifier stunPacketLossBps arg[2m > [22m[2mthe submitted proof carries the audited relay + the diverged frameSeq + >=2 attesters
[22m[39m{"timestamp":"2026-06-20T06:22:08.203Z","level":"INFO","source":"frontend","module":"webrtc/sframe-transform","message":"encrypted frame","context":{"kid":9,"ctr":0,"byteLength":62,"codecOffset":10}}

[90mstdout[2m | apps/validator-daemon/src/canary/__tests__/verify-loop.test.ts[2m > [22m[2mREQ-CFA-042 — state.relayStunLossBps is READ as the classifier stunPacketLossBps arg[2m > [22m[2mthe submitted proof carries the audited relay + the diverged frameSeq + >=2 attesters
[22m[39m{"timestamp":"2026-06-20T06:22:08.205Z","level":"INFO","source":"frontend","module":"webrtc/sframe-transform","message":"encrypted frame","context":{"kid":9,"ctr":1,"byteLength":62,"codecOffset":10}}

[90mstdout[2m | apps/validator-daemon/src/canary/__tests__/verify-loop.test.ts[2m > [22m[2mREQ-CFA-042 — state.relayStunLossBps is READ as the classifier stunPacketLossBps arg[2m > [22m[2mthe submitted proof carries the audited relay + the diverged frameSeq + >=2 attesters
[22m[39m{"timestamp":"2026-06-20T06:22:08.206Z","level":"INFO","source":"frontend","module":"webrtc/sframe-transform","message":"encrypted frame","context":{"kid":9,"ctr":2,"byteLength":62,"codecOffset":10}}

[90mstdout[2m | apps/validator-daemon/src/canary/__tests__/verify-loop.test.ts[2m > [22m[2mREQ-CFA-042 — state.relayStunLossBps is READ as the classifier stunPacketLossBps arg[2m > [22m[2mthe submitted proof carries the audited relay + the diverged frameSeq + >=2 attesters
[22m[39m{"timestamp":"2026-06-20T06:22:08.208Z","level":"INFO","source":"frontend","module":"webrtc/sframe-transform","message":"encrypted frame","context":{"kid":9,"ctr":3,"byteLength":62,"codecOffset":10}}

[90mstdout[2m | apps/validator-daemon/src/canary/__tests__/verify-loop.test.ts[2m > [22m[2mREQ-CFA-042 — state.relayStunLossBps is READ as the classifier stunPacketLossBps arg[2m > [22m[2mthe submitted proof carries the audited relay + the diverged frameSeq + >=2 attesters
[22m[39m{"timestamp":"2026-06-20T06:22:08.209Z","level":"INFO","source":"frontend","module":"webrtc/sframe-transform","message":"encrypted frame","context":{"kid":9,"ctr":4,"byteLength":62,"codecOffset":10}}

[90mstdout[2m | apps/validator-daemon/src/canary/__tests__/verify-loop.test.ts[2m > [22m[2mREQ-CFA-042 — state.relayStunLossBps is READ as the classifier stunPacketLossBps arg[2m > [22m[2mthe submitted proof carries the audited relay + the diverged frameSeq + >=2 attesters
[22m[39m{"timestamp":"2026-06-20T06:22:08.210Z","level":"INFO","source":"frontend","module":"webrtc/sframe-transform","message":"encrypted frame","context":{"kid":9,"ctr":5,"byteLength":62,"codecOffset":10}}

[90mstdout[2m | apps/validator-daemon/src/canary/__tests__/verify-loop.test.ts[2m > [22m[2mREQ-CFA-042 — state.relayStunLossBps is READ as the classifier stunPacketLossBps arg[2m > [22m[2mthe submitted proof carries the audited relay + the diverged frameSeq + >=2 attesters
[22m[39m{"timestamp":"2026-06-20T06:22:08.211Z","level":"INFO","source":"frontend","module":"webrtc/sframe-transform","message":"encrypted frame","context":{"kid":9,"ctr":6,"byteLength":62,"codecOffset":10}}

[90mstdout[2m | apps/validator-daemon/src/canary/__tests__/verify-loop.test.ts[2m > [22m[2mREQ-CFA-042 — state.relayStunLossBps is READ as the classifier stunPacketLossBps arg[2m > [22m[2mthe submitted proof carries the audited relay + the diverged frameSeq + >=2 attesters
[22m[39m{"timestamp":"2026-06-20T06:22:08.212Z","level":"INFO","source":"frontend","module":"webrtc/sframe-transform","message":"encrypted frame","context":{"kid":9,"ctr":7,"byteLength":62,"codecOffset":10}}

{"level":30,"time":1781936528212,"pid":3780,"hostname":"Quang","name":"canary/verifier","canaryKid":9,"mediaPackets":7,"byteIdentical":7,"divergences":1,"msg":"canary forwarding verified"}
[90mstdout[2m | apps/validator-daemon/src/canary/__tests__/verify-loop.test.ts[2m > [22m[2mREQ-CFA-042 — state.relayStunLossBps is READ as the classifier stunPacketLossBps arg[2m > [22m[2mthe submitted proof carries the audited relay + the diverged frameSeq + >=2 attesters
[22m[39m{"timestamp":"2026-06-20T06:22:08.213Z","level":"INFO","source":"frontend","module":"webrtc/sframe-transform","message":"encrypted frame","context":{"kid":9,"ctr":0,"byteLength":62,"codecOffset":10}}

[90mstdout[2m | apps/validator-daemon/src/canary/__tests__/verify-loop.test.ts[2m > [22m[2mREQ-CFA-042 — state.relayStunLossBps is READ as the classifier stunPacketLossBps arg[2m > [22m[2mthe submitted proof carries the audited relay + the diverged frameSeq + >=2 attesters
[22m[39m{"timestamp":"2026-06-20T06:22:08.214Z","level":"INFO","source":"frontend","module":"webrtc/sframe-transform","message":"encrypted frame","context":{"kid":9,"ctr":1,"byteLength":62,"codecOffset":10}}

[90mstdout[2m | apps/validator-daemon/src/canary/__tests__/verify-loop.test.ts[2m > [22m[2mREQ-CFA-042 — state.relayStunLossBps is READ as the classifier stunPacketLossBps arg[2m > [22m[2mthe submitted proof carries the audited relay + the diverged frameSeq + >=2 attesters
[22m[39m{"timestamp":"2026-06-20T06:22:08.216Z","level":"INFO","source":"frontend","module":"webrtc/sframe-transform","message":"encrypted frame","context":{"kid":9,"ctr":2,"byteLength":62,"codecOffset":10}}

[90mstdout[2m | apps/validator-daemon/src/canary/__tests__/verify-loop.test.ts[2m > [22m[2mREQ-CFA-042 — state.relayStunLossBps is READ as the classifier stunPacketLossBps arg[2m > [22m[2mthe submitted proof carries the audited relay + the diverged frameSeq + >=2 attesters
[22m[39m{"timestamp":"2026-06-20T06:22:08.217Z","level":"INFO","source":"frontend","module":"webrtc/sframe-transform","message":"encrypted frame","context":{"kid":9,"ctr":3,"byteLength":62,"codecOffset":10}}

 [32m✓[39m apps/validator-daemon/src/__tests__/health-signals.test.ts [2m([22m[2m7 tests[22m[2m)[22m[32m 17[2mms[22m[39m
[90mstdout[2m | apps/validator-daemon/src/canary/__tests__/verify-loop.test.ts[2m > [22m[2mREQ-CFA-042 — state.relayStunLossBps is READ as the classifier stunPacketLossBps arg[2m > [22m[2mthe submitted proof carries the audited relay + the diverged frameSeq + >=2 attesters
[22m[39m{"timestamp":"2026-06-20T06:22:08.218Z","level":"INFO","source":"frontend","module":"webrtc/sframe-transform","message":"encrypted frame","context":{"kid":9,"ctr":4,"byteLength":62,"codecOffset":10}}

{"level":30,"time":1781936528217,"pid":38436,"hostname":"Quang","name":"validator:measurements","relayMinerId":"0xabc123","lossRate":"250","latency":"42","bytes":"12345678","uniquePeers":"4","durationMs":"60000","msg":"Measured relay 0xabc123: loss=250bp, latency=42ms, bytes=12345678, peers=4"}
[90mstdout[2m | apps/validator-daemon/src/canary/__tests__/verify-loop.test.ts[2m > [22m[2mREQ-CFA-042 — state.relayStunLossBps is READ as the classifier stunPacketLossBps arg[2m > [22m[2mthe submitted proof carries the audited relay + the diverged frameSeq + >=2 attesters
[22m[39m{"timestamp":"2026-06-20T06:22:08.219Z","level":"INFO","source":"frontend","module":"webrtc/sframe-transform","message":"encrypted frame","context":{"kid":9,"ctr":5,"byteLength":62,"codecOffset":10}}

[90mstdout[2m | apps/validator-daemon/src/canary/__tests__/verify-loop.test.ts[2m > [22m[2mREQ-CFA-042 — state.relayStunLossBps is READ as the classifier stunPacketLossBps arg[2m > [22m[2mthe submitted proof carries the audited relay + the diverged frameSeq + >=2 attesters
[22m[39m{"timestamp":"2026-06-20T06:22:08.220Z","level":"INFO","source":"frontend","module":"webrtc/sframe-transform","message":"encrypted frame","context":{"kid":9,"ctr":6,"byteLength":62,"codecOffset":10}}

[90mstdout[2m | apps/validator-daemon/src/canary/__tests__/verify-loop.test.ts[2m > [22m[2mREQ-CFA-042 — state.relayStunLossBps is READ as the classifier stunPacketLossBps arg[2m > [22m[2mthe submitted proof carries the audited relay + the diverged frameSeq + >=2 attesters
[22m[39m{"timestamp":"2026-06-20T06:22:08.221Z","level":"INFO","source":"frontend","module":"webrtc/sframe-transform","message":"encrypted frame","context":{"kid":9,"ctr":7,"byteLength":62,"codecOffset":10}}

{"level":30,"time":1781936528222,"pid":3780,"hostname":"Quang","name":"canary/verifier","canaryKid":9,"mediaPackets":7,"byteIdentical":7,"divergences":1,"msg":"canary forwarding verified"}
{"level":30,"time":1781936528222,"pid":3780,"hostname":"Quang","name":"canary/loss-classifier","relayMinerId":"relay-under-audit","promoted":0,"absorbed":1,"tampers":0,"cumulativeCrossed":false,"msg":"canary divergences classified (drop gate / tamper p=1)"}
{"level":30,"time":1781936528222,"pid":3780,"hostname":"Quang","name":"canary/verify-loop","round":1,"relayMinerId":"relay-under-audit","roomId":"verify-loop-room","perReceiver":2,"promoted":0,"absorbed":1,"stunLossBps":"0","msg":"canary verify round classified (hermetic half — synthetic capture, STUN read live)"}
[90mstdout[2m | apps/validator-daemon/src/canary/__tests__/verify-loop.test.ts[2m > [22m[2mREQ-CFA-042 — state.relayStunLossBps is READ as the classifier stunPacketLossBps arg[2m > [22m[2mthe submitted proof carries the audited relay + the diverged frameSeq + >=2 attesters
[22m[39m{"timestamp":"2026-06-20T06:22:08.223Z","level":"INFO","source":"frontend","module":"webrtc/sframe-transform","message":"encrypted frame","context":{"kid":9,"ctr":0,"byteLength":62,"codecOffset":10}}

[90mstdout[2m | apps/validator-daemon/src/canary/__tests__/verify-loop.test.ts[2m > [22m[2mREQ-CFA-042 — state.relayStunLossBps is READ as the classifier stunPacketLossBps arg[2m > [22m[2mthe submitted proof carries the audited relay + the diverged frameSeq + >=2 attesters
[22m[39m{"timestamp":"2026-06-20T06:22:08.224Z","level":"INFO","source":"frontend","module":"webrtc/sframe-transform","message":"encrypted frame","context":{"kid":9,"ctr":1,"byteLength":62,"codecOffset":10}}

 [32m✓[39m apps/validator-daemon/src/__tests__/reward-trigger.test.ts [2m([22m[2m3 tests[22m[2m)[22m[32m 19[2mms[22m[39m
[90mstdout[2m | apps/validator-daemon/src/canary/__tests__/verify-loop.test.ts[2m > [22m[2mREQ-CFA-042 — state.relayStunLossBps is READ as the classifier stunPacketLossBps arg[2m > [22m[2mthe submitted proof carries the audited relay + the diverged frameSeq + >=2 attesters
[22m[39m{"timestamp":"2026-06-20T06:22:08.225Z","level":"INFO","source":"frontend","module":"webrtc/sframe-transform","message":"encrypted frame","context":{"kid":9,"ctr":2,"byteLength":62,"codecOffset":10}}

[90mstdout[2m | apps/validator-daemon/src/canary/__tests__/verify-loop.test.ts[2m > [22m[2mREQ-CFA-042 — state.relayStunLossBps is READ as the classifier stunPacketLossBps arg[2m > [22m[2mthe submitted proof carries the audited relay + the diverged frameSeq + >=2 attesters
[22m[39m{"timestamp":"2026-06-20T06:22:08.226Z","level":"INFO","source":"frontend","module":"webrtc/sframe-transform","message":"encrypted frame","context":{"kid":9,"ctr":3,"byteLength":62,"codecOffset":10}}

 [32m✓[39m apps/validator-daemon/src/canary/__tests__/coverage-server.test.ts [2m([22m[2m6 tests[22m[2m)[22m[32m 10[2mms[22m[39m
{"level":30,"time":1781936528220,"pid":38436,"hostname":"Quang","name":"validator:measurements","relayMinerId":"0xabc123","lossRate":"250","latency":"99","bytes":"12345678","uniquePeers":"4","durationMs":"60000","msg":"Measured relay 0xabc123: loss=250bp, latency=99ms, bytes=12345678, peers=4"}
{"level":30,"time":1781936528220,"pid":38436,"hostname":"Quang","name":"validator:measurements","relayMinerId":"0xabc123","lossRate":"333","latency":"42","bytes":"7777","uniquePeers":"9","durationMs":"60000","msg":"Measured relay 0xabc123: loss=333bp, latency=42ms, bytes=7777, peers=9"}
{"level":30,"time":1781936528221,"pid":38436,"hostname":"Quang","name":"validator:measurements","relayMinerId":"0xabc123","lossRate":"250","latency":"42","bytes":"12345678","uniquePeers":"4","durationMs":"30000","msg":"Measured relay 0xabc123: loss=250bp, latency=42ms, bytes=12345678, peers=4"}
{"level":30,"time":1781936528221,"pid":38436,"hostname":"Quang","name":"validator:measurements","relayMinerId":"0xabc123","lossRate":"250","latency":"42","bytes":"12345678","uniquePeers":"4","durationMs":"60000","msg":"Measured relay 0xabc123: loss=250bp, latency=42ms, bytes=12345678, peers=4"}
{"level":30,"time":1781936528222,"pid":38436,"hostname":"Quang","name":"validator:measurements","relayMinerId":"0xabc123","lossRate":"250","latency":"42","bytes":"12345678","uniquePeers":"4","durationMs":"60000","msg":"Measured relay 0xabc123: loss=250bp, latency=42ms, bytes=12345678, peers=4"}
{"level":30,"time":1781936528222,"pid":38436,"hostname":"Quang","name":"validator:measurements","relayMinerId":"0xabc123","lossRate":"250","latency":"42","bytes":"12345678","uniquePeers":"4","durationMs":"60000","msg":"Measured relay 0xabc123: loss=250bp, latency=42ms, bytes=12345678, peers=4"}
{"level":30,"time":1781936528222,"pid":38436,"hostname":"Quang","name":"validator:measurements","relayMinerId":"0xabc123","lossRate":"250","latency":"42","bytes":"12345678","uniquePeers":"4","durationMs":"60000","msg":"Measured relay 0xabc123: loss=250bp, latency=42ms, bytes=12345678, peers=4"}
{"level":30,"time":1781936528223,"pid":38436,"hostname":"Quang","name":"validator:measurements","relayMinerId":"0xabc123","lossRate":"250","latency":"42","bytes":"12345678","uniquePeers":"4","durationMs":"60000","msg":"Measured relay 0xabc123: loss=250bp, latency=42ms, bytes=12345678, peers=4"}
[90mstdout[2m | apps/validator-daemon/src/canary/__tests__/verify-loop.test.ts[2m > [22m[2mREQ-CFA-042 — state.relayStunLossBps is READ as the classifier stunPacketLossBps arg[2m > [22m[2mthe submitted proof carries the audited relay + the diverged frameSeq + >=2 attesters
[22m[39m{"timestamp":"2026-06-20T06:22:08.227Z","level":"INFO","source":"frontend","module":"webrtc/sframe-transform","message":"encrypted frame","context":{"kid":9,"ctr":4,"byteLength":62,"codecOffset":10}}

 [32m✓[39m apps/validator-daemon/src/__tests__/measurements.test.ts [2m([22m[2m8 tests[22m[2m)[22m[32m 10[2mms[22m[39m
[90mstdout[2m | apps/validator-daemon/src/canary/__tests__/verify-loop.test.ts[2m > [22m[2mREQ-CFA-042 — state.relayStunLossBps is READ as the classifier stunPacketLossBps arg[2m > [22m[2mthe submitted proof carries the audited relay + the diverged frameSeq + >=2 attesters
[22m[39m{"timestamp":"2026-06-20T06:22:08.230Z","level":"INFO","source":"frontend","module":"webrtc/sframe-transform","message":"encrypted frame","context":{"kid":9,"ctr":6,"byteLength":62,"codecOffset":10}}

[90mstdout[2m | apps/validator-daemon/src/canary/__tests__/verify-loop.test.ts[2m > [22m[2mREQ-CFA-042 — state.relayStunLossBps is READ as the classifier stunPacketLossBps arg[2m > [22m[2mthe submitted proof carries the audited relay + the diverged frameSeq + >=2 attesters
[22m[39m{"timestamp":"2026-06-20T06:22:08.231Z","level":"INFO","source":"frontend","module":"webrtc/sframe-transform","message":"encrypted frame","context":{"kid":9,"ctr":7,"byteLength":62,"codecOffset":10}}

[90mstdout[2m | apps/validator-daemon/src/canary/__tests__/verify-loop.test.ts[2m > [22m[2mREQ-CFA-042 — state.relayStunLossBps is READ as the classifier stunPacketLossBps arg[2m > [22m[2mthe submitted proof carries the audited relay + the diverged frameSeq + >=2 attesters
[22m[39m{"timestamp":"2026-06-20T06:22:08.232Z","level":"INFO","source":"frontend","module":"webrtc/sframe-transform","message":"encrypted frame","context":{"kid":9,"ctr":0,"byteLength":62,"codecOffset":10}}

[90mstdout[2m | apps/validator-daemon/src/canary/__tests__/verify-loop.test.ts[2m > [22m[2mREQ-CFA-042 — state.relayStunLossBps is READ as the classifier stunPacketLossBps arg[2m > [22m[2mthe submitted proof carries the audited relay + the diverged frameSeq + >=2 attesters
[22m[39m{"timestamp":"2026-06-20T06:22:08.233Z","level":"INFO","source":"frontend","module":"webrtc/sframe-transform","message":"encrypted frame","context":{"kid":9,"ctr":1,"byteLength":62,"codecOffset":10}}

[90mstdout[2m | apps/validator-daemon/src/canary/__tests__/verify-loop.test.ts[2m > [22m[2mREQ-CFA-042 — state.relayStunLossBps is READ as the classifier stunPacketLossBps arg[2m > [22m[2mthe submitted proof carries the audited relay + the diverged frameSeq + >=2 attesters
[22m[39m{"timestamp":"2026-06-20T06:22:08.234Z","level":"INFO","source":"frontend","module":"webrtc/sframe-transform","message":"encrypted frame","context":{"kid":9,"ctr":2,"byteLength":62,"codecOffset":10}}

[90mstdout[2m | apps/validator-daemon/src/canary/__tests__/verify-loop.test.ts[2m > [22m[2mREQ-CFA-042 — state.relayStunLossBps is READ as the classifier stunPacketLossBps arg[2m > [22m[2mthe submitted proof carries the audited relay + the diverged frameSeq + >=2 attesters
[22m[39m{"timestamp":"2026-06-20T06:22:08.235Z","level":"INFO","source":"frontend","module":"webrtc/sframe-transform","message":"encrypted frame","context":{"kid":9,"ctr":3,"byteLength":62,"codecOffset":10}}

[90mstdout[2m | apps/validator-daemon/src/canary/__tests__/verify-loop.test.ts[2m > [22m[2mREQ-CFA-042 — state.relayStunLossBps is READ as the classifier stunPacketLossBps arg[2m > [22m[2mthe submitted proof carries the audited relay + the diverged frameSeq + >=2 attesters
[22m[39m{"timestamp":"2026-06-20T06:22:08.235Z","level":"INFO","source":"frontend","module":"webrtc/sframe-transform","message":"encrypted frame","context":{"kid":9,"ctr":4,"byteLength":62,"codecOffset":10}}

[90mstdout[2m | apps/validator-daemon/src/canary/__tests__/verify-loop.test.ts[2m > [22m[2mREQ-CFA-042 — state.relayStunLossBps is READ as the classifier stunPacketLossBps arg[2m > [22m[2mthe submitted proof carries the audited relay + the diverged frameSeq + >=2 attesters
[22m[39m{"timestamp":"2026-06-20T06:22:08.236Z","level":"INFO","source":"frontend","module":"webrtc/sframe-transform","message":"encrypted frame","context":{"kid":9,"ctr":5,"byteLength":62,"codecOffset":10}}

[90mstdout[2m | apps/validator-daemon/src/canary/__tests__/verify-loop.test.ts[2m > [22m[2mREQ-CFA-042 — state.relayStunLossBps is READ as the classifier stunPacketLossBps arg[2m > [22m[2mthe submitted proof carries the audited relay + the diverged frameSeq + >=2 attesters
[22m[39m{"timestamp":"2026-06-20T06:22:08.237Z","level":"INFO","source":"frontend","module":"webrtc/sframe-transform","message":"encrypted frame","context":{"kid":9,"ctr":6,"byteLength":62,"codecOffset":10}}

[90mstdout[2m | apps/validator-daemon/src/canary/__tests__/verify-loop.test.ts[2m > [22m[2mREQ-CFA-042 — state.relayStunLossBps is READ as the classifier stunPacketLossBps arg[2m > [22m[2mthe submitted proof carries the audited relay + the diverged frameSeq + >=2 attesters
[22m[39m{"timestamp":"2026-06-20T06:22:08.238Z","level":"INFO","source":"frontend","module":"webrtc/sframe-transform","message":"encrypted frame","context":{"kid":9,"ctr":7,"byteLength":62,"codecOffset":10}}

[90mstdout[2m | apps/validator-daemon/src/canary/__tests__/verify-loop.test.ts[2m > [22m[2mREQ-CFA-042 — state.relayStunLossBps is READ as the classifier stunPacketLossBps arg[2m > [22m[2mthe submitted proof carries the audited relay + the diverged frameSeq + >=2 attesters
[22m[39m{"timestamp":"2026-06-20T06:22:08.239Z","level":"INFO","source":"frontend","module":"webrtc/sframe-transform","message":"encrypted frame","context":{"kid":9,"ctr":0,"byteLength":62,"codecOffset":10}}

[90mstdout[2m | apps/validator-daemon/src/canary/__tests__/verify-loop.test.ts[2m > [22m[2mREQ-CFA-042 — state.relayStunLossBps is READ as the classifier stunPacketLossBps arg[2m > [22m[2mthe submitted proof carries the audited relay + the diverged frameSeq + >=2 attesters
[22m[39m{"timestamp":"2026-06-20T06:22:08.240Z","level":"INFO","source":"frontend","module":"webrtc/sframe-transform","message":"encrypted frame","context":{"kid":9,"ctr":1,"byteLength":62,"codecOffset":10}}

[90mstdout[2m | apps/validator-daemon/src/canary/__tests__/verify-loop.test.ts[2m > [22m[2mREQ-CFA-042 — state.relayStunLossBps is READ as the classifier stunPacketLossBps arg[2m > [22m[2mthe submitted proof carries the audited relay + the diverged frameSeq + >=2 attesters
[22m[39m{"timestamp":"2026-06-20T06:22:08.241Z","level":"INFO","source":"frontend","module":"webrtc/sframe-transform","message":"encrypted frame","context":{"kid":9,"ctr":2,"byteLength":62,"codecOffset":10}}

[90mstdout[2m | apps/validator-daemon/src/canary/__tests__/verify-loop.test.ts[2m > [22m[2mREQ-CFA-042 — state.relayStunLossBps is READ as the classifier stunPacketLossBps arg[2m > [22m[2mthe submitted proof carries the audited relay + the diverged frameSeq + >=2 attesters
[22m[39m{"timestamp":"2026-06-20T06:22:08.242Z","level":"INFO","source":"frontend","module":"webrtc/sframe-transform","message":"encrypted frame","context":{"kid":9,"ctr":3,"byteLength":62,"codecOffset":10}}

[90mstdout[2m | apps/validator-daemon/src/canary/__tests__/verify-loop.test.ts[2m > [22m[2mREQ-CFA-042 — state.relayStunLossBps is READ as the classifier stunPacketLossBps arg[2m > [22m[2mthe submitted proof carries the audited relay + the diverged frameSeq + >=2 attesters
[22m[39m{"timestamp":"2026-06-20T06:22:08.243Z","level":"INFO","source":"frontend","module":"webrtc/sframe-transform","message":"encrypted frame","context":{"kid":9,"ctr":4,"byteLength":62,"codecOffset":10}}

{"level":30,"time":1781936528239,"pid":3780,"hostname":"Quang","name":"canary/verifier","canaryKid":9,"mediaPackets":7,"byteIdentical":7,"divergences":1,"msg":"canary forwarding verified"}
[90mstdout[2m | apps/validator-daemon/src/canary/__tests__/verify-loop.test.ts[2m > [22m[2mREQ-CFA-042 — state.relayStunLossBps is READ as the classifier stunPacketLossBps arg[2m > [22m[2mthe submitted proof carries the audited relay + the diverged frameSeq + >=2 attesters
[22m[39m{"timestamp":"2026-06-20T06:22:08.244Z","level":"INFO","source":"frontend","module":"webrtc/sframe-transform","message":"encrypted frame","context":{"kid":9,"ctr":5,"byteLength":62,"codecOffset":10}}

[90mstdout[2m | apps/validator-daemon/src/canary/__tests__/verify-loop.test.ts[2m > [22m[2mREQ-CFA-042 — state.relayStunLossBps is READ as the classifier stunPacketLossBps arg[2m > [22m[2mthe submitted proof carries the audited relay + the diverged frameSeq + >=2 attesters
[22m[39m{"timestamp":"2026-06-20T06:22:08.244Z","level":"INFO","source":"frontend","module":"webrtc/sframe-transform","message":"encrypted frame","context":{"kid":9,"ctr":6,"byteLength":62,"codecOffset":10}}

[90mstdout[2m | apps/validator-daemon/src/canary/__tests__/verify-loop.test.ts[2m > [22m[2mREQ-CFA-042 — state.relayStunLossBps is READ as the classifier stunPacketLossBps arg[2m > [22m[2mthe submitted proof carries the audited relay + the diverged frameSeq + >=2 attesters
[22m[39m{"timestamp":"2026-06-20T06:22:08.245Z","level":"INFO","source":"frontend","module":"webrtc/sframe-transform","message":"encrypted frame","context":{"kid":9,"ctr":7,"byteLength":62,"codecOffset":10}}

{"level":30,"time":1781936528245,"pid":3780,"hostname":"Quang","name":"canary/verifier","canaryKid":9,"mediaPackets":7,"byteIdentical":7,"divergences":1,"msg":"canary forwarding verified"}
{"level":30,"time":1781936528245,"pid":3780,"hostname":"Quang","name":"canary/loss-classifier","relayMinerId":"relay-under-audit","promoted":0,"absorbed":1,"tampers":0,"cumulativeCrossed":false,"msg":"canary divergences classified (drop gate / tamper p=1)"}
{"level":30,"time":1781936528245,"pid":3780,"hostname":"Quang","name":"canary/verify-loop","round":2,"relayMinerId":"relay-under-audit","roomId":"verify-loop-room","perReceiver":2,"promoted":0,"absorbed":1,"stunLossBps":"0","msg":"canary verify round classified (hermetic half — synthetic capture, STUN read live)"}
[90mstdout[2m | apps/validator-daemon/src/canary/__tests__/verify-loop.test.ts[2m > [22m[2mREQ-CFA-042 — state.relayStunLossBps is READ as the classifier stunPacketLossBps arg[2m > [22m[2mthe submitted proof carries the audited relay + the diverged frameSeq + >=2 attesters
[22m[39m{"timestamp":"2026-06-20T06:22:08.246Z","level":"INFO","source":"frontend","module":"webrtc/sframe-transform","message":"encrypted frame","context":{"kid":9,"ctr":0,"byteLength":62,"codecOffset":10}}

[90mstdout[2m | apps/validator-daemon/src/canary/__tests__/verify-loop.test.ts[2m > [22m[2mREQ-CFA-042 — state.relayStunLossBps is READ as the classifier stunPacketLossBps arg[2m > [22m[2mthe submitted proof carries the audited relay + the diverged frameSeq + >=2 attesters
[22m[39m{"timestamp":"2026-06-20T06:22:08.247Z","level":"INFO","source":"frontend","module":"webrtc/sframe-transform","message":"encrypted frame","context":{"kid":9,"ctr":1,"byteLength":62,"codecOffset":10}}

[90mstdout[2m | apps/validator-daemon/src/canary/__tests__/verify-loop.test.ts[2m > [22m[2mREQ-CFA-042 — state.relayStunLossBps is READ as the classifier stunPacketLossBps arg[2m > [22m[2mthe submitted proof carries the audited relay + the diverged frameSeq + >=2 attesters
[22m[39m{"timestamp":"2026-06-20T06:22:08.247Z","level":"INFO","source":"frontend","module":"webrtc/sframe-transform","message":"encrypted frame","context":{"kid":9,"ctr":2,"byteLength":62,"codecOffset":10}}

[90mstdout[2m | apps/validator-daemon/src/canary/__tests__/verify-loop.test.ts[2m > [22m[2mREQ-CFA-042 — state.relayStunLossBps is READ as the classifier stunPacketLossBps arg[2m > [22m[2mthe submitted proof carries the audited relay + the diverged frameSeq + >=2 attesters
[22m[39m{"timestamp":"2026-06-20T06:22:08.248Z","level":"INFO","source":"frontend","module":"webrtc/sframe-transform","message":"encrypted frame","context":{"kid":9,"ctr":3,"byteLength":62,"codecOffset":10}}

[90mstdout[2m | apps/validator-daemon/src/canary/__tests__/verify-loop.test.ts[2m > [22m[2mREQ-CFA-042 — state.relayStunLossBps is READ as the classifier stunPacketLossBps arg[2m > [22m[2mthe submitted proof carries the audited relay + the diverged frameSeq + >=2 attesters
[22m[39m{"timestamp":"2026-06-20T06:22:08.249Z","level":"INFO","source":"frontend","module":"webrtc/sframe-transform","message":"encrypted frame","context":{"kid":9,"ctr":4,"byteLength":62,"codecOffset":10}}

{"level":40,"time":1781936528249,"pid":40412,"hostname":"Quang","name":"validator:probe","relayMinerId":"0xstandby","roomId":"0xroom1","ok":false,"msg":"RO-020: standby liveness probe failed; gating duration_seconds = 0"}
[90mstdout[2m | apps/validator-daemon/src/canary/__tests__/verify-loop.test.ts[2m > [22m[2mREQ-CFA-042 — state.relayStunLossBps is READ as the classifier stunPacketLossBps arg[2m > [22m[2mthe submitted proof carries the audited relay + the diverged frameSeq + >=2 attesters
[22m[39m{"timestamp":"2026-06-20T06:22:08.250Z","level":"INFO","source":"frontend","module":"webrtc/sframe-transform","message":"encrypted frame","context":{"kid":9,"ctr":6,"byteLength":62,"codecOffset":10}}

[90mstdout[2m | apps/validator-daemon/src/canary/__tests__/verify-loop.test.ts[2m > [22m[2mREQ-CFA-042 — state.relayStunLossBps is READ as the classifier stunPacketLossBps arg[2m > [22m[2mthe submitted proof carries the audited relay + the diverged frameSeq + >=2 attesters
[22m[39m{"timestamp":"2026-06-20T06:22:08.252Z","level":"INFO","source":"frontend","module":"webrtc/sframe-transform","message":"encrypted frame","context":{"kid":9,"ctr":7,"byteLength":62,"codecOffset":10}}

[90mstdout[2m | apps/validator-daemon/src/canary/__tests__/verify-loop.test.ts[2m > [22m[2mREQ-CFA-042 — state.relayStunLossBps is READ as the classifier stunPacketLossBps arg[2m > [22m[2mthe submitted proof carries the audited relay + the diverged frameSeq + >=2 attesters
[22m[39m{"timestamp":"2026-06-20T06:22:08.253Z","level":"INFO","source":"frontend","module":"webrtc/sframe-transform","message":"encrypted frame","context":{"kid":9,"ctr":0,"byteLength":62,"codecOffset":10}}

{"level":40,"time":1781936528251,"pid":40412,"hostname":"Quang","name":"validator:probe","relayMinerId":"0xstandby","roomId":"0xroom1","ok":false,"msg":"RO-020: standby liveness probe failed; gating duration_seconds = 0"}
[90mstdout[2m | apps/validator-daemon/src/canary/__tests__/verify-loop.test.ts[2m > [22m[2mREQ-CFA-042 — state.relayStunLossBps is READ as the classifier stunPacketLossBps arg[2m > [22m[2mthe submitted proof carries the audited relay + the diverged frameSeq + >=2 attesters
[22m[39m{"timestamp":"2026-06-20T06:22:08.254Z","level":"INFO","source":"frontend","module":"webrtc/sframe-transform","message":"encrypted frame","context":{"kid":9,"ctr":1,"byteLength":62,"codecOffset":10}}

 [32m✓[39m apps/validator-daemon/src/__tests__/probe-liveness.test.ts [2m([22m[2m5 tests[22m[2m)[22m[32m 7[2mms[22m[39m
[90mstdout[2m | apps/validator-daemon/src/canary/__tests__/verify-loop.test.ts[2m > [22m[2mREQ-CFA-042 — state.relayStunLossBps is READ as the classifier stunPacketLossBps arg[2m > [22m[2mthe submitted proof carries the audited relay + the diverged frameSeq + >=2 attesters
[22m[39m{"timestamp":"2026-06-20T06:22:08.255Z","level":"INFO","source":"frontend","module":"webrtc/sframe-transform","message":"encrypted frame","context":{"kid":9,"ctr":2,"byteLength":62,"codecOffset":10}}

[90mstdout[2m | apps/validator-daemon/src/canary/__tests__/verify-loop.test.ts[2m > [22m[2mREQ-CFA-042 — state.relayStunLossBps is READ as the classifier stunPacketLossBps arg[2m > [22m[2mthe submitted proof carries the audited relay + the diverged frameSeq + >=2 attesters
[22m[39m{"timestamp":"2026-06-20T06:22:08.256Z","level":"INFO","source":"frontend","module":"webrtc/sframe-transform","message":"encrypted frame","context":{"kid":9,"ctr":3,"byteLength":62,"codecOffset":10}}

[90mstdout[2m | apps/validator-daemon/src/canary/__tests__/verify-loop.test.ts[2m > [22m[2mREQ-CFA-042 — state.relayStunLossBps is READ as the classifier stunPacketLossBps arg[2m > [22m[2mthe submitted proof carries the audited relay + the diverged frameSeq + >=2 attesters
[22m[39m{"timestamp":"2026-06-20T06:22:08.256Z","level":"INFO","source":"frontend","module":"webrtc/sframe-transform","message":"encrypted frame","context":{"kid":9,"ctr":4,"byteLength":62,"codecOffset":10}}

[90mstdout[2m | apps/validator-daemon/src/canary/__tests__/verify-loop.test.ts[2m > [22m[2mREQ-CFA-042 — state.relayStunLossBps is READ as the classifier stunPacketLossBps arg[2m > [22m[2mthe submitted proof carries the audited relay + the diverged frameSeq + >=2 attesters
[22m[39m{"timestamp":"2026-06-20T06:22:08.257Z","level":"INFO","source":"frontend","module":"webrtc/sframe-transform","message":"encrypted frame","context":{"kid":9,"ctr":5,"byteLength":62,"codecOffset":10}}

[90mstdout[2m | apps/validator-daemon/src/canary/__tests__/verify-loop.test.ts[2m > [22m[2mREQ-CFA-042 — state.relayStunLossBps is READ as the classifier stunPacketLossBps arg[2m > [22m[2mthe submitted proof carries the audited relay + the diverged frameSeq + >=2 attesters
[22m[39m{"timestamp":"2026-06-20T06:22:08.258Z","level":"INFO","source":"frontend","module":"webrtc/sframe-transform","message":"encrypted frame","context":{"kid":9,"ctr":6,"byteLength":62,"codecOffset":10}}

[90mstdout[2m | apps/validator-daemon/src/canary/__tests__/verify-loop.test.ts[2m > [22m[2mREQ-CFA-042 — state.relayStunLossBps is READ as the classifier stunPacketLossBps arg[2m > [22m[2mthe submitted proof carries the audited relay + the diverged frameSeq + >=2 attesters
[22m[39m{"timestamp":"2026-06-20T06:22:08.259Z","level":"INFO","source":"frontend","module":"webrtc/sframe-transform","message":"encrypted frame","context":{"kid":9,"ctr":7,"byteLength":62,"codecOffset":10}}

[90mstdout[2m | apps/validator-daemon/src/canary/__tests__/verify-loop.test.ts[2m > [22m[2mREQ-CFA-042 — state.relayStunLossBps is READ as the classifier stunPacketLossBps arg[2m > [22m[2mthe submitted proof carries the audited relay + the diverged frameSeq + >=2 attesters
[22m[39m{"timestamp":"2026-06-20T06:22:08.261Z","level":"INFO","source":"frontend","module":"webrtc/sframe-transform","message":"encrypted frame","context":{"kid":9,"ctr":0,"byteLength":62,"codecOffset":10}}

[90mstdout[2m | apps/validator-daemon/src/canary/__tests__/verify-loop.test.ts[2m > [22m[2mREQ-CFA-042 — state.relayStunLossBps is READ as the classifier stunPacketLossBps arg[2m > [22m[2mthe submitted proof carries the audited relay + the diverged frameSeq + >=2 attesters
[22m[39m{"timestamp":"2026-06-20T06:22:08.261Z","level":"INFO","source":"frontend","module":"webrtc/sframe-transform","message":"encrypted frame","context":{"kid":9,"ctr":1,"byteLength":62,"codecOffset":10}}

{"level":30,"time":1781936528260,"pid":3780,"hostname":"Quang","name":"canary/verifier","canaryKid":9,"mediaPackets":7,"byteIdentical":7,"divergences":1,"msg":"canary forwarding verified"}
[90mstdout[2m | apps/validator-daemon/src/canary/__tests__/verify-loop.test.ts[2m > [22m[2mREQ-CFA-042 — state.relayStunLossBps is READ as the classifier stunPacketLossBps arg[2m > [22m[2mthe submitted proof carries the audited relay + the diverged frameSeq + >=2 attesters
[22m[39m{"timestamp":"2026-06-20T06:22:08.262Z","level":"INFO","source":"frontend","module":"webrtc/sframe-transform","message":"encrypted frame","context":{"kid":9,"ctr":2,"byteLength":62,"codecOffset":10}}

[90mstdout[2m | apps/validator-daemon/src/canary/__tests__/verify-loop.test.ts[2m > [22m[2mREQ-CFA-042 — state.relayStunLossBps is READ as the classifier stunPacketLossBps arg[2m > [22m[2mthe submitted proof carries the audited relay + the diverged frameSeq + >=2 attesters
[22m[39m{"timestamp":"2026-06-20T06:22:08.264Z","level":"INFO","source":"frontend","module":"webrtc/sframe-transform","message":"encrypted frame","context":{"kid":9,"ctr":3,"byteLength":62,"codecOffset":10}}

[90mstdout[2m | apps/validator-daemon/src/canary/__tests__/verify-loop.test.ts[2m > [22m[2mREQ-CFA-042 — state.relayStunLossBps is READ as the classifier stunPacketLossBps arg[2m > [22m[2mthe submitted proof carries the audited relay + the diverged frameSeq + >=2 attesters
[22m[39m{"timestamp":"2026-06-20T06:22:08.265Z","level":"INFO","source":"frontend","module":"webrtc/sframe-transform","message":"encrypted frame","context":{"kid":9,"ctr":4,"byteLength":62,"codecOffset":10}}

[90mstdout[2m | apps/validator-daemon/src/canary/__tests__/verify-loop.test.ts[2m > [22m[2mREQ-CFA-042 — state.relayStunLossBps is READ as the classifier stunPacketLossBps arg[2m > [22m[2mthe submitted proof carries the audited relay + the diverged frameSeq + >=2 attesters
[22m[39m{"timestamp":"2026-06-20T06:22:08.266Z","level":"INFO","source":"frontend","module":"webrtc/sframe-transform","message":"encrypted frame","context":{"kid":9,"ctr":5,"byteLength":62,"codecOffset":10}}

[90mstdout[2m | apps/validator-daemon/src/canary/__tests__/verify-loop.test.ts[2m > [22m[2mREQ-CFA-042 — state.relayStunLossBps is READ as the classifier stunPacketLossBps arg[2m > [22m[2mthe submitted proof carries the audited relay + the diverged frameSeq + >=2 attesters
[22m[39m{"timestamp":"2026-06-20T06:22:08.267Z","level":"INFO","source":"frontend","module":"webrtc/sframe-transform","message":"encrypted frame","context":{"kid":9,"ctr":6,"byteLength":62,"codecOffset":10}}

[90mstdout[2m | apps/validator-daemon/src/canary/__tests__/verify-loop.test.ts[2m > [22m[2mREQ-CFA-042 — state.relayStunLossBps is READ as the classifier stunPacketLossBps arg[2m > [22m[2mthe submitted proof carries the audited relay + the diverged frameSeq + >=2 attesters
[22m[39m{"timestamp":"2026-06-20T06:22:08.268Z","level":"INFO","source":"frontend","module":"webrtc/sframe-transform","message":"encrypted frame","context":{"kid":9,"ctr":7,"byteLength":62,"codecOffset":10}}

[90mstdout[2m | apps/validator-daemon/src/canary/__tests__/verify-loop.test.ts[2m > [22m[2mREQ-CFA-042 — state.relayStunLossBps is READ as the classifier stunPacketLossBps arg[2m > [22m[2mthe submitted proof carries the audited relay + the diverged frameSeq + >=2 attesters
[22m[39m{"timestamp":"2026-06-20T06:22:08.270Z","level":"INFO","source":"frontend","module":"webrtc/sframe-transform","message":"encrypted frame","context":{"kid":9,"ctr":0,"byteLength":62,"codecOffset":10}}

[90mstdout[2m | apps/validator-daemon/src/canary/__tests__/verify-loop.test.ts[2m > [22m[2mREQ-CFA-042 — state.relayStunLossBps is READ as the classifier stunPacketLossBps arg[2m > [22m[2mthe submitted proof carries the audited relay + the diverged frameSeq + >=2 attesters
[22m[39m{"timestamp":"2026-06-20T06:22:08.271Z","level":"INFO","source":"frontend","module":"webrtc/sframe-transform","message":"encrypted frame","context":{"kid":9,"ctr":1,"byteLength":62,"codecOffset":10}}

[90mstdout[2m | apps/validator-daemon/src/canary/__tests__/verify-loop.test.ts[2m > [22m[2mREQ-CFA-042 — state.relayStunLossBps is READ as the classifier stunPacketLossBps arg[2m > [22m[2mthe submitted proof carries the audited relay + the diverged frameSeq + >=2 attesters
[22m[39m{"timestamp":"2026-06-20T06:22:08.272Z","level":"INFO","source":"frontend","module":"webrtc/sframe-transform","message":"encrypted frame","context":{"kid":9,"ctr":2,"byteLength":62,"codecOffset":10}}

[90mstdout[2m | apps/validator-daemon/src/canary/__tests__/verify-loop.test.ts[2m > [22m[2mREQ-CFA-042 — state.relayStunLossBps is READ as the classifier stunPacketLossBps arg[2m > [22m[2mthe submitted proof carries the audited relay + the diverged frameSeq + >=2 attesters
[22m[39m{"timestamp":"2026-06-20T06:22:08.272Z","level":"INFO","source":"frontend","module":"webrtc/sframe-transform","message":"encrypted frame","context":{"kid":9,"ctr":3,"byteLength":62,"codecOffset":10}}

[90mstdout[2m | apps/validator-daemon/src/canary/__tests__/verify-loop.test.ts[2m > [22m[2mREQ-CFA-042 — state.relayStunLossBps is READ as the classifier stunPacketLossBps arg[2m > [22m[2mthe submitted proof carries the audited relay + the diverged frameSeq + >=2 attesters
[22m[39m{"timestamp":"2026-06-20T06:22:08.274Z","level":"INFO","source":"frontend","module":"webrtc/sframe-transform","message":"encrypted frame","context":{"kid":9,"ctr":4,"byteLength":62,"codecOffset":10}}

[90mstdout[2m | apps/validator-daemon/src/canary/__tests__/verify-loop.test.ts[2m > [22m[2mREQ-CFA-042 — state.relayStunLossBps is READ as the classifier stunPacketLossBps arg[2m > [22m[2mthe submitted proof carries the audited relay + the diverged frameSeq + >=2 attesters
[22m[39m{"timestamp":"2026-06-20T06:22:08.275Z","level":"INFO","source":"frontend","module":"webrtc/sframe-transform","message":"encrypted frame","context":{"kid":9,"ctr":6,"byteLength":62,"codecOffset":10}}

[90mstdout[2m | apps/validator-daemon/src/canary/__tests__/verify-loop.test.ts[2m > [22m[2mREQ-CFA-042 — state.relayStunLossBps is READ as the classifier stunPacketLossBps arg[2m > [22m[2mthe submitted proof carries the audited relay + the diverged frameSeq + >=2 attesters
[22m[39m{"timestamp":"2026-06-20T06:22:08.276Z","level":"INFO","source":"frontend","module":"webrtc/sframe-transform","message":"encrypted frame","context":{"kid":9,"ctr":7,"byteLength":62,"codecOffset":10}}

[90mstdout[2m | apps/validator-daemon/src/canary/__tests__/verify-loop.test.ts[2m > [22m[2mREQ-CFA-042 — state.relayStunLossBps is READ as the classifier stunPacketLossBps arg[2m > [22m[2mthe submitted proof carries the audited relay + the diverged frameSeq + >=2 attesters
[22m[39m{"timestamp":"2026-06-20T06:22:08.276Z","level":"INFO","source":"frontend","module":"webrtc/sframe-transform","message":"encrypted frame","context":{"kid":9,"ctr":0,"byteLength":62,"codecOffset":10}}

[90mstdout[2m | apps/validator-daemon/src/canary/__tests__/verify-loop.test.ts[2m > [22m[2mREQ-CFA-042 — state.relayStunLossBps is READ as the classifier stunPacketLossBps arg[2m > [22m[2mthe submitted proof carries the audited relay + the diverged frameSeq + >=2 attesters
[22m[39m{"timestamp":"2026-06-20T06:22:08.277Z","level":"INFO","source":"frontend","module":"webrtc/sframe-transform","message":"encrypted frame","context":{"kid":9,"ctr":1,"byteLength":62,"codecOffset":10}}

[90mstdout[2m | apps/validator-daemon/src/canary/__tests__/verify-loop.test.ts[2m > [22m[2mREQ-CFA-042 — state.relayStunLossBps is READ as the classifier stunPacketLossBps arg[2m > [22m[2mthe submitted proof carries the audited relay + the diverged frameSeq + >=2 attesters
[22m[39m{"timestamp":"2026-06-20T06:22:08.279Z","level":"INFO","source":"frontend","module":"webrtc/sframe-transform","message":"encrypted frame","context":{"kid":9,"ctr":2,"byteLength":62,"codecOffset":10}}

[90mstdout[2m | apps/validator-daemon/src/canary/__tests__/verify-loop.test.ts[2m > [22m[2mREQ-CFA-042 — state.relayStunLossBps is READ as the classifier stunPacketLossBps arg[2m > [22m[2mthe submitted proof carries the audited relay + the diverged frameSeq + >=2 attesters
[22m[39m{"timestamp":"2026-06-20T06:22:08.279Z","level":"INFO","source":"frontend","module":"webrtc/sframe-transform","message":"encrypted frame","context":{"kid":9,"ctr":3,"byteLength":62,"codecOffset":10}}

[90mstdout[2m | apps/validator-daemon/src/canary/__tests__/verify-loop.test.ts[2m > [22m[2mREQ-CFA-042 — state.relayStunLossBps is READ as the classifier stunPacketLossBps arg[2m > [22m[2mthe submitted proof carries the audited relay + the diverged frameSeq + >=2 attesters
[22m[39m{"timestamp":"2026-06-20T06:22:08.280Z","level":"INFO","source":"frontend","module":"webrtc/sframe-transform","message":"encrypted frame","context":{"kid":9,"ctr":4,"byteLength":62,"codecOffset":10}}

[90mstdout[2m | apps/validator-daemon/src/canary/__tests__/verify-loop.test.ts[2m > [22m[2mREQ-CFA-042 — state.relayStunLossBps is READ as the classifier stunPacketLossBps arg[2m > [22m[2mthe submitted proof carries the audited relay + the diverged frameSeq + >=2 attesters
[22m[39m{"timestamp":"2026-06-20T06:22:08.281Z","level":"INFO","source":"frontend","module":"webrtc/sframe-transform","message":"encrypted frame","context":{"kid":9,"ctr":5,"byteLength":62,"codecOffset":10}}

[90mstdout[2m | apps/validator-daemon/src/canary/__tests__/verify-loop.test.ts[2m > [22m[2mREQ-CFA-042 — state.relayStunLossBps is READ as the classifier stunPacketLossBps arg[2m > [22m[2mthe submitted proof carries the audited relay + the diverged frameSeq + >=2 attesters
[22m[39m{"timestamp":"2026-06-20T06:22:08.283Z","level":"INFO","source":"frontend","module":"webrtc/sframe-transform","message":"encrypted frame","context":{"kid":9,"ctr":6,"byteLength":62,"codecOffset":10}}

[90mstdout[2m | apps/validator-daemon/src/canary/__tests__/verify-loop.test.ts[2m > [22m[2mREQ-CFA-042 — state.relayStunLossBps is READ as the classifier stunPacketLossBps arg[2m > [22m[2mthe submitted proof carries the audited relay + the diverged frameSeq + >=2 attesters
[22m[39m{"timestamp":"2026-06-20T06:22:08.284Z","level":"INFO","source":"frontend","module":"webrtc/sframe-transform","message":"encrypted frame","context":{"kid":9,"ctr":7,"byteLength":62,"codecOffset":10}}

[90mstdout[2m | apps/validator-daemon/src/canary/__tests__/verify-loop.test.ts[2m > [22m[2mREQ-CFA-042 — state.relayStunLossBps is READ as the classifier stunPacketLossBps arg[2m > [22m[2mthe submitted proof carries the audited relay + the diverged frameSeq + >=2 attesters
[22m[39m{"timestamp":"2026-06-20T06:22:08.285Z","level":"INFO","source":"frontend","module":"webrtc/sframe-transform","message":"encrypted frame","context":{"kid":9,"ctr":0,"byteLength":62,"codecOffset":10}}

[90mstdout[2m | apps/validator-daemon/src/canary/__tests__/verify-loop.test.ts[2m > [22m[2mREQ-CFA-042 — state.relayStunLossBps is READ as the classifier stunPacketLossBps arg[2m > [22m[2mthe submitted proof carries the audited relay + the diverged frameSeq + >=2 attesters
[22m[39m{"timestamp":"2026-06-20T06:22:08.286Z","level":"INFO","source":"frontend","module":"webrtc/sframe-transform","message":"encrypted frame","context":{"kid":9,"ctr":1,"byteLength":62,"codecOffset":10}}

[90mstdout[2m | apps/validator-daemon/src/canary/__tests__/verify-loop.test.ts[2m > [22m[2mREQ-CFA-042 — state.relayStunLossBps is READ as the classifier stunPacketLossBps arg[2m > [22m[2mthe submitted proof carries the audited relay + the diverged frameSeq + >=2 attesters
[22m[39m{"timestamp":"2026-06-20T06:22:08.287Z","level":"INFO","source":"frontend","module":"webrtc/sframe-transform","message":"encrypted frame","context":{"kid":9,"ctr":2,"byteLength":62,"codecOffset":10}}

[90mstdout[2m | apps/validator-daemon/src/canary/__tests__/verify-loop.test.ts[2m > [22m[2mREQ-CFA-042 — state.relayStunLossBps is READ as the classifier stunPacketLossBps arg[2m > [22m[2mthe submitted proof carries the audited relay + the diverged frameSeq + >=2 attesters
[22m[39m{"timestamp":"2026-06-20T06:22:08.288Z","level":"INFO","source":"frontend","module":"webrtc/sframe-transform","message":"encrypted frame","context":{"kid":9,"ctr":3,"byteLength":62,"codecOffset":10}}

{"level":30,"time":1781936528268,"pid":3780,"hostname":"Quang","name":"canary/verifier","canaryKid":9,"mediaPackets":7,"byteIdentical":7,"divergences":1,"msg":"canary forwarding verified"}
{"level":30,"time":1781936528268,"pid":3780,"hostname":"Quang","name":"canary/loss-classifier","relayMinerId":"relay-under-audit","promoted":0,"absorbed":1,"tampers":0,"cumulativeCrossed":false,"msg":"canary divergences classified (drop gate / tamper p=1)"}
{"level":30,"time":1781936528269,"pid":3780,"hostname":"Quang","name":"canary/verify-loop","round":3,"relayMinerId":"relay-under-audit","roomId":"verify-loop-room","perReceiver":2,"promoted":0,"absorbed":1,"stunLossBps":"0","msg":"canary verify round classified (hermetic half — synthetic capture, STUN read live)"}
{"level":30,"time":1781936528284,"pid":3780,"hostname":"Quang","name":"canary/verifier","canaryKid":9,"mediaPackets":7,"byteIdentical":7,"divergences":1,"msg":"canary forwarding verified"}
[90mstdout[2m | apps/validator-daemon/src/canary/__tests__/verify-loop.test.ts[2m > [22m[2mREQ-CFA-042 — state.relayStunLossBps is READ as the classifier stunPacketLossBps arg[2m > [22m[2mthe submitted proof carries the audited relay + the diverged frameSeq + >=2 attesters
[22m[39m{"timestamp":"2026-06-20T06:22:08.289Z","level":"INFO","source":"frontend","module":"webrtc/sframe-transform","message":"encrypted frame","context":{"kid":9,"ctr":4,"byteLength":62,"codecOffset":10}}

[90mstdout[2m | apps/validator-daemon/src/canary/__tests__/verify-loop.test.ts[2m > [22m[2mREQ-CFA-042 — state.relayStunLossBps is READ as the classifier stunPacketLossBps arg[2m > [22m[2mthe submitted proof carries the audited relay + the diverged frameSeq + >=2 attesters
[22m[39m{"timestamp":"2026-06-20T06:22:08.290Z","level":"INFO","source":"frontend","module":"webrtc/sframe-transform","message":"encrypted frame","context":{"kid":9,"ctr":5,"byteLength":62,"codecOffset":10}}

[90mstdout[2m | apps/validator-daemon/src/canary/__tests__/verify-loop.test.ts[2m > [22m[2mREQ-CFA-042 — state.relayStunLossBps is READ as the classifier stunPacketLossBps arg[2m > [22m[2mthe submitted proof carries the audited relay + the diverged frameSeq + >=2 attesters
[22m[39m{"timestamp":"2026-06-20T06:22:08.293Z","level":"INFO","source":"frontend","module":"webrtc/sframe-transform","message":"encrypted frame","context":{"kid":9,"ctr":6,"byteLength":62,"codecOffset":10}}

[90mstdout[2m | apps/validator-daemon/src/canary/__tests__/verify-loop.test.ts[2m > [22m[2mREQ-CFA-042 — state.relayStunLossBps is READ as the classifier stunPacketLossBps arg[2m > [22m[2mthe submitted proof carries the audited relay + the diverged frameSeq + >=2 attesters
[22m[39m{"timestamp":"2026-06-20T06:22:08.297Z","level":"INFO","source":"frontend","module":"webrtc/sframe-transform","message":"encrypted frame","context":{"kid":9,"ctr":7,"byteLength":62,"codecOffset":10}}

{"level":30,"time":1781936528297,"pid":3780,"hostname":"Quang","name":"canary/verifier","canaryKid":9,"mediaPackets":7,"byteIdentical":7,"divergences":1,"msg":"canary forwarding verified"}
{"level":30,"time":1781936528297,"pid":3780,"hostname":"Quang","name":"canary/loss-classifier","relayMinerId":"relay-under-audit","promoted":1,"absorbed":0,"tampers":0,"cumulativeCrossed":true,"msg":"canary divergences classified (drop gate / tamper p=1)"}
{"level":30,"time":1781936528303,"pid":3780,"hostname":"Quang","name":"canary/proof","roomId":"verify-loop-room","relayMinerId":"relay-under-audit","canaryId":9,"frameSeq":5,"drop":true,"attesters":2,"msg":"canary proof-of-divergence built (Wallet-B only)"}
{"level":30,"time":1781936528303,"pid":3780,"hostname":"Quang","name":"canary/verify-loop","round":4,"relayMinerId":"relay-under-audit","roomId":"verify-loop-room","perReceiver":2,"promoted":1,"absorbed":0,"stunLossBps":"0","msg":"canary verify round classified (hermetic half — synthetic capture, STUN read live)"}
[90mstdout[2m | apps/validator-daemon/src/canary/__tests__/verify-loop.test.ts[2m > [22m[2mREQ-CFA-042 — state.relayStunLossBps is READ as the classifier stunPacketLossBps arg[2m > [22m[2mthe submitted proof carries the audited relay + the diverged frameSeq + >=2 attesters
[22m[39m{"timestamp":"2026-06-20T06:22:08.304Z","level":"INFO","source":"frontend","module":"webrtc/sframe-transform","message":"encrypted frame","context":{"kid":9,"ctr":0,"byteLength":62,"codecOffset":10}}

 [32m✓[39m apps/validator-daemon/src/__tests__/index.test.ts [2m([22m[2m12 tests[22m[2m)[22m[32m 163[2mms[22m[39m
[90mstdout[2m | apps/validator-daemon/src/canary/__tests__/verify-loop.test.ts[2m > [22m[2mREQ-CFA-042 — state.relayStunLossBps is READ as the classifier stunPacketLossBps arg[2m > [22m[2mthe submitted proof carries the audited relay + the diverged frameSeq + >=2 attesters
[22m[39m{"timestamp":"2026-06-20T06:22:08.305Z","level":"INFO","source":"frontend","module":"webrtc/sframe-transform","message":"encrypted frame","context":{"kid":9,"ctr":1,"byteLength":62,"codecOffset":10}}

[90mstdout[2m | apps/validator-daemon/src/canary/__tests__/verify-loop.test.ts[2m > [22m[2mREQ-CFA-042 — state.relayStunLossBps is READ as the classifier stunPacketLossBps arg[2m > [22m[2mthe submitted proof carries the audited relay + the diverged frameSeq + >=2 attesters
[22m[39m{"timestamp":"2026-06-20T06:22:08.306Z","level":"INFO","source":"frontend","module":"webrtc/sframe-transform","message":"encrypted frame","context":{"kid":9,"ctr":2,"byteLength":62,"codecOffset":10}}

[90mstdout[2m | apps/validator-daemon/src/canary/__tests__/verify-loop.test.ts[2m > [22m[2mREQ-CFA-042 — state.relayStunLossBps is READ as the classifier stunPacketLossBps arg[2m > [22m[2mthe submitted proof carries the audited relay + the diverged frameSeq + >=2 attesters
[22m[39m{"timestamp":"2026-06-20T06:22:08.307Z","level":"INFO","source":"frontend","module":"webrtc/sframe-transform","message":"encrypted frame","context":{"kid":9,"ctr":3,"byteLength":62,"codecOffset":10}}

[90mstdout[2m | apps/validator-daemon/src/canary/__tests__/verify-loop.test.ts[2m > [22m[2mREQ-CFA-042 — state.relayStunLossBps is READ as the classifier stunPacketLossBps arg[2m > [22m[2mthe submitted proof carries the audited relay + the diverged frameSeq + >=2 attesters
[22m[39m{"timestamp":"2026-06-20T06:22:08.308Z","level":"INFO","source":"frontend","module":"webrtc/sframe-transform","message":"encrypted frame","context":{"kid":9,"ctr":4,"byteLength":62,"codecOffset":10}}

[90mstdout[2m | apps/validator-daemon/src/canary/__tests__/verify-loop.test.ts[2m > [22m[2mREQ-CFA-042 — state.relayStunLossBps is READ as the classifier stunPacketLossBps arg[2m > [22m[2mthe submitted proof carries the audited relay + the diverged frameSeq + >=2 attesters
[22m[39m{"timestamp":"2026-06-20T06:22:08.309Z","level":"INFO","source":"frontend","module":"webrtc/sframe-transform","message":"encrypted frame","context":{"kid":9,"ctr":6,"byteLength":62,"codecOffset":10}}

[90mstdout[2m | apps/validator-daemon/src/canary/__tests__/verify-loop.test.ts[2m > [22m[2mREQ-CFA-042 — state.relayStunLossBps is READ as the classifier stunPacketLossBps arg[2m > [22m[2mthe submitted proof carries the audited relay + the diverged frameSeq + >=2 attesters
[22m[39m{"timestamp":"2026-06-20T06:22:08.310Z","level":"INFO","source":"frontend","module":"webrtc/sframe-transform","message":"encrypted frame","context":{"kid":9,"ctr":7,"byteLength":62,"codecOffset":10}}

[90mstdout[2m | apps/validator-daemon/src/canary/__tests__/verify-loop.test.ts[2m > [22m[2mREQ-CFA-042 — state.relayStunLossBps is READ as the classifier stunPacketLossBps arg[2m > [22m[2mthe submitted proof carries the audited relay + the diverged frameSeq + >=2 attesters
[22m[39m{"timestamp":"2026-06-20T06:22:08.311Z","level":"INFO","source":"frontend","module":"webrtc/sframe-transform","message":"encrypted frame","context":{"kid":9,"ctr":0,"byteLength":62,"codecOffset":10}}

[90mstdout[2m | apps/validator-daemon/src/canary/__tests__/verify-loop.test.ts[2m > [22m[2mREQ-CFA-042 — state.relayStunLossBps is READ as the classifier stunPacketLossBps arg[2m > [22m[2mthe submitted proof carries the audited relay + the diverged frameSeq + >=2 attesters
[22m[39m{"timestamp":"2026-06-20T06:22:08.312Z","level":"INFO","source":"frontend","module":"webrtc/sframe-transform","message":"encrypted frame","context":{"kid":9,"ctr":1,"byteLength":62,"codecOffset":10}}

[90mstdout[2m | apps/validator-daemon/src/canary/__tests__/verify-loop.test.ts[2m > [22m[2mREQ-CFA-042 — state.relayStunLossBps is READ as the classifier stunPacketLossBps arg[2m > [22m[2mthe submitted proof carries the audited relay + the diverged frameSeq + >=2 attesters
[22m[39m{"timestamp":"2026-06-20T06:22:08.313Z","level":"INFO","source":"frontend","module":"webrtc/sframe-transform","message":"encrypted frame","context":{"kid":9,"ctr":2,"byteLength":62,"codecOffset":10}}

[90mstdout[2m | apps/validator-daemon/src/canary/__tests__/verify-loop.test.ts[2m > [22m[2mREQ-CFA-042 — state.relayStunLossBps is READ as the classifier stunPacketLossBps arg[2m > [22m[2mthe submitted proof carries the audited relay + the diverged frameSeq + >=2 attesters
[22m[39m{"timestamp":"2026-06-20T06:22:08.314Z","level":"INFO","source":"frontend","module":"webrtc/sframe-transform","message":"encrypted frame","context":{"kid":9,"ctr":3,"byteLength":62,"codecOffset":10}}

[90mstdout[2m | apps/validator-daemon/src/canary/__tests__/verify-loop.test.ts[2m > [22m[2mREQ-CFA-042 — state.relayStunLossBps is READ as the classifier stunPacketLossBps arg[2m > [22m[2mthe submitted proof carries the audited relay + the diverged frameSeq + >=2 attesters
[22m[39m{"timestamp":"2026-06-20T06:22:08.314Z","level":"INFO","source":"frontend","module":"webrtc/sframe-transform","message":"encrypted frame","context":{"kid":9,"ctr":4,"byteLength":62,"codecOffset":10}}

[90mstdout[2m | apps/validator-daemon/src/canary/__tests__/verify-loop.test.ts[2m > [22m[2mREQ-CFA-042 — state.relayStunLossBps is READ as the classifier stunPacketLossBps arg[2m > [22m[2mthe submitted proof carries the audited relay + the diverged frameSeq + >=2 attesters
[22m[39m{"timestamp":"2026-06-20T06:22:08.316Z","level":"INFO","source":"frontend","module":"webrtc/sframe-transform","message":"encrypted frame","context":{"kid":9,"ctr":5,"byteLength":62,"codecOffset":10}}

[90mstdout[2m | apps/validator-daemon/src/canary/__tests__/verify-loop.test.ts[2m > [22m[2mREQ-CFA-042 — state.relayStunLossBps is READ as the classifier stunPacketLossBps arg[2m > [22m[2mthe submitted proof carries the audited relay + the diverged frameSeq + >=2 attesters
[22m[39m{"timestamp":"2026-06-20T06:22:08.317Z","level":"INFO","source":"frontend","module":"webrtc/sframe-transform","message":"encrypted frame","context":{"kid":9,"ctr":6,"byteLength":62,"codecOffset":10}}

[90mstdout[2m | apps/validator-daemon/src/canary/__tests__/verify-loop.test.ts[2m > [22m[2mREQ-CFA-042 — state.relayStunLossBps is READ as the classifier stunPacketLossBps arg[2m > [22m[2mthe submitted proof carries the audited relay + the diverged frameSeq + >=2 attesters
[22m[39m{"timestamp":"2026-06-20T06:22:08.318Z","level":"INFO","source":"frontend","module":"webrtc/sframe-transform","message":"encrypted frame","context":{"kid":9,"ctr":7,"byteLength":62,"codecOffset":10}}

{"level":30,"time":1781936528318,"pid":3780,"hostname":"Quang","name":"canary/verifier","canaryKid":9,"mediaPackets":7,"byteIdentical":7,"divergences":1,"msg":"canary forwarding verified"}
[90mstdout[2m | apps/validator-daemon/src/canary/__tests__/verify-loop.test.ts[2m > [22m[2mREQ-CFA-042 — state.relayStunLossBps is READ as the classifier stunPacketLossBps arg[2m > [22m[2mthe submitted proof carries the audited relay + the diverged frameSeq + >=2 attesters
[22m[39m{"timestamp":"2026-06-20T06:22:08.319Z","level":"INFO","source":"frontend","module":"webrtc/sframe-transform","message":"encrypted frame","context":{"kid":9,"ctr":0,"byteLength":62,"codecOffset":10}}

[90mstdout[2m | apps/validator-daemon/src/canary/__tests__/verify-loop.test.ts[2m > [22m[2mREQ-CFA-042 — state.relayStunLossBps is READ as the classifier stunPacketLossBps arg[2m > [22m[2mthe submitted proof carries the audited relay + the diverged frameSeq + >=2 attesters
[22m[39m{"timestamp":"2026-06-20T06:22:08.320Z","level":"INFO","source":"frontend","module":"webrtc/sframe-transform","message":"encrypted frame","context":{"kid":9,"ctr":1,"byteLength":62,"codecOffset":10}}

[90mstdout[2m | apps/validator-daemon/src/canary/__tests__/verify-loop.test.ts[2m > [22m[2mREQ-CFA-042 — state.relayStunLossBps is READ as the classifier stunPacketLossBps arg[2m > [22m[2mthe submitted proof carries the audited relay + the diverged frameSeq + >=2 attesters
[22m[39m{"timestamp":"2026-06-20T06:22:08.321Z","level":"INFO","source":"frontend","module":"webrtc/sframe-transform","message":"encrypted frame","context":{"kid":9,"ctr":2,"byteLength":62,"codecOffset":10}}

[90mstdout[2m | apps/validator-daemon/src/canary/__tests__/verify-loop.test.ts[2m > [22m[2mREQ-CFA-042 — state.relayStunLossBps is READ as the classifier stunPacketLossBps arg[2m > [22m[2mthe submitted proof carries the audited relay + the diverged frameSeq + >=2 attesters
[22m[39m{"timestamp":"2026-06-20T06:22:08.322Z","level":"INFO","source":"frontend","module":"webrtc/sframe-transform","message":"encrypted frame","context":{"kid":9,"ctr":3,"byteLength":62,"codecOffset":10}}

[90mstdout[2m | apps/validator-daemon/src/canary/__tests__/verify-loop.test.ts[2m > [22m[2mREQ-CFA-042 — state.relayStunLossBps is READ as the classifier stunPacketLossBps arg[2m > [22m[2mthe submitted proof carries the audited relay + the diverged frameSeq + >=2 attesters
[22m[39m{"timestamp":"2026-06-20T06:22:08.325Z","level":"INFO","source":"frontend","module":"webrtc/sframe-transform","message":"encrypted frame","context":{"kid":9,"ctr":4,"byteLength":62,"codecOffset":10}}

[90mstdout[2m | apps/validator-daemon/src/canary/__tests__/verify-loop.test.ts[2m > [22m[2mREQ-CFA-042 — state.relayStunLossBps is READ as the classifier stunPacketLossBps arg[2m > [22m[2mthe submitted proof carries the audited relay + the diverged frameSeq + >=2 attesters
[22m[39m{"timestamp":"2026-06-20T06:22:08.327Z","level":"INFO","source":"frontend","module":"webrtc/sframe-transform","message":"encrypted frame","context":{"kid":9,"ctr":5,"byteLength":62,"codecOffset":10}}

[90mstdout[2m | apps/validator-daemon/src/canary/__tests__/verify-loop.test.ts[2m > [22m[2mREQ-CFA-042 — state.relayStunLossBps is READ as the classifier stunPacketLossBps arg[2m > [22m[2mthe submitted proof carries the audited relay + the diverged frameSeq + >=2 attesters
[22m[39m{"timestamp":"2026-06-20T06:22:08.328Z","level":"INFO","source":"frontend","module":"webrtc/sframe-transform","message":"encrypted frame","context":{"kid":9,"ctr":6,"byteLength":62,"codecOffset":10}}

[90mstdout[2m | apps/validator-daemon/src/canary/__tests__/verify-loop.test.ts[2m > [22m[2mREQ-CFA-042 — state.relayStunLossBps is READ as the classifier stunPacketLossBps arg[2m > [22m[2mthe submitted proof carries the audited relay + the diverged frameSeq + >=2 attesters
[22m[39m{"timestamp":"2026-06-20T06:22:08.329Z","level":"INFO","source":"frontend","module":"webrtc/sframe-transform","message":"encrypted frame","context":{"kid":9,"ctr":7,"byteLength":62,"codecOffset":10}}

{"level":30,"time":1781936528329,"pid":3780,"hostname":"Quang","name":"canary/verifier","canaryKid":9,"mediaPackets":7,"byteIdentical":7,"divergences":1,"msg":"canary forwarding verified"}
{"level":30,"time":1781936528329,"pid":3780,"hostname":"Quang","name":"canary/loss-classifier","relayMinerId":"relay-under-audit","promoted":1,"absorbed":0,"tampers":0,"cumulativeCrossed":true,"msg":"canary divergences classified (drop gate / tamper p=1)"}
{"level":30,"time":1781936528333,"pid":3780,"hostname":"Quang","name":"canary/proof","roomId":"verify-loop-room","relayMinerId":"relay-under-audit","canaryId":9,"frameSeq":5,"drop":true,"attesters":2,"msg":"canary proof-of-divergence built (Wallet-B only)"}
{"level":30,"time":1781936528333,"pid":3780,"hostname":"Quang","name":"canary/verify-loop","round":5,"relayMinerId":"relay-under-audit","roomId":"verify-loop-room","perReceiver":2,"promoted":1,"absorbed":0,"stunLossBps":"0","msg":"canary verify round classified (hermetic half — synthetic capture, STUN read live)"}
[90mstdout[2m | apps/validator-daemon/src/canary/__tests__/verify-loop.test.ts[2m > [22m[2mREQ-CFA-042 — state.relayStunLossBps is READ as the classifier stunPacketLossBps arg[2m > [22m[2mthe submitted proof carries the audited relay + the diverged frameSeq + >=2 attesters
[22m[39m{"timestamp":"2026-06-20T06:22:08.334Z","level":"INFO","source":"frontend","module":"webrtc/sframe-transform","message":"encrypted frame","context":{"kid":9,"ctr":0,"byteLength":62,"codecOffset":10}}

[90mstdout[2m | apps/validator-daemon/src/canary/__tests__/verify-loop.test.ts[2m > [22m[2mREQ-CFA-042 — state.relayStunLossBps is READ as the classifier stunPacketLossBps arg[2m > [22m[2mthe submitted proof carries the audited relay + the diverged frameSeq + >=2 attesters
[22m[39m{"timestamp":"2026-06-20T06:22:08.335Z","level":"INFO","source":"frontend","module":"webrtc/sframe-transform","message":"encrypted frame","context":{"kid":9,"ctr":1,"byteLength":62,"codecOffset":10}}

[90mstdout[2m | apps/validator-daemon/src/canary/__tests__/verify-loop.test.ts[2m > [22m[2mREQ-CFA-042 — state.relayStunLossBps is READ as the classifier stunPacketLossBps arg[2m > [22m[2mthe submitted proof carries the audited relay + the diverged frameSeq + >=2 attesters
[22m[39m{"timestamp":"2026-06-20T06:22:08.337Z","level":"INFO","source":"frontend","module":"webrtc/sframe-transform","message":"encrypted frame","context":{"kid":9,"ctr":2,"byteLength":62,"codecOffset":10}}

[90mstdout[2m | apps/validator-daemon/src/canary/__tests__/verify-loop.test.ts[2m > [22m[2mREQ-CFA-042 — state.relayStunLossBps is READ as the classifier stunPacketLossBps arg[2m > [22m[2mthe submitted proof carries the audited relay + the diverged frameSeq + >=2 attesters
[22m[39m{"timestamp":"2026-06-20T06:22:08.338Z","level":"INFO","source":"frontend","module":"webrtc/sframe-transform","message":"encrypted frame","context":{"kid":9,"ctr":3,"byteLength":62,"codecOffset":10}}

[90mstdout[2m | apps/validator-daemon/src/canary/__tests__/verify-loop.test.ts[2m > [22m[2mREQ-CFA-042 — state.relayStunLossBps is READ as the classifier stunPacketLossBps arg[2m > [22m[2mthe submitted proof carries the audited relay + the diverged frameSeq + >=2 attesters
[22m[39m{"timestamp":"2026-06-20T06:22:08.339Z","level":"INFO","source":"frontend","module":"webrtc/sframe-transform","message":"encrypted frame","context":{"kid":9,"ctr":4,"byteLength":62,"codecOffset":10}}

[90mstdout[2m | apps/validator-daemon/src/canary/__tests__/verify-loop.test.ts[2m > [22m[2mREQ-CFA-042 — state.relayStunLossBps is READ as the classifier stunPacketLossBps arg[2m > [22m[2mthe submitted proof carries the audited relay + the diverged frameSeq + >=2 attesters
[22m[39m{"timestamp":"2026-06-20T06:22:08.340Z","level":"INFO","source":"frontend","module":"webrtc/sframe-transform","message":"encrypted frame","context":{"kid":9,"ctr":6,"byteLength":62,"codecOffset":10}}

[90mstdout[2m | apps/validator-daemon/src/canary/__tests__/verify-loop.test.ts[2m > [22m[2mREQ-CFA-042 — state.relayStunLossBps is READ as the classifier stunPacketLossBps arg[2m > [22m[2mthe submitted proof carries the audited relay + the diverged frameSeq + >=2 attesters
[22m[39m{"timestamp":"2026-06-20T06:22:08.341Z","level":"INFO","source":"frontend","module":"webrtc/sframe-transform","message":"encrypted frame","context":{"kid":9,"ctr":7,"byteLength":62,"codecOffset":10}}

[90mstdout[2m | apps/validator-daemon/src/canary/__tests__/verify-loop.test.ts[2m > [22m[2mREQ-CFA-042 — state.relayStunLossBps is READ as the classifier stunPacketLossBps arg[2m > [22m[2mthe submitted proof carries the audited relay + the diverged frameSeq + >=2 attesters
[22m[39m{"timestamp":"2026-06-20T06:22:08.342Z","level":"INFO","source":"frontend","module":"webrtc/sframe-transform","message":"encrypted frame","context":{"kid":9,"ctr":0,"byteLength":62,"codecOffset":10}}

[90mstdout[2m | apps/validator-daemon/src/canary/__tests__/verify-loop.test.ts[2m > [22m[2mREQ-CFA-042 — state.relayStunLossBps is READ as the classifier stunPacketLossBps arg[2m > [22m[2mthe submitted proof carries the audited relay + the diverged frameSeq + >=2 attesters
[22m[39m{"timestamp":"2026-06-20T06:22:08.343Z","level":"INFO","source":"frontend","module":"webrtc/sframe-transform","message":"encrypted frame","context":{"kid":9,"ctr":1,"byteLength":62,"codecOffset":10}}

[90mstdout[2m | apps/validator-daemon/src/canary/__tests__/verify-loop.test.ts[2m > [22m[2mREQ-CFA-042 — state.relayStunLossBps is READ as the classifier stunPacketLossBps arg[2m > [22m[2mthe submitted proof carries the audited relay + the diverged frameSeq + >=2 attesters
[22m[39m{"timestamp":"2026-06-20T06:22:08.344Z","level":"INFO","source":"frontend","module":"webrtc/sframe-transform","message":"encrypted frame","context":{"kid":9,"ctr":2,"byteLength":62,"codecOffset":10}}

[90mstdout[2m | apps/validator-daemon/src/canary/__tests__/verify-loop.test.ts[2m > [22m[2mREQ-CFA-042 — state.relayStunLossBps is READ as the classifier stunPacketLossBps arg[2m > [22m[2mthe submitted proof carries the audited relay + the diverged frameSeq + >=2 attesters
[22m[39m{"timestamp":"2026-06-20T06:22:08.345Z","level":"INFO","source":"frontend","module":"webrtc/sframe-transform","message":"encrypted frame","context":{"kid":9,"ctr":3,"byteLength":62,"codecOffset":10}}

[90mstdout[2m | apps/validator-daemon/src/canary/__tests__/verify-loop.test.ts[2m > [22m[2mREQ-CFA-042 — state.relayStunLossBps is READ as the classifier stunPacketLossBps arg[2m > [22m[2mthe submitted proof carries the audited relay + the diverged frameSeq + >=2 attesters
[22m[39m{"timestamp":"2026-06-20T06:22:08.345Z","level":"INFO","source":"frontend","module":"webrtc/sframe-transform","message":"encrypted frame","context":{"kid":9,"ctr":4,"byteLength":62,"codecOffset":10}}

[90mstdout[2m | apps/validator-daemon/src/canary/__tests__/verify-loop.test.ts[2m > [22m[2mREQ-CFA-042 — state.relayStunLossBps is READ as the classifier stunPacketLossBps arg[2m > [22m[2mthe submitted proof carries the audited relay + the diverged frameSeq + >=2 attesters
[22m[39m{"timestamp":"2026-06-20T06:22:08.346Z","level":"INFO","source":"frontend","module":"webrtc/sframe-transform","message":"encrypted frame","context":{"kid":9,"ctr":5,"byteLength":62,"codecOffset":10}}

[90mstdout[2m | apps/validator-daemon/src/canary/__tests__/verify-loop.test.ts[2m > [22m[2mREQ-CFA-042 — state.relayStunLossBps is READ as the classifier stunPacketLossBps arg[2m > [22m[2mthe submitted proof carries the audited relay + the diverged frameSeq + >=2 attesters
[22m[39m{"timestamp":"2026-06-20T06:22:08.347Z","level":"INFO","source":"frontend","module":"webrtc/sframe-transform","message":"encrypted frame","context":{"kid":9,"ctr":6,"byteLength":62,"codecOffset":10}}

[90mstdout[2m | apps/validator-daemon/src/canary/__tests__/verify-loop.test.ts[2m > [22m[2mREQ-CFA-042 — state.relayStunLossBps is READ as the classifier stunPacketLossBps arg[2m > [22m[2mthe submitted proof carries the audited relay + the diverged frameSeq + >=2 attesters
[22m[39m{"timestamp":"2026-06-20T06:22:08.347Z","level":"INFO","source":"frontend","module":"webrtc/sframe-transform","message":"encrypted frame","context":{"kid":9,"ctr":7,"byteLength":62,"codecOffset":10}}

{"level":30,"time":1781936528348,"pid":3780,"hostname":"Quang","name":"canary/verifier","canaryKid":9,"mediaPackets":7,"byteIdentical":7,"divergences":1,"msg":"canary forwarding verified"}
[90mstdout[2m | apps/validator-daemon/src/canary/__tests__/verify-loop.test.ts[2m > [22m[2mREQ-CFA-042 — state.relayStunLossBps is READ as the classifier stunPacketLossBps arg[2m > [22m[2mthe submitted proof carries the audited relay + the diverged frameSeq + >=2 attesters
[22m[39m{"timestamp":"2026-06-20T06:22:08.349Z","level":"INFO","source":"frontend","module":"webrtc/sframe-transform","message":"encrypted frame","context":{"kid":9,"ctr":0,"byteLength":62,"codecOffset":10}}

[90mstdout[2m | apps/validator-daemon/src/canary/__tests__/verify-loop.test.ts[2m > [22m[2mREQ-CFA-042 — state.relayStunLossBps is READ as the classifier stunPacketLossBps arg[2m > [22m[2mthe submitted proof carries the audited relay + the diverged frameSeq + >=2 attesters
[22m[39m{"timestamp":"2026-06-20T06:22:08.350Z","level":"INFO","source":"frontend","module":"webrtc/sframe-transform","message":"encrypted frame","context":{"kid":9,"ctr":1,"byteLength":62,"codecOffset":10}}

[90mstdout[2m | apps/validator-daemon/src/canary/__tests__/verify-loop.test.ts[2m > [22m[2mREQ-CFA-042 — state.relayStunLossBps is READ as the classifier stunPacketLossBps arg[2m > [22m[2mthe submitted proof carries the audited relay + the diverged frameSeq + >=2 attesters
[22m[39m{"timestamp":"2026-06-20T06:22:08.353Z","level":"INFO","source":"frontend","module":"webrtc/sframe-transform","message":"encrypted frame","context":{"kid":9,"ctr":2,"byteLength":62,"codecOffset":10}}

[90mstdout[2m | apps/validator-daemon/src/canary/__tests__/verify-loop.test.ts[2m > [22m[2mREQ-CFA-042 — state.relayStunLossBps is READ as the classifier stunPacketLossBps arg[2m > [22m[2mthe submitted proof carries the audited relay + the diverged frameSeq + >=2 attesters
[22m[39m{"timestamp":"2026-06-20T06:22:08.355Z","level":"INFO","source":"frontend","module":"webrtc/sframe-transform","message":"encrypted frame","context":{"kid":9,"ctr":3,"byteLength":62,"codecOffset":10}}

[90mstdout[2m | apps/validator-daemon/src/canary/__tests__/verify-loop.test.ts[2m > [22m[2mREQ-CFA-042 — state.relayStunLossBps is READ as the classifier stunPacketLossBps arg[2m > [22m[2mthe submitted proof carries the audited relay + the diverged frameSeq + >=2 attesters
[22m[39m{"timestamp":"2026-06-20T06:22:08.356Z","level":"INFO","source":"frontend","module":"webrtc/sframe-transform","message":"encrypted frame","context":{"kid":9,"ctr":4,"byteLength":62,"codecOffset":10}}

[90mstdout[2m | apps/validator-daemon/src/canary/__tests__/verify-loop.test.ts[2m > [22m[2mREQ-CFA-042 — state.relayStunLossBps is READ as the classifier stunPacketLossBps arg[2m > [22m[2mthe submitted proof carries the audited relay + the diverged frameSeq + >=2 attesters
[22m[39m{"timestamp":"2026-06-20T06:22:08.357Z","level":"INFO","source":"frontend","module":"webrtc/sframe-transform","message":"encrypted frame","context":{"kid":9,"ctr":5,"byteLength":62,"codecOffset":10}}

[90mstdout[2m | apps/validator-daemon/src/canary/__tests__/verify-loop.test.ts[2m > [22m[2mREQ-CFA-042 — state.relayStunLossBps is READ as the classifier stunPacketLossBps arg[2m > [22m[2mthe submitted proof carries the audited relay + the diverged frameSeq + >=2 attesters
[22m[39m{"timestamp":"2026-06-20T06:22:08.358Z","level":"INFO","source":"frontend","module":"webrtc/sframe-transform","message":"encrypted frame","context":{"kid":9,"ctr":6,"byteLength":62,"codecOffset":10}}

[90mstdout[2m | apps/validator-daemon/src/canary/__tests__/verify-loop.test.ts[2m > [22m[2mREQ-CFA-042 — state.relayStunLossBps is READ as the classifier stunPacketLossBps arg[2m > [22m[2mthe submitted proof carries the audited relay + the diverged frameSeq + >=2 attesters
[22m[39m{"timestamp":"2026-06-20T06:22:08.359Z","level":"INFO","source":"frontend","module":"webrtc/sframe-transform","message":"encrypted frame","context":{"kid":9,"ctr":7,"byteLength":62,"codecOffset":10}}

{"level":30,"time":1781936528360,"pid":3780,"hostname":"Quang","name":"canary/verifier","canaryKid":9,"mediaPackets":7,"byteIdentical":7,"divergences":1,"msg":"canary forwarding verified"}
{"level":30,"time":1781936528360,"pid":3780,"hostname":"Quang","name":"canary/loss-classifier","relayMinerId":"relay-under-audit","promoted":1,"absorbed":0,"tampers":0,"cumulativeCrossed":true,"msg":"canary divergences classified (drop gate / tamper p=1)"}
{"level":30,"time":1781936528363,"pid":3780,"hostname":"Quang","name":"canary/proof","roomId":"verify-loop-room","relayMinerId":"relay-under-audit","canaryId":9,"frameSeq":5,"drop":true,"attesters":2,"msg":"canary proof-of-divergence built (Wallet-B only)"}
{"level":30,"time":1781936528364,"pid":3780,"hostname":"Quang","name":"canary/verify-loop","round":6,"relayMinerId":"relay-under-audit","roomId":"verify-loop-room","perReceiver":2,"promoted":1,"absorbed":0,"stunLossBps":"0","msg":"canary verify round classified (hermetic half — synthetic capture, STUN read live)"}
[90mstdout[2m | apps/validator-daemon/src/canary/__tests__/verify-loop.test.ts[2m > [22m[2mREQ-CFA-043 — per-receiver Map + persisted per-relay DropAccumulator across >=2 rounds[2m > [22m[2mthe accumulator persists drop history across rounds (cumulative state grows)
[22m[39m{"timestamp":"2026-06-20T06:22:08.366Z","level":"INFO","source":"frontend","module":"webrtc/sframe-transform","message":"encrypted frame","context":{"kid":9,"ctr":0,"byteLength":62,"codecOffset":10}}

[90mstdout[2m | apps/validator-daemon/src/canary/__tests__/verify-loop.test.ts[2m > [22m[2mREQ-CFA-043 — per-receiver Map + persisted per-relay DropAccumulator across >=2 rounds[2m > [22m[2mthe accumulator persists drop history across rounds (cumulative state grows)
[22m[39m{"timestamp":"2026-06-20T06:22:08.367Z","level":"INFO","source":"frontend","module":"webrtc/sframe-transform","message":"encrypted frame","context":{"kid":9,"ctr":1,"byteLength":62,"codecOffset":10}}

[90mstdout[2m | apps/validator-daemon/src/canary/__tests__/verify-loop.test.ts[2m > [22m[2mREQ-CFA-043 — per-receiver Map + persisted per-relay DropAccumulator across >=2 rounds[2m > [22m[2mthe accumulator persists drop history across rounds (cumulative state grows)
[22m[39m{"timestamp":"2026-06-20T06:22:08.368Z","level":"INFO","source":"frontend","module":"webrtc/sframe-transform","message":"encrypted frame","context":{"kid":9,"ctr":3,"byteLength":62,"codecOffset":10}}

[90mstdout[2m | apps/validator-daemon/src/canary/__tests__/verify-loop.test.ts[2m > [22m[2mREQ-CFA-043 — per-receiver Map + persisted per-relay DropAccumulator across >=2 rounds[2m > [22m[2mthe accumulator persists drop history across rounds (cumulative state grows)
[22m[39m{"timestamp":"2026-06-20T06:22:08.369Z","level":"INFO","source":"frontend","module":"webrtc/sframe-transform","message":"encrypted frame","context":{"kid":9,"ctr":0,"byteLength":62,"codecOffset":10}}

[90mstdout[2m | apps/validator-daemon/src/canary/__tests__/verify-loop.test.ts[2m > [22m[2mREQ-CFA-043 — per-receiver Map + persisted per-relay DropAccumulator across >=2 rounds[2m > [22m[2mthe accumulator persists drop history across rounds (cumulative state grows)
[22m[39m{"timestamp":"2026-06-20T06:22:08.371Z","level":"INFO","source":"frontend","module":"webrtc/sframe-transform","message":"encrypted frame","context":{"kid":9,"ctr":1,"byteLength":62,"codecOffset":10}}

[90mstdout[2m | apps/validator-daemon/src/canary/__tests__/verify-loop.test.ts[2m > [22m[2mREQ-CFA-043 — per-receiver Map + persisted per-relay DropAccumulator across >=2 rounds[2m > [22m[2mthe accumulator persists drop history across rounds (cumulative state grows)
[22m[39m{"timestamp":"2026-06-20T06:22:08.372Z","level":"INFO","source":"frontend","module":"webrtc/sframe-transform","message":"encrypted frame","context":{"kid":9,"ctr":2,"byteLength":62,"codecOffset":10}}

[90mstdout[2m | apps/validator-daemon/src/canary/__tests__/verify-loop.test.ts[2m > [22m[2mREQ-CFA-043 — per-receiver Map + persisted per-relay DropAccumulator across >=2 rounds[2m > [22m[2mthe accumulator persists drop history across rounds (cumulative state grows)
[22m[39m{"timestamp":"2026-06-20T06:22:08.374Z","level":"INFO","source":"frontend","module":"webrtc/sframe-transform","message":"encrypted frame","context":{"kid":9,"ctr":3,"byteLength":62,"codecOffset":10}}

{"level":30,"time":1781936528374,"pid":3780,"hostname":"Quang","name":"canary/verifier","canaryKid":9,"mediaPackets":3,"byteIdentical":3,"divergences":1,"msg":"canary forwarding verified"}
[90mstdout[2m | apps/validator-daemon/src/canary/__tests__/verify-loop.test.ts[2m > [22m[2mREQ-CFA-043 — per-receiver Map + persisted per-relay DropAccumulator across >=2 rounds[2m > [22m[2mthe accumulator persists drop history across rounds (cumulative state grows)
[22m[39m{"timestamp":"2026-06-20T06:22:08.375Z","level":"INFO","source":"frontend","module":"webrtc/sframe-transform","message":"encrypted frame","context":{"kid":9,"ctr":0,"byteLength":62,"codecOffset":10}}

[90mstdout[2m | apps/validator-daemon/src/canary/__tests__/verify-loop.test.ts[2m > [22m[2mREQ-CFA-043 — per-receiver Map + persisted per-relay DropAccumulator across >=2 rounds[2m > [22m[2mthe accumulator persists drop history across rounds (cumulative state grows)
[22m[39m{"timestamp":"2026-06-20T06:22:08.376Z","level":"INFO","source":"frontend","module":"webrtc/sframe-transform","message":"encrypted frame","context":{"kid":9,"ctr":1,"byteLength":62,"codecOffset":10}}

[90mstdout[2m | apps/validator-daemon/src/canary/__tests__/verify-loop.test.ts[2m > [22m[2mREQ-CFA-043 — per-receiver Map + persisted per-relay DropAccumulator across >=2 rounds[2m > [22m[2mthe accumulator persists drop history across rounds (cumulative state grows)
[22m[39m{"timestamp":"2026-06-20T06:22:08.377Z","level":"INFO","source":"frontend","module":"webrtc/sframe-transform","message":"encrypted frame","context":{"kid":9,"ctr":2,"byteLength":62,"codecOffset":10}}

[90mstdout[2m | apps/validator-daemon/src/canary/__tests__/verify-loop.test.ts[2m > [22m[2mREQ-CFA-043 — per-receiver Map + persisted per-relay DropAccumulator across >=2 rounds[2m > [22m[2mthe accumulator persists drop history across rounds (cumulative state grows)
[22m[39m{"timestamp":"2026-06-20T06:22:08.378Z","level":"INFO","source":"frontend","module":"webrtc/sframe-transform","message":"encrypted frame","context":{"kid":9,"ctr":3,"byteLength":62,"codecOffset":10}}

{"level":30,"time":1781936528378,"pid":3780,"hostname":"Quang","name":"canary/verifier","canaryKid":9,"mediaPackets":3,"byteIdentical":3,"divergences":1,"msg":"canary forwarding verified"}
{"level":30,"time":1781936528378,"pid":3780,"hostname":"Quang","name":"canary/loss-classifier","relayMinerId":"relay-under-audit","promoted":0,"absorbed":1,"tampers":0,"cumulativeCrossed":false,"msg":"canary divergences classified (drop gate / tamper p=1)"}
{"level":30,"time":1781936528379,"pid":3780,"hostname":"Quang","name":"canary/verify-loop","round":0,"relayMinerId":"relay-under-audit","roomId":"verify-loop-room","perReceiver":2,"promoted":0,"absorbed":1,"stunLossBps":"0","msg":"canary verify round classified (hermetic half — synthetic capture, STUN read live)"}
[90mstdout[2m | apps/validator-daemon/src/canary/__tests__/verify-loop.test.ts[2m > [22m[2mREQ-CFA-043 — per-receiver Map + persisted per-relay DropAccumulator across >=2 rounds[2m > [22m[2mthe accumulator persists drop history across rounds (cumulative state grows)
[22m[39m{"timestamp":"2026-06-20T06:22:08.380Z","level":"INFO","source":"frontend","module":"webrtc/sframe-transform","message":"encrypted frame","context":{"kid":9,"ctr":0,"byteLength":62,"codecOffset":10}}

[90mstdout[2m | apps/validator-daemon/src/canary/__tests__/verify-loop.test.ts[2m > [22m[2mREQ-CFA-043 — per-receiver Map + persisted per-relay DropAccumulator across >=2 rounds[2m > [22m[2mthe accumulator persists drop history across rounds (cumulative state grows)
[22m[39m{"timestamp":"2026-06-20T06:22:08.381Z","level":"INFO","source":"frontend","module":"webrtc/sframe-transform","message":"encrypted frame","context":{"kid":9,"ctr":1,"byteLength":62,"codecOffset":10}}

[90mstdout[2m | apps/validator-daemon/src/canary/__tests__/verify-loop.test.ts[2m > [22m[2mREQ-CFA-043 — per-receiver Map + persisted per-relay DropAccumulator across >=2 rounds[2m > [22m[2mthe accumulator persists drop history across rounds (cumulative state grows)
[22m[39m{"timestamp":"2026-06-20T06:22:08.382Z","level":"INFO","source":"frontend","module":"webrtc/sframe-transform","message":"encrypted frame","context":{"kid":9,"ctr":3,"byteLength":62,"codecOffset":10}}

[90mstdout[2m | apps/validator-daemon/src/canary/__tests__/verify-loop.test.ts[2m > [22m[2mREQ-CFA-043 — per-receiver Map + persisted per-relay DropAccumulator across >=2 rounds[2m > [22m[2mthe accumulator persists drop history across rounds (cumulative state grows)
[22m[39m{"timestamp":"2026-06-20T06:22:08.383Z","level":"INFO","source":"frontend","module":"webrtc/sframe-transform","message":"encrypted frame","context":{"kid":9,"ctr":0,"byteLength":62,"codecOffset":10}}

[90mstdout[2m | apps/validator-daemon/src/canary/__tests__/verify-loop.test.ts[2m > [22m[2mREQ-CFA-043 — per-receiver Map + persisted per-relay DropAccumulator across >=2 rounds[2m > [22m[2mthe accumulator persists drop history across rounds (cumulative state grows)
[22m[39m{"timestamp":"2026-06-20T06:22:08.385Z","level":"INFO","source":"frontend","module":"webrtc/sframe-transform","message":"encrypted frame","context":{"kid":9,"ctr":1,"byteLength":62,"codecOffset":10}}

[90mstdout[2m | apps/validator-daemon/src/canary/__tests__/verify-loop.test.ts[2m > [22m[2mREQ-CFA-043 — per-receiver Map + persisted per-relay DropAccumulator across >=2 rounds[2m > [22m[2mthe accumulator persists drop history across rounds (cumulative state grows)
[22m[39m{"timestamp":"2026-06-20T06:22:08.386Z","level":"INFO","source":"frontend","module":"webrtc/sframe-transform","message":"encrypted frame","context":{"kid":9,"ctr":2,"byteLength":62,"codecOffset":10}}

[90mstdout[2m | apps/validator-daemon/src/canary/__tests__/verify-loop.test.ts[2m > [22m[2mREQ-CFA-043 — per-receiver Map + persisted per-relay DropAccumulator across >=2 rounds[2m > [22m[2mthe accumulator persists drop history across rounds (cumulative state grows)
[22m[39m{"timestamp":"2026-06-20T06:22:08.387Z","level":"INFO","source":"frontend","module":"webrtc/sframe-transform","message":"encrypted frame","context":{"kid":9,"ctr":3,"byteLength":62,"codecOffset":10}}

{"level":30,"time":1781936528387,"pid":3780,"hostname":"Quang","name":"canary/verifier","canaryKid":9,"mediaPackets":3,"byteIdentical":3,"divergences":1,"msg":"canary forwarding verified"}
[90mstdout[2m | apps/validator-daemon/src/canary/__tests__/verify-loop.test.ts[2m > [22m[2mREQ-CFA-043 — per-receiver Map + persisted per-relay DropAccumulator across >=2 rounds[2m > [22m[2mthe accumulator persists drop history across rounds (cumulative state grows)
[22m[39m{"timestamp":"2026-06-20T06:22:08.388Z","level":"INFO","source":"frontend","module":"webrtc/sframe-transform","message":"encrypted frame","context":{"kid":9,"ctr":0,"byteLength":62,"codecOffset":10}}

[90mstdout[2m | apps/validator-daemon/src/canary/__tests__/verify-loop.test.ts[2m > [22m[2mREQ-CFA-043 — per-receiver Map + persisted per-relay DropAccumulator across >=2 rounds[2m > [22m[2mthe accumulator persists drop history across rounds (cumulative state grows)
[22m[39m{"timestamp":"2026-06-20T06:22:08.389Z","level":"INFO","source":"frontend","module":"webrtc/sframe-transform","message":"encrypted frame","context":{"kid":9,"ctr":1,"byteLength":62,"codecOffset":10}}

[90mstdout[2m | apps/validator-daemon/src/canary/__tests__/verify-loop.test.ts[2m > [22m[2mREQ-CFA-043 — per-receiver Map + persisted per-relay DropAccumulator across >=2 rounds[2m > [22m[2mthe accumulator persists drop history across rounds (cumulative state grows)
[22m[39m{"timestamp":"2026-06-20T06:22:08.390Z","level":"INFO","source":"frontend","module":"webrtc/sframe-transform","message":"encrypted frame","context":{"kid":9,"ctr":2,"byteLength":62,"codecOffset":10}}

[90mstdout[2m | apps/validator-daemon/src/canary/__tests__/verify-loop.test.ts[2m > [22m[2mREQ-CFA-043 — per-receiver Map + persisted per-relay DropAccumulator across >=2 rounds[2m > [22m[2mthe accumulator persists drop history across rounds (cumulative state grows)
[22m[39m{"timestamp":"2026-06-20T06:22:08.392Z","level":"INFO","source":"frontend","module":"webrtc/sframe-transform","message":"encrypted frame","context":{"kid":9,"ctr":3,"byteLength":62,"codecOffset":10}}

{"level":30,"time":1781936528392,"pid":3780,"hostname":"Quang","name":"canary/verifier","canaryKid":9,"mediaPackets":3,"byteIdentical":3,"divergences":1,"msg":"canary forwarding verified"}
{"level":30,"time":1781936528392,"pid":3780,"hostname":"Quang","name":"canary/loss-classifier","relayMinerId":"relay-under-audit","promoted":0,"absorbed":1,"tampers":0,"cumulativeCrossed":false,"msg":"canary divergences classified (drop gate / tamper p=1)"}
{"level":30,"time":1781936528392,"pid":3780,"hostname":"Quang","name":"canary/verify-loop","round":1,"relayMinerId":"relay-under-audit","roomId":"verify-loop-room","perReceiver":2,"promoted":0,"absorbed":1,"stunLossBps":"0","msg":"canary verify round classified (hermetic half — synthetic capture, STUN read live)"}
[90mstdout[2m | apps/validator-daemon/src/canary/__tests__/verify-loop.test.ts[2m > [22m[2mREQ-CFA-043 — per-receiver Map + persisted per-relay DropAccumulator across >=2 rounds[2m > [22m[2massembles a real PerReceiverDivergences Map (>=2 distinct receivers feed the SECONDARY signal)
[22m[39m{"timestamp":"2026-06-20T06:22:08.395Z","level":"INFO","source":"frontend","module":"webrtc/sframe-transform","message":"encrypted frame","context":{"kid":9,"ctr":0,"byteLength":62,"codecOffset":10}}

[90mstdout[2m | apps/validator-daemon/src/canary/__tests__/verify-loop.test.ts[2m > [22m[2mREQ-CFA-043 — per-receiver Map + persisted per-relay DropAccumulator across >=2 rounds[2m > [22m[2massembles a real PerReceiverDivergences Map (>=2 distinct receivers feed the SECONDARY signal)
[22m[39m{"timestamp":"2026-06-20T06:22:08.396Z","level":"INFO","source":"frontend","module":"webrtc/sframe-transform","message":"encrypted frame","context":{"kid":9,"ctr":1,"byteLength":62,"codecOffset":10}}

[90mstdout[2m | apps/validator-daemon/src/canary/__tests__/verify-loop.test.ts[2m > [22m[2mREQ-CFA-043 — per-receiver Map + persisted per-relay DropAccumulator across >=2 rounds[2m > [22m[2massembles a real PerReceiverDivergences Map (>=2 distinct receivers feed the SECONDARY signal)
[22m[39m{"timestamp":"2026-06-20T06:22:08.397Z","level":"INFO","source":"frontend","module":"webrtc/sframe-transform","message":"encrypted frame","context":{"kid":9,"ctr":3,"byteLength":62,"codecOffset":10}}

[90mstdout[2m | apps/validator-daemon/src/canary/__tests__/verify-loop.test.ts[2m > [22m[2mREQ-CFA-043 — per-receiver Map + persisted per-relay DropAccumulator across >=2 rounds[2m > [22m[2massembles a real PerReceiverDivergences Map (>=2 distinct receivers feed the SECONDARY signal)
[22m[39m{"timestamp":"2026-06-20T06:22:08.398Z","level":"INFO","source":"frontend","module":"webrtc/sframe-transform","message":"encrypted frame","context":{"kid":9,"ctr":0,"byteLength":62,"codecOffset":10}}

[90mstdout[2m | apps/validator-daemon/src/canary/__tests__/verify-loop.test.ts[2m > [22m[2mREQ-CFA-043 — per-receiver Map + persisted per-relay DropAccumulator across >=2 rounds[2m > [22m[2massembles a real PerReceiverDivergences Map (>=2 distinct receivers feed the SECONDARY signal)
[22m[39m{"timestamp":"2026-06-20T06:22:08.399Z","level":"INFO","source":"frontend","module":"webrtc/sframe-transform","message":"encrypted frame","context":{"kid":9,"ctr":1,"byteLength":62,"codecOffset":10}}

[90mstdout[2m | apps/validator-daemon/src/canary/__tests__/verify-loop.test.ts[2m > [22m[2mREQ-CFA-043 — per-receiver Map + persisted per-relay DropAccumulator across >=2 rounds[2m > [22m[2massembles a real PerReceiverDivergences Map (>=2 distinct receivers feed the SECONDARY signal)
[22m[39m{"timestamp":"2026-06-20T06:22:08.400Z","level":"INFO","source":"frontend","module":"webrtc/sframe-transform","message":"encrypted frame","context":{"kid":9,"ctr":2,"byteLength":62,"codecOffset":10}}

[90mstdout[2m | apps/validator-daemon/src/canary/__tests__/verify-loop.test.ts[2m > [22m[2mREQ-CFA-043 — per-receiver Map + persisted per-relay DropAccumulator across >=2 rounds[2m > [22m[2massembles a real PerReceiverDivergences Map (>=2 distinct receivers feed the SECONDARY signal)
[22m[39m{"timestamp":"2026-06-20T06:22:08.401Z","level":"INFO","source":"frontend","module":"webrtc/sframe-transform","message":"encrypted frame","context":{"kid":9,"ctr":3,"byteLength":62,"codecOffset":10}}

{"level":30,"time":1781936528401,"pid":3780,"hostname":"Quang","name":"canary/verifier","canaryKid":9,"mediaPackets":3,"byteIdentical":3,"divergences":1,"msg":"canary forwarding verified"}
[90mstdout[2m | apps/validator-daemon/src/canary/__tests__/verify-loop.test.ts[2m > [22m[2mREQ-CFA-043 — per-receiver Map + persisted per-relay DropAccumulator across >=2 rounds[2m > [22m[2massembles a real PerReceiverDivergences Map (>=2 distinct receivers feed the SECONDARY signal)
[22m[39m{"timestamp":"2026-06-20T06:22:08.402Z","level":"INFO","source":"frontend","module":"webrtc/sframe-transform","message":"encrypted frame","context":{"kid":9,"ctr":0,"byteLength":62,"codecOffset":10}}

[90mstdout[2m | apps/validator-daemon/src/canary/__tests__/verify-loop.test.ts[2m > [22m[2mREQ-CFA-043 — per-receiver Map + persisted per-relay DropAccumulator across >=2 rounds[2m > [22m[2massembles a real PerReceiverDivergences Map (>=2 distinct receivers feed the SECONDARY signal)
[22m[39m{"timestamp":"2026-06-20T06:22:08.403Z","level":"INFO","source":"frontend","module":"webrtc/sframe-transform","message":"encrypted frame","context":{"kid":9,"ctr":1,"byteLength":62,"codecOffset":10}}

[90mstdout[2m | apps/validator-daemon/src/canary/__tests__/verify-loop.test.ts[2m > [22m[2mREQ-CFA-043 — per-receiver Map + persisted per-relay DropAccumulator across >=2 rounds[2m > [22m[2massembles a real PerReceiverDivergences Map (>=2 distinct receivers feed the SECONDARY signal)
[22m[39m{"timestamp":"2026-06-20T06:22:08.404Z","level":"INFO","source":"frontend","module":"webrtc/sframe-transform","message":"encrypted frame","context":{"kid":9,"ctr":2,"byteLength":62,"codecOffset":10}}

[90mstdout[2m | apps/validator-daemon/src/canary/__tests__/verify-loop.test.ts[2m > [22m[2mREQ-CFA-043 — per-receiver Map + persisted per-relay DropAccumulator across >=2 rounds[2m > [22m[2massembles a real PerReceiverDivergences Map (>=2 distinct receivers feed the SECONDARY signal)
[22m[39m{"timestamp":"2026-06-20T06:22:08.405Z","level":"INFO","source":"frontend","module":"webrtc/sframe-transform","message":"encrypted frame","context":{"kid":9,"ctr":3,"byteLength":62,"codecOffset":10}}

{"level":30,"time":1781936528405,"pid":3780,"hostname":"Quang","name":"canary/verifier","canaryKid":9,"mediaPackets":3,"byteIdentical":3,"divergences":1,"msg":"canary forwarding verified"}
{"level":30,"time":1781936528406,"pid":3780,"hostname":"Quang","name":"canary/loss-classifier","relayMinerId":"relay-under-audit","promoted":0,"absorbed":1,"tampers":0,"cumulativeCrossed":false,"msg":"canary divergences classified (drop gate / tamper p=1)"}
{"level":30,"time":1781936528406,"pid":3780,"hostname":"Quang","name":"canary/verify-loop","round":0,"relayMinerId":"relay-under-audit","roomId":"verify-loop-room","perReceiver":2,"promoted":0,"absorbed":1,"stunLossBps":"0","msg":"canary verify round classified (hermetic half — synthetic capture, STUN read live)"}
[90mstdout[2m | apps/validator-daemon/src/canary/__tests__/verify-loop.test.ts[2m > [22m[2mREQ-CFA-043 — per-receiver Map + persisted per-relay DropAccumulator across >=2 rounds[2m > [22m[2ma SINGLE-receiver drop is NOT correlated (k=2 SECONDARY signal not met) even above budget
[22m[39m{"timestamp":"2026-06-20T06:22:08.410Z","level":"INFO","source":"frontend","module":"webrtc/sframe-transform","message":"encrypted frame","context":{"kid":9,"ctr":0,"byteLength":62,"codecOffset":10}}

[90mstdout[2m | apps/validator-daemon/src/canary/__tests__/verify-loop.test.ts[2m > [22m[2mREQ-CFA-043 — per-receiver Map + persisted per-relay DropAccumulator across >=2 rounds[2m > [22m[2ma SINGLE-receiver drop is NOT correlated (k=2 SECONDARY signal not met) even above budget
[22m[39m{"timestamp":"2026-06-20T06:22:08.412Z","level":"INFO","source":"frontend","module":"webrtc/sframe-transform","message":"encrypted frame","context":{"kid":9,"ctr":1,"byteLength":62,"codecOffset":10}}

[90mstdout[2m | apps/validator-daemon/src/canary/__tests__/verify-loop.test.ts[2m > [22m[2mREQ-CFA-043 — per-receiver Map + persisted per-relay DropAccumulator across >=2 rounds[2m > [22m[2ma SINGLE-receiver drop is NOT correlated (k=2 SECONDARY signal not met) even above budget
[22m[39m{"timestamp":"2026-06-20T06:22:08.413Z","level":"INFO","source":"frontend","module":"webrtc/sframe-transform","message":"encrypted frame","context":{"kid":9,"ctr":2,"byteLength":62,"codecOffset":10}}

[90mstdout[2m | apps/validator-daemon/src/canary/__tests__/verify-loop.test.ts[2m > [22m[2mREQ-CFA-043 — per-receiver Map + persisted per-relay DropAccumulator across >=2 rounds[2m > [22m[2ma SINGLE-receiver drop is NOT correlated (k=2 SECONDARY signal not met) even above budget
[22m[39m{"timestamp":"2026-06-20T06:22:08.414Z","level":"INFO","source":"frontend","module":"webrtc/sframe-transform","message":"encrypted frame","context":{"kid":9,"ctr":3,"byteLength":62,"codecOffset":10}}

[90mstdout[2m | apps/validator-daemon/src/canary/__tests__/verify-loop.test.ts[2m > [22m[2mREQ-CFA-043 — per-receiver Map + persisted per-relay DropAccumulator across >=2 rounds[2m > [22m[2ma SINGLE-receiver drop is NOT correlated (k=2 SECONDARY signal not met) even above budget
[22m[39m{"timestamp":"2026-06-20T06:22:08.416Z","level":"INFO","source":"frontend","module":"webrtc/sframe-transform","message":"encrypted frame","context":{"kid":9,"ctr":4,"byteLength":62,"codecOffset":10}}

[90mstdout[2m | apps/validator-daemon/src/canary/__tests__/verify-loop.test.ts[2m > [22m[2mREQ-CFA-043 — per-receiver Map + persisted per-relay DropAccumulator across >=2 rounds[2m > [22m[2ma SINGLE-receiver drop is NOT correlated (k=2 SECONDARY signal not met) even above budget
[22m[39m{"timestamp":"2026-06-20T06:22:08.419Z","level":"INFO","source":"frontend","module":"webrtc/sframe-transform","message":"encrypted frame","context":{"kid":9,"ctr":6,"byteLength":62,"codecOffset":10}}

[90mstdout[2m | apps/validator-daemon/src/canary/__tests__/verify-loop.test.ts[2m > [22m[2mREQ-CFA-043 — per-receiver Map + persisted per-relay DropAccumulator across >=2 rounds[2m > [22m[2ma SINGLE-receiver drop is NOT correlated (k=2 SECONDARY signal not met) even above budget
[22m[39m{"timestamp":"2026-06-20T06:22:08.420Z","level":"INFO","source":"frontend","module":"webrtc/sframe-transform","message":"encrypted frame","context":{"kid":9,"ctr":7,"byteLength":62,"codecOffset":10}}

[90mstdout[2m | apps/validator-daemon/src/canary/__tests__/verify-loop.test.ts[2m > [22m[2mREQ-CFA-043 — per-receiver Map + persisted per-relay DropAccumulator across >=2 rounds[2m > [22m[2ma SINGLE-receiver drop is NOT correlated (k=2 SECONDARY signal not met) even above budget
[22m[39m{"timestamp":"2026-06-20T06:22:08.421Z","level":"INFO","source":"frontend","module":"webrtc/sframe-transform","message":"encrypted frame","context":{"kid":9,"ctr":0,"byteLength":62,"codecOffset":10}}

[90mstdout[2m | apps/validator-daemon/src/canary/__tests__/verify-loop.test.ts[2m > [22m[2mREQ-CFA-043 — per-receiver Map + persisted per-relay DropAccumulator across >=2 rounds[2m > [22m[2ma SINGLE-receiver drop is NOT correlated (k=2 SECONDARY signal not met) even above budget
[22m[39m{"timestamp":"2026-06-20T06:22:08.422Z","level":"INFO","source":"frontend","module":"webrtc/sframe-transform","message":"encrypted frame","context":{"kid":9,"ctr":1,"byteLength":62,"codecOffset":10}}

[90mstdout[2m | apps/validator-daemon/src/canary/__tests__/verify-loop.test.ts[2m > [22m[2mREQ-CFA-043 — per-receiver Map + persisted per-relay DropAccumulator across >=2 rounds[2m > [22m[2ma SINGLE-receiver drop is NOT correlated (k=2 SECONDARY signal not met) even above budget
[22m[39m{"timestamp":"2026-06-20T06:22:08.423Z","level":"INFO","source":"frontend","module":"webrtc/sframe-transform","message":"encrypted frame","context":{"kid":9,"ctr":2,"byteLength":62,"codecOffset":10}}

[90mstdout[2m | apps/validator-daemon/src/canary/__tests__/verify-loop.test.ts[2m > [22m[2mREQ-CFA-043 — per-receiver Map + persisted per-relay DropAccumulator across >=2 rounds[2m > [22m[2ma SINGLE-receiver drop is NOT correlated (k=2 SECONDARY signal not met) even above budget
[22m[39m{"timestamp":"2026-06-20T06:22:08.425Z","level":"INFO","source":"frontend","module":"webrtc/sframe-transform","message":"encrypted frame","context":{"kid":9,"ctr":3,"byteLength":62,"codecOffset":10}}

[90mstdout[2m | apps/validator-daemon/src/canary/__tests__/verify-loop.test.ts[2m > [22m[2mREQ-CFA-043 — per-receiver Map + persisted per-relay DropAccumulator across >=2 rounds[2m > [22m[2ma SINGLE-receiver drop is NOT correlated (k=2 SECONDARY signal not met) even above budget
[22m[39m{"timestamp":"2026-06-20T06:22:08.426Z","level":"INFO","source":"frontend","module":"webrtc/sframe-transform","message":"encrypted frame","context":{"kid":9,"ctr":4,"byteLength":62,"codecOffset":10}}

[90mstdout[2m | apps/validator-daemon/src/canary/__tests__/verify-loop.test.ts[2m > [22m[2mREQ-CFA-043 — per-receiver Map + persisted per-relay DropAccumulator across >=2 rounds[2m > [22m[2ma SINGLE-receiver drop is NOT correlated (k=2 SECONDARY signal not met) even above budget
[22m[39m{"timestamp":"2026-06-20T06:22:08.427Z","level":"INFO","source":"frontend","module":"webrtc/sframe-transform","message":"encrypted frame","context":{"kid":9,"ctr":5,"byteLength":62,"codecOffset":10}}

[90mstdout[2m | apps/validator-daemon/src/canary/__tests__/verify-loop.test.ts[2m > [22m[2mREQ-CFA-043 — per-receiver Map + persisted per-relay DropAccumulator across >=2 rounds[2m > [22m[2ma SINGLE-receiver drop is NOT correlated (k=2 SECONDARY signal not met) even above budget
[22m[39m{"timestamp":"2026-06-20T06:22:08.428Z","level":"INFO","source":"frontend","module":"webrtc/sframe-transform","message":"encrypted frame","context":{"kid":9,"ctr":6,"byteLength":62,"codecOffset":10}}

[90mstdout[2m | apps/validator-daemon/src/canary/__tests__/verify-loop.test.ts[2m > [22m[2mREQ-CFA-043 — per-receiver Map + persisted per-relay DropAccumulator across >=2 rounds[2m > [22m[2ma SINGLE-receiver drop is NOT correlated (k=2 SECONDARY signal not met) even above budget
[22m[39m{"timestamp":"2026-06-20T06:22:08.430Z","level":"INFO","source":"frontend","module":"webrtc/sframe-transform","message":"encrypted frame","context":{"kid":9,"ctr":7,"byteLength":62,"codecOffset":10}}

[90mstdout[2m | apps/validator-daemon/src/canary/__tests__/verify-loop.test.ts[2m > [22m[2mREQ-CFA-043 — per-receiver Map + persisted per-relay DropAccumulator across >=2 rounds[2m > [22m[2ma SINGLE-receiver drop is NOT correlated (k=2 SECONDARY signal not met) even above budget
[22m[39m{"timestamp":"2026-06-20T06:22:08.431Z","level":"INFO","source":"frontend","module":"webrtc/sframe-transform","message":"encrypted frame","context":{"kid":9,"ctr":0,"byteLength":62,"codecOffset":10}}

[90mstdout[2m | apps/validator-daemon/src/canary/__tests__/verify-loop.test.ts[2m > [22m[2mREQ-CFA-043 — per-receiver Map + persisted per-relay DropAccumulator across >=2 rounds[2m > [22m[2ma SINGLE-receiver drop is NOT correlated (k=2 SECONDARY signal not met) even above budget
[22m[39m{"timestamp":"2026-06-20T06:22:08.432Z","level":"INFO","source":"frontend","module":"webrtc/sframe-transform","message":"encrypted frame","context":{"kid":9,"ctr":1,"byteLength":62,"codecOffset":10}}

[90mstdout[2m | apps/validator-daemon/src/canary/__tests__/verify-loop.test.ts[2m > [22m[2mREQ-CFA-043 — per-receiver Map + persisted per-relay DropAccumulator across >=2 rounds[2m > [22m[2ma SINGLE-receiver drop is NOT correlated (k=2 SECONDARY signal not met) even above budget
[22m[39m{"timestamp":"2026-06-20T06:22:08.433Z","level":"INFO","source":"frontend","module":"webrtc/sframe-transform","message":"encrypted frame","context":{"kid":9,"ctr":2,"byteLength":62,"codecOffset":10}}

[90mstdout[2m | apps/validator-daemon/src/canary/__tests__/verify-loop.test.ts[2m > [22m[2mREQ-CFA-043 — per-receiver Map + persisted per-relay DropAccumulator across >=2 rounds[2m > [22m[2ma SINGLE-receiver drop is NOT correlated (k=2 SECONDARY signal not met) even above budget
[22m[39m{"timestamp":"2026-06-20T06:22:08.434Z","level":"INFO","source":"frontend","module":"webrtc/sframe-transform","message":"encrypted frame","context":{"kid":9,"ctr":3,"byteLength":62,"codecOffset":10}}

[90mstdout[2m | apps/validator-daemon/src/canary/__tests__/verify-loop.test.ts[2m > [22m[2mREQ-CFA-043 — per-receiver Map + persisted per-relay DropAccumulator across >=2 rounds[2m > [22m[2ma SINGLE-receiver drop is NOT correlated (k=2 SECONDARY signal not met) even above budget
[22m[39m{"timestamp":"2026-06-20T06:22:08.435Z","level":"INFO","source":"frontend","module":"webrtc/sframe-transform","message":"encrypted frame","context":{"kid":9,"ctr":4,"byteLength":62,"codecOffset":10}}

[90mstdout[2m | apps/validator-daemon/src/canary/__tests__/verify-loop.test.ts[2m > [22m[2mREQ-CFA-043 — per-receiver Map + persisted per-relay DropAccumulator across >=2 rounds[2m > [22m[2ma SINGLE-receiver drop is NOT correlated (k=2 SECONDARY signal not met) even above budget
[22m[39m{"timestamp":"2026-06-20T06:22:08.437Z","level":"INFO","source":"frontend","module":"webrtc/sframe-transform","message":"encrypted frame","context":{"kid":9,"ctr":5,"byteLength":62,"codecOffset":10}}

[90mstdout[2m | apps/validator-daemon/src/canary/__tests__/verify-loop.test.ts[2m > [22m[2mREQ-CFA-043 — per-receiver Map + persisted per-relay DropAccumulator across >=2 rounds[2m > [22m[2ma SINGLE-receiver drop is NOT correlated (k=2 SECONDARY signal not met) even above budget
[22m[39m{"timestamp":"2026-06-20T06:22:08.438Z","level":"INFO","source":"frontend","module":"webrtc/sframe-transform","message":"encrypted frame","context":{"kid":9,"ctr":6,"byteLength":62,"codecOffset":10}}

[90mstdout[2m | apps/validator-daemon/src/canary/__tests__/verify-loop.test.ts[2m > [22m[2mREQ-CFA-043 — per-receiver Map + persisted per-relay DropAccumulator across >=2 rounds[2m > [22m[2ma SINGLE-receiver drop is NOT correlated (k=2 SECONDARY signal not met) even above budget
[22m[39m{"timestamp":"2026-06-20T06:22:08.439Z","level":"INFO","source":"frontend","module":"webrtc/sframe-transform","message":"encrypted frame","context":{"kid":9,"ctr":7,"byteLength":62,"codecOffset":10}}

{"level":30,"time":1781936528439,"pid":3780,"hostname":"Quang","name":"canary/verifier","canaryKid":9,"mediaPackets":7,"byteIdentical":7,"divergences":1,"msg":"canary forwarding verified"}
[90mstdout[2m | apps/validator-daemon/src/canary/__tests__/verify-loop.test.ts[2m > [22m[2mREQ-CFA-043 — per-receiver Map + persisted per-relay DropAccumulator across >=2 rounds[2m > [22m[2ma SINGLE-receiver drop is NOT correlated (k=2 SECONDARY signal not met) even above budget
[22m[39m{"timestamp":"2026-06-20T06:22:08.442Z","level":"INFO","source":"frontend","module":"webrtc/sframe-transform","message":"encrypted frame","context":{"kid":9,"ctr":0,"byteLength":62,"codecOffset":10}}

[90mstdout[2m | apps/validator-daemon/src/canary/__tests__/verify-loop.test.ts[2m > [22m[2mREQ-CFA-043 — per-receiver Map + persisted per-relay DropAccumulator across >=2 rounds[2m > [22m[2ma SINGLE-receiver drop is NOT correlated (k=2 SECONDARY signal not met) even above budget
[22m[39m{"timestamp":"2026-06-20T06:22:08.443Z","level":"INFO","source":"frontend","module":"webrtc/sframe-transform","message":"encrypted frame","context":{"kid":9,"ctr":1,"byteLength":62,"codecOffset":10}}

[90mstdout[2m | apps/validator-daemon/src/canary/__tests__/verify-loop.test.ts[2m > [22m[2mREQ-CFA-043 — per-receiver Map + persisted per-relay DropAccumulator across >=2 rounds[2m > [22m[2ma SINGLE-receiver drop is NOT correlated (k=2 SECONDARY signal not met) even above budget
[22m[39m{"timestamp":"2026-06-20T06:22:08.445Z","level":"INFO","source":"frontend","module":"webrtc/sframe-transform","message":"encrypted frame","context":{"kid":9,"ctr":2,"byteLength":62,"codecOffset":10}}

{"level":30,"time":1781936528444,"pid":39000,"hostname":"Quang","name":"canary/loss-classifier","relayMinerId":"p11-relay-under-audit","promoted":0,"absorbed":1,"tampers":0,"cumulativeCrossed":false,"msg":"canary divergences classified (drop gate / tamper p=1)"}
[90mstdout[2m | apps/validator-daemon/src/canary/__tests__/verify-loop.test.ts[2m > [22m[2mREQ-CFA-043 — per-receiver Map + persisted per-relay DropAccumulator across >=2 rounds[2m > [22m[2ma SINGLE-receiver drop is NOT correlated (k=2 SECONDARY signal not met) even above budget
[22m[39m{"timestamp":"2026-06-20T06:22:08.446Z","level":"INFO","source":"frontend","module":"webrtc/sframe-transform","message":"encrypted frame","context":{"kid":9,"ctr":3,"byteLength":62,"codecOffset":10}}

[90mstdout[2m | apps/validator-daemon/src/canary/__tests__/verify-loop.test.ts[2m > [22m[2mREQ-CFA-043 — per-receiver Map + persisted per-relay DropAccumulator across >=2 rounds[2m > [22m[2ma SINGLE-receiver drop is NOT correlated (k=2 SECONDARY signal not met) even above budget
[22m[39m{"timestamp":"2026-06-20T06:22:08.447Z","level":"INFO","source":"frontend","module":"webrtc/sframe-transform","message":"encrypted frame","context":{"kid":9,"ctr":4,"byteLength":62,"codecOffset":10}}

[90mstdout[2m | apps/validator-daemon/src/canary/__tests__/verify-loop.test.ts[2m > [22m[2mREQ-CFA-043 — per-receiver Map + persisted per-relay DropAccumulator across >=2 rounds[2m > [22m[2ma SINGLE-receiver drop is NOT correlated (k=2 SECONDARY signal not met) even above budget
[22m[39m{"timestamp":"2026-06-20T06:22:08.449Z","level":"INFO","source":"frontend","module":"webrtc/sframe-transform","message":"encrypted frame","context":{"kid":9,"ctr":5,"byteLength":62,"codecOffset":10}}

[90mstdout[2m | apps/validator-daemon/src/canary/__tests__/verify-loop.test.ts[2m > [22m[2mREQ-CFA-043 — per-receiver Map + persisted per-relay DropAccumulator across >=2 rounds[2m > [22m[2ma SINGLE-receiver drop is NOT correlated (k=2 SECONDARY signal not met) even above budget
[22m[39m{"timestamp":"2026-06-20T06:22:08.452Z","level":"INFO","source":"frontend","module":"webrtc/sframe-transform","message":"encrypted frame","context":{"kid":9,"ctr":6,"byteLength":62,"codecOffset":10}}

[90mstdout[2m | apps/validator-daemon/src/canary/__tests__/verify-loop.test.ts[2m > [22m[2mREQ-CFA-043 — per-receiver Map + persisted per-relay DropAccumulator across >=2 rounds[2m > [22m[2ma SINGLE-receiver drop is NOT correlated (k=2 SECONDARY signal not met) even above budget
[22m[39m{"timestamp":"2026-06-20T06:22:08.453Z","level":"INFO","source":"frontend","module":"webrtc/sframe-transform","message":"encrypted frame","context":{"kid":9,"ctr":7,"byteLength":62,"codecOffset":10}}

{"level":30,"time":1781936528455,"pid":3780,"hostname":"Quang","name":"canary/verifier","canaryKid":9,"mediaPackets":8,"byteIdentical":8,"divergences":0,"msg":"canary forwarding verified"}
{"level":30,"time":1781936528455,"pid":3780,"hostname":"Quang","name":"canary/loss-classifier","relayMinerId":"relay-under-audit","promoted":0,"absorbed":1,"tampers":0,"cumulativeCrossed":false,"msg":"canary divergences classified (drop gate / tamper p=1)"}
{"level":30,"time":1781936528455,"pid":3780,"hostname":"Quang","name":"canary/verify-loop","round":0,"relayMinerId":"relay-under-audit","roomId":"verify-loop-room","perReceiver":2,"promoted":0,"absorbed":1,"stunLossBps":"0","msg":"canary verify round classified (hermetic half — synthetic capture, STUN read live)"}
[90mstdout[2m | apps/validator-daemon/src/canary/__tests__/verify-loop.test.ts[2m > [22m[2mREQ-CFA-043 — per-receiver Map + persisted per-relay DropAccumulator across >=2 rounds[2m > [22m[2ma SINGLE-receiver drop is NOT correlated (k=2 SECONDARY signal not met) even above budget
[22m[39m{"timestamp":"2026-06-20T06:22:08.457Z","level":"INFO","source":"frontend","module":"webrtc/sframe-transform","message":"encrypted frame","context":{"kid":9,"ctr":0,"byteLength":62,"codecOffset":10}}

[90mstdout[2m | apps/validator-daemon/src/canary/__tests__/verify-loop.test.ts[2m > [22m[2mREQ-CFA-043 — per-receiver Map + persisted per-relay DropAccumulator across >=2 rounds[2m > [22m[2ma SINGLE-receiver drop is NOT correlated (k=2 SECONDARY signal not met) even above budget
[22m[39m{"timestamp":"2026-06-20T06:22:08.461Z","level":"INFO","source":"frontend","module":"webrtc/sframe-transform","message":"encrypted frame","context":{"kid":9,"ctr":1,"byteLength":62,"codecOffset":10}}

[90mstdout[2m | apps/validator-daemon/src/canary/__tests__/wan-harness-shape.test.ts[2m > [22m[2mREQ-CFA-041 — synthetic lossy/re-packetized chain: verifier -> runTailSanityGate -> classifier[2m > [22m[2mBENIGN absorbed: forwarded-intact canary frames pass the sanity gate and promote ZERO
[22m[39m{"timestamp":"2026-06-20T06:22:08.459Z","level":"INFO","source":"frontend","module":"webrtc/sframe-transform","message":"encrypted frame","context":{"kid":3,"ctr":0,"byteLength":62,"codecOffset":10}}

[90mstdout[2m | apps/validator-daemon/src/canary/__tests__/verify-loop.test.ts[2m > [22m[2mREQ-CFA-043 — per-receiver Map + persisted per-relay DropAccumulator across >=2 rounds[2m > [22m[2ma SINGLE-receiver drop is NOT correlated (k=2 SECONDARY signal not met) even above budget
[22m[39m{"timestamp":"2026-06-20T06:22:08.463Z","level":"INFO","source":"frontend","module":"webrtc/sframe-transform","message":"encrypted frame","context":{"kid":9,"ctr":2,"byteLength":62,"codecOffset":10}}

[90mstdout[2m | apps/validator-daemon/src/canary/__tests__/verify-loop.test.ts[2m > [22m[2mREQ-CFA-043 — per-receiver Map + persisted per-relay DropAccumulator across >=2 rounds[2m > [22m[2ma SINGLE-receiver drop is NOT correlated (k=2 SECONDARY signal not met) even above budget
[22m[39m{"timestamp":"2026-06-20T06:22:08.464Z","level":"INFO","source":"frontend","module":"webrtc/sframe-transform","message":"encrypted frame","context":{"kid":9,"ctr":3,"byteLength":62,"codecOffset":10}}

[90mstdout[2m | apps/validator-daemon/src/canary/__tests__/verify-loop.test.ts[2m > [22m[2mREQ-CFA-043 — per-receiver Map + persisted per-relay DropAccumulator across >=2 rounds[2m > [22m[2ma SINGLE-receiver drop is NOT correlated (k=2 SECONDARY signal not met) even above budget
[22m[39m{"timestamp":"2026-06-20T06:22:08.465Z","level":"INFO","source":"frontend","module":"webrtc/sframe-transform","message":"encrypted frame","context":{"kid":9,"ctr":4,"byteLength":62,"codecOffset":10}}

[90mstdout[2m | apps/validator-daemon/src/canary/__tests__/wan-harness-shape.test.ts[2m > [22m[2mREQ-CFA-041 — synthetic lossy/re-packetized chain: verifier -> runTailSanityGate -> classifier[2m > [22m[2mBENIGN absorbed: forwarded-intact canary frames pass the sanity gate and promote ZERO
[22m[39m{"timestamp":"2026-06-20T06:22:08.464Z","level":"INFO","source":"frontend","module":"webrtc/sframe-transform","message":"encrypted frame","context":{"kid":3,"ctr":1,"byteLength":62,"codecOffset":10}}

[90mstdout[2m | apps/validator-daemon/src/canary/__tests__/verify-loop.test.ts[2m > [22m[2mREQ-CFA-043 — per-receiver Map + persisted per-relay DropAccumulator across >=2 rounds[2m > [22m[2ma SINGLE-receiver drop is NOT correlated (k=2 SECONDARY signal not met) even above budget
[22m[39m{"timestamp":"2026-06-20T06:22:08.466Z","level":"INFO","source":"frontend","module":"webrtc/sframe-transform","message":"encrypted frame","context":{"kid":9,"ctr":6,"byteLength":62,"codecOffset":10}}

[90mstdout[2m | apps/validator-daemon/src/canary/__tests__/wan-harness-shape.test.ts[2m > [22m[2mREQ-CFA-041 — synthetic lossy/re-packetized chain: verifier -> runTailSanityGate -> classifier[2m > [22m[2mBENIGN absorbed: forwarded-intact canary frames pass the sanity gate and promote ZERO
[22m[39m{"timestamp":"2026-06-20T06:22:08.466Z","level":"INFO","source":"frontend","module":"webrtc/sframe-transform","message":"encrypted frame","context":{"kid":3,"ctr":2,"byteLength":62,"codecOffset":10}}

[90mstdout[2m | apps/validator-daemon/src/canary/__tests__/verify-loop.test.ts[2m > [22m[2mREQ-CFA-043 — per-receiver Map + persisted per-relay DropAccumulator across >=2 rounds[2m > [22m[2ma SINGLE-receiver drop is NOT correlated (k=2 SECONDARY signal not met) even above budget
[22m[39m{"timestamp":"2026-06-20T06:22:08.467Z","level":"INFO","source":"frontend","module":"webrtc/sframe-transform","message":"encrypted frame","context":{"kid":9,"ctr":7,"byteLength":62,"codecOffset":10}}

[90mstdout[2m | apps/validator-daemon/src/canary/__tests__/verify-loop.test.ts[2m > [22m[2mREQ-CFA-043 — per-receiver Map + persisted per-relay DropAccumulator across >=2 rounds[2m > [22m[2ma SINGLE-receiver drop is NOT correlated (k=2 SECONDARY signal not met) even above budget
[22m[39m{"timestamp":"2026-06-20T06:22:08.468Z","level":"INFO","source":"frontend","module":"webrtc/sframe-transform","message":"encrypted frame","context":{"kid":9,"ctr":0,"byteLength":62,"codecOffset":10}}

[90mstdout[2m | apps/validator-daemon/src/canary/__tests__/verify-loop.test.ts[2m > [22m[2mREQ-CFA-043 — per-receiver Map + persisted per-relay DropAccumulator across >=2 rounds[2m > [22m[2ma SINGLE-receiver drop is NOT correlated (k=2 SECONDARY signal not met) even above budget
[22m[39m{"timestamp":"2026-06-20T06:22:08.470Z","level":"INFO","source":"frontend","module":"webrtc/sframe-transform","message":"encrypted frame","context":{"kid":9,"ctr":1,"byteLength":62,"codecOffset":10}}

[90mstdout[2m | apps/validator-daemon/src/canary/__tests__/wan-harness-shape.test.ts[2m > [22m[2mREQ-CFA-041 — synthetic lossy/re-packetized chain: verifier -> runTailSanityGate -> classifier[2m > [22m[2mBENIGN absorbed: forwarded-intact canary frames pass the sanity gate and promote ZERO
[22m[39m{"timestamp":"2026-06-20T06:22:08.469Z","level":"INFO","source":"frontend","module":"webrtc/sframe-transform","message":"encrypted frame","context":{"kid":3,"ctr":3,"byteLength":62,"codecOffset":10}}

[90mstdout[2m | apps/validator-daemon/src/canary/__tests__/verify-loop.test.ts[2m > [22m[2mREQ-CFA-043 — per-receiver Map + persisted per-relay DropAccumulator across >=2 rounds[2m > [22m[2ma SINGLE-receiver drop is NOT correlated (k=2 SECONDARY signal not met) even above budget
[22m[39m{"timestamp":"2026-06-20T06:22:08.471Z","level":"INFO","source":"frontend","module":"webrtc/sframe-transform","message":"encrypted frame","context":{"kid":9,"ctr":2,"byteLength":62,"codecOffset":10}}

[90mstdout[2m | apps/validator-daemon/src/canary/__tests__/wan-harness-shape.test.ts[2m > [22m[2mREQ-CFA-041 — synthetic lossy/re-packetized chain: verifier -> runTailSanityGate -> classifier[2m > [22m[2mBENIGN absorbed: forwarded-intact canary frames pass the sanity gate and promote ZERO
[22m[39m{"timestamp":"2026-06-20T06:22:08.471Z","level":"INFO","source":"frontend","module":"webrtc/sframe-transform","message":"encrypted frame","context":{"kid":3,"ctr":4,"byteLength":62,"codecOffset":10}}

[90mstdout[2m | apps/validator-daemon/src/canary/__tests__/verify-loop.test.ts[2m > [22m[2mREQ-CFA-043 — per-receiver Map + persisted per-relay DropAccumulator across >=2 rounds[2m > [22m[2ma SINGLE-receiver drop is NOT correlated (k=2 SECONDARY signal not met) even above budget
[22m[39m{"timestamp":"2026-06-20T06:22:08.472Z","level":"INFO","source":"frontend","module":"webrtc/sframe-transform","message":"encrypted frame","context":{"kid":9,"ctr":3,"byteLength":62,"codecOffset":10}}

[90mstdout[2m | apps/validator-daemon/src/canary/__tests__/verify-loop.test.ts[2m > [22m[2mREQ-CFA-043 — per-receiver Map + persisted per-relay DropAccumulator across >=2 rounds[2m > [22m[2ma SINGLE-receiver drop is NOT correlated (k=2 SECONDARY signal not met) even above budget
[22m[39m{"timestamp":"2026-06-20T06:22:08.473Z","level":"INFO","source":"frontend","module":"webrtc/sframe-transform","message":"encrypted frame","context":{"kid":9,"ctr":4,"byteLength":62,"codecOffset":10}}

[90mstdout[2m | apps/validator-daemon/src/canary/__tests__/wan-harness-shape.test.ts[2m > [22m[2mREQ-CFA-041 — synthetic lossy/re-packetized chain: verifier -> runTailSanityGate -> classifier[2m > [22m[2mBENIGN absorbed: forwarded-intact canary frames pass the sanity gate and promote ZERO
[22m[39m{"timestamp":"2026-06-20T06:22:08.472Z","level":"INFO","source":"frontend","module":"webrtc/sframe-transform","message":"encrypted frame","context":{"kid":3,"ctr":5,"byteLength":62,"codecOffset":10}}

[90mstdout[2m | apps/validator-daemon/src/canary/__tests__/verify-loop.test.ts[2m > [22m[2mREQ-CFA-043 — per-receiver Map + persisted per-relay DropAccumulator across >=2 rounds[2m > [22m[2ma SINGLE-receiver drop is NOT correlated (k=2 SECONDARY signal not met) even above budget
[22m[39m{"timestamp":"2026-06-20T06:22:08.475Z","level":"INFO","source":"frontend","module":"webrtc/sframe-transform","message":"encrypted frame","context":{"kid":9,"ctr":5,"byteLength":62,"codecOffset":10}}

[90mstdout[2m | apps/validator-daemon/src/canary/__tests__/wan-harness-shape.test.ts[2m > [22m[2mREQ-CFA-041 — synthetic lossy/re-packetized chain: verifier -> runTailSanityGate -> classifier[2m > [22m[2mBENIGN absorbed: forwarded-intact canary frames pass the sanity gate and promote ZERO
[22m[39m{"timestamp":"2026-06-20T06:22:08.474Z","level":"INFO","source":"frontend","module":"webrtc/sframe-transform","message":"encrypted frame","context":{"kid":3,"ctr":0,"byteLength":62,"codecOffset":10}}

[90mstdout[2m | apps/validator-daemon/src/canary/__tests__/verify-loop.test.ts[2m > [22m[2mREQ-CFA-043 — per-receiver Map + persisted per-relay DropAccumulator across >=2 rounds[2m > [22m[2ma SINGLE-receiver drop is NOT correlated (k=2 SECONDARY signal not met) even above budget
[22m[39m{"timestamp":"2026-06-20T06:22:08.476Z","level":"INFO","source":"frontend","module":"webrtc/sframe-transform","message":"encrypted frame","context":{"kid":9,"ctr":6,"byteLength":62,"codecOffset":10}}

[90mstdout[2m | apps/validator-daemon/src/canary/__tests__/verify-loop.test.ts[2m > [22m[2mREQ-CFA-043 — per-receiver Map + persisted per-relay DropAccumulator across >=2 rounds[2m > [22m[2ma SINGLE-receiver drop is NOT correlated (k=2 SECONDARY signal not met) even above budget
[22m[39m{"timestamp":"2026-06-20T06:22:08.477Z","level":"INFO","source":"frontend","module":"webrtc/sframe-transform","message":"encrypted frame","context":{"kid":9,"ctr":7,"byteLength":62,"codecOffset":10}}

[90mstdout[2m | apps/validator-daemon/src/canary/__tests__/wan-harness-shape.test.ts[2m > [22m[2mREQ-CFA-041 — synthetic lossy/re-packetized chain: verifier -> runTailSanityGate -> classifier[2m > [22m[2mBENIGN absorbed: forwarded-intact canary frames pass the sanity gate and promote ZERO
[22m[39m{"timestamp":"2026-06-20T06:22:08.476Z","level":"INFO","source":"frontend","module":"webrtc/sframe-transform","message":"encrypted frame","context":{"kid":3,"ctr":1,"byteLength":62,"codecOffset":10}}

[90mstdout[2m | apps/validator-daemon/src/canary/__tests__/verify-loop.test.ts[2m > [22m[2mREQ-CFA-043 — per-receiver Map + persisted per-relay DropAccumulator across >=2 rounds[2m > [22m[2ma SINGLE-receiver drop is NOT correlated (k=2 SECONDARY signal not met) even above budget
[22m[39m{"timestamp":"2026-06-20T06:22:08.478Z","level":"INFO","source":"frontend","module":"webrtc/sframe-transform","message":"encrypted frame","context":{"kid":9,"ctr":0,"byteLength":62,"codecOffset":10}}

[90mstdout[2m | apps/validator-daemon/src/canary/__tests__/verify-loop.test.ts[2m > [22m[2mREQ-CFA-043 — per-receiver Map + persisted per-relay DropAccumulator across >=2 rounds[2m > [22m[2ma SINGLE-receiver drop is NOT correlated (k=2 SECONDARY signal not met) even above budget
[22m[39m{"timestamp":"2026-06-20T06:22:08.478Z","level":"INFO","source":"frontend","module":"webrtc/sframe-transform","message":"encrypted frame","context":{"kid":9,"ctr":1,"byteLength":62,"codecOffset":10}}

[90mstdout[2m | apps/validator-daemon/src/canary/__tests__/wan-harness-shape.test.ts[2m > [22m[2mREQ-CFA-041 — synthetic lossy/re-packetized chain: verifier -> runTailSanityGate -> classifier[2m > [22m[2mBENIGN absorbed: forwarded-intact canary frames pass the sanity gate and promote ZERO
[22m[39m{"timestamp":"2026-06-20T06:22:08.478Z","level":"INFO","source":"frontend","module":"webrtc/sframe-transform","message":"encrypted frame","context":{"kid":3,"ctr":2,"byteLength":62,"codecOffset":10}}

[90mstdout[2m | apps/validator-daemon/src/canary/__tests__/verify-loop.test.ts[2m > [22m[2mREQ-CFA-043 — per-receiver Map + persisted per-relay DropAccumulator across >=2 rounds[2m > [22m[2ma SINGLE-receiver drop is NOT correlated (k=2 SECONDARY signal not met) even above budget
[22m[39m{"timestamp":"2026-06-20T06:22:08.479Z","level":"INFO","source":"frontend","module":"webrtc/sframe-transform","message":"encrypted frame","context":{"kid":9,"ctr":2,"byteLength":62,"codecOffset":10}}

[90mstdout[2m | apps/validator-daemon/src/canary/__tests__/wan-harness-shape.test.ts[2m > [22m[2mREQ-CFA-041 — synthetic lossy/re-packetized chain: verifier -> runTailSanityGate -> classifier[2m > [22m[2mBENIGN absorbed: forwarded-intact canary frames pass the sanity gate and promote ZERO
[22m[39m{"timestamp":"2026-06-20T06:22:08.480Z","level":"INFO","source":"frontend","module":"webrtc/sframe-transform","message":"encrypted frame","context":{"kid":3,"ctr":3,"byteLength":62,"codecOffset":10}}

[90mstdout[2m | apps/validator-daemon/src/canary/__tests__/wan-harness-shape.test.ts[2m > [22m[2mREQ-CFA-041 — synthetic lossy/re-packetized chain: verifier -> runTailSanityGate -> classifier[2m > [22m[2mBENIGN absorbed: forwarded-intact canary frames pass the sanity gate and promote ZERO
[22m[39m{"timestamp":"2026-06-20T06:22:08.481Z","level":"INFO","source":"frontend","module":"webrtc/sframe-transform","message":"encrypted frame","context":{"kid":3,"ctr":4,"byteLength":62,"codecOffset":10}}

[90mstdout[2m | apps/validator-daemon/src/canary/__tests__/verify-loop.test.ts[2m > [22m[2mREQ-CFA-043 — per-receiver Map + persisted per-relay DropAccumulator across >=2 rounds[2m > [22m[2ma SINGLE-receiver drop is NOT correlated (k=2 SECONDARY signal not met) even above budget
[22m[39m{"timestamp":"2026-06-20T06:22:08.483Z","level":"INFO","source":"frontend","module":"webrtc/sframe-transform","message":"encrypted frame","context":{"kid":9,"ctr":3,"byteLength":62,"codecOffset":10}}

[90mstdout[2m | apps/validator-daemon/src/canary/__tests__/verify-loop.test.ts[2m > [22m[2mREQ-CFA-043 — per-receiver Map + persisted per-relay DropAccumulator across >=2 rounds[2m > [22m[2ma SINGLE-receiver drop is NOT correlated (k=2 SECONDARY signal not met) even above budget
[22m[39m{"timestamp":"2026-06-20T06:22:08.484Z","level":"INFO","source":"frontend","module":"webrtc/sframe-transform","message":"encrypted frame","context":{"kid":9,"ctr":4,"byteLength":62,"codecOffset":10}}

[90mstdout[2m | apps/validator-daemon/src/canary/__tests__/wan-harness-shape.test.ts[2m > [22m[2mREQ-CFA-041 — synthetic lossy/re-packetized chain: verifier -> runTailSanityGate -> classifier[2m > [22m[2mBENIGN absorbed: forwarded-intact canary frames pass the sanity gate and promote ZERO
[22m[39m{"timestamp":"2026-06-20T06:22:08.484Z","level":"INFO","source":"frontend","module":"webrtc/sframe-transform","message":"encrypted frame","context":{"kid":3,"ctr":5,"byteLength":62,"codecOffset":10}}

[90mstdout[2m | apps/validator-daemon/src/canary/__tests__/verify-loop.test.ts[2m > [22m[2mREQ-CFA-043 — per-receiver Map + persisted per-relay DropAccumulator across >=2 rounds[2m > [22m[2ma SINGLE-receiver drop is NOT correlated (k=2 SECONDARY signal not met) even above budget
[22m[39m{"timestamp":"2026-06-20T06:22:08.485Z","level":"INFO","source":"frontend","module":"webrtc/sframe-transform","message":"encrypted frame","context":{"kid":9,"ctr":5,"byteLength":62,"codecOffset":10}}

{"level":30,"time":1781936528485,"pid":39000,"hostname":"Quang","name":"canary/verifier","canaryKid":3,"mediaPackets":6,"byteIdentical":6,"divergences":0,"msg":"canary forwarding verified"}
[90mstdout[2m | apps/validator-daemon/src/canary/__tests__/verify-loop.test.ts[2m > [22m[2mREQ-CFA-043 — per-receiver Map + persisted per-relay DropAccumulator across >=2 rounds[2m > [22m[2ma SINGLE-receiver drop is NOT correlated (k=2 SECONDARY signal not met) even above budget
[22m[39m{"timestamp":"2026-06-20T06:22:08.487Z","level":"INFO","source":"frontend","module":"webrtc/sframe-transform","message":"encrypted frame","context":{"kid":9,"ctr":6,"byteLength":62,"codecOffset":10}}

{"level":30,"time":1781936528486,"pid":39000,"hostname":"Quang","name":"canary/loss-classifier","relayMinerId":"p11-relay-under-audit","promoted":0,"absorbed":0,"tampers":0,"cumulativeCrossed":false,"msg":"canary divergences classified (drop gate / tamper p=1)"}
[90mstdout[2m | apps/validator-daemon/src/canary/__tests__/verify-loop.test.ts[2m > [22m[2mREQ-CFA-043 — per-receiver Map + persisted per-relay DropAccumulator across >=2 rounds[2m > [22m[2ma SINGLE-receiver drop is NOT correlated (k=2 SECONDARY signal not met) even above budget
[22m[39m{"timestamp":"2026-06-20T06:22:08.488Z","level":"INFO","source":"frontend","module":"webrtc/sframe-transform","message":"encrypted frame","context":{"kid":9,"ctr":7,"byteLength":62,"codecOffset":10}}

{"level":30,"time":1781936528489,"pid":3780,"hostname":"Quang","name":"canary/verifier","canaryKid":9,"mediaPackets":7,"byteIdentical":7,"divergences":1,"msg":"canary forwarding verified"}
[90mstdout[2m | apps/validator-daemon/src/canary/__tests__/verify-loop.test.ts[2m > [22m[2mREQ-CFA-043 — per-receiver Map + persisted per-relay DropAccumulator across >=2 rounds[2m > [22m[2ma SINGLE-receiver drop is NOT correlated (k=2 SECONDARY signal not met) even above budget
[22m[39m{"timestamp":"2026-06-20T06:22:08.490Z","level":"INFO","source":"frontend","module":"webrtc/sframe-transform","message":"encrypted frame","context":{"kid":9,"ctr":0,"byteLength":62,"codecOffset":10}}

[90mstdout[2m | apps/validator-daemon/src/canary/__tests__/wan-harness-shape.test.ts[2m > [22m[2mREQ-CFA-041 — synthetic lossy/re-packetized chain: verifier -> runTailSanityGate -> classifier[2m > [22m[2mW-M3-TAIL-ABORT: a re-packetized path (canary tail moved) → all-MISSING with broken extraction → gate ABORTS
[22m[39m{"timestamp":"2026-06-20T06:22:08.489Z","level":"INFO","source":"frontend","module":"webrtc/sframe-transform","message":"encrypted frame","context":{"kid":3,"ctr":0,"byteLength":62,"codecOffset":10}}

[90mstdout[2m | apps/validator-daemon/src/canary/__tests__/verify-loop.test.ts[2m > [22m[2mREQ-CFA-043 — per-receiver Map + persisted per-relay DropAccumulator across >=2 rounds[2m > [22m[2ma SINGLE-receiver drop is NOT correlated (k=2 SECONDARY signal not met) even above budget
[22m[39m{"timestamp":"2026-06-20T06:22:08.491Z","level":"INFO","source":"frontend","module":"webrtc/sframe-transform","message":"encrypted frame","context":{"kid":9,"ctr":1,"byteLength":62,"codecOffset":10}}

[90mstdout[2m | apps/validator-daemon/src/canary/__tests__/wan-harness-shape.test.ts[2m > [22m[2mREQ-CFA-041 — synthetic lossy/re-packetized chain: verifier -> runTailSanityGate -> classifier[2m > [22m[2mW-M3-TAIL-ABORT: a re-packetized path (canary tail moved) → all-MISSING with broken extraction → gate ABORTS
[22m[39m{"timestamp":"2026-06-20T06:22:08.491Z","level":"INFO","source":"frontend","module":"webrtc/sframe-transform","message":"encrypted frame","context":{"kid":3,"ctr":1,"byteLength":62,"codecOffset":10}}

[90mstdout[2m | apps/validator-daemon/src/canary/__tests__/wan-harness-shape.test.ts[2m > [22m[2mREQ-CFA-041 — synthetic lossy/re-packetized chain: verifier -> runTailSanityGate -> classifier[2m > [22m[2mW-M3-TAIL-ABORT: a re-packetized path (canary tail moved) → all-MISSING with broken extraction → gate ABORTS
[22m[39m{"timestamp":"2026-06-20T06:22:08.493Z","level":"INFO","source":"frontend","module":"webrtc/sframe-transform","message":"encrypted frame","context":{"kid":3,"ctr":2,"byteLength":62,"codecOffset":10}}

[90mstdout[2m | apps/validator-daemon/src/canary/__tests__/wan-harness-shape.test.ts[2m > [22m[2mREQ-CFA-041 — synthetic lossy/re-packetized chain: verifier -> runTailSanityGate -> classifier[2m > [22m[2mW-M3-TAIL-ABORT: a re-packetized path (canary tail moved) → all-MISSING with broken extraction → gate ABORTS
[22m[39m{"timestamp":"2026-06-20T06:22:08.494Z","level":"INFO","source":"frontend","module":"webrtc/sframe-transform","message":"encrypted frame","context":{"kid":3,"ctr":3,"byteLength":62,"codecOffset":10}}

[90mstdout[2m | apps/validator-daemon/src/canary/__tests__/wan-harness-shape.test.ts[2m > [22m[2mREQ-CFA-041 — synthetic lossy/re-packetized chain: verifier -> runTailSanityGate -> classifier[2m > [22m[2mW-M3-TAIL-ABORT: a re-packetized path (canary tail moved) → all-MISSING with broken extraction → gate ABORTS
[22m[39m{"timestamp":"2026-06-20T06:22:08.496Z","level":"INFO","source":"frontend","module":"webrtc/sframe-transform","message":"encrypted frame","context":{"kid":3,"ctr":4,"byteLength":62,"codecOffset":10}}

[90mstdout[2m | apps/validator-daemon/src/canary/__tests__/verify-loop.test.ts[2m > [22m[2mREQ-CFA-043 — per-receiver Map + persisted per-relay DropAccumulator across >=2 rounds[2m > [22m[2ma SINGLE-receiver drop is NOT correlated (k=2 SECONDARY signal not met) even above budget
[22m[39m{"timestamp":"2026-06-20T06:22:08.497Z","level":"INFO","source":"frontend","module":"webrtc/sframe-transform","message":"encrypted frame","context":{"kid":9,"ctr":2,"byteLength":62,"codecOffset":10}}

[90mstdout[2m | apps/validator-daemon/src/canary/__tests__/wan-harness-shape.test.ts[2m > [22m[2mREQ-CFA-041 — synthetic lossy/re-packetized chain: verifier -> runTailSanityGate -> classifier[2m > [22m[2mW-M3-TAIL-ABORT: a re-packetized path (canary tail moved) → all-MISSING with broken extraction → gate ABORTS
[22m[39m{"timestamp":"2026-06-20T06:22:08.497Z","level":"INFO","source":"frontend","module":"webrtc/sframe-transform","message":"encrypted frame","context":{"kid":3,"ctr":5,"byteLength":62,"codecOffset":10}}

[90mstdout[2m | apps/validator-daemon/src/canary/__tests__/verify-loop.test.ts[2m > [22m[2mREQ-CFA-043 — per-receiver Map + persisted per-relay DropAccumulator across >=2 rounds[2m > [22m[2ma SINGLE-receiver drop is NOT correlated (k=2 SECONDARY signal not met) even above budget
[22m[39m{"timestamp":"2026-06-20T06:22:08.499Z","level":"INFO","source":"frontend","module":"webrtc/sframe-transform","message":"encrypted frame","context":{"kid":9,"ctr":3,"byteLength":62,"codecOffset":10}}

[90mstdout[2m | apps/validator-daemon/src/canary/__tests__/wan-harness-shape.test.ts[2m > [22m[2mREQ-CFA-041 — synthetic lossy/re-packetized chain: verifier -> runTailSanityGate -> classifier[2m > [22m[2mW-M3-TAIL-ABORT: a re-packetized path (canary tail moved) → all-MISSING with broken extraction → gate ABORTS
[22m[39m{"timestamp":"2026-06-20T06:22:08.498Z","level":"INFO","source":"frontend","module":"webrtc/sframe-transform","message":"encrypted frame","context":{"kid":3,"ctr":0,"byteLength":62,"codecOffset":10}}

[90mstdout[2m | apps/validator-daemon/src/canary/__tests__/verify-loop.test.ts[2m > [22m[2mREQ-CFA-043 — per-receiver Map + persisted per-relay DropAccumulator across >=2 rounds[2m > [22m[2ma SINGLE-receiver drop is NOT correlated (k=2 SECONDARY signal not met) even above budget
[22m[39m{"timestamp":"2026-06-20T06:22:08.500Z","level":"INFO","source":"frontend","module":"webrtc/sframe-transform","message":"encrypted frame","context":{"kid":9,"ctr":4,"byteLength":62,"codecOffset":10}}

[90mstdout[2m | apps/validator-daemon/src/canary/__tests__/verify-loop.test.ts[2m > [22m[2mREQ-CFA-043 — per-receiver Map + persisted per-relay DropAccumulator across >=2 rounds[2m > [22m[2ma SINGLE-receiver drop is NOT correlated (k=2 SECONDARY signal not met) even above budget
[22m[39m{"timestamp":"2026-06-20T06:22:08.500Z","level":"INFO","source":"frontend","module":"webrtc/sframe-transform","message":"encrypted frame","context":{"kid":9,"ctr":5,"byteLength":62,"codecOffset":10}}

[90mstdout[2m | apps/validator-daemon/src/canary/__tests__/wan-harness-shape.test.ts[2m > [22m[2mREQ-CFA-041 — synthetic lossy/re-packetized chain: verifier -> runTailSanityGate -> classifier[2m > [22m[2mW-M3-TAIL-ABORT: a re-packetized path (canary tail moved) → all-MISSING with broken extraction → gate ABORTS
[22m[39m{"timestamp":"2026-06-20T06:22:08.500Z","level":"INFO","source":"frontend","module":"webrtc/sframe-transform","message":"encrypted frame","context":{"kid":3,"ctr":1,"byteLength":62,"codecOffset":10}}

[90mstdout[2m | apps/validator-daemon/src/canary/__tests__/verify-loop.test.ts[2m > [22m[2mREQ-CFA-043 — per-receiver Map + persisted per-relay DropAccumulator across >=2 rounds[2m > [22m[2ma SINGLE-receiver drop is NOT correlated (k=2 SECONDARY signal not met) even above budget
[22m[39m{"timestamp":"2026-06-20T06:22:08.501Z","level":"INFO","source":"frontend","module":"webrtc/sframe-transform","message":"encrypted frame","context":{"kid":9,"ctr":6,"byteLength":62,"codecOffset":10}}

[90mstdout[2m | apps/validator-daemon/src/canary/__tests__/wan-harness-shape.test.ts[2m > [22m[2mREQ-CFA-041 — synthetic lossy/re-packetized chain: verifier -> runTailSanityGate -> classifier[2m > [22m[2mW-M3-TAIL-ABORT: a re-packetized path (canary tail moved) → all-MISSING with broken extraction → gate ABORTS
[22m[39m{"timestamp":"2026-06-20T06:22:08.501Z","level":"INFO","source":"frontend","module":"webrtc/sframe-transform","message":"encrypted frame","context":{"kid":3,"ctr":2,"byteLength":62,"codecOffset":10}}

[90mstdout[2m | apps/validator-daemon/src/canary/__tests__/verify-loop.test.ts[2m > [22m[2mREQ-CFA-043 — per-receiver Map + persisted per-relay DropAccumulator across >=2 rounds[2m > [22m[2ma SINGLE-receiver drop is NOT correlated (k=2 SECONDARY signal not met) even above budget
[22m[39m{"timestamp":"2026-06-20T06:22:08.502Z","level":"INFO","source":"frontend","module":"webrtc/sframe-transform","message":"encrypted frame","context":{"kid":9,"ctr":7,"byteLength":62,"codecOffset":10}}

{"level":30,"time":1781936528502,"pid":3780,"hostname":"Quang","name":"canary/verifier","canaryKid":9,"mediaPackets":8,"byteIdentical":8,"divergences":0,"msg":"canary forwarding verified"}
{"level":30,"time":1781936528502,"pid":3780,"hostname":"Quang","name":"canary/loss-classifier","relayMinerId":"relay-under-audit","promoted":0,"absorbed":1,"tampers":0,"cumulativeCrossed":false,"msg":"canary divergences classified (drop gate / tamper p=1)"}
{"level":30,"time":1781936528502,"pid":3780,"hostname":"Quang","name":"canary/verify-loop","round":1,"relayMinerId":"relay-under-audit","roomId":"verify-loop-room","perReceiver":2,"promoted":0,"absorbed":1,"stunLossBps":"0","msg":"canary verify round classified (hermetic half — synthetic capture, STUN read live)"}
[90mstdout[2m | apps/validator-daemon/src/canary/__tests__/wan-harness-shape.test.ts[2m > [22m[2mREQ-CFA-041 — synthetic lossy/re-packetized chain: verifier -> runTailSanityGate -> classifier[2m > [22m[2mW-M3-TAIL-ABORT: a re-packetized path (canary tail moved) → all-MISSING with broken extraction → gate ABORTS
[22m[39m{"timestamp":"2026-06-20T06:22:08.502Z","level":"INFO","source":"frontend","module":"webrtc/sframe-transform","message":"encrypted frame","context":{"kid":3,"ctr":3,"byteLength":62,"codecOffset":10}}

[90mstdout[2m | apps/validator-daemon/src/canary/__tests__/verify-loop.test.ts[2m > [22m[2mREQ-CFA-043 — per-receiver Map + persisted per-relay DropAccumulator across >=2 rounds[2m > [22m[2ma SINGLE-receiver drop is NOT correlated (k=2 SECONDARY signal not met) even above budget
[22m[39m{"timestamp":"2026-06-20T06:22:08.503Z","level":"INFO","source":"frontend","module":"webrtc/sframe-transform","message":"encrypted frame","context":{"kid":9,"ctr":0,"byteLength":62,"codecOffset":10}}

[90mstdout[2m | apps/validator-daemon/src/canary/__tests__/wan-harness-shape.test.ts[2m > [22m[2mREQ-CFA-041 — synthetic lossy/re-packetized chain: verifier -> runTailSanityGate -> classifier[2m > [22m[2mW-M3-TAIL-ABORT: a re-packetized path (canary tail moved) → all-MISSING with broken extraction → gate ABORTS
[22m[39m{"timestamp":"2026-06-20T06:22:08.504Z","level":"INFO","source":"frontend","module":"webrtc/sframe-transform","message":"encrypted frame","context":{"kid":3,"ctr":4,"byteLength":62,"codecOffset":10}}

[90mstdout[2m | apps/validator-daemon/src/canary/__tests__/verify-loop.test.ts[2m > [22m[2mREQ-CFA-043 — per-receiver Map + persisted per-relay DropAccumulator across >=2 rounds[2m > [22m[2ma SINGLE-receiver drop is NOT correlated (k=2 SECONDARY signal not met) even above budget
[22m[39m{"timestamp":"2026-06-20T06:22:08.504Z","level":"INFO","source":"frontend","module":"webrtc/sframe-transform","message":"encrypted frame","context":{"kid":9,"ctr":1,"byteLength":62,"codecOffset":10}}

[90mstdout[2m | apps/validator-daemon/src/canary/__tests__/verify-loop.test.ts[2m > [22m[2mREQ-CFA-043 — per-receiver Map + persisted per-relay DropAccumulator across >=2 rounds[2m > [22m[2ma SINGLE-receiver drop is NOT correlated (k=2 SECONDARY signal not met) even above budget
[22m[39m{"timestamp":"2026-06-20T06:22:08.505Z","level":"INFO","source":"frontend","module":"webrtc/sframe-transform","message":"encrypted frame","context":{"kid":9,"ctr":2,"byteLength":62,"codecOffset":10}}

[90mstdout[2m | apps/validator-daemon/src/canary/__tests__/wan-harness-shape.test.ts[2m > [22m[2mREQ-CFA-041 — synthetic lossy/re-packetized chain: verifier -> runTailSanityGate -> classifier[2m > [22m[2mW-M3-TAIL-ABORT: a re-packetized path (canary tail moved) → all-MISSING with broken extraction → gate ABORTS
[22m[39m{"timestamp":"2026-06-20T06:22:08.505Z","level":"INFO","source":"frontend","module":"webrtc/sframe-transform","message":"encrypted frame","context":{"kid":3,"ctr":5,"byteLength":62,"codecOffset":10}}

{"level":30,"time":1781936528505,"pid":39000,"hostname":"Quang","name":"canary/verifier","canaryKid":3,"mediaPackets":0,"byteIdentical":0,"divergences":6,"msg":"canary forwarding verified"}
[90mstdout[2m | apps/validator-daemon/src/canary/__tests__/verify-loop.test.ts[2m > [22m[2mREQ-CFA-043 — per-receiver Map + persisted per-relay DropAccumulator across >=2 rounds[2m > [22m[2ma SINGLE-receiver drop is NOT correlated (k=2 SECONDARY signal not met) even above budget
[22m[39m{"timestamp":"2026-06-20T06:22:08.506Z","level":"INFO","source":"frontend","module":"webrtc/sframe-transform","message":"encrypted frame","context":{"kid":9,"ctr":3,"byteLength":62,"codecOffset":10}}

[90mstdout[2m | apps/validator-daemon/src/canary/__tests__/verify-loop.test.ts[2m > [22m[2mREQ-CFA-043 — per-receiver Map + persisted per-relay DropAccumulator across >=2 rounds[2m > [22m[2ma SINGLE-receiver drop is NOT correlated (k=2 SECONDARY signal not met) even above budget
[22m[39m{"timestamp":"2026-06-20T06:22:08.507Z","level":"INFO","source":"frontend","module":"webrtc/sframe-transform","message":"encrypted frame","context":{"kid":9,"ctr":4,"byteLength":62,"codecOffset":10}}

[90mstdout[2m | apps/validator-daemon/src/canary/__tests__/verify-loop.test.ts[2m > [22m[2mREQ-CFA-043 — per-receiver Map + persisted per-relay DropAccumulator across >=2 rounds[2m > [22m[2ma SINGLE-receiver drop is NOT correlated (k=2 SECONDARY signal not met) even above budget
[22m[39m{"timestamp":"2026-06-20T06:22:08.507Z","level":"INFO","source":"frontend","module":"webrtc/sframe-transform","message":"encrypted frame","context":{"kid":9,"ctr":6,"byteLength":62,"codecOffset":10}}

[90mstdout[2m | apps/validator-daemon/src/canary/__tests__/verify-loop.test.ts[2m > [22m[2mREQ-CFA-043 — per-receiver Map + persisted per-relay DropAccumulator across >=2 rounds[2m > [22m[2ma SINGLE-receiver drop is NOT correlated (k=2 SECONDARY signal not met) even above budget
[22m[39m{"timestamp":"2026-06-20T06:22:08.508Z","level":"INFO","source":"frontend","module":"webrtc/sframe-transform","message":"encrypted frame","context":{"kid":9,"ctr":7,"byteLength":62,"codecOffset":10}}

[90mstdout[2m | apps/validator-daemon/src/canary/__tests__/wan-harness-shape.test.ts[2m > [22m[2mREQ-CFA-041 — synthetic lossy/re-packetized chain: verifier -> runTailSanityGate -> classifier[2m > [22m[2mSUSTAINED-SUB-BUDGET-PROMOTED: a real DROP gap, gate healthy, cumulative crossed + >=k → promoted
[22m[39m{"timestamp":"2026-06-20T06:22:08.507Z","level":"INFO","source":"frontend","module":"webrtc/sframe-transform","message":"encrypted frame","context":{"kid":3,"ctr":0,"byteLength":62,"codecOffset":10}}

[90mstdout[2m | apps/validator-daemon/src/canary/__tests__/verify-loop.test.ts[2m > [22m[2mREQ-CFA-043 — per-receiver Map + persisted per-relay DropAccumulator across >=2 rounds[2m > [22m[2ma SINGLE-receiver drop is NOT correlated (k=2 SECONDARY signal not met) even above budget
[22m[39m{"timestamp":"2026-06-20T06:22:08.508Z","level":"INFO","source":"frontend","module":"webrtc/sframe-transform","message":"encrypted frame","context":{"kid":9,"ctr":0,"byteLength":62,"codecOffset":10}}

[90mstdout[2m | apps/validator-daemon/src/canary/__tests__/wan-harness-shape.test.ts[2m > [22m[2mREQ-CFA-041 — synthetic lossy/re-packetized chain: verifier -> runTailSanityGate -> classifier[2m > [22m[2mSUSTAINED-SUB-BUDGET-PROMOTED: a real DROP gap, gate healthy, cumulative crossed + >=k → promoted
[22m[39m{"timestamp":"2026-06-20T06:22:08.508Z","level":"INFO","source":"frontend","module":"webrtc/sframe-transform","message":"encrypted frame","context":{"kid":3,"ctr":1,"byteLength":62,"codecOffset":10}}

[90mstdout[2m | apps/validator-daemon/src/canary/__tests__/verify-loop.test.ts[2m > [22m[2mREQ-CFA-043 — per-receiver Map + persisted per-relay DropAccumulator across >=2 rounds[2m > [22m[2ma SINGLE-receiver drop is NOT correlated (k=2 SECONDARY signal not met) even above budget
[22m[39m{"timestamp":"2026-06-20T06:22:08.509Z","level":"INFO","source":"frontend","module":"webrtc/sframe-transform","message":"encrypted frame","context":{"kid":9,"ctr":1,"byteLength":62,"codecOffset":10}}

[90mstdout[2m | apps/validator-daemon/src/canary/__tests__/verify-loop.test.ts[2m > [22m[2mREQ-CFA-043 — per-receiver Map + persisted per-relay DropAccumulator across >=2 rounds[2m > [22m[2ma SINGLE-receiver drop is NOT correlated (k=2 SECONDARY signal not met) even above budget
[22m[39m{"timestamp":"2026-06-20T06:22:08.510Z","level":"INFO","source":"frontend","module":"webrtc/sframe-transform","message":"encrypted frame","context":{"kid":9,"ctr":2,"byteLength":62,"codecOffset":10}}

[90mstdout[2m | apps/validator-daemon/src/canary/__tests__/wan-harness-shape.test.ts[2m > [22m[2mREQ-CFA-041 — synthetic lossy/re-packetized chain: verifier -> runTailSanityGate -> classifier[2m > [22m[2mSUSTAINED-SUB-BUDGET-PROMOTED: a real DROP gap, gate healthy, cumulative crossed + >=k → promoted
[22m[39m{"timestamp":"2026-06-20T06:22:08.509Z","level":"INFO","source":"frontend","module":"webrtc/sframe-transform","message":"encrypted frame","context":{"kid":3,"ctr":2,"byteLength":62,"codecOffset":10}}

[90mstdout[2m | apps/validator-daemon/src/canary/__tests__/wan-harness-shape.test.ts[2m > [22m[2mREQ-CFA-041 — synthetic lossy/re-packetized chain: verifier -> runTailSanityGate -> classifier[2m > [22m[2mSUSTAINED-SUB-BUDGET-PROMOTED: a real DROP gap, gate healthy, cumulative crossed + >=k → promoted
[22m[39m{"timestamp":"2026-06-20T06:22:08.510Z","level":"INFO","source":"frontend","module":"webrtc/sframe-transform","message":"encrypted frame","context":{"kid":3,"ctr":3,"byteLength":62,"codecOffset":10}}

[90mstdout[2m | apps/validator-daemon/src/canary/__tests__/verify-loop.test.ts[2m > [22m[2mREQ-CFA-043 — per-receiver Map + persisted per-relay DropAccumulator across >=2 rounds[2m > [22m[2ma SINGLE-receiver drop is NOT correlated (k=2 SECONDARY signal not met) even above budget
[22m[39m{"timestamp":"2026-06-20T06:22:08.511Z","level":"INFO","source":"frontend","module":"webrtc/sframe-transform","message":"encrypted frame","context":{"kid":9,"ctr":3,"byteLength":62,"codecOffset":10}}

[90mstdout[2m | apps/validator-daemon/src/canary/__tests__/verify-loop.test.ts[2m > [22m[2mREQ-CFA-043 — per-receiver Map + persisted per-relay DropAccumulator across >=2 rounds[2m > [22m[2ma SINGLE-receiver drop is NOT correlated (k=2 SECONDARY signal not met) even above budget
[22m[39m{"timestamp":"2026-06-20T06:22:08.512Z","level":"INFO","source":"frontend","module":"webrtc/sframe-transform","message":"encrypted frame","context":{"kid":9,"ctr":4,"byteLength":62,"codecOffset":10}}

[90mstdout[2m | apps/validator-daemon/src/canary/__tests__/wan-harness-shape.test.ts[2m > [22m[2mREQ-CFA-041 — synthetic lossy/re-packetized chain: verifier -> runTailSanityGate -> classifier[2m > [22m[2mSUSTAINED-SUB-BUDGET-PROMOTED: a real DROP gap, gate healthy, cumulative crossed + >=k → promoted
[22m[39m{"timestamp":"2026-06-20T06:22:08.511Z","level":"INFO","source":"frontend","module":"webrtc/sframe-transform","message":"encrypted frame","context":{"kid":3,"ctr":4,"byteLength":62,"codecOffset":10}}

[90mstdout[2m | apps/validator-daemon/src/canary/__tests__/verify-loop.test.ts[2m > [22m[2mREQ-CFA-043 — per-receiver Map + persisted per-relay DropAccumulator across >=2 rounds[2m > [22m[2ma SINGLE-receiver drop is NOT correlated (k=2 SECONDARY signal not met) even above budget
[22m[39m{"timestamp":"2026-06-20T06:22:08.513Z","level":"INFO","source":"frontend","module":"webrtc/sframe-transform","message":"encrypted frame","context":{"kid":9,"ctr":5,"byteLength":62,"codecOffset":10}}

[90mstdout[2m | apps/validator-daemon/src/canary/__tests__/wan-harness-shape.test.ts[2m > [22m[2mREQ-CFA-041 — synthetic lossy/re-packetized chain: verifier -> runTailSanityGate -> classifier[2m > [22m[2mSUSTAINED-SUB-BUDGET-PROMOTED: a real DROP gap, gate healthy, cumulative crossed + >=k → promoted
[22m[39m{"timestamp":"2026-06-20T06:22:08.512Z","level":"INFO","source":"frontend","module":"webrtc/sframe-transform","message":"encrypted frame","context":{"kid":3,"ctr":6,"byteLength":62,"codecOffset":10}}

[90mstdout[2m | apps/validator-daemon/src/canary/__tests__/verify-loop.test.ts[2m > [22m[2mREQ-CFA-043 — per-receiver Map + persisted per-relay DropAccumulator across >=2 rounds[2m > [22m[2ma SINGLE-receiver drop is NOT correlated (k=2 SECONDARY signal not met) even above budget
[22m[39m{"timestamp":"2026-06-20T06:22:08.514Z","level":"INFO","source":"frontend","module":"webrtc/sframe-transform","message":"encrypted frame","context":{"kid":9,"ctr":6,"byteLength":62,"codecOffset":10}}

[90mstdout[2m | apps/validator-daemon/src/canary/__tests__/wan-harness-shape.test.ts[2m > [22m[2mREQ-CFA-041 — synthetic lossy/re-packetized chain: verifier -> runTailSanityGate -> classifier[2m > [22m[2mSUSTAINED-SUB-BUDGET-PROMOTED: a real DROP gap, gate healthy, cumulative crossed + >=k → promoted
[22m[39m{"timestamp":"2026-06-20T06:22:08.513Z","level":"INFO","source":"frontend","module":"webrtc/sframe-transform","message":"encrypted frame","context":{"kid":3,"ctr":7,"byteLength":62,"codecOffset":10}}

[90mstdout[2m | apps/validator-daemon/src/canary/__tests__/verify-loop.test.ts[2m > [22m[2mREQ-CFA-043 — per-receiver Map + persisted per-relay DropAccumulator across >=2 rounds[2m > [22m[2ma SINGLE-receiver drop is NOT correlated (k=2 SECONDARY signal not met) even above budget
[22m[39m{"timestamp":"2026-06-20T06:22:08.515Z","level":"INFO","source":"frontend","module":"webrtc/sframe-transform","message":"encrypted frame","context":{"kid":9,"ctr":7,"byteLength":62,"codecOffset":10}}

[90mstdout[2m | apps/validator-daemon/src/canary/__tests__/wan-harness-shape.test.ts[2m > [22m[2mREQ-CFA-041 — synthetic lossy/re-packetized chain: verifier -> runTailSanityGate -> classifier[2m > [22m[2mSUSTAINED-SUB-BUDGET-PROMOTED: a real DROP gap, gate healthy, cumulative crossed + >=k → promoted
[22m[39m{"timestamp":"2026-06-20T06:22:08.514Z","level":"INFO","source":"frontend","module":"webrtc/sframe-transform","message":"encrypted frame","context":{"kid":3,"ctr":0,"byteLength":62,"codecOffset":10}}

[90mstdout[2m | apps/validator-daemon/src/canary/__tests__/verify-loop.test.ts[2m > [22m[2mREQ-CFA-043 — per-receiver Map + persisted per-relay DropAccumulator across >=2 rounds[2m > [22m[2ma SINGLE-receiver drop is NOT correlated (k=2 SECONDARY signal not met) even above budget
[22m[39m{"timestamp":"2026-06-20T06:22:08.516Z","level":"INFO","source":"frontend","module":"webrtc/sframe-transform","message":"encrypted frame","context":{"kid":9,"ctr":0,"byteLength":62,"codecOffset":10}}

[90mstdout[2m | apps/validator-daemon/src/canary/__tests__/wan-harness-shape.test.ts[2m > [22m[2mREQ-CFA-041 — synthetic lossy/re-packetized chain: verifier -> runTailSanityGate -> classifier[2m > [22m[2mSUSTAINED-SUB-BUDGET-PROMOTED: a real DROP gap, gate healthy, cumulative crossed + >=k → promoted
[22m[39m{"timestamp":"2026-06-20T06:22:08.516Z","level":"INFO","source":"frontend","module":"webrtc/sframe-transform","message":"encrypted frame","context":{"kid":3,"ctr":1,"byteLength":62,"codecOffset":10}}

[90mstdout[2m | apps/validator-daemon/src/canary/__tests__/verify-loop.test.ts[2m > [22m[2mREQ-CFA-043 — per-receiver Map + persisted per-relay DropAccumulator across >=2 rounds[2m > [22m[2ma SINGLE-receiver drop is NOT correlated (k=2 SECONDARY signal not met) even above budget
[22m[39m{"timestamp":"2026-06-20T06:22:08.517Z","level":"INFO","source":"frontend","module":"webrtc/sframe-transform","message":"encrypted frame","context":{"kid":9,"ctr":1,"byteLength":62,"codecOffset":10}}

[90mstdout[2m | apps/validator-daemon/src/canary/__tests__/wan-harness-shape.test.ts[2m > [22m[2mREQ-CFA-041 — synthetic lossy/re-packetized chain: verifier -> runTailSanityGate -> classifier[2m > [22m[2mSUSTAINED-SUB-BUDGET-PROMOTED: a real DROP gap, gate healthy, cumulative crossed + >=k → promoted
[22m[39m{"timestamp":"2026-06-20T06:22:08.517Z","level":"INFO","source":"frontend","module":"webrtc/sframe-transform","message":"encrypted frame","context":{"kid":3,"ctr":2,"byteLength":62,"codecOffset":10}}

[90mstdout[2m | apps/validator-daemon/src/canary/__tests__/verify-loop.test.ts[2m > [22m[2mREQ-CFA-043 — per-receiver Map + persisted per-relay DropAccumulator across >=2 rounds[2m > [22m[2ma SINGLE-receiver drop is NOT correlated (k=2 SECONDARY signal not met) even above budget
[22m[39m{"timestamp":"2026-06-20T06:22:08.517Z","level":"INFO","source":"frontend","module":"webrtc/sframe-transform","message":"encrypted frame","context":{"kid":9,"ctr":2,"byteLength":62,"codecOffset":10}}

[90mstdout[2m | apps/validator-daemon/src/canary/__tests__/verify-loop.test.ts[2m > [22m[2mREQ-CFA-043 — per-receiver Map + persisted per-relay DropAccumulator across >=2 rounds[2m > [22m[2ma SINGLE-receiver drop is NOT correlated (k=2 SECONDARY signal not met) even above budget
[22m[39m{"timestamp":"2026-06-20T06:22:08.518Z","level":"INFO","source":"frontend","module":"webrtc/sframe-transform","message":"encrypted frame","context":{"kid":9,"ctr":3,"byteLength":62,"codecOffset":10}}

[90mstdout[2m | apps/validator-daemon/src/canary/__tests__/wan-harness-shape.test.ts[2m > [22m[2mREQ-CFA-041 — synthetic lossy/re-packetized chain: verifier -> runTailSanityGate -> classifier[2m > [22m[2mSUSTAINED-SUB-BUDGET-PROMOTED: a real DROP gap, gate healthy, cumulative crossed + >=k → promoted
[22m[39m{"timestamp":"2026-06-20T06:22:08.517Z","level":"INFO","source":"frontend","module":"webrtc/sframe-transform","message":"encrypted frame","context":{"kid":3,"ctr":3,"byteLength":62,"codecOffset":10}}

[90mstdout[2m | apps/validator-daemon/src/canary/__tests__/verify-loop.test.ts[2m > [22m[2mREQ-CFA-043 — per-receiver Map + persisted per-relay DropAccumulator across >=2 rounds[2m > [22m[2ma SINGLE-receiver drop is NOT correlated (k=2 SECONDARY signal not met) even above budget
[22m[39m{"timestamp":"2026-06-20T06:22:08.519Z","level":"INFO","source":"frontend","module":"webrtc/sframe-transform","message":"encrypted frame","context":{"kid":9,"ctr":4,"byteLength":62,"codecOffset":10}}

[90mstdout[2m | apps/validator-daemon/src/canary/__tests__/wan-harness-shape.test.ts[2m > [22m[2mREQ-CFA-041 — synthetic lossy/re-packetized chain: verifier -> runTailSanityGate -> classifier[2m > [22m[2mSUSTAINED-SUB-BUDGET-PROMOTED: a real DROP gap, gate healthy, cumulative crossed + >=k → promoted
[22m[39m{"timestamp":"2026-06-20T06:22:08.519Z","level":"INFO","source":"frontend","module":"webrtc/sframe-transform","message":"encrypted frame","context":{"kid":3,"ctr":4,"byteLength":62,"codecOffset":10}}

[90mstdout[2m | apps/validator-daemon/src/canary/__tests__/verify-loop.test.ts[2m > [22m[2mREQ-CFA-043 — per-receiver Map + persisted per-relay DropAccumulator across >=2 rounds[2m > [22m[2ma SINGLE-receiver drop is NOT correlated (k=2 SECONDARY signal not met) even above budget
[22m[39m{"timestamp":"2026-06-20T06:22:08.520Z","level":"INFO","source":"frontend","module":"webrtc/sframe-transform","message":"encrypted frame","context":{"kid":9,"ctr":5,"byteLength":62,"codecOffset":10}}

[90mstdout[2m | apps/validator-daemon/src/canary/__tests__/wan-harness-shape.test.ts[2m > [22m[2mREQ-CFA-041 — synthetic lossy/re-packetized chain: verifier -> runTailSanityGate -> classifier[2m > [22m[2mSUSTAINED-SUB-BUDGET-PROMOTED: a real DROP gap, gate healthy, cumulative crossed + >=k → promoted
[22m[39m{"timestamp":"2026-06-20T06:22:08.519Z","level":"INFO","source":"frontend","module":"webrtc/sframe-transform","message":"encrypted frame","context":{"kid":3,"ctr":5,"byteLength":62,"codecOffset":10}}

[90mstdout[2m | apps/validator-daemon/src/canary/__tests__/verify-loop.test.ts[2m > [22m[2mREQ-CFA-043 — per-receiver Map + persisted per-relay DropAccumulator across >=2 rounds[2m > [22m[2ma SINGLE-receiver drop is NOT correlated (k=2 SECONDARY signal not met) even above budget
[22m[39m{"timestamp":"2026-06-20T06:22:08.521Z","level":"INFO","source":"frontend","module":"webrtc/sframe-transform","message":"encrypted frame","context":{"kid":9,"ctr":6,"byteLength":62,"codecOffset":10}}

[90mstdout[2m | apps/validator-daemon/src/canary/__tests__/wan-harness-shape.test.ts[2m > [22m[2mREQ-CFA-041 — synthetic lossy/re-packetized chain: verifier -> runTailSanityGate -> classifier[2m > [22m[2mSUSTAINED-SUB-BUDGET-PROMOTED: a real DROP gap, gate healthy, cumulative crossed + >=k → promoted
[22m[39m{"timestamp":"2026-06-20T06:22:08.520Z","level":"INFO","source":"frontend","module":"webrtc/sframe-transform","message":"encrypted frame","context":{"kid":3,"ctr":6,"byteLength":62,"codecOffset":10}}

[90mstdout[2m | apps/validator-daemon/src/canary/__tests__/wan-harness-shape.test.ts[2m > [22m[2mREQ-CFA-041 — synthetic lossy/re-packetized chain: verifier -> runTailSanityGate -> classifier[2m > [22m[2mSUSTAINED-SUB-BUDGET-PROMOTED: a real DROP gap, gate healthy, cumulative crossed + >=k → promoted
[22m[39m{"timestamp":"2026-06-20T06:22:08.521Z","level":"INFO","source":"frontend","module":"webrtc/sframe-transform","message":"encrypted frame","context":{"kid":3,"ctr":7,"byteLength":62,"codecOffset":10}}

[90mstdout[2m | apps/validator-daemon/src/canary/__tests__/verify-loop.test.ts[2m > [22m[2mREQ-CFA-043 — per-receiver Map + persisted per-relay DropAccumulator across >=2 rounds[2m > [22m[2ma SINGLE-receiver drop is NOT correlated (k=2 SECONDARY signal not met) even above budget
[22m[39m{"timestamp":"2026-06-20T06:22:08.522Z","level":"INFO","source":"frontend","module":"webrtc/sframe-transform","message":"encrypted frame","context":{"kid":9,"ctr":7,"byteLength":62,"codecOffset":10}}

{"level":30,"time":1781936528522,"pid":3780,"hostname":"Quang","name":"canary/verifier","canaryKid":9,"mediaPackets":7,"byteIdentical":7,"divergences":1,"msg":"canary forwarding verified"}
{"level":30,"time":1781936528521,"pid":39000,"hostname":"Quang","name":"canary/verifier","canaryKid":3,"mediaPackets":7,"byteIdentical":7,"divergences":1,"msg":"canary forwarding verified"}
{"level":30,"time":1781936528522,"pid":39000,"hostname":"Quang","name":"canary/loss-classifier","relayMinerId":"p11-relay-under-audit","promoted":1,"absorbed":0,"tampers":0,"cumulativeCrossed":true,"msg":"canary divergences classified (drop gate / tamper p=1)"}
[90mstdout[2m | apps/validator-daemon/src/canary/__tests__/verify-loop.test.ts[2m > [22m[2mREQ-CFA-043 — per-receiver Map + persisted per-relay DropAccumulator across >=2 rounds[2m > [22m[2ma SINGLE-receiver drop is NOT correlated (k=2 SECONDARY signal not met) even above budget
[22m[39m{"timestamp":"2026-06-20T06:22:08.523Z","level":"INFO","source":"frontend","module":"webrtc/sframe-transform","message":"encrypted frame","context":{"kid":9,"ctr":0,"byteLength":62,"codecOffset":10}}

[90mstdout[2m | apps/validator-daemon/src/canary/__tests__/verify-loop.test.ts[2m > [22m[2mREQ-CFA-043 — per-receiver Map + persisted per-relay DropAccumulator across >=2 rounds[2m > [22m[2ma SINGLE-receiver drop is NOT correlated (k=2 SECONDARY signal not met) even above budget
[22m[39m{"timestamp":"2026-06-20T06:22:08.523Z","level":"INFO","source":"frontend","module":"webrtc/sframe-transform","message":"encrypted frame","context":{"kid":9,"ctr":1,"byteLength":62,"codecOffset":10}}

[90mstdout[2m | apps/validator-daemon/src/canary/__tests__/verify-loop.test.ts[2m > [22m[2mREQ-CFA-043 — per-receiver Map + persisted per-relay DropAccumulator across >=2 rounds[2m > [22m[2ma SINGLE-receiver drop is NOT correlated (k=2 SECONDARY signal not met) even above budget
[22m[39m{"timestamp":"2026-06-20T06:22:08.524Z","level":"INFO","source":"frontend","module":"webrtc/sframe-transform","message":"encrypted frame","context":{"kid":9,"ctr":2,"byteLength":62,"codecOffset":10}}

{"level":30,"time":1781936528523,"pid":39000,"hostname":"Quang","name":"canary/verifier","canaryKid":3,"mediaPackets":0,"byteIdentical":0,"divergences":0,"msg":"canary forwarding verified"}
[90mstdout[2m | apps/validator-daemon/src/canary/__tests__/verify-loop.test.ts[2m > [22m[2mREQ-CFA-043 — per-receiver Map + persisted per-relay DropAccumulator across >=2 rounds[2m > [22m[2ma SINGLE-receiver drop is NOT correlated (k=2 SECONDARY signal not met) even above budget
[22m[39m{"timestamp":"2026-06-20T06:22:08.525Z","level":"INFO","source":"frontend","module":"webrtc/sframe-transform","message":"encrypted frame","context":{"kid":9,"ctr":3,"byteLength":62,"codecOffset":10}}

[90mstdout[2m | apps/validator-daemon/src/canary/__tests__/verify-loop.test.ts[2m > [22m[2mREQ-CFA-043 — per-receiver Map + persisted per-relay DropAccumulator across >=2 rounds[2m > [22m[2ma SINGLE-receiver drop is NOT correlated (k=2 SECONDARY signal not met) even above budget
[22m[39m{"timestamp":"2026-06-20T06:22:08.525Z","level":"INFO","source":"frontend","module":"webrtc/sframe-transform","message":"encrypted frame","context":{"kid":9,"ctr":4,"byteLength":62,"codecOffset":10}}

 [32m✓[39m apps/validator-daemon/src/canary/__tests__/wan-harness-shape.test.ts [2m([22m[2m8 tests[22m[2m)[22m[32m 87[2mms[22m[39m
[90mstdout[2m | apps/validator-daemon/src/canary/__tests__/verify-loop.test.ts[2m > [22m[2mREQ-CFA-043 — per-receiver Map + persisted per-relay DropAccumulator across >=2 rounds[2m > [22m[2ma SINGLE-receiver drop is NOT correlated (k=2 SECONDARY signal not met) even above budget
[22m[39m{"timestamp":"2026-06-20T06:22:08.526Z","level":"INFO","source":"frontend","module":"webrtc/sframe-transform","message":"encrypted frame","context":{"kid":9,"ctr":5,"byteLength":62,"codecOffset":10}}

[90mstdout[2m | apps/validator-daemon/src/canary/__tests__/verify-loop.test.ts[2m > [22m[2mREQ-CFA-043 — per-receiver Map + persisted per-relay DropAccumulator across >=2 rounds[2m > [22m[2ma SINGLE-receiver drop is NOT correlated (k=2 SECONDARY signal not met) even above budget
[22m[39m{"timestamp":"2026-06-20T06:22:08.527Z","level":"INFO","source":"frontend","module":"webrtc/sframe-transform","message":"encrypted frame","context":{"kid":9,"ctr":6,"byteLength":62,"codecOffset":10}}

[90mstdout[2m | apps/validator-daemon/src/canary/__tests__/verify-loop.test.ts[2m > [22m[2mREQ-CFA-043 — per-receiver Map + persisted per-relay DropAccumulator across >=2 rounds[2m > [22m[2ma SINGLE-receiver drop is NOT correlated (k=2 SECONDARY signal not met) even above budget
[22m[39m{"timestamp":"2026-06-20T06:22:08.527Z","level":"INFO","source":"frontend","module":"webrtc/sframe-transform","message":"encrypted frame","context":{"kid":9,"ctr":7,"byteLength":62,"codecOffset":10}}

{"level":30,"time":1781936528527,"pid":3780,"hostname":"Quang","name":"canary/verifier","canaryKid":9,"mediaPackets":8,"byteIdentical":8,"divergences":0,"msg":"canary forwarding verified"}
{"level":30,"time":1781936528527,"pid":3780,"hostname":"Quang","name":"canary/loss-classifier","relayMinerId":"relay-under-audit","promoted":0,"absorbed":1,"tampers":0,"cumulativeCrossed":false,"msg":"canary divergences classified (drop gate / tamper p=1)"}
{"level":30,"time":1781936528527,"pid":3780,"hostname":"Quang","name":"canary/verify-loop","round":2,"relayMinerId":"relay-under-audit","roomId":"verify-loop-room","perReceiver":2,"promoted":0,"absorbed":1,"stunLossBps":"0","msg":"canary verify round classified (hermetic half — synthetic capture, STUN read live)"}
[90mstdout[2m | apps/validator-daemon/src/canary/__tests__/verify-loop.test.ts[2m > [22m[2mREQ-CFA-043 — per-receiver Map + persisted per-relay DropAccumulator across >=2 rounds[2m > [22m[2ma SINGLE-receiver drop is NOT correlated (k=2 SECONDARY signal not met) even above budget
[22m[39m{"timestamp":"2026-06-20T06:22:08.528Z","level":"INFO","source":"frontend","module":"webrtc/sframe-transform","message":"encrypted frame","context":{"kid":9,"ctr":0,"byteLength":62,"codecOffset":10}}

[90mstdout[2m | apps/validator-daemon/src/canary/__tests__/verify-loop.test.ts[2m > [22m[2mREQ-CFA-043 — per-receiver Map + persisted per-relay DropAccumulator across >=2 rounds[2m > [22m[2ma SINGLE-receiver drop is NOT correlated (k=2 SECONDARY signal not met) even above budget
[22m[39m{"timestamp":"2026-06-20T06:22:08.529Z","level":"INFO","source":"frontend","module":"webrtc/sframe-transform","message":"encrypted frame","context":{"kid":9,"ctr":1,"byteLength":62,"codecOffset":10}}

[90mstdout[2m | apps/validator-daemon/src/canary/__tests__/verify-loop.test.ts[2m > [22m[2mREQ-CFA-043 — per-receiver Map + persisted per-relay DropAccumulator across >=2 rounds[2m > [22m[2ma SINGLE-receiver drop is NOT correlated (k=2 SECONDARY signal not met) even above budget
[22m[39m{"timestamp":"2026-06-20T06:22:08.529Z","level":"INFO","source":"frontend","module":"webrtc/sframe-transform","message":"encrypted frame","context":{"kid":9,"ctr":2,"byteLength":62,"codecOffset":10}}

[90mstdout[2m | apps/validator-daemon/src/canary/__tests__/verify-loop.test.ts[2m > [22m[2mREQ-CFA-043 — per-receiver Map + persisted per-relay DropAccumulator across >=2 rounds[2m > [22m[2ma SINGLE-receiver drop is NOT correlated (k=2 SECONDARY signal not met) even above budget
[22m[39m{"timestamp":"2026-06-20T06:22:08.530Z","level":"INFO","source":"frontend","module":"webrtc/sframe-transform","message":"encrypted frame","context":{"kid":9,"ctr":3,"byteLength":62,"codecOffset":10}}

[90mstdout[2m | apps/validator-daemon/src/canary/__tests__/verify-loop.test.ts[2m > [22m[2mREQ-CFA-043 — per-receiver Map + persisted per-relay DropAccumulator across >=2 rounds[2m > [22m[2ma SINGLE-receiver drop is NOT correlated (k=2 SECONDARY signal not met) even above budget
[22m[39m{"timestamp":"2026-06-20T06:22:08.530Z","level":"INFO","source":"frontend","module":"webrtc/sframe-transform","message":"encrypted frame","context":{"kid":9,"ctr":4,"byteLength":62,"codecOffset":10}}

[90mstdout[2m | apps/validator-daemon/src/canary/__tests__/verify-loop.test.ts[2m > [22m[2mREQ-CFA-043 — per-receiver Map + persisted per-relay DropAccumulator across >=2 rounds[2m > [22m[2ma SINGLE-receiver drop is NOT correlated (k=2 SECONDARY signal not met) even above budget
[22m[39m{"timestamp":"2026-06-20T06:22:08.531Z","level":"INFO","source":"frontend","module":"webrtc/sframe-transform","message":"encrypted frame","context":{"kid":9,"ctr":6,"byteLength":62,"codecOffset":10}}

[90mstdout[2m | apps/validator-daemon/src/canary/__tests__/verify-loop.test.ts[2m > [22m[2mREQ-CFA-043 — per-receiver Map + persisted per-relay DropAccumulator across >=2 rounds[2m > [22m[2ma SINGLE-receiver drop is NOT correlated (k=2 SECONDARY signal not met) even above budget
[22m[39m{"timestamp":"2026-06-20T06:22:08.531Z","level":"INFO","source":"frontend","module":"webrtc/sframe-transform","message":"encrypted frame","context":{"kid":9,"ctr":7,"byteLength":62,"codecOffset":10}}

[90mstdout[2m | apps/validator-daemon/src/canary/__tests__/verify-loop.test.ts[2m > [22m[2mREQ-CFA-043 — per-receiver Map + persisted per-relay DropAccumulator across >=2 rounds[2m > [22m[2ma SINGLE-receiver drop is NOT correlated (k=2 SECONDARY signal not met) even above budget
[22m[39m{"timestamp":"2026-06-20T06:22:08.532Z","level":"INFO","source":"frontend","module":"webrtc/sframe-transform","message":"encrypted frame","context":{"kid":9,"ctr":0,"byteLength":62,"codecOffset":10}}

[90mstdout[2m | apps/validator-daemon/src/canary/__tests__/verify-loop.test.ts[2m > [22m[2mREQ-CFA-043 — per-receiver Map + persisted per-relay DropAccumulator across >=2 rounds[2m > [22m[2ma SINGLE-receiver drop is NOT correlated (k=2 SECONDARY signal not met) even above budget
[22m[39m{"timestamp":"2026-06-20T06:22:08.532Z","level":"INFO","source":"frontend","module":"webrtc/sframe-transform","message":"encrypted frame","context":{"kid":9,"ctr":1,"byteLength":62,"codecOffset":10}}

[90mstdout[2m | apps/validator-daemon/src/canary/__tests__/verify-loop.test.ts[2m > [22m[2mREQ-CFA-043 — per-receiver Map + persisted per-relay DropAccumulator across >=2 rounds[2m > [22m[2ma SINGLE-receiver drop is NOT correlated (k=2 SECONDARY signal not met) even above budget
[22m[39m{"timestamp":"2026-06-20T06:22:08.533Z","level":"INFO","source":"frontend","module":"webrtc/sframe-transform","message":"encrypted frame","context":{"kid":9,"ctr":2,"byteLength":62,"codecOffset":10}}

[90mstdout[2m | apps/validator-daemon/src/canary/__tests__/verify-loop.test.ts[2m > [22m[2mREQ-CFA-043 — per-receiver Map + persisted per-relay DropAccumulator across >=2 rounds[2m > [22m[2ma SINGLE-receiver drop is NOT correlated (k=2 SECONDARY signal not met) even above budget
[22m[39m{"timestamp":"2026-06-20T06:22:08.533Z","level":"INFO","source":"frontend","module":"webrtc/sframe-transform","message":"encrypted frame","context":{"kid":9,"ctr":3,"byteLength":62,"codecOffset":10}}

[90mstdout[2m | apps/validator-daemon/src/canary/__tests__/verify-loop.test.ts[2m > [22m[2mREQ-CFA-043 — per-receiver Map + persisted per-relay DropAccumulator across >=2 rounds[2m > [22m[2ma SINGLE-receiver drop is NOT correlated (k=2 SECONDARY signal not met) even above budget
[22m[39m{"timestamp":"2026-06-20T06:22:08.533Z","level":"INFO","source":"frontend","module":"webrtc/sframe-transform","message":"encrypted frame","context":{"kid":9,"ctr":4,"byteLength":62,"codecOffset":10}}

[90mstdout[2m | apps/validator-daemon/src/canary/__tests__/verify-loop.test.ts[2m > [22m[2mREQ-CFA-043 — per-receiver Map + persisted per-relay DropAccumulator across >=2 rounds[2m > [22m[2ma SINGLE-receiver drop is NOT correlated (k=2 SECONDARY signal not met) even above budget
[22m[39m{"timestamp":"2026-06-20T06:22:08.534Z","level":"INFO","source":"frontend","module":"webrtc/sframe-transform","message":"encrypted frame","context":{"kid":9,"ctr":5,"byteLength":62,"codecOffset":10}}

[90mstdout[2m | apps/validator-daemon/src/canary/__tests__/verify-loop.test.ts[2m > [22m[2mREQ-CFA-043 — per-receiver Map + persisted per-relay DropAccumulator across >=2 rounds[2m > [22m[2ma SINGLE-receiver drop is NOT correlated (k=2 SECONDARY signal not met) even above budget
[22m[39m{"timestamp":"2026-06-20T06:22:08.534Z","level":"INFO","source":"frontend","module":"webrtc/sframe-transform","message":"encrypted frame","context":{"kid":9,"ctr":6,"byteLength":62,"codecOffset":10}}

[90mstdout[2m | apps/validator-daemon/src/canary/__tests__/verify-loop.test.ts[2m > [22m[2mREQ-CFA-043 — per-receiver Map + persisted per-relay DropAccumulator across >=2 rounds[2m > [22m[2ma SINGLE-receiver drop is NOT correlated (k=2 SECONDARY signal not met) even above budget
[22m[39m{"timestamp":"2026-06-20T06:22:08.535Z","level":"INFO","source":"frontend","module":"webrtc/sframe-transform","message":"encrypted frame","context":{"kid":9,"ctr":7,"byteLength":62,"codecOffset":10}}

[90mstdout[2m | apps/validator-daemon/src/canary/__tests__/verify-loop.test.ts[2m > [22m[2mREQ-CFA-043 — per-receiver Map + persisted per-relay DropAccumulator across >=2 rounds[2m > [22m[2ma SINGLE-receiver drop is NOT correlated (k=2 SECONDARY signal not met) even above budget
[22m[39m{"timestamp":"2026-06-20T06:22:08.536Z","level":"INFO","source":"frontend","module":"webrtc/sframe-transform","message":"encrypted frame","context":{"kid":9,"ctr":0,"byteLength":62,"codecOffset":10}}

[90mstdout[2m | apps/validator-daemon/src/canary/__tests__/verify-loop.test.ts[2m > [22m[2mREQ-CFA-043 — per-receiver Map + persisted per-relay DropAccumulator across >=2 rounds[2m > [22m[2ma SINGLE-receiver drop is NOT correlated (k=2 SECONDARY signal not met) even above budget
[22m[39m{"timestamp":"2026-06-20T06:22:08.536Z","level":"INFO","source":"frontend","module":"webrtc/sframe-transform","message":"encrypted frame","context":{"kid":9,"ctr":1,"byteLength":62,"codecOffset":10}}

[90mstdout[2m | apps/validator-daemon/src/canary/__tests__/verify-loop.test.ts[2m > [22m[2mREQ-CFA-043 — per-receiver Map + persisted per-relay DropAccumulator across >=2 rounds[2m > [22m[2ma SINGLE-receiver drop is NOT correlated (k=2 SECONDARY signal not met) even above budget
[22m[39m{"timestamp":"2026-06-20T06:22:08.537Z","level":"INFO","source":"frontend","module":"webrtc/sframe-transform","message":"encrypted frame","context":{"kid":9,"ctr":2,"byteLength":62,"codecOffset":10}}

[90mstdout[2m | apps/validator-daemon/src/canary/__tests__/verify-loop.test.ts[2m > [22m[2mREQ-CFA-043 — per-receiver Map + persisted per-relay DropAccumulator across >=2 rounds[2m > [22m[2ma SINGLE-receiver drop is NOT correlated (k=2 SECONDARY signal not met) even above budget
[22m[39m{"timestamp":"2026-06-20T06:22:08.537Z","level":"INFO","source":"frontend","module":"webrtc/sframe-transform","message":"encrypted frame","context":{"kid":9,"ctr":3,"byteLength":62,"codecOffset":10}}

[90mstdout[2m | apps/validator-daemon/src/canary/__tests__/verify-loop.test.ts[2m > [22m[2mREQ-CFA-043 — per-receiver Map + persisted per-relay DropAccumulator across >=2 rounds[2m > [22m[2ma SINGLE-receiver drop is NOT correlated (k=2 SECONDARY signal not met) even above budget
[22m[39m{"timestamp":"2026-06-20T06:22:08.538Z","level":"INFO","source":"frontend","module":"webrtc/sframe-transform","message":"encrypted frame","context":{"kid":9,"ctr":4,"byteLength":62,"codecOffset":10}}

[90mstdout[2m | apps/validator-daemon/src/canary/__tests__/verify-loop.test.ts[2m > [22m[2mREQ-CFA-043 — per-receiver Map + persisted per-relay DropAccumulator across >=2 rounds[2m > [22m[2ma SINGLE-receiver drop is NOT correlated (k=2 SECONDARY signal not met) even above budget
[22m[39m{"timestamp":"2026-06-20T06:22:08.538Z","level":"INFO","source":"frontend","module":"webrtc/sframe-transform","message":"encrypted frame","context":{"kid":9,"ctr":5,"byteLength":62,"codecOffset":10}}

[90mstdout[2m | apps/validator-daemon/src/canary/__tests__/verify-loop.test.ts[2m > [22m[2mREQ-CFA-043 — per-receiver Map + persisted per-relay DropAccumulator across >=2 rounds[2m > [22m[2ma SINGLE-receiver drop is NOT correlated (k=2 SECONDARY signal not met) even above budget
[22m[39m{"timestamp":"2026-06-20T06:22:08.539Z","level":"INFO","source":"frontend","module":"webrtc/sframe-transform","message":"encrypted frame","context":{"kid":9,"ctr":6,"byteLength":62,"codecOffset":10}}

[90mstdout[2m | apps/validator-daemon/src/canary/__tests__/verify-loop.test.ts[2m > [22m[2mREQ-CFA-043 — per-receiver Map + persisted per-relay DropAccumulator across >=2 rounds[2m > [22m[2ma SINGLE-receiver drop is NOT correlated (k=2 SECONDARY signal not met) even above budget
[22m[39m{"timestamp":"2026-06-20T06:22:08.540Z","level":"INFO","source":"frontend","module":"webrtc/sframe-transform","message":"encrypted frame","context":{"kid":9,"ctr":7,"byteLength":62,"codecOffset":10}}

{"level":30,"time":1781936528540,"pid":3780,"hostname":"Quang","name":"canary/verifier","canaryKid":9,"mediaPackets":7,"byteIdentical":7,"divergences":1,"msg":"canary forwarding verified"}
[90mstdout[2m | apps/validator-daemon/src/canary/__tests__/verify-loop.test.ts[2m > [22m[2mREQ-CFA-043 — per-receiver Map + persisted per-relay DropAccumulator across >=2 rounds[2m > [22m[2ma SINGLE-receiver drop is NOT correlated (k=2 SECONDARY signal not met) even above budget
[22m[39m{"timestamp":"2026-06-20T06:22:08.540Z","level":"INFO","source":"frontend","module":"webrtc/sframe-transform","message":"encrypted frame","context":{"kid":9,"ctr":0,"byteLength":62,"codecOffset":10}}

[90mstdout[2m | apps/validator-daemon/src/canary/__tests__/verify-loop.test.ts[2m > [22m[2mREQ-CFA-043 — per-receiver Map + persisted per-relay DropAccumulator across >=2 rounds[2m > [22m[2ma SINGLE-receiver drop is NOT correlated (k=2 SECONDARY signal not met) even above budget
[22m[39m{"timestamp":"2026-06-20T06:22:08.541Z","level":"INFO","source":"frontend","module":"webrtc/sframe-transform","message":"encrypted frame","context":{"kid":9,"ctr":1,"byteLength":62,"codecOffset":10}}

[90mstdout[2m | apps/validator-daemon/src/canary/__tests__/verify-loop.test.ts[2m > [22m[2mREQ-CFA-043 — per-receiver Map + persisted per-relay DropAccumulator across >=2 rounds[2m > [22m[2ma SINGLE-receiver drop is NOT correlated (k=2 SECONDARY signal not met) even above budget
[22m[39m{"timestamp":"2026-06-20T06:22:08.541Z","level":"INFO","source":"frontend","module":"webrtc/sframe-transform","message":"encrypted frame","context":{"kid":9,"ctr":2,"byteLength":62,"codecOffset":10}}

[90mstdout[2m | apps/validator-daemon/src/canary/__tests__/verify-loop.test.ts[2m > [22m[2mREQ-CFA-043 — per-receiver Map + persisted per-relay DropAccumulator across >=2 rounds[2m > [22m[2ma SINGLE-receiver drop is NOT correlated (k=2 SECONDARY signal not met) even above budget
[22m[39m{"timestamp":"2026-06-20T06:22:08.542Z","level":"INFO","source":"frontend","module":"webrtc/sframe-transform","message":"encrypted frame","context":{"kid":9,"ctr":3,"byteLength":62,"codecOffset":10}}

[90mstdout[2m | apps/validator-daemon/src/canary/__tests__/verify-loop.test.ts[2m > [22m[2mREQ-CFA-043 — per-receiver Map + persisted per-relay DropAccumulator across >=2 rounds[2m > [22m[2ma SINGLE-receiver drop is NOT correlated (k=2 SECONDARY signal not met) even above budget
[22m[39m{"timestamp":"2026-06-20T06:22:08.542Z","level":"INFO","source":"frontend","module":"webrtc/sframe-transform","message":"encrypted frame","context":{"kid":9,"ctr":4,"byteLength":62,"codecOffset":10}}

[90mstdout[2m | apps/validator-daemon/src/canary/__tests__/verify-loop.test.ts[2m > [22m[2mREQ-CFA-043 — per-receiver Map + persisted per-relay DropAccumulator across >=2 rounds[2m > [22m[2ma SINGLE-receiver drop is NOT correlated (k=2 SECONDARY signal not met) even above budget
[22m[39m{"timestamp":"2026-06-20T06:22:08.543Z","level":"INFO","source":"frontend","module":"webrtc/sframe-transform","message":"encrypted frame","context":{"kid":9,"ctr":5,"byteLength":62,"codecOffset":10}}

[90mstdout[2m | apps/validator-daemon/src/canary/__tests__/verify-loop.test.ts[2m > [22m[2mREQ-CFA-043 — per-receiver Map + persisted per-relay DropAccumulator across >=2 rounds[2m > [22m[2ma SINGLE-receiver drop is NOT correlated (k=2 SECONDARY signal not met) even above budget
[22m[39m{"timestamp":"2026-06-20T06:22:08.543Z","level":"INFO","source":"frontend","module":"webrtc/sframe-transform","message":"encrypted frame","context":{"kid":9,"ctr":6,"byteLength":62,"codecOffset":10}}

[90mstdout[2m | apps/validator-daemon/src/canary/__tests__/verify-loop.test.ts[2m > [22m[2mREQ-CFA-043 — per-receiver Map + persisted per-relay DropAccumulator across >=2 rounds[2m > [22m[2ma SINGLE-receiver drop is NOT correlated (k=2 SECONDARY signal not met) even above budget
[22m[39m{"timestamp":"2026-06-20T06:22:08.544Z","level":"INFO","source":"frontend","module":"webrtc/sframe-transform","message":"encrypted frame","context":{"kid":9,"ctr":7,"byteLength":62,"codecOffset":10}}

{"level":30,"time":1781936528544,"pid":3780,"hostname":"Quang","name":"canary/verifier","canaryKid":9,"mediaPackets":8,"byteIdentical":8,"divergences":0,"msg":"canary forwarding verified"}
{"level":30,"time":1781936528544,"pid":3780,"hostname":"Quang","name":"canary/loss-classifier","relayMinerId":"relay-under-audit","promoted":0,"absorbed":1,"tampers":0,"cumulativeCrossed":false,"msg":"canary divergences classified (drop gate / tamper p=1)"}
{"level":30,"time":1781936528544,"pid":3780,"hostname":"Quang","name":"canary/verify-loop","round":3,"relayMinerId":"relay-under-audit","roomId":"verify-loop-room","perReceiver":2,"promoted":0,"absorbed":1,"stunLossBps":"0","msg":"canary verify round classified (hermetic half — synthetic capture, STUN read live)"}
[90mstdout[2m | apps/validator-daemon/src/canary/__tests__/verify-loop.test.ts[2m > [22m[2mREQ-CFA-043 — per-receiver Map + persisted per-relay DropAccumulator across >=2 rounds[2m > [22m[2ma SINGLE-receiver drop is NOT correlated (k=2 SECONDARY signal not met) even above budget
[22m[39m{"timestamp":"2026-06-20T06:22:08.545Z","level":"INFO","source":"frontend","module":"webrtc/sframe-transform","message":"encrypted frame","context":{"kid":9,"ctr":0,"byteLength":62,"codecOffset":10}}

[90mstdout[2m | apps/validator-daemon/src/canary/__tests__/verify-loop.test.ts[2m > [22m[2mREQ-CFA-043 — per-receiver Map + persisted per-relay DropAccumulator across >=2 rounds[2m > [22m[2ma SINGLE-receiver drop is NOT correlated (k=2 SECONDARY signal not met) even above budget
[22m[39m{"timestamp":"2026-06-20T06:22:08.545Z","level":"INFO","source":"frontend","module":"webrtc/sframe-transform","message":"encrypted frame","context":{"kid":9,"ctr":1,"byteLength":62,"codecOffset":10}}

[90mstdout[2m | apps/validator-daemon/src/canary/__tests__/verify-loop.test.ts[2m > [22m[2mREQ-CFA-043 — per-receiver Map + persisted per-relay DropAccumulator across >=2 rounds[2m > [22m[2ma SINGLE-receiver drop is NOT correlated (k=2 SECONDARY signal not met) even above budget
[22m[39m{"timestamp":"2026-06-20T06:22:08.545Z","level":"INFO","source":"frontend","module":"webrtc/sframe-transform","message":"encrypted frame","context":{"kid":9,"ctr":2,"byteLength":62,"codecOffset":10}}

[90mstdout[2m | apps/validator-daemon/src/canary/__tests__/verify-loop.test.ts[2m > [22m[2mREQ-CFA-043 — per-receiver Map + persisted per-relay DropAccumulator across >=2 rounds[2m > [22m[2ma SINGLE-receiver drop is NOT correlated (k=2 SECONDARY signal not met) even above budget
[22m[39m{"timestamp":"2026-06-20T06:22:08.546Z","level":"INFO","source":"frontend","module":"webrtc/sframe-transform","message":"encrypted frame","context":{"kid":9,"ctr":3,"byteLength":62,"codecOffset":10}}

[90mstdout[2m | apps/validator-daemon/src/canary/__tests__/verify-loop.test.ts[2m > [22m[2mREQ-CFA-043 — per-receiver Map + persisted per-relay DropAccumulator across >=2 rounds[2m > [22m[2ma SINGLE-receiver drop is NOT correlated (k=2 SECONDARY signal not met) even above budget
[22m[39m{"timestamp":"2026-06-20T06:22:08.546Z","level":"INFO","source":"frontend","module":"webrtc/sframe-transform","message":"encrypted frame","context":{"kid":9,"ctr":4,"byteLength":62,"codecOffset":10}}

[90mstdout[2m | apps/validator-daemon/src/canary/__tests__/verify-loop.test.ts[2m > [22m[2mREQ-CFA-043 — per-receiver Map + persisted per-relay DropAccumulator across >=2 rounds[2m > [22m[2ma SINGLE-receiver drop is NOT correlated (k=2 SECONDARY signal not met) even above budget
[22m[39m{"timestamp":"2026-06-20T06:22:08.547Z","level":"INFO","source":"frontend","module":"webrtc/sframe-transform","message":"encrypted frame","context":{"kid":9,"ctr":6,"byteLength":62,"codecOffset":10}}

[90mstdout[2m | apps/validator-daemon/src/canary/__tests__/verify-loop.test.ts[2m > [22m[2mREQ-CFA-043 — per-receiver Map + persisted per-relay DropAccumulator across >=2 rounds[2m > [22m[2ma SINGLE-receiver drop is NOT correlated (k=2 SECONDARY signal not met) even above budget
[22m[39m{"timestamp":"2026-06-20T06:22:08.547Z","level":"INFO","source":"frontend","module":"webrtc/sframe-transform","message":"encrypted frame","context":{"kid":9,"ctr":7,"byteLength":62,"codecOffset":10}}

[90mstdout[2m | apps/validator-daemon/src/canary/__tests__/verify-loop.test.ts[2m > [22m[2mREQ-CFA-043 — per-receiver Map + persisted per-relay DropAccumulator across >=2 rounds[2m > [22m[2ma SINGLE-receiver drop is NOT correlated (k=2 SECONDARY signal not met) even above budget
[22m[39m{"timestamp":"2026-06-20T06:22:08.548Z","level":"INFO","source":"frontend","module":"webrtc/sframe-transform","message":"encrypted frame","context":{"kid":9,"ctr":0,"byteLength":62,"codecOffset":10}}

[90mstdout[2m | apps/validator-daemon/src/canary/__tests__/verify-loop.test.ts[2m > [22m[2mREQ-CFA-043 — per-receiver Map + persisted per-relay DropAccumulator across >=2 rounds[2m > [22m[2ma SINGLE-receiver drop is NOT correlated (k=2 SECONDARY signal not met) even above budget
[22m[39m{"timestamp":"2026-06-20T06:22:08.548Z","level":"INFO","source":"frontend","module":"webrtc/sframe-transform","message":"encrypted frame","context":{"kid":9,"ctr":1,"byteLength":62,"codecOffset":10}}

[90mstdout[2m | apps/validator-daemon/src/canary/__tests__/verify-loop.test.ts[2m > [22m[2mREQ-CFA-043 — per-receiver Map + persisted per-relay DropAccumulator across >=2 rounds[2m > [22m[2ma SINGLE-receiver drop is NOT correlated (k=2 SECONDARY signal not met) even above budget
[22m[39m{"timestamp":"2026-06-20T06:22:08.549Z","level":"INFO","source":"frontend","module":"webrtc/sframe-transform","message":"encrypted frame","context":{"kid":9,"ctr":2,"byteLength":62,"codecOffset":10}}

[90mstdout[2m | apps/validator-daemon/src/canary/__tests__/verify-loop.test.ts[2m > [22m[2mREQ-CFA-043 — per-receiver Map + persisted per-relay DropAccumulator across >=2 rounds[2m > [22m[2ma SINGLE-receiver drop is NOT correlated (k=2 SECONDARY signal not met) even above budget
[22m[39m{"timestamp":"2026-06-20T06:22:08.549Z","level":"INFO","source":"frontend","module":"webrtc/sframe-transform","message":"encrypted frame","context":{"kid":9,"ctr":3,"byteLength":62,"codecOffset":10}}

[90mstdout[2m | apps/validator-daemon/src/canary/__tests__/verify-loop.test.ts[2m > [22m[2mREQ-CFA-043 — per-receiver Map + persisted per-relay DropAccumulator across >=2 rounds[2m > [22m[2ma SINGLE-receiver drop is NOT correlated (k=2 SECONDARY signal not met) even above budget
[22m[39m{"timestamp":"2026-06-20T06:22:08.549Z","level":"INFO","source":"frontend","module":"webrtc/sframe-transform","message":"encrypted frame","context":{"kid":9,"ctr":4,"byteLength":62,"codecOffset":10}}

[90mstdout[2m | apps/validator-daemon/src/canary/__tests__/verify-loop.test.ts[2m > [22m[2mREQ-CFA-043 — per-receiver Map + persisted per-relay DropAccumulator across >=2 rounds[2m > [22m[2ma SINGLE-receiver drop is NOT correlated (k=2 SECONDARY signal not met) even above budget
[22m[39m{"timestamp":"2026-06-20T06:22:08.550Z","level":"INFO","source":"frontend","module":"webrtc/sframe-transform","message":"encrypted frame","context":{"kid":9,"ctr":5,"byteLength":62,"codecOffset":10}}

[90mstdout[2m | apps/validator-daemon/src/canary/__tests__/verify-loop.test.ts[2m > [22m[2mREQ-CFA-043 — per-receiver Map + persisted per-relay DropAccumulator across >=2 rounds[2m > [22m[2ma SINGLE-receiver drop is NOT correlated (k=2 SECONDARY signal not met) even above budget
[22m[39m{"timestamp":"2026-06-20T06:22:08.550Z","level":"INFO","source":"frontend","module":"webrtc/sframe-transform","message":"encrypted frame","context":{"kid":9,"ctr":6,"byteLength":62,"codecOffset":10}}

[90mstdout[2m | apps/validator-daemon/src/canary/__tests__/verify-loop.test.ts[2m > [22m[2mREQ-CFA-043 — per-receiver Map + persisted per-relay DropAccumulator across >=2 rounds[2m > [22m[2ma SINGLE-receiver drop is NOT correlated (k=2 SECONDARY signal not met) even above budget
[22m[39m{"timestamp":"2026-06-20T06:22:08.551Z","level":"INFO","source":"frontend","module":"webrtc/sframe-transform","message":"encrypted frame","context":{"kid":9,"ctr":7,"byteLength":62,"codecOffset":10}}

[90mstdout[2m | apps/validator-daemon/src/canary/__tests__/verify-loop.test.ts[2m > [22m[2mREQ-CFA-043 — per-receiver Map + persisted per-relay DropAccumulator across >=2 rounds[2m > [22m[2ma SINGLE-receiver drop is NOT correlated (k=2 SECONDARY signal not met) even above budget
[22m[39m{"timestamp":"2026-06-20T06:22:08.551Z","level":"INFO","source":"frontend","module":"webrtc/sframe-transform","message":"encrypted frame","context":{"kid":9,"ctr":0,"byteLength":62,"codecOffset":10}}

[90mstdout[2m | apps/validator-daemon/src/canary/__tests__/verify-loop.test.ts[2m > [22m[2mREQ-CFA-043 — per-receiver Map + persisted per-relay DropAccumulator across >=2 rounds[2m > [22m[2ma SINGLE-receiver drop is NOT correlated (k=2 SECONDARY signal not met) even above budget
[22m[39m{"timestamp":"2026-06-20T06:22:08.552Z","level":"INFO","source":"frontend","module":"webrtc/sframe-transform","message":"encrypted frame","context":{"kid":9,"ctr":1,"byteLength":62,"codecOffset":10}}

[90mstdout[2m | apps/validator-daemon/src/canary/__tests__/verify-loop.test.ts[2m > [22m[2mREQ-CFA-043 — per-receiver Map + persisted per-relay DropAccumulator across >=2 rounds[2m > [22m[2ma SINGLE-receiver drop is NOT correlated (k=2 SECONDARY signal not met) even above budget
[22m[39m{"timestamp":"2026-06-20T06:22:08.552Z","level":"INFO","source":"frontend","module":"webrtc/sframe-transform","message":"encrypted frame","context":{"kid":9,"ctr":2,"byteLength":62,"codecOffset":10}}

[90mstdout[2m | apps/validator-daemon/src/canary/__tests__/verify-loop.test.ts[2m > [22m[2mREQ-CFA-043 — per-receiver Map + persisted per-relay DropAccumulator across >=2 rounds[2m > [22m[2ma SINGLE-receiver drop is NOT correlated (k=2 SECONDARY signal not met) even above budget
[22m[39m{"timestamp":"2026-06-20T06:22:08.553Z","level":"INFO","source":"frontend","module":"webrtc/sframe-transform","message":"encrypted frame","context":{"kid":9,"ctr":3,"byteLength":62,"codecOffset":10}}

[90mstdout[2m | apps/validator-daemon/src/canary/__tests__/verify-loop.test.ts[2m > [22m[2mREQ-CFA-043 — per-receiver Map + persisted per-relay DropAccumulator across >=2 rounds[2m > [22m[2ma SINGLE-receiver drop is NOT correlated (k=2 SECONDARY signal not met) even above budget
[22m[39m{"timestamp":"2026-06-20T06:22:08.554Z","level":"INFO","source":"frontend","module":"webrtc/sframe-transform","message":"encrypted frame","context":{"kid":9,"ctr":4,"byteLength":62,"codecOffset":10}}

[90mstdout[2m | apps/validator-daemon/src/canary/__tests__/verify-loop.test.ts[2m > [22m[2mREQ-CFA-043 — per-receiver Map + persisted per-relay DropAccumulator across >=2 rounds[2m > [22m[2ma SINGLE-receiver drop is NOT correlated (k=2 SECONDARY signal not met) even above budget
[22m[39m{"timestamp":"2026-06-20T06:22:08.554Z","level":"INFO","source":"frontend","module":"webrtc/sframe-transform","message":"encrypted frame","context":{"kid":9,"ctr":5,"byteLength":62,"codecOffset":10}}

[90mstdout[2m | apps/validator-daemon/src/canary/__tests__/verify-loop.test.ts[2m > [22m[2mREQ-CFA-043 — per-receiver Map + persisted per-relay DropAccumulator across >=2 rounds[2m > [22m[2ma SINGLE-receiver drop is NOT correlated (k=2 SECONDARY signal not met) even above budget
[22m[39m{"timestamp":"2026-06-20T06:22:08.554Z","level":"INFO","source":"frontend","module":"webrtc/sframe-transform","message":"encrypted frame","context":{"kid":9,"ctr":6,"byteLength":62,"codecOffset":10}}

[90mstdout[2m | apps/validator-daemon/src/canary/__tests__/verify-loop.test.ts[2m > [22m[2mREQ-CFA-043 — per-receiver Map + persisted per-relay DropAccumulator across >=2 rounds[2m > [22m[2ma SINGLE-receiver drop is NOT correlated (k=2 SECONDARY signal not met) even above budget
[22m[39m{"timestamp":"2026-06-20T06:22:08.555Z","level":"INFO","source":"frontend","module":"webrtc/sframe-transform","message":"encrypted frame","context":{"kid":9,"ctr":7,"byteLength":62,"codecOffset":10}}

[90mstdout[2m | apps/validator-daemon/src/canary/__tests__/verify-loop.test.ts[2m > [22m[2mREQ-CFA-043 — per-receiver Map + persisted per-relay DropAccumulator across >=2 rounds[2m > [22m[2ma SINGLE-receiver drop is NOT correlated (k=2 SECONDARY signal not met) even above budget
[22m[39m{"timestamp":"2026-06-20T06:22:08.556Z","level":"INFO","source":"frontend","module":"webrtc/sframe-transform","message":"encrypted frame","context":{"kid":9,"ctr":0,"byteLength":62,"codecOffset":10}}

{"level":30,"time":1781936528555,"pid":3780,"hostname":"Quang","name":"canary/verifier","canaryKid":9,"mediaPackets":7,"byteIdentical":7,"divergences":1,"msg":"canary forwarding verified"}
[90mstdout[2m | apps/validator-daemon/src/canary/__tests__/verify-loop.test.ts[2m > [22m[2mREQ-CFA-043 — per-receiver Map + persisted per-relay DropAccumulator across >=2 rounds[2m > [22m[2ma SINGLE-receiver drop is NOT correlated (k=2 SECONDARY signal not met) even above budget
[22m[39m{"timestamp":"2026-06-20T06:22:08.556Z","level":"INFO","source":"frontend","module":"webrtc/sframe-transform","message":"encrypted frame","context":{"kid":9,"ctr":1,"byteLength":62,"codecOffset":10}}

[90mstdout[2m | apps/validator-daemon/src/canary/__tests__/verify-loop.test.ts[2m > [22m[2mREQ-CFA-043 — per-receiver Map + persisted per-relay DropAccumulator across >=2 rounds[2m > [22m[2ma SINGLE-receiver drop is NOT correlated (k=2 SECONDARY signal not met) even above budget
[22m[39m{"timestamp":"2026-06-20T06:22:08.557Z","level":"INFO","source":"frontend","module":"webrtc/sframe-transform","message":"encrypted frame","context":{"kid":9,"ctr":2,"byteLength":62,"codecOffset":10}}

[90mstdout[2m | apps/validator-daemon/src/canary/__tests__/verify-loop.test.ts[2m > [22m[2mREQ-CFA-043 — per-receiver Map + persisted per-relay DropAccumulator across >=2 rounds[2m > [22m[2ma SINGLE-receiver drop is NOT correlated (k=2 SECONDARY signal not met) even above budget
[22m[39m{"timestamp":"2026-06-20T06:22:08.557Z","level":"INFO","source":"frontend","module":"webrtc/sframe-transform","message":"encrypted frame","context":{"kid":9,"ctr":3,"byteLength":62,"codecOffset":10}}

[90mstdout[2m | apps/validator-daemon/src/canary/__tests__/verify-loop.test.ts[2m > [22m[2mREQ-CFA-043 — per-receiver Map + persisted per-relay DropAccumulator across >=2 rounds[2m > [22m[2ma SINGLE-receiver drop is NOT correlated (k=2 SECONDARY signal not met) even above budget
[22m[39m{"timestamp":"2026-06-20T06:22:08.558Z","level":"INFO","source":"frontend","module":"webrtc/sframe-transform","message":"encrypted frame","context":{"kid":9,"ctr":4,"byteLength":62,"codecOffset":10}}

[90mstdout[2m | apps/validator-daemon/src/canary/__tests__/verify-loop.test.ts[2m > [22m[2mREQ-CFA-043 — per-receiver Map + persisted per-relay DropAccumulator across >=2 rounds[2m > [22m[2ma SINGLE-receiver drop is NOT correlated (k=2 SECONDARY signal not met) even above budget
[22m[39m{"timestamp":"2026-06-20T06:22:08.559Z","level":"INFO","source":"frontend","module":"webrtc/sframe-transform","message":"encrypted frame","context":{"kid":9,"ctr":5,"byteLength":62,"codecOffset":10}}

[90mstdout[2m | apps/validator-daemon/src/canary/__tests__/verify-loop.test.ts[2m > [22m[2mREQ-CFA-043 — per-receiver Map + persisted per-relay DropAccumulator across >=2 rounds[2m > [22m[2ma SINGLE-receiver drop is NOT correlated (k=2 SECONDARY signal not met) even above budget
[22m[39m{"timestamp":"2026-06-20T06:22:08.559Z","level":"INFO","source":"frontend","module":"webrtc/sframe-transform","message":"encrypted frame","context":{"kid":9,"ctr":6,"byteLength":62,"codecOffset":10}}

[90mstdout[2m | apps/validator-daemon/src/canary/__tests__/verify-loop.test.ts[2m > [22m[2mREQ-CFA-043 — per-receiver Map + persisted per-relay DropAccumulator across >=2 rounds[2m > [22m[2ma SINGLE-receiver drop is NOT correlated (k=2 SECONDARY signal not met) even above budget
[22m[39m{"timestamp":"2026-06-20T06:22:08.560Z","level":"INFO","source":"frontend","module":"webrtc/sframe-transform","message":"encrypted frame","context":{"kid":9,"ctr":7,"byteLength":62,"codecOffset":10}}

{"level":30,"time":1781936528560,"pid":3780,"hostname":"Quang","name":"canary/verifier","canaryKid":9,"mediaPackets":8,"byteIdentical":8,"divergences":0,"msg":"canary forwarding verified"}
{"level":30,"time":1781936528560,"pid":3780,"hostname":"Quang","name":"canary/loss-classifier","relayMinerId":"relay-under-audit","promoted":0,"absorbed":1,"tampers":0,"cumulativeCrossed":true,"msg":"canary divergences classified (drop gate / tamper p=1)"}
{"level":30,"time":1781936528560,"pid":3780,"hostname":"Quang","name":"canary/verify-loop","round":4,"relayMinerId":"relay-under-audit","roomId":"verify-loop-room","perReceiver":2,"promoted":0,"absorbed":1,"stunLossBps":"0","msg":"canary verify round classified (hermetic half — synthetic capture, STUN read live)"}
[90mstdout[2m | apps/validator-daemon/src/canary/__tests__/verify-loop.test.ts[2m > [22m[2mREQ-CFA-043 — per-receiver Map + persisted per-relay DropAccumulator across >=2 rounds[2m > [22m[2ma SINGLE-receiver drop is NOT correlated (k=2 SECONDARY signal not met) even above budget
[22m[39m{"timestamp":"2026-06-20T06:22:08.561Z","level":"INFO","source":"frontend","module":"webrtc/sframe-transform","message":"encrypted frame","context":{"kid":9,"ctr":0,"byteLength":62,"codecOffset":10}}

[90mstdout[2m | apps/validator-daemon/src/canary/__tests__/verify-loop.test.ts[2m > [22m[2mREQ-CFA-043 — per-receiver Map + persisted per-relay DropAccumulator across >=2 rounds[2m > [22m[2ma SINGLE-receiver drop is NOT correlated (k=2 SECONDARY signal not met) even above budget
[22m[39m{"timestamp":"2026-06-20T06:22:08.561Z","level":"INFO","source":"frontend","module":"webrtc/sframe-transform","message":"encrypted frame","context":{"kid":9,"ctr":1,"byteLength":62,"codecOffset":10}}

[90mstdout[2m | apps/validator-daemon/src/canary/__tests__/verify-loop.test.ts[2m > [22m[2mREQ-CFA-043 — per-receiver Map + persisted per-relay DropAccumulator across >=2 rounds[2m > [22m[2ma SINGLE-receiver drop is NOT correlated (k=2 SECONDARY signal not met) even above budget
[22m[39m{"timestamp":"2026-06-20T06:22:08.561Z","level":"INFO","source":"frontend","module":"webrtc/sframe-transform","message":"encrypted frame","context":{"kid":9,"ctr":2,"byteLength":62,"codecOffset":10}}

[90mstdout[2m | apps/validator-daemon/src/canary/__tests__/verify-loop.test.ts[2m > [22m[2mREQ-CFA-043 — per-receiver Map + persisted per-relay DropAccumulator across >=2 rounds[2m > [22m[2ma SINGLE-receiver drop is NOT correlated (k=2 SECONDARY signal not met) even above budget
[22m[39m{"timestamp":"2026-06-20T06:22:08.562Z","level":"INFO","source":"frontend","module":"webrtc/sframe-transform","message":"encrypted frame","context":{"kid":9,"ctr":3,"byteLength":62,"codecOffset":10}}

[90mstdout[2m | apps/validator-daemon/src/canary/__tests__/verify-loop.test.ts[2m > [22m[2mREQ-CFA-043 — per-receiver Map + persisted per-relay DropAccumulator across >=2 rounds[2m > [22m[2ma SINGLE-receiver drop is NOT correlated (k=2 SECONDARY signal not met) even above budget
[22m[39m{"timestamp":"2026-06-20T06:22:08.562Z","level":"INFO","source":"frontend","module":"webrtc/sframe-transform","message":"encrypted frame","context":{"kid":9,"ctr":4,"byteLength":62,"codecOffset":10}}

[90mstdout[2m | apps/validator-daemon/src/canary/__tests__/verify-loop.test.ts[2m > [22m[2mREQ-CFA-043 — per-receiver Map + persisted per-relay DropAccumulator across >=2 rounds[2m > [22m[2ma SINGLE-receiver drop is NOT correlated (k=2 SECONDARY signal not met) even above budget
[22m[39m{"timestamp":"2026-06-20T06:22:08.563Z","level":"INFO","source":"frontend","module":"webrtc/sframe-transform","message":"encrypted frame","context":{"kid":9,"ctr":6,"byteLength":62,"codecOffset":10}}

[90mstdout[2m | apps/validator-daemon/src/canary/__tests__/verify-loop.test.ts[2m > [22m[2mREQ-CFA-043 — per-receiver Map + persisted per-relay DropAccumulator across >=2 rounds[2m > [22m[2ma SINGLE-receiver drop is NOT correlated (k=2 SECONDARY signal not met) even above budget
[22m[39m{"timestamp":"2026-06-20T06:22:08.563Z","level":"INFO","source":"frontend","module":"webrtc/sframe-transform","message":"encrypted frame","context":{"kid":9,"ctr":7,"byteLength":62,"codecOffset":10}}

[90mstdout[2m | apps/validator-daemon/src/canary/__tests__/verify-loop.test.ts[2m > [22m[2mREQ-CFA-043 — per-receiver Map + persisted per-relay DropAccumulator across >=2 rounds[2m > [22m[2ma SINGLE-receiver drop is NOT correlated (k=2 SECONDARY signal not met) even above budget
[22m[39m{"timestamp":"2026-06-20T06:22:08.563Z","level":"INFO","source":"frontend","module":"webrtc/sframe-transform","message":"encrypted frame","context":{"kid":9,"ctr":0,"byteLength":62,"codecOffset":10}}

[90mstdout[2m | apps/validator-daemon/src/canary/__tests__/verify-loop.test.ts[2m > [22m[2mREQ-CFA-043 — per-receiver Map + persisted per-relay DropAccumulator across >=2 rounds[2m > [22m[2ma SINGLE-receiver drop is NOT correlated (k=2 SECONDARY signal not met) even above budget
[22m[39m{"timestamp":"2026-06-20T06:22:08.564Z","level":"INFO","source":"frontend","module":"webrtc/sframe-transform","message":"encrypted frame","context":{"kid":9,"ctr":1,"byteLength":62,"codecOffset":10}}

[90mstdout[2m | apps/validator-daemon/src/canary/__tests__/verify-loop.test.ts[2m > [22m[2mREQ-CFA-043 — per-receiver Map + persisted per-relay DropAccumulator across >=2 rounds[2m > [22m[2ma SINGLE-receiver drop is NOT correlated (k=2 SECONDARY signal not met) even above budget
[22m[39m{"timestamp":"2026-06-20T06:22:08.564Z","level":"INFO","source":"frontend","module":"webrtc/sframe-transform","message":"encrypted frame","context":{"kid":9,"ctr":2,"byteLength":62,"codecOffset":10}}

[90mstdout[2m | apps/validator-daemon/src/canary/__tests__/verify-loop.test.ts[2m > [22m[2mREQ-CFA-043 — per-receiver Map + persisted per-relay DropAccumulator across >=2 rounds[2m > [22m[2ma SINGLE-receiver drop is NOT correlated (k=2 SECONDARY signal not met) even above budget
[22m[39m{"timestamp":"2026-06-20T06:22:08.564Z","level":"INFO","source":"frontend","module":"webrtc/sframe-transform","message":"encrypted frame","context":{"kid":9,"ctr":3,"byteLength":62,"codecOffset":10}}

[90mstdout[2m | apps/validator-daemon/src/canary/__tests__/verify-loop.test.ts[2m > [22m[2mREQ-CFA-043 — per-receiver Map + persisted per-relay DropAccumulator across >=2 rounds[2m > [22m[2ma SINGLE-receiver drop is NOT correlated (k=2 SECONDARY signal not met) even above budget
[22m[39m{"timestamp":"2026-06-20T06:22:08.564Z","level":"INFO","source":"frontend","module":"webrtc/sframe-transform","message":"encrypted frame","context":{"kid":9,"ctr":4,"byteLength":62,"codecOffset":10}}

[90mstdout[2m | apps/validator-daemon/src/canary/__tests__/verify-loop.test.ts[2m > [22m[2mREQ-CFA-043 — per-receiver Map + persisted per-relay DropAccumulator across >=2 rounds[2m > [22m[2ma SINGLE-receiver drop is NOT correlated (k=2 SECONDARY signal not met) even above budget
[22m[39m{"timestamp":"2026-06-20T06:22:08.565Z","level":"INFO","source":"frontend","module":"webrtc/sframe-transform","message":"encrypted frame","context":{"kid":9,"ctr":5,"byteLength":62,"codecOffset":10}}

[90mstdout[2m | apps/validator-daemon/src/canary/__tests__/verify-loop.test.ts[2m > [22m[2mREQ-CFA-043 — per-receiver Map + persisted per-relay DropAccumulator across >=2 rounds[2m > [22m[2ma SINGLE-receiver drop is NOT correlated (k=2 SECONDARY signal not met) even above budget
[22m[39m{"timestamp":"2026-06-20T06:22:08.565Z","level":"INFO","source":"frontend","module":"webrtc/sframe-transform","message":"encrypted frame","context":{"kid":9,"ctr":6,"byteLength":62,"codecOffset":10}}

[90mstdout[2m | apps/validator-daemon/src/canary/__tests__/verify-loop.test.ts[2m > [22m[2mREQ-CFA-043 — per-receiver Map + persisted per-relay DropAccumulator across >=2 rounds[2m > [22m[2ma SINGLE-receiver drop is NOT correlated (k=2 SECONDARY signal not met) even above budget
[22m[39m{"timestamp":"2026-06-20T06:22:08.565Z","level":"INFO","source":"frontend","module":"webrtc/sframe-transform","message":"encrypted frame","context":{"kid":9,"ctr":7,"byteLength":62,"codecOffset":10}}

[90mstdout[2m | apps/validator-daemon/src/canary/__tests__/verify-loop.test.ts[2m > [22m[2mREQ-CFA-043 — per-receiver Map + persisted per-relay DropAccumulator across >=2 rounds[2m > [22m[2ma SINGLE-receiver drop is NOT correlated (k=2 SECONDARY signal not met) even above budget
[22m[39m{"timestamp":"2026-06-20T06:22:08.566Z","level":"INFO","source":"frontend","module":"webrtc/sframe-transform","message":"encrypted frame","context":{"kid":9,"ctr":0,"byteLength":62,"codecOffset":10}}

[90mstdout[2m | apps/validator-daemon/src/canary/__tests__/verify-loop.test.ts[2m > [22m[2mREQ-CFA-043 — per-receiver Map + persisted per-relay DropAccumulator across >=2 rounds[2m > [22m[2ma SINGLE-receiver drop is NOT correlated (k=2 SECONDARY signal not met) even above budget
[22m[39m{"timestamp":"2026-06-20T06:22:08.566Z","level":"INFO","source":"frontend","module":"webrtc/sframe-transform","message":"encrypted frame","context":{"kid":9,"ctr":1,"byteLength":62,"codecOffset":10}}

[90mstdout[2m | apps/validator-daemon/src/canary/__tests__/verify-loop.test.ts[2m > [22m[2mREQ-CFA-043 — per-receiver Map + persisted per-relay DropAccumulator across >=2 rounds[2m > [22m[2ma SINGLE-receiver drop is NOT correlated (k=2 SECONDARY signal not met) even above budget
[22m[39m{"timestamp":"2026-06-20T06:22:08.567Z","level":"INFO","source":"frontend","module":"webrtc/sframe-transform","message":"encrypted frame","context":{"kid":9,"ctr":2,"byteLength":62,"codecOffset":10}}

[90mstdout[2m | apps/validator-daemon/src/canary/__tests__/verify-loop.test.ts[2m > [22m[2mREQ-CFA-043 — per-receiver Map + persisted per-relay DropAccumulator across >=2 rounds[2m > [22m[2ma SINGLE-receiver drop is NOT correlated (k=2 SECONDARY signal not met) even above budget
[22m[39m{"timestamp":"2026-06-20T06:22:08.568Z","level":"INFO","source":"frontend","module":"webrtc/sframe-transform","message":"encrypted frame","context":{"kid":9,"ctr":3,"byteLength":62,"codecOffset":10}}

[90mstdout[2m | apps/validator-daemon/src/canary/__tests__/verify-loop.test.ts[2m > [22m[2mREQ-CFA-043 — per-receiver Map + persisted per-relay DropAccumulator across >=2 rounds[2m > [22m[2ma SINGLE-receiver drop is NOT correlated (k=2 SECONDARY signal not met) even above budget
[22m[39m{"timestamp":"2026-06-20T06:22:08.568Z","level":"INFO","source":"frontend","module":"webrtc/sframe-transform","message":"encrypted frame","context":{"kid":9,"ctr":4,"byteLength":62,"codecOffset":10}}

[90mstdout[2m | apps/validator-daemon/src/canary/__tests__/verify-loop.test.ts[2m > [22m[2mREQ-CFA-043 — per-receiver Map + persisted per-relay DropAccumulator across >=2 rounds[2m > [22m[2ma SINGLE-receiver drop is NOT correlated (k=2 SECONDARY signal not met) even above budget
[22m[39m{"timestamp":"2026-06-20T06:22:08.569Z","level":"INFO","source":"frontend","module":"webrtc/sframe-transform","message":"encrypted frame","context":{"kid":9,"ctr":5,"byteLength":62,"codecOffset":10}}

[90mstdout[2m | apps/validator-daemon/src/canary/__tests__/verify-loop.test.ts[2m > [22m[2mREQ-CFA-043 — per-receiver Map + persisted per-relay DropAccumulator across >=2 rounds[2m > [22m[2ma SINGLE-receiver drop is NOT correlated (k=2 SECONDARY signal not met) even above budget
[22m[39m{"timestamp":"2026-06-20T06:22:08.569Z","level":"INFO","source":"frontend","module":"webrtc/sframe-transform","message":"encrypted frame","context":{"kid":9,"ctr":6,"byteLength":62,"codecOffset":10}}

[90mstdout[2m | apps/validator-daemon/src/canary/__tests__/verify-loop.test.ts[2m > [22m[2mREQ-CFA-043 — per-receiver Map + persisted per-relay DropAccumulator across >=2 rounds[2m > [22m[2ma SINGLE-receiver drop is NOT correlated (k=2 SECONDARY signal not met) even above budget
[22m[39m{"timestamp":"2026-06-20T06:22:08.570Z","level":"INFO","source":"frontend","module":"webrtc/sframe-transform","message":"encrypted frame","context":{"kid":9,"ctr":7,"byteLength":62,"codecOffset":10}}

{"level":30,"time":1781936528570,"pid":3780,"hostname":"Quang","name":"canary/verifier","canaryKid":9,"mediaPackets":7,"byteIdentical":7,"divergences":1,"msg":"canary forwarding verified"}
[90mstdout[2m | apps/validator-daemon/src/canary/__tests__/verify-loop.test.ts[2m > [22m[2mREQ-CFA-043 — per-receiver Map + persisted per-relay DropAccumulator across >=2 rounds[2m > [22m[2ma SINGLE-receiver drop is NOT correlated (k=2 SECONDARY signal not met) even above budget
[22m[39m{"timestamp":"2026-06-20T06:22:08.570Z","level":"INFO","source":"frontend","module":"webrtc/sframe-transform","message":"encrypted frame","context":{"kid":9,"ctr":0,"byteLength":62,"codecOffset":10}}

[90mstdout[2m | apps/validator-daemon/src/canary/__tests__/verify-loop.test.ts[2m > [22m[2mREQ-CFA-043 — per-receiver Map + persisted per-relay DropAccumulator across >=2 rounds[2m > [22m[2ma SINGLE-receiver drop is NOT correlated (k=2 SECONDARY signal not met) even above budget
[22m[39m{"timestamp":"2026-06-20T06:22:08.571Z","level":"INFO","source":"frontend","module":"webrtc/sframe-transform","message":"encrypted frame","context":{"kid":9,"ctr":1,"byteLength":62,"codecOffset":10}}

[90mstdout[2m | apps/validator-daemon/src/canary/__tests__/verify-loop.test.ts[2m > [22m[2mREQ-CFA-043 — per-receiver Map + persisted per-relay DropAccumulator across >=2 rounds[2m > [22m[2ma SINGLE-receiver drop is NOT correlated (k=2 SECONDARY signal not met) even above budget
[22m[39m{"timestamp":"2026-06-20T06:22:08.571Z","level":"INFO","source":"frontend","module":"webrtc/sframe-transform","message":"encrypted frame","context":{"kid":9,"ctr":2,"byteLength":62,"codecOffset":10}}

[90mstdout[2m | apps/validator-daemon/src/canary/__tests__/verify-loop.test.ts[2m > [22m[2mREQ-CFA-043 — per-receiver Map + persisted per-relay DropAccumulator across >=2 rounds[2m > [22m[2ma SINGLE-receiver drop is NOT correlated (k=2 SECONDARY signal not met) even above budget
[22m[39m{"timestamp":"2026-06-20T06:22:08.572Z","level":"INFO","source":"frontend","module":"webrtc/sframe-transform","message":"encrypted frame","context":{"kid":9,"ctr":3,"byteLength":62,"codecOffset":10}}

[90mstdout[2m | apps/validator-daemon/src/canary/__tests__/verify-loop.test.ts[2m > [22m[2mREQ-CFA-043 — per-receiver Map + persisted per-relay DropAccumulator across >=2 rounds[2m > [22m[2ma SINGLE-receiver drop is NOT correlated (k=2 SECONDARY signal not met) even above budget
[22m[39m{"timestamp":"2026-06-20T06:22:08.572Z","level":"INFO","source":"frontend","module":"webrtc/sframe-transform","message":"encrypted frame","context":{"kid":9,"ctr":4,"byteLength":62,"codecOffset":10}}

[90mstdout[2m | apps/validator-daemon/src/canary/__tests__/verify-loop.test.ts[2m > [22m[2mREQ-CFA-043 — per-receiver Map + persisted per-relay DropAccumulator across >=2 rounds[2m > [22m[2ma SINGLE-receiver drop is NOT correlated (k=2 SECONDARY signal not met) even above budget
[22m[39m{"timestamp":"2026-06-20T06:22:08.573Z","level":"INFO","source":"frontend","module":"webrtc/sframe-transform","message":"encrypted frame","context":{"kid":9,"ctr":5,"byteLength":62,"codecOffset":10}}

[90mstdout[2m | apps/validator-daemon/src/canary/__tests__/verify-loop.test.ts[2m > [22m[2mREQ-CFA-043 — per-receiver Map + persisted per-relay DropAccumulator across >=2 rounds[2m > [22m[2ma SINGLE-receiver drop is NOT correlated (k=2 SECONDARY signal not met) even above budget
[22m[39m{"timestamp":"2026-06-20T06:22:08.573Z","level":"INFO","source":"frontend","module":"webrtc/sframe-transform","message":"encrypted frame","context":{"kid":9,"ctr":6,"byteLength":62,"codecOffset":10}}

[90mstdout[2m | apps/validator-daemon/src/canary/__tests__/verify-loop.test.ts[2m > [22m[2mREQ-CFA-043 — per-receiver Map + persisted per-relay DropAccumulator across >=2 rounds[2m > [22m[2ma SINGLE-receiver drop is NOT correlated (k=2 SECONDARY signal not met) even above budget
[22m[39m{"timestamp":"2026-06-20T06:22:08.574Z","level":"INFO","source":"frontend","module":"webrtc/sframe-transform","message":"encrypted frame","context":{"kid":9,"ctr":7,"byteLength":62,"codecOffset":10}}

{"level":30,"time":1781936528574,"pid":3780,"hostname":"Quang","name":"canary/verifier","canaryKid":9,"mediaPackets":8,"byteIdentical":8,"divergences":0,"msg":"canary forwarding verified"}
{"level":30,"time":1781936528574,"pid":3780,"hostname":"Quang","name":"canary/loss-classifier","relayMinerId":"relay-under-audit","promoted":0,"absorbed":1,"tampers":0,"cumulativeCrossed":true,"msg":"canary divergences classified (drop gate / tamper p=1)"}
{"level":30,"time":1781936528574,"pid":3780,"hostname":"Quang","name":"canary/verify-loop","round":5,"relayMinerId":"relay-under-audit","roomId":"verify-loop-room","perReceiver":2,"promoted":0,"absorbed":1,"stunLossBps":"0","msg":"canary verify round classified (hermetic half — synthetic capture, STUN read live)"}
[90mstdout[2m | apps/validator-daemon/src/canary/__tests__/verify-loop.test.ts[2m > [22m[2mREQ-CFA-043 — per-receiver Map + persisted per-relay DropAccumulator across >=2 rounds[2m > [22m[2ma SINGLE-receiver drop is NOT correlated (k=2 SECONDARY signal not met) even above budget
[22m[39m{"timestamp":"2026-06-20T06:22:08.575Z","level":"INFO","source":"frontend","module":"webrtc/sframe-transform","message":"encrypted frame","context":{"kid":9,"ctr":0,"byteLength":62,"codecOffset":10}}

[90mstdout[2m | apps/validator-daemon/src/canary/__tests__/verify-loop.test.ts[2m > [22m[2mREQ-CFA-043 — per-receiver Map + persisted per-relay DropAccumulator across >=2 rounds[2m > [22m[2ma SINGLE-receiver drop is NOT correlated (k=2 SECONDARY signal not met) even above budget
[22m[39m{"timestamp":"2026-06-20T06:22:08.576Z","level":"INFO","source":"frontend","module":"webrtc/sframe-transform","message":"encrypted frame","context":{"kid":9,"ctr":1,"byteLength":62,"codecOffset":10}}

[90mstdout[2m | apps/validator-daemon/src/canary/__tests__/verify-loop.test.ts[2m > [22m[2mREQ-CFA-043 — per-receiver Map + persisted per-relay DropAccumulator across >=2 rounds[2m > [22m[2ma SINGLE-receiver drop is NOT correlated (k=2 SECONDARY signal not met) even above budget
[22m[39m{"timestamp":"2026-06-20T06:22:08.576Z","level":"INFO","source":"frontend","module":"webrtc/sframe-transform","message":"encrypted frame","context":{"kid":9,"ctr":2,"byteLength":62,"codecOffset":10}}

[90mstdout[2m | apps/validator-daemon/src/canary/__tests__/verify-loop.test.ts[2m > [22m[2mREQ-CFA-043 — per-receiver Map + persisted per-relay DropAccumulator across >=2 rounds[2m > [22m[2ma SINGLE-receiver drop is NOT correlated (k=2 SECONDARY signal not met) even above budget
[22m[39m{"timestamp":"2026-06-20T06:22:08.577Z","level":"INFO","source":"frontend","module":"webrtc/sframe-transform","message":"encrypted frame","context":{"kid":9,"ctr":3,"byteLength":62,"codecOffset":10}}

[90mstdout[2m | apps/validator-daemon/src/canary/__tests__/verify-loop.test.ts[2m > [22m[2mREQ-CFA-043 — per-receiver Map + persisted per-relay DropAccumulator across >=2 rounds[2m > [22m[2ma SINGLE-receiver drop is NOT correlated (k=2 SECONDARY signal not met) even above budget
[22m[39m{"timestamp":"2026-06-20T06:22:08.577Z","level":"INFO","source":"frontend","module":"webrtc/sframe-transform","message":"encrypted frame","context":{"kid":9,"ctr":4,"byteLength":62,"codecOffset":10}}

[90mstdout[2m | apps/validator-daemon/src/canary/__tests__/verify-loop.test.ts[2m > [22m[2mREQ-CFA-043 — per-receiver Map + persisted per-relay DropAccumulator across >=2 rounds[2m > [22m[2ma SINGLE-receiver drop is NOT correlated (k=2 SECONDARY signal not met) even above budget
[22m[39m{"timestamp":"2026-06-20T06:22:08.577Z","level":"INFO","source":"frontend","module":"webrtc/sframe-transform","message":"encrypted frame","context":{"kid":9,"ctr":6,"byteLength":62,"codecOffset":10}}

[90mstdout[2m | apps/validator-daemon/src/canary/__tests__/verify-loop.test.ts[2m > [22m[2mREQ-CFA-043 — per-receiver Map + persisted per-relay DropAccumulator across >=2 rounds[2m > [22m[2ma SINGLE-receiver drop is NOT correlated (k=2 SECONDARY signal not met) even above budget
[22m[39m{"timestamp":"2026-06-20T06:22:08.578Z","level":"INFO","source":"frontend","module":"webrtc/sframe-transform","message":"encrypted frame","context":{"kid":9,"ctr":7,"byteLength":62,"codecOffset":10}}

[90mstdout[2m | apps/validator-daemon/src/canary/__tests__/verify-loop.test.ts[2m > [22m[2mREQ-CFA-043 — per-receiver Map + persisted per-relay DropAccumulator across >=2 rounds[2m > [22m[2ma SINGLE-receiver drop is NOT correlated (k=2 SECONDARY signal not met) even above budget
[22m[39m{"timestamp":"2026-06-20T06:22:08.578Z","level":"INFO","source":"frontend","module":"webrtc/sframe-transform","message":"encrypted frame","context":{"kid":9,"ctr":0,"byteLength":62,"codecOffset":10}}

[90mstdout[2m | apps/validator-daemon/src/canary/__tests__/verify-loop.test.ts[2m > [22m[2mREQ-CFA-043 — per-receiver Map + persisted per-relay DropAccumulator across >=2 rounds[2m > [22m[2ma SINGLE-receiver drop is NOT correlated (k=2 SECONDARY signal not met) even above budget
[22m[39m{"timestamp":"2026-06-20T06:22:08.578Z","level":"INFO","source":"frontend","module":"webrtc/sframe-transform","message":"encrypted frame","context":{"kid":9,"ctr":1,"byteLength":62,"codecOffset":10}}

[90mstdout[2m | apps/validator-daemon/src/canary/__tests__/verify-loop.test.ts[2m > [22m[2mREQ-CFA-043 — per-receiver Map + persisted per-relay DropAccumulator across >=2 rounds[2m > [22m[2ma SINGLE-receiver drop is NOT correlated (k=2 SECONDARY signal not met) even above budget
[22m[39m{"timestamp":"2026-06-20T06:22:08.579Z","level":"INFO","source":"frontend","module":"webrtc/sframe-transform","message":"encrypted frame","context":{"kid":9,"ctr":2,"byteLength":62,"codecOffset":10}}

[90mstdout[2m | apps/validator-daemon/src/canary/__tests__/verify-loop.test.ts[2m > [22m[2mREQ-CFA-043 — per-receiver Map + persisted per-relay DropAccumulator across >=2 rounds[2m > [22m[2ma SINGLE-receiver drop is NOT correlated (k=2 SECONDARY signal not met) even above budget
[22m[39m{"timestamp":"2026-06-20T06:22:08.579Z","level":"INFO","source":"frontend","module":"webrtc/sframe-transform","message":"encrypted frame","context":{"kid":9,"ctr":3,"byteLength":62,"codecOffset":10}}

[90mstdout[2m | apps/validator-daemon/src/canary/__tests__/verify-loop.test.ts[2m > [22m[2mREQ-CFA-043 — per-receiver Map + persisted per-relay DropAccumulator across >=2 rounds[2m > [22m[2ma SINGLE-receiver drop is NOT correlated (k=2 SECONDARY signal not met) even above budget
[22m[39m{"timestamp":"2026-06-20T06:22:08.579Z","level":"INFO","source":"frontend","module":"webrtc/sframe-transform","message":"encrypted frame","context":{"kid":9,"ctr":4,"byteLength":62,"codecOffset":10}}

[90mstdout[2m | apps/validator-daemon/src/canary/__tests__/verify-loop.test.ts[2m > [22m[2mREQ-CFA-043 — per-receiver Map + persisted per-relay DropAccumulator across >=2 rounds[2m > [22m[2ma SINGLE-receiver drop is NOT correlated (k=2 SECONDARY signal not met) even above budget
[22m[39m{"timestamp":"2026-06-20T06:22:08.580Z","level":"INFO","source":"frontend","module":"webrtc/sframe-transform","message":"encrypted frame","context":{"kid":9,"ctr":5,"byteLength":62,"codecOffset":10}}

[90mstdout[2m | apps/validator-daemon/src/canary/__tests__/verify-loop.test.ts[2m > [22m[2mREQ-CFA-043 — per-receiver Map + persisted per-relay DropAccumulator across >=2 rounds[2m > [22m[2ma SINGLE-receiver drop is NOT correlated (k=2 SECONDARY signal not met) even above budget
[22m[39m{"timestamp":"2026-06-20T06:22:08.580Z","level":"INFO","source":"frontend","module":"webrtc/sframe-transform","message":"encrypted frame","context":{"kid":9,"ctr":6,"byteLength":62,"codecOffset":10}}

[90mstdout[2m | apps/validator-daemon/src/canary/__tests__/verify-loop.test.ts[2m > [22m[2mREQ-CFA-043 — per-receiver Map + persisted per-relay DropAccumulator across >=2 rounds[2m > [22m[2ma SINGLE-receiver drop is NOT correlated (k=2 SECONDARY signal not met) even above budget
[22m[39m{"timestamp":"2026-06-20T06:22:08.580Z","level":"INFO","source":"frontend","module":"webrtc/sframe-transform","message":"encrypted frame","context":{"kid":9,"ctr":7,"byteLength":62,"codecOffset":10}}

[90mstdout[2m | apps/validator-daemon/src/canary/__tests__/verify-loop.test.ts[2m > [22m[2mREQ-CFA-043 — per-receiver Map + persisted per-relay DropAccumulator across >=2 rounds[2m > [22m[2ma SINGLE-receiver drop is NOT correlated (k=2 SECONDARY signal not met) even above budget
[22m[39m{"timestamp":"2026-06-20T06:22:08.581Z","level":"INFO","source":"frontend","module":"webrtc/sframe-transform","message":"encrypted frame","context":{"kid":9,"ctr":0,"byteLength":62,"codecOffset":10}}

[90mstdout[2m | apps/validator-daemon/src/canary/__tests__/verify-loop.test.ts[2m > [22m[2mREQ-CFA-043 — per-receiver Map + persisted per-relay DropAccumulator across >=2 rounds[2m > [22m[2ma SINGLE-receiver drop is NOT correlated (k=2 SECONDARY signal not met) even above budget
[22m[39m{"timestamp":"2026-06-20T06:22:08.581Z","level":"INFO","source":"frontend","module":"webrtc/sframe-transform","message":"encrypted frame","context":{"kid":9,"ctr":1,"byteLength":62,"codecOffset":10}}

[90mstdout[2m | apps/validator-daemon/src/canary/__tests__/verify-loop.test.ts[2m > [22m[2mREQ-CFA-043 — per-receiver Map + persisted per-relay DropAccumulator across >=2 rounds[2m > [22m[2ma SINGLE-receiver drop is NOT correlated (k=2 SECONDARY signal not met) even above budget
[22m[39m{"timestamp":"2026-06-20T06:22:08.582Z","level":"INFO","source":"frontend","module":"webrtc/sframe-transform","message":"encrypted frame","context":{"kid":9,"ctr":2,"byteLength":62,"codecOffset":10}}

[90mstdout[2m | apps/validator-daemon/src/canary/__tests__/verify-loop.test.ts[2m > [22m[2mREQ-CFA-043 — per-receiver Map + persisted per-relay DropAccumulator across >=2 rounds[2m > [22m[2ma SINGLE-receiver drop is NOT correlated (k=2 SECONDARY signal not met) even above budget
[22m[39m{"timestamp":"2026-06-20T06:22:08.582Z","level":"INFO","source":"frontend","module":"webrtc/sframe-transform","message":"encrypted frame","context":{"kid":9,"ctr":3,"byteLength":62,"codecOffset":10}}

[90mstdout[2m | apps/validator-daemon/src/canary/__tests__/verify-loop.test.ts[2m > [22m[2mREQ-CFA-043 — per-receiver Map + persisted per-relay DropAccumulator across >=2 rounds[2m > [22m[2ma SINGLE-receiver drop is NOT correlated (k=2 SECONDARY signal not met) even above budget
[22m[39m{"timestamp":"2026-06-20T06:22:08.583Z","level":"INFO","source":"frontend","module":"webrtc/sframe-transform","message":"encrypted frame","context":{"kid":9,"ctr":4,"byteLength":62,"codecOffset":10}}

[90mstdout[2m | apps/validator-daemon/src/canary/__tests__/verify-loop.test.ts[2m > [22m[2mREQ-CFA-043 — per-receiver Map + persisted per-relay DropAccumulator across >=2 rounds[2m > [22m[2ma SINGLE-receiver drop is NOT correlated (k=2 SECONDARY signal not met) even above budget
[22m[39m{"timestamp":"2026-06-20T06:22:08.583Z","level":"INFO","source":"frontend","module":"webrtc/sframe-transform","message":"encrypted frame","context":{"kid":9,"ctr":5,"byteLength":62,"codecOffset":10}}

[90mstdout[2m | apps/validator-daemon/src/canary/__tests__/verify-loop.test.ts[2m > [22m[2mREQ-CFA-043 — per-receiver Map + persisted per-relay DropAccumulator across >=2 rounds[2m > [22m[2ma SINGLE-receiver drop is NOT correlated (k=2 SECONDARY signal not met) even above budget
[22m[39m{"timestamp":"2026-06-20T06:22:08.584Z","level":"INFO","source":"frontend","module":"webrtc/sframe-transform","message":"encrypted frame","context":{"kid":9,"ctr":6,"byteLength":62,"codecOffset":10}}

[90mstdout[2m | apps/validator-daemon/src/canary/__tests__/verify-loop.test.ts[2m > [22m[2mREQ-CFA-043 — per-receiver Map + persisted per-relay DropAccumulator across >=2 rounds[2m > [22m[2ma SINGLE-receiver drop is NOT correlated (k=2 SECONDARY signal not met) even above budget
[22m[39m{"timestamp":"2026-06-20T06:22:08.584Z","level":"INFO","source":"frontend","module":"webrtc/sframe-transform","message":"encrypted frame","context":{"kid":9,"ctr":7,"byteLength":62,"codecOffset":10}}

{"level":30,"time":1781936528584,"pid":3780,"hostname":"Quang","name":"canary/verifier","canaryKid":9,"mediaPackets":7,"byteIdentical":7,"divergences":1,"msg":"canary forwarding verified"}
[90mstdout[2m | apps/validator-daemon/src/canary/__tests__/verify-loop.test.ts[2m > [22m[2mREQ-CFA-043 — per-receiver Map + persisted per-relay DropAccumulator across >=2 rounds[2m > [22m[2ma SINGLE-receiver drop is NOT correlated (k=2 SECONDARY signal not met) even above budget
[22m[39m{"timestamp":"2026-06-20T06:22:08.585Z","level":"INFO","source":"frontend","module":"webrtc/sframe-transform","message":"encrypted frame","context":{"kid":9,"ctr":0,"byteLength":62,"codecOffset":10}}

[90mstdout[2m | apps/validator-daemon/src/canary/__tests__/verify-loop.test.ts[2m > [22m[2mREQ-CFA-043 — per-receiver Map + persisted per-relay DropAccumulator across >=2 rounds[2m > [22m[2ma SINGLE-receiver drop is NOT correlated (k=2 SECONDARY signal not met) even above budget
[22m[39m{"timestamp":"2026-06-20T06:22:08.585Z","level":"INFO","source":"frontend","module":"webrtc/sframe-transform","message":"encrypted frame","context":{"kid":9,"ctr":1,"byteLength":62,"codecOffset":10}}

[90mstdout[2m | apps/validator-daemon/src/canary/__tests__/verify-loop.test.ts[2m > [22m[2mREQ-CFA-043 — per-receiver Map + persisted per-relay DropAccumulator across >=2 rounds[2m > [22m[2ma SINGLE-receiver drop is NOT correlated (k=2 SECONDARY signal not met) even above budget
[22m[39m{"timestamp":"2026-06-20T06:22:08.586Z","level":"INFO","source":"frontend","module":"webrtc/sframe-transform","message":"encrypted frame","context":{"kid":9,"ctr":2,"byteLength":62,"codecOffset":10}}

[90mstdout[2m | apps/validator-daemon/src/canary/__tests__/verify-loop.test.ts[2m > [22m[2mREQ-CFA-043 — per-receiver Map + persisted per-relay DropAccumulator across >=2 rounds[2m > [22m[2ma SINGLE-receiver drop is NOT correlated (k=2 SECONDARY signal not met) even above budget
[22m[39m{"timestamp":"2026-06-20T06:22:08.586Z","level":"INFO","source":"frontend","module":"webrtc/sframe-transform","message":"encrypted frame","context":{"kid":9,"ctr":3,"byteLength":62,"codecOffset":10}}

[90mstdout[2m | apps/validator-daemon/src/canary/__tests__/verify-loop.test.ts[2m > [22m[2mREQ-CFA-043 — per-receiver Map + persisted per-relay DropAccumulator across >=2 rounds[2m > [22m[2ma SINGLE-receiver drop is NOT correlated (k=2 SECONDARY signal not met) even above budget
[22m[39m{"timestamp":"2026-06-20T06:22:08.587Z","level":"INFO","source":"frontend","module":"webrtc/sframe-transform","message":"encrypted frame","context":{"kid":9,"ctr":4,"byteLength":62,"codecOffset":10}}

[90mstdout[2m | apps/validator-daemon/src/canary/__tests__/verify-loop.test.ts[2m > [22m[2mREQ-CFA-043 — per-receiver Map + persisted per-relay DropAccumulator across >=2 rounds[2m > [22m[2ma SINGLE-receiver drop is NOT correlated (k=2 SECONDARY signal not met) even above budget
[22m[39m{"timestamp":"2026-06-20T06:22:08.587Z","level":"INFO","source":"frontend","module":"webrtc/sframe-transform","message":"encrypted frame","context":{"kid":9,"ctr":5,"byteLength":62,"codecOffset":10}}

[90mstdout[2m | apps/validator-daemon/src/canary/__tests__/verify-loop.test.ts[2m > [22m[2mREQ-CFA-043 — per-receiver Map + persisted per-relay DropAccumulator across >=2 rounds[2m > [22m[2ma SINGLE-receiver drop is NOT correlated (k=2 SECONDARY signal not met) even above budget
[22m[39m{"timestamp":"2026-06-20T06:22:08.587Z","level":"INFO","source":"frontend","module":"webrtc/sframe-transform","message":"encrypted frame","context":{"kid":9,"ctr":6,"byteLength":62,"codecOffset":10}}

[90mstdout[2m | apps/validator-daemon/src/canary/__tests__/verify-loop.test.ts[2m > [22m[2mREQ-CFA-043 — per-receiver Map + persisted per-relay DropAccumulator across >=2 rounds[2m > [22m[2ma SINGLE-receiver drop is NOT correlated (k=2 SECONDARY signal not met) even above budget
[22m[39m{"timestamp":"2026-06-20T06:22:08.588Z","level":"INFO","source":"frontend","module":"webrtc/sframe-transform","message":"encrypted frame","context":{"kid":9,"ctr":7,"byteLength":62,"codecOffset":10}}

{"level":30,"time":1781936528588,"pid":3780,"hostname":"Quang","name":"canary/verifier","canaryKid":9,"mediaPackets":8,"byteIdentical":8,"divergences":0,"msg":"canary forwarding verified"}
{"level":30,"time":1781936528588,"pid":3780,"hostname":"Quang","name":"canary/loss-classifier","relayMinerId":"relay-under-audit","promoted":0,"absorbed":1,"tampers":0,"cumulativeCrossed":true,"msg":"canary divergences classified (drop gate / tamper p=1)"}
{"level":30,"time":1781936528588,"pid":3780,"hostname":"Quang","name":"canary/verify-loop","round":6,"relayMinerId":"relay-under-audit","roomId":"verify-loop-room","perReceiver":2,"promoted":0,"absorbed":1,"stunLossBps":"0","msg":"canary verify round classified (hermetic half — synthetic capture, STUN read live)"}
{"level":30,"time":1781936528589,"pid":3780,"hostname":"Quang","name":"canary/verify-loop","intervalMs":1000000,"msg":"canary verify loop started (hermetic half)"}
{"level":50,"time":1781936528589,"pid":3780,"hostname":"Quang","name":"canary/verify-loop","err":{"type":"Error","message":"synthetic capture failure (first round)","stack":"Error: synthetic capture failure (first round)\n    at Object.capture (C:\\Thesis\\dvconf\\dvconf-daemons\\apps\\validator-daemon\\src\\canary\\__tests__\\verify-loop.test.ts:295:32)\n    at runCanaryVerifyRound (C:\\Thesis\\dvconf\\dvconf-daemons\\apps\\validator-daemon\\src\\canary\\verify-loop.ts:189:28)\n    at runOnce (C:\\Thesis\\dvconf\\dvconf-daemons\\apps\\validator-daemon\\src\\canary\\verify-loop.ts:292:25)\n    at tick (C:\\Thesis\\dvconf\\dvconf-daemons\\apps\\validator-daemon\\src\\canary\\verify-loop.ts:308:16)\n    at startCanaryVerifyLoop (C:\\Thesis\\dvconf\\dvconf-daemons\\apps\\validator-daemon\\src\\canary\\verify-loop.ts:314:3)\n    at C:\\Thesis\\dvconf\\dvconf-daemons\\apps\\validator-daemon\\src\\canary\\__tests__\\verify-loop.test.ts:323:20\n    at file:///C:/Thesis/dvconf/dvconf-daemons/node_modules/.pnpm/@vitest+runner@3.2.4/node_modules/@vitest/runner/dist/chunk-hooks.js:155:11\n    at file:///C:/Thesis/dvconf/dvconf-daemons/node_modules/.pnpm/@vitest+runner@3.2.4/node_modules/@vitest/runner/dist/chunk-hooks.js:752:26\n    at file:///C:/Thesis/dvconf/dvconf-daemons/node_modules/.pnpm/@vitest+runner@3.2.4/node_modules/@vitest/runner/dist/chunk-hooks.js:1897:20\n    at new Promise (<anonymous>)"},"round":0,"msg":"canary verify round failed (loop continues)"}
[90mstdout[2m | apps/validator-daemon/src/canary/__tests__/verify-loop.test.ts[2m > [22m[2mREQ-CFA-042 — startCanaryVerifyLoop survives a thrown round (crash-safe)[2m > [22m[2ma capture that throws on the FIRST round does NOT stop the next round from running
[22m[39m{"timestamp":"2026-06-20T06:22:08.596Z","level":"INFO","source":"frontend","module":"webrtc/sframe-transform","message":"encrypted frame","context":{"kid":9,"ctr":0,"byteLength":62,"codecOffset":10}}

[90mstdout[2m | apps/validator-daemon/src/canary/__tests__/verify-loop.test.ts[2m > [22m[2mREQ-CFA-042 — startCanaryVerifyLoop survives a thrown round (crash-safe)[2m > [22m[2ma capture that throws on the FIRST round does NOT stop the next round from running
[22m[39m{"timestamp":"2026-06-20T06:22:08.596Z","level":"INFO","source":"frontend","module":"webrtc/sframe-transform","message":"encrypted frame","context":{"kid":9,"ctr":1,"byteLength":62,"codecOffset":10}}

[90mstdout[2m | apps/validator-daemon/src/canary/__tests__/verify-loop.test.ts[2m > [22m[2mREQ-CFA-042 — startCanaryVerifyLoop survives a thrown round (crash-safe)[2m > [22m[2ma capture that throws on the FIRST round does NOT stop the next round from running
[22m[39m{"timestamp":"2026-06-20T06:22:08.597Z","level":"INFO","source":"frontend","module":"webrtc/sframe-transform","message":"encrypted frame","context":{"kid":9,"ctr":3,"byteLength":62,"codecOffset":10}}

[90mstdout[2m | apps/validator-daemon/src/canary/__tests__/verify-loop.test.ts[2m > [22m[2mREQ-CFA-042 — startCanaryVerifyLoop survives a thrown round (crash-safe)[2m > [22m[2ma capture that throws on the FIRST round does NOT stop the next round from running
[22m[39m{"timestamp":"2026-06-20T06:22:08.597Z","level":"INFO","source":"frontend","module":"webrtc/sframe-transform","message":"encrypted frame","context":{"kid":9,"ctr":0,"byteLength":62,"codecOffset":10}}

[90mstdout[2m | apps/validator-daemon/src/canary/__tests__/verify-loop.test.ts[2m > [22m[2mREQ-CFA-042 — startCanaryVerifyLoop survives a thrown round (crash-safe)[2m > [22m[2ma capture that throws on the FIRST round does NOT stop the next round from running
[22m[39m{"timestamp":"2026-06-20T06:22:08.598Z","level":"INFO","source":"frontend","module":"webrtc/sframe-transform","message":"encrypted frame","context":{"kid":9,"ctr":1,"byteLength":62,"codecOffset":10}}

[90mstdout[2m | apps/validator-daemon/src/canary/__tests__/verify-loop.test.ts[2m > [22m[2mREQ-CFA-042 — startCanaryVerifyLoop survives a thrown round (crash-safe)[2m > [22m[2ma capture that throws on the FIRST round does NOT stop the next round from running
[22m[39m{"timestamp":"2026-06-20T06:22:08.598Z","level":"INFO","source":"frontend","module":"webrtc/sframe-transform","message":"encrypted frame","context":{"kid":9,"ctr":2,"byteLength":62,"codecOffset":10}}

[90mstdout[2m | apps/validator-daemon/src/canary/__tests__/verify-loop.test.ts[2m > [22m[2mREQ-CFA-042 — startCanaryVerifyLoop survives a thrown round (crash-safe)[2m > [22m[2ma capture that throws on the FIRST round does NOT stop the next round from running
[22m[39m{"timestamp":"2026-06-20T06:22:08.599Z","level":"INFO","source":"frontend","module":"webrtc/sframe-transform","message":"encrypted frame","context":{"kid":9,"ctr":3,"byteLength":62,"codecOffset":10}}

{"level":30,"time":1781936528599,"pid":3780,"hostname":"Quang","name":"canary/verifier","canaryKid":9,"mediaPackets":3,"byteIdentical":3,"divergences":1,"msg":"canary forwarding verified"}
{"level":30,"time":1781936528599,"pid":3780,"hostname":"Quang","name":"canary/loss-classifier","relayMinerId":"relay-under-audit","promoted":0,"absorbed":1,"tampers":0,"cumulativeCrossed":false,"msg":"canary divergences classified (drop gate / tamper p=1)"}
{"level":30,"time":1781936528599,"pid":3780,"hostname":"Quang","name":"canary/verify-loop","round":1,"relayMinerId":"relay-under-audit","roomId":"verify-loop-room","perReceiver":1,"promoted":0,"absorbed":1,"stunLossBps":"0","msg":"canary verify round classified (hermetic half — synthetic capture, STUN read live)"}
[90mstdout[2m | apps/validator-daemon/src/canary/__tests__/verify-loop.test.ts[2m > [22m[2mREQ-CFA-042 — startCanaryVerifyLoop survives a thrown round (crash-safe)[2m > [22m[2ma capture that throws on the FIRST round does NOT stop the next round from running
[22m[39m{"timestamp":"2026-06-20T06:22:08.599Z","level":"INFO","source":"frontend","module":"webrtc/sframe-transform","message":"encrypted frame","context":{"kid":9,"ctr":0,"byteLength":62,"codecOffset":10}}

[90mstdout[2m | apps/validator-daemon/src/canary/__tests__/verify-loop.test.ts[2m > [22m[2mREQ-CFA-042 — startCanaryVerifyLoop survives a thrown round (crash-safe)[2m > [22m[2ma capture that throws on the FIRST round does NOT stop the next round from running
[22m[39m{"timestamp":"2026-06-20T06:22:08.600Z","level":"INFO","source":"frontend","module":"webrtc/sframe-transform","message":"encrypted frame","context":{"kid":9,"ctr":1,"byteLength":62,"codecOffset":10}}

[90mstdout[2m | apps/validator-daemon/src/canary/__tests__/verify-loop.test.ts[2m > [22m[2mREQ-CFA-042 — startCanaryVerifyLoop survives a thrown round (crash-safe)[2m > [22m[2ma capture that throws on the FIRST round does NOT stop the next round from running
[22m[39m{"timestamp":"2026-06-20T06:22:08.600Z","level":"INFO","source":"frontend","module":"webrtc/sframe-transform","message":"encrypted frame","context":{"kid":9,"ctr":3,"byteLength":62,"codecOffset":10}}

[90mstdout[2m | apps/validator-daemon/src/canary/__tests__/verify-loop.test.ts[2m > [22m[2mREQ-CFA-042 — startCanaryVerifyLoop survives a thrown round (crash-safe)[2m > [22m[2ma capture that throws on the FIRST round does NOT stop the next round from running
[22m[39m{"timestamp":"2026-06-20T06:22:08.601Z","level":"INFO","source":"frontend","module":"webrtc/sframe-transform","message":"encrypted frame","context":{"kid":9,"ctr":0,"byteLength":62,"codecOffset":10}}

[90mstdout[2m | apps/validator-daemon/src/canary/__tests__/verify-loop.test.ts[2m > [22m[2mREQ-CFA-042 — startCanaryVerifyLoop survives a thrown round (crash-safe)[2m > [22m[2ma capture that throws on the FIRST round does NOT stop the next round from running
[22m[39m{"timestamp":"2026-06-20T06:22:08.601Z","level":"INFO","source":"frontend","module":"webrtc/sframe-transform","message":"encrypted frame","context":{"kid":9,"ctr":1,"byteLength":62,"codecOffset":10}}

[90mstdout[2m | apps/validator-daemon/src/canary/__tests__/verify-loop.test.ts[2m > [22m[2mREQ-CFA-042 — startCanaryVerifyLoop survives a thrown round (crash-safe)[2m > [22m[2ma capture that throws on the FIRST round does NOT stop the next round from running
[22m[39m{"timestamp":"2026-06-20T06:22:08.602Z","level":"INFO","source":"frontend","module":"webrtc/sframe-transform","message":"encrypted frame","context":{"kid":9,"ctr":2,"byteLength":62,"codecOffset":10}}

[90mstdout[2m | apps/validator-daemon/src/canary/__tests__/verify-loop.test.ts[2m > [22m[2mREQ-CFA-042 — startCanaryVerifyLoop survives a thrown round (crash-safe)[2m > [22m[2ma capture that throws on the FIRST round does NOT stop the next round from running
[22m[39m{"timestamp":"2026-06-20T06:22:08.602Z","level":"INFO","source":"frontend","module":"webrtc/sframe-transform","message":"encrypted frame","context":{"kid":9,"ctr":3,"byteLength":62,"codecOffset":10}}

{"level":30,"time":1781936528602,"pid":3780,"hostname":"Quang","name":"canary/verifier","canaryKid":9,"mediaPackets":3,"byteIdentical":3,"divergences":1,"msg":"canary forwarding verified"}
{"level":30,"time":1781936528602,"pid":3780,"hostname":"Quang","name":"canary/loss-classifier","relayMinerId":"relay-under-audit","promoted":0,"absorbed":1,"tampers":0,"cumulativeCrossed":false,"msg":"canary divergences classified (drop gate / tamper p=1)"}
{"level":30,"time":1781936528602,"pid":3780,"hostname":"Quang","name":"canary/verify-loop","round":2,"relayMinerId":"relay-under-audit","roomId":"verify-loop-room","perReceiver":1,"promoted":0,"absorbed":1,"stunLossBps":"0","msg":"canary verify round classified (hermetic half — synthetic capture, STUN read live)"}
{"level":30,"time":1781936528602,"pid":3780,"hostname":"Quang","name":"canary/verify-loop","msg":"canary verify loop stopped"}
 [32m✓[39m apps/validator-daemon/src/canary/__tests__/verify-loop.test.ts [2m([22m[2m6 tests[22m[2m)[22m[33m 1234[2mms[22m[39m
   [33m[2m✓[22m[39m REQ-CFA-042 — state.relayStunLossBps is READ as the classifier stunPacketLossBps arg[2m > [22ma HIGH STUN prior ABSORBS a drop that a ZERO STUN prior PROMOTES (same accumulator history) [33m 792[2mms[22m[39m
 [32m✓[39m apps/validator-daemon/src/__tests__/graceful-shutdown-wiring.test.ts [2m([22m[2m7 tests[22m[2m)[22m[32m 11[2mms[22m[39m

[2m Test Files [22m [1m[32m26 passed[39m[22m[90m (26)[39m
[2m      Tests [22m [1m[32m170 passed[39m[22m[90m (170)[39m
[2m   Start at [22m 13:22:04
[2m   Duration [22m 4.78s[2m (transform 4.37s, setup 0ms, collect 45.06s, tests 3.03s, environment 10ms, prepare 7.87s)[22m

